unit_srch_text,unit_display_name,gl_unit_id
20' Containeru,20' Container,1
20ft container,20' Container,1
20 FEET CONTAINER,20' Container,1
20' container,20' Container,1
20' Container,20' Container,1
20' Container(s),20' Container,1
20 FT CONTAINER,20' Container,1
20FT CONTAINER,20' Container,1
20' CONTAINER,20' Container,1
20'' Container(s),20' Container,1
20' Container2,20' Container,1
20' CONTAINER(S),20' Container,1
20 CONTAINER,20' Container,1
40 FEET CONTAINER,40' Container,2
40' container,40' Container,2
40' Container,40' Container,2
40' Container(s),40' Container,2
40f container,40' Container,2
40ft container,40' Container,2
40' CONTAINER(S),40' Container,2
40' CONTAINER,40' Container,2
40'' Container(s),40' Container,2
40FT CONTAINER,40' Container,2
40 CONTAINER,40' Container,2
1 BAG FOR EACH BRAND,Bag,3
1BAG,Bag,3
25 KG BAG,Bag,3
ONE BAG,Bag,3
1 bags,Bag,3
Bags,Bag,3
Bag,Bag,3
per bag,Bag,3
40 Kg bag,Bag,3
One bag,Bag,3
25 kg bag,Bag,3
40kg bag,Bag,3
Bag(s),Bag,3
30kg bag,Bag,3
1bag,Bag,3
24 kgs bag,Bag,3
1 bag,Bag,3
1/bag,Bag,3
Bag FOR,Bag,3
Bag/Bags,Bag,3
Per Bags,Bag,3
25 Kg. Bag,Bag,3
25 kgs bag,Bag,3
10 bag,Bag,3
150Bag,Bag,3
200Bag,Bag,3
20bags,Bag,3
30 Kilogram Bag,Bag,3
Above Bag,Bag,3
Bag powr,Bag,3
Bag (s),Bag,3
Bag Each Spices,Bag,3
Bag For Each,Bag,3
Bag In Each Type Of Pulses,Bag,3
Bag Of Each Brand,Bag,3
Bag Of Each Quality,Bag,3
Bag Of Each Variety,Bag,3
Bag ppc,Bag,3
Bag(,Bag,3
Bag(1,Bag,3
Bag(1s),Bag,3
Bag(200s),Bag,3
Bag(600s),Bag,3
Bag(kate),Bag,3
Bag(s,Bag,3
Bag(s)1,Bag,3
Bag(s)bags,Bag,3
Bag),Bag,3
Bag1,Bag,3
Bags Of Each,Bag,3
Bags),Bag,3
beg,Bag,3
begs,Bag,3
Each Bag,Bag,3
Each Of Bags,Bag,3
1 bag,Bag,3
Bori,Bag,3
Bora,Bag,3
Bore,Bag,3
Katta,Bag,3
Katte,Bag,3
BAG OF EACH,Bag,3
BAG EACH,Bag,3
BAG,Bag,3
BAG(S),Bag,3
BAGS,Bag,3
1 BARREL,Barrel,4
Bareel,Barrel,4
Barells,Barrel,4
Bari,Barrel,4
BARREL,Barrel,4
BARREL(S),Barrel,4
Barrel/Barrels,Barrel,4
BARRELS,Barrel,4
Barrels Of Each Item,Barrel,4
beral,Barrel,4
Berral,Barrel,4
Berrals,Barrel,4
Berrel,Barrel,4
Per barrel,Barrel,4
Per Barrel of 10 Kg,Barrel,4
Barrels,Barrel,4
Barrel,Barrel,4
Barrel(s),Barrel,4
1 barrel,Barrel,4
Barel,Barrel,4
Berel,Barrel,4
Berl,Barrel,4
1BOTTLE,Bottle,5
BOTTEL,Bottle,5
BOTTLE EACH,Bottle,5
BOTTLE OF EACH,Bottle,5
BOTTE,Bottle,5
BOTTELS,Bottle,5
BOTTLE,Bottle,5
BOTTLE(S),Bottle,5
BOTTLES,Bottle,5
BOTTTLE,Bottle,5
1 EACH BOTTLE,Bottle,5
EACH BOTTLE,Bottle,5
1 BOTTLE,Bottle,5
4 BOTTLES,Bottle,5
01 BOTTLE,Bottle,5
1 bottal,Bottle,5
1 bottel,Bottle,5
1 bottle,Bottle,5
Bottle,Bottle,5
per bottle,Bottle,5
1000 Bottles,Bottle,5
12 Bottle,Bottle,5
12 Bottles,Bottle,5
120 ml bottle,Bottle,5
Bottles,Bottle,5
one Bottle,Bottle,5
30 ml Bottle,Bottle,5
35 ml Bottle,Bottle,5
50 ml Bottle,Bottle,5
Bottle(s),Bottle,5
Bottle 100ml,Bottle,5
Bottle 50ML,Bottle,5
Bottle of 100 ml,Bottle,5
Bottle(60 ml),Bottle,5
Botte,Bottle,5
per 120 ml bottle,Bottle,5
1 BOTTL (6 ML APX.),Bottle,5
100ml Bott,Bottle,5
100ml bottle,Bottle,5
10ML BOTTEL,Bottle,5
10ml /Bottle,Bottle,5
10ML BOTTEL,Bottle,5
10/bottle,Bottle,5
100 ml bottle,Bottle,5
100/bottle,Bottle,5
30 Ml Bottle Pack,Bottle,5
473ml Bottle,Bottle,5
1 PER BOTTLE,Bottle,5
1bottle,Bottle,5
Each Bottle,Bottle,5
PER BOTTLES,Bottle,5
Bottle 25ml,Bottle,5
Bottle of 60 Tab,Bottle,5
per bottle of 60 tablets,Bottle,5
1 BOTL,Bottle,5
1 botle,Bottle,5
1 bott;le,Bottle,5
1 BOTTELE,Bottle,5
1 bottels,Bottle,5
1 bottle ( 60 Tab),Bottle,5
1 bottle 100 capsules,Bottle,5
1 bottle of 28 Tablets,Bottle,5
1 Bottle Pack,Bottle,5
bottels,Bottle,5
20gm bottle,Bottle,5
100gm bottle,Bottle,5
2 bottle,Bottle,5
8/bottle,Bottle,5
4 bottles,Bottle,5
50ml bottle,Bottle,5
28 tab bottle,Bottle,5
Bottle of 500ml,Bottle,5
#Bottle(s),Bottle,5
1Bottle(s),Bottle,5
4 bottle,Bottle,5
Botal,Bottle,5
botel,Bottle,5
Botle(s),Bottle,5
Botle(s)sample,Bottle,5
Botlle,Bottle,5
Bott,Bottle,5
bottal,Bottle,5
Botte(s),Bottle,5
Bottel Each,Bottle,5
Bottke,Bottle,5
Bottl,Bottle,5
Bottl(s),Bottle,5
Bottl12e(s),Bottle,5
Bottl20 cap e(s),Bottle,5
Bottle (ML),Bottle,5
Bottle 1000 ml,Bottle,5
Bottle Each Material,Bottle,5
Bottle Each Type,Bottle,5
Bottle In Each,Bottle,5
Bottle l,Bottle,5
Bottle Of Each Item,Bottle,5
Bottle Per Each,Bottle,5
Bottle(,Bottle,5
Bottle( bottle ),Bottle,5
Bottle(),Bottle,5
Bottle(1,Bottle,5
Bottle(1),Bottle,5
Bottle(1s),Bottle,5
Bottle(2),Bottle,5
Bottle(2s),Bottle,5
Bottle(4s),Bottle,5
Bottle(L),Bottle,5
Bottle(ps),Bottle,5
Bottle(s,Bottle,5
Bottle(s) shaket,Bottle,5
Bottle(s) tru shine,Bottle,5
Bottle(s)01,Bottle,5
Bottle(s)1,Bottle,5
Bottle(s1),Bottle,5
Bottle(sml),Bottle,5
Bottle(sShite),Bottle,5
Bottle),Bottle,5
Bottle1(s),Bottle,5
Bottle10(s),Bottle,5
Bottled (s),Bottle,5
Bottlekilawy,Bottle,5
Bottles Of Each,Bottle,5
Bottles Of Each Defined,Bottle,5
Bottles(s),Bottle,5
Bottles),Bottle,5
Bottlle(s),Bottle,5
Bottlrs,Bottle,5
Bottmle(s),Bottle,5
Small Bottles,Bottle,5
Bottle GMS,Bottle,5
500ml bottle,Bottle,5
bottle 500ml,Bottle,5
001 bottle,Bottle,5
caps bottle,Bottle,5
001 Bottle,Bottle,5
Bottle of Tablets,Bottle,5
Bottle Of 500 mL,Bottle,5
250ml bottle,Bottle,5
Bottle of 30 Tablets,Bottle,5
Each Bottles,Bottle,5
Box=36p,Box,6
Box of 4,Box,6
Box of 3,Box,6
Box of 12's,Box,6
Box of 100,Box,6
Box of 10 Pc,Box,6
Box (5000 pcs),Box,6
Box (12 Packets),Box,6
01 BOX,Box,6
Box,Box,6
1 Box,Box,6
per box,Box,6
10 box,Box,6
100 box,Box,6
14 box,Box,6
boxes,Box,6
1Box,Box,6
Box(s),Box,6
box of 100 bottle,Box,6
one box,Box,6
box1,Box,6
200box,Box,6
1 box only,Box,6
1 PC IN 1 BOX,Box,6
1*1 box,Box,6
BOX (ONE),Box,6
BOX PRICE,Box,6
Box(es),Box,6
BOX/6*10,Box,6
Box`,Box,6
Boxe,Box,6
Boxe(s),Box,6
Each Box,Box,6
In Box,Box,6
Per Box(s),Box,6
pex box,Box,6
Box of 24 pieces,Box,6
Box(12 pieces),Box,6
20/box,Box,6
20 packs in this box,Box,6
10x1x4 Box,Box,6
010Box,Box,6
1 box (10 piece),Box,6
1 box (30 satchets),Box,6
1 Box (42 Tablets),Box,6
1 BOX (6 PCS ),Box,6
1 box 9 sachet,Box,6
1 box containing 36 glasses,Box,6
1 box of 10,Box,6
1 box of 10x10,Box,6
1 boxes,Box,6
100box,Box,6
375GMS BOX,Box,6
1 BOX,Box,6
10 BOX,Box,6
1BOX,Box,6
2 BOX,Box,6
BOXS,Box,6
BOX EACH TYPE,Box,6
SMALL BOX,Box,6
BOXES OF EACH,Box,6
BOX,Box,6
BOX(ES),Box,6
BOX.,Box,6
BOXE,Box,6
BOXES,Box,6
1 BOX EACH,Box,6
1 BOX OF EACH BRAND,Box,6
EACH BOX,Box,6
BOX OF EACH,Box,6
100 BOX,Box,6
100BOX,Box,6
ONE BOX,Box,6
PER BOX,Box,6
1Box(es),Box,6
Box For Each,Box,6
Box (s),Box,6
Box ),Box,6
Box . Of Each,Box,6
Box And Above,Box,6
Box Each,Box,6
Box For Each,Box,6
Box In Each Type,Box,6
Box Of Each Brand,Box,6
Box Of Each GSM,Box,6
Box Of Each Medicine,Box,6
Box Of Each Price,Box,6
Box Of Each Products,Box,6
Box Of Each Variety,Box,6
Box Of Per Dose,Box,6
Box one,Box,6
Box Or More,Box,6
Box Per Item,Box,6
Box(),Box,6
Box(1),Box,6
Box(1es),Box,6
Box(black),Box,6
Box(Boxes),Box,6
Box(e,Box,6
Box(e1s),Box,6
Box(es,Box,6
Box(es) 1,Box,6
Box(es) Of Each,Box,6
Box(es)01 paiket,Box,6
Box(es)1,Box,6
Box(es)i,Box,6
Box(es)ome,Box,6
Box(es)one,Box,6
Box(es1),Box,6
Box),Box,6
Box1(es),Box,6
Box20(es),Box,6
Box200(es),Box,6
Box3(es),Box,6
Boxers,Box,6
Boxes Each,Box,6
Boxes For Each,Box,6
Boxes In Each Product,Box,6
Boxes Of Each Item,Box,6
boxes prices,Box,6
Boxes),Box,6
Boxex,Box,6
Boxs),Box,6
Boxt(s),Box,6
Each Boxes,Box,6
Each Of Boxes,Box,6
More Then Box,Box,6
Peti Box,Box,6
Box ( 10 x 10 Tablets ),Box,6
Box(13),Box,6
12 box,Box,6
box,Box,6
Box-s,Box,6
Petty,Box,6
Box.,Box,6
2 box,Box,6
10x10 Box,Box,6
BOX(S),Box,6
1 carat,Carat,8
1carat,Carat,8
4.00 carat,Carat,8
Carat,Carat,8
Carat(s),Carat,8
carats,Carat,8
CARET,Carat,8
CAROT,Carat,8
Carrat,Carat,8
CARROT,Carat,8
Cerot,Carat,8
KARAT,Carat,8
One Carat,Carat,8
Per Carat,Carat,8
Per Carat,Carat,8
per carate,Carat,8
rs. carat,Carat,8
1 carton,Carton,9
1 carton (2 cartridges) o,Carton,9
1 cartoon of 6 box,Carton,9
1 CARTOON OF DIFFERENT VARIETY,Carton,9
1 cartoons,Carton,9
100 carton,Carton,9
100 G CARTON,Carton,9
108 piece in one carton,Carton,9
1carton,Carton,9
Carton,Carton,9
Carton (6X4L),Carton,9
CARTON EACH,Carton,9
Carton Each Verity,Carton,9
Carton For Each Type,Carton,9
CARTON OF EACH,Carton,9
Carton Of Each Product,Carton,9
Carton(s),Carton,9
Carton(s)R,Carton,9
cartons,Carton,9
Cartons Of Each Price Of Stick,Carton,9
Cartons Of Each,Carton,9
Cartons Of Each Price,Carton,9
Cartoon,Carton,9
Cartoon For Each Type,Carton,9
Cartoon Of Each Product,Carton,9
CARTOONS,Carton,9
Cartton,Carton,9
Carttoon,Carton,9
Cartun,Carton,9
CATON,Carton,9
CATRON,Carton,9
CORTON,Carton,9
Cortons,Carton,9
karton,Carton,9
KARTOON,Carton,9
Kartun,Carton,9
Mono Carton,Carton,9
per carton,Carton,9
With Carton,Carton,9
Each Carton,Carton,9
1 CARTON EACH,Carton,9
1 cartoon,Carton,9
Curtoon,Carton,9
CArtan,Carton,9
1 cft,Cubic Feet,10
1 cubic/feet,Cubic Feet,10
C.FT,Cubic Feet,10
cabit feet,Cubic Feet,10
Cft,Cubic Feet,10
cu feet,Cubic Feet,10
Cu. Ft.,Cubic Feet,10
cu.ft,Cubic Feet,10
Cu.ft.,Cubic Feet,10
Cub feet,Cubic Feet,10
cube feet,Cubic Feet,10
Cubic Feet,Cubic Feet,10
Cubic Feet(s),Cubic Feet,10
Cubic feet1,Cubic Feet,10
Cubic Feets,Cubic Feet,10
CUBIC FOOT,Cubic Feet,10
Cubic Square Feet,Cubic Feet,10
cubic/feet,Cubic Feet,10
cubicfeet,Cubic Feet,10
CUFT,Cubic Feet,10
Feet (s)3,Cubic Feet,10
Kbfeet,Cubic Feet,10
Kub Feet,Cubic Feet,10
Kwik Fit,Cubic Feet,10
PER CFT,Cubic Feet,10
Qubic feet,Cubic Feet,10
Cubic Foot,Cubic Feet,10
Cubic Foots,Cubic Feet,10
/qf,Cubic Feet,10
Qubic Feet,Cubic Feet,10
per cubic feet,Cubic Feet,10
1 CUBIC METER,Cubic Meter,11
1m3,Cubic Meter,11
C.Meter,Cubic Meter,11
CBM,Cubic Meter,11
Cu mtr,Cubic Meter,11
Cu. Mt,Cubic Meter,11
Cu.M.,Cubic Meter,11
Cu.mt,Cubic Meter,11
Cu.mtr,Cubic Meter,11
cub mtr,Cubic Meter,11
Cube Meter,Cubic Meter,11
Cubec meter,Cubic Meter,11
Cubic Meter,Cubic Meter,11
cubic m,Cubic Meter,11
cubic meater,Cubic Meter,11
Cubic Metar,Cubic Meter,11
Cubic Meter,Cubic Meter,11
cubic meter,Cubic Meter,11
Cubic Meter Each,Cubic Meter,11
Cubic Meter(s),Cubic Meter,11
CUBIC METERS,Cubic Meter,11
CUBIC METRE,Cubic Meter,11
Cubic mtr,Cubic Meter,11
cum,Cubic Meter,11
Cum mtr,Cubic Meter,11
K meter,Cubic Meter,11
M cub,Cubic Meter,11
M Cube,Cubic Meter,11
M^3,Cubic Meter,11
m3,Cubic Meter,11
Meter cube,Cubic Meter,11
METRIC CUBE,Cubic Meter,11
Per Cubic Meter,Cubic Meter,11
Qubic Meter,Cubic Meter,11
Cubic metre,Cubic Meter,11
Cubic metres,Cubic Meter,11
Meter Cubic,Cubic Meter,11
DAY,Day,12
Day,Day,12
Days,Day,12
Dae,Day,12
Daay,Day,12
",dozen",Dozen,13
1 Dozen,Dozen,13
1 DOZEN EACH PRODUCT,Dozen,13
1 Dozen(s),Dozen,13
1 dozzen,Dozen,13
1 dz,Dozen,13
1 dz.,Dozen,13
1 dzn,Dozen,13
12 Dozen,Dozen,13
1dozen,Dozen,13
2 dozen,Dozen,13
DARJAN,Dozen,13
Darjan Per Item,Dozen,13
Darzan,Dozen,13
Darzen,Dozen,13
Darzn,Dozen,13
DARZON,Dozen,13
dazan,Dozen,13
Dazon,Dozen,13
Dazons,Dozen,13
Derzan,Dozen,13
DORZEN,Dozen,13
DOZ,Dozen,13
Doz.,Dozen,13
DOZAN,Dozen,13
Dozan(s),Dozen,13
Dozen,Dozen,13
Dozen Above,Dozen,13
DOZEN EACH,Dozen,13
Dozen Each Type,Dozen,13
Dozen Each Variety,Dozen,13
Dozen For Each Item,Dozen,13
Dozen In Different Variety,Dozen,13
Dozen In Each,Dozen,13
DOZEN OF EACH,Dozen,13
Dozen Of Each Item,Dozen,13
Dozen Of Each Items,Dozen,13
Dozen Per Each,Dozen,13
Dozen(s),Dozen,13
Dozen(s)123,Dozen,13
Dozen(s)two,Dozen,13
Dozen(sg),Dozen,13
Dozen(xl),Dozen,13
dozen),Dozen,13
Dozens,Dozen,13
Dozens For Each,Dozen,13
DOZON,Dozen,13
Drozen,Dozen,13
Duzen,Dozen,13
dzn,Dozen,13
one Dozen,Dozen,13
Per Dozen,Dozen,13
PER/DOZEN,Dozen,13
1 Foot,Foot,14
12 foot,Foot,14
1ft,Foot,14
ft,Foot,14
FT2,Foot,14
10 Foot,Foot,14
per ft.,Foot,14
1foot,Foot,14
9 foot,Foot,14
Foot,Foot,14
Foot(s),Foot,14
ft.,Foot,14
ln ft,Foot,14
Per Foot,Foot,14
Gallon,Gallon,15
Gallon(s),Gallon,15
gallonjs,Gallon,15
GALLONS,Gallon,15
One US Gallon,Gallon,15
Us Gallon,Gallon,15
(100 Gram),Gram,16
(75 Gram),Gram,16
(Gram),Gram,16
(s)Gm,Gram,16
.100gm,Gram,16
\500GM,Gram,16
0.500 grams,Gram,16
01 gram,Gram,16
01gm,Gram,16
1 (100 Gms),Gram,16
1 (100 Grams),Gram,16
1 GM,Gram,16
1 Gram,Gram,16
10 g,Gram,16
10 gm,Gram,16
10 gms,Gram,16
10 gram,Gram,16
10 Grams,Gram,16
100 g,Gram,16
100 g.,Gram,16
100 gm,Gram,16
100 gms,Gram,16
100 Gram,Gram,16
100 Gram(s),Gram,16
100 Grams,Gram,16
100 GRM,Gram,16
100 grms,Gram,16
100/gram,Gram,16
1000 gm,Gram,16
1000 GRAMS,Gram,16
100g,Gram,16
100gm,Gram,16
100gms,Gram,16
100gram,Gram,16
100grams,Gram,16
100grm,Gram,16
1040 Grm,Gram,16
105 gram,Gram,16
10g,Gram,16
10gm,Gram,16
10gms,Gram,16
10Gram,Gram,16
10Gram(s),Gram,16
10Grams,Gram,16
110 gm,Gram,16
110 Gram,Gram,16
110gm,Gram,16
120 Gm,Gram,16
120 gms,Gram,16
120 Gram,Gram,16
120 grams,Gram,16
120 grm,Gram,16
1200 Gram(s),Gram,16
120g,Gram,16
120GM,Gram,16
125 gms,Gram,16
125 Gram,Gram,16
125gm,Gram,16
125gms,Gram,16
125grams,Gram,16
125GRM,Gram,16
12grm,Gram,16
140 Grm,Gram,16
140gm,Gram,16
140gms,Gram,16
140grm,Gram,16
15 gm,Gram,16
15 Gram,Gram,16
150 Gm,Gram,16
150 gram,Gram,16
150 grams,Gram,16
150g,Gram,16
150gm,Gram,16
150gms,Gram,16
150Gram,Gram,16
15g,Gram,16
15gm,Gram,16
170gram,Gram,16
180 Gram,Gram,16
180g,Gram,16
1824g,Gram,16
18gram,Gram,16
190 grams,Gram,16
1g,Gram,16
1gm,Gram,16
1gram,Gram,16
2 Grams,Gram,16
20 garm,Gram,16
20 gm,Gram,16
20 gms,Gram,16
20 Gram,Gram,16
20 Gram(s),Gram,16
20 grams,Gram,16
200 g,Gram,16
200 gm,Gram,16
200 GMS,Gram,16
200 Gram,Gram,16
200 Gram(s),Gram,16
200 grams,Gram,16
200 grm,Gram,16
200 grms,Gram,16
200/Gram,Gram,16
200g,Gram,16
200gm,Gram,16
200gms,Gram,16
200Gram,Gram,16
200gram(s),Gram,16
200grm,Gram,16
20g,Gram,16
20gm,Gram,16
20Gram,Gram,16
220 Gram,Gram,16
240 Gram(s),Gram,16
25 g,Gram,16
25 Gms,Gram,16
25 Gram,Gram,16
250 gm,Gram,16
250 gms,Gram,16
250 Gram,Gram,16
250 Gram(s),Gram,16
250 Gram.,Gram,16
250g,Gram,16
250gm,Gram,16
250gms,Gram,16
250Gram,Gram,16
250Gram(s),Gram,16
250Grams,Gram,16
25gm,Gram,16
25Gram(s),Gram,16
25grams,Gram,16
270 Gram,Gram,16
280g,Gram,16
3 Gram(s),Gram,16
30 G,Gram,16
30 GM,Gram,16
30 Gram,Gram,16
300 Gms,Gram,16
300 gram,Gram,16
300 Gram(s),Gram,16
300 grams,Gram,16
300g,Gram,16
300gm,Gram,16
300Gram,Gram,16
30g,Gram,16
30gm,Gram,16
30gram,Gram,16
320g,Gram,16
330 Gram,Gram,16
350g,Gram,16
40 GRAM,Gram,16
400 g,Gram,16
400 GM,Gram,16
400 gms,Gram,16
400 Gram,Gram,16
400 Gram(s),Gram,16
400 grams,Gram,16
400g,Gram,16
400gm,Gram,16
400grm),Gram,16
5 Gram,Gram,16
5 Grams,Gram,16
50 gm,Gram,16
50 gms,Gram,16
50 Gram,Gram,16
500 g,Gram,16
500 gms,Gram,16
500 Gram(s),Gram,16
500g,Gram,16
500gms,Gram,16
500gram,Gram,16
500Gram(s),Gram,16
500grams,Gram,16
500grm,Gram,16
50gms,Gram,16
5g,Gram,16
5Gm,Gram,16
60 gram,Gram,16
60 grams,Gram,16
600 gram,Gram,16
60g,Gram,16
60gm,Gram,16
60gram,Gram,16
60grm,Gram,16
650 Grm,Gram,16
700 gm,Gram,16
700 Gram,Gram,16
720 Gram,Gram,16
75 gm,Gram,16
75 gram,Gram,16
750gm,Gram,16
75gm,Gram,16
80grm,Gram,16
90 Gram,Gram,16
900 Gram,Gram,16
Fifty Gram,Gram,16
five grams,Gram,16
gm,Gram,16
Gm(s),Gram,16
Gm.,Gram,16
Gms(s),Gram,16
Gms),Gram,16
Gram,Gram,16
Gram(60),Gram,16
Gram(s)100,Gram,16
Gram(s)20,Gram,16
Gram(s6),Gram,16
Gram),Gram,16
Grame,Gram,16
gramm,Gram,16
Grams-,Gram,16
Gram's,Gram,16
Grams Each,Gram,16
Grams Of Each,Gram,16
Grams(g),Gram,16
Grams(s),Gram,16
Grams),Gram,16
grm,Gram,16
Hundred Gram,Gram,16
ogram(s),Gram,16
per 50 gms,Gram,16
per gm,Gram,16
per gram,Gram,16
Each Gram,Gram,16
10grm,Gram,16
???/gram,Gram,16
gms,Gram,16
Grams,Gram,16
40gm,Gram,16
500 grams,Gram,16
50gm,Gram,16
50Gram,Gram,16
50Grams,Gram,16
800 Grams,Gram,16
90 Gram(s),Gram,16
900g,Gram,16
Gram(s50),Gram,16
Gram1,Gram,16
grams,Gram,16
250 G,Gram,16
250 Grams,Gram,16
50 grams,Gram,16
500 gm,Gram,16
50g,Gram,16
75 g,Gram,16
75g,Gram,16
800gm,Gram,16
900 Gram(s),Gram,16
GRAM EACH,Gram,16
Gram(s),Gram,16
Gram(s)5,Gram,16
25 Gram(s),Gram,16
40g,Gram,16
450 Gram,Gram,16
50 g,Gram,16
50 Gram(s),Gram,16
500 grms,Gram,16
Fifty Grams,Gram,16
Gram(1os),Gram,16
Gram(s)10,Gram,16
Grms,Gram,16
Per 200 Gram,Gram,16
25g,Gram,16
300 gm,Gram,16
500 gram,Gram,16
500 grm,Gram,16
500gm,Gram,16
400grams,Gram,16
5 gm,Gram,16
75gms,Gram,16
Gms,Gram,16
GRAM OF EACH,Gram,16
Gram(s,Gram,16
Grama,Gram,16
Per 20 Gram,Gram,16
250 grm,Gram,16
HOUR,Hour,17
hour,Hour,17
Hours,Hour,17
HOURS,Hour,17
Hour,Hour,17
Hour(s),Hour,17
hour(s),Hour,17
hours,Hour,17
Hectare,Hectare,18
Hectare(s),Hectare,18
kg,Kg,19
k.g.,Kg,19
30 kg,Kg,19
2 kg,Kg,19
40 kg,Kg,19
2.5kg,Kg,19
Kilogram,Kg,19
1 kgs,,
1 kilogram,Kg,19
1.5 kg.,Kg,19
1/2 Kilogram,Kg,19
10 kg,Kg,19
10 KGS,Kg,19
Kilogram approx,Kg,19
ten kg,Kg,19
18 kg,Kg,19
2 Kilogram(s),Kg,19
1kilo,Kg,19
.5 kg,Kg,19
.5kg,Kg,19
0.500 kg,Kg,19
0.5kg,Kg,19
0.5kilograms,Kg,19
1000GM,Kg,19
50 Kilograms,Kg,19
(kg,Kg,19
(kgs,Kg,19
(kgs),Kg,19
05 kg,Kg,19
1 to 5 kg,Kg,19
10 Kilogram(s),Kg,19
100 Kilogram(s),Kg,19
1000 Kilogram(s),Kg,19
1000Kilogram(s),Kg,19
150kg,Kg,19
150Kilogram(s),Kg,19
1940Kilogram(s),Kg,19
1Kilogram(s),Kg,19
24kg,Kg,19
250kg,Kg,19
250Kilogram(s),Kg,19
25Kilogram(s),Kg,19
4 Kilogram(s),Kg,19
500Kilogram(s),Kg,19
50kg max,Kg,19
60 kg,Kg,19
6ooo kgs,Kg,19
7500kilogram,Kg,19
akg,Kg,19
AKilogram(s),Kg,19
Both Of Kilogram,Kg,19
Each Of Kg,Kg,19
Each Of Kilogram,Kg,19
half kilogram,Kg,19
ilogram(s),Kg,19
K1ilogram(s),Kg,19
K25 ilogram(s),Kg,19
K2ilogram(s),Kg,19
Kelograms,Kg,19
Kg (s),Kg,19
Kg . Of Each,Kg,19
Kg >,Kg,19
Kg Each Of,Kg,19
Kg Each One,Kg,19
Kg Each Product,Kg,19
Kg Each Varieties,Kg,19
Kg For All,Kg,19
Kg Minimum,Kg,19
Kg Per Product,Kg,19
Kg Type Each,Kg,19
kg1,Kg,19
kg10,Kg,19
kg100,Kg,19
kg200,Kg,19
kg25,Kg,19
kg300,Kg,19
kg40,Kg,19
kg5,Kg,19
kg50,Kg,19
kg80,Kg,19
kgram,Kg,19
Kgs),Kg,19
Kigram(s),Kg,19
Kilegram,Kg,19
Kilo30gram(s),Kg,19
Kilobgram(s),Kg,19
Kilog1ram(s),Kg,19
Kilog25ram(s),Kg,19
Kilog4000ram(s),Kg,19
Kilogam(s),Kg,19
Kilogkgram(s),Kg,19
Kilogr19am(s),Kg,19
Kilogr1am(s),Kg,19
Kilogr3000am(s),Kg,19
Kilogra kgsm(s),Kg,19
Kilogra(s),Kg,19
Kilogra10m(s),Kg,19
Kilogra1m(s),Kg,19
Kilograkgm(s),Kg,19
Kilogram Each Of Items,Kg,19
Kilogram Each Products,Kg,19
Kilogram In Each Variety,Kg,19
Kilogram Of Each Type,Kg,19
Kilogram Of Each Type Of Spices,Kg,19
Kilogram Of Ech,Kg,19
Kilogram(00s),Kg,19
Kilogram(100s),Kg,19
Kilogram(1kg),Kg,19
Kilogram(3s),Kg,19
Kilogram(40s),Kg,19
Kilogram(5),Kg,19
Kilogram(aadha),Kg,19
Kilogram(G),Kg,19
Kilogram(k),Kg,19
Kilogram(kg),Kg,19
Kilogram(s)50,Kg,19
Kilogram(s)60,Kg,19
Kilogram(s1508),Kg,19
Kilogram(s20),Kg,19
Kilogram(s25),Kg,19
Kilogram(s500),Kg,19
Kilogram),Kg,19
Kilogram10(s),Kg,19
Kilogram100(s),Kg,19
Kilogram15(s),Kg,19
Kilogram2(s),Kg,19
Kilogram3(s),Kg,19
Kilogram50(s),Kg,19
Kilogram550 (s),Kg,19
Kilogram8(s),Kg,19
KilogramKg(s),Kg,19
kilogramme,Kg,19
Kilogramme(s),Kg,19
Kilogrammes,Kg,19
Kilogrammes(s),Kg,19
Kilograms 2),Kg,19
Kilograms Each Of Spice,Kg,19
Kilograms For Each,Kg,19
Kilograms m(s),Kg,19
Kilograms Of Each Type,Kg,19
Kilograms(kg),Kg,19
Kilograms(s),Kg,19
Kilograms),Kg,19
Kilograqm(s),Kg,19
KilograTen m(s),Kg,19
Kilograwm(s),Kg,19
Kilogrkgam(s),Kg,19
Kilogrm,Kg,19
Kilogroam(s),Kg,19
Kilogrs),Kg,19
Kiloram(s),Kg,19
Kiloyesgram(s),Kg,19
Kiogram(s),Kg,19
Kog,Kg,19
one Kilogram(s),Kg,19
OneKilogram(s),Kg,19
Kgz,Kg,19
kg3,Kg,19
kg30,Kg,19
More Then Kilogram,Kg,19
?? kg,Kg,19
kgs,Kg,19
1 K.G,Kg,19
1 K.g.,Kg,19
1.5 Kg,Kg,19
1.8 Kg,Kg,19
1/2 kg,Kg,19
1/2kg,Kg,19
10 kilogram,Kg,19
50 Kg,Kg,19
k.g,Kg,19
1000 kg,Kg,19
12 kg,Kg,19
Half Kg,Kg,19
Par Kg,Kg,19
ONE KG,Kg,19
25kg,Kg,19
15Kg,Kg,19
per kg.,Kg,19
3 Kg,Kg,19
40 kilogram,Kg,19
K G,Kg,19
kilograme,Kg,19
15Kgs,Kg,19
P.kg,Kg,19
20 Kgs,Kg,19
250 kg,Kg,19
500KG,Kg,19
Kg(s),Kg,19
35 KG,Kg,19
6 kg,Kg,19
12 Kilogram,Kg,19
10kgs,Kg,19
10Kilogram,Kg,19
14kg,Kg,19
@kg,Kg,19
1 kilo gram,Kg,19
1 kilograms,Kg,19
1 pkg,Kg,19
1.kg,Kg,19
1KG Pack,Kg,19
1kg packet,Kg,19
I kg,Kg,19
IN KGS,Kg,19
Kg (Kilogram),Kg,19
Kg approx,Kg,19
Kg. Approx.,Kg,19
Kgd,Kg,19
kgKilogram,Kg,19
KIilogram,Kg,19
Killogram,Kg,19
Kilogarm,Kg,19
kilogr,Kg,19
kilogra,Kg,19
Kilogram Range Start From,Kg,19
Kilogram(s) approx.,Kg,19
Kilogram(s)/starts from,Kg,19
Kilogram1,Kg,19
KilogramKilogram,Kg,19
Kilos,Kg,19
Kiologram,Kg,19
koligram,Kg,19
One kilogram,Kg,19
per kg,Kg,19
Per Kg (Approx.),Kg,19
Per Kg approx,Kg,19
Per Kg in Delhi,Kg,19
PER KGS.,Kg,19
per kilo gram,Kg,19
per kilograms,Kg,19
Rs kg,Kg,19
starting price/ kg,Kg,19
- 1 kg,Kg,19
/kg.,Kg,19
`Kilogram,Kg,19
01 kgs,Kg,19
1 kg,Kg,19
50 Kilogram,Kg,19
1 kg bulk price,Kg,19
1 Kilogram.,Kg,19
1 Kilogramm,Kg,19
24 kg,Kg,19
5 Kilogram(s),Kg,19
2 Kilogram,Kg,19
3kg,Kg,19
Kilogram in Bulk,Kg,19
30 Kilogram,Kg,19
40 kgs,Kg,19
50Kilogram,Kg,19
20 kilogram,Kg,19
25Kilogram,Kg,19
1.5kg,Kg,19
300 KG,Kg,19
KG EACH,Kg,19
1 KG,Kg,19
10 KG,Kg,19
10KG,Kg,19
EACH KG,Kg,19
KG OF EACH TYPE,Kg,19
KG FOR EACH,Kg,19
KG OF EACH ITEM,Kg,19
KILOGRAM EACH TYPE,Kg,19
15KG,Kg,19
KILO GRAM,Kg,19
20 KG,Kg,19
250 KG,Kg,19
25KG,Kg,19
300KG,Kg,19
3KG,Kg,19
4KG,Kg,19
5 KG,Kg,19
perkg,Kg,19
20KG,Kg,19
15 Kg,Kg,19
pkg,Kg,19
4kg,Kg,19
KG Above,Kg,19
2KGS,Kg,19
Klogram,Kg,19
1-KG,Kg,19
50 KG,Kg,19
50KG,Kg,19
5KG,Kg,19
HALF KG,Kg,19
K.G,Kg,19
K.G.,Kg,19
KG,Kg,19
KG ABOVE,Kg,19
KG APPROX,Kg,19
KG.,Kg,19
KGM,Kg,19
KGS,Kg,19
KILLOGRAM,Kg,19
KILO,Kg,19
KILOGARM,Kg,19
KILOGRAM,Kg,19
KILOGRAM(S),Kg,19
KILOGRAM.,Kg,19
KILOGRAMS,Kg,19
KIOGRAM,Kg,19
KOLIGRAM,Kg,19
PKG,Kg,19
KILOGRAM EACH,Kg,19
2KG,Kg,19
15 KG,Kg,19
40 KG,Kg,19
3 KG,Kg,19
30 KG,Kg,19
1.5 KG,Kg,19
1.5KG,Kg,19
1/2 KG,Kg,19
1/KG,Kg,19
2 KG,Kg,19
2 KILOGRAM,Kg,19
2.5KG,Kg,19
4 KG,Kg,19
40KG,Kg,19
50 KGS,Kg,19
800KG,Kg,19
KG'S,Kg,19
KILOGR,Kg,19
01 KG,Kg,19
Kilogram(s),Kg,19
1KG,Kg,19
1 kg.,Kg,19
1.2 kg,Kg,19
100 Kilogram,Kg,19
kilograms,Kg,19
starting price / kg,Kg,19
1Kilogram,Kg,19
6KG,Kg,19
1 Kilogram(s),Kg,19
Kilogram(s,Kg,19
Kilogram.,Kg,19
kiogram,Kg,19
Per Kelogram,Kg,19
per kilo,Kg,19
pr kg,Kg,19
5 Kilogram,Kg,19
1 kilo,Kg,19
30KG,Kg,19
800kg,Kg,19
KG OF EACH PRODUCT,Kg,19
KILOGRAM EACH PRODUCT,Kg,19
KGS.,Kg,19
KILOGRA,Kg,19
KILOGRAME,Kg,19
KILOS,Kg,19
PER KG,Kg,19
1 KILOGRAM,Kg,19
5KILOGRAM,Kg,19
/kg,Kg,19
0.5 Kilogram,Kg,19
50kg,Kg,19
kg.,Kg,19
12Kg,Kg,19
Kilo,Kg,19
kgs.,Kg,19
kgm,Kg,19
0.5 kg,Kg,19
per kg,Kg,19
1 k g,Kg,19
1 kg,Kg,19
1 Kh,Kg,19
20 Kg,Kg,19
1/kg,Kg,19
Per Kilogram,Kg,19
PER KGS,Kg,19
25 KG,Kg,19
10kg,Kg,19
5 Kg,Kg,19
5kg,Kg,19
1kg.,Kg,19
per/kg,Kg,19
4 kg,Kg,19
40kg,Kg,19
Rs/kg,Kg,19
per 1 Kg,Kg,19
2kg,Kg,19
3 Kilogram,Kg,19
50KGS,Kg,19
1000 Gram,Kg,19
1kgs,Kg,19
For 1kg,Kg,19
kg (without material),Kg,19
Kg 1,Kg,19
kg's,Kg,19
25 Kilogram,Kg,19
50 kgs,Kg,19
4 kilogram,Kg,19
5Kilogram,Kg,19
300kg,Kg,19
KG OF EACH,Kg,19
KG EACH TYPE,Kg,19
1/2Kilogram(),Kg,19
35 Kilogram,Kg,19
40 Kilograms,Kg,19
4Kilogram,Kg,19
1.Kilogram(s),Kg,19
2Kilogram,Kg,19
Both Of Kg,Kg,19
half kg.,Kg,19
kg 200,Kg,19
Kilogram(o8),Kg,19
Kilogram(s)0.5,Kg,19
Kilogram(s)1,Kg,19
Kilogram(s)12,Kg,19
Kilogram(s)3,Kg,19
Kilogram(s)5000,Kg,19
Kilogram(s)x,Kg,19
Kilogram(s1),Kg,19
Kilogram(s14),Kg,19
Kilogram(s5),Kg,19
Kilogram(sk),Kg,19
Kilogram(snos),Kg,19
Kilogram(Xl),Kg,19
Kilogram400g(s),Kg,19
Kilogramk(s),Kg,19
Kg Of All Variety,Kg,19
KgKilogram(s),Kg,19
Kilo2gram(s),Kg,19
Kilog(s),Kg,19
Kilog500ram(s),Kg,19
Kilogr1s),Kg,19
Kilogra15kgm(s),Kg,19
Kilogram s,Kg,19
Kilogram( s),Kg,19
Kilogram(00000s),Kg,19
Kilogram(50,Kg,19
Kilogram(kg,Kg,19
Kilogram(s)5,Kg,19
Kilogram(s)500,Kg,19
100Kilogram(s),Kg,19
5Kilogram(s),Kg,19
Kg Each Per Type,Kg,19
Kg In Each,Kg,19
Kg Per Item,Kg,19
kg500,Kg,19
Kga,Kg,19
kgms,Kg,19
Killo,Kg,19
Kilo(s),Kg,19
Kilog200ram(s),Kg,19
Kilogkram(s),Kg,19
(Kg),Kg,19
15Kilogram(s),Kg,19
55 kg,Kg,19
Kilogm(s),Kg,19
Kilogr25am(s),Kg,19
Kilogra50m(s),Kg,19
Kilogram Each Grade,Kg,19
Kilogram(),Kg,19
Kilogram(1000s),Kg,19
Kilogram(3kgs),Kg,19
Kilogram(500s),Kg,19
Kilogram(8.165s),Kg,19
Kilogram(pcss),Kg,19
Kilogram(s) One kg,Kg,19
Kilogram(s)2,Kg,19
Kilogram(s)30,Kg,19
600kg,Kg,19
750 kg,Kg,19
Half Kilogram(s),Kg,19
Kg For Each Composition,Kg,19
Kg),Kg,19
kge,Kg,19
Ki1kg),Kg,19
Kilgram(s),Kg,19
Kilog100ram(s),Kg,19
Kilog30 ram(s),Kg,19
Kilogr5am(s),Kg,19
kilogram',Kg,19
Kilogram Each Powder,Kg,19
Kilogram Of Each,Kg,19
Kilogram(,Kg,19
Kilogram(150s),Kg,19
Kilogram(Kgs),Kg,19
Kilogram(m),Kg,19
Kilogram(s) 1,Kg,19
Kilogram(s) 25,Kg,19
Kilogram(s) Of Each,Kg,19
Kilogram(s)1 kg,Kg,19
Kilogram(s)1kg,Kg,19
Kilogram(s)7.5,Kg,19
Kilogram(s)kg,Kg,19
Kilogram(s150),Kg,19
Kilogram(sKg),Kg,19
Kilogram(sp),Kg,19
Kilogram(sTon),Kg,19
Kilogram1(s),Kg,19
Kilogra10km(s),Kg,19
Kilogram (s),Kg,19
"Kilogram(s),Kilogram(s)",Kg,19
Kilogram(s)122,Kg,19
Kilogram(s)15,Kg,19
Kilogram(s)150,Kg,19
Kilogram(s)25,Kg,19
Kilogram25(s),Kg,19
Kilogram5 kg,Kg,19
Kilogram5000(s),Kg,19
Kilogramm,Kg,19
Kilograms Of Each,Kg,19
15kg(s),Kg,19
40 Kilogram(s),Kg,19
400Kilogram(s),Kg,19
Kg For Each Type,Kg,19
Kg Of Eah Items,Kg,19
Kgs(s),Kg,19
Kil14ogram(s),Kg,19
Kilogra5m(s),Kg,19
Kilogram Of Each Product,Kg,19
Kilogram(1),Kg,19
Kilogram(s) 50,Kg,19
Kilogram(s)100,Kg,19
Kilogram(s2),Kg,19
Kilogram(s500gm),Kg,19
Kilogram10kg(s),Kg,19
Kilogram55kilograns(s),Kg,19
Kilograms (s),Kg,19
Kilograms And Above,Kg,19
Kilogras),Kg,19
Kilogrm(s),Kg,19
Kiloograms,Kg,19
Per/Half Kg.,Kg,19
Two hundred kg,Kg,19
Kilogram(s)10,Kg,19
10leter,Litre,21
1Litre(s),Litre,21
2 litre,Litre,21
4000Litre(s),Litre,21
450 Litre(s),Litre,21
500lites,Litre,21
L For Each Material,Litre,21
Lit1re(s),Litre,21
Lite,Litre,21
Liter Each Extract,Litre,21
Liter Per Type,Litre,21
litere,Litre,21
Literess),Litre,21
Litr,Litre,21
Litr(s),Litre,21
Litr0.5e(s),Litre,21
Litr10e(s),Litre,21
Litre Of Each Product,Litre,21
Litre(,Litre,21
Litre( 6 liter),Litre,21
Litre(),Litre,21
Litre(100s),Litre,21
Litre(1s),Litre,21
Litre(2),Litre,21
Litre(20),Litre,21
Litre(20s),Litre,21
Litre(210s),Litre,21
Litre(a),Litre,21
Litre(l),Litre,21
Litre(r),Litre,21
Litre(s,Litre,21
Litre(s) 100,Litre,21
Litre(s) thousands,Litre,21
"Litre(s),Litre(s)",Litre,21
Litre(s)1,Litre,21
Litre(s)15,Litre,21
Litre(s)16.484,Litre,21
Litre(s)2,Litre,21
Litre(s)20,Litre,21
Litre(s)200,Litre,21
Litre(s)2000,Litre,21
Litre(s)20000,Litre,21
Litre(s)28,Litre,21
Litre(s)3.5,Litre,21
Litre(s)400,Litre,21
Litre(s)5,Litre,21
Litre(s)50,Litre,21
Litre(s)500,Litre,21
Litre(s)51,Litre,21
Litre(s)8,Litre,21
Litre(s)extra cd,Litre,21
Litre(s)liter,Litre,21
Litre(s)q,Litre,21
Litre(s)w,Litre,21
Litre(s1),Litre,21
Litre(s15),Litre,21
Litre(s1500),Litre,21
Litre(s200),Litre,21
Litre(s210),Litre,21
Litre1,Litre,21
Litre1(s),Litre,21
Litre12000(s),Litre,21
Litre15,Litre,21
Litre20,Litre,21
Litre4,Litre,21
Litre40,Litre,21
Litrs),Litre,21
Lits,Litre,21
Litter(s),Litre,21
Litters,Litre,21
littr),Litre,21
Littre,Litre,21
Ltr (s),Litre,21
ltre,Litre,21
Lts,Litre,21
Liters,Litre,21
1000ml,Litre,21
Litre5(s),Litre,21
Litre50,Litre,21
"""Liter
 """,Litre,21
Bottle of 1 Liter,Litre,21
Bottle of 1 litre,Litre,21
Bottle of 1 Litre,Litre,21
Bottle of 1L,Litre,21
Bottle of 1liter,Litre,21
Bottle of 1ltr,Litre,21
Bottle of 1ltr.,Litre,21
Bottle of 1 Litter,Litre,21
Litter,Litre,21
ltr,Litre,21
01 ltr,Litre,21
Litre,Litre,21
Liter,Litre,21
Ltr,Litre,21
1 lit,Litre,21
1 lit.,Litre,21
1 liter,Litre,21
1 Litre,Litre,21
1 litter,Litre,21
1 lt,Litre,21
1 ltr,Litre,21
1 ltr.,Litre,21
1 LTS,Litre,21
1 Litre(s),Litre,21
1liter,Litre,21
1litre,Litre,21
1ltr,Litre,21
1ltr.,Litre,21
Liter(s),Litre,21
Litre(s),Litre,21
Litrer(s),Litre,21
Litres,Litre,21
Ltr.,Litre,21
ltrs,Litre,21
One litere,Litre,21
one litre,Litre,21
One Ltr,Litre,21
per 1 litre,Litre,21
per liter,Litre,21
per Litre,Litre,21
per litre approx.,Litre,21
per ltr,Litre,21
1 tr,Litre,21
Lit,Litre,21
1L,Litre,21
1LT,Litre,21
litter,Litre,21
one liter,Litre,21
Per Ltrs,Litre,21
1 L,Litre,21
lt,Litre,21
letter,Litre,21
1lit,Litre,21
/litre,Litre,21
01 per ltr,Litre,21
01liter,Litre,21
1 L.,Litre,21
1 liitre,Litre,21
1 litar,Litre,21
1 Liters,Litre,21
1 Litor,Litre,21
1 litr,Litre,21
1 littre,Litre,21
1 Lt.,Litre,21
1 ltrs,Litre,21
per lit,Litre,21
Per ITR,Litre,21
ITR,Litre,21
1 LITRE,Litre,21
LITRE OF EACH,Litre,21
LETTERS,Litre,21
LITRE EACH,Litre,21
LITER OF EACH,Litre,21
LITER EACH,Litre,21
1LTR,Litre,21
LETTER,Litre,21
LIT,Litre,21
LITER,Litre,21
LITERS,Litre,21
LITRE,Litre,21
LITRE(S),Litre,21
LITRES,Litre,21
LITTER,Litre,21
LT,Litre,21
LTR,Litre,21
LTR.,Litre,21
LTRS,Litre,21
ONE LITER,Litre,21
1 LITER,Litre,21
1 LTRS,Litre,21
1LIT,Litre,21
1LITER,Litre,21
20 Litre(s),Litre,21
380Litre(s),Litre,21
3Litre(s),Litre,21
4 Litre(s),Litre,21
5Litre(s),Litre,21
6 liter,Litre,21
60Litre(s),Litre,21
7.5 liter,Litre,21
7.5 Litre(s),Litre,21
L,Litre,21
Lit1000re(s),Litre,21
Liter Per Chemical,Litre,21
Liter),Litre,21
Litre(s)1000,Litre,21
Litre(s)5000,Litre,21
Litre200,Litre,21
Litred,Litre,21
Ltr(s),Litre,21
Litre(s)100,Litre,21
Litre(s)7,Litre,21
Each Liter,Litre,21
Each Litere,Litre,21
Litres Of Each,Litre,21
Litre(s) 2,Litre,21
Litre(s)10,Litre,21
Long Ton,Long Ton,22
LONG TON,Long Ton,22
LONG TON(S),Long Ton,22
Long Ton(s),Long Ton,22
100 METERS,Meter,23
9 Meter,Meter,23
per mtr,Meter,23
Meter(s),Meter,23
MTS,Meter,23
.x1.80Meter(s),Meter,23
1.5 mtr,Meter,23
10 mtr,Meter,23
10Meter(s),Meter,23
1200 meter(s),Meter,23
2meter,Meter,23
300meater,Meter,23
30Mete3r(s),Meter,23
3Meter(s),Meter,23
Each Meter(s),Meter,23
Meater,Meter,23
Meetee,Meter,23
Meeter,Meter,23
Meetrr,Meter,23
Met,Meter,23
Met),Meter,23
Mete r(s),Meter,23
Mete(s),Meter,23
Mete150r(s),Meter,23
Mete305r(s),Meter,23
Metees,Meter,23
Meter Each,Meter,23
Meter And Above,Meter,23
Meter Case,Meter,23
Meter For Each Fabric,Meter,23
Meter Of All,Meter,23
Meter Of Each Item,Meter,23
Meter Of Each Type,Meter,23
Meter Of Each Variety,Meter,23
Meter Per Fabric,Meter,23
Meter(),Meter,23
Meter(15),Meter,23
Meter(5),Meter,23
Meter(60s),Meter,23
Meter(l),Meter,23
Meter(s,Meter,23
"Meter(s),Meter(s)",Meter,23
Meter(s)10,Meter,23
Meter(s)100,Meter,23
Meter(s)15,Meter,23
Meter(s)150,Meter,23
Meter(s)2,Meter,23
Meter(s)20,Meter,23
Meter(s)200,Meter,23
Meter(s)40mtr,Meter,23
Meter(s)50,Meter,23
Meter(s)6,Meter,23
Meter(s)60,Meter,23
Meter(s)7,Meter,23
Meter(s)82,Meter,23
"Meter(s,25)",Meter,23
meter2,Meter,23
Meter200,Meter,23
meter2000,Meter,23
meter400,Meter,23
meter50,Meter,23
meter500,Meter,23
meter70,Meter,23
Meters(s),Meter,23
Meters),Meter,23
metMter,Meter,23
Metre(s),Meter,23
MITAR,Meter,23
Miters,Meter,23
Mitre,Meter,23
Mitter,Meter,23
More Than Meter,Meter,23
Mter(s),Meter,23
Mtr(s),Meter,23
Mtr),Meter,23
Mtrs(s),Meter,23
mts.,Meter,23
Quarter Meter,Meter,23
Qwik Meter,Meter,23
R meter,Meter,23
Rmt,Meter,23
runnig meter,Meter,23
Running Mater,Meter,23
Running Meters,Meter,23
Meterrr,Meter,23
Meter(10),Meter,23
Meter(s)3,Meter,23
Meter(s)30,Meter,23
running MTR,Meter,23
1m,Meter,23
mtr,Meter,23
1 meter,Meter,23
per meter,Meter,23
metre,Meter,23
10 METER,Meter,23
100 meter,Meter,23
METERS,Meter,23
6 meter,Meter,23
miter,Meter,23
per mt,Meter,23
MTRS,Meter,23
9 Meters,Meter,23
15 Meter,Meter,23
2 meter,Meter,23
16 Meter,Meter,23
1.5 miter,Meter,23
one meter,Meter,23
100 miiter,Meter,23
3 Meter,Meter,23
5 meter,Meter,23
90 mtr,Meter,23
mete,Meter,23
per metre,Meter,23
50 meter,Meter,23
10mtrs,Meter,23
1 meters,Meter,23
1meter,Meter,23
1mtr,Meter,23
Mtr.,Meter,23
running meter,Meter,23
Meter,Meter,23
10mtr,Meter,23
9Meter,Meter,23
25 meter,Meter,23
1 mtr,Meter,23
1/Mtr.,Meter,23
Metere,Meter,23
p/meter.,Meter,23
parameter,Meter,23
Per 1 Meter,Meter,23
per mtrs,Meter,23
per running meter,Meter,23
PER/MTR,Meter,23
Runnin/Meter,Meter,23
MT,Meter,23
"1 ,mtr",Meter,23
9 metre,Meter,23
m,Meter,23
100 mtree,Meter,23
2 mter,Meter,23
72 Meter,Meter,23
1 met,Meter,23
1 metr,Meter,23
1 metre,Meter,23
1 miter,Meter,23
1 mitre,Meter,23
9 Meter(s),Meter,23
1 MT,Meter,23
1 mtrs,Meter,23
1 mts,Meter,23
1MT,Meter,23
3 Mtr,Meter,23
25mtr,Meter,23
20/Meter,Meter,23
5.7mts,Meter,23
9 mtr,Meter,23
18 Meter,Meter,23
2 Meter(s),Meter,23
1500 Meter,Meter,23
20 Meter,Meter,23
20mtr,Meter,23
Per 9 Meter,Meter,23
50mtr,Meter,23
8 meter,Meter,23
9 miter,Meter,23
9mtr,Meter,23
15mtr,Meter,23
3meter,Meter,23
1 METER,Meter,23
METRES,Meter,23
METER EACH,Meter,23
METER OF EACH,Meter,23
RUNING METER,Meter,23
3METER,Meter,23
6 METER,Meter,23
M,Meter,23
METE,Meter,23
METER,Meter,23
METER(S),Meter,23
METRE,Meter,23
MITER,Meter,23
MTR,Meter,23
MTR.,Meter,23
PER METER,Meter,23
PER METRE,Meter,23
RUNNING METER,Meter,23
5 METER,Meter,23
RUNNING MTR,Meter,23
1 MTR,Meter,23
15MTR,Meter,23
18 METER,Meter,23
20 METER,Meter,23
3 MTR,Meter,23
PER MTR,Meter,23
PER RUNNING METER,Meter,23
m(s),Meter,23
Metar,Meter,23
Mete100r(s),Meter,23
Meter Each Fabrfic,Meter,23
Meter Or Above,Meter,23
Meter(,Meter,23
Meter(30),Meter,23
Meter(s)300,Meter,23
Meter(s)half metre,Meter,23
Meter(s6),Meter,23
metet,Meter,23
Mtra,Meter,23
Nm Meter,Meter,23
rmtr,Meter,23
Running Meter,Meter,23
1 Packet(s),Pack,27
(Pkt),Pack,27
/package,Pack,27
1 combo pack,Pack,27
1 EACH PACKET,Pack,27
1 pack,Pack,27
1 Pack of 1000 Pins,Pack,27
1 package,Pack,27
1 Packet,Pack,27
1 packt,Pack,27
1 pak,Pack,27
1 pkt,Pack,27
1.PKT,Pack,27
100 pack,Pack,27
1pack,Pack,27
1packet,Pack,27
1pkt,Pack,27
7 in a pack,Pack,27
Combo Pack,Pack,27
COMBO PACKET,Pack,27
Dispo-Pack,Pack,27
EACH OF PACKET,Pack,27
EACH PACK,Pack,27
EACH PACKET,Pack,27
EACH PACKETS,Pack,27
export packing,Pack,27
Full Packet,Pack,27
In Packets,Pack,27
Jumbo Pack,Pack,27
Mini Packet,Pack,27
one pack,Pack,27
pac,Pack,27
Pac5ket(s),Pack,27
Pack,Pack,27
Pack (8 Pack),Pack,27
Pack 1,Pack,27
PACK EACH,Pack,27
PACK FOR EACH,Pack,27
pack of 1,Pack,27
Pack of 10,Pack,27
Pack of 100,Pack,27
pack of 12,Pack,27
Pack of 2,Pack,27
Pack of 3,Pack,27
Pack of 30,Pack,27
Pack Of 4,Pack,27
Pack of 5,Pack,27
Pack of 50,Pack,27
Pack of 6,Pack,27
Pack of 7,Pack,27
PACK OF EACH,Pack,27
Pack Of Ten,Pack,27
Pack(1),Pack,27
Pack(s),Pack,27
Pack(s)1,Pack,27
Pack(s)5,Pack,27
PACK.,Pack,27
Pack/Packs,Pack,27
Pack1,Pack,27
Package,Pack,27
Packages,Pack,27
PACKATE,Pack,27
Packe,Pack,27
Packe(s),Pack,27
Packed,Pack,27
Packers,Pack,27
PACKET (EACH),Pack,27
Packet (s),Pack,27
PACKET EACH,Pack,27
PACKET EACH PRODUCT,Pack,27
PACKET IN EACH TYPE,Pack,27
PACKET OF 6,Pack,27
PACKET OF EACH,Pack,27
Packet Of Each Item,Pack,27
PACKET OF EACH TYPE,Pack,27
Packet Of Each Types,Pack,27
PACKET PER ITEM,Pack,27
Packet(),Pack,27
Packet(19s),Pack,27
Packet(loose),Pack,27
Packet(m,Pack,27
Packet(m),Pack,27
Packet(s,Pack,27
Packet(s),Pack,27
Packet(s)1,Pack,27
Packet(s)fast,Pack,27
Packet(s1),Pack,27
Packet),Pack,27
Packet.,Pack,27
Packet1(s),Pack,27
Packets,Pack,27
PACKETS EACH,Pack,27
PACKETS EACH TYPE,Pack,27
PACKETS OF EACH,Pack,27
Packets Of Each Items,Pack,27
PACKETS OF EACH PRODUCT,Pack,27
Packng,Pack,27
PACKT,Pack,27
Packt(s),Pack,27
PACKTES,Pack,27
Pakets,Pack,27
Pck,Pack,27
Pcket,Pack,27
PECKET,Pack,27
per pack,Pack,27
per packet,Pack,27
Pkt,Pack,27
pkt.,Pack,27
Pkts,Pack,27
POCKET,Pack,27
small package,Pack,27
SMALL PACKET,Pack,27
Small Packing,Pack,27
Starting package,Pack,27
value packl,Pack,27
P1ack(s),Pack,27
Picket,Pack,27
Packag,Pack,27
PACKET OF EACH VARIETY,Pack,27
Packs,Pack,27
paket,Pack,27
Package starting price,Pack,27
Packege,Pack,27
PACKET FOR EACH,Pack,27
Packet of 100,Pack,27
Packets(s),Pack,27
packing,Pack,27
PACKIT,Pack,27
pake,Pack,27
Par Packet,Pack,27
pckets,Pack,27
PACKER,Pack,27
PACKITS,Pack,27
packs,Pack,27
Per Packing,Pack,27
PACKAT,Pack,27
PACKECT,Pack,27
Packet,Pack,27
PACKET EACH ITEM,Pack,27
Packet For Each Item,Pack,27
PACKETS.,Pack,27
Packetss),Pack,27
Pactes,Pack,27
perpair,pair,29
single pair,pair,29
pa1ir,pair,29
Pa9ir(s),pair,29
Paer,pair,29
pair of same number,pair,29
Pair(,pair,29
Pair(9s),pair,29
Pair(L),pair,29
Pair(m),pair,29
Pair(R),pair,29
Pair(s) back,pair,29
"Pair(s),Pair(s)",pair,29
Pair(s)One,pair,29
Pair.,pair,29
pair1,pair,29
pair15,pair,29
pair48uk,pair,29
Pair9),pair,29
Paire,pair,29
pairf,pair,29
pairrr,pair,29
P1air(s),pair,29
"""Pair""",pair,29
Pair/Set,pair,29
Pair,pair,29
Pairs,pair,29
1 pair,pair,29
Per Pair,pair,29
10 pair,pair,29
one pair,pair,29
Pair(s),pair,29
1Pair,pair,29
50 Pair,pair,29
ex pair,pair,29
2 Pair,pair,29
8 pair,pair,29
40 PAIR,pair,29
Pair each,pair,29
100PAIR,pair,29
01 pair,pair,29
1 mens pair,pair,29
1 pairs,pair,29
1/pair,pair,29
1-pair,pair,29
Ex - pair,pair,29
one pairs,pair,29
onepair,pair,29
pair 1,pair,29
pair price,pair,29
Pair(s)1,pair,29
"Pair, Single",pair,29
Pair/double,pair,29
PairPair,pair,29
par pair,pair,29
01/PAIR,pair,29
100 pairs,pair,29
PAIR OF EACH,pair,29
EACH PAIR,pair,29
1PAIR,pair,29
ONE PAIR,pair,29
PAIR,pair,29
PAIR EACH,pair,29
PAIR(S),pair,29
PAIRS,pair,29
1 PAIR,pair,29
2 PAIR,pair,29
pair2,pair,29
Pairs Or Above,pair,29
Pairs),pair,29
Each Of Pair,pair,29
Pai,pair,29
Pair 2,pair,29
Pair(s,pair,29
Pairs Each,pair,29
Piar,pair,29
1Pair(s),pair,29
Pair Of Each Item,pair,29
Pairs Of Each,pair,29
Person,Person,30
Persons,Person,30
uits,Piece,31
Un(s),Piece,31
Un),Piece,31
Un.it(s),Piece,31
Un15it(s),Piece,31
Sdpiece,Piece,31
Un1it,Piece,31
Un1it(s),Piece,31
Un20it(s),Piece,31
Un2it(s),Piece,31
Un500it(s),Piece,31
Unbit,Piece,31
Ungait(s),Piece,31
Unhit,Piece,31
Uni T,Piece,31
Uni(s),Piece,31
Uni01t(s),Piece,31
Uni10t(s),Piece,31
Uni1t(s),Piece,31
Uni28t(s),Piece,31
Uni2t(s),Piece,31
Uni45x25t(s),Piece,31
Uniits,Piece,31
Unikt,Piece,31
UniNost(s),Piece,31
Unint),Piece,31
Unio,Piece,31
Unionet(s),Piece,31
Uniots,Piece,31
Unis),Piece,31
Unit xxl,Piece,31
Unit For Each Type,Piece,31
Unit (s),Piece,31
Unit (s) Each One Type,Piece,31
Unit Each Of Type,Piece,31
Unit Od Each Type,Piece,31
Unit Of Per Product,Piece,31
Unit Of Unit,Piece,31
Unit Oif Each Type,Piece,31
Unit Per Itmes,Piece,31
- Select Unit -,Piece,31
EACH UNITS,Piece,31
1per unit,Piece,31
50 unit,Piece,31
.unit(s),Piece,31
1000Unit(s),Piece,31
10nit(s),Piece,31
2 Unit(s),Piece,31
2Unit(s),Piece,31
2units,Piece,31
400nit(s),Piece,31
40Unit(s),Piece,31
5000Unit(s),Piece,31
Custom units,Piece,31
Junit,Piece,31
More Then Unit,Piece,31
OneUnit(s),Piece,31
Per Each Unit,Piece,31
UNITS OF EACH BRAND,Piece,31
PUnit(s),Piece,31
Q*_Unit(s),Piece,31
Unit(2s),Piece,31
Unit(5),Piece,31
Unit(54s),Piece,31
Unit(5s),Piece,31
Unit(60),Piece,31
Unit(6s),Piece,31
Unit(a ),Piece,31
Unit(a 1n),Piece,31
ShhUnit(s),Piece,31
TRUnit(s),Piece,31
Unit(big,Piece,31
Unit(BIG),Piece,31
Unit(is),Piece,31
Unit(L),Piece,31
Unit(m),Piece,31
Unit(p),Piece,31
Unit(qs),Piece,31
Unit(s,Piece,31
U nit,Piece,31
U nit(s),Piece,31
U),Piece,31
U1nit(s),Piece,31
U2nit(s),Piece,31
U3nit(s),Piece,31
U5nit(s),Piece,31
UEnit(s),Piece,31
UFfnit(s),Piece,31
Uinit(s),Piece,31
Uints,Piece,31
Uit(s),Piece,31
NUMBER,Piece,31
Nos,Piece,31
Uni6000t(s),Piece,31
Unie Each,Piece,31
Uniit,Piece,31
piec5,Piece,31
Unit rj(s),Piece,31
Unit( In Each),Piece,31
Unit(),Piece,31
Unit(100s),Piece,31
Unit(10s),Piece,31
Unit(1ps),Piece,31
Unit(1s),Piece,31
Unit(1st s),Piece,31
Unit(2),Piece,31
Unit(250s),Piece,31
Unit(25s),Piece,31
Unit(s ),Piece,31
Unit(s ii),Piece,31
Unit(s) 1,Piece,31
Unit(s) a,Piece,31
Unit(s) Each,Piece,31
Unit(s) m,Piece,31
Unit(s) qe,Piece,31
"Unit(s),",Piece,31
Unit(s).,Piece,31
Unit(s)e,Piece,31
Unit(s)Each,Piece,31
Unit(s)ec2,Piece,31
Unit(s)emt,Piece,31
Unit(s)F,Piece,31
Unit(s)fgy,Piece,31
Unit(s)g,Piece,31
Unit(s)gg,Piece,31
Unit(s)ggjf,Piece,31
Unit(s)k,Piece,31
Unit(s)o,Piece,31
Unit(s)oic,Piece,31
Unit(s)P,Piece,31
Unit(s)pi,Piece,31
Unit(s)Pl,Piece,31
Unit(s)pr,Piece,31
Unit(s)pv,Piece,31
Unit(s)q,Piece,31
Unit(s)r,Piece,31
Unit(s)S,Piece,31
Unit(s)srsr,Piece,31
Unit(s)t,Piece,31
Unit(s)u,Piece,31
Unit(s)up,Piece,31
"Unit(s,)",Piece,31
Unit(s1),Piece,31
Unit(s10),Piece,31
Unit(s100,Piece,31
Unit(s150),Piece,31
Unit(s2),Piece,31
Unit(s20),Piece,31
Unit(s250),Piece,31
Unit(s3),Piece,31
Unit(s32),Piece,31
Unit(sa),Piece,31
Unit(sAr),Piece,31
Unit(scbf),Piece,31
Unit(sDdd),Piece,31
Unit(shs),Piece,31
Unit(sJj),Piece,31
Unit(ss),Piece,31
Piece(s10),Piece,31
Unit(tts),Piece,31
Unit(uttiis,Piece,31
Unit(v),Piece,31
Unit),Piece,31
Unit1(s),Piece,31
Unita,Piece,31
UnitA(s),Piece,31
Unitd,Piece,31
United(s),Piece,31
Unitg,Piece,31
Unitgt,Piece,31
Unitl,Piece,31
Unitlm(s),Piece,31
Unitm,Piece,31
Unitme(s),Piece,31
Unitp(s),Piece,31
Unit's,Piece,31
Units (s),Piece,31
Units all,Piece,31
Units Of Each Varieties,Piece,31
Units( In Each),Piece,31
Units(l),Piece,31
UnitS(s),Piece,31
Units),Piece,31
Units)1,Piece,31
"Units, Unit(s)",Piece,31
Units1,Piece,31
Units2,Piece,31
Units9,Piece,31
Unitse(s),Piece,31
UnitsQ,Piece,31
Unitsss,Piece,31
Unitts,Piece,31
Unity(s),Piece,31
Uniut,Piece,31
Uniwt(s),Piece,31
Unnit,Piece,31
Unqit(s),Piece,31
Unrit(s),Piece,31
Unt(s),Piece,31
Unti,Piece,31
UINIT,Piece,31
Unts,Piece,31
Uunits,Piece,31
Whole units,Piece,31
"""Unit""",Piece,31
1 units,Piece,31
Each unit,Piece,31
UNIT FOR EACH TYPE,Piece,31
1/unit,Piece,31
UNIT (EACH),Piece,31
1units,Piece,31
UNITE,Piece,31
20 unit,Piece,31
EACH OF UNIT,Piece,31
1-Unit,Piece,31
UNIT PER EACH,Piece,31
UNITS.,Piece,31
1unite,Piece,31
01unit,Piece,31
10unit,Piece,31
UNITS OF EACH ITEMS,Piece,31
UNIT OF EACH BRAND,Piece,31
UNITS OF EACH PRODUCT,Piece,31
1 unit,Piece,31
Per Uint,Piece,31
Unit Starting Price,Piece,31
UNIT OF EACH PRODUCTS,Piece,31
UNITS OF EACH TYPE,Piece,31
1u,Piece,31
Uinit,Piece,31
uniy,Piece,31
per/ Unit,Piece,31
UNI,Piece,31
i unit,Piece,31
starting price / unit,Piece,31
unite,Piece,31
UNIT EACH ITEMS,Piece,31
UNITS FOR EACH,Piece,31
UNITS IN EACH,Piece,31
UNITS OF EACH ITEM,Piece,31
ONE UNIT,Piece,31
Unut,Piece,31
UNITS OF EACH TYPES,Piece,31
uint,Piece,31
UNIT PER TYPE,Piece,31
Per 1 unit,Piece,31
per/Unit,Piece,31
Unit(,Piece,31
EACH ONE UNIT,Piece,31
FOR EACH UNIT,Piece,31
UNIT IN EACH TYPE,Piece,31
UNITY,Piece,31
per units,Piece,31
unitt,Piece,31
OF EACH UNIT,Piece,31
UNIT/TYPE,Piece,31
starting price per Unit,Piece,31
Unit(s)1,Piece,31
per unit price,Piece,31
Parunit,Piece,31
UNIT FOR EACH ITEM,Piece,31
UNIT IN EACH ITEMS,Piece,31
UNITS EACH PRODUCT,Piece,31
1UNIT,Piece,31
perUnit,Piece,31
1 peace,Piece,31
"1""Piece",Piece,31
PISCE,Piece,31
)piece,Piece,31
15piece,Piece,31
16pc,Piece,31
17piece,Piece,31
1full sigle peics,Piece,31
1piece1,Piece,31
2 pice,Piece,31
Single pcs,Piece,31
2 pis,Piece,31
200piece,Piece,31
4piece,Piece,31
600000piece,Piece,31
80piece,Piece,31
All Piece,Piece,31
Each Pieces,Piece,31
New one piece,Piece,31
One Piece Of Each,Piece,31
one pise,Piece,31
p19iece,Piece,31
p1iece,Piece,31
p65iece,Piece,31
Pces,Piece,31
PCs t(s),Piece,31
Pcs.(s),Piece,31
Pcss),Piece,31
Peach Of Each,Piece,31
peas,Piece,31
pece55,Piece,31
Pecie,Piece,31
Pecs,Piece,31
Peice Each,Piece,31
pesas,Piece,31
pesec,Piece,31
peses,Piece,31
pesies,Piece,31
pi1ce,Piece,31
pi1ece,Piece,31
pi35000ece,Piece,31
pi500000ece,Piece,31
pi50ece,Piece,31
piBestece,Piece,31
Pic (s),Piece,31
Pic(es),Piece,31
Picas,Piece,31
Pice Per Type,Piece,31
Pice(s),Piece,31
Picee,Piece,31
Piceses,Piece,31
pie ce,Piece,31
pie..,Piece,31
pie??ce,Piece,31
pie01ce,Piece,31
pie100000ce,Piece,31
pie12500ce,Piece,31
pie14000ce,Piece,31
pie1ce,Piece,31
pie20ce,Piece,31
Pie25ce(s),Piece,31
pie2ce,Piece,31
pie400e,Piece,31
pie40ce,Piece,31
pie4ce,Piece,31
pie70ce,Piece,31
pie7ce,Piece,31
piea,Piece,31
piec1,Piece,31
piec100000e,Piece,31
piec1000e,Piece,31
piec10e,Piece,31
piec15000e,Piece,31
piec1e,Piece,31
piec2,Piece,31
piec2e,Piece,31
piec3.5e,Piece,31
piec3500e,Piece,31
piec3e,Piece,31
piec4,Piece,31
piec500e,Piece,31
piec5e,Piece,31
piec6500e,Piece,31
piec75000e,Piece,31
piecae,Piece,31
piece-,Piece,31
piece of,Piece,31
Piece Of All,Piece,31
Piece Of Each Item,Piece,31
Piece Of Each Products,Piece,31
Piece Of Each Type,Piece,31
Piece Of Each Variety,Piece,31
Piece Or More,Piece,31
Piece Per Item,Piece,31
Piece Per Item,Piece,31
Piece Per Items,Piece,31
Piece Per Type,Piece,31
Piece s,Piece,31
piece SINGAL,Piece,31
piece uppp,Piece,31
piece x,Piece,31
Piece(1),Piece,31
Piece(10s),Piece,31
Piece(1s),Piece,31
Piece(4s),Piece,31
Piece(m s),Piece,31
Piece(M),Piece,31
Piece(s)3,Piece,31
Piece(s)4,Piece,31
Piece(s1),Piece,31
Piece),Piece,31
"piece,",Piece,31
"piece,1",Piece,31
"piece,piece",Piece,31
piece.1,Piece,31
piece01,Piece,31
Piece1(s),Piece,31
1 - Pcs,Piece,31
piece2,Piece,31
P[IECE,Piece,31
pieceal,Piece,31
pieceas,Piece,31
piecees,Piece,31
piecegvzb,Piece,31
pieceh,Piece,31
piecehd,Piece,31
pieceL,Piece,31
piecen,Piece,31
piecene,Piece,31
pieceno,Piece,31
pieceo,Piece,31
pieceOne,Piece,31
piecepc,Piece,31
piecer,Piece,31
piecers,Piece,31
piecerudd,Piece,31
Pieces 1,Piece,31
Pieces 4,Piece,31
Pieces Above,Piece,31
Pieces And Above,Piece,31
Pieces Eac Type,Piece,31
Pieces Each Types,Piece,31
Pieces Each Variety,Piece,31
Pieces For Each Type,Piece,31
Pieces Of Each Item,Piece,31
Pieces Of Every Product,Piece,31
Pieces(s),Piece,31
Pieces),Piece,31
Pieces.,Piece,31
Pieces1,Piece,31
Pieces2,Piece,31
Piecesc,Piece,31
pieceta,Piece,31
piecever,Piece,31
piecevi vo,Piece,31
piecew1,Piece,31
piecewm,Piece,31
pieceyy,Piece,31
piecie,Piece,31
piecqe,Piece,31
piecsete,Piece,31
piecUe,Piece,31
Pieee,Piece,31
pieonece,Piece,31
pieqce,Piece,31
Piesec,Piece,31
piewce,Piece,31
piqece,Piece,31
Pis(s),Piece,31
Pirces,Piece,31
pisce,Piece,31
rupee per piece,Piece,31
Pisces Of Each,Piece,31
1 Unit(s),Piece,31
Unit Above,Piece,31
UNIT AND ABOVE,Piece,31
UNIT OF PER ITEM,Piece,31
UNIT ABOVE,Piece,31
UNT,Piece,31
Each Unit = 1,Piece,31
pr unit,Piece,31
/1 unit,Piece,31
1 UNIT EACH,Piece,31
1 UNIT OF EACH,Piece,31
ABOVE UNIT,Piece,31
UNIT EACH BRAND,Piece,31
Piss,Piece,31
piwce,Piece,31
Pspiece,Piece,31
1 - PIECE,Piece,31
piec110e,Piece,31
01 pc.,Piece,31
Up piece,Piece,31
Upcs,Piece,31
UNIT EACH ONE,Piece,31
UNIY,Piece,31
"""1""""Piece""",Piece,31
"""Piece""",Piece,31
Per uni,Piece,31
1Unit(s),Piece,31
1 EACH UNIT,Piece,31
QUANTITY UNIT,Piece,31
UNIT EACH OF,Piece,31
UNIT EACH TYPE PRODUCT,Piece,31
UNIT EACH.,Piece,31
UNIT PER ITEMS,Piece,31
per Unit,Piece,31
Unir,Piece,31
unit price,Piece,31
Unt,Piece,31
1.unit,Piece,31
EACH OF UNITS,Piece,31
INTERNATIONAL UNIT,Piece,31
UNIT EACH,Piece,31
UNIT ALL,Piece,31
UNIT IN EACH BRAND,Piece,31
UNIT OF EACH ITEMS,Piece,31
UNIT OR MORE,Piece,31
UNIT PER PRODUCT,Piece,31
UNITS EACH TYPE,Piece,31
UNITS OF EACH PRODUCTS,Piece,31
UNITS OF EACH VARIETY,Piece,31
UINT,Piece,31
UNIR,Piece,31
1 Uniy,Piece,31
one unite,Piece,31
PER UNITE,Piece,31
per total unit,Piece,31
1st unit,Piece,31
/ unit,Piece,31
ABOVE UNITS,Piece,31
COMPLETE UNIT,Piece,31
MORE THAN UNIT,Piece,31
PLUS UNIT,Piece,31
UNIT AS TRIAL,Piece,31
UNIT EACH PER,Piece,31
UNIT FOR EACH PRODUCT,Piece,31
UNIT OF EACH SUBJECT,Piece,31
UNIT OF PER TYPE,Piece,31
Each Of Piece,Piece,31
Piece Above,Piece,31
piecea,Piece,31
pieceAk,Piece,31
Item,Piece,31
Piece Of Each Size,Piece,31
Piece in Bulk,Piece,31
Each Product Piece,Piece,31
Each Type Piece,Piece,31
Piece,Piece,31
PIECES,Piece,31
PIECE,Piece,31
pcs,Piece,31
PCS,Piece,31
1 piece,Piece,31
per piece,Piece,31
pc,Piece,31
1pc,Piece,31
UNITS,Piece,31
Unit(s),Piece,31
UNIT EACH,Piece,31
UNIT OF EACH,Piece,31
1unit,Piece,31
EACH UNIT,Piece,31
PIECE(S),Piece,31
1 pc,Piece,31
1 Pcs,Piece,31
PC,Piece,31
PICES,Piece,31
pices,Piece,31
PIC,Piece,31
peice,Piece,31
PICE,Piece,31
PEICE,Piece,31
units,Piece,31
3 Unit,Piece,31
One piece,Piece,31
- Unit -,Piece,31
one unit,Piece,31
1 UNITES,Piece,31
UNIT FOR EACH,Piece,31
UNIT OF EACH TYPE,Piece,31
UNIT OF EACH PRODUCT,Piece,31
UNIT EACH TYPE,Piece,31
1 pic,Piece,31
per pcs,Piece,31
PEACE,Piece,31
Per PC,Piece,31
PICS,Piece,31
PISCES,Piece,31
peace,Piece,31
PIECES EACH,Piece,31
1 peice,Piece,31
Pie,Piece,31
PIS,Piece,31
PEICES,Piece,31
pic,Piece,31
1pic,Piece,31
Piece/Pieces,Piece,31
1 pice,Piece,31
PIECES OF EACH,Piece,31
Piec,Piece,31
piece1,Piece,31
pice,Piece,31
Psc,Piece,31
per peice,Piece,31
PIECE EACH,Piece,31
Pcs.,Piece,31
pics,Piece,31
1 PICS,Piece,31
1 pis,Piece,31
1 UNIT,Piece,31
UNIT.,Piece,31
1 UNITE,Piece,31
UNITS OF EACH,Piece,31
1 per unit,Piece,31
UNIT OF EACH ITEM,Piece,31
single unit,Piece,31
UNIT EACH PRODUCT,Piece,31
PCS.,Piece,31
PEC,Piece,31
piecs,Piece,31
1 pices,Piece,31
per pice,Piece,31
PES,Piece,31
Per pieces,Piece,31
single piece,Piece,31
1pieces,Piece,31
per pc.,Piece,31
1 PIECE,Piece,31
1 Pieces,Piece,31
1pis,Piece,31
piese,Piece,31
1pice,Piece,31
pes,Piece,31
PS,Piece,31
pis,Piece,31
1 Piece(s),Piece,31
UNIT IN EACH,Piece,31
UNITS EACH,Piece,31
uni,Piece,31
Unit,Piece,31
01 unit,Piece,31
-Unit-,Piece,31
Par Unit,Piece,31
1 pes,Piece,31
per pices,Piece,31
Piece 1,Piece,31
PIECS,Piece,31
peices,Piece,31
piece/starts from,Piece,31
Piece(s),Piece,31
Pieces,Piece,31
1PCS,Piece,31
1Piece,Piece,31
1 pec,Piece,31
1pes,Piece,31
Piece(s)1,Piece,31
PER PIC,Piece,31
pece,Piece,31
EACH PIECE,Piece,31
PICEC,Piece,31
PIEACE,Piece,31
Per pieace,Piece,31
PSC,Piece,31
Unit1,Piece,31
100 unit,Piece,31
UNIT EACH ITEM,Piece,31
Unit 1,Piece,31
UNIT(S),Piece,31
1 unit,Piece,31
PER UNIT,Piece,31
1 pcs.,Piece,31
Par Piece,Piece,31
1 pc.,Piece,31
pc.,Piece,31
PEACES,Piece,31
One Pcs,Piece,31
ONE PIECE,Piece,31
1pc.,Piece,31
PIES,Piece,31
PIECE EACH ITEM,Piece,31
1peice,Piece,31
per peace,Piece,31
PIESE,Piece,31
pies,Piece,31
PIECE.,Piece,31
PIESES,Piece,31
1 per piece,Piece,31
1pices,Piece,31
ONE PIS,Piece,31
1Piece(s),Piece,31
one-piece,Piece,31
1/pc,Piece,31
PIEC,Piece,31
01 pcs,Piece,31
PIECES OF EACH PRODUCT,Piece,31
Ps,Piece,31
1PIECE,Piece,31
one pc,Piece,31
One pic,Piece,31
UNIT,Piece,31
pec,Piece,31
1 ps,Piece,31
1-PC,Piece,31
PIECES EACH PRODUCT,Piece,31
PIACE,Piece,31
"1,PIECE",Piece,31
1peace,Piece,31
Piece(s) 1,Piece,31
1Pcs.,Piece,31
1 per pcs,Piece,31
1/Piece,Piece,31
Per Pcs.,Piece,31
1pics,Piece,31
10pic,Piece,31
PICESE,Piece,31
Pieace,Piece,31
Piece(s)Piece(s),Piece,31
PiecePiece,Piece,31
1pec,Piece,31
1-PIECE,Piece,31
per piese,Piece,31
per pis,Piece,31
each piece,Piece,31
par pis,Piece,31
PICECS,Piece,31
PICSES,Piece,31
1 pies,Piece,31
one pice,Piece,31
PER PIECE,Piece,31
PIECES EACH ITEMS,Piece,31
PIECES FOR EACH,Piece,31
1 PIECS,Piece,31
1 pie,Piece,31
PIECES EACH ITEM,Piece,31
Picec,Piece,31
picse,Piece,31
Per pics,Piece,31
PIECE OF EACH PRODUCT,Piece,31
PIECES EACH TYPE,Piece,31
PIECSE,Piece,31
1 PICE,Piece,31
PEES,Piece,31
01 piece,Piece,31
Piece(s)p,Piece,31
PC.,Piece,31
I piece,Piece,31
1pies,Piece,31
Per pes,Piece,31
1 PC,Piece,31
PCE,Piece,31
PIECE OF EACH,Piece,31
One pics,Piece,31
PIECES OF EACH TYPE,Piece,31
1 PIC,Piece,31
paice,Piece,31
peiece,Piece,31
PIECE EACH TYPE,Piece,31
PIECES OF EACH ITEM,Piece,31
PISES,Piece,31
1PIC,Piece,31
1.0 Piece,Piece,31
per/pcs,Piece,31
1psc,Piece,31
1 PCS,Piece,31
PICESS,Piece,31
SINGLE PIECE,Piece,31
1 piece.,Piece,31
par pice,Piece,31
PIECE EACH PRODUCT,Piece,31
PEC.,Piece,31
1PC,Piece,31
PECE,Piece,31
One Pieces,Piece,31
pce,Piece,31
1. piece,Piece,31
Per-Piece,Piece,31
picece,Piece,31
1 piss,Piece,31
per pecs,Piece,31
Pr PC,Piece,31
Single PC,Piece,31
1 Per pc,Piece,31
1 psc,Piece,31
piece/start from,Piece,31
01 pcs.,Piece,31
One peace,Piece,31
pisc,Piece,31
PECIES,Piece,31
PIECES IN EACH,Piece,31
PICECE,Piece,31
PIECED,Piece,31
PISE,Piece,31
piece/starting from,Piece,31
pieve,Piece,31
1 PECS,Piece,31
ONE PEICE,Piece,31
ONE PICE,Piece,31
PEASE,Piece,31
PER PCS.,Piece,31
PIC.,Piece,31
Piecce,Piece,31
pirce,Piece,31
picese,Piece,31
piecr,Piece,31
Pisces,Piece,31
01 PC,Piece,31
01pic,Piece,31
1/pcs,Piece,31
One pices,Piece,31
PieceP,Piece,31
PIEACES,Piece,31
1PICE,Piece,31
1 piece,Piece,31
Puece,Piece,31
Piece approx,Piece,31
Piece.,Piece,31
Piece/1,Piece,31
piecec,Piece,31
Piecee,Piece,31
piecw,Piece,31
/Piece,Piece,31
01 peice,Piece,31
01/PER PC,Piece,31
01pcs,Piece,31
per one pc,Piece,31
Per Pies,Piece,31
Pieec,Piece,31
pierce,Piece,31
poece,Piece,31
PAR PIC,Piece,31
per pc,Piece,31
PER PIECE,Piece,31
Pieceq,Piece,31
each pics,Piece,31
picce,Piece,31
Piece(s).,Piece,31
Pieces`,Piece,31
starting price / pcs,Piece,31
1 picec,Piece,31
1/ pec,Piece,31
1peac,Piece,31
PIECEC,Piece,31
paise per piece,Piece,31
pease,Piece,31
per pic.,Piece,31
picses,Piece,31
Piece one,Piece,31
Piece(,Piece,31
Piece(s,Piece,31
piece`,Piece,31
Piece-1,Piece,31
Piecepice,Piece,31
piiece,Piece,31
/pees,Piece,31
01 pec,Piece,31
01 pic,Piece,31
ONE PIC,Piece,31
PER PCS,Piece,31
1 pcs,Piece,31
1 pce,Piece,31
PERPIECE,Piece,31
`Piece,Piece,31
Piece4,Piece,31
piesce,Piece,31
Pieses,Piece,31
Pises,Piece,31
PR PIECE,Piece,31
/pices,Piece,31
01pc,Piece,31
1 pc,Piece,31
PIRCES,Piece,31
1 PEACE,Piece,31
1 PIS,Piece,31
PIECR,Piece,31
1 piace,Piece,31
1 PiC.,Piece,31
1 piese,Piece,31
par pcs,Piece,31
pees,Piece,31
PER PEC,Piece,31
Per Piece approx,Piece,31
Per Piece.,Piece,31
piee,Piece,31
Pic.,Piece,31
Piece5,Piece,31
piecve,Piece,31
piecwe,Piece,31
.pcs,Piece,31
/pcs,Piece,31
01 Pce,Piece,31
01pc.,Piece,31
1 pc,Piece,31
PIECCE,Piece,31
PRIECE,Piece,31
1 PES,Piece,31
PER PC,Piece,31
PER PICE,Piece,31
1/Pic,Piece,31
1PS,Piece,31
one pes,Piece,31
Pai piece,Piece,31
par peace,Piece,31
pcs1,Piece,31
Pec.,Piece,31
per picec,Piece,31
Per psc,Piece,31
pise,Piece,31
(1) pcs,Piece,31
1 pcs each,Piece,31
a Piece,Piece,31
Each peice,Piece,31
one piece starting,Piece,31
Pi ece,Piece,31
Piece (MOQ),Piece,31
Piece(s)Per piece,Piece,31
"piece,etc",Piece,31
Piecettttt,Piece,31
piecew,Piece,31
Starting Price / piece,Piece,31
01 per piece,Piece,31
01 pices,Piece,31
01 pies,Piece,31
01 piese,Piece,31
"01,pc",Piece,31
0ne pices,Piece,31
"1 ,pieces",Piece,31
UNIT PER EACH TYPE,Piece,31
UNIT(ONE FOR EACH),Piece,31
UNITS FOR EACH TYPE,Piece,31
PICSE,Piece,31
PIEEC,Piece,31
PIESCE,Piece,31
SINGLE PIECES,Piece,31
/PIECE,Piece,31
ONE PICES,Piece,31
PER PEACE,Piece,31
PISC,Piece,31
1 peiece,Piece,31
UNITS IN EACH TYPE,Piece,31
1 Per Peice,Piece,31
1 pes.,Piece,31
UNITS OF PER ITEM,Piece,31
1 unit 1,Piece,31
Only 1 unit,Piece,31
per 1 units,Piece,31
Per. Unit,Piece,31
Unitfs,Piece,31
`unit,Piece,31
0NE UNIT,Piece,31
01 UNIT,Piece,31
1 UNITS,Piece,31
1 UNIT EACH TYPE,Piece,31
1 UNIT OF EACH PRODUCT,Piece,31
EACH 1 UNIT,Piece,31
EACH PER UNIT,Piece,31
1 pcs`,Piece,31
1per pcs,Piece,31
1piece(starting rate),Piece,31
Ek pcs,Piece,31
picess,Piece,31
Piece ( S ),Piece,31
Piece MOQ,Piece,31
Piece(card),Piece,31
Piece(s)one,Piece,31
Pieced,Piece,31
Piecet,Piece,31
piecez,Piece,31
pievce,Piece,31
/pc,Piece,31
:Piece,Piece,31
01 per pcs,Piece,31
01 pes,Piece,31
01 pieces,Piece,31
1 Piece,Piece,31
1 per piece,Piece,31
1 (pcs),Piece,31
1 [iece,Piece,31
1 [piece,Piece,31
1 1 PC,Piece,31
1PIECES,Piece,31
EACH UNITS TYPE,Piece,31
ONE EACH UNIT,Piece,31
ONE UNIT EACH,Piece,31
TOTAL UNIT,Piece,31
UNIT OF EACH,Piece,31
UNIT (ONE FOR EACH),Piece,31
UNIT ALL TYPE,Piece,31
UNIT AND MORE,Piece,31
UNIT EACH FRUIT,Piece,31
UNIT EACH PRODUCTS,Piece,31
UNIT EACH VARIETY,Piece,31
UNIT OF ALL,Piece,31
UNIT OF ALL TYPE,Piece,31
I PIECE,Piece,31
PE,Piece,31
PER PIECES,Piece,31
PICCE,Piece,31
PIECEE,Piece,31
PIECW,Piece,31
PIIECE,Piece,31
PIRCE,Piece,31
01 PIECE,Piece,31
1 PEICE,Piece,31
UNIT OF EACH PHASE,Piece,31
UNIT OF EACH QUANTITY,Piece,31
UNIT OF EACH TYPES,Piece,31
UNIT OR ABOVE,Piece,31
UNIT PER BRAND,Piece,31
UNIT PER EACH ITEM,Piece,31
UNIT PER ITEM,Piece,31
UNIT PER UNIT,Piece,31
UNIT TOTAL,Piece,31
UNIT/ EACH PRODUCT,Piece,31
UNIT/EACH PRODUCT,Piece,31
UNITS ABOVE,Piece,31
UNITS FOR EACH BRAND,Piece,31
UNITS FOR EACH PRODUCT,Piece,31
UNITS OR MORE,Piece,31
UNUT,Piece,31
1PEACE,Piece,31
1PEICE,Piece,31
1PES,Piece,31
1PICES,Piece,31
1PICS,Piece,31
ONE PC,Piece,31
PER PEICE,Piece,31
PER PICS,Piece,31
PER PIESE,Piece,31
SINGLE PCS,Piece,31
10peice,Piece,31
1 PE,Piece,31
1 PISC,Piece,31
1 Pisces,Piece,31
1 PISE,Piece,31
1/ piece,Piece,31
10 ps,Piece,31
SINGLE UNIT,Piece,31
1 U,Piece,31
Onr unit,Piece,31
pur unit,Piece,31
Unit prise,Piece,31
- 1Un1it -,Piece,31
- 1Unit -,Piece,31
0ne piece,Piece,31
by piece,Piece,31
each per piece,Piece,31
For one piece,Piece,31
I PCS.,Piece,31
per/piece,Piece,31
piace,Piece,31
Piece(s) O,Piece,31
piesces,Piece,31
single pieces,Piece,31
1 piece's,Piece,31
.1 piece,Piece,31
/Unit,Piece,31
@per Unit,Piece,31
@units,Piece,31
01 one unit,Piece,31
01 per unit,Piece,31
01 Units,Piece,31
0ne unit only,Piece,31
/UNIT,Piece,31
#UNIT,Piece,31
#UNIT(S),Piece,31
1 EACH UNITS,Piece,31
1 FULL UNIT,Piece,31
/Pic,Piece,31
/pice,Piece,31
[piece,Piece,31
`PCS,Piece,31
01 piec,Piece,31
01/piece,Piece,31
01pes,Piece,31
01piece,Piece,31
1 Piece,Piece,31
1 pic,Piece,31
1 pice,Piece,31
1 peice,Piece,31
1 pice,Piece,31
1 pics,Piece,31
1 psc,Piece,31
1 / piece,Piece,31
[PIECE,Piece,31
01PC.,Piece,31
1 PIACE,Piece,31
1 PIECES,Piece,31
1PC.,Piece,31
1PIES,Piece,31
1 UNIT FOR EACH BRAND,Piece,31
EACH PEICE,Piece,31
EACH PER PIECE,Piece,31
PAICE,Piece,31
PER PICES,Piece,31
PIECE`,Piece,31
PIECEZ,Piece,31
PIEE,Piece,31
PIERCE,Piece,31
PIESCES,Piece,31
PIEVE,Piece,31
01 PCS,Piece,31
1 UNIT.,Piece,31
01PIC,Piece,31
1 PIECE,Piece,31
1 PCS.,Piece,31
1 PEC,Piece,31
1 PIE,Piece,31
1 PIESE,Piece,31
1 PISS,Piece,31
1 UNITS OF EACH,Piece,31
UN,Piece,31
UNIT 1,Piece,31
UNIT1,Piece,31
UNITT,Piece,31
PR UNIT,Piece,31
UNIT PRICE,Piece,31
UNIT?,Piece,31
1 PS,Piece,31
1/PIECE,Piece,31
1PIS,Piece,31
ONE PEACE,Piece,31
ONE PES,Piece,31
PAR PIECE,Piece,31
PER PIS,Piece,31
PIECE1,Piece,31
PIECET,Piece,31
POECE,Piece,31
PUECE,Piece,31
In Each Unit,Piece,31
full unit,Piece,31
Each Of Pieces,Piece,31
IUnit(s),Piece,31
01unitss),Piece,31
One unit(s),Piece,31
3000piece,Piece,31
Pc(s),Piece,31
pcies,Piece,31
Pcs(s),Piece,31
Pcs),Piece,31
piece e,Piece,31
Piece Each Product,Piece,31
Piece Each Items,Piece,31
Piece Each One,Piece,31
Piece Each Variety,Piece,31
Piece For All Variety,Piece,31
Piece For Each,Piece,31
Piece For Each Item,Piece,31
Piece For Each Type,Piece,31
Piece From Each,Piece,31
piece I,Piece,31
Piece In Each,Piece,31
Piece In Each Type,Piece,31
120 pcs,Piece,31
150 pcs,Piece,31
120Unit(s),Piece,31
25piece,Piece,31
p20iece,Piece,31
PCs ),Piece,31
PC's.,Piece,31
PEICS,Piece,31
Pese,Piece,31
Piece Of Each Product,Piece,31
Piece (s),Piece,31
Piece ),Piece,31
piece a,Piece,31
)pc,Piece,31
50piece,Piece,31
50Unit(s),Piece,31
Unit(1,Piece,31
Unit(100gs),Piece,31
Unit(2,Piece,31
Unit(gsvs),Piece,31
Unit(s)..,Piece,31
Unit(s)Dhgg,Piece,31
Unit(s)fzs,Piece,31
Unit(s)jh,Piece,31
Unit(s)l,Piece,31
Unit In Each Item,Piece,31
Unit(1),Piece,31
Unit(3s),Piece,31
Unit(4s),Piece,31
Unit(60000s),Piece,31
Unit(a,Piece,31
Unit(a),Piece,31
Unit(es),Piece,31
Unit(Ks),Piece,31
Unit(l,Piece,31
Unit(m,Piece,31
"Unit(s),Unit(s)",Piece,31
Unit In Type,Piece,31
Unit Of,Piece,31
Unit( s),Piece,31
"Unit(,208s)",Piece,31
Unit(01s),Piece,31
Unit(10000s),Piece,31
Unit(s). Fvv,Piece,31
Unit(s)c,Piece,31
Unit(s)d,Piece,31
Unit(s)djditng,Piece,31
Unit(s)h,Piece,31
Unit(s)I,Piece,31
Unit(s)ine,Piece,31
Unit(s)kr,Piece,31
Unit(s)li,Piece,31
Unit(s)loose,Piece,31
Unit(s)m,Piece,31
Unit(s)n,Piece,31
Unit(s2,Piece,31
Unit(s220),Piece,31
Unit09(s),Piece,31
Unitb,Piece,31
Units (s) Each One Type,Piece,31
Units And Above,Piece,31
UPnit(s),Piece,31
1 Pound,Pound,32
1Pound,Pound,32
1Pound(s),Pound,32
Per Pound,Pound,32
Pound,Pound,32
Pound(s),Pound,32
POUNDS,Pound,32
1 ream,Ream,33
1 rim,Ream,33
One ream,Ream,33
Per Ream,Ream,33
per reams,Ream,33
Ream,Ream,33
Ream(s),Ream,33
Ream500,Ream,33
reams,Ream,33
REEM,Ream,33
Rim,Ream,33
RIMS,Ream,33
Roll (90m),Roll,34
1 roll,Roll,34
1/ROLL,Roll,34
1roll,Roll,34
Each Roll,Roll,34
per roll,Roll,34
Range start From per Roll,Roll,34
rol,Roll,34
ROLE,Roll,34
roles,Roll,34
Roll,Roll,34
Roll 1000,Roll,34
Roll Each,Roll,34
Roll Each Type,Roll,34
ROLL OF EACH,Roll,34
Roll(90,Roll,34
Roll(s),Roll,34
Roll(s) Of Each Item,Roll,34
Roll(s)1,Roll,34
Roll(s)2,Roll,34
Roll(s)20,Roll,34
Roll(s)3,Roll,34
Roll(s)50,Roll,34
Roll),Roll,34
Roll\,Roll,34
Rolle,Roll,34
Roller,Roll,34
rolls,Roll,34
Rolls For Each Product,Roll,34
Rool,Roll,34
300Roll,Roll,34
/ Set,Set,35
|Set,Set,35
01 SET,Set,35
01 sets,Set,35
01set,Set,35
0ne set,Set,35
1 set,Set,35
1 1 set,Set,35
1 complete set,Set,35
1 full set,Set,35
1 per set,Set,35
1 set,Set,35
1- Set,Set,35
1 SET (8 PC),Set,35
1 set of 12,Set,35
"1 set of 12""",Set,35
1 set of 4 pieces,Set,35
1 Sets,Set,35
1.8.set,Set,35
1/Set,Set,35
1-Set,Set,35
2 set,Set,35
31 PCS Set,Set,35
5 Pieces Set,Set,35
6 pcs set,Set,35
8 piece set,Set,35
Both Set,Set,35
combo set,Set,35
Complete Set,Set,35
Each Of Sets,Set,35
each set,Set,35
full set,Set,35
one set,Set,35
One set,Set,35
Par set,Set,35
PER SET,Set,35
Per Set (3 or 4 Pieces),Set,35
Per Set (4 Pieces),Set,35
PR SET.,Set,35
Set,Set,35
Set ),Set,35
Set And Above,Set,35
set of 3,Set,35
Set of 5 piece,Set,35
Set of 6 Pouches,Set,35
SET OF EACH ITEM,Set,35
Set(l,Set,35
Set(s,Set,35
Set(s),Set,35
Set(s) to,Set,35
Set(s)2,Set,35
Set(s)5,Set,35
Set(s)f,Set,35
Set(s)g,Set,35
Set(s)m,Set,35
Set(s)set,Set,35
Set(s)y,Set,35
Set(shhh),Set,35
Set(st),Set,35
Set(XXL),Set,35
Set),Set,35
Set.,Set,35
Set/Sets,Set,35
Set1,Set,35
setd,Set,35
Sets,Set,35
set's,Set,35
Sets Each,Set,35
Sets(s),Set,35
Sets1,Set,35
single set,Set,35
Size set(28,Set,35
To set,Set,35
Whole Set,Set,35
"1 set of 12""""",Set,35
"""Set""",Set,35
1SET,Set,35
4pcs set,Set,35
6 pc set,Set,35
6 piece set.,Set,35
Set combo pack,Set,35
set complete,Set,35
Set Each Items,Set,35
Set For Each Type,Set,35
set of 4 sizes,Set,35
Set Of Each Product,Set,35
Set(s)1,Set,35
Set(s)6,Set,35
Set(s)t,Set,35
12set,Set,35
1Set(s),Set,35
4 piece Set,Set,35
Set >,Set,35
Set of 03,Set,35
Set of 08,Set,35
set of 10,Set,35
Set of 12 Bottles,Set,35
Set of 4,Set,35
Set of 6,Set,35
Set of two,Set,35
Set(1s),Set,35
Set Each,Set,35
SET FOR EACH,Set,35
set of 5,Set,35
Set Per Product,Set,35
Set(32 pieces),Set,35
Set(pcs),Set,35
Set(s) Of Each,Set,35
2 of set,Set,35
3 Piece Set,Set,35
Set In Each,Set,35
Set of 5 pcs,Set,35
Set(4s),Set,35
Set(s) 4 1,Set,35
3 pcs set,Set,35
3 Set,Set,35
4+1 Set,Set,35
Set (s),Set,35
Set 4 piece,Set,35
Set of 5 pieces,Set,35
Set of 7,Set,35
SET OF EACH,Set,35
Set(l),Set,35
10 Set,Set,35
Set 0F 09,Set,35
Set of 6,Set,35
SET OF 09,Set,35
Set of 2,Set,35
set of 4 pcs,Set,35
set of 4 piece,Set,35
Set of 4 Pieces,Set,35
Set OF 5 PIES,Set,35
set of 6 pcs,Set,35
SET OF EACH TYPE,Set,35
Set of four,Set,35
Set(full body),Set,35
4 in a set,Set,35
4 piece set.,Set,35
7 pc/set,Set,35
Set Each Item,Set,35
set of 5 pes,Set,35
Set(),Set,35
Set(m),Set,35
Set(s)25,Set,35
Set(s)4,Set,35
Set(s)fg,Set,35
1 sheets,Sheet,36
10 sheets,Sheet,36
100 sheets,Sheet,36
1sheet,Sheet,36
one sheet,Sheet,36
per running sheet,Sheet,36
Per Sheet,Sheet,36
per sheet (8' x 4'),Sheet,36
per sheets,Sheet,36
Running Sheet,Sheet,36
Sheet,Sheet,36
sheet (8/4),Sheet,36
Sheet(s),Sheet,36
1 sheet,Sheet,36
FULL SHEET,Sheet,36
Sheet 1,Sheet,36
Sheets,Sheet,36
Sheets(s),Sheet,36
Sheet Of Each,Sheet,36
Metre per square,Square Meter,39
1/sqmt,Square Meter,39
1sqm,Square Meter,39
1square meter,Square Meter,39
4000 Square Meter(s),Square Meter,39
7-per Square Meter(s),Square Meter,39
m2,Square Meter,39
Par Sq Meter,Square Meter,39
per sq meter,Square Meter,39
Per Sq Mtr,Square Meter,39
per sq. Mtr,Square Meter,39
Per Sq.M.,Square Meter,39
per SqM,Square Meter,39
Per SqMtr.,Square Meter,39
per square meter,Square Meter,39
per square meter (MOQ 10 meter),Square Meter,39
per Square Meter(s),Square Meter,39
Psqm,Square Meter,39
smt,Square Meter,39
Smtr,Square Meter,39
Sq .meter,Square Meter,39
Sq m,Square Meter,39
Sq Meter(s),Square Meter,39
SQ METERE,Square Meter,39
Sq Metre,Square Meter,39
sq mt,Square Meter,39
Sq Mtr,Square Meter,39
sq mtrs,Square Meter,39
sq. meter,Square Meter,39
Sq. Mtr.,Square Meter,39
Sq.M,Square Meter,39
sq.mtr,Square Meter,39
Sq.Mtrs,Square Meter,39
SQAURE METER,Square Meter,39
SqMeter,Square Meter,39
sqmt,Square Meter,39
Sqmtr,Square Meter,39
Sqmtrs,Square Meter,39
sqr meter,Square Meter,39
sqrm,Square Meter,39
Squar Meter,Square Meter,39
Square Meter,Square Meter,39
Square m,Square Meter,39
Square M500eter(s),Square Meter,39
square met,Square Meter,39
Square Meter,Square Meter,39
Square Meter aprox,Square Meter,39
square meters,Square Meter,39
Square Metre,Square Meter,39
square metres,Square Meter,39
Square Running Meter,Square Meter,39
Squaremeter,Square Meter,39
squares mtrs,Square Meter,39
squat mater,Square Meter,39
Squre meter,Square Meter,39
sqm,Square Meter,39
per quare meter,Square Meter,39
SQ METER,Square Meter,39
Square Meter(s),Square Meter,39
Meter sq,Square Meter,39
Square Meter(s)q,Square Meter,39
suare meter,Square Meter,39
1 sqmeter,Square Meter,39
sq.mt,Square Meter,39
Sqr,Square Meter,39
Square meter),Square Meter,39
/sqm,Square Meter,39
meter square,Square Meter,39
Per Sq.M,Square Meter,39
per sqmrt,Square Meter,39
PER SQMT,Square Meter,39
per sqr mtr,Square Meter,39
SQ METER.,Square Meter,39
sq. Mtr,Square Meter,39
sq.m.,Square Meter,39
Sq.Meter,Square Meter,39
Sq.Meters,Square Meter,39
Sq.metre,Square Meter,39
sqmt.,Square Meter,39
per sq.mtr,Square Meter,39
sq meters,Square Meter,39
sq. mt,Square Meter,39
Sqare Meter,Square Meter,39
1 sqm,Square Meter,39
100 square mete,Square Meter,39
SQ METRE(S),Square Meter,39
SqM,Square Meter,39
1 watt,Watt,43
10 watt,Watt,43
1000 W,Watt,43
120 watt,Watt,43
1200 watt,Watt,43
1200wt,Watt,43
12W,Watt,43
12Watt,Watt,43
15 w,Watt,43
15w,Watt,43
18Watt,Watt,43
1watt,Watt,43
30 watt,Watt,43
30W,Watt,43
40 Watt,Watt,43
5 watt,Watt,43
500watt(s),Watt,43
5W,Watt,43
one watt,Watt,43
par watt,Watt,43
par watts,Watt,43
per watt,Watt,43
Watt,Watt,43
100 Watt,Watt,43
WATT(S),Watt,43
watts,Watt,43
100w,Watt,43
12 watt,Watt,43
15 Watt,Watt,43
Per Watts,Watt,43
Kilowatts,Kilowatt,45
KILOWAT,Kilowatt,45
5 KILOWATTS,Kilowatt,45
KILOWATT(S),Kilowatt,45
10 Kilowatt,Kilowatt,45
2 KILOWATT,Kilowatt,45
1 kilowatt,Kilowatt,45
1kilowatt,Kilowatt,45
1 Kilo Watt,Kilowatt,45
1 inch,Inch,46
12inch,Inch,46
2 inch,Inch,46
32 inch,Inch,46
4 Inch,Inch,46
Inch(s),Inch,46
Inches,Inch,46
per inch,Inch,46
per inch.,Inch,46
prices per inch,Inch,46
run inch,Inch,46
running inch,Inch,46
1/inch,Inch,46
10 inch,Inch,46
12 Inch,Inch,46
18 Inch,Inch,46
Inch,Inch,46
>4inch,Inch,46
12 inches,Inch,46
1inch,Inch,46
0ne plate,Plate,48
per plate,Plate,48
Plate,Plate,48
Plate(s),Plate,48
PLATES,Plate,48
1 plate,Plate,48
1 Plate,Plate,48
Full Plate,Plate,48
Micrometer,Micrometer,52
Running Feet,Feet,53
Rft,Feet,53
1 feet,Feet,53
1 fit,Feet,53
20/8 Feet,Feet,53
3 feet,Feet,53
40 Feet(s),Feet,53
4-5 Feet,Feet,53
5 Feet,Feet,53
6 Feet,Feet,53
7.5 Feet,Feet,53
7feet,Feet,53
8/8 feet,Feet,53
are Feet(s),Feet,53
Feet,Feet,53
Feet (s),Feet,53
Feet Around,Feet,53
Feet Of Each,Feet,53
Feet(),Feet,53
Feet(s),Feet,53
Feet(s)1.5,Feet,53
feets,Feet,53
Fite,Feet,53
per fit,Feet,53
1 FT,Feet,53
10 feet,Feet,53
12 Feet,Feet,53
4/4/8 Feet,Feet,53
Feet)20,Feet,53
Per Feet,Feet,53
10 fit,Feet,53
10feet,Feet,53
Par feet,Feet,53
1.5 Feet,Feet,53
100feet,Feet,53
1Feet,Feet,53
20 feet,Feet,53
3 fit,Feet,53
40 feet,Feet,53
7 Feet,Feet,53
Feet Each,Feet,53
Feet Or Above,Feet,53
Feet(2 s),Feet,53
Feet(s) 300,Feet,53
Feet(s)20,Feet,53
fit,Feet,53
Mile,Mile,54
1sqr.inch,Square Inch,55
Per sq inch,Square Inch,55
per sq.inch,Square Inch,55
per square inch,Square Inch,55
Squar inch,Square Inch,55
Square Inc,Square Inch,55
Square inch(s),Square Inch,55
squareinch,Square Inch,55
Square Inche,Square Inch,55
Per Sqr inch 300,Square Inch,55
sq inch,Square Inch,55
Sq Inches,Square Inch,55
Sq. Inch,Square Inch,55
sq.inch,Square Inch,55
sqaure inch,Square Inch,55
Square Inch,Square Inch,55
square inches,Square Inch,55
ACER,Acre,57
ACRES,Acre,57
Acre,Acre,57
Cubic cm,Cubic Centimeter,59
Cubic Centimeter,Cubic Centimeter,59
Cubic Inch,Cubic Inch,60
Gigawatt,GigaWatt,63
TeraWatt,TeraWatt,64
Second,Second,68
SECONDS,Second,68
SECOND,Second,68
seconds,Second,68
Minute,Minute,69
Minutes,Minute,69
minute,Minute,69
minit,Minute,69
MONTH,Month,70
Month,Month,70
Months,Month,70
Monthe,Month,70
Monthes,Month,70
Month,Month,70
YEAR,Year,71
Year,Year,71
Ear,Year,71
Years,Year,71
Yer,Year,71
GROSS,Gross,72
Gross,Gross,72
Grosss,Gross,72
Gros,Gross,72
Grross,Gross,72
/RFT,Running Feet,73
/running fit,Running Feet,73
01 R.F.T,Running Feet,73
RF,Running Feet,73
rft (running feet),Running Feet,73
runing feet,Running Feet,73
Runnig feet,Running Feet,73
Running Feet,Running Feet,73
Running Feet rates starts from,Running Feet,73
Running Feet(s),Running Feet,73
Running Foot,Running Feet,73
Running ft,Running Feet,73
running ft.,Running Feet,73
Per Rft,Running Feet,73
R.feet,Running Feet,73
Per running feet,Running Feet,73
feet running,Running Feet,73
R feet,Running Feet,73
R/Feet,Running Feet,73
RFT,Running Feet,73
Raining Feet,Running Feet,73
One bunch,Bunch,75
ONLY ONE BUNCH,Bunch,75
1bunch,Bunch,75
Bunch,Bunch,75
bundle,Bundle,76
BUNDDLE,Bundle,76
BUNDEL,Bundle,76
Bundles,Bundle,76
Bundle `,Bundle,76
BONDAL,Bundle,76
1 bundal,Bundle,76
1 bundle( 10 packet),Bundle,76
BANDAL,Bundle,76
1 bundle,Bundle,76
Bundle,Bundle,76
1 bumdle,Bundle,76
10 Bundles,Bundle,76
BANDEL,Bundle,76
BANDLE,Bundle,76
1 bundle(10 packet),Bundle,76
BUNDELS,Bundle,76
bundle (450 items),Bundle,76
01 bundle,Bundle,76
BUNDAL,Bundle,76
BUNDALS,Bundle,76
per bundle,Bundle,76
per Container,Container,77
1' container,Container,77
1 CONTAINER,Container,77
 Container(s),Container,77
1 containers,Container,77
CONTAINER,Container,77
Containers,Container,77
1x20ft container,Container,77
1 continer,Container,77
1 contaner,Container,77
1container,Container,77
Container,Container,77
1 contener,Container,77
10container,Container,77
4' Container,Container,77
1'' Container(s),Container,77
CONTAINERS,Container,77
2'' Container(s),Container,77
1 Container,Container,77
1 conter,Container,77
1 cointainer,Container,77
1 continers,Container,77
5 Containers,Container,77
1 continar,Container,77
01 Container,Container,77
CONATINER,Container,77
01' Container,Container,77
2' Container,Container,77
1'container,Container,77
10 container,Container,77
Contener,Container,77
1 Page,Page,81
15 Page,Page,81
5 page,Page,81
5 Pages,Page,81
Page,Page,81
10 pages,Page,81
4 pages,Page,81
6 Pages,Page,81
pages,Page,81
per page,Page,81
Plant,Plant,82
Plant Each,Plant,82
Plants,Plant,82
1 plant,Plant,82
01 per plant,Plant,82
One Plant,Plant,82
plants,Plant,82
01 Plant,Plant,82
per Plant,Plant,82
1 pouch,Pouch,83
1/pouch,Pouch,83
Pouch,Pouch,83
Pouche,Pouch,83
Poch,Pouch,83
pouches,Pouch,83
Per pouch,Pouch,83
05 kuntal,Quintal,84
1 KUNTAL,Quintal,84
1 kwintal,Quintal,84
1 qtl,Quintal,84
1 quintal,Quintal,84
100qntl,Quintal,84
12 kuntal,Quintal,84
Each Qunt.,Quintal,84
Kintal,Quintal,84
kiuntel,Quintal,84
Kultal,Quintal,84
Kundal,Quintal,84
kuntal,Quintal,84
Kuwantal,Quintal,84
Kvintal,Quintal,84
Kwintal,Quintal,84
Kwintals(s),Quintal,84
one quintal,Quintal,84
Ouantal,Quintal,84
per quintal,Quintal,84
Qintal,Quintal,84
QNTL,Quintal,84
Qntle,Quintal,84
Qtl.,Quintal,84
Qtls,Quintal,84
QUAINTAL,Quintal,84
Quani,Quintal,84
quantal,Quintal,84
Quantals,Quintal,84
Quantels,Quintal,84
QUANTIAL,Quintal,84
Quantil,Quintal,84
Quential,Quintal,84
QUIENTAL,Quintal,84
Quimt,Quintal,84
Quinal,Quintal,84
Quinel,Quintal,84
Quintal,Quintal,84
QUINTAL EACH,Quintal,84
Quintas,Quintal,84
QUINTEL,Quintal,84
quintil,Quintal,84
Quntol,Quintal,84
Qwinton,Quintal,84
Toone,Quintal,84
Quital,Quintal,84
Q,Quintal,84
Quantle,Quintal,84
quintain,Quintal,84
Quintol,Quintal,84
Qunital,Quintal,84
Quntal,Quintal,84
Quntle,Quintal,84
100 kg,Quintal,84
100KG,Quintal,84
100kg,Quintal,84
100 KG,Quintal,84
QUNITEL,Quintal,84
QUNITLES,Quintal,84
QUNITALS,Quintal,84
Kilogra100kgm(s),Quintal,84
Kiwntal,Quintal,84
par quintal,Quintal,84
Qintle,Quintal,84
Qtl,Quintal,84
Quantel,Quintal,84
Quantile,Quintal,84
Quantils,Quintal,84
QUANTLE,Quintal,84
Queintal,Quintal,84
Quental,Quintal,84
QUENTEL,Quintal,84
QUINTA,Quintal,84
Quintal Above,Quintal,84
Quintal Each Of Item,Quintal,84
Quintal In Each,Quintal,84
Quintal Of Each,Quintal,84
QUINTAL(S),Quintal,84
Quinte,Quintal,84
QUINTILE,Quintal,84
Quintl,Quintal,84
Quintle,Quintal,84
QUINTLES,Quintal,84
QUINTOL,Quintal,84
Quintols,Quintal,84
QUITAL,Quintal,84
Qumntl,Quintal,84
Qunintal,Quintal,84
QUNITAL,Quintal,84
Qunt,Quintal,84
QUNTAL,Quintal,84
Quntal(s),Quintal,84
Quntel,Quintal,84
Quntele,Quintal,84
QUNTIAL,Quintal,84
/ quintal,Quintal,84
/quintal,Quintal,84
KONTAL,Quintal,84
Kwintol,Quintal,84
Quintal Of Each Item,Quintal,84
quintal),Quintal,84
Quintals,Quintal,84
Quintals Of Each,Quintal,84
Qwital,Quintal,84
Quntials,Quintal,84
QWINTAL,Quintal,84
1 Vial,Vial,88
one vial,Vial,88
per vial,Vial,88
Single - Vial,Vial,88
single use vial,Vial,88
Vial,Vial,88
vials,Vial,88
Vile,Vial,88
Ampoule,Vial,88
Viaal,Vial,88
Visit,Visit,89
10 Yards,Yard,90
per Yard,Yard,90
YARD,Yard,90
yards,Yard,90
yds,Yard,90
15 Yards,Yard,90
Yd,Yard,90
Order,Order,92
1 order,Order,92
1 kit,Kit,93
Complete Kit,Kit,93
Kit Of Each,Kit,93
Kites,Kit,93
kits,Kit,93
one kit,Kit,93
per kit,Kit,93
1kit,Kit,93
full kit,Kit,93
kit(s),Kit,93
Kit,Kit,93
1 tablet,Tablet,94
10 Tab,Tablet,94
10 Tablet,Tablet,94
10 Tablets,Tablet,94
100 tab,Tablet,94
100 tablets,Tablet,94
100tab,Tablet,94
100tablets,Tablet,94
10Tablet,Tablet,94
10TABLETS,Tablet,94
10tabs,Tablet,94
14 Tablets,Tablet,94
15Tablets,Tablet,94
1x 10 tabs,Tablet,94
28 TAB,Tablet,94
28 Tabs,Tablet,94
30 TABLET,Tablet,94
30 Tabs,Tablet,94
30tabs,Tablet,94
3Tablet,Tablet,94
60 Tab,Tablet,94
60 tablet,Tablet,94
80 Tab,Tablet,94
per tablet,Tablet,94
pills,Tablet,94
Tabet,Tablet,94
Tablat,Tablet,94
table,Tablet,94
Tables,Tablet,94
Tablet,Tablet,94
TABLET(S),Tablet,94
Tablet),Tablet,94
tablets,Tablet,94
TBlets,Tablet,94
Teblet,Tablet,94
10tab,Tablet,94
120 tablets,Tablet,94
28 tablet,Tablet,94
30 Tab,Tablet,94
60 TABLETS,Tablet,94
Tab(s),Tablet,94
Tablet Of Each,Tablet,94
tabs,Tablet,94
10 tabs,Tablet,94
100 Tablet,Tablet,94
100 tabs,Tablet,94
1000 Tab,Tablet,94
1x30 tabs,Tablet,94
28 tablets,Tablet,94
28tabs,Tablet,94
30 Tablets,Tablet,94
pill,Tablet,94
tab,Tablet,94
Tablet s,Tablet,94
01 can,Can,95
1 CAN,Can,95
CAN,Can,95
Cane,Can,95
Cans For Each,Can,95
EACH CAN,Can,95
PER CAN,Can,95
CANS,Can,95
1 ltr can,Can,95
1 bucket,Bucket,96
10 KG Bucket,Bucket,96
BUCKET,Bucket,96
Bucket Per Grade,Bucket,96
BUCKETS,Bucket,96
lbucket,Bucket,96
full bucket,Bucket,96
Per bucket,Bucket,96
ton,Tonne,97
metric tonne,Tonne,97
mt,Tonne,97
Each Of Ton,Tonne,97
1.5 ton (s),Tonne,97
1Ton(s),Tonne,97
2 ton,Tonne,97
2Ton,Tonne,97
50ton,Tonne,97
taan,Tonne,97
Ten tons,Tonne,97
Ton 2,Tonne,97
Ton Each,Tonne,97
Ton Each Items,Tonne,97
Ton Each Product,Tonne,97
Ton Each Type,Tonne,97
Ton For Each,Tonne,97
Ton For Each Item,Tonne,97
Ton Of Each,Tonne,97
Ton Of Each Item,Tonne,97
Ton Of Each Product,Tonne,97
Ton two,Tonne,97
Ton(),Tonne,97
Ton(1),Tonne,97
Ton(1.5),Tonne,97
Ton(10),Tonne,97
Ton(1s),Tonne,97
Ton(3s),Tonne,97
Ton(s,Tonne,97
Ton(s ),Tonne,97
Ton(s) 1,Tonne,97
"Ton(s),8",Tonne,97
"Ton(s),Ton(s)",Tonne,97
Ton(s)1,Tonne,97
Ton(s)1.5,Tonne,97
Ton(s)10,Tonne,97
Ton(s)15,Tonne,97
Ton(s)2,Tonne,97
Ton(s)20,Tonne,97
Ton(s)3,Tonne,97
Ton(s)4,Tonne,97
Ton(s)5,Tonne,97
Ton(s)50,Tonne,97
Ton(s)500,Tonne,97
Ton(s)6000,Tonne,97
Ton(s)74,Tonne,97
Ton(s)a,Tonne,97
Ton(s)Lon,Tonne,97
Ton(s)q,Tonne,97
Ton(s)ton,Tonne,97
Ton(s1),Tonne,97
Ton(s2),Tonne,97
Ton(s28),Tonne,97
Ton(sqs),Tonne,97
Ton(tans),Tonne,97
Ton(tones),Tonne,97
Ton(tons),Tonne,97
ton),Tonne,97
"Ton,",Tonne,97
"ton,s",Tonne,97
Ton.500,Tonne,97
Ton1,Tonne,97
Ton1. 5,Tonne,97
Ton10,Tonne,97
Ton101,Tonne,97
Ton12,Tonne,97
Ton2,Tonne,97
Ton25,Tonne,97
Ton3,Tonne,97
Ton30,Tonne,97
Ton4,Tonne,97
Tone(s),Tonne,97
Tones(s),Tonne,97
tonk,Tonne,97
Tonns,Tonne,97
Tons Each,Tonne,97
Tons Of Each Variety,Tonne,97
Tons),Tonne,97
tontonne,Tonne,97
ToTon,Tonne,97
"""Ton""",Tonne,97
Tonne (MT),Tonne,97
Tonne(MT),Tonne,97
Teen,Tonne,97
Tonne,Tonne,97
Toone,Tonne,97
Matric Tonne,Tonne,97
1000 KG,Tonne,97
1000KG,Tonne,97
1000kg,Tonne,97
Ton,Tonne,97
Tons,Tonne,97
Per ton,Tonne,97
1 TON,Tonne,97
10 Ton,Tonne,97
100 ton,Tonne,97
tonne,Tonne,97
tone,Tonne,97
1ton,Tonne,97
4 ton,Tonne,97
40 ton,Tonne,97
1 ton,Tonne,97
1.0 Ton,Tonne,97
Per Tons,Tonne,97
Tones,Tonne,97
Tonn,Tonne,97
01 ton,Tonne,97
1 tons,Tonne,97
10 tons,Tonne,97
USD PER TON,Tonne,97
EACH TON,Tonne,97
10 TON,Tonne,97
100 TON,Tonne,97
TON,Tonne,97
TON(S),Tonne,97
TONES,Tonne,97
TONN,Tonne,97
TONNE,Tonne,97
TONNES,Tonne,97
1TON,Tonne,97
1.0 TON,Tonne,97
1.5 ton,Tonne,97
Ton(s),Tonne,97
20 ton,Tonne,97
ONE TON,Tonne,97
1.5 TON,Tonne,97
20 TON,Tonne,97
4 TON,Tonne,97
1 tone,Tonne,97
tonnes,Tonne,97
per tonne,Tonne,97
per 1 ton,Tonne,97
TON.,Tonne,97
TONS,Tonne,97
03 ton,Tonne,97
TAN,Tonne,97
TONE,Tonne,97
Ton . Of Each,Tonne,97
Ton(,Tonne,97
10Ton,Tonne,97
10Ton(s),Tonne,97
20tons,Tonne,97
Capsuless,Capsule,99
1 capss,Capsule,99
1Softgel Capsules,Capsule,99
01 CAPSULEs,Capsule,99
01 Capsulls,Capsule,99
1Soft Gel Capsules,Capsule,99
ONE CAPS,Capsule,99
one capsulesssz,Capsule,99
one capsules,Capsule,99
one cap,Capsule,99
1CAPSULES,Capsule,99
1Capsules,Capsule,99
1cap,Capsule,99
One cap,Capsule,99
One capsules,Capsule,99
1 Capsule,Capsule,99
one Caps,Capsule,99
001Capsules,Capsule,99
One cpss,Capsule,99
Cappsss,Capsule,99
1Capsul,Capsule,99
capsule,Capsule,99
capsules,Capsule,99
01 caps,Capsule,99
1 capsuless,Capsule,99
001 Caps,Capsule,99
centimeter,Cm,100
cms,Cm,100
cm,Cm,100
80Cm,Cm,100
90 cm,Cm,100
coil,Coil,101
CONES,Cone,102
CONE,Cone,102
CYLINDER,Cylinder,105
DRUMS,Drum,106
DRUM,Drum,106
5HP,Hp,108
5 HP,Hp,108
1 hp,Hp,108
hp,Hp,108
JAR,Jar,109
Jars,Jar,109
jawr,Jar,109
Jar,Jar,109
JARS,Jar,109
jar,Jar,109
1 jaar,Jar,109
One Jar,Jar,109
Per Jar,Jar,109
1 jar (50),Jar,109
1 jar,Jar,109
per kilometer,Km,110
per km,Km,110
1km,Km,110
Kilometre,Km,110
80km,Km,110
KILO METER,Km,110
Kilometer,Km,110
10km,Km,110
Km,Km,110
100 km,Km,110
1 km,Km,110
IN KILOMETER,Km,110
30 Kilometer,Km,110
Kilometer(s),Km,110
1 K m,Km,110
1 KV,KV,111
KiloVolts,KV,111
",2kva",KVA,112
5kva,KVA,112
per kva,KVA,112
KVA,KVA,112
5 KVA,KVA,112
1 KVA,KVA,112
1 KVR,KVAR,113
KVAR,KVAR,113
per kvar,KVAR,113
Kilowatt,KW,114
0.75 KW,KW,114
1 KW,KW,114
1 Kwatt,KW,114
Kw,KW,114
per kW,KW,114
1kw,KW,114
/KW,KW,114
1 kw.,KW,114
1 KWP,KW,114
KWp,KW,114
1kw per grid,KW,114
KW,KW,114
KWP,KW,114
1KW,KW,114
5lbs,Lbs,115
6lbs,Lbs,115
lb,Lbs,115
Lbs,Lbs,115
25 MG,mg,116
MILIGRAM,mg,116
0.25mg,mg,116
100mg,mg,116
11.25 mg,mg,116
Milligram,mg,116
Megawatts,mg,116
mg,mg,116
100 mg,mg,116
Microgram,mg,116
10mg,mg,116
MLls,ml,117
1500 ml,ml,117
ML,ml,117
100 .ml,ml,117
700ml,ml,117
25ml,ml,117
25 mL,ml,117
Per 10 ml,ml,117
10 ml,ml,117
400ml,ml,117
1 ml,ml,117
MILLILITRE,ml,117
100Ml.,ml,117
0.5ml,ml,117
900ml,ml,117
15 ml,ml,117
15ml,ml,117
1ml,ml,117
15 Milliliter,ml,117
1000. ML,ml,117
140ml,ml,117
75ml,ml,117
145 ml,ml,117
10ml,ml,117
1000 ml,ml,117
50ml,ml,117
MILI LITRE,ml,117
500 Milliliter,ml,117
3500 ml,ml,117
10-Ml,ml,117
210 ml,ml,117
per 500 ml,ml,117
100/200ml,ml,117
180ML,ml,117
200 Milliliter,ml,117
130 ml,ml,117
10000ml,ml,117
5 ml,ml,117
3ml,ml,117
.25ML,ml,117
250ml,ml,117
100 ml.,ml,117
125 ML,ml,117
8 ml,ml,117
12 Milliliter,ml,117
100ml,ml,117
30 ml,ml,117
500 ML,ml,117
500 ML,ml,117
10000 ml,ml,117
Per 100 ml,ml,117
525ML,ml,117
12 Millimeter,ml,117
75 ml,ml,117
300ml,ml,117
80ml,ml,117
Per 600 ml,ml,117
5ml,ml,117
700 ml,ml,117
(400 ML),ml,117
50 ml,ml,117
Per 50 ml,ml,117
(20 ML),ml,117
350 ML,ml,117
20ml,ml,117
500ML,ml,117
500 ml.,ml,117
120ml,ml,117
900 ml,ml,117
0.8ml,ml,117
70 Ml,ml,117
750ml,ml,117
600 ml,ml,117
110 ml,ml,117
20 ML,ml,117
100/ml,ml,117
550 ml,ml,117
9ml,ml,117
250 ML,ml,117
(30 ML),ml,117
MILILITRE,ml,117
850ml,ml,117
250/500 ML,ml,117
110ml,ml,117
12 ml,ml,117
150ml,ml,117
300 ml,ml,117
800ml,ml,117
118ml,ml,117
400 ML,ml,117
12 Mililiter,ml,117
Milliliter,ml,117
210ml,ml,117
450 ml,ml,117
60ml,ml,117
60 ml,ml,117
175ml,ml,117
100 ml,ml,117
190ml,ml,117
2ML,ml,117
3.8 ml,ml,117
290. ml,ml,117
350ml,ml,117
150 ml,ml,117
0.475ML,ml,117
.900ml,ml,117
280 ml,ml,117
330 ML,ml,117
125ml,ml,117
105ml,ml,117
750 Ml,ml,117
118 ml,ml,117
200 ml,ml,117
200ml,ml,117
30ml,ml,117
580ml,ml,117
75 MM,mm,118
100 Millimeter,mm,118
40 MM,mm,118
6 MM,mm,118
25 MM,mm,118
96 mm,mm,118
15 MM,mm,118
15MM,mm,118
18mm,mm,118
100mm,mm,118
Millimeter,mm,118
PER MM,mm,118
10mm,mm,118
50 mm,mm,118
32 mm,mm,118
1 mm,mm,118
Millimetre,mm,118
50MM,mm,118
MM,mm,118
/mm,mm,118
200mm,mm,118
Megawatt,MW,119
Ounce,Oz,120
Ounce(s),Oz,120
Ounce(s)E,Oz,120
Ouncee,Oz,120
Ouncen,Oz,120
ounces,Oz,120
oz,Oz,120
PAPERS,Paper,121
Paper,Paper,121
RACKS,Rack,122
Rack,Rack,122
Per Ratti,Ratti,123
Ratti,Ratti,123
rati,Ratti,123
08RATI,Ratti,123
REEL,Reel,124
Sq cm,sq cm,125
Sq.Cm.,sq cm,125
sq. cm,sq cm,125
sqrcm,sq cm,125
per square cm,sq cm,125
per square centimeter,sq cm,125
Sq.cm,sq cm,125
Square Centimeter,sq cm,125
sqcm,sq cm,125
Square cm,sq cm,125
square fit,sq ft,126
per squire feet,sq ft,126
Per sq.foot,sq ft,126
Square Feet5) We are enga,sq ft,126
SQUARE FT.,sq ft,126
SQUAREFEET,sq ft,126
SQURE FEET,sq ft,126
Square Feet(Sq Ft),sq ft,126
100sq ft,sq ft,126
100Square Feet,sq ft,126
Squre feet,sq ft,126
PER SQ. FT.,sq ft,126
PSQFT,sq ft,126
SQ. Foot,sq ft,126
/sq.feet,sq ft,126
/Sqft.,sq ft,126
<1000 sft flat,sq ft,126
sqft,sq ft,126
squarefeet,sq ft,126
sft,sq ft,126
Square Feet,sq ft,126
Square Feet(s),sq ft,126
Sq Feet,sq ft,126
sq.ft,sq ft,126
sq ft,sq ft,126
per square feet,sq ft,126
Sq.Feet,sq ft,126
Per Sqft,sq ft,126
1 sft,sq ft,126
1 Sq Feet,sq ft,126
1 SQ FT,sq ft,126
1 sq. ft,sq ft,126
1 sq.ft,sq ft,126
1 sqft,sq ft,126
1 Square Feet,sq ft,126
1 Square Foot,sq ft,126
1 squre feet,sq ft,126
Square Foot,sq ft,126
Per sq.ft,sq ft,126
per sq ft,sq ft,126
Sq.ft.,sq ft,126
SQF,sq ft,126
100 square feet,sq ft,126
1000 Sq.Feet,sq ft,126
1000 sqft,sq ft,126
sq. ft.,sq ft,126
per sq feet,sq ft,126
PER SFT,sq ft,126
Square Fee,sq ft,126
1200sqft,sq ft,126
Per Sq. Ft,sq ft,126
sq. ft,sq ft,126
Sq. Feet,sq ft,126
Per Sq.Feet,sq ft,126
per sq.ft.,sq ft,126
Sf,sq ft,126
sqrft,sq ft,126
per sqf,sq ft,126
per Sqft.,sq ft,126
per sq. feet,sq ft,126
per square foot,sq ft,126
SQ/FT,sq ft,126
Sqft.,sq ft,126
Sq fit,sq ft,126
Sft.,sq ft,126
Sqaure Feet,sq ft,126
Square Ft,sq ft,126
S.ft,sq ft,126
Squar feet,sq ft,126
per square fit,sq ft,126
Per squre feet,sq ft,126
persqft,sq ft,126
sqare feet,sq ft,126
sqfit,sq ft,126
Sqr feet,sq ft,126
psft,sq ft,126
sft upwards,sq ft,126
1140 Sq.Ft.,sq ft,126
par square feet,sq ft,126
Per sqr ft,sq ft,126
Per squire fit,sq ft,126
per/sqft,sq ft,126
RS/SQFT,sq ft,126
sq.foot,sq ft,126
Sqarefeet,sq ft,126
120 square feet,sq ft,126
per s/f,sq ft,126
Per Sft.,sq ft,126
Per Sqaure Feet,sq ft,126
per sqr feet,sq ft,126
Per sqt,sq ft,126
Per Square ft.,sq ft,126
PER/SQ.FT,sq ft,126
S/F,sq ft,126
sqr ft,sq ft,126
Squ. Feet,sq ft,126
Square ft.,sq ft,126
1450 Sq Feet,sq ft,126
1450 sq.ft,sq ft,126
/ sq feet,sq ft,126
/sqft,sq ft,126
01 Sqft,sq ft,126
1 Sq ft.,sq ft,126
1 sq fit,sq ft,126
1 sq foot,sq ft,126
1 sq.ft.,sq ft,126
1 Square Feet(...s),sq ft,126
1. sq feet,sq ft,126
1/sqft,sq ft,126
1mm/sq.ft,sq ft,126
1sq feet,sq ft,126
1sq fit,sq ft,126
1sq ft,sq ft,126
1sq.ft,sq ft,126
1sq.ft.,sq ft,126
1sqft,sq ft,126
1squarefeet,sq ft,126
3x4 feet,sq ft,126
One per Square Feet,sq ft,126
One sqft,sq ft,126
one square feet,sq ft,126
p sq ft,sq ft,126
P.sq.ft,sq ft,126
Par sq ft,sq ft,126
par sqft,sq ft,126
pder Square feet,sq ft,126
Pear square feet,sq ft,126
per Sqft.,sq ft,126
PER SQUARE FEET,sq ft,126
per sguare feet,sq ft,126
per sq fit,sq ft,126
per sq fits,sq ft,126
Per sq fitt,sq ft,126
Per Sq Foot,sq ft,126
per sq ft approx,sq ft,126
per sq ft.,sq ft,126
per sq fut,sq ft,126
per sq.fit,sq ft,126
Per sq.ft/rft,sq ft,126
per sqf.,sq ft,126
per squar feet,sq ft,126
Per Square Feet (Basic Rate),sq ft,126
per Square Feet(s),sq ft,126
per square feet.,sq ft,126
Per Squer Feet,sq ft,126
per squre feet/,sq ft,126
Per. Sq.ft,sq ft,126
PER.SQ.FT,sq ft,126
persquare feet,sq ft,126
pr sq feet,sq ft,126
pr sq feet,sq ft,126
Pr sq ft,sq ft,126
pr square feet,sq ft,126
psqf,sq ft,126
Running sq feet,sq ft,126
Running Square Feet(s),sq ft,126
seq feet,sq ft,126
sq f,sq ft,126
sq feet approx,sq ft,126
Sq foot,sq ft,126
Sq ft(Varies per grade),sq ft,126
sq ft.,sq ft,126
sq.f,sq ft,126
Sq.feet.per coat,sq ft,126
sq.fit,sq ft,126
Sq.ft GST,sq ft,126
Sq.ft & R.ft,sq ft,126
Sq.Ft (Varies per Grade),sq ft,126
sq.ft per price,sq ft,126
Sq.Ft. (Varies per Grade),sq ft,126
"Sq.Ft.,",sq ft,126
Sq/ Feet,sq ft,126
Sqaurefeet,sq ft,126
sqfeet,sq ft,126
Sqft Feet,sq ft,126
sqft for light structure,sq ft,126
sqftt,sq ft,126
Squa square feet,sq ft,126
Square Feet (Basic Rate),sq ft,126
Square Feet (Max. Price),sq ft,126
Square Feet [3M],sq ft,126
Square Feet approx,sq ft,126
Square feet labur,sq ft,126
Square Feet Rate,sq ft,126
Square Feet with Set,sq ft,126
Square Feet(base),sq ft,126
Square Feet(s,sq ft,126
Square Feet(s) (3x1),sq ft,126
Square Feet(s)/Layer,sq ft,126
Square Feet(s)Square Feet(s),sq ft,126
Square Feet(s)starting from,sq ft,126
"Square Feet,",sq ft,126
Square Feet.,sq ft,126
Square Feet/ floor,sq ft,126
Square Feetq,sq ft,126
Square Feets,sq ft,126
Square FeetSquare Feet,sq ft,126
Square Feetss,sq ft,126
Square Feetum,sq ft,126
Square Feet-We,sq ft,126
running square feet,sq ft,126
Squavre Feet,sq ft,126
squear feet,sq ft,126
Squre Foot,sq ft,126
starting price / Sq Feet,sq ft,126
- sft -,sq ft,126
/ sq. feet,sq ft,126
/sft.,sq ft,126
`SFT,sq ft,126
0- 2000 sq.Feet,sq ft,126
90/sq.ft,sq ft,126
1sft,sq ft,126
3300sqft,sq ft,126
Sqr fit,sq ft,126
per ft2,sq ft,126
psf,sq ft,126
S ft,sq ft,126
ft2,sq ft,126
SquareFit,sq ft,126
1sf,sq ft,126
sf1,sq ft,126
1000 Square Feet,sq ft,126
50 SqFt,sq ft,126
P.sft,sq ft,126
Sf.,sq ft,126
1500 sqft,sq ft,126
squar fit,sq ft,126
Squar1e Feet,sq ft,126
SQ FEET(S),sq ft,126
100SQ FT,sq ft,126
PER SQUARE FEET,sq ft,126
PER SQURE FEET,sq ft,126
RUNNING SQUARE FEET,sq ft,126
SF,sq ft,126
SFT,sq ft,126
SQ F,sq ft,126
SQ FEET,sq ft,126
SQ FIT,sq ft,126
SQ FOOT,sq ft,126
SQ FT,sq ft,126
SQ FT.,sq ft,126
SQ. FEET,sq ft,126
SQ. FT,sq ft,126
SQ. FT.,sq ft,126
SQ.FEET,sq ft,126
SQ.FOOT,sq ft,126
SQ.FT,sq ft,126
SQ.FT.,sq ft,126
SQARE FEET,sq ft,126
SQAURE FEET,sq ft,126
SQFEET,sq ft,126
SQFIT,sq ft,126
SQFT,sq ft,126
SQR FEET,sq ft,126
SQR FIT,sq ft,126
SQR FT,sq ft,126
SQRFT,sq ft,126
SQUAR FEET,sq ft,126
SQUARE FEET,sq ft,126
SQUARE FEET(S),sq ft,126
SQUARE FEETS,sq ft,126
SQUARE FIT,sq ft,126
SQUARE FOOT,sq ft,126
SQUARE FT,sq ft,126
SQURE FOOT,sq ft,126
SQFT.,sq ft,126
sq.mm,Square mm,127
Square Millimeter,Square mm,127
Sq. mm,Square mm,127
SQUARE MM,Square mm,127
Square Yards,Square Yard,128
Sq. Yard,Square Yard,128
Square Yard,Square Yard,128
sq yard,Square Yard,128
Strip of 8 Tablets,Strip,129
Stripe,Strip,129
Strips,Strip,129
Stripes,Strip,129
STRIPS,Strip,129
STRIPES,Strip,129
STRIPE,Strip,129
Strip,Strip,129
Strip of 4 Tablets,Strip,129
Strip of 6 Tablets,Strip,129
system,System,130
1 system,System,130
TIN,Tin,132
TINS,Tin,132
tin,Tin,132
Teen,Tin,132
Tola,Tola,133
Tray,Tray,134
TRAYS,Tray,134
Each tray,Tray,134
TROLLEY,Trolley,135
TUBES,Tube,136
1 TUBE,Tube,136
TUBE,Tube,136
TUBE,Tube,136
1 tube,Tube,136
PER TUBE,Tube,136
975 VA,VA,137
(400 VA),VA,137
STRIP OF 1 TABLET,Strip of 1 Tablet,138
STRIP OF 2 TABLETS,Strip of 2 Tablets,139
STRIP OF 3 TABLETS,Strip of 3 Tablets,140
STRIP OF 5 TABLETS,Strip of 5 Tablets,142
Stripe of 10 Tablets,Strip of 10 Tablets,145
STRIP OF 10 TABLETS,Strip of 10 Tablets,145
onward,ONWARDS,146
onwords,ONWARDS,146
onword,ONWARDS,146
On wards,ONWARDS,146
Ownwards,ONWARDS,146
Onwrads,ONWARDS,146
IDEL,IDOL,147
IDELL,IDOL,147
IDOLL,IDOL,147
IDAL,IDOL,147
IDOLS,IDOL,147
Idol,IDOL,147
IDOL,IDOL,147
STRAND,STRAND,148
Strand,STRAND,148
strand,STRAND,148
Strands,STRAND,148
Strend,STRAND,148
Bottle 900 Ml,Bottle Of 900 mL,150
Bottle of 900 ML,Bottle Of 900 mL,150
Bottle of 900 ml,Bottle Of 900 mL,150
Bottle of 900ML,Bottle Of 900 mL,150
Bottle of 900ml,Bottle Of 900 mL,150
bottle of 900 ml,Bottle Of 900 mL,150
Bottle of 900 mL,Bottle Of 900 mL,150
Can of 3L,Can of 3 Litre,152
Can of 3litre,Can of 3 Litre,152
Can of 3l,Can of 3 Litre,152
Can of 3 l,Can of 3 Litre,152
Can of 3 L,Can of 3 Litre,152
Can of 3Litre,Can of 3 Litre,152
Can of 3litter,Can of 3 Litre,152
Can of 3Litter,Can of 3 Litre,152
Can of 3ltrs,Can of 3 Litre,152
Can of 3Ltrs,Can of 3 Litre,152
Can of 3ltr,Can of 3 Litre,152
Can Of 3 Litre,Can of 3 Litre,152
Can of 3 Litre,Can of 3 Litre,152
Can of 3.5l,Can Of 3.5 Litre,153
Can of 3.5L,Can Of 3.5 Litre,153
Can of 3.5 l,Can Of 3.5 Litre,153
Can of 3.5 L,Can Of 3.5 Litre,153
Can of 3.5Litre,Can Of 3.5 Litre,153
Can of 3.5litre,Can Of 3.5 Litre,153
Can of 3.5ltrs,Can Of 3.5 Litre,153
Can of 3.5 Litre,Can Of 3.5 Litre,153
Can of 3.5 litre,Can Of 3.5 Litre,153
Can of 3.5Litters,Can Of 3.5 Litre,153
Can of 3.5litter,Can Of 3.5 Litre,153
Can of 3.5Ltrs,Can Of 3.5 Litre,153
Can of 3.5Litter,Can Of 3.5 Litre,153
5 ltr can,Can of 5 Litre,154
Can of 5 Liter,Can of 5 Litre,154
Can of 5L,Can of 5 Litre,154
Can of 5Litre,Can of 5 Litre,154
Can of 5litre,Can of 5 Litre,154
Can of 5 l,Can of 5 Litre,154
Can of 5 L,Can of 5 Litre,154
Can of 5L,Can of 5 Litre,154
Can of 5 litre,Can of 5 Litre,154
Can of 5litter,Can of 5 Litre,154
Can of 5ltrs,Can of 5 Litre,154
Can of 5Litter,Can of 5 Litre,154
Can of 5Ltrs,Can of 5 Litre,154
Can of 5 liter,Can of 5 Litre,154
Can Of 5 Litre,Can of 5 Litre,154
05ltr. Can,Can of 5 Litre,154
5ltr can,Can of 5 Litre,154
Bucket of 7.5Litre,Bucket of 7.5 Litre,155
Bucket of 7.5l,Bucket of 7.5 Litre,155
Bucket of 7.5 litre,Bucket of 7.5 Litre,155
Bucket of 7.5L,Bucket of 7.5 Litre,155
Bucket of 7.5litre,Bucket of 7.5 Litre,155
Bucket of 7.5 L,Bucket of 7.5 Litre,155
Bucket of 7.5 l,Bucket of 7.5 Litre,155
Bucket of 7.5 litter,Bucket of 7.5 Litre,155
Bucket of 7.5ltrs,Bucket of 7.5 Litre,155
Bucket of 7.5litter,Bucket of 7.5 Litre,155
Bucket of 7.5 Litre,Bucket of 7.5 Litre,155
Bucket of 7.5Litter,Bucket of 7.5 Litre,155
Bucket of 7.5 Ltrs,Bucket of 7.5 Litre,155
Bucket of 7.5 Litter,Bucket of 7.5 Litre,155
Bucket of 7.5 ltrs,Bucket of 7.5 Litre,155
Bucket of 7.5Ltrs,Bucket of 7.5 Litre,155
Bucket of 7.5 Litre,Bucket of 7.5 Litre,155
Bucket of 10l,Bucket of 10 Litre,156
Bucket of 10litre,Bucket of 10 Litre,156
Bucket of 10 L,Bucket of 10 Litre,156
Bucket of 10L,Bucket of 10 Litre,156
Bucket of 10 litre,Bucket of 10 Litre,156
Bucket of 10 l,Bucket of 10 Litre,156
Bucket of 10Litre,Bucket of 10 Litre,156
Bucket of 10Litter,Bucket of 10 Litre,156
Bucket of 10 Litress,Bucket of 10 Litre,156
Bucket of 10litter,Bucket of 10 Litre,156
Bucket of 10 litter,Bucket of 10 Litre,156
Bucket of 10Ltrs,Bucket of 10 Litre,156
Bucket of 10 Litter,Bucket of 10 Litre,156
Bucket of 10ltrs,Bucket of 10 Litre,156
Bucket of 10 ltrs,Bucket of 10 Litre,156
Bucket of 10 Ltrs,Bucket of 10 Litre,156
Bucket of 10 Litre,Bucket of 10 Litre,156
Bucket of 15l,Bucket Of 15 Litre,157
Bucket of 15 l,Bucket Of 15 Litre,157
Bucket of 15L,Bucket Of 15 Litre,157
Bucket of 15litre,Bucket Of 15 Litre,157
Bucket of 15 L,Bucket Of 15 Litre,157
Bucket of 15 litre,Bucket Of 15 Litre,157
Bucket of 15 Litre,Bucket Of 15 Litre,157
Bucket of 15litter,Bucket Of 15 Litre,157
Bucket of 15 litter,Bucket Of 15 Litre,157
Bucket of 15Litre,Bucket Of 15 Litre,157
Bucket of 15Litter,Bucket Of 15 Litre,157
Bucket of 15 Litter,Bucket Of 15 Litre,157
Bucket of 15 ltrs,Bucket Of 15 Litre,157
Bucket of 15Ltrs,Bucket Of 15 Litre,157
Bucket of 15 Ltrs,Bucket Of 15 Litre,157
Bucket of 15ltrs,Bucket Of 15 Litre,157
Bucket of 20 Ltr,Bucket Of 20 Litre,158
Bucket of 20L,Bucket Of 20 Litre,158
Bucket of 20 l,Bucket Of 20 Litre,158
Bucket of 20l,Bucket Of 20 Litre,158
Bucket of 20 L,Bucket Of 20 Litre,158
Bucket of 20litre,Bucket Of 20 Litre,158
Bucket of 20 litre,Bucket Of 20 Litre,158
Bucket of 20 Litre,Bucket Of 20 Litre,158
Bucket of 20Litre,Bucket Of 20 Litre,158
Bucket of 20 litter,Bucket Of 20 Litre,158
Bucket of 20litter,Bucket Of 20 Litre,158
Bucket of 20Litter,Bucket Of 20 Litre,158
Bucket of 20 Litter,Bucket Of 20 Litre,158
Bucket of 20 Ltrs,Bucket Of 20 Litre,158
Bucket of 20 ltrs,Bucket Of 20 Litre,158
Bucket of 20Ltrs,Bucket Of 20 Litre,158
Bucket of 20ltrs,Bucket Of 20 Litre,158
Bucket of 20 Litre,Bucket Of 20 Litre,158
Bucket of 26L,Bucket of 26 Litre,159
Bucket of 26 litre,Bucket of 26 Litre,159
Bucket of 26l,Bucket of 26 Litre,159
Bucket of 26 L,Bucket of 26 Litre,159
Bucket of 26litre,Bucket of 26 Litre,159
Bucket of 26Litre,Bucket of 26 Litre,159
Bucket of 26litter,Bucket of 26 Litre,159
Bucket of 26Litter,Bucket of 26 Litre,159
Bucket of 26 Litre,Bucket of 26 Litre,159
Bucket of 26 litter,Bucket of 26 Litre,159
Bucket of 26Ltrs,Bucket of 26 Litre,159
Bucket of 26 Litter,Bucket of 26 Litre,159
Bucket of 26 Ltrs,Bucket of 26 Litre,159
Bucket of 26 ltrs,Bucket of 26 Litre,159
Bucket of 26ltrs,Bucket of 26 Litre,159
Bucket of 26 l,Bucket of 26 Litre,159
Barrel of 50 litre,Barrel of 50 Litre,160
Barrel of 50 l,Barrel of 50 Litre,160
Barrel of 50 L,Barrel of 50 Litre,160
Barrel of 50L,Barrel of 50 Litre,160
Barrel of 50l,Barrel of 50 Litre,160
Barrel of 50litre,Barrel of 50 Litre,160
Barrel of 50litter,Barrel of 50 Litre,160
Barrel of 50 Litre,Barrel of 50 Litre,160
Barrel of 50Litre,Barrel of 50 Litre,160
Barrel of 50 litter,Barrel of 50 Litre,160
Barrel of 50Litter,Barrel of 50 Litre,160
Barrel of 50 ltrs,Barrel of 50 Litre,160
Barrel of 50ltrs,Barrel of 50 Litre,160
Barrel of 50 Ltrs,Barrel of 50 Litre,160
Barrel of 50 Litter,Barrel of 50 Litre,160
Barrel of 50Ltrs,Barrel of 50 Litre,160
Barrel of 50 Litters,Barrel of 50 Litre,160
Barrel of 210l,Barrel of 210 Litre,161
Barrel of 210 L,Barrel of 210 Litre,161
Barrel of 210 l,Barrel of 210 Litre,161
Barrel of 210litre,Barrel of 210 Litre,161
Barrel of 210 litre,Barrel of 210 Litre,161
Barrel of 210L,Barrel of 210 Litre,161
Barrel of 210litter,Barrel of 210 Litre,161
Barrel of 210Litter,Barrel of 210 Litre,161
Barrel of 210 litter,Barrel of 210 Litre,161
Barrel of 210 Litre,Barrel of 210 Litre,161
Barrel of 210Litre,Barrel of 210 Litre,161
Barrel of 210 ltrs,Barrel of 210 Litre,161
Barrel of 210ltrs,Barrel of 210 Litre,161
Barrel of 210 Ltrs,Barrel of 210 Litre,161
Barrel of 210Ltrs,Barrel of 210 Litre,161
Barrel of 210 Litter,Barrel of 210 Litre,161
Barrel of 210 Litre,Barrel of 210 Litre,161
Smple,Sample,162
Sample,Sample,162
Smpl,Sample,162
Sampl,Sample,162
Week,Week,164
wk,Week,164
weak,Week,164
evnt,Event,165
Event,Event,165
Project,Project,166
Projet,Project,166
project,Project,166
Instrument,Instrument,167
Instrumnte,Instrument,167
Instrumnt,Instrument,167
User,User,168
user,User,168
usre,User,168
usr,User,168
assignmen,Assignment,169
Assignment,Assignment,169
asignment,Assignment,169
assignment,Assignment,169
boking,Booking,170
bookig,Booking,170
Booking,Booking,170
bookin,Booking,170
per booking,Booking,170
booking,Booking,170
Pound per square inch gauge,PSIG,171
PSIG,PSIG,171
MB,MBPS,172
MBPS,MBPS,172
gigabyte,GB,173
GB,GB,173
giga byte,GB,173
Sem,Semester,174
Semester,Semester,174
Session,Session,175
sesion,Session,175
sesson,Session,175
Terabyte,Terabyte,176
TB,Terabyte,176
img,Image,177
Image,Image,177
cours,Course,178
Course,Course,178
ngt,Night,179
Night,Night,179
Tour,Tour,180
per tour,Tour,180
per certificate,Certificate,181
certi,Certificate,181
Certificate,Certificate,181
per certi,Certificate,181
per document,Document,182
DOC,Document,182
Document,Document,182
DOCUMENT,Document,182
doc,Document,182
Bucket of 20kg,Bucket of 20 Kg,183
Bucket of 20KG,Bucket of 20 Kg,183
Bucket of 20 KG,Bucket of 20 Kg,183
Box(100 pc),Box of 100 Pieces,184
box of 100 pcs,Box of 100 Pieces,184
1 Box ( 100 Pcs),Box of 100 Pieces,184
1 box 100 piece,Box of 100 Pieces,184
1 BOX(100 PCS),Box of 100 Pieces,184
Box of 100 Piece,Box of 100 Pieces,184
Box of 100 Pcs,Box of 100 Pieces,184
box of 100 Pieces,Box of 100 Pieces,184
Box Of 100 Pieces,Box of 100 Pieces,184
1 box 100 Pcs,Box of 100 Pieces,184
box of 500 pieces,Box of 500 pieces,185
Box Of 500 Pieces,Box of 500 pieces,185
box of 200 pieces,Box of 200 Pieces,186
Box of 200 Piece,Box of 200 Pieces,186
Box of 200Pieces,Box of 200 Pieces,186
Box of 200 PCS,Box of 200 Pieces,186
Box of 200 Pcs,Box of 200 Pieces,186
Box Of 200 Pieces,Box of 200 Pieces,186
box of 2000 pieces,Box of 2000 Pieces,187
Box Of 2000 Pieces,Box of 2000 Pieces,187
Box of 800 pcs,Box of 800 Pieces,188
Box of 800 Pieces,Box of 800 Pieces,188
Box Of 800 Pieces,Box of 800 Pieces,188
Box of 1000 Pcs,Box of 1000 Pieces,189
Box of 1000 Pieces,Box of 1000 Pieces,189
Box of 250 Pcs,Box of 250 Pieces,190
Box of 250 Piece,Box of 250 Pieces,190
Box of 250 Pieces,Box of 250 Pieces,190
Bucket of 5 Kilogram,Bucket of 5 Kg,191
Bucket of 5 Kg,Bucket of 5 Kg,191
Bucket of 5 kg,Bucket of 5 Kg,191
Can of 500 grams,Can of 500 Gm,192
Can of 500 Gm,Can of 500 Gm,192
Can of 1 Kilograms,Can of 1 Kg,193
Can of 1 Kg,Can of 1 Kg,193
Bucket of 1 Kilograms,Bucket of 1 Kg,194
Bucket of 1 Kg,Bucket of 1 Kg,194
Bucket of 2 Kilograms,Bucket of 2 Kg,195
Bucket of 2 Kg,Bucket of 2 Kg,195
Bucket of 3 Kilograms,Bucket of 3 Kg,196
Bucket of 3 Kg,Bucket of 3 Kg,196
Bucket of 4 Kilograms,Bucket of 4 Kg,197
Bucket of 4 Kg,Bucket of 4 Kg,197
BUCKET OF 4 KG,Bucket of 4 Kg,197
Bucket of 15 Kilograms,Bucket of 15 Kg,198
Bucket of 15 Kg,Bucket of 15 Kg,198
Bucket of 18 Kilograms,Bucket of 18 Kg,199
Bucket of 18 Kg,Bucket of 18 Kg,199
Barrel of 180 Kilograms,Barrel of 180 Kg,200
Barrel of 180 Kg,Barrel of 180 Kg,200
Bag of 1 Kilograms,Bag of 1 Kg,201
Bag Of 1 Kg,Bag of 1 Kg,201
Bag of 2 Kilograms,Bag Of 2 Kg,202
Bag of 2 Kg,Bag Of 2 Kg,202
Bag of 4 Kilograms,Bag Of 4 Kg,203
Bag of 4 Kg,Bag Of 4 Kg,203
5 kg Bag,Bag of 5 Kg,204
Bag of 5 Kilograms,Bag of 5 Kg,204
Bag Of 5 Kg,Bag of 5 Kg,204
10 kg bag,Bag of 10 Kg,205
Bag of 10 Kilograms,Bag of 10 Kg,205
Bag of 10 Kg,Bag of 10 Kg,205
20 KG BAG,Bag of 20 Kg,206
20 kg Bag,Bag of 20 Kg,206
Bag of 20 Kilograms,Bag of 20 Kg,206
Bag of 20 Kg,Bag of 20 Kg,206
50 kg bag,Bag of 50 KG,207
Bag of 50 Kilograms,Bag of 50 KG,207
Bag of 50 KGS,Bag of 50 KG,207
Bag Of 50 Kg,Bag of 50 KG,207
50KG BAG,Bag of 50 KG,207
Bucket of 100 ml,Bucket of 100 mL,208
Bucket of 100 mL,Bucket of 100 mL,208
Bucket of 500 ml,Bucket of 500 mL,209
Bucket of 500 mL,Bucket of 500 mL,209
Bucket of 1 Ltr,Bucket of 1 Litre,210
Bucket of 1 L,Bucket of 1 Litre,210
Bucket of 1 Litre,Bucket of 1 Litre,210
Bucket of 4 Ltr,Bucket of 4 Litre,211
Bucket of 4 L,Bucket of 4 Litre,211
Bucket of 4 Litre,Bucket of 4 Litre,211
Bucket of 25 L,Bucket of 25 Litre,212
Bucket of 25 Litre,Bucket of 25 Litre,212
Bucket of 30 L,Bucket of 30 Litre,213
Bucket of 30 Litre,Bucket of 30 Litre,213
Bag of 60 Kilograms,Bag of 60 Kg,214
Bag of 60 Kgs,Bag of 60 Kg,214
Bag of 60 Kg,Bag of 60 Kg,214
Bucket of 200MLs,Bucket of 200 mL,215
Bucket of 200ml,Bucket of 200 mL,215
Bucket of 200 milliliter,Bucket of 200 mL,215
Box of 700 Pcs,Box of 700 Pieces,216
Box of 700 Pieces,Box of 700 Pieces,216
Bottle of 2.5L,Bottle of 2.5 L,217
Bottle of 2.5Litre,Bottle of 2.5 L,217
Bottle of 2.5 litre,Bottle of 2.5 L,217
Bottle of 2.5 Litter,Bottle of 2.5 L,217
Bottle of 2.5 litter,Bottle of 2.5 L,217
200ml bottle,Bottle of 200 mL,218
200ml pet Bottle,Bottle of 200 mL,218
Bottle 200ml,Bottle of 200 mL,218
200 ml pet bottle,Bottle of 200 mL,218
Bottle (200ml),Bottle of 200 mL,218
per bottle of 200ml,Bottle of 200 mL,218
Bottle of 200 ml,Bottle of 200 mL,218
Bottle of 200Ml,Bottle of 200 mL,218
Bottle of 200 millilitre,Bottle of 200 mL,218
Bottle of 200 milliliter,Bottle of 200 mL,218
Bottle of 200 Milliliter,Bottle of 200 mL,218
word,Word,219
per word,Word,219
Per Word,Word,219
design,Design,220
designs,Design,220
Design,Design,220
DESIGN,Design,220
Designs,Design,220
Desgin,Design,220
Desing,Design,220
Desgn,Design,220
Degin,Design,220
Deisgn,Design,220
Desin,Design,220
EACH DESIGN,Design,220
test,Test,221
Test,Test,221
TEST,Test,221
TESTS,Test,221
Tests,Test,221
Crate,Crate,222
SMS,SMS,223
sms,SMS,223
25kg Bag,Bag of 25 Kg,224
25 kilo bag,Bag of 25 Kg,224
25 Kg bag,Bag of 25 Kg,224
Bag (25kg),Bag of 25 Kg,224
Beg of 25 Kg,Bag of 25 Kg,224
Bsg of 25 Kg,Bag of 25 Kg,224
Bagg of 25 Kg,Bag of 25 Kg,224
30 Capsules,30 Capsules,225
90m,90m,227
90 meeter,90m,227
90 mtr,90m,227
90 metre,90m,227
90 metres,90m,227
90 meters,90m,227
90 mtrs,90m,227
90 meter,90m,227
90 mt,90m,227
90 Metre,90m,227
Roll (90 m),90m,227
180m,180m,228
180 meter,180m,228
180 mtr,180m,228
180 mtrs,180m,228
180 METER,180m,228
180 metres,180m,228
180 Metre,180m,228
180 Meter,180m,228
180 mt,180m,228
180 meters,180m,228
Roll (180 m),180m,228
45m,45m,229
45 mtr,45m,229
45 metre,45m,229
45 meter,45m,229
45 meters,45m,229
45 Meter,45m,229
45 metres,45m,229
45 mtrs,45m,229
45 METER,45m,229
45 Metre,45m,229
100 meter,100m,230
100m,100m,230
100 mtr,100m,230
100 mtrs,100m,230
100 meters,100m,230
100 METER,100m,230
100 mt,100m,230
100 Meter,100m,230
100 Metre,100m,230
100 metres,100m,230
270 mtrs,270m,231
270m,270m,231
270 meter,270m,231
270 mtr,270m,231
270 Mtr,270m,231
270 meters,270m,231
270 metre,270m,231
270 Meter,270m,231
270 Metre,270m,231
270 METER,270m,231
Ampoule,Ampoule,232
ampoule,Ampoule,232
Ampoules,Ampoule,232
ampoule(s),Ampoule,232
Bottle of 20 gm,Bottle of 20 gm,233
Bottle of 20 gram,Bottle of 20 gm,233
Bottle of 20 Gram,Bottle of 20 gm,233
Bottle of 20GM,Bottle of 20 gm,233
20gm bottle,Bottle of 20 gm,233
Bottle 20gm,Bottle of 20 gm,233
Bottle (20gm),Bottle of 20 gm,233
Bottle of 30 Gram,Bottle of 30 gm,234
Bottle 30gm,Bottle of 30 gm,234
Bottle of 30GM,Bottle of 30 gm,234
Bottle of 30 gram,Bottle of 30 gm,234
Bottle of 30 gm,Bottle of 30 gm,234
30gm bottle,Bottle of 30 gm,234
Bottle (30gm),Bottle of 30 gm,234
100 Pieces,100 Pieces,235
100 Piece,100 Pieces,235
100 Piece(s),100 Pieces,235
100 Pcs,100 Pieces,235
100 Pc,100 Pieces,235
Pack(of 100),100 Pieces,235