eto_ofr_display_id,eto_ofr_mcat_id,fk_glusr_usr_id,eto_ofr_approv_date_orig
148558225567,654451,272445406,29/07/26 00:00
148558219013,11363,272447020,29/07/26 00:00
148558213995,444900,272447000,29/07/26 00:00
148558479263,25131,272447156,29/07/26 00:01
148557718267,183016,272446607,29/07/26 00:01
148557875413,176676,231378886,29/07/26 00:01
148558797846,167035,272447092,29/07/26 00:02
148558797546,4805,271576026,29/07/26 00:02
148558797775,209057,271218881,29/07/26 00:02
148558694367,179270,272447380,29/07/26 00:02
148558334195,120988,272447028,29/07/26 00:02
148558797359,21037,258062528,29/07/26 00:02
148558502963,85924,38565735,29/07/26 00:02
148557863352,157258,272446658,29/07/26 00:03
148558503985,446170,272447204,29/07/26 00:03
148558822313,191056,272447405,29/07/26 00:04
148558354375,20416,185831857,29/07/26 00:04
148557853375,167035,272446696,29/07/26 00:04
148558360752,166960,272447063,29/07/26 00:04
148558680452,7070,271348680,29/07/26 00:04
148558515063,108117,272447224,29/07/26 00:04
148558525446,36393,272447247,29/07/26 00:05
148558825563,191377,272447453,29/07/26 00:05
148558890367,4767,255923065,29/07/26 00:06
148557416413,150939,272445701,29/07/26 00:06
148558829746,179724,271252091,29/07/26 00:06
148558440063,650293,271951374,29/07/26 00:06
148558405813,41711,269441225,29/07/26 00:06
148558451452,167035,272447143,29/07/26 00:06
148558870175,167035,272447486,29/07/26 00:06
148558878575,259131,264126994,29/07/26 00:07
148558931052,158222,270246561,29/07/26 00:07
148558930863,8267,272447513,29/07/26 00:07
148558018885,177058,272446761,29/07/26 00:07
148558051734,50179,268648979,29/07/26 00:07
148558933285,167035,272447450,29/07/26 00:08
148558208367,20692,269692302,29/07/26 00:09
148558680963,1879,272447376,29/07/26 00:10
148558526467,73870,272447238,29/07/26 00:10
148558676367,189860,272447365,29/07/26 00:10
148558358495,194108,236977418,29/07/26 00:10
148558542467,15697,272447246,29/07/26 00:10
148558055167,31597,111451007,29/07/26 00:10
148558783859,215266,272447392,29/07/26 00:11
148559062495,142169,51631877,29/07/26 00:11
148558994846,7226,19339514,29/07/26 00:11
148559062885,188122,265084198,29/07/26 00:11
148559062767,167035,271631489,29/07/26 00:11
148558575134,150409,272447206,29/07/26 00:11
148558640167,101760,272447262,29/07/26 00:11
148558971952,442370,268820452,29/07/26 00:12
148559067059,925,116768970,29/07/26 00:12
148558816852,204273,35187019,29/07/26 00:13
148558630246,10091,272446946,29/07/26 00:13
148558822852,89719,216914374,29/07/26 00:13
148558818752,20717,272447441,29/07/26 00:13
148558196534,147397,272446972,29/07/26 00:14
148558201734,35062,272446188,29/07/26 00:14
148558684285,153456,257569530,29/07/26 00:15
148558212134,179270,272446999,29/07/26 00:15
148559100295,158948,118985838,29/07/26 00:15
148559129167,167035,272447663,29/07/26 00:16
148558742867,2732,104393217,29/07/26 00:16
148483489213,177867,272342335,29/07/26 00:16
148557864085,192096,202765903,29/07/26 00:16
148558806459,182849,272447389,29/07/26 00:17
148558802946,650012,272447328,29/07/26 00:17
148558804546,126590,272447397,29/07/26 00:17
148558357075,167035,272447047,29/07/26 00:17
148558812963,167035,272447420,29/07/26 00:18
148558341113,191177,272447060,29/07/26 00:18
148558829546,189036,124139133,29/07/26 00:19
148558826763,26255,272445769,29/07/26 00:19
148559236575,182261,272447716,29/07/26 00:20
148559233013,156035,270534477,29/07/26 00:20
148558834775,259131,272446082,29/07/26 00:20
148559330795,365230,28256210,29/07/26 00:21
148559053267,20717,272447583,29/07/26 00:21
148559331052,176586,271998128,29/07/26 00:21
148559331213,179475,272447511,29/07/26 00:21
148559331313,167035,272447515,29/07/26 00:21
148559331113,24449,272447485,29/07/26 00:21
148558483146,151247,272106101,29/07/26 00:21
148558927652,180204,272447500,29/07/26 00:21
148558926652,144832,159911882,29/07/26 00:21
148558470167,21088,43601240,29/07/26 00:21
148559296163,183854,272447769,29/07/26 00:22
148558493695,653301,272447127,29/07/26 00:22
148558487459,167035,269696183,29/07/26 00:22
148558939195,4805,272446945,29/07/26 00:22
148552227175,180875,247383609,29/07/26 00:22
148551916595,8149,65105472,29/07/26 00:23
148558941963,225044,271468907,29/07/26 00:23
148558507575,278130,272447099,29/07/26 00:23
148558959475,214931,271676096,29/07/26 00:23
148558964552,195027,122540047,29/07/26 00:24
148558954163,167060,272447488,29/07/26 00:24
148558954563,225991,270811879,29/07/26 00:24
148559135852,167035,272447665,29/07/26 00:25
148559208346,20717,272447675,29/07/26 00:26
148559066152,176586,272447584,29/07/26 00:26
148559063434,120988,272447548,29/07/26 00:26
148558586475,167035,271480186,29/07/26 00:26
148559064895,190145,272447575,29/07/26 00:26
148559075252,650291,244004054,29/07/26 00:27
148559467459,29697,272447893,29/07/26 00:28
148559231285,56202,272447724,29/07/26 00:28
148559095813,29322,272447574,29/07/26 00:29
148559089085,180509,272447620,29/07/26 00:29
148559487759,657288,272447931,29/07/26 00:30
148559486885,68741,272181404,29/07/26 00:31
148559287946,3089,272447766,29/07/26 00:31
148559244785,186293,251198043,29/07/26 00:31
148558971395,20536,269701737,29/07/26 00:31
148559342063,68848,272447789,29/07/26 00:31
148559591763,972,78694008,29/07/26 00:32
148559591534,216875,270902810,29/07/26 00:32
148559591659,180204,272172749,29/07/26 00:32
148559591875,45521,272447565,29/07/26 00:32
148559482234,65498,272447922,29/07/26 00:32
148558801659,444900,98853690,29/07/26 00:32
148559215275,38833,251352798,29/07/26 00:32
148559219075,157258,272447688,29/07/26 00:32
148558867385,39868,272447372,29/07/26 00:32
148551182185,11992,194302450,29/07/26 00:32
148557931167,445935,145848715,29/07/26 00:33
148552413613,43238,246425183,29/07/26 00:33
148552392085,177872,226640819,29/07/26 00:34
148552330867,2663,157582726,29/07/26 00:34
148549181075,350304,248012831,29/07/26 00:35
148559239567,167035,272447733,29/07/26 00:35
148549181352,187050,267730230,29/07/26 00:35
148559238052,224598,272447717,29/07/26 00:35
148549181152,187171,267616150,29/07/26 00:35
148559429634,181914,272447870,29/07/26 00:35
148559701513,145575,271038527,29/07/26 00:36
148559701675,217129,272118853,29/07/26 00:36
148559701763,25603,272447828,29/07/26 00:36
148559701346,166960,270889344,29/07/26 00:36
148559370563,170776,272447851,29/07/26 00:36
148559359695,167035,272447752,29/07/26 00:38
148559247946,180204,272447432,29/07/26 00:38
148558942063,164001,266725564,29/07/26 00:38
148559363463,445956,270496221,29/07/26 00:39
148559721995,183008,271425166,29/07/26 00:39
148559374059,30733,263778907,29/07/26 00:40
148559709485,441911,272448084,29/07/26 00:40
148559482952,139874,272447925,29/07/26 00:40
148559810034,189860,68801385,29/07/26 00:41
148559462367,154801,272447740,29/07/26 00:41
148559458859,36448,163691586,29/07/26 00:41
148559595346,137795,272447998,29/07/26 00:41
148559596034,443045,272448000,29/07/26 00:41
148559469634,167035,272447897,29/07/26 00:42
148559332967,650293,272447608,29/07/26 00:43
148559617413,259131,272037612,29/07/26 00:44
148559484534,20717,272447857,29/07/26 00:44
148559090795,442034,247167358,29/07/26 00:44
148559833559,164815,272448189,29/07/26 00:45
148559496195,1236,272447939,29/07/26 00:45
148559915246,126590,272189485,29/07/26 00:46
148559915159,191056,272395834,29/07/26 00:46
148559915359,656517,272447966,29/07/26 00:46
148559510463,4579,272214527,29/07/26 00:46
148559577375,167035,272447972,29/07/26 00:46
148559844263,30669,250577076,29/07/26 00:46
148559211313,120988,241125951,29/07/26 00:46
148559542159,39305,272447953,29/07/26 00:46
148559545046,29697,271487579,29/07/26 00:46
148559218085,180113,272447690,29/07/26 00:47
148559596767,187171,272447981,29/07/26 00:47
148558341063,659080,73769466,29/07/26 00:47
148559736175,167035,272448032,29/07/26 00:48
148558813813,167035,272447422,29/07/26 00:48
148559613946,191056,272082129,29/07/26 00:49
148558835813,445761,190758611,29/07/26 00:50
148559521013,190902,220442346,29/07/26 00:50
148559624967,4805,267436012,29/07/26 00:50
148559629452,162019,272447579,29/07/26 00:50
148559621634,191056,272390629,29/07/26 00:50
148560017467,109984,271804867,29/07/26 00:51
148559703595,177689,144436484,29/07/26 00:51
148559701263,215922,272448064,29/07/26 00:51
148559703313,176586,272448071,29/07/26 00:51
148559681975,22208,272448068,29/07/26 00:51
148559707359,167035,272448074,29/07/26 00:51
148559709285,151067,272447950,29/07/26 00:52
148559365567,444899,272447794,29/07/26 00:52
148559711885,4805,272448083,29/07/26 00:52
148559724775,230107,267538496,29/07/26 00:53
148559356775,177058,272447813,29/07/26 00:53
148559731067,126377,272448121,29/07/26 00:54
148559725863,179475,266525045,29/07/26 00:54
148558512163,95082,233491088,29/07/26 00:54
148550291195,193157,145096142,29/07/26 00:55
148550291213,28861,254387602,29/07/26 00:55
148559741663,167035,272448146,29/07/26 00:55
148549944852,141568,67363519,29/07/26 00:55
148559738295,257683,272448110,29/07/26 00:55
148559856046,96513,270764720,29/07/26 00:55
148560047946,752,250503597,29/07/26 00:55
148560114495,180509,268562801,29/07/26 00:56
148560040795,170776,272448370,29/07/26 00:56
148559466246,20717,270435922,29/07/26 00:57
148559817159,216875,257515774,29/07/26 00:57
148560033834,178946,272448356,29/07/26 00:58
148559829863,444900,272448178,29/07/26 00:58
148560128267,167035,272448416,29/07/26 00:58
148559841785,215772,272448227,29/07/26 00:58
148559836695,144907,255283745,29/07/26 00:59
148559836485,111123,144807224,29/07/26 00:59
148559830846,180204,272448187,29/07/26 00:59
148559839334,20692,272448157,29/07/26 01:00
148559839952,279293,262878587,29/07/26 01:00
148485802846,137781,20581384,29/07/26 01:00
148485484775,4322,199379860,29/07/26 01:00
148485308446,56248,8105155,29/07/26 01:00
148484321775,205250,110642251,29/07/26 01:01
148484138913,3419,160466135,29/07/26 01:01
148484406663,4828,5969966,29/07/26 01:01
148485229785,178045,198850633,29/07/26 01:01
148560159352,167035,269225328,29/07/26 01:01
148498742559,156035,272399562,29/07/26 01:02
148498742446,144835,249054656,29/07/26 01:02
148498722485,259131,272399675,29/07/26 01:02
148560228467,123951,197283133,29/07/26 01:03
148510912434,439,239624944,29/07/26 01:05
148560221075,482,272448464,29/07/26 01:05
148560099967,81092,271341452,29/07/26 01:05
148516616959,86094,239563445,29/07/26 01:06
148560301859,64921,233291542,29/07/26 01:07
148560305385,7978,192445062,29/07/26 01:08
148527352246,114325,272172673,29/07/26 01:08
148560303746,259131,272448536,29/07/26 01:08
148560298175,654451,265425672,29/07/26 01:11
148548418659,10123,269754215,29/07/26 01:13
148502636152,84153,146842408,29/07/26 01:13
148560393213,179475,272448620,29/07/26 01:14
148560298834,179475,256454806,29/07/26 01:15
148559614934,177663,272448040,29/07/26 01:15
148559500795,922,272447951,29/07/26 01:15
148559579195,650106,272447979,29/07/26 01:15
148559595285,650106,272447984,29/07/26 01:16
148559345452,167035,272447779,29/07/26 01:16
148559723934,179475,272448097,29/07/26 01:16
148559842113,445774,272448213,29/07/26 01:16
148559891234,34444,272448238,29/07/26 01:16
148559828495,446136,272447982,29/07/26 01:16
148559838213,180854,153492213,29/07/26 01:16
148559935552,72977,259916441,29/07/26 01:16
148559854785,184850,272448235,29/07/26 01:16
148559917734,178946,270580815,29/07/26 01:16
148559928363,654169,272448256,29/07/26 01:16
148560021046,158780,272448318,29/07/26 01:16
148560018259,4805,272448315,29/07/26 01:16
148559945413,20717,272448295,29/07/26 01:16
148560041167,167035,272448366,29/07/26 01:16
148559936763,29567,272448269,29/07/26 01:16
148560035075,3865,272448357,29/07/26 01:16
148559809834,167035,266774259,29/07/26 01:16
148560049163,167714,272448377,29/07/26 01:16
148559927167,444742,272448247,29/07/26 01:16
148560019752,225991,266513620,29/07/26 01:16
148560145746,186497,14372420,29/07/26 01:17
148560311275,35316,52785223,29/07/26 01:17
148560394875,187936,65846370,29/07/26 01:17
148560464052,165698,257141583,29/07/26 01:18
148560244159,216770,94864426,29/07/26 01:18
148560218185,650106,118817674,29/07/26 01:18
148560237959,224733,112727657,29/07/26 01:18
148560454785,10500,154315624,29/07/26 01:18
148560306975,217129,200093062,29/07/26 01:18
148560164559,187983,224976988,29/07/26 01:18
148560377167,176586,257381942,29/07/26 01:18
148560157885,35622,246089219,29/07/26 01:18
148560297367,156035,265612558,29/07/26 01:18
148560454675,442334,267089478,29/07/26 01:18
148560297485,180523,268355669,29/07/26 01:18
148560454875,650012,269959943,29/07/26 01:18
148560234746,224009,256989966,29/07/26 01:18
148560455259,126590,272319978,29/07/26 01:18
148560454959,179475,272216746,29/07/26 01:18
148560403052,445917,263446844,29/07/26 01:18
148560218234,167035,272448216,29/07/26 01:18
148560238734,36254,267875610,29/07/26 01:19
148560313534,167035,270088151,29/07/26 01:19
148560137034,167035,269554485,29/07/26 01:19
148560301967,123794,271815088,29/07/26 01:19
148560386834,166463,272448608,29/07/26 01:19
148560123559,166960,272305602,29/07/26 01:19
148560310652,216875,271264812,29/07/26 01:19
148560229285,179254,271628471,29/07/26 01:19
148560385046,176586,269841901,29/07/26 01:19
148560233034,653529,272448476,29/07/26 01:19
148560239846,167035,272448465,29/07/26 01:19
148560141867,167035,272448430,29/07/26 01:19
148560233834,167035,272448483,29/07/26 01:19
148560232452,4836,272448472,29/07/26 01:19
148560144063,650291,272448432,29/07/26 01:19
148560240652,167035,272448496,29/07/26 01:19
148560198195,225337,272448395,29/07/26 01:19
148560311885,167035,272448543,29/07/26 01:19
148560274846,137561,272448522,29/07/26 01:19
148560390785,167035,272448601,29/07/26 01:19
148560243567,257966,272448505,29/07/26 01:19
148560385513,191056,272448600,29/07/26 01:19
148560306463,25484,272448538,29/07/26 01:19
148560215567,279058,272448449,29/07/26 01:19
148560182746,121362,272448413,29/07/26 01:19
148560319246,11206,272448562,29/07/26 01:19
148560383452,167035,272448595,29/07/26 01:19
148560311963,139144,272448544,29/07/26 01:19
148560318559,176598,272448531,29/07/26 01:19
148560379467,20717,272448520,29/07/26 01:19
148560306659,445776,272448545,29/07/26 01:19
148560529746,445926,103769815,29/07/26 01:21
148560530085,184953,272448553,29/07/26 01:21
148560529963,4988,270615780,29/07/26 01:21
148560479995,259131,272448707,29/07/26 01:21
148560548075,659202,272379753,29/07/26 01:24
148551028195,216770,272440566,29/07/26 01:25
148551027275,81212,161758949,29/07/26 01:25
148551027685,157279,246948639,29/07/26 01:25
148560605685,139578,211539631,29/07/26 01:26
148560493275,659602,272448711,29/07/26 01:26
148560605963,215883,272448066,29/07/26 01:26
148560619552,179475,272448791,29/07/26 01:28
148560625685,177959,268890086,29/07/26 01:30
148560401685,69951,266296196,29/07/26 01:30
148560614895,191309,271756023,29/07/26 01:30
148560686752,7016,158798698,29/07/26 01:31
148560686585,145574,57935910,29/07/26 01:31
148560438146,167035,272448643,29/07/26 01:31
148560459275,11926,272448655,29/07/26 01:31
148560533985,119307,251797927,29/07/26 01:32
148560461713,167035,264514529,29/07/26 01:32
148560464846,159168,272448666,29/07/26 01:33
148560470185,4805,272448672,29/07/26 01:33
148560546313,15489,148361093,29/07/26 01:33
148560703752,259131,272399660,29/07/26 01:34
148552121013,55371,272440990,29/07/26 01:35
148552120759,153546,13024985,29/07/26 01:35
148560478252,191056,272448697,29/07/26 01:35
148552119895,84345,136651442,29/07/26 01:35
148560480585,216875,272448702,29/07/26 01:35
148552275634,7090,272099917,29/07/26 01:35
148552275534,136566,86522445,29/07/26 01:35
148560761367,156035,272448887,29/07/26 01:37
148560536552,167035,272448626,29/07/26 01:37
148560762167,193035,270518795,29/07/26 01:37
148560542095,191056,272448731,29/07/26 01:38
148560543775,105919,272448693,29/07/26 01:39
148560547967,25484,239345580,29/07/26 01:39
148560631067,190292,272448812,29/07/26 01:39
148560546734,650106,235744954,29/07/26 01:39
148560547763,3326,268460265,29/07/26 01:39
148560770459,20240,250019558,29/07/26 01:39
148560632667,12333,272448814,29/07/26 01:40
148560771834,224008,272448906,29/07/26 01:40
148560556246,49843,7896286,29/07/26 01:40
148560765146,100700,272448894,29/07/26 01:40
148560815252,164001,128060812,29/07/26 01:41
148560582834,441998,41932191,29/07/26 01:41
148560817285,180204,272448899,29/07/26 01:42
148560612513,176586,272091815,29/07/26 01:42
148560612995,445659,272448764,29/07/26 01:42
148560818585,185558,272448929,29/07/26 01:42
148560774852,167035,272448914,29/07/26 01:42
148560622952,4937,271685382,29/07/26 01:43
148560692795,119194,113301477,29/07/26 01:43
148560620885,176598,251198294,29/07/26 01:43
148560626285,653200,269322182,29/07/26 01:44
148560628675,167035,256310446,29/07/26 01:44
148560689795,182787,272448815,29/07/26 01:44
148560709885,4949,272448875,29/07/26 01:44
148552630046,406563,55378064,29/07/26 01:45
148560838452,167035,272448956,29/07/26 01:45
148560634159,167035,204585053,29/07/26 01:45
148552629895,9633,156926352,29/07/26 01:45
148552630285,87683,266659971,29/07/26 01:45
148560462375,190997,268922726,29/07/26 01:45
148560879213,31104,190728860,29/07/26 01:46
148560879352,4802,272395131,29/07/26 01:46
148560687367,2607,272448795,29/07/26 01:46
148560661885,650012,269600442,29/07/26 01:46
148560757867,650020,272448830,29/07/26 01:46
148560694467,180204,272448838,29/07/26 01:47
148560690795,164687,272448829,29/07/26 01:47
148560692963,42328,79551760,29/07/26 01:47
148560885059,167035,272448992,29/07/26 01:47
148560707075,43170,272448865,29/07/26 01:47
148560465385,442330,272448459,29/07/26 01:48
148560631667,137561,272448677,29/07/26 01:48
148560465763,650106,272448663,29/07/26 01:48
148560890375,167035,272449011,29/07/26 01:48
148560700963,225991,272448846,29/07/26 01:49
148560899059,167035,272449030,29/07/26 01:49
148560709234,65239,270574125,29/07/26 01:50
148560705552,167035,272448856,29/07/26 01:50
148560793159,36864,186206154,29/07/26 01:50
148560710813,145293,215298991,29/07/26 01:50
148560806934,44665,218287967,29/07/26 01:50
148560891259,193584,272448950,29/07/26 01:50
148560934646,259131,271225012,29/07/26 01:51
148560756963,152971,241266913,29/07/26 01:51
148560610852,167035,272448724,29/07/26 01:52
148560535395,2893,237205460,29/07/26 01:52
148560763185,659202,268805550,29/07/26 01:52
148560900263,653654,272449031,29/07/26 01:52
148560940752,133121,249336979,29/07/26 01:53
148560765367,166960,266366911,29/07/26 01:53
148560765985,120988,265729278,29/07/26 01:53
148560772563,167035,272305605,29/07/26 01:54
148553135552,42946,195012160,29/07/26 01:55
148560455085,219130,272126796,29/07/26 01:55
148553334895,136744,23677691,29/07/26 01:55
148553334746,31232,11038309,29/07/26 01:55
148560555885,650291,272448747,29/07/26 01:55
148560985852,216875,152859478,29/07/26 01:56
148560817495,179987,272398774,29/07/26 01:56
148560815967,96548,272448917,29/07/26 01:56
148560986413,650291,272449090,29/07/26 01:56
148560885159,167035,272448993,29/07/26 01:57
148560885263,164803,272448995,29/07/26 01:58
148560628967,184985,198811634,29/07/26 01:58
148560830163,153116,239162985,29/07/26 01:58
148560829813,224733,272448786,29/07/26 01:58
148561818434,653200,272449950,29/07/26 04:04
148560605846,20958,268415968,29/07/26 04:05
148554129167,21642,10251993,29/07/26 04:05
148554129375,121200,147815359,29/07/26 04:05
148554238075,105916,272092851,29/07/26 04:05
148554847195,166128,265963523,29/07/26 04:05
148554846659,11506,2809908,29/07/26 04:05
148555564652,50762,36487810,29/07/26 04:05
148555564367,27170,153223721,29/07/26 04:05
148561817346,177058,264496636,29/07/26 04:05
148557053946,6222,271434715,29/07/26 04:05
148556770663,10414,272445550,29/07/26 04:05
148558002785,74137,253537339,29/07/26 04:05
148558158959,13083,272446503,29/07/26 04:05
148558328463,114027,106098118,29/07/26 04:05
148561826363,167035,272246207,29/07/26 04:06
148561826046,180204,270725872,29/07/26 04:06
148561826495,120988,272449882,29/07/26 04:06
148561826285,20717,272449727,29/07/26 04:06
148561761263,143073,29770558,29/07/26 04:06
148561780775,191056,270949424,29/07/26 04:06
148561785013,214904,110792371,29/07/26 04:07
148561785746,180025,267713128,29/07/26 04:07
148561832595,191056,265903357,29/07/26 04:08
148561835767,650012,272396159,29/07/26 04:10
148561847452,180517,262959990,29/07/26 04:11
148561847395,20717,268341406,29/07/26 04:11
148561847613,180257,272449930,29/07/26 04:11
148561847795,180257,272449926,29/07/26 04:11
148561847567,138260,240994651,29/07/26 04:11
148561224767,752,81667246,29/07/26 04:11
148558890546,149118,272232449,29/07/26 04:15
148561789946,180203,272082943,29/07/26 04:15
148561790885,176586,272449938,29/07/26 04:15
148561869285,179724,271174121,29/07/26 04:16
148561869352,650528,244209555,29/07/26 04:16
148561871985,246112,272449514,29/07/26 04:17
148561817295,445606,230430955,29/07/26 04:18
148561871895,166766,270430233,29/07/26 04:18
148561851959,191056,272450002,29/07/26 04:18
148561873175,109984,270149132,29/07/26 04:19
148561820046,120988,210572280,29/07/26 04:19
148561874134,191056,272450028,29/07/26 04:19
148561819667,167360,268570843,29/07/26 04:19
148561819875,167035,272449949,29/07/26 04:19
148561821063,160024,272449954,29/07/26 04:20
148561820546,167035,272449958,29/07/26 04:20
148561856295,656893,272450010,29/07/26 04:20
148561820463,191056,272449940,29/07/26 04:20
148561827359,180204,272449960,29/07/26 04:21
148561885646,167652,220934100,29/07/26 04:21
148561885852,135826,271265359,29/07/26 04:21
148561847263,105660,199744374,29/07/26 04:21
148561888395,205290,272450037,29/07/26 04:22
148561893313,179475,272450054,29/07/26 04:23
148561833563,191056,270577593,29/07/26 04:24
148561834046,95299,122185197,29/07/26 04:24
148561834563,225991,272449978,29/07/26 04:24
148561834467,257717,272449979,29/07/26 04:24
148561834767,5830,268993937,29/07/26 04:25
148561835913,225337,272449986,29/07/26 04:25
148561904395,42152,272173066,29/07/26 04:26
148561904146,26375,268562532,29/07/26 04:26
148561840995,650360,272449989,29/07/26 04:26
148561850959,104659,260130810,29/07/26 04:27
148561907795,72918,272450070,29/07/26 04:28
148561852934,650012,87185676,29/07/26 04:28
148561834875,24020,264262002,29/07/26 04:28
148561852559,154801,257540136,29/07/26 04:28
148561905685,224733,272217552,29/07/26 04:28
148561855259,167035,272450009,29/07/26 04:29
148561853995,278486,272450005,29/07/26 04:29
148561909495,161118,272450058,29/07/26 04:29
148561857867,224700,272450000,29/07/26 04:30
148561910263,654169,272450075,29/07/26 04:30
148561921695,70082,272304799,29/07/26 04:31
148561921463,70082,272039619,29/07/26 04:31
148561921734,164808,272449974,29/07/26 04:31
148561888434,182592,272449953,29/07/26 04:31
148561871113,223127,272450019,29/07/26 04:32
148561871795,167035,272450020,29/07/26 04:32
148561816075,655668,269917335,29/07/26 04:32
148561873485,1612,229107587,29/07/26 04:33
148559456613,191405,233945718,29/07/26 04:35
148561877095,74377,272449944,29/07/26 04:35
148561876867,179669,272450030,29/07/26 04:35
148561876059,138829,272450018,29/07/26 04:35
148561904513,138371,272450061,29/07/26 04:35
148561939646,444900,272305259,29/07/26 04:36
148561939713,105912,268001475,29/07/26 04:36
148561826575,650291,271371779,29/07/26 04:36
148561888213,659485,272450039,29/07/26 04:36
148561827885,445084,272219360,29/07/26 04:36
148561905285,4805,272450063,29/07/26 04:37
148561889913,259131,272450043,29/07/26 04:37
148561890195,120988,272450038,29/07/26 04:37
148561941875,167035,272450101,29/07/26 04:37
148561906152,222684,250148666,29/07/26 04:37
148561891713,179475,272450031,29/07/26 04:38
148561891263,167035,272450042,29/07/26 04:38
148561893552,191056,272450050,29/07/26 04:39
148561944213,118092,272450115,29/07/26 04:39
148561895467,441911,241378875,29/07/26 04:40
148561896352,225991,272447756,29/07/26 04:40
148561895246,445227,229540603,29/07/26 04:40
148561835367,654169,272449984,29/07/26 04:40
148561921859,42491,272450080,29/07/26 04:40
148561944995,180204,272081406,29/07/26 04:40
148561955785,5680,246545355,29/07/26 04:41
148561925163,167035,272450083,29/07/26 04:42
148561873895,225991,272449996,29/07/26 04:42
148561905334,444900,272450062,29/07/26 04:42
148561906059,191056,272450064,29/07/26 04:42
148561854352,70082,271951007,29/07/26 04:43
148561890213,168485,32014106,29/07/26 04:43
148561906675,126590,270609789,29/07/26 04:43
148561923834,21277,254879947,29/07/26 04:43
148561908863,235555,272450072,29/07/26 04:44
148561958159,41177,272450133,29/07/26 04:44
148561872995,180523,269495727,29/07/26 04:45
148561976334,153539,250595784,29/07/26 04:46
148561976413,29286,269732736,29/07/26 04:46
148561976634,204346,272450048,29/07/26 04:46
148561976559,650097,272450011,29/07/26 04:46
148561872195,25484,268066641,29/07/26 04:46
148561925752,4805,271577193,29/07/26 04:47
148561978213,42489,272450154,29/07/26 04:48
148561943785,188122,264852997,29/07/26 04:48
148561926467,167035,272450084,29/07/26 04:48
148561962795,5680,272128191,29/07/26 04:49
148561928659,191056,272450093,29/07/26 04:49
148561929467,167035,272450094,29/07/26 04:50
148561930563,186199,272450096,29/07/26 04:50
148561984067,147972,272450168,29/07/26 04:51
148561995134,33829,272450119,29/07/26 04:51
148561994934,185237,266099945,29/07/26 04:51
148561940467,180025,237865584,29/07/26 04:51
148561892952,192317,272450035,29/07/26 04:51
148561940852,191056,265652258,29/07/26 04:51
148561886413,162869,272450024,29/07/26 04:51
148561995267,189363,272450114,29/07/26 04:53
148561943146,2607,251301783,29/07/26 04:53
148561946167,167035,272450103,29/07/26 04:54
148561946495,650293,272450117,29/07/26 04:54
148561945963,650293,272348073,29/07/26 04:54
148561946075,176586,272450118,29/07/26 04:54
148561895085,444900,272450056,29/07/26 04:54
148561964652,89844,272450147,29/07/26 04:54
148560017134,21077,104059161,29/07/26 04:55
148562008063,23111,18893772,29/07/26 04:56
148561904646,126721,247561340,29/07/26 04:56
148561957167,167035,272450130,29/07/26 04:56
148561980334,167035,270813230,29/07/26 04:57
148562001652,180204,272450189,29/07/26 04:57
148561958746,72664,272450135,29/07/26 04:57
148561958563,191056,271478985,29/07/26 04:57
148561961375,4805,272093064,29/07/26 04:58
148561961052,179724,272450139,29/07/26 04:58
148561960746,444900,272450138,29/07/26 04:58
148561962252,24862,272350087,29/07/26 04:59
148561962059,167035,272450131,29/07/26 04:59
148561964952,180034,272450124,29/07/26 05:00
148561996595,8417,245977465,29/07/26 05:01
148562033946,120988,128477174,29/07/26 05:01
148562033846,445935,218125157,29/07/26 05:01
148562034813,180801,265355852,29/07/26 05:01
148561978913,164687,264902418,29/07/26 05:02
148561924313,185237,229635816,29/07/26 05:02
148561997367,38833,272450178,29/07/26 05:02
148561996334,148752,272450176,29/07/26 05:02
148561998146,55750,272450179,29/07/26 05:02
148562014546,167035,272413829,29/07/26 05:03
148561979495,445774,272450157,29/07/26 05:03
148562000359,139000,4174184,29/07/26 05:03
148561928852,177059,272450090,29/07/26 05:04
148561941463,156035,272450091,29/07/26 05:04
148562038485,35005,255928337,29/07/26 05:04
148561927034,225913,272160062,29/07/26 05:04
148561929752,167035,272450097,29/07/26 05:05
148561983785,191056,271391735,29/07/26 05:05
148561977075,191565,272450151,29/07/26 05:05
148562043075,180509,272450181,29/07/26 05:06
148561995575,167035,272450170,29/07/26 05:06
148561998585,9501,87582808,29/07/26 05:07
148562001152,162127,150776154,29/07/26 05:09
148562000985,225991,272450183,29/07/26 05:09
148562049275,137820,272450268,29/07/26 05:09
148562002034,167035,272450188,29/07/26 05:10
148562002475,136067,46075956,29/07/26 05:10
148562061185,650293,272260207,29/07/26 05:11
148562008467,257702,271765837,29/07/26 05:11
148562008759,650585,271009346,29/07/26 05:11
148562009167,441909,204633700,29/07/26 05:11
148562036159,12788,272450231,29/07/26 05:11
148562012346,126590,272142117,29/07/26 05:12
148562036975,5830,264599394,29/07/26 05:13
148562013713,167035,272217866,29/07/26 05:13
148562039267,224564,272450242,29/07/26 05:13
148562016659,442034,272450198,29/07/26 05:15
148562040675,126609,272450246,29/07/26 05:15
148562017113,650291,272450215,29/07/26 05:15
148562016475,2739,272450216,29/07/26 05:15
148562035659,167035,272450225,29/07/26 05:16
148562046152,187022,248222362,29/07/26 05:16
148561978863,39868,272450155,29/07/26 05:17
148562063246,166111,268345665,29/07/26 05:17
148562037795,176586,272450232,29/07/26 05:18
148562087434,22775,272450319,29/07/26 05:18
148562038952,278486,272039082,29/07/26 05:19
148562039752,180801,271217391,29/07/26 05:19
148562038813,444742,272450240,29/07/26 05:19
148561997995,164001,272450160,29/07/26 05:19
148561981852,167387,272450163,29/07/26 05:19
148562049995,180204,272450270,29/07/26 05:19
148562100563,442334,272170160,29/07/26 05:21
148562100885,167035,272450277,29/07/26 05:21
148562100685,136064,272364009,29/07/26 05:21
148562044452,650291,272450252,29/07/26 05:21
148562063934,8833,272450287,29/07/26 05:21
148562045352,167035,272450256,29/07/26 05:22
148562045463,4941,255934342,29/07/26 05:22
148562049167,191056,272450266,29/07/26 05:23
148562048367,167035,272450245,29/07/26 05:23
148562047067,6059,272450260,29/07/26 05:23
148562048167,177609,272450265,29/07/26 05:23
148562048459,179475,115203448,29/07/26 05:23
148562048785,444900,243719566,29/07/26 05:23
148562047985,180204,272450261,29/07/26 05:23
148560218385,22092,91247431,29/07/26 05:25
148562051734,70082,272450275,29/07/26 05:25
148562051159,650291,272450272,29/07/26 05:25
148562109659,183235,246231208,29/07/26 05:25
148562124275,225991,255522032,29/07/26 05:26
148562124167,40310,271746533,29/07/26 05:26
148562061563,220550,272450282,29/07/26 05:26
148562124563,180509,272450349,29/07/26 05:26
148562061667,179987,249677958,29/07/26 05:26
148562017785,156337,272450200,29/07/26 05:27
148562011252,444900,272450185,29/07/26 05:27
148562127513,15729,272450364,29/07/26 05:27
148562064059,167158,88017164,29/07/26 05:28
148562036846,192287,257144434,29/07/26 05:29
148562052295,30476,272450190,29/07/26 05:30
148562149146,189183,157029260,29/07/26 05:31
148562149585,445084,272244024,29/07/26 05:31
148562149652,138647,272450334,29/07/26 05:31
148562034934,178946,272450222,29/07/26 05:31
148562149467,177372,267482225,29/07/26 05:31
148562027846,444900,234509423,29/07/26 05:31
148562088659,167035,272450320,29/07/26 05:32
148562040495,50599,272450238,29/07/26 05:33
148562038746,120988,272450109,29/07/26 05:33
148562090346,166960,272450322,29/07/26 05:33
148562089646,138829,272450296,29/07/26 05:33
148562091059,382,272450328,29/07/26 05:34
148562157585,279058,251976740,29/07/26 05:34
148560605575,7210,71566961,29/07/26 05:35
148562095013,442334,272450335,29/07/26 05:35
148562159759,168595,114545044,29/07/26 05:36
148562170263,179475,272217128,29/07/26 05:36
148562170485,167035,272450350,29/07/26 05:36
148562170334,167387,272450336,29/07/26 05:36
148562170167,164001,271222680,29/07/26 05:36
148562102175,654451,272450338,29/07/26 05:36
148562103652,180517,272449791,29/07/26 05:36
148562102746,192139,160010173,29/07/26 05:36
148562043452,650106,188425117,29/07/26 05:36
148562103095,187907,272450339,29/07/26 05:36
148562104785,224733,272450340,29/07/26 05:37
148562127013,180204,272450363,29/07/26 05:37
148562046352,180472,272354031,29/07/26 05:37
148562108213,167035,272450346,29/07/26 05:39
148562108359,180204,272450345,29/07/26 05:39
148562178634,157258,271529262,29/07/26 05:39
148562051867,650106,272450276,29/07/26 05:40
148562111052,179475,272304936,29/07/26 05:40
148562190295,4805,272218364,29/07/26 05:41
148562190334,4805,267553965,29/07/26 05:41
148562187234,167035,272450436,29/07/26 05:41
148562153275,167035,272306431,29/07/26 05:42
148562126252,180509,267498764,29/07/26 05:42
148562170875,176586,272450403,29/07/26 05:42
148562111413,10694,272217299,29/07/26 05:43
148562156734,278130,271750253,29/07/26 05:43
148562066695,650293,272450291,29/07/26 05:44
148560756346,185440,236028650,29/07/26 05:45
148562133695,167035,272450370,29/07/26 05:45
148560756234,105825,153988906,29/07/26 05:45
148562107959,180204,272450303,29/07/26 05:45
148562134313,446237,272399830,29/07/26 05:45
148562196134,167647,272450454,29/07/26 05:45
148562200013,176586,272450465,29/07/26 05:46
148562214959,259131,271350934,29/07/26 05:46
148562214713,20717,262874439,29/07/26 05:46
148562143263,33476,256308761,29/07/26 05:46
148562151213,167035,272450378,29/07/26 05:46
148562201859,188018,272450429,29/07/26 05:47
148562152595,180204,272450380,29/07/26 05:47
148562218475,167035,272450487,29/07/26 05:48
148562154463,4805,272450383,29/07/26 05:48
148562219567,259131,269046100,29/07/26 05:48
148562201567,226859,272450472,29/07/26 05:49
148562156985,144458,272349914,29/07/26 05:49
148562161034,654565,272365568,29/07/26 05:50
148562160575,187360,38222748,29/07/26 05:50
148562158646,179475,272450392,29/07/26 05:50
148562109313,94528,243907856,29/07/26 05:50
148562222552,36293,272450499,29/07/26 05:50
148562133285,650293,272450371,29/07/26 05:50
148562105385,650106,223780710,29/07/26 05:51
148562193385,20717,272450446,29/07/26 05:52
148562105434,167035,272450342,29/07/26 05:52
148562243385,167035,270483308,29/07/26 05:52
148562177713,43216,9685021,29/07/26 05:53
148562178163,4805,272450413,29/07/26 05:53
148562044659,11992,272450249,29/07/26 05:53
148562225495,2732,272450508,29/07/26 05:53
148561742913,126590,272449081,29/07/26 05:54
148562245467,108453,272450522,29/07/26 05:54
148562155475,180226,254766732,29/07/26 05:54
148562109034,184194,272450344,29/07/26 05:54
148562243952,167035,269139721,29/07/26 05:54
148560879459,194028,267676649,29/07/26 05:55
148562202434,20717,272450474,29/07/26 05:55
148562199863,167035,272450441,29/07/26 05:55
148562250095,180523,272450541,29/07/26 05:56
148562263895,220501,251171060,29/07/26 05:56
148562264075,191056,270766008,29/07/26 05:56
148562264152,650291,264431150,29/07/26 05:56
148562155034,40822,272450389,29/07/26 05:56
148562192475,167035,272450425,29/07/26 05:56
148562263967,16510,272083484,29/07/26 05:56
148562066252,279058,251711222,29/07/26 05:57
148562126434,650291,272450286,29/07/26 05:57
148562193585,152649,272450447,29/07/26 05:57
148562196785,14280,272450453,29/07/26 05:58
148562129752,126321,133173866,29/07/26 05:58
148562110013,180034,272450353,29/07/26 05:58
148562198052,209179,272354252,29/07/26 05:58
148560605363,12345,249392681,29/07/26 05:59
148562224013,77612,272450503,29/07/26 05:59
148562219875,182718,246482232,29/07/26 05:59
148562272863,5830,227274262,29/07/26 05:59
148562200367,179475,272450461,29/07/26 05:59
148562112875,191014,222204956,29/07/26 05:59
148562125585,132673,272450359,29/07/26 05:59
148562274695,173575,25246223,29/07/26 06:00
148562248552,223250,14194573,29/07/26 06:00
148562202175,20717,272450466,29/07/26 06:00
148562158113,182770,272450374,29/07/26 06:00
148562202795,445774,272450473,29/07/26 06:00
148562196652,38667,6851181,29/07/26 06:00
148562131934,11126,254307988,29/07/26 06:00
148562129095,205428,128318339,29/07/26 06:00
148562131195,10872,263074177,29/07/26 06:00
148562196359,24186,97061050,29/07/26 06:00
148562201113,445934,272450464,29/07/26 06:00
148562128134,153076,5426649,29/07/26 06:00
148562128859,89698,272450366,29/07/26 06:00
148562276485,68713,75138517,29/07/26 06:00
148562132567,188649,208472661,29/07/26 06:00
148562150263,36329,40642793,29/07/26 06:00
148562225746,205301,272450509,29/07/26 06:00
148549288546,38128,161252315,29/07/26 06:00
148562133495,127308,191881923,29/07/26 06:00
148562302234,28638,126877316,29/07/26 06:00
148562129563,215994,77396731,29/07/26 06:00
148562247859,41438,26973313,29/07/26 06:00
148562132434,208737,191049372,29/07/26 06:00
148562302313,167035,272450432,29/07/26 06:01
148562271746,179987,272450559,29/07/26 06:01
148562277359,186620,74995841,29/07/26 06:01
148562302846,43200,138008527,29/07/26 06:01
148562292246,11910,82436445,29/07/26 06:01
148562267963,205459,112935654,29/07/26 06:01
148562063446,24329,92293034,29/07/26 06:01
148562303795,73443,191334903,29/07/26 06:01
148562276734,192855,201443338,29/07/26 06:01
148562270295,185062,185340013,29/07/26 06:01
148562008113,43398,264908051,29/07/26 06:01
148544541534,650458,267224781,29/07/26 06:01
148562239346,214728,134613294,29/07/26 06:01
148562267575,138960,63832915,29/07/26 06:01
148562301552,365166,269743063,29/07/26 06:02
148562301767,279058,272450497,29/07/26 06:02
148562264867,3180,272450544,29/07/26 06:02
148562245546,186113,216977780,29/07/26 06:02
148562224285,174025,67644710,29/07/26 06:02
148562271895,155950,212730766,29/07/26 06:02
148549150659,36163,247925622,29/07/26 06:02
148489668852,7663,20435854,29/07/26 06:02
148562221913,220532,30680414,29/07/26 06:02
148562248834,136142,272450533,29/07/26 06:02
148562244534,153744,49349126,29/07/26 06:02
148531486352,445863,60837401,29/07/26 06:02
148562241246,445988,272450484,29/07/26 06:02
148562264559,5132,85487613,29/07/26 06:02
148562249667,41705,77795175,29/07/26 06:02
148562265834,142786,131704775,29/07/26 06:02
148562215563,145108,70064328,29/07/26 06:02
148562249367,220514,256457976,29/07/26 06:02
148562215295,39907,164214016,29/07/26 06:02
148562269213,182614,185484361,29/07/26 06:02
148562269434,183305,55690893,29/07/26 06:02
148562199995,42658,205392833,29/07/26 06:02
148562201759,1732,154841082,29/07/26 06:02
148562240285,183031,143530888,29/07/26 06:02
148562243885,166173,272450511,29/07/26 06:02
148562248113,204166,149142683,29/07/26 06:02
148562247167,150851,146717877,29/07/26 06:02
148562220413,178362,108896720,29/07/26 06:02
148562270546,207486,220295520,29/07/26 06:02
148562199685,8149,6007628,29/07/26 06:02
148562270763,12154,4304387,29/07/26 06:02
148562174067,32609,236133196,29/07/26 06:02
148562197946,215836,248447637,29/07/26 06:02
148562202263,180855,244454198,29/07/26 06:02
148562239959,83979,56233507,29/07/26 06:02
148562220552,1491,272450494,29/07/26 06:02
148562224859,26063,254548579,29/07/26 06:02
148562126595,149048,189480217,29/07/26 06:02
148562225552,177829,239274542,29/07/26 06:02
148562111795,28197,68749186,29/07/26 06:02
148562272695,181637,26539294,29/07/26 06:02
148562246095,214553,54698292,29/07/26 06:02
148562181175,179929,151152158,29/07/26 06:02
148543345752,147677,272225645,29/07/26 06:02
148492808213,177759,10970116,29/07/26 06:02
148562240485,7836,138380381,29/07/26 06:02
148562124685,10007,205051670,29/07/26 06:02
148562192852,189369,66983861,29/07/26 06:02
148562112267,155378,41328172,29/07/26 06:02
148562219446,41842,272450455,29/07/26 06:02
148528495513,152221,69239407,29/07/26 06:02
148562214685,26545,42365259,29/07/26 06:02
148562048246,74022,73077536,29/07/26 06:02
148562111252,179959,201376619,29/07/26 06:02
148562218746,20692,265849463,29/07/26 06:02
148562109759,22211,128838845,29/07/26 06:02
148562127467,22970,21721283,29/07/26 06:02
148562219046,167035,272450485,29/07/26 06:02
148562216259,4805,272450435,29/07/26 06:02
148562106913,37861,145751622,29/07/26 06:02
148562268352,68865,79178981,29/07/26 06:02
148562304275,189133,199107825,29/07/26 06:02
148510319913,187315,149364618,29/07/26 06:02
148562194252,29031,22618889,29/07/26 06:02
148562087046,1576,272450317,29/07/26 06:02
148562126713,186352,205783961,29/07/26 06:02
148562107163,180740,223102576,29/07/26 06:02
148562126952,650653,272450362,29/07/26 06:02
148562180663,7578,51101709,29/07/26 06:02
148562110652,157167,99662716,29/07/26 06:02
148562264913,41297,271210461,29/07/26 06:02
148562134652,12812,272450372,29/07/26 06:02
148548291434,39849,227855269,29/07/26 06:02
148562243663,194546,83759011,29/07/26 06:02
148562174795,35345,113719270,29/07/26 06:02
148562241634,29411,158985780,29/07/26 06:02
148562104263,150359,89106097,29/07/26 06:02
148562180534,217678,228772788,29/07/26 06:02
148562125875,147318,272450358,29/07/26 06:02
148562180395,445986,130704674,29/07/26 06:02
148562127834,155161,10306095,29/07/26 06:02
148562179313,87883,272450407,29/07/26 06:02
148562107663,193818,99511622,29/07/26 06:02
148562191095,166723,1487332,29/07/26 06:02
148562109446,2016,202670788,29/07/26 06:02
148562102963,223127,232268946,29/07/26 06:02
148562105285,113670,237953132,29/07/26 06:02
148562107546,188205,108207985,29/07/26 06:02
148562195663,84108,105909561,29/07/26 06:02
148562193495,174415,143257454,29/07/26 06:02
148562110967,165735,272450337,29/07/26 06:02
148562193875,84052,12877517,29/07/26 06:02
148562174813,215336,120093865,29/07/26 06:02
148562243195,20465,63996857,29/07/26 06:02
148562128252,20240,234153938,29/07/26 06:02
148562106813,149998,108091084,29/07/26 06:02
148562215134,69786,90707825,29/07/26 06:02
148562192585,123851,199173621,29/07/26 06:02
148562103985,191281,3249869,29/07/26 06:02
148509277152,34898,258143788,29/07/26 06:02
148562176085,180902,268606044,29/07/26 06:02
148562113546,4133,108448115,29/07/26 06:02
148562303652,181095,130420408,29/07/26 06:02
148562150885,86309,257819823,29/07/26 06:03
148537995767,34345,143317163,29/07/26 06:03
148562191585,113963,33771818,29/07/26 06:03
148562191895,112252,120595518,29/07/26 06:03
148562201667,37119,242137740,29/07/26 06:03
148562220613,153641,272450495,29/07/26 06:03
148562193185,88491,24483729,29/07/26 06:03
148562219152,32174,7669927,29/07/26 06:03
148538042195,217920,235559542,29/07/26 06:03
148562177895,45821,14560776,29/07/26 06:03
148562199334,17137,130707903,29/07/26 06:03
148562176295,23326,185933212,29/07/26 06:03
148562174185,651405,160133938,29/07/26 06:03
148493162334,186745,272394349,29/07/26 06:03
148562222946,193098,58673954,29/07/26 06:03
148562199034,42831,43489170,29/07/26 06:03
148562190713,137479,212680718,29/07/26 06:03
148562220063,126652,108357510,29/07/26 06:03
148562216967,162461,183842136,29/07/26 06:03
148562062267,7218,272450284,29/07/26 06:03
148562013363,192966,272450204,29/07/26 06:03
148562177667,28991,30450824,29/07/26 06:03
148562192195,186459,132236116,29/07/26 06:03
148562193759,184861,272450449,29/07/26 06:03
148562202575,204040,33255288,29/07/26 06:03
148562199795,33324,33836163,29/07/26 06:03
148562176734,7252,186145151,29/07/26 06:03
148562101534,146600,51278680,29/07/26 06:03
148562245959,37635,15676568,29/07/26 06:03
148541638063,32753,92215528,29/07/26 06:03
148562155767,94803,38368733,29/07/26 06:03
148562158446,137578,100931609,29/07/26 06:03
148562201475,138734,241086199,29/07/26 06:03
148562200595,18682,121437215,29/07/26 06:03
148562094585,147406,38869536,29/07/26 06:03
148562157952,39397,88836676,29/07/26 06:03
148562274575,188557,237702935,29/07/26 06:03
148562179595,55577,97804637,29/07/26 06:03
148562197195,41600,272450457,29/07/26 06:03
148562105546,18187,80606827,29/07/26 06:03
148562088485,186113,222481086,29/07/26 06:03
148562150613,9,109797659,29/07/26 06:03
148562064295,215028,107431128,29/07/26 06:03
148562220775,208737,69617530,29/07/26 06:03
148562152867,3179,138636102,29/07/26 06:03
148562153895,28702,53446884,29/07/26 06:03
148562158052,442356,156908848,29/07/26 06:03
148562094313,20595,34079856,29/07/26 06:03
148562171259,185723,54704582,29/07/26 06:03
148562217652,39466,205327427,29/07/26 06:03
148562195946,123794,146738734,29/07/26 06:03
148562085995,137820,272450283,29/07/26 06:03
148562220852,146070,23476132,29/07/26 06:03
148562089513,190433,234667507,29/07/26 06:03
148562274175,194330,250463835,29/07/26 06:03
148562069267,657155,253542152,29/07/26 06:03
148562159046,31989,25698508,29/07/26 06:03
148562067046,136740,272450288,29/07/26 06:03
148562194167,9202,25673836,29/07/26 06:03
148562154075,9275,251411165,29/07/26 06:03
148562307485,181454,68505077,29/07/26 06:03
148562144359,441912,225334419,29/07/26 06:03
148562091252,156787,272333850,29/07/26 06:03
148562084952,39408,54544659,29/07/26 06:03
148562172467,182638,272450406,29/07/26 06:03
148562155985,194940,24417346,29/07/26 06:03
148562064963,137799,8646342,29/07/26 06:03
148562157634,445376,272450393,29/07/26 06:03
148562150575,68826,73644701,29/07/26 06:03
148562066746,183925,204038365,29/07/26 06:03
148562132359,181778,60578442,29/07/26 06:03
148562085885,142377,46496014,29/07/26 06:03
148562067546,38250,205934780,29/07/26 06:03
148562086795,192131,248433149,29/07/26 06:03
148562218659,227014,183777787,29/07/26 06:03
148562087852,15927,271673779,29/07/26 06:03
148562091159,180555,6928917,29/07/26 06:03
148562090746,279058,108523638,29/07/26 06:03
148562155634,5315,10765858,29/07/26 06:03
148562125213,30088,272450310,29/07/26 06:03
148562065534,78521,11203145,29/07/26 06:03
148562156213,140291,182195950,29/07/26 06:03
148562215967,223886,272450478,29/07/26 06:03
148562066459,182331,162216921,29/07/26 06:03
148562173234,113859,46893469,29/07/26 06:03
148562158263,382,3410196,29/07/26 06:03
148562093852,29411,56268099,29/07/26 06:03
148562086867,18623,102296725,29/07/26 06:03
148562091375,179504,214286455,29/07/26 06:03
148562085585,655066,266091882,29/07/26 06:03
148562131046,168563,92409837,29/07/26 06:03
148562221413,223889,57673100,29/07/26 06:03
148562065967,72904,52780504,29/07/26 06:03
148562219263,225991,272450490,29/07/26 06:03
148562101695,150472,16598176,29/07/26 06:03
148562304785,190522,272450583,29/07/26 06:03
148562064152,180855,272450236,29/07/26 06:03
148562153059,43849,150401401,29/07/26 06:03
148562152313,188518,83014280,29/07/26 06:03
148562063034,5817,40749738,29/07/26 06:03
148562216113,139328,208429248,29/07/26 06:03
148562155875,12779,272086141,29/07/26 06:03
148562134875,216488,94200317,29/07/26 06:03
148562150146,651454,86746134,29/07/26 06:03
148562090213,8435,225805932,29/07/26 06:03
148562216713,24146,272450458,29/07/26 06:03
148562155559,31500,192848569,29/07/26 06:03
148562302413,142530,220814795,29/07/26 06:03
148562156367,164419,180925912,29/07/26 06:03
148541194234,152882,13465482,29/07/26 06:03
148562308495,1140,9897029,29/07/26 06:04
148562308575,31597,264681094,29/07/26 06:04
148562305613,2812,272450587,29/07/26 06:04
148562271967,7662,102101960,29/07/26 06:04
148562307367,29161,229634980,29/07/26 06:04
148562309285,43406,83567566,29/07/26 06:04
148562265759,41454,272450423,29/07/26 06:04
148562153475,85927,89278972,29/07/26 06:04
148562151352,151041,272450379,29/07/26 06:04
148562153967,1903,76498073,29/07/26 06:04
148562151546,35400,200405919,29/07/26 06:04
148562172313,205605,112706672,29/07/26 06:04
148562182734,68789,184046274,29/07/26 06:04
148562194685,56006,122429470,29/07/26 06:04
148562194759,1318,272450415,29/07/26 06:04
148562159246,157085,192931726,29/07/26 06:04
148562178975,1823,148331086,29/07/26 06:04
148510758146,83929,154066273,29/07/26 06:04
148562177963,38827,267351069,29/07/26 06:04
148513806246,1705,19216405,29/07/26 06:04
148562180067,650199,252371414,29/07/26 06:04
148562132659,142579,58521877,29/07/26 06:04
148508388759,70032,43016224,29/07/26 06:04
148562190863,4236,117853083,29/07/26 06:04
148547915463,28267,100740109,29/07/26 06:04
148549044146,50090,64350618,29/07/26 06:04
148562044367,1941,272450254,29/07/26 06:04
148561998352,176586,272450169,29/07/26 06:04
148562173052,179849,239266613,29/07/26 06:04
148562126152,95649,272450361,29/07/26 06:04
148562128059,20176,269200627,29/07/26 06:04
148562150352,190283,272243102,29/07/26 06:04
148562170652,184353,272450395,29/07/26 06:04
148530342213,28382,57515250,29/07/26 06:04
148562131575,18016,21800224,29/07/26 06:04
148532695263,8781,266471924,29/07/26 06:04
148562158534,56226,238460286,29/07/26 06:04
148562134067,217427,27080558,29/07/26 06:04
148562132095,159770,85920334,29/07/26 06:04
148562124913,145136,92621195,29/07/26 06:04
148561995946,443445,88187493,29/07/26 06:04
148562154534,84569,111610590,29/07/26 06:04
148544493946,6048,183058798,29/07/26 06:04
148562152934,154371,272450384,29/07/26 06:04
148562156452,658857,114845690,29/07/26 06:04
148562134546,156845,272124974,29/07/26 06:04
148562176167,4122,272450409,29/07/26 06:04
148562173146,33675,272450408,29/07/26 06:04
148544749834,153357,78346806,29/07/26 06:04
148562130552,123873,272450369,29/07/26 06:04
148562066967,30710,247320253,29/07/26 06:04
148562160046,74478,272450401,29/07/26 06:04
148562179785,658857,264323917,29/07/26 06:04
148562155352,37137,32969952,29/07/26 06:04
148562049395,142190,269364542,29/07/26 06:04
148562179646,29161,64211608,29/07/26 06:04
148562157134,127388,215102768,29/07/26 06:04
148562062052,206540,229364669,29/07/26 06:04
148562046095,20958,46823517,29/07/26 06:04
148562110267,178221,62480826,29/07/26 06:04
148562172152,2091,236220792,29/07/26 06:04
148562035413,187183,109146815,29/07/26 06:04
148562151746,95031,108478152,29/07/26 06:04
148562159813,186206,69141772,29/07/26 06:04
148562173663,34571,62594893,29/07/26 06:04
148562171934,20945,186612824,29/07/26 06:04
148562061959,157772,121475488,29/07/26 06:04
148562110759,217595,117716612,29/07/26 06:04
148562087134,178259,272450258,29/07/26 06:04
148562040085,33021,123136688,29/07/26 06:04
148562172585,188601,47269870,29/07/26 06:04
148562048646,23241,107246453,29/07/26 06:04
148562176575,37678,252629201,29/07/26 06:04
148562051575,177578,41123817,29/07/26 06:04
148562174475,89982,25755770,29/07/26 06:04
148562092867,42067,86103160,29/07/26 06:04
148562043552,138668,134768828,29/07/26 06:04
148562113113,30353,101761941,29/07/26 06:04
148562094013,190543,241094025,29/07/26 06:04
148562047867,37070,82312913,29/07/26 06:04
148562092146,157621,111533311,29/07/26 06:04
148562052952,179634,131945098,29/07/26 06:04
148562101985,182728,213021626,29/07/26 06:04
148562043175,650203,272450199,29/07/26 06:04
148562273675,141969,162324937,29/07/26 06:04
148562107485,178221,124547182,29/07/26 06:04
148562041352,90476,242686388,29/07/26 06:04
148562102234,284815,213336872,29/07/26 06:04
148562108985,225969,272450343,29/07/26 06:04
148562112434,180204,84499009,29/07/26 06:04
148562102013,34404,37527011,29/07/26 06:04
148562101852,209053,13311623,29/07/26 06:04
148562044113,445988,147967296,29/07/26 06:04
148562045859,138050,272450226,29/07/26 06:04
148562275413,188254,137622261,29/07/26 06:04
148562239267,9220,265839572,29/07/26 06:04
148562101485,226811,6100501,29/07/26 06:04
148562248763,21758,235885603,29/07/26 06:04
148562048567,184483,50409927,29/07/26 06:04
148562156613,271284,254421953,29/07/26 06:04
148562312813,175886,240546402,29/07/26 06:04
148562274052,191539,61225614,29/07/26 06:04
148534033063,19463,248114268,29/07/26 06:04
148561980946,654145,272450156,29/07/26 06:04
148562310163,164203,20939326,29/07/26 06:04
148562274895,143636,97184426,29/07/26 06:05
148562084785,179494,272259335,29/07/26 06:05
148562249846,50254,155806631,29/07/26 06:05
148507081895,2113,34912856,29/07/26 06:05
148562107213,445779,102865074,29/07/26 06:05
148562107785,182832,150388718,29/07/26 06:05
148543982434,443638,269992930,29/07/26 06:05
148562157859,38068,271822664,29/07/26 06:05
148562133167,5596,84154560,29/07/26 06:05
148562151652,179585,120456069,29/07/26 06:05
148562152013,135908,269360394,29/07/26 06:05
148562152134,140965,18010977,29/07/26 06:05
148562155185,34109,272450375,29/07/26 06:05
148562101152,214458,95970427,29/07/26 06:05
148562133967,114182,39568336,29/07/26 06:05
148533295195,33204,118831893,29/07/26 06:05
148562107359,203473,59585094,29/07/26 06:05
148550161452,29337,59290765,29/07/26 06:05
148562132846,185490,92606607,29/07/26 06:05
148562101363,88436,96304028,29/07/26 06:05
148562093363,35794,12766483,29/07/26 06:05
148562091746,131680,267009434,29/07/26 06:05
148562151885,157346,193003094,29/07/26 06:05
148562069059,177517,33754588,29/07/26 06:05
148562127246,135895,34200147,29/07/26 06:05
148562088746,101773,263630429,29/07/26 06:05
148562128959,90221,114471397,29/07/26 06:05
148562089267,12767,252670921,29/07/26 06:05
148562124352,655024,109210891,29/07/26 06:05
148562038252,31028,140971929,29/07/26 06:05
148562153667,157243,21746674,29/07/26 06:05
148547625763,28678,102424543,29/07/26 06:05
148562131267,220939,86155381,29/07/26 06:05
148562093267,31639,153390361,29/07/26 06:05
148562090813,132032,20558075,29/07/26 06:05
148562107059,26466,210461748,29/07/26 06:05
148562124713,148381,111318259,29/07/26 06:05
148562016795,165450,272450220,29/07/26 06:05
148562119575,23627,122848880,29/07/26 06:05
148562090585,50214,265867228,29/07/26 06:05
148562087252,216322,157552286,29/07/26 06:05
148562126875,217871,2340241,29/07/26 06:05
148562125634,187983,42111286,29/07/26 06:05
148562112013,74848,234653405,29/07/26 06:05
148540427759,204184,267116000,29/07/26 06:05
148562133867,7610,195444356,29/07/26 06:05
148562194434,4402,27653477,29/07/26 06:05
148562156563,7253,105120030,29/07/26 06:05
148562132734,6059,272450373,29/07/26 06:05
148540276785,21081,29350226,29/07/26 06:05
148562035134,3092,253847621,29/07/26 06:05
148562153595,192606,257847635,29/07/26 06:05
148562094734,1167,272450327,29/07/26 06:05
148562085285,193123,190218519,29/07/26 06:05
148562242759,131697,221915734,29/07/26 06:05
148562111985,33675,12769756,29/07/26 06:05
148562064485,24768,236493978,29/07/26 06:05
148562089075,36095,73386089,29/07/26 06:05
148562210659,127557,246721782,29/07/26 06:05
148562111546,41694,34636343,29/07/26 06:05
148521989067,163158,272417269,29/07/26 06:05
148562112959,2798,245474862,29/07/26 06:05
148562109852,108093,247950216,29/07/26 06:05
148561977934,24146,190557929,29/07/26 06:05
148562110163,159024,121029439,29/07/26 06:05
148562038159,442488,41158059,29/07/26 06:05
148562086352,180830,37035303,29/07/26 06:05
148562061375,21244,272450279,29/07/26 06:05
148562311846,73676,66978397,29/07/26 06:05
148561981463,652737,107889590,29/07/26 06:05
148562001252,39444,31989213,29/07/26 06:05
148562034413,216149,116521559,29/07/26 06:05
148562038675,183257,151167339,29/07/26 06:05
148562068652,188229,272450298,29/07/26 06:05
148562311167,182546,238307853,29/07/26 06:05
148562015152,279058,272450205,29/07/26 06:05
148562008346,20656,92300544,29/07/26 06:05
148562066163,1030,120776172,29/07/26 06:05
148562045634,204776,272450255,29/07/26 06:05
148562014359,152021,61038422,29/07/26 06:05
148562047146,101925,272450259,29/07/26 06:05
148562091595,279058,190341303,29/07/26 06:05
148562089959,191474,242644308,29/07/26 06:05
148562086452,8292,39978102,29/07/26 06:05
148562047259,650199,272450223,29/07/26 06:05
148562046695,192429,94753788,29/07/26 06:05
148562045159,116490,239261519,29/07/26 06:05
148561945675,656865,147193830,29/07/26 06:05
148562000034,222196,145209629,29/07/26 06:05
148562065763,121257,182728981,29/07/26 06:05
148562002185,215274,185495703,29/07/26 06:05
148562264767,167035,272450543,29/07/26 06:05
148562008895,64928,2247238,29/07/26 06:05
148561997763,181579,272450172,29/07/26 06:05
148562156195,143492,234577055,29/07/26 06:05
148562002213,35731,269329913,29/07/26 06:05
148562047563,55584,272450127,29/07/26 06:05
148561994213,650293,272450148,29/07/26 06:05
148562016213,29405,195179600,29/07/26 06:05
148562009475,167380,192217978,29/07/26 06:05
148562274259,50699,32189276,29/07/26 06:05
148561999475,181425,240639342,29/07/26 06:05
148562276646,118158,10178969,29/07/26 06:05
148562090485,12847,221811680,29/07/26 06:05
148430173059,151348,238414639,29/07/26 06:05
148562011875,81105,272270630,29/07/26 06:05
148562320934,157659,104934803,29/07/26 06:05
148562311063,39958,272254844,29/07/26 06:05
148562226252,100076,244868132,29/07/26 06:06
148562264434,184128,86926546,29/07/26 06:06
148562322046,444900,223329642,29/07/26 06:06
148562321975,180204,272082942,29/07/26 06:06
148562321867,180202,271798746,29/07/26 06:06
148562068475,29337,272450301,29/07/26 06:06
148515066734,190390,35425339,29/07/26 06:06
148511246163,2562,272407881,29/07/26 06:06
148562090985,21244,195404709,29/07/26 06:06
148562110395,179190,211517690,29/07/26 06:06
148562106659,26247,38758251,29/07/26 06:06
148562066034,8318,189802921,29/07/26 06:06
148546340567,186316,62840654,29/07/26 06:06
148562104452,28880,107246715,29/07/26 06:06
148562052452,173398,137014756,29/07/26 06:06
148547984852,42586,243927472,29/07/26 06:06
148550290059,121040,272439263,29/07/26 06:06
148516490113,32753,267491653,29/07/26 06:06
148562088295,3791,272450308,29/07/26 06:06
148501850085,192683,271638235,29/07/26 06:06
148562068975,113954,65582230,29/07/26 06:06
148562104052,144793,182320529,29/07/26 06:06
148562061452,99360,109406488,29/07/26 06:06
148562051685,142287,5348585,29/07/26 06:06
148550426285,35540,88813712,29/07/26 06:06
148562093446,3769,123637314,29/07/26 06:06
148562101746,216788,80539522,29/07/26 06:06
148562052163,40874,210936385,29/07/26 06:06
148550405546,191806,54396220,29/07/26 06:06
148562088563,167174,77937454,29/07/26 06:06
148562092575,224295,55697336,29/07/26 06:06
148550273167,189482,268374882,29/07/26 06:06
148507529775,26955,248607151,29/07/26 06:06
148562044585,164382,51957784,29/07/26 06:06
148562065834,382,272450294,29/07/26 06:06
148562088846,55620,272450323,29/07/26 06:06
148562084846,223190,67785808,29/07/26 06:06
148562085067,13467,107159897,29/07/26 06:06
148562041146,55577,149472072,29/07/26 06:06
148562070052,16620,272450280,29/07/26 06:06
148562065275,140973,70747570,29/07/26 06:06
148562041534,656418,12360814,29/07/26 06:06
148562048095,186426,93297893,29/07/26 06:06
148562085195,169900,236176110,29/07/26 06:06
148562191746,31122,272450397,29/07/26 06:06
148562104913,176429,267712317,29/07/26 06:06
148562240113,167035,272296178,29/07/26 06:06
148562107846,6672,235151437,29/07/26 06:06
148562065685,90364,247478843,29/07/26 06:06
148562069563,41414,92967695,29/07/26 06:06
148561983867,42545,264366642,29/07/26 06:06
148562159595,56263,242088345,29/07/26 06:06
148562159475,167481,184781366,29/07/26 06:06
148562052752,29379,216168632,29/07/26 06:06
148561982252,46044,270148464,29/07/26 06:06
148562089852,2915,51762099,29/07/26 06:06
148562068552,38818,158291236,29/07/26 06:06
148562067295,154371,29490468,29/07/26 06:06
148562105695,205416,244755263,29/07/26 06:06
148562067463,204427,82701084,29/07/26 06:06
148562041463,151014,21433189,29/07/26 06:06
148562064775,184888,272450289,29/07/26 06:06
148562086234,3839,89467008,29/07/26 06:06
148562039159,9073,183008186,29/07/26 06:06
148562047663,25828,133055713,29/07/26 06:06
148562239759,445774,272288106,29/07/26 06:06
148562225259,181865,108081222,29/07/26 06:06
148562063559,11120,60477354,29/07/26 06:06
148562065352,6240,185065986,29/07/26 06:06
148561925346,149181,95246802,29/07/26 06:06
148562225052,289004,187344338,29/07/26 06:06
148562037513,29878,97551181,29/07/26 06:06
148562160263,365,146966033,29/07/26 06:06
148562067663,4946,110537714,29/07/26 06:06
148561964775,180326,272446556,29/07/26 06:06
148562040252,99922,272450235,29/07/26 06:06
148561977667,44091,60898951,29/07/26 06:06
148562044767,2296,239154409,29/07/26 06:06
148561956746,184984,76143839,29/07/26 06:06
148561984467,445326,66994847,29/07/26 06:06
148562047313,129609,233226790,29/07/26 06:06
148561956675,180382,96732712,29/07/26 06:06
148561983934,187419,163447122,29/07/26 06:06
148561960563,10479,146585693,29/07/26 06:06
148562302946,42812,272450581,29/07/26 06:06
148561946552,10805,105455399,29/07/26 06:06
148561964234,192447,127765488,29/07/26 06:06
148561977359,10108,191525352,29/07/26 06:06
148561979934,26710,122252575,29/07/26 06:06
148561982367,189268,64912181,29/07/26 06:06
148561979575,159816,272450153,29/07/26 06:06
148561980559,445935,267148565,29/07/26 06:06
148561964446,136958,245488114,29/07/26 06:06
148561939852,444742,272450077,29/07/26 06:06
148561977795,188048,133637934,29/07/26 06:06
148562101295,650606,223227579,29/07/26 06:06
148562069146,7751,272450304,29/07/26 06:06
148561977595,279058,17750487,29/07/26 06:06
148561962567,34077,272082503,29/07/26 06:06
148561908767,182638,272182988,29/07/26 06:06
148561962952,203852,88375025,29/07/26 06:06
148562276846,180654,36071564,29/07/26 06:06
148562108863,441811,198872621,29/07/26 06:06
148562313695,184971,272450605,29/07/26 06:06
148562013295,127348,272450195,29/07/26 06:06
148562064834,443408,272450290,29/07/26 06:06
148562311463,78089,39799878,29/07/26 06:06
148561978352,19385,241379316,29/07/26 06:06
148561948052,650291,272450112,29/07/26 06:06
148562314252,655700,107848846,29/07/26 06:06
148548194285,120869,68333454,29/07/26 06:07
148562171185,119257,272450405,29/07/26 06:07
148562061759,151473,163649620,29/07/26 06:07
148562049595,445988,229376909,29/07/26 06:07
148562108067,171569,272450134,29/07/26 06:07
148562050975,36058,243705877,29/07/26 06:07
148562036052,80348,272450229,29/07/26 06:07
148540124246,6030,242474390,29/07/26 06:07
148522003334,1252,143916335,29/07/26 06:07
148562015252,77730,272450213,29/07/26 06:07
148562039513,121361,131694386,29/07/26 06:07
148562063695,194140,272450271,29/07/26 06:07
148562041095,176731,141279167,29/07/26 06:07
148561931085,26169,269596943,29/07/26 06:07
148562050746,65588,272450273,29/07/26 06:07
148562049075,651481,39271592,29/07/26 06:07
148562010852,142158,33704892,29/07/26 06:07
148562050846,8731,272450202,29/07/26 06:07
148562050267,56258,269976231,29/07/26 06:07
148562013595,68958,241200906,29/07/26 06:07
148546302295,180898,272188998,29/07/26 06:07
148562010785,19844,84417537,29/07/26 06:07
148562050034,42620,25404975,29/07/26 06:07
148562046234,659940,196843246,29/07/26 06:07
148538774295,34867,36938725,29/07/26 06:07
148562039452,180839,272450244,29/07/26 06:07
148562011546,192225,110437811,29/07/26 06:07
148562034013,181435,272450224,29/07/26 06:07
148562036285,181713,30633735,29/07/26 06:07
148561999734,9579,75459750,29/07/26 06:07
148561999334,68270,102761642,29/07/26 06:07
148546306595,656030,272435697,29/07/26 06:07
148494488659,180898,19093131,29/07/26 06:07
148562015763,5422,45920266,29/07/26 06:07
148562021452,13038,64844255,29/07/26 06:07
148562172913,182035,266568131,29/07/26 06:07
148562040375,188827,233352896,29/07/26 06:07
148562012895,184933,66370961,29/07/26 06:07
148562040195,8336,159817974,29/07/26 06:07
148562034367,27304,108398843,29/07/26 06:07
148562040567,21254,272450208,29/07/26 06:07
148561959695,80957,267483506,29/07/26 06:07
148562014759,207315,272450211,29/07/26 06:07
148562315695,87980,81106520,29/07/26 06:07
148561996013,24019,91472726,29/07/26 06:07
148562242475,179475,272348308,29/07/26 06:07
148562034734,189133,237055364,29/07/26 06:07
148562013959,184905,249682801,29/07/26 06:07
148562198813,195041,253801247,29/07/26 06:07
148561944367,120988,272450106,29/07/26 06:07
148562014046,30957,212975216,29/07/26 06:07
148561957067,229807,223349390,29/07/26 06:07
148562043259,182975,91099913,29/07/26 06:07
148562086685,90018,127898365,29/07/26 06:07
148561997875,96295,25399766,29/07/26 06:07
148562014452,182830,272450209,29/07/26 06:07
148547010352,164099,28772353,29/07/26 06:07
148562013885,1425,85856221,29/07/26 06:07
148562239634,20182,64940079,29/07/26 06:07
148561948585,77730,272450120,29/07/26 06:07
148562046575,105987,121964295,29/07/26 06:07
148561961634,185012,272450136,29/07/26 06:07
148562001713,20720,258158004,29/07/26 06:07
148562036763,150378,243199578,29/07/26 06:07
148562239159,182929,21344017,29/07/26 06:07
148562015459,94912,247625601,29/07/26 06:07
148562037252,78355,257617585,29/07/26 06:07
148562174385,442034,272450411,29/07/26 06:07
148561944585,12118,13295600,29/07/26 06:07
148561982152,132778,150055518,29/07/26 06:07
148561889046,148317,73106222,29/07/26 06:07
148561907467,8485,270813325,29/07/26 06:07
148561983152,208047,73443940,29/07/26 06:07
148561891867,4786,18437802,29/07/26 06:07
148561927163,80957,114395188,29/07/26 06:07
148561971713,188857,272450146,29/07/26 06:07
148561976759,193149,210462841,29/07/26 06:07
148561984359,41423,268850997,29/07/26 06:07
148561984759,445774,121278284,29/07/26 06:07
148561910975,87669,48479493,29/07/26 06:07
148562000567,146227,161063568,29/07/26 06:07
148561957952,1964,131946376,29/07/26 06:07
148562312067,655418,272258851,29/07/26 06:07
148562038346,1466,255733653,29/07/26 06:07
148561930259,105916,47489426,29/07/26 06:07
148561946875,653147,131399329,29/07/26 06:07
148561958667,179668,12991536,29/07/26 06:07
148561940259,147509,124947268,29/07/26 06:07
148562275167,78395,272450567,29/07/26 06:07
148562171452,157085,151455831,29/07/26 06:07
148561946263,3217,92006350,29/07/26 06:07
148561924034,146503,83980123,29/07/26 06:07
148561927695,29145,4687478,29/07/26 06:07
148561960159,26266,149468497,29/07/26 06:07
148561923375,109739,54305063,29/07/26 06:07
148562242675,1952,443333,29/07/26 06:07
148561957785,279058,219806526,29/07/26 06:07
148561929063,445935,115132303,29/07/26 06:07
148561926275,157349,69933345,29/07/26 06:07
148561926646,184711,181975841,29/07/26 06:07
148560114659,85957,262920495,29/07/26 06:07
148561997575,182269,122553920,29/07/26 06:07
148562326152,119257,257736531,29/07/26 06:07
148562315559,182766,257120306,29/07/26 06:07
148561928413,181653,245306897,29/07/26 06:07
148552405385,189356,231969989,29/07/26 06:07
148562304559,167158,41795350,29/07/26 06:07
148562331152,39305,134833695,29/07/26 06:07
148519667085,3940,140039929,29/07/26 06:08
148561996295,5523,252151147,29/07/26 06:08
148518186513,10950,62412082,29/07/26 06:08
148561978752,187830,103385061,29/07/26 06:08
148562001595,69909,3584025,29/07/26 06:08
148561979185,169195,100699913,29/07/26 06:08
148562012452,142149,271726287,29/07/26 06:08
148561944059,7170,158030417,29/07/26 06:08
148498771485,43951,122447482,29/07/26 06:08
148561999513,224700,60166482,29/07/26 06:08
148562009285,208399,54473760,29/07/26 06:08
148562008975,127316,59486142,29/07/26 06:08
148561963475,37701,51451913,29/07/26 06:08
148562014885,35404,249800938,29/07/26 06:08
148561980652,69249,66195438,29/07/26 06:08
148562002534,214839,56720149,29/07/26 06:08
148562000167,3382,191159900,29/07/26 06:08
148561983267,3865,272450167,29/07/26 06:08
148561959863,39911,88799188,29/07/26 06:08
148562000752,65295,272450184,29/07/26 06:08
148561998995,444843,132737539,29/07/26 06:08
148561964185,186064,209291712,29/07/26 06:08
148561981734,50022,69733478,29/07/26 06:08
148561999685,181435,112158049,29/07/26 06:08
148561983613,111257,44103727,29/07/26 06:08
148561963695,194993,272450144,29/07/26 06:08
148561999113,154327,10913035,29/07/26 06:08
148561947213,176451,240173907,29/07/26 06:08
148561944652,134127,272450116,29/07/26 06:08
148561942134,655866,111147113,29/07/26 06:08
148561996459,191789,78401348,29/07/26 06:08
148561943267,142579,119719388,29/07/26 06:08
148561959275,177381,268472392,29/07/26 06:08
148562323034,53341,272450616,29/07/26 06:08
148561979713,445651,267822990,29/07/26 06:08
148561963834,41556,272450142,29/07/26 06:08
148561981334,50179,160613406,29/07/26 06:08
148546188085,87733,61864355,29/07/26 06:08
148561892263,30957,272442085,29/07/26 06:08
148561978146,180779,199881068,29/07/26 06:08
148561995395,183187,120462308,29/07/26 06:08
148561981567,184605,86677792,29/07/26 06:08
148561980185,108622,58941450,29/07/26 06:08
148561957685,445774,272450123,29/07/26 06:08
148561910334,12795,76123650,29/07/26 06:08
148561957495,235633,272128612,29/07/26 06:08
148561926075,1252,21475288,29/07/26 06:08
148561962375,445774,161503369,29/07/26 06:08
148561981075,53234,272450162,29/07/26 06:08
148561983575,188649,76122363,29/07/26 06:08
148562015985,30775,77504585,29/07/26 06:08
148561963095,177923,49174383,29/07/26 06:08
148562273063,35264,49826744,29/07/26 06:08
148562016313,4752,126461031,29/07/26 06:08
148561960385,136575,251609505,29/07/26 06:08
148561893834,22515,198417623,29/07/26 06:08
148561909246,186608,272450022,29/07/26 06:08
148561873259,658857,243391009,29/07/26 06:08
148561947185,146003,119639370,29/07/26 06:08
148562181559,2209,102456253,29/07/26 06:08
148561998875,88026,209602008,29/07/26 06:08
148561894459,2475,139151427,29/07/26 06:08
148561816834,182471,194364395,29/07/26 06:08
148562001485,20958,159210355,29/07/26 06:08
148561977852,444870,31295229,29/07/26 06:08
148561947813,22887,138252250,29/07/26 06:08
148562008663,25062,272450194,29/07/26 06:08
148561872575,2646,225576823,29/07/26 06:08
148561928063,96272,216076117,29/07/26 06:08
148561889852,9911,267194831,29/07/26 06:08
148561958275,64867,143035456,29/07/26 06:08
148562308752,138050,264610118,29/07/26 06:08
148561956295,6015,97016162,29/07/26 06:08
148562016595,3223,223459809,29/07/26 06:08
148561961946,186214,109540547,29/07/26 06:08
148561948475,36196,66541742,29/07/26 06:08
148562173359,216424,76294494,29/07/26 06:08
148562177546,166857,93631269,29/07/26 06:08
148561927585,186426,272450081,29/07/26 06:08
148561923934,13675,272449961,29/07/26 06:08
148561960885,86309,41394244,29/07/26 06:08
148561927434,150680,243420634,29/07/26 06:08
148562241359,35928,13651485,29/07/26 06:08
148562177246,235533,112869761,29/07/26 06:08
148561891085,23326,51907721,29/07/26 06:08
148562241463,650199,190308130,29/07/26 06:08
148561999867,179669,272048680,29/07/26 06:08
148562197585,86224,6268575,29/07/26 06:08
148561947967,20465,55659833,29/07/26 06:08
148561925995,53037,224055312,29/07/26 06:08
148561875367,179822,243764301,29/07/26 06:08
148562244752,190765,51130067,29/07/26 06:08
148561904746,86180,12331047,29/07/26 06:08
148561956846,116631,6578395,29/07/26 06:08
148562243052,20774,160009411,29/07/26 06:08
148562175313,650203,185821883,29/07/26 06:08
148562000263,12271,143333227,29/07/26 06:08
148561874552,22111,92464010,29/07/26 06:08
148562240859,16620,251525594,29/07/26 06:08
148561872646,208183,249864139,29/07/26 06:08
148561871613,650293,87044812,29/07/26 06:08
148561910795,181713,244705967,29/07/26 06:08
148561927334,106945,156707131,29/07/26 06:08
148562178213,101955,244651800,29/07/26 06:08
148562240652,181458,201948760,29/07/26 06:08
148561942859,442756,272450108,29/07/26 06:08
148561849663,20595,272449939,29/07/26 06:08
148562177085,177154,24008632,29/07/26 06:08
148561946713,6583,8441095,29/07/26 06:08
148561940995,23505,193267623,29/07/26 06:08
148562329959,5896,23341446,29/07/26 06:08
148561888852,157346,13742542,29/07/26 06:08
148562033746,444900,223991788,29/07/26 06:08
148562309559,214583,25596789,29/07/26 06:08
148546546267,226802,191274787,29/07/26 06:08
148561415846,185729,47920515,29/07/26 06:08
148561904475,20956,270952637,29/07/26 06:08
148561895746,126721,258389710,29/07/26 06:08
148562333734,346811,270307625,29/07/26 06:08
148552433046,11395,223975611,29/07/26 06:09
148561939913,183732,2984725,29/07/26 06:09
148561963559,180204,272450143,29/07/26 06:09
148561947613,27304,112244722,29/07/26 06:09
148561956346,73523,199669031,29/07/26 06:09
148561979352,26856,37950689,29/07/26 06:09
148561962485,26495,42676703,29/07/26 06:09
148561960263,43804,85796832,29/07/26 06:09
148561964585,156043,14234091,29/07/26 06:09
148561853163,382,17845764,29/07/26 06:09
148561956913,527,246771222,29/07/26 06:09
148561945595,104906,121351126,29/07/26 06:09
148561943913,145350,122840708,29/07/26 06:09
148561931585,182100,12640251,29/07/26 06:09
148561924967,183911,148447606,29/07/26 06:09
148561940663,154644,130092738,29/07/26 06:09
148561945113,142595,267024424,29/07/26 06:09
148542055975,4166,205610098,29/07/26 06:09
148561851085,145630,272450001,29/07/26 06:09
148561930985,45922,272450104,29/07/26 06:09
148499139885,137217,25152498,29/07/26 06:09
148561959313,18226,77285141,29/07/26 06:09
148561929995,136750,257897862,29/07/26 06:09
148561947313,4267,263916675,29/07/26 06:09
148561929395,180370,60765901,29/07/26 06:09
148561907567,111935,226114543,29/07/26 06:09
148561941267,80941,43073100,29/07/26 06:09
148561929646,222136,89315947,29/07/26 06:09
148511188685,64988,120803351,29/07/26 06:09
148561907667,219280,30369449,29/07/26 06:09
148561892859,12080,151596487,29/07/26 06:09
148561905785,5758,264833298,29/07/26 06:09
148561817146,141,272449947,29/07/26 06:09
148561821663,224145,147470704,29/07/26 06:09
148561895934,180662,272450055,29/07/26 06:09
148549445895,655562,265609759,29/07/26 06:09
148561927275,85340,271392122,29/07/26 06:09
148561930759,68665,64822466,29/07/26 06:09
148561851534,27828,56497312,29/07/26 06:09
148561835585,445774,257976082,29/07/26 06:09
148561927995,190291,266325508,29/07/26 06:09
148561943846,187084,43535631,29/07/26 06:09
148561943585,9908,258279327,29/07/26 06:09
148561835852,99321,114089110,29/07/26 06:09
148562323252,147604,220535408,29/07/26 06:09
148561835634,178839,222390961,29/07/26 06:09
148561852759,28389,211654454,29/07/26 06:09
148561895659,70082,252507130,29/07/26 06:09
148561909663,40939,25835447,29/07/26 06:09
148561907246,27068,54828965,29/07/26 06:09
148561849563,192225,86488525,29/07/26 06:09
148561896095,20408,145905268,29/07/26 06:09
148561906752,178995,124780755,29/07/26 06:09
148561827195,182279,54507235,29/07/26 06:09
148561852875,315637,183273090,29/07/26 06:09
148561909034,650097,272450069,29/07/26 06:09
148561894775,64988,272178908,29/07/26 06:09
148561815067,444857,272449943,29/07/26 06:09
148561826934,656434,123666136,29/07/26 06:09
148561957585,204096,106453753,29/07/26 06:09
148561830567,362799,9818367,29/07/26 06:09
148561908613,74234,222445292,29/07/26 06:09
148561889259,187511,94850398,29/07/26 06:09
148561889375,78563,154394867,29/07/26 06:09
148561853734,9202,97322915,29/07/26 06:09
148561886567,184317,157319381,29/07/26 06:09
148562178834,120988,272450424,29/07/26 06:09
148561909875,2931,86580159,29/07/26 06:09
148561870263,2037,226392954,29/07/26 06:09
148562248252,95031,272450528,29/07/26 06:09
148561833463,137608,120821694,29/07/26 06:09
148561930834,183886,113319236,29/07/26 06:09
148561818075,8687,272323883,29/07/26 06:09
148561894346,5308,146536812,29/07/26 06:09
148561827795,5557,23220341,29/07/26 06:09
148561851334,73340,272449998,29/07/26 06:09
148561959967,184938,272450132,29/07/26 06:09
148561906963,218668,44568037,29/07/26 06:09
148561833175,137551,263709500,29/07/26 06:09
148561876346,224543,92919098,29/07/26 06:09
148561907852,279058,156277218,29/07/26 06:09
148561821575,73795,105770722,29/07/26 06:09
148561852667,655437,8375477,29/07/26 06:09
148561893763,73521,69277508,29/07/26 06:09
148561826713,36835,8731696,29/07/26 06:09
148561940059,30192,54405005,29/07/26 06:09
148561887152,177381,87013972,29/07/26 06:09
148562310695,162488,151954661,29/07/26 06:09
148561830013,650154,272449971,29/07/26 06:09
148561830463,150554,272449962,29/07/26 06:09
148561942585,215255,232606457,29/07/26 06:09
148562332159,36448,271996040,29/07/26 06:09
148561829434,146638,234443541,29/07/26 06:09
148561909513,154471,44724916,29/07/26 06:09
148561829646,235569,227999575,29/07/26 06:09
148541346295,146876,101767833,29/07/26 06:09
148561857546,4132,268006752,29/07/26 06:09
148531976775,43017,163247936,29/07/26 06:09
148562246267,120988,272450514,29/07/26 06:09
148562334995,134086,49991920,29/07/26 06:09
148562336163,36202,270731265,29/07/26 06:09
148562276959,33197,108152957,29/07/26 06:09
148561964375,185559,138827980,29/07/26 06:10
148562311552,659096,129245886,29/07/26 06:10
148561916634,114113,272450078,29/07/26 06:10
148561905595,148736,132514251,29/07/26 06:10
148561890513,12085,14418994,29/07/26 06:10
148561926895,342,270765816,29/07/26 06:10
148561890434,30344,272450046,29/07/26 06:10
148561892146,30407,272450014,29/07/26 06:10
148561885963,147558,227744038,29/07/26 06:10
148561891913,102147,272449977,29/07/26 06:10
148561871285,177456,130702667,29/07/26 06:10
148561876267,192771,188382195,29/07/26 06:10
148561876985,10108,125351095,29/07/26 06:10
148561906452,184735,100234496,29/07/26 06:10
148498984646,216736,272399873,29/07/26 06:10
148561922763,122219,200207320,29/07/26 06:10
148561912859,442740,57061761,29/07/26 06:10
148561873375,652085,272450026,29/07/26 06:10
148561886367,141929,124779321,29/07/26 06:10
148561894159,155712,51536108,29/07/26 06:10
148561855167,148444,94241380,29/07/26 06:10
148561869646,157442,145543384,29/07/26 06:10
148561852452,101848,213736072,29/07/26 06:10
148561851863,8810,98093817,29/07/26 06:10
148561870452,111747,252106839,29/07/26 06:10
148561856985,84377,64703378,29/07/26 06:10
148561870813,445050,266449333,29/07/26 06:10
148561892734,189532,134073960,29/07/26 06:10
148561890895,21244,213630897,29/07/26 06:10
148562015895,13824,272450049,29/07/26 06:10
148561849185,192136,272449992,29/07/26 06:10
148561850567,32986,60680913,29/07/26 06:10
148561875285,21582,15327179,29/07/26 06:10
148561888167,39099,160729181,29/07/26 06:10
148561890659,207564,272450047,29/07/26 06:10
148561889185,69021,265189212,29/07/26 06:10
148561888552,2233,54026958,29/07/26 06:10
148490040252,143585,238738540,29/07/26 06:10
148561894067,189133,9000823,29/07/26 06:10
148561852375,2457,246681261,29/07/26 06:10
148561891359,651481,243243823,29/07/26 06:10
148561890359,42392,212608960,29/07/26 06:10
148561886967,86320,220087302,29/07/26 06:10
148561873695,42582,49818415,29/07/26 06:10
148561848763,22324,118670823,29/07/26 06:10
148550189263,50490,105372372,29/07/26 06:10
148561827934,190985,153604220,29/07/26 06:10
148562323963,35225,90962240,29/07/26 06:10
148561910195,189071,45631577,29/07/26 06:10
148561925434,74968,131858880,29/07/26 06:10
148561895867,193415,272450057,29/07/26 06:10
148561817552,86323,219736238,29/07/26 06:10
148561910595,5735,253549886,29/07/26 06:10
148561848446,875,195857033,29/07/26 06:10
148561923613,23332,122394043,29/07/26 06:10
148562335846,279058,272450635,29/07/26 06:10
148561870146,85002,205285588,29/07/26 06:10
148561894934,189657,93354907,29/07/26 06:10
148561849775,20851,89676318,29/07/26 06:10
148561896513,8816,42905168,29/07/26 06:10
148561874234,137011,15048648,29/07/26 06:10
148561834295,32785,240006746,29/07/26 06:10
148561820767,157315,99197952,29/07/26 06:10
148561817895,153868,33429713,29/07/26 06:10
148561857767,650291,185886961,29/07/26 06:10
148561869975,143452,148844734,29/07/26 06:10
148561791967,650202,267841267,29/07/26 06:10
148561875563,27703,272450032,29/07/26 06:10
148561852046,24552,272172334,29/07/26 06:10
148561788634,229366,272449934,29/07/26 06:10
148561856759,179357,59223965,29/07/26 06:10
148561851146,6797,272449997,29/07/26 06:10
148561816646,28733,267942617,29/07/26 06:10
148561815785,50179,214168347,29/07/26 06:10
148561815646,190985,153637245,29/07/26 06:10
148561869859,20516,272450017,29/07/26 06:10
148561819275,5590,270193845,29/07/26 06:10
148561819013,1832,271606269,29/07/26 06:10
148561872275,180331,129414487,29/07/26 06:10
148561835475,22763,242002756,29/07/26 06:10
148561889785,227154,272450045,29/07/26 06:10
148561850634,39637,55136572,29/07/26 06:10
148561788752,213809,266231730,29/07/26 06:10
148562179934,222328,263233978,29/07/26 06:10
148561816952,25484,74274227,29/07/26 06:10
148561827513,178174,45644802,29/07/26 06:10
148561850759,5207,29733208,29/07/26 06:10
148561922675,142479,199416466,29/07/26 06:10
148562338067,188162,217469934,29/07/26 06:10
148561871013,20233,127106682,29/07/26 06:10
148561815285,445774,40792408,29/07/26 06:10
148562315046,194076,105915364,29/07/26 06:10
148531259485,167916,255845875,29/07/26 06:10
148561787852,187509,81008590,29/07/26 06:10
148562333585,189175,158503083,29/07/26 06:10
148562303185,73990,39277803,29/07/26 06:10
148561810659,163720,21934309,29/07/26 06:10
148562336934,163602,224769193,29/07/26 06:10
148562303359,40700,209147457,29/07/26 06:10
148510305859,151531,132423292,29/07/26 06:10
148562335975,27276,272450648,29/07/26 06:10
148561984159,192674,272198771,29/07/26 06:11
148562338967,443934,257098020,29/07/26 06:11
148562315395,77636,51450878,29/07/26 06:11
148562109185,101983,246927827,29/07/26 06:11
148544407734,102035,25892740,29/07/26 06:11
148561873952,183006,29796504,29/07/26 06:11
148561836863,73877,210763569,29/07/26 06:11
148561874663,39762,254311344,29/07/26 06:11
148561870752,20720,243404866,29/07/26 06:11
148562089163,104054,253199689,29/07/26 06:11
148561875675,3267,76454755,29/07/26 06:11
148561827234,166635,232164029,29/07/26 06:11
148561828313,10395,135599000,29/07/26 06:11
148561854213,106219,134853174,29/07/26 06:11
148561874067,6138,34786374,29/07/26 06:11
148561822352,37874,246567017,29/07/26 06:11
148561821167,55759,252627474,29/07/26 06:11
148561829575,182075,122794849,29/07/26 06:11
148561875113,218070,213141908,29/07/26 06:11
148499006159,194982,265921145,29/07/26 06:11
148561848813,139569,37182652,29/07/26 06:11
148561890095,141759,103429545,29/07/26 06:11
148561853495,192498,186645078,29/07/26 06:11
148561788163,20757,272449936,29/07/26 06:11
148561847913,178456,40693383,29/07/26 06:11
148561848234,98859,272449990,29/07/26 06:11
148561836363,203830,225714979,29/07/26 06:11
148561835234,27220,272449987,29/07/26 06:11
148561857285,134107,272450013,29/07/26 06:11
148561829952,194866,118784024,29/07/26 06:11
148561832485,72707,263248284,29/07/26 06:11
148561834646,182495,95224314,29/07/26 06:11
148561839295,442406,113971486,29/07/26 06:11
148544303167,2046,183608607,29/07/26 06:11
148561788075,177942,272449935,29/07/26 06:11
148561831863,142495,272449973,29/07/26 06:11
148511470485,166899,133897080,29/07/26 06:11
148561828946,8082,55551718,29/07/26 06:11
148561815463,655512,196165036,29/07/26 06:11
148561832759,32930,88887333,29/07/26 06:11
148561821846,147593,240383872,29/07/26 06:11
148561524795,40701,272449608,29/07/26 06:11
148562337159,191056,272450631,29/07/26 06:11
148561871334,184637,9094134,29/07/26 06:11
148561832159,4673,12631195,29/07/26 06:11
148561853246,209097,272449709,29/07/26 06:11
148561832995,32470,272449976,29/07/26 06:11
148561870663,650587,272450021,29/07/26 06:11
148561858234,114,272450016,29/07/26 06:11
148561820252,153085,119298904,29/07/26 06:11
148548262259,35424,272437264,29/07/26 06:11
148561483675,1799,272449569,29/07/26 06:11
148561789675,224564,18735351,29/07/26 06:11
148561821413,39922,31299978,29/07/26 06:11
148561301252,21434,272449387,29/07/26 06:11
148560996913,182410,272449104,29/07/26 06:11
148561828852,137709,48907180,29/07/26 06:11
148561547346,126779,272449604,29/07/26 06:11
148560953113,220386,272449083,29/07/26 06:11
148562267013,77829,239591871,29/07/26 06:11
148560996313,194982,272449085,29/07/26 06:11
148561525859,7336,272449612,29/07/26 06:11
148561828185,14645,204192833,29/07/26 06:11
148561814163,186459,183996563,29/07/26 06:11
148561097934,2567,272449183,29/07/26 06:11
148562176863,35735,113264208,29/07/26 06:11
148560988575,12747,272449084,29/07/26 06:11
148561057463,32311,272449142,29/07/26 06:11
148562178775,186472,241735740,29/07/26 06:11
148562247713,146732,272450523,29/07/26 06:11
148561812759,193161,44777634,29/07/26 06:11
148561787995,445774,270555431,29/07/26 06:11
148561790585,21808,218135323,29/07/26 06:11
148561814059,23948,84856858,29/07/26 06:11
148561790752,78355,221976244,29/07/26 06:11
148561789267,1649,40376893,29/07/26 06:11
148561791085,184228,219636160,29/07/26 06:11
148561818213,445004,272449891,29/07/26 06:11
148562112667,69957,272450352,29/07/26 06:11
148561849959,655056,8871878,29/07/26 06:11
148561004834,65522,272449125,29/07/26 06:11
148562178067,25506,272450418,29/07/26 06:11
148562246367,77924,133769421,29/07/26 06:11
148562198563,123794,272450417,29/07/26 06:11
148562198234,120988,272447378,29/07/26 06:11
148562180475,442300,107750821,29/07/26 06:11
148561816234,43768,30102313,29/07/26 06:11
148561790246,69191,163193930,29/07/26 06:11
148562265275,84770,90760080,29/07/26 06:11
148560774334,139807,272448911,29/07/26 06:11
148562064313,134178,60646132,29/07/26 06:11
148562249975,164001,272400041,29/07/26 06:11
148562265946,107791,8622028,29/07/26 06:11
148562313746,44757,267838258,29/07/26 06:11
148561723095,74080,272449840,29/07/26 06:11
148562266185,7823,43784371,29/07/26 06:11
148561761613,78516,272449894,29/07/26 06:11
148561485685,205577,272449568,29/07/26 06:11
148561479059,96242,272449552,29/07/26 06:11
148560837413,132686,272448952,29/07/26 06:11
148561744946,190544,272449868,29/07/26 06:11
148562181459,443272,248169132,29/07/26 06:11
148562262852,180331,272450538,29/07/26 06:11
148561726363,6217,272449857,29/07/26 06:11
148562265613,36528,255372037,29/07/26 06:11
148561721246,36186,272449838,29/07/26 06:11
148562191634,445040,138306472,29/07/26 06:11
148561791846,126805,123341341,29/07/26 06:11
148562179052,138690,1187172,29/07/26 06:11
148561653467,139794,272449738,29/07/26 06:11
148561726646,100715,272449856,29/07/26 06:11
148561764863,189447,272449900,29/07/26 06:11
148562305459,36270,12199925,29/07/26 06:11
148562197734,658692,193899084,29/07/26 06:11
148562305852,183437,54739457,29/07/26 06:11
148562358146,188649,113233221,29/07/26 06:11
148562246434,2020,270826503,29/07/26 06:11
148561785595,650291,272449921,29/07/26 06:12
148562362367,132790,271187146,29/07/26 06:12
148562307263,184656,23469993,29/07/26 06:12
148562306759,154572,162797794,29/07/26 06:12
148562344113,122158,99617085,29/07/26 06:12
148560638185,213506,272448823,29/07/26 06:12
148561484567,35446,272449570,29/07/26 06:12
148561484246,181819,272449563,29/07/26 06:12
148561740313,35137,272449824,29/07/26 06:12
148562336763,4673,272450652,29/07/26 06:12
148561719934,23877,272449819,29/07/26 06:12
148562267895,204976,272450545,29/07/26 06:12
148561661595,188336,272449775,29/07/26 06:12
148561482413,40874,272449543,29/07/26 06:12
148562358775,214690,67480469,29/07/26 06:12
148561659763,106611,272449764,29/07/26 06:12
148561544713,78256,272449597,29/07/26 06:12
148560991963,138969,272449087,29/07/26 06:12
148561415967,113937,272449501,29/07/26 06:12
148561706063,216615,272449826,29/07/26 06:12
148561652946,185649,272449752,29/07/26 06:12
148561309852,129099,272449361,29/07/26 06:12
148561604259,39922,272449682,29/07/26 06:12
148561544263,1382,272449614,29/07/26 06:12
148561686563,119284,272449798,29/07/26 06:12
148561636346,10950,272449683,29/07/26 06:12
148561780985,41222,272449922,29/07/26 06:12
148561635763,190874,272449736,29/07/26 06:12
148561526595,2026,272449611,29/07/26 06:12
148561276852,84153,272449330,29/07/26 06:12
148561415134,39408,272449470,29/07/26 06:12
148561415352,55781,272449498,29/07/26 06:12
148561238795,43484,272449328,29/07/26 06:12
148561425013,442674,272449513,29/07/26 06:12
148561235475,189133,272449321,29/07/26 06:12
148561552595,11351,272449643,29/07/26 06:12
148561688852,78320,272449808,29/07/26 06:12
148561413675,183722,272449491,29/07/26 06:12
148561660385,444899,272449773,29/07/26 06:12
148561523352,179822,272449591,29/07/26 06:12
148561339675,177043,272449423,29/07/26 06:12
148561685475,214483,272449797,29/07/26 06:12
148561658759,16389,272449768,29/07/26 06:12
148561625952,192537,272449717,29/07/26 06:12
148561673759,9158,272449777,29/07/26 06:12
148561302859,87980,272449388,29/07/26 06:12
148561347163,445935,272449436,29/07/26 06:12
148561605652,656169,272449693,29/07/26 06:12
148561420095,11665,272449459,29/07/26 06:12
148561343252,4937,272449429,29/07/26 06:12
148561269434,12972,272449351,29/07/26 06:12
148561523667,34248,272449600,29/07/26 06:12
148561239313,36835,272449331,29/07/26 06:12
148561459567,181885,272449540,29/07/26 06:12
148561703895,87871,272449818,29/07/26 06:12
148561349595,8082,272449431,29/07/26 06:12
148561227152,95576,272449304,29/07/26 06:12
148561197652,193386,272449287,29/07/26 06:12
148561480734,177542,272449558,29/07/26 06:12
148561629085,30613,272449650,29/07/26 06:12
148561352075,163327,272449453,29/07/26 06:12
148561426567,40874,272449503,29/07/26 06:12
148561652363,3254,272449750,29/07/26 06:12
148561453695,21554,272449528,29/07/26 06:12
148561683346,25024,272449785,29/07/26 06:12
148561572775,73758,272449652,29/07/26 06:12
148561653034,13101,272449745,29/07/26 06:12
148561354075,84559,272449440,29/07/26 06:12
148561680434,185012,272449780,29/07/26 06:12
148561683234,189102,272449769,29/07/26 06:12
148561305985,183472,272449395,29/07/26 06:12
148561263867,133793,272449347,29/07/26 06:12
148561263334,108117,272449346,29/07/26 06:12
148561197085,222368,272449295,29/07/26 06:12
148561193867,178247,272449293,29/07/26 06:12
148561490195,442475,272449538,29/07/26 06:12
148561652163,179030,272449712,29/07/26 06:12
148561146475,29460,272449229,29/07/26 06:12
148561386467,446164,272449466,29/07/26 06:12
148561601475,5521,272449686,29/07/26 06:12
148561183975,605,272449261,29/07/26 06:12
148561187534,77790,272449240,29/07/26 06:12
148561152159,437067,272449250,29/07/26 06:12
148561482985,136148,272449564,29/07/26 06:12
148561576613,40216,272449651,29/07/26 06:12
148561411185,151330,272449472,29/07/26 06:12
148561516295,652669,272449583,29/07/26 06:12
148561145934,105908,272449165,29/07/26 06:12
148561636813,40511,272449726,29/07/26 06:12
148561378875,191215,272449303,29/07/26 06:12
148561147152,203823,272449237,29/07/26 06:12
148561231359,34213,272449306,29/07/26 06:12
148561146246,650199,272449232,29/07/26 06:12
148561153085,100639,272449241,29/07/26 06:12
148562361667,35137,111570075,29/07/26 06:12
148561232985,445988,272449257,29/07/26 06:12
148561145334,4167,272449231,29/07/26 06:12
148561306334,174576,272449386,29/07/26 06:12
148562362513,229904,271648554,29/07/26 06:12
148561197463,147527,272449273,29/07/26 06:12
148561378185,650573,272449355,29/07/26 06:12
148561527595,650199,272449610,29/07/26 06:12
148561158146,36205,272449253,29/07/26 06:12
148561143046,137952,272449228,29/07/26 06:12
148561184013,121255,272449255,29/07/26 06:12
148562362775,167035,272450560,29/07/26 06:12
148562309034,7836,12428234,29/07/26 06:12
148562330095,5308,245151443,29/07/26 06:12
148561980063,88093,272450159,29/07/26 06:12
148562359967,17156,246359942,29/07/26 06:12
148562359113,88520,272450663,29/07/26 06:12
148562338234,95438,42218362,29/07/26 06:12
148562362434,167035,272450672,29/07/26 06:13
148562366846,12196,77933377,29/07/26 06:13
148561136867,163764,272449170,29/07/26 06:13
148561184952,74604,272449071,29/07/26 06:13
148560880159,178634,272448968,29/07/26 06:13
148560883446,21061,272448981,29/07/26 06:13
148561150275,64988,272449151,29/07/26 06:13
148560995585,88195,272449078,29/07/26 06:13
148560838134,43237,272448931,29/07/26 06:13
148560891167,1223,272448879,29/07/26 06:13
148560829663,137799,272448884,29/07/26 06:13
148561102063,177195,272449174,29/07/26 06:13
148562308367,178220,272450531,29/07/26 06:13
148561062846,163602,272449150,29/07/26 06:13
148542557413,74331,55033089,29/07/26 06:13
148560952846,113937,272449064,29/07/26 06:13
148561001813,30353,272449115,29/07/26 06:13
148561186963,5738,272448891,29/07/26 06:13
148560701175,178199,272448848,29/07/26 06:13
148561066975,26169,272449152,29/07/26 06:13
148561049813,180741,272449121,29/07/26 06:13
148560901813,39114,272448986,29/07/26 06:13
148560886867,445774,272448970,29/07/26 06:13
148561093459,144869,272449169,29/07/26 06:13
148560698463,2822,272448843,29/07/26 06:13
148560885659,652645,272448978,29/07/26 06:13
148560944252,162255,272449044,29/07/26 06:13
148560894185,118955,272449010,29/07/26 06:13
148561060359,40642,272449147,29/07/26 06:13
148561093867,159794,272449171,29/07/26 06:13
148560899495,52927,272449023,29/07/26 06:13
148560633452,657180,272448797,29/07/26 06:13
148560891667,28085,272448999,29/07/26 06:13
148561086763,112888,272448975,29/07/26 06:13
148561052813,185930,272449127,29/07/26 06:13
148561061134,39239,272449060,29/07/26 06:13
148560881646,142424,272448976,29/07/26 06:13
148561135095,24121,272449213,29/07/26 06:13
148560609346,10616,272448752,29/07/26 06:13
148562334659,136011,272450646,29/07/26 06:13
148560693913,44880,272448792,29/07/26 06:13
148560823413,2209,272448895,29/07/26 06:13
148561001446,21859,272449112,29/07/26 06:13
148561054785,70082,272448577,29/07/26 06:13
148560691895,650587,272448821,29/07/26 06:13
148561095395,656964,272449164,29/07/26 06:13
148560832452,96335,272448936,29/07/26 06:13
148560819252,215208,272448926,29/07/26 06:13
148560709495,177579,272448867,29/07/26 06:13
148560774734,39384,272448909,29/07/26 06:13
148560549795,167387,272448712,29/07/26 06:13
148561151013,13101,272449227,29/07/26 06:13
148560815163,98621,272441524,29/07/26 06:13
148560954175,126590,272449058,29/07/26 06:13
148561135213,24121,272449216,29/07/26 06:13
148560998934,3328,272449105,29/07/26 06:13
148560693734,2296,272448781,29/07/26 06:13
148561107167,36361,272449203,29/07/26 06:13
148560690359,179622,272448819,29/07/26 06:13
148560938595,121161,272449039,29/07/26 06:13
148561459463,182185,272230104,29/07/26 06:13
148561186195,653976,271860708,29/07/26 06:13
148561519785,184913,271906242,29/07/26 06:13
148561237585,184578,272449182,29/07/26 06:13
148561451834,652645,272395546,29/07/26 06:13
148562271685,7000,272450551,29/07/26 06:13
148560893713,74917,272449013,29/07/26 06:13
148561001752,151550,272449109,29/07/26 06:13
148562011367,167035,272450196,29/07/26 06:13
148560935867,43068,272448939,29/07/26 06:13
148560947367,195020,272336863,29/07/26 06:13
148560639313,185053,272448816,29/07/26 06:13
148560765795,4187,272448849,29/07/26 06:13
148562192063,99620,228083554,29/07/26 06:13
148560845259,78827,272448913,29/07/26 06:13
148561106052,53075,272449204,29/07/26 06:13
148560957285,152974,272449080,29/07/26 06:13
148561105885,73646,272449116,29/07/26 06:13
148560816746,161007,272448905,29/07/26 06:13
148561265595,195,272304531,29/07/26 06:13
148561183167,43850,272304552,29/07/26 06:13
148560836795,10958,272398017,29/07/26 06:13
148560767313,20595,272448714,29/07/26 06:13
148560687085,217315,272345127,29/07/26 06:13
148560831785,55993,272448933,29/07/26 06:13
148561388975,386935,272424667,29/07/26 06:13
148562269613,134229,213693015,29/07/26 06:13
148562195034,1416,123965448,29/07/26 06:13
148561702334,257861,272434909,29/07/26 06:13
148561149934,182487,272295285,29/07/26 06:13
148562196546,167387,264126841,29/07/26 06:13
148562197659,74917,219338184,29/07/26 06:13
148561526834,96541,272328017,29/07/26 06:13
148561135575,105095,271941293,29/07/26 06:13
148562194863,2078,128193578,29/07/26 06:13
148561462067,12074,272447248,29/07/26 06:13
148561527034,177984,272368055,29/07/26 06:13
148561236963,350375,271717550,29/07/26 06:13
148562269175,167121,223514950,29/07/26 06:13
148560892159,194457,272335511,29/07/26 06:13
148560771646,4227,272448841,29/07/26 06:13
148560943485,108412,272449029,29/07/26 06:13
148560883352,111456,272448863,29/07/26 06:13
148561388334,42096,272449143,29/07/26 06:13
148561343734,1879,271326896,29/07/26 06:13
148561610034,30613,272218898,29/07/26 06:13
148561061846,9894,272347336,29/07/26 06:13
148562065452,167478,40767457,29/07/26 06:13
148562196252,180512,272450444,29/07/26 06:13
148562195467,205397,160538207,29/07/26 06:13
148562272167,655418,249496733,29/07/26 06:13
148560901952,180896,272395804,29/07/26 06:13
148561113363,445774,272449205,29/07/26 06:13
148562360685,176582,239939481,29/07/26 06:13
148562330734,194982,50384095,29/07/26 06:13
148562011175,28953,12400886,29/07/26 06:13
148562366034,182719,89675340,29/07/26 06:13
148562312352,218545,21820297,29/07/26 06:13
148561767246,653160,272449896,29/07/26 06:14
148561192175,190781,271452848,29/07/26 06:14
148560892552,217174,267173057,29/07/26 06:14
148561788559,445369,267283105,29/07/26 06:14
148560707563,7046,270387562,29/07/26 06:14
148560471795,655846,272055476,29/07/26 06:14
148561181746,144093,270544409,29/07/26 06:14
148561820834,28678,83782293,29/07/26 06:14
148561789159,1492,245826752,29/07/26 06:14
148560993159,53306,269362506,29/07/26 06:14
148561102334,41694,271715308,29/07/26 06:14
148561376613,24230,266773448,29/07/26 06:14
148560704767,167429,267207849,29/07/26 06:14
148561340752,1416,271264263,29/07/26 06:14
148560945267,84685,270468354,29/07/26 06:14
148560833363,80967,268623083,29/07/26 06:14
148561483534,105912,271431751,29/07/26 06:14
148561065513,22835,270263893,29/07/26 06:14
148561581659,162937,270911477,29/07/26 06:14
148561497663,204503,271759409,29/07/26 06:14
148560688775,172839,264285047,29/07/26 06:14
148560886452,40214,270606051,29/07/26 06:14
148561196485,223231,265736284,29/07/26 06:14
148561653175,23893,271406265,29/07/26 06:14
148561604767,37790,265418035,29/07/26 06:14
148560695967,177908,263731591,29/07/26 06:14
148561630685,149091,268249646,29/07/26 06:14
148561601767,33003,264620510,29/07/26 06:14
148561661395,31979,258304368,29/07/26 06:14
148561514175,32060,268654033,29/07/26 06:14
148561703275,445918,269117476,29/07/26 06:14
148560761067,55441,263230540,29/07/26 06:14
148561153146,208853,265012749,29/07/26 06:14
148561488459,23241,271615791,29/07/26 06:14
148561305895,159247,256073626,29/07/26 06:14
148561069113,3404,271309255,29/07/26 06:14
148561652763,651886,269998091,29/07/26 06:14
148561215495,50247,272035869,29/07/26 06:14
148561996775,167035,272450177,29/07/26 06:14
148561494675,1211,268737233,29/07/26 06:14
148561067285,70082,257692179,29/07/26 06:14
148562333895,445513,87443192,29/07/26 06:14
148561479946,151173,266379617,29/07/26 06:14
148561064634,117687,264252412,29/07/26 06:14
148561742359,213749,267379392,29/07/26 06:14
148561492167,26294,260161362,29/07/26 06:14
148562312659,147582,24307108,29/07/26 06:14
148561066495,204984,257744002,29/07/26 06:14
148561637195,166960,265551473,29/07/26 06:14
148562198785,22540,244186992,29/07/26 06:14
148561067459,184920,271809264,29/07/26 06:14
148560635613,108288,266509225,29/07/26 06:14
148561340046,651231,266525330,29/07/26 06:14
148560834252,6472,271173812,29/07/26 06:14
148561337467,69544,270095769,29/07/26 06:14
148561572667,21601,263389608,29/07/26 06:14
148560475363,401709,264521430,29/07/26 06:14
148560996452,7336,271711668,29/07/26 06:14
148532650213,30613,206349731,29/07/26 06:14
148561135167,156642,262983603,29/07/26 06:14
148561684163,70082,272449787,29/07/26 06:14
148561517452,35223,269407089,29/07/26 06:14
148560758067,45805,260120855,29/07/26 06:14
148561485163,7991,269892207,29/07/26 06:14
148560772663,45883,269929556,29/07/26 06:14
148560943613,445774,268092545,29/07/26 06:14
148561608159,190519,266620626,29/07/26 06:14
148561144475,208183,265175702,29/07/26 06:14
148561339334,43854,258069385,29/07/26 06:14
148561457013,162260,265727650,29/07/26 06:14
148561241752,182630,256098672,29/07/26 06:14
148560820595,4408,256018242,29/07/26 06:14
148561452963,64848,271577462,29/07/26 06:14
148561550259,36205,266856017,29/07/26 06:14
148561631646,10816,255163198,29/07/26 06:14
148560941952,180773,257827135,29/07/26 06:14
148560822552,650587,268651345,29/07/26 06:14
148562215652,4057,132770827,29/07/26 06:14
148561688485,190732,258013841,29/07/26 06:14
148560710263,656169,271717026,29/07/26 06:14
148562272734,166177,59134081,29/07/26 06:14
148560689585,184284,256356233,29/07/26 06:14
148561348685,42035,271284157,29/07/26 06:14
148560884534,1647,258471865,29/07/26 06:14
148562315159,143900,113631109,29/07/26 06:14
148561627634,178221,257996137,29/07/26 06:14
148561491775,163751,257666050,29/07/26 06:14
148561385713,37776,269020724,29/07/26 06:14
148561104475,50141,271031661,29/07/26 06:14
148562274713,8912,136978199,29/07/26 06:14
148561347485,129916,256202991,29/07/26 06:14
148561494852,184926,263043274,29/07/26 06:14
148561554634,209020,268908741,29/07/26 06:14
148561230295,32848,271545313,29/07/26 06:14
148562335546,1056,202127030,29/07/26 06:14
148561631763,35137,256369918,29/07/26 06:14
148560586459,30613,269183797,29/07/26 06:14
148561699595,17353,263884267,29/07/26 06:14
148561238685,181574,270247503,29/07/26 06:14
148541247646,39841,24552009,29/07/26 06:14
148562335763,187983,240669159,29/07/26 06:14
148561964063,45790,234502077,29/07/26 06:14
148562368013,2091,90893781,29/07/26 06:15
148561379613,181812,215067705,29/07/26 06:15
148561820659,44109,148711478,29/07/26 06:15
148501641175,140750,185127070,29/07/26 06:15
148562367613,208737,272450686,29/07/26 06:15
148562274934,166960,272450566,29/07/26 06:15
148561704546,20956,244839995,29/07/26 06:15
148561829052,225991,272449948,29/07/26 06:15
148561526795,138217,249382737,29/07/26 06:15
148561303575,180895,250243583,29/07/26 06:15
148561788985,194316,253703621,29/07/26 06:15
148561090359,28389,253969793,29/07/26 06:15
148561745252,180898,257144000,29/07/26 06:15
148561609334,138734,252670287,29/07/26 06:15
148561655013,55643,254397830,29/07/26 06:15
148561187046,33622,255199352,29/07/26 06:15
148561492052,3092,252473065,29/07/26 06:15
148561518895,14213,254802869,29/07/26 06:15
148561523752,658579,245804703,29/07/26 06:15
148561546863,146978,244835364,29/07/26 06:15
148561725785,445774,257432517,29/07/26 06:15
148561310995,29582,243547630,29/07/26 06:15
148561306059,5850,253120743,29/07/26 06:15
148561410885,94530,252033662,29/07/26 06:15
148561139052,64988,254707214,29/07/26 06:15
148561525795,121122,248994432,29/07/26 06:15
148560681195,182163,252597489,29/07/26 06:15
148561637567,652861,251146393,29/07/26 06:15
148562277046,10803,272450570,29/07/26 06:15
148561637485,188702,239349623,29/07/26 06:15
148561525546,32244,248500578,29/07/26 06:15
148560837652,182790,238533846,29/07/26 06:15
148561303767,36118,244041503,29/07/26 06:15
148561633334,424,244652222,29/07/26 06:15
148561091775,182307,252212295,29/07/26 06:15
148561602263,137561,255229224,29/07/26 06:15
148561234813,145508,243463458,29/07/26 06:15
148561414975,26561,253786410,29/07/26 06:15
148560639585,80510,246515773,29/07/26 06:15
148560895213,193160,248688053,29/07/26 06:15
148561068095,172377,245741627,29/07/26 06:15
148560902559,80348,251982722,29/07/26 06:15
148562277167,191056,272450571,29/07/26 06:15
148561185452,20420,242590174,29/07/26 06:15
148561549463,445178,240786821,29/07/26 06:15
148561454646,184920,245314209,29/07/26 06:15
148561450752,152882,242021113,29/07/26 06:15
148561058246,21213,252906200,29/07/26 06:15
148561137634,32785,253078528,29/07/26 06:15
148560893885,64786,239301864,29/07/26 06:15
148561760867,189881,240770651,29/07/26 06:15
148561704759,6217,242134106,29/07/26 06:15
148560947767,181341,250951090,29/07/26 06:15
148561572867,190544,242014816,29/07/26 06:15
148561137746,173609,247589479,29/07/26 06:15
148561553159,194982,256299950,29/07/26 06:15
148561454034,30717,238729989,29/07/26 06:15
148561450967,192699,240340081,29/07/26 06:15
148561219067,13824,245670090,29/07/26 06:15
148561308652,24121,247489264,29/07/26 06:15
148561706195,65761,242210276,29/07/26 06:15
148561418385,445988,249426701,29/07/26 06:15
148561002785,650587,244466430,29/07/26 06:15
148561521452,444742,248465525,29/07/26 06:15
148561033334,3936,240219079,29/07/26 06:15
148561525434,28608,250708721,29/07/26 06:15
148561225513,168563,247589479,29/07/26 06:15
148560530852,5735,234401821,29/07/26 06:15
148562322263,134193,272450612,29/07/26 06:15
148560632752,1262,257266144,29/07/26 06:15
148561236575,166672,245095057,29/07/26 06:15
148561487663,101861,235217839,29/07/26 06:15
148521669867,148360,75963078,29/07/26 06:15
148562367834,177542,272450687,29/07/26 06:15
148561375363,4358,249033181,29/07/26 06:15
148561095685,18339,237979629,29/07/26 06:15
148561002675,40700,236989534,29/07/26 06:15
148561418095,202031,252356512,29/07/26 06:15
148561684395,147110,257083429,29/07/26 06:15
148561267546,12767,236278907,29/07/26 06:15
148560701746,654745,242830634,29/07/26 06:15
148560894359,2218,237554167,29/07/26 06:15
148561234967,85987,238616626,29/07/26 06:15
148561345085,939,240059451,29/07/26 06:15
148561740259,20595,255862114,29/07/26 06:15
148561521134,18673,241910087,29/07/26 06:15
148561747213,25377,236952096,29/07/26 06:15
148561748175,177537,240788670,29/07/26 06:15
148561483267,41835,240293799,29/07/26 06:15
148560887834,114286,236098413,29/07/26 06:15
148561521813,29938,237623072,29/07/26 06:15
148561611959,32848,257051388,29/07/26 06:15
148561383167,153411,234581563,29/07/26 06:15
148561266567,122215,235119840,29/07/26 06:15
148561229485,26585,237936387,29/07/26 06:15
148561310846,216871,240622889,29/07/26 06:15
148561237767,22315,239249873,29/07/26 06:15
148560827952,178076,236621081,29/07/26 06:15
148562372134,193975,250030250,29/07/26 06:15
148561687913,43850,237577326,29/07/26 06:15
148561575775,9030,238562006,29/07/26 06:15
148562368113,221293,93867060,29/07/26 06:15
148562372285,144499,248774219,29/07/26 06:15
148562373613,165696,246778783,29/07/26 06:16
148562201313,182952,272450470,29/07/26 06:16
148562393463,180204,271813733,29/07/26 06:16
148562202659,126301,272450475,29/07/26 06:16
148562200963,68727,272450460,29/07/26 06:16
148561787646,18116,31392050,29/07/26 06:16
148561791563,5308,223829696,29/07/26 06:16
148561628934,74043,272449720,29/07/26 06:16
148561814267,195041,11484639,29/07/26 06:16
148562277252,33283,272450569,29/07/26 06:16
148562275259,6033,24096535,29/07/26 06:16
148562275585,445774,163536008,29/07/26 06:16
148562200763,2653,157727066,29/07/26 06:16
148561489134,4714,231039849,29/07/26 06:16
148560841813,23220,229306190,29/07/26 06:16
148561354259,39959,226398442,29/07/26 06:16
148561768259,191056,272449312,29/07/26 06:16
148561781085,4805,272449918,29/07/26 06:16
148560994275,653829,228628216,29/07/26 06:16
148560893313,95031,225465953,29/07/26 06:16
148562198946,20454,202003463,29/07/26 06:16
148562303534,154773,272450579,29/07/26 06:16
148561766475,180509,272449879,29/07/26 06:16
148561725285,167035,272449855,29/07/26 06:16
148562292913,107049,272450576,29/07/26 06:16
148561606485,21207,231679291,29/07/26 06:16
148561532134,209057,228268544,29/07/26 06:16
148561745313,20717,272449851,29/07/26 06:16
148561461695,208499,225741754,29/07/26 06:16
148561723834,225991,272449854,29/07/26 06:16
148561784095,109984,272449865,29/07/26 06:16
148562201275,136878,188009041,29/07/26 06:16
148562394867,44943,271808905,29/07/26 06:16
148561780052,11200,226838491,29/07/26 06:16
148560937585,101824,223065022,29/07/26 06:16
148561761059,191056,272449889,29/07/26 06:16
148560941675,158953,227524684,29/07/26 06:16
148561609959,12085,225548901,29/07/26 06:16
148561345134,650097,221385680,29/07/26 06:16
148561488775,172377,233411713,29/07/26 06:16
148561740195,170776,272449858,29/07/26 06:16
148562219946,6745,272450477,29/07/26 06:16
148561783985,176586,272449927,29/07/26 06:16
148561740567,50141,232159116,29/07/26 06:16
148561722167,126590,272449847,29/07/26 06:16
148561101313,87883,235402576,29/07/26 06:16
148560635095,119118,227281775,29/07/26 06:16
148561720834,126590,272449833,29/07/26 06:16
148561767585,180204,272449872,29/07/26 06:16
148561276585,191127,233808953,29/07/26 06:16
148561344495,164973,231925702,29/07/26 06:16
148561225985,143148,223016113,29/07/26 06:16
148560692534,442756,225383699,29/07/26 06:16
148561722434,167035,272449848,29/07/26 06:16
148561098985,223884,235722951,29/07/26 06:16
148561744667,38833,272449870,29/07/26 06:16
148561659867,167035,272449772,29/07/26 06:16
148562366795,42658,272450684,29/07/26 06:16
148561341152,7070,226197150,29/07/26 06:16
148560853734,4167,226073220,29/07/26 06:16
148562201975,651313,162692951,29/07/26 06:16
148561554163,181436,226085109,29/07/26 06:16
148561410759,41695,229647205,29/07/26 06:16
148561785159,180509,272449912,29/07/26 06:16
148561401585,444900,233044219,29/07/26 06:16
148561060867,183418,229155239,29/07/26 06:16
148561681075,3782,272449759,29/07/26 06:16
148561681534,650012,272449788,29/07/26 06:16
148561000513,11425,226520803,29/07/26 06:16
148561234685,29050,228251235,29/07/26 06:16
148561762313,166540,272449886,29/07/26 06:16
148561061067,6240,223192076,29/07/26 06:16
148561389675,43850,224603631,29/07/26 06:16
148561739152,259131,272449859,29/07/26 06:16
148561784595,163489,272449924,29/07/26 06:16
148560885395,215997,223063770,29/07/26 06:16
148561682895,179475,272449789,29/07/26 06:16
148561139552,154968,222996405,29/07/26 06:16
148561660534,209099,272449744,29/07/26 06:16
148561654875,187920,272449761,29/07/26 06:16
148561421052,25061,223664337,29/07/26 06:16
148561634975,651102,272449739,29/07/26 06:16
148561145034,27304,232650362,29/07/26 06:16
148561343875,33324,229030267,29/07/26 06:16
148561766734,104097,225203379,29/07/26 06:16
148560893467,15246,233812489,29/07/26 06:16
148561304913,650573,224413625,29/07/26 06:16
148561603852,22626,227150327,29/07/26 06:16
148562217175,190157,272450480,29/07/26 06:16
148561660267,181392,223429054,29/07/26 06:16
148560831813,221789,222379510,29/07/26 06:16
148561682113,651672,272449786,29/07/26 06:16
148561680346,180204,272449770,29/07/26 06:16
148561635263,102080,272449733,29/07/26 06:16
148561634495,116425,272449732,29/07/26 06:16
148561479659,138217,223763785,29/07/26 06:16
148561653667,179475,272449741,29/07/26 06:16
148561671563,179669,272449718,29/07/26 06:16
148561606059,259131,272449681,29/07/26 06:16
148561053813,4575,222490284,29/07/26 06:16
148561170734,38602,223695074,29/07/26 06:16
148562326846,443000,264736283,29/07/26 06:16
148561653834,18091,272449760,29/07/26 06:16
148562369346,208861,94944949,29/07/26 06:16
148561652867,225991,272449756,29/07/26 06:16
148561604195,20717,272449691,29/07/26 06:16
148561236785,100674,229085140,29/07/26 06:16
148562327113,32519,5754868,29/07/26 06:16
148561625063,126590,272449711,29/07/26 06:16
148520292085,44209,243612651,29/07/26 06:16
148562376863,235740,140406217,29/07/26 06:16
148562393575,156787,46363207,29/07/26 06:16
148562374352,35667,272450700,29/07/26 06:16
148562367152,207565,272450685,29/07/26 06:16
148562327785,179265,18495723,29/07/26 06:16
148562326985,114183,272450626,29/07/26 06:17
148505709375,22408,253336653,29/07/26 06:17
148562393652,177,67151352,29/07/26 06:17
148547157063,27304,271631332,29/07/26 06:17
148561515852,21568,272449391,29/07/26 06:17
148562369146,187130,272450691,29/07/26 06:17
148561490363,167035,272449578,29/07/26 06:17
148561578913,445774,272449665,29/07/26 06:17
148561577252,167035,272449659,29/07/26 06:17
148561570846,163764,272449642,29/07/26 06:17
148561451763,21384,222257671,29/07/26 06:17
148561460167,151173,272449529,29/07/26 06:17
148561553513,105912,272449645,29/07/26 06:17
148562306385,167035,272450521,29/07/26 06:17
148561554559,650293,272449545,29/07/26 06:17
148561658363,4358,221877870,29/07/26 06:17
148561522263,78395,272449509,29/07/26 06:17
148561581259,445774,272449675,29/07/26 06:17
148561603313,650203,272449668,29/07/26 06:17
148561375975,179669,272449462,29/07/26 06:17
148562396395,163187,255172387,29/07/26 06:17
148561520459,70082,272449595,29/07/26 06:17
148561573346,120988,272449637,29/07/26 06:17
148562306413,21280,257038280,29/07/26 06:17
148561418259,444743,272449495,29/07/26 06:17
148562327995,167035,270007285,29/07/26 06:17
148561452846,278866,272449527,29/07/26 06:17
148561303452,20717,272449389,29/07/26 06:17
148561575367,120988,272449660,29/07/26 06:17
148561489663,167035,272449575,29/07/26 06:17
148561517159,180204,272449561,29/07/26 06:17
148561301434,9497,272449380,29/07/26 06:17
148560945467,1068,219179934,29/07/26 06:17
148561313567,167035,272449412,29/07/26 06:17
148561578495,179724,272449617,29/07/26 06:17
148561267285,178541,272449324,29/07/26 06:17
148561522546,122637,272449590,29/07/26 06:17
148561452067,166960,272449507,29/07/26 06:17
148561458785,142535,216027180,29/07/26 06:17
148561381946,126590,272449471,29/07/26 06:17
148561195246,259131,272449299,29/07/26 06:17
148561411834,650106,272449494,29/07/26 06:17
148561549585,191056,272449635,29/07/26 06:17
148561147895,3323,220782876,29/07/26 06:17
148561314052,216903,272449415,29/07/26 06:17
148561740075,24453,217983178,29/07/26 06:17
148561763834,5509,217178775,29/07/26 06:17
148561346285,137687,272449439,29/07/26 06:17
148561747675,158095,218903295,29/07/26 06:17
148561311252,176586,272449408,29/07/26 06:17
148561493613,153131,272449586,29/07/26 06:17
148561546185,225991,272449623,29/07/26 06:17
148561510975,178199,218467328,29/07/26 06:17
148561425675,96525,218980258,29/07/26 06:17
148561494975,4805,272449581,29/07/26 06:17
148561195413,235442,272449286,29/07/26 06:17
148561602552,444900,272449510,29/07/26 06:17
148561347275,180204,272449443,29/07/26 06:17
148561484185,162869,272449566,29/07/26 06:17
148561304367,159718,272449393,29/07/26 06:17
148561337534,179280,272449401,29/07/26 06:17
148561389363,9024,272449456,29/07/26 06:17
148561485846,225991,272449571,29/07/26 06:17
148562376475,180898,130804779,29/07/26 06:17
148561743034,84872,220796881,29/07/26 06:17
148561390452,185053,272449492,29/07/26 06:17
148561307434,20873,215429197,29/07/26 06:17
148562304495,220603,5065792,29/07/26 06:17
148561344567,73988,272449377,29/07/26 06:17
148561384863,180523,272449475,29/07/26 06:17
148562305967,189954,89553082,29/07/26 06:17
148562219713,1305,30563644,29/07/26 06:17
148561267795,180204,272449307,29/07/26 06:17
148561574846,259131,272449653,29/07/26 06:17
148562395263,65871,21975792,29/07/26 06:17
148561520185,180204,272449596,29/07/26 06:17
148561517259,4805,272449574,29/07/26 06:17
148561095513,186695,214672235,29/07/26 06:17
148560987467,23688,218995830,29/07/26 06:17
148561480334,444900,272449554,29/07/26 06:17
148561454159,216903,272449524,29/07/26 06:17
148561454395,183472,215960513,29/07/26 06:17
148561485052,224733,272449567,29/07/26 06:17
148562217934,23373,15442099,29/07/26 06:17
148561195334,650291,272449296,29/07/26 06:17
148561347985,224733,272449445,29/07/26 06:17
148560997263,81321,215614588,29/07/26 06:17
148561006352,100491,216982906,29/07/26 06:17
148561488863,2523,272449576,29/07/26 06:17
148561708559,178549,215255937,29/07/26 06:17
148561232675,39868,272449311,29/07/26 06:17
148560998346,8082,215547504,29/07/26 06:17
148561233585,164908,215754648,29/07/26 06:17
148562397246,34571,91191603,29/07/26 06:17
148561611159,41695,220343170,29/07/26 06:17
148562324934,50490,205273911,29/07/26 06:17
148561606646,152152,272449640,29/07/26 06:17
148561410467,167035,272449356,29/07/26 06:17
148562329795,99360,163209893,29/07/26 06:17
148561189075,22540,215290416,29/07/26 06:17
148561190295,148046,272449282,29/07/26 06:17
148562331785,49959,64401014,29/07/26 06:18
148561786585,136167,210788154,29/07/26 06:18
148561053613,2561,185634894,29/07/26 06:18
148561091285,120988,272449172,29/07/26 06:18
148561060059,224700,272449145,29/07/26 06:18
148560952359,149091,214002002,29/07/26 06:18
148561762934,446153,272449877,29/07/26 06:18
148561101467,182135,272449192,29/07/26 06:18
148561140475,167035,272449181,29/07/26 06:18
148561000813,167035,272449106,29/07/26 06:18
148560999175,70082,272449098,29/07/26 06:18
148560697352,24121,213267511,29/07/26 06:18
148561744434,167035,272449233,29/07/26 06:18
148561100975,126590,272449191,29/07/26 06:18
148561057152,441903,272449139,29/07/26 06:18
148561059234,162831,272449146,29/07/26 06:18
148561151813,650012,272449187,29/07/26 06:18
148561685863,190997,214154997,29/07/26 06:18
148560952159,176586,272449073,29/07/26 06:18
148561271952,18048,209658273,29/07/26 06:18
148560999385,25150,213456649,29/07/26 06:18
148561144759,167035,272449198,29/07/26 06:18
148561006052,167035,272449123,29/07/26 06:18
148560945867,179724,272449056,29/07/26 06:18
148561307167,445775,211972112,29/07/26 06:18
148560890885,4805,272449006,29/07/26 06:18
148561681952,20562,212952918,29/07/26 06:18
148560858246,192181,272448942,29/07/26 06:18
148561003563,180204,272449099,29/07/26 06:18
148561094467,185820,272449177,29/07/26 06:18
148561056713,442169,272449141,29/07/26 06:18
148561015685,109984,272449131,29/07/26 06:18
148560884775,167035,272448987,29/07/26 06:18
148562381652,160071,271266183,29/07/26 06:18
148560946785,108963,272449059,29/07/26 06:18
148561188652,21381,272449272,29/07/26 06:18
148562363934,181413,69374355,29/07/26 06:18
148561686213,50721,205976743,29/07/26 06:18
148561276059,8850,210341696,29/07/26 06:18
148560950113,259131,272449070,29/07/26 06:18
148561724563,126721,212587879,29/07/26 06:18
148561420785,653829,210769208,29/07/26 06:18
148561196859,5641,212942088,29/07/26 06:18
148561100052,20692,272449185,29/07/26 06:18
148561005346,181939,207650942,29/07/26 06:18
148561229267,167035,272449092,29/07/26 06:18
148561045785,167035,272449133,29/07/26 06:18
148561482563,25141,196954991,29/07/26 06:18
148561143775,10653,272449230,29/07/26 06:18
148561385967,185558,272448840,29/07/26 06:18
148560883067,4901,212785077,29/07/26 06:18
148560820195,9952,213120113,29/07/26 06:18
148560887963,223127,272449004,29/07/26 06:18
148560894434,3371,213855093,29/07/26 06:18
148561067352,162260,272449160,29/07/26 06:18
148560895359,2026,272449019,29/07/26 06:18
148560687852,257683,272448827,29/07/26 06:18
148561680552,167035,204721481,29/07/26 06:18
148560881767,20595,272448972,29/07/26 06:18
148561274146,445774,208189996,29/07/26 06:18
148562330875,14050,48544154,29/07/26 06:18
148561309934,156205,203575942,29/07/26 06:18
148561149813,156180,272449219,29/07/26 06:18
148561094775,194982,207472082,29/07/26 06:18
148560888652,650291,272448949,29/07/26 06:18
148561775075,33605,208275177,29/07/26 06:18
148560998146,655967,272449077,29/07/26 06:18
148561701113,135647,208406947,29/07/26 06:18
148562332759,158095,55303036,29/07/26 06:18
148560883913,444899,272448982,29/07/26 06:18
148561142234,28751,272449018,29/07/26 06:18
148561288246,177466,207593610,29/07/26 06:18
148561707613,166404,205810373,29/07/26 06:18
148560889034,120988,272448958,29/07/26 06:18
148560886375,650110,272448984,29/07/26 06:18
148561346567,35673,208326731,29/07/26 06:18
148560952763,143709,205455432,29/07/26 06:18
148561340559,64801,206956770,29/07/26 06:18
148561343013,210487,272449430,29/07/26 06:18
148561762667,73042,215959808,29/07/26 06:18
148562333413,114136,45290460,29/07/26 06:18
148560770852,757,272448900,29/07/26 06:18
148560472713,192079,208809502,29/07/26 06:18
148561233459,650291,272449247,29/07/26 06:18
148561102246,84367,205070264,29/07/26 06:18
148561820167,156361,210692149,29/07/26 06:18
148561073167,139254,272449161,29/07/26 06:18
148561186346,441811,212795188,29/07/26 06:18
148562334167,183835,52190613,29/07/26 06:18
148562334334,11599,39558238,29/07/26 06:18
148562365534,146939,190106546,29/07/26 06:18
148560708695,215514,272448862,29/07/26 06:18
148562404213,187607,45514173,29/07/26 06:18
148562400813,28652,270774037,29/07/26 06:19
148561655459,224700,272186562,29/07/26 06:19
148561722095,188122,272216134,29/07/26 06:19
148560889585,192741,271872388,29/07/26 06:19
148561481346,650106,272386891,29/07/26 06:19
148561275895,131746,154257856,29/07/26 06:19
148561189563,220099,200001597,29/07/26 06:19
148560951934,2093,200080278,29/07/26 06:19
148561382885,184232,203606791,29/07/26 06:19
148560942659,28,199861671,29/07/26 06:19
148562335613,35670,79175702,29/07/26 06:19
148561652685,149129,200253379,29/07/26 06:19
148562402959,181272,226635008,29/07/26 06:19
148560946385,163764,197270938,29/07/26 06:19
148561308395,167035,271814517,29/07/26 06:19
148560768385,27810,272448618,29/07/26 06:19
148562310795,20429,272450593,29/07/26 06:19
148561421946,176586,272350177,29/07/26 06:19
148560993363,659202,272398715,29/07/26 06:19
148560916313,157305,195805607,29/07/26 06:19
148561305385,140988,193506875,29/07/26 06:19
148561185834,5527,203116663,29/07/26 06:19
148561610785,650097,198046150,29/07/26 06:19
148560894859,181563,195559910,29/07/26 06:19
148560886795,32822,203225696,29/07/26 06:19
148560899759,4250,272448753,29/07/26 06:19
148561766385,650440,199880771,29/07/26 06:19
148561631975,80254,203126025,29/07/26 06:19
148561580934,89702,201084292,29/07/26 06:19
148561705413,139373,193765109,29/07/26 06:19
148561601267,193626,199120452,29/07/26 06:19
148561262052,180204,272339490,29/07/26 06:19
148561184759,99190,272350710,29/07/26 06:19
148561427252,184124,199477683,29/07/26 06:19
148560950875,43170,194618069,29/07/26 06:19
148561139385,188397,195934263,29/07/26 06:19
148560759846,176586,272448421,29/07/26 06:19
148561276367,6705,195335679,29/07/26 06:19
148560994575,134235,271871834,29/07/26 06:19
148561455052,227398,196023602,29/07/26 06:19
148560988413,105912,272385296,29/07/26 06:19
148560758395,36364,203153753,29/07/26 06:19
148561607346,179987,272360503,29/07/26 06:19
148561185134,2893,203150391,29/07/26 06:19
148561484313,109984,272398627,29/07/26 06:19
148561869546,41382,272434538,29/07/26 06:19
148561452667,650293,272448713,29/07/26 06:19
148562222395,650293,272450493,29/07/26 06:19
148560839595,186508,196741131,29/07/26 06:19
148561091052,4805,272162470,29/07/26 06:19
148561229113,235498,272300979,29/07/26 06:19
148561701713,22621,272077040,29/07/26 06:19
148561515295,6402,195609054,29/07/26 06:19
148560947967,32233,192385869,29/07/26 06:19
148561135952,445774,192186828,29/07/26 06:19
148560769475,30358,194517503,29/07/26 06:19
148561353946,166960,272447503,29/07/26 06:19
148560942067,141666,193974313,29/07/26 06:19
148561552785,34485,203100086,29/07/26 06:19
148561548375,65699,272337304,29/07/26 06:19
148561378595,105919,190039358,29/07/26 06:19
148561101046,187621,189925262,29/07/26 06:19
148561545095,158222,272390109,29/07/26 06:19
148560816513,650588,200344365,29/07/26 06:19
148561659967,183833,191712043,29/07/26 06:19
148561226013,178541,272212252,29/07/26 06:19
148562407795,161871,56047257,29/07/26 06:19
148561741734,259131,271952420,29/07/26 06:19
148560894059,33875,191096063,29/07/26 06:19
148562401652,34981,76804533,29/07/26 06:19
148560934563,85587,192031036,29/07/26 06:19
148561063652,145352,191302425,29/07/26 06:19
148561723495,184485,191368187,29/07/26 06:19
148561241967,157258,272345650,29/07/26 06:19
148562337013,140216,35209611,29/07/26 06:19
148562337563,722,59726235,29/07/26 06:19
148561478695,21862,190071037,29/07/26 06:19
148562402595,138096,3257905,29/07/26 06:19
148562400163,28776,66494387,29/07/26 06:19
148562405063,184991,59307925,29/07/26 06:19
148561374785,193147,271972953,29/07/26 06:19
148560887175,121266,272448994,29/07/26 06:20
148562403359,33329,272450720,29/07/26 06:20
148562405463,9887,257756486,29/07/26 06:20
148561515375,156023,271304114,29/07/26 06:20
148561384659,216599,190484137,29/07/26 06:20
148561457646,445494,271308659,29/07/26 06:20
148562402685,56207,37418775,29/07/26 06:20
148561194334,120988,271458611,29/07/26 06:20
148561454246,157258,271529165,29/07/26 06:20
148561263795,137687,270724311,29/07/26 06:20
148562218067,183343,160047270,29/07/26 06:20
148561686485,180331,185969473,29/07/26 06:20
148562406559,178046,257850560,29/07/26 06:20
148561232513,179475,271558173,29/07/26 06:20
148562366967,139201,52483237,29/07/26 06:20
148562223413,151173,272450500,29/07/26 06:20
148561582852,108453,187982735,29/07/26 06:20
148562220252,20717,214803159,29/07/26 06:20
148561627913,650149,270054958,29/07/26 06:20
148560992752,355608,189778456,29/07/26 06:20
148561741913,181727,189692570,29/07/26 06:20
148561150885,65633,190342089,29/07/26 06:20
148561699852,224733,271647460,29/07/26 06:20
148561632546,137685,271434026,29/07/26 06:20
148560987195,8850,185912354,29/07/26 06:20
148560937067,167035,270448050,29/07/26 06:20
148561308263,13656,189595464,29/07/26 06:20
148561264046,163537,270327551,29/07/26 06:20
148561783734,188426,271678343,29/07/26 06:20
148562160367,25357,244648654,29/07/26 06:20
148562313013,204414,74494223,29/07/26 06:20
148561705175,2646,188724076,29/07/26 06:20
148561492359,126590,270840640,29/07/26 06:20
148562220163,31948,251835830,29/07/26 06:20
148561701313,225924,271612227,29/07/26 06:20
148560634675,141966,185520592,29/07/26 06:20
148562225346,167035,266099713,29/07/26 06:20
148561270834,184590,188270041,29/07/26 06:20
148561767113,15240,271358820,29/07/26 06:20
148561573213,180204,271467985,29/07/26 06:20
148560761646,219024,271472413,29/07/26 06:20
148561683463,179669,270807028,29/07/26 06:20
148561630775,145721,189797564,29/07/26 06:20
148561679467,224947,271702885,29/07/26 06:20
148561304246,441909,271714923,29/07/26 06:20
148561610967,65596,188978992,29/07/26 06:20
148562311675,3791,269907716,29/07/26 06:20
148562241863,40557,149347051,29/07/26 06:20
148561188763,99321,190782422,29/07/26 06:20
148560880263,182871,187918043,29/07/26 06:20
148560837867,226786,182439304,29/07/26 06:20
148560937634,180034,271166408,29/07/26 06:20
148561700085,166960,271613671,29/07/26 06:20
148561762067,280108,271578486,29/07/26 06:20
148560884663,126590,270907737,29/07/26 06:20
148562220352,443252,32580883,29/07/26 06:20
148560943346,28652,186563523,29/07/26 06:20
148561759585,109984,271614205,29/07/26 06:20
148561764475,4805,270668427,29/07/26 06:20
148561187613,45852,162437656,29/07/26 06:20
148561412752,29411,182128341,29/07/26 06:20
148561191213,13138,183363937,29/07/26 06:20
148562339267,73750,11096276,29/07/26 06:20
148561720785,191056,271526984,29/07/26 06:20
148561150959,651672,270679934,29/07/26 06:20
148560710475,20847,270859713,29/07/26 06:20
148561608063,87797,161588868,29/07/26 06:20
148561098546,188122,269659968,29/07/26 06:20
148561498367,184125,164195959,29/07/26 06:20
148560540152,126590,268351261,29/07/26 06:20
148561782034,8696,183542726,29/07/26 06:20
148562358275,30915,4555414,29/07/26 06:20
148560935313,44126,269869808,29/07/26 06:20
148561479485,444900,270388151,29/07/26 06:20
148561606759,10442,182279142,29/07/26 06:20
148561102185,5658,180149976,29/07/26 06:20
148561518295,179432,185390698,29/07/26 06:20
148562358346,181427,182649296,29/07/26 06:20
148561552159,163983,265777526,29/07/26 06:20
148561661134,11938,185779902,29/07/26 06:20
148561651685,180523,269810001,29/07/26 06:20
148561520859,259131,269087341,29/07/26 06:20
148560839452,30006,183478055,29/07/26 06:20
148561779946,184284,184290139,29/07/26 06:20
148561602113,149892,163722839,29/07/26 06:20
148560700534,38959,189382804,29/07/26 06:20
148561302295,180509,266485765,29/07/26 06:20
148561571775,653200,269859504,29/07/26 06:20
148561064713,137388,183825225,29/07/26 06:20
148561634175,180509,266888523,29/07/26 06:20
148561706752,89573,163891662,29/07/26 06:20
148560838659,156340,184774254,29/07/26 06:20
148561525963,137353,162314178,29/07/26 06:20
148561524685,177938,183191201,29/07/26 06:20
148560996875,64833,182669001,29/07/26 06:20
148561143459,85907,161553701,29/07/26 06:20
148560895646,180370,182235426,29/07/26 06:20
148561234395,225991,268615592,29/07/26 06:20
148548267795,213482,162769174,29/07/26 06:20
148560988895,193865,270483979,29/07/26 06:20
148561264585,656893,188221887,29/07/26 06:20
148561054285,138937,186800734,29/07/26 06:20
148562313585,167060,142620818,29/07/26 06:20
148562359034,88047,11437997,29/07/26 06:20
148561747734,40789,181179529,29/07/26 06:20
148503567067,226807,186861803,29/07/26 06:20
148562406475,181130,272082875,29/07/26 06:20
148500142152,160939,151239381,29/07/26 06:21
148502588895,6042,55668463,29/07/26 06:21
148562424652,167035,251534188,29/07/26 06:21
148549362463,186366,99481391,29/07/26 06:21
148562424552,191177,268022615,29/07/26 06:21
148562424763,70082,272450623,29/07/26 06:21
148562314675,132152,272450595,29/07/26 06:21
148562410234,445004,270300221,29/07/26 06:21
148517001863,164563,152238797,29/07/26 06:21
148560953263,176427,147918493,29/07/26 06:21
148562311775,1218,88925275,29/07/26 06:21
148562403595,23941,86932319,29/07/26 06:21
148562246185,151212,268403537,29/07/26 06:21
148561090085,108285,163575781,29/07/26 06:21
148560939146,157346,161515569,29/07/26 06:21
148562409895,179015,43735252,29/07/26 06:21
148562325613,166960,272450293,29/07/26 06:21
148561151285,26941,163695693,29/07/26 06:21
148561235895,13467,159174315,29/07/26 06:21
148561682067,651796,150694091,29/07/26 06:21
148560954859,2107,254027325,29/07/26 06:21
148561306846,142391,157662221,29/07/26 06:21
148561150385,180509,263684286,29/07/26 06:21
148562322459,99,272450578,29/07/26 06:21
148561427675,223182,160108057,29/07/26 06:21
148562225134,192688,237901831,29/07/26 06:21
148560840534,160794,153079475,29/07/26 06:21
148561390652,216903,153400222,29/07/26 06:21
148562409659,23241,85276139,29/07/26 06:21
148562225652,445004,49426288,29/07/26 06:21
148561635495,650199,161627405,29/07/26 06:21
148562314834,55993,235783891,29/07/26 06:21
148562316259,190413,9470217,29/07/26 06:21
148562324452,164001,249120341,29/07/26 06:21
148560899595,189616,161735212,29/07/26 06:21
148561093295,10669,253854305,29/07/26 06:21
148561000059,50371,156630950,29/07/26 06:21
148561739667,30770,161454188,29/07/26 06:21
148561706895,1764,154177205,29/07/26 06:21
148561098385,650199,160240599,29/07/26 06:21
148561610875,652395,159710824,29/07/26 06:21
148560615713,187673,158430609,29/07/26 06:21
148561681385,145659,154177527,29/07/26 06:21
148561384785,161148,159627989,29/07/26 06:21
148561553875,126590,257570091,29/07/26 06:21
148561419813,187157,156039813,29/07/26 06:21
148561306475,10002,153114668,29/07/26 06:21
148561741459,31295,162767239,29/07/26 06:21
148560700875,167584,153729058,29/07/26 06:21
148561094175,412210,160235761,29/07/26 06:21
148562360552,208047,58872977,29/07/26 06:21
148561632667,164001,263069568,29/07/26 06:21
148560946146,40429,155825139,29/07/26 06:21
148560950046,182842,254026491,29/07/26 06:21
148560888267,178145,152548762,29/07/26 06:21
148560821446,650199,152635733,29/07/26 06:21
148561545175,21127,146500082,29/07/26 06:21
148561459852,188402,160347016,29/07/26 06:21
148561462267,11517,253004719,29/07/26 06:21
148561054159,121366,265605521,29/07/26 06:21
148561312367,31948,150162321,29/07/26 06:21
148561680163,179724,265303210,29/07/26 06:21
148561550175,15845,156633640,29/07/26 06:21
148561461234,181630,154192243,29/07/26 06:21
148561726246,137687,255176992,29/07/26 06:21
148561344167,10695,149882433,29/07/26 06:21
148561339259,6402,152738759,29/07/26 06:21
148561491059,205302,159246691,29/07/26 06:21
148561459067,191423,151812386,29/07/26 06:21
148562323375,182338,272450606,29/07/26 06:21
148562410695,42981,93910082,29/07/26 06:21
148561339759,28487,147904937,29/07/26 06:21
148561060795,185173,151134151,29/07/26 06:21
148560694175,88491,148374106,29/07/26 06:21
148562336575,84108,252866571,29/07/26 06:21
148561228863,107903,156493065,29/07/26 06:21
148560900613,26768,152392222,29/07/26 06:21
148561062195,113880,151528974,29/07/26 06:21
148561628152,7720,152453478,29/07/26 06:21
148561186852,49852,247855026,29/07/26 06:21
148561184852,443173,251988572,29/07/26 06:21
148561702213,40897,148991345,29/07/26 06:21
148561740934,442334,250574855,29/07/26 06:21
148560843359,34880,152685266,29/07/26 06:21
148561064252,179475,159449834,29/07/26 06:21
148561303613,90373,156300569,29/07/26 06:21
148561686095,56051,161476322,29/07/26 06:21
148561142467,177154,159506743,29/07/26 06:21
148560889663,44757,248182294,29/07/26 06:21
148561262159,222900,147348989,29/07/26 06:21
148562323452,147114,215215952,29/07/26 06:21
148561703663,135826,152274827,29/07/26 06:21
148560638046,184886,147895961,29/07/26 06:21
148562398313,793,2948368,29/07/26 06:21
148562324346,36196,240538099,29/07/26 06:21
148561342695,140734,146839597,29/07/26 06:21
148561697834,116631,160858818,29/07/26 06:21
148560821646,55322,159788200,29/07/26 06:21
148561425513,1709,146745710,29/07/26 06:21
148561414795,650012,252790279,29/07/26 06:21
148561633075,188365,248882521,29/07/26 06:21
148561625859,650291,147772869,29/07/26 06:21
148562324813,43167,19205119,29/07/26 06:21
148560935485,88143,148550185,29/07/26 06:21
148560942113,177373,152337791,29/07/26 06:21
148561310034,190332,147104309,29/07/26 06:21
148561266863,146718,150452225,29/07/26 06:21
148561701663,65643,160641732,29/07/26 06:21
148560877246,183343,147748861,29/07/26 06:21
148561520359,37455,154712520,29/07/26 06:21
148561190695,184107,154264809,29/07/26 06:21
148561607746,4763,249902072,29/07/26 06:21
148562322513,184857,249389336,29/07/26 06:21
148562407663,99000,218732028,29/07/26 06:21
148560986946,68910,155188094,29/07/26 06:21
148561208013,49778,146511123,29/07/26 06:21
148562431685,85463,256322041,29/07/26 06:21
148562426067,20997,100660768,29/07/26 06:21
148562425346,36085,56334959,29/07/26 06:22
148561763995,446206,271254972,29/07/26 06:22
148560902195,139629,120311191,29/07/26 06:22
148561515659,1425,221664350,29/07/26 06:22
148561186475,146858,136721116,29/07/26 06:22
148561552659,445774,240617938,29/07/26 06:22
148561526067,177267,142515202,29/07/26 06:22
148561419634,190471,137720832,29/07/26 06:22
148561764559,12962,132320227,29/07/26 06:22
148561419413,35497,145016340,29/07/26 06:22
148561579095,36270,129859092,29/07/26 06:22
148561143946,84153,131187957,29/07/26 06:22
148561376252,346997,144873438,29/07/26 06:22
148560651175,184015,133568529,29/07/26 06:22
148561342752,36247,139953318,29/07/26 06:22
148560536659,16039,132623756,29/07/26 06:22
148560940252,182737,132709281,29/07/26 06:22
148560944963,35207,138747300,29/07/26 06:22
148560824346,8379,145652564,29/07/26 06:22
148560990046,655620,234069625,29/07/26 06:22
148561351775,190997,238619703,29/07/26 06:22
148561301685,2646,134688698,29/07/26 06:22
148561232267,33329,145352461,29/07/26 06:22
148560900585,26375,233954854,29/07/26 06:22
148561783363,167264,143172072,29/07/26 06:22
148561276952,182644,233903537,29/07/26 06:22
148561780859,80785,139321696,29/07/26 06:22
148561230013,654807,138156762,29/07/26 06:22
148561229075,25377,131987819,29/07/26 06:22
148561484995,77790,141244982,29/07/26 06:22
148561682913,168597,246317294,29/07/26 06:22
148561651246,20194,139576876,29/07/26 06:22
148560787346,17372,130322003,29/07/26 06:22
148561099734,189892,133576382,29/07/26 06:22
148561581546,183401,135542975,29/07/26 06:22
148561064852,178418,132998837,29/07/26 06:22
148561379975,313358,130970352,29/07/26 06:22
148561103934,841,134654670,29/07/26 06:22
148561488152,27258,238675062,29/07/26 06:22
148561726585,70082,240790167,29/07/26 06:22
148561353359,178183,141090199,29/07/26 06:22
148560832913,167726,145250419,29/07/26 06:22
148561000334,181841,131765952,29/07/26 06:22
148561784495,65498,142547835,29/07/26 06:22
148561135763,23345,127664586,29/07/26 06:22
148560823395,1824,129264878,29/07/26 06:22
148561091334,18121,132346472,29/07/26 06:22
148560768685,78263,134376827,29/07/26 06:22
148561781885,204457,136023193,29/07/26 06:22
148561518675,159247,129565719,29/07/26 06:22
148561005495,21894,133367768,29/07/26 06:22
148561191459,116782,129765421,29/07/26 06:22
148561680695,156841,223813781,29/07/26 06:22
148560535846,5315,130426889,29/07/26 06:22
148562427975,35068,241138571,29/07/26 06:22
148561743585,5048,130759767,29/07/26 06:22
148562327085,4763,272450627,29/07/26 06:22
148561309395,217030,132219742,29/07/26 06:22
148561011652,144832,134939306,29/07/26 06:22
148561379475,212638,128529003,29/07/26 06:22
148561337613,5560,140109265,29/07/26 06:22
148560890595,2493,220378940,29/07/26 06:22
148561726752,185124,128749867,29/07/26 06:22
148561409785,142199,145978423,29/07/26 06:22
148561351352,44757,127023435,29/07/26 06:22
148561413959,78470,145978423,29/07/26 06:22
148560948667,23482,140517017,29/07/26 06:22
148560892485,188122,224789429,29/07/26 06:22
148560902063,38790,139215584,29/07/26 06:22
148561337359,56046,134808069,29/07/26 06:22
148562327875,65429,180328490,29/07/26 06:22
148560760752,126590,126005756,29/07/26 06:22
148560894567,64790,125271672,29/07/26 06:22
148561312659,208861,128601490,29/07/26 06:22
148561492846,187060,126231663,29/07/26 06:22
148560894752,87669,128353746,29/07/26 06:22
148561551795,19684,126665664,29/07/26 06:22
148561056167,36251,124778930,29/07/26 06:22
148560941175,207922,125075684,29/07/26 06:22
148561140359,279058,139977662,29/07/26 06:22
148561657613,181427,131708156,29/07/26 06:22
148560759446,442968,127085486,29/07/26 06:22
148562241959,179959,272450512,29/07/26 06:22
148562326734,140030,59528993,29/07/26 06:22
148561146963,788,135652854,29/07/26 06:22
148561633213,111123,137724241,29/07/26 06:22
148561287813,142580,133628994,29/07/26 06:22
148560888713,223253,125057583,29/07/26 06:22
148561141052,190087,125676612,29/07/26 06:22
148562327352,22643,162098197,29/07/26 06:22
148562242267,36196,135997078,29/07/26 06:22
148562405985,184097,21179221,29/07/26 06:22
148560880495,136566,135141701,29/07/26 06:22
148562324175,119321,272450615,29/07/26 06:22
148562325746,178873,134539243,29/07/26 06:22
148562325813,84727,9294596,29/07/26 06:22
148560831152,444855,142409565,29/07/26 06:22
148562328175,2579,272450624,29/07/26 06:22
148560696346,181085,143404340,29/07/26 06:22
148561570546,105931,250673762,29/07/26 06:22
148562338375,35738,23321226,29/07/26 06:22
148562365846,36364,237329508,29/07/26 06:22
148561191167,183791,129245255,29/07/26 06:22
148562435659,12108,47136448,29/07/26 06:22
148561574675,220930,113279252,29/07/26 06:23
148561095813,42652,102586891,29/07/26 06:23
148549100359,177154,143483283,29/07/26 06:23
148561655667,5531,115650918,29/07/26 06:23
148561765452,56178,253532784,29/07/26 06:23
148561458595,216577,124143482,29/07/26 06:23
148561347713,194080,118476140,29/07/26 06:23
148561783095,193719,122111917,29/07/26 06:23
148561146152,441989,122420201,29/07/26 06:23
148562329663,41908,271603580,29/07/26 06:23
148561425234,153402,110796699,29/07/26 06:23
148560938795,3324,123957150,29/07/26 06:23
148561742875,31978,109724733,29/07/26 06:23
148561350846,120806,114046176,29/07/26 06:23
148561816159,101096,147965386,29/07/26 06:23
148561491252,4714,109904920,29/07/26 06:23
148560807434,27216,109034519,29/07/26 06:23
148562331963,153133,18811627,29/07/26 06:23
148561093163,225271,114829487,29/07/26 06:23
148560950752,4927,119912737,29/07/26 06:23
148560951213,4714,123520433,29/07/26 06:23
148560767167,134235,123321062,29/07/26 06:23
148561379059,216149,122444346,29/07/26 06:23
148561427095,120988,206018054,29/07/26 06:23
148561066075,162712,118016248,29/07/26 06:23
148561346413,659145,113461155,29/07/26 06:23
148561550885,213469,121514347,29/07/26 06:23
148561549663,190781,122627981,29/07/26 06:23
148561491934,74234,187625999,29/07/26 06:23
148561304585,3382,123506655,29/07/26 06:23
148560896159,175055,115796450,29/07/26 06:23
148561603763,5185,123754805,29/07/26 06:23
148561349446,4395,113677399,29/07/26 06:23
148561263175,140733,123765593,29/07/26 06:23
148561309052,43093,120765745,29/07/26 06:23
148561340646,20595,121595127,29/07/26 06:23
148561342313,445774,119731886,29/07/26 06:23
148562401195,187048,259603226,29/07/26 06:23
148561192075,178038,116114642,29/07/26 06:23
148561232746,35667,111220616,29/07/26 06:23
148561459263,155399,112626627,29/07/26 06:23
148561230513,189031,123864813,29/07/26 06:23
148561412863,441911,186180049,29/07/26 06:23
148561452463,442396,117721861,29/07/26 06:23
148560895752,178379,120526475,29/07/26 06:23
148561450552,183172,186818378,29/07/26 06:23
148560767934,55643,114659026,29/07/26 06:23
148561487185,151699,107179146,29/07/26 06:23
148560704563,119307,104886502,29/07/26 06:23
148561065267,204244,118198783,29/07/26 06:23
148561277052,3847,111591939,29/07/26 06:23
148562402867,156195,271073757,29/07/26 06:23
148561547852,142162,215075057,29/07/26 06:23
148560885734,186107,123432027,29/07/26 06:23
148560702852,39410,107727982,29/07/26 06:23
148560626463,100715,106030119,29/07/26 06:23
148561377846,55593,106479580,29/07/26 06:23
148561573046,184802,115276334,29/07/26 06:23
148561386252,13675,155562210,29/07/26 06:23
148561426195,221789,107906481,29/07/26 06:23
148561748285,40575,115016289,29/07/26 06:23
148560827759,157324,105369305,29/07/26 06:23
148560945595,25819,109576252,29/07/26 06:23
148561268385,143242,117308120,29/07/26 06:23
148561184252,134176,105050600,29/07/26 06:23
148560691346,116804,121179481,29/07/26 06:23
148561306152,651826,106510647,29/07/26 06:23
148561781575,24944,109713838,29/07/26 06:23
148560938063,651716,122502259,29/07/26 06:23
148560689067,10389,99473945,29/07/26 06:23
148561417646,90314,108649805,29/07/26 06:23
148561527463,68150,107552382,29/07/26 06:23
148561302959,23951,99993971,29/07/26 06:23
148561141952,10517,99744150,29/07/26 06:23
148561189167,193147,162054327,29/07/26 06:23
148561451334,5262,109515864,29/07/26 06:23
148561058475,158203,100109764,29/07/26 06:23
148561492759,95568,123566720,29/07/26 06:23
148561520785,27148,103106910,29/07/26 06:23
148560626975,95269,107026118,29/07/26 06:23
148561141759,445774,163914207,29/07/26 06:23
148561528234,28100,101442243,29/07/26 06:23
148561268934,39423,113977833,29/07/26 06:23
148561459713,68142,107331211,29/07/26 06:23
148561139495,7004,103109550,29/07/26 06:23
148561685746,23326,118364649,29/07/26 06:23
148561550946,160095,107692477,29/07/26 06:23
148560771952,445774,115904871,29/07/26 06:23
148562435759,9499,272218322,29/07/26 06:23
148560708413,126590,224833929,29/07/26 06:23
148561141859,26545,110954954,29/07/26 06:23
148560819085,659067,121487364,29/07/26 06:23
148561351595,84108,110149559,29/07/26 06:23
148561545234,445935,100498881,29/07/26 06:23
148562432846,12812,89012676,29/07/26 06:23
148562435246,179395,105825612,29/07/26 06:23
148562427495,144998,272450742,29/07/26 06:23
148548111534,184901,187269133,29/07/26 06:23
148561195834,166263,117212522,29/07/26 06:23
148561231067,445776,195362626,29/07/26 06:23
148562366113,72799,272450682,29/07/26 06:23
148561686359,167768,108245183,29/07/26 06:23
148543262985,21582,133204109,29/07/26 06:23
148562368375,5854,238936788,29/07/26 06:23
148561058959,445988,122805509,29/07/26 06:23
148562369234,38551,256847304,29/07/26 06:23
148504446213,5190,267082231,29/07/26 06:24
148561376059,183996,153535692,29/07/26 06:24
148562434163,41235,272450752,29/07/26 06:24
148561547946,193420,85639597,29/07/26 06:24
148561686663,123930,149088608,29/07/26 06:24
148560953895,81321,95324341,29/07/26 06:24
148561708067,143213,94992937,29/07/26 06:24
148560884063,188122,142552781,29/07/26 06:24
148561483452,7789,88629461,29/07/26 06:24
148561576295,22069,92512097,29/07/26 06:24
148560458413,26733,88003931,29/07/26 06:24
148560879963,37848,87303343,29/07/26 06:24
148561764952,189356,88756307,29/07/26 06:24
148561414252,107334,96190621,29/07/26 06:24
148560632252,204801,85571335,29/07/26 06:24
148561232885,1978,98577326,29/07/26 06:24
148561145146,180576,99650414,29/07/26 06:24
148561351967,152897,97560103,29/07/26 06:24
148561139285,136047,96737830,29/07/26 06:24
148561493585,184899,88812430,29/07/26 06:24
148561342867,156296,99438617,29/07/26 06:24
148561098495,35137,76304687,29/07/26 06:24
148561344995,16068,93746447,29/07/26 06:24
148560935785,42616,85340425,29/07/26 06:24
148561651046,44710,137181929,29/07/26 06:24
148561340859,38653,93448470,29/07/26 06:24
148562332867,650293,272308016,29/07/26 06:24
148561424763,143826,90414091,29/07/26 06:24
148561063946,85918,88425993,29/07/26 06:24
148561679234,43536,96998185,29/07/26 06:24
148560849852,182743,97170904,29/07/26 06:24
148561607234,654988,94762348,29/07/26 06:24
148561524463,23845,80357903,29/07/26 06:24
148561063167,126301,87525761,29/07/26 06:24
148562426875,17527,35250701,29/07/26 06:24
148561570663,6453,96331666,29/07/26 06:24
148561106446,65400,69482631,29/07/26 06:24
148561142175,18299,78685876,29/07/26 06:24
148560889859,155233,82896103,29/07/26 06:24
148561275359,40326,99527450,29/07/26 06:24
148561525685,214924,80212230,29/07/26 06:24
148561657967,257397,85885900,29/07/26 06:24
148561413195,158196,83791109,29/07/26 06:24
148561379367,146411,80599998,29/07/26 06:24
148561231695,445988,92865240,29/07/26 06:24
148562269867,216480,272450315,29/07/26 06:24
148561410652,139876,77559228,29/07/26 06:24
148561059785,40007,95180376,29/07/26 06:24
148561608913,136631,83879137,29/07/26 06:24
148561527834,50699,121448544,29/07/26 06:24
148560800585,168563,79044980,29/07/26 06:24
148561634513,25360,98470046,29/07/26 06:24
148561679975,206202,88074628,29/07/26 06:24
148561350567,188497,76429204,29/07/26 06:24
148561185759,36058,79282863,29/07/26 06:24
148560691463,161718,73675980,29/07/26 06:24
148561658946,182976,90029594,29/07/26 06:24
148561272095,184571,79262715,29/07/26 06:24
148561549985,178011,89243579,29/07/26 06:24
148561483395,180896,74386353,29/07/26 06:24
148561004459,95986,98973608,29/07/26 06:24
148561189475,189765,83642355,29/07/26 06:24
148560531546,143127,73914383,29/07/26 06:24
148561487595,38613,98504374,29/07/26 06:24
148560630975,446168,80124207,29/07/26 06:24
148561684259,179866,89691020,29/07/26 06:24
148560999263,185352,82652907,29/07/26 06:24
148561065652,186624,74609863,29/07/26 06:24
148562372667,219284,134787485,29/07/26 06:24
148561277359,41710,78723744,29/07/26 06:24
148561135852,34432,88877282,29/07/26 06:24
148560817852,160024,77962010,29/07/26 06:24
148561760913,221262,77604118,29/07/26 06:24
148561759446,2646,86258103,29/07/26 06:24
148560998067,207626,88271542,29/07/26 06:24
148546036313,222643,267594675,29/07/26 06:24
148561239834,143248,74752798,29/07/26 06:24
148560773459,170749,75745854,29/07/26 06:24
148560881095,6168,83506728,29/07/26 06:24
148561146634,69017,74395760,29/07/26 06:24
148561232175,32848,96957955,29/07/26 06:24
148533949663,190390,272427549,29/07/26 06:24
148560761434,163560,94367327,29/07/26 06:24
148561267646,80697,83666310,29/07/26 06:24
148560937752,38314,76560437,29/07/26 06:24
148561056367,101773,78623239,29/07/26 06:24
148562437385,27766,115647012,29/07/26 06:24
148561067734,101760,89457290,29/07/26 06:24
148561452367,11143,82639893,29/07/26 06:24
148561104685,654495,75561547,29/07/26 06:24
148545036363,35994,105070429,29/07/26 06:24
148562368767,167696,272432164,29/07/26 06:24
148560943185,654701,98896372,29/07/26 06:24
148561747175,15566,73406304,29/07/26 06:24
148562436252,156723,241309750,29/07/26 06:24
148562441934,139378,22192540,29/07/26 06:24
148562372375,40871,256638776,29/07/26 06:24
148562408934,653649,256739025,29/07/26 06:24
148562438663,162443,66031299,29/07/26 06:24
148562437859,140720,15733457,29/07/26 06:25
148562433852,188170,68934691,29/07/26 06:25
148562441085,168777,90937816,29/07/26 06:25
148561767063,34261,239127001,29/07/26 06:25
148561743367,163262,121290494,29/07/26 06:25
148561764259,443474,67690395,29/07/26 06:25
148561142352,165631,62850824,29/07/26 06:25
148562008534,50760,62157491,29/07/26 06:25
148562251363,23497,272450537,29/07/26 06:25
148561411934,3560,60875343,29/07/26 06:25
148561143295,153427,50021429,29/07/26 06:25
148561601513,55182,57893449,29/07/26 06:25
148560948713,2748,66910266,29/07/26 06:25
148562245234,37614,272450518,29/07/26 06:25
148561544085,23469,67529462,29/07/26 06:25
148560941434,181473,67114331,29/07/26 06:25
148561137263,101862,64798535,29/07/26 06:25
148561306759,20194,67946293,29/07/26 06:25
148560941534,49708,67948276,29/07/26 06:25
148561725567,147096,62689229,29/07/26 06:25
148561102875,193916,60716635,29/07/26 06:25
148561552885,41634,60062507,29/07/26 06:25
148560882434,218964,56573490,29/07/26 06:25
148561876195,141772,72156170,29/07/26 06:25
148561601334,444900,65728991,29/07/26 06:25
148561659263,183257,69994843,29/07/26 06:25
148560774534,84108,65395699,29/07/26 06:25
148560953567,149881,68004019,29/07/26 06:25
148561552413,191570,54845189,29/07/26 06:25
148496169463,41794,47152609,29/07/26 06:25
148560697075,146,60395581,29/07/26 06:25
148561064452,5261,63213470,29/07/26 06:25
148561453163,444899,70668011,29/07/26 06:25
148561100634,144602,67064445,29/07/26 06:25
148561059013,138296,69196255,29/07/26 06:25
148560692895,194993,64698558,29/07/26 06:25
148561520552,181614,54408909,29/07/26 06:25
148561311734,181717,71081449,29/07/26 06:25
148560898995,191658,55895674,29/07/26 06:25
148560894946,152897,104394169,29/07/26 06:25
148561351646,159,67390164,29/07/26 06:25
148561386713,43144,58737195,29/07/26 06:25
148561186675,182419,56720447,29/07/26 06:25
148561409846,36358,53007010,29/07/26 06:25
148560764552,19129,60765034,29/07/26 06:25
148560689167,184066,58270489,29/07/26 06:25
148561096213,179207,87846294,29/07/26 06:25
148560945775,192374,64731348,29/07/26 06:25
148561705875,153982,67438905,29/07/26 06:25
148560833195,186620,60856390,29/07/26 06:25
148561275513,28751,62362210,29/07/26 06:25
148561571059,11818,57407164,29/07/26 06:25
148560948263,167240,58323725,29/07/26 06:25
148561451667,30144,64738049,29/07/26 06:25
148561721667,7229,57948887,29/07/26 06:25
148561424634,220549,62532856,29/07/26 06:25
148561577313,142058,51046307,29/07/26 06:25
148561760695,7610,62746495,29/07/26 06:25
148561763167,186519,69254674,29/07/26 06:25
148561233059,40874,68011291,29/07/26 06:25
148561513734,180473,64215246,29/07/26 06:25
148560820767,180892,69007571,29/07/26 06:25
148561493963,22540,62595149,29/07/26 06:25
148546173267,182269,41528658,29/07/26 06:25
148562331685,78065,104565025,29/07/26 06:25
148561001275,208737,51165437,29/07/26 06:25
148560710034,12151,51600026,29/07/26 06:25
148561606913,127535,52645632,29/07/26 06:25
148560830785,40429,52871215,29/07/26 06:25
148561652263,154572,53494917,29/07/26 06:25
148560889163,88491,56817508,29/07/26 06:25
148561236852,40814,62010946,29/07/26 06:25
148561657752,29411,52933033,29/07/26 06:25
148561151785,186459,58606691,29/07/26 06:25
148561061495,25003,51527710,29/07/26 06:25
148561186275,131728,51637387,29/07/26 06:25
148562244885,170993,181623514,29/07/26 06:25
148562437685,153641,40222878,29/07/26 06:25
148562271459,187550,219806310,29/07/26 06:25
148560986313,36393,55561080,29/07/26 06:25
148561765552,95803,64864657,29/07/26 06:25
148561607959,12205,49862617,29/07/26 06:25
148562338746,99132,16511784,29/07/26 06:25
148560709595,28519,50570429,29/07/26 06:25
148561140046,144867,51549109,29/07/26 06:25
148561784967,23336,50327270,29/07/26 06:25
148561765752,179669,78223035,29/07/26 06:25
148561767352,142150,50447851,29/07/26 06:25
148562249259,184695,50675315,29/07/26 06:25
148562442475,215948,229144398,29/07/26 06:25
148562249795,16773,118899361,29/07/26 06:25
148562247613,650032,7523038,29/07/26 06:25
148560880959,28776,69840026,29/07/26 06:25
148561682646,23336,70235195,29/07/26 06:25
148562245675,21077,118042450,29/07/26 06:25
148561340952,34540,48861166,29/07/26 06:25
148562244346,207457,45148712,29/07/26 06:25
148560944385,96540,54942352,29/07/26 06:25
148560591575,4805,63213054,29/07/26 06:25
148561349285,154039,66381785,29/07/26 06:25
148562408213,136716,215885511,29/07/26 06:25
148562249159,651383,139074393,29/07/26 06:25
148560757963,10452,50182679,29/07/26 06:25
148561418875,650587,61286581,29/07/26 06:25
148562338895,141408,161439542,29/07/26 06:25
148561744113,183257,68920948,29/07/26 06:25
148561421413,136837,56724715,29/07/26 06:25
148561415075,194114,49702088,29/07/26 06:25
148562245313,101062,18854573,29/07/26 06:25
148561090213,53334,48763127,29/07/26 06:25
148562336646,72662,272450650,29/07/26 06:25
148561062052,78327,69287294,29/07/26 06:25
148562373413,11225,3294952,29/07/26 06:25
148562334495,236864,23819692,29/07/26 06:25
148562249046,179631,240979198,29/07/26 06:25
148562336246,193005,29918401,29/07/26 06:25
148561781734,137953,65351175,29/07/26 06:25
148535056763,86282,42397998,29/07/26 06:25
148562440585,208853,199596939,29/07/26 06:25
148561003046,445918,55794642,29/07/26 06:25
148562426434,65295,44074990,29/07/26 06:26
148561457863,74604,79906659,29/07/26 06:26
148562443663,163041,151736320,29/07/26 06:26
148562442267,89842,12762830,29/07/26 06:26
148562465146,4321,121283574,29/07/26 06:26
148562465285,20717,68878838,29/07/26 06:26
148562465646,166960,272275599,29/07/26 06:26
148560994367,157305,34873044,29/07/26 06:26
148561767434,184086,26367528,29/07/26 06:26
148499011152,177154,48755192,29/07/26 06:26
148561790385,194081,267435183,29/07/26 06:26
148561419313,21186,34185316,29/07/26 06:26
148561653263,178333,22225979,29/07/26 06:26
148562410163,28652,224841645,29/07/26 06:26
148560821534,42658,47563645,29/07/26 06:26
148561267475,145633,43376136,29/07/26 06:26
148561636463,65021,39893270,29/07/26 06:26
148562357975,193142,239604995,29/07/26 06:26
148560882559,166076,48986412,29/07/26 06:26
148561141595,442082,45274839,29/07/26 06:26
148562396767,107560,250592953,29/07/26 06:26
148561163163,22268,42790731,29/07/26 06:26
148561095467,193139,37040323,29/07/26 06:26
148561578713,154016,37297832,29/07/26 06:26
148561744213,225777,48145223,29/07/26 06:26
148561261913,184542,38140554,29/07/26 06:26
148561480559,2419,49555024,29/07/26 06:26
148561745685,656865,37025378,29/07/26 06:26
148560899213,190671,42208733,29/07/26 06:26
148560774913,203462,37168161,29/07/26 06:26
148561004059,150082,51796519,29/07/26 06:26
148561388613,40321,38039229,29/07/26 06:26
148561312295,179097,40618780,29/07/26 06:26
148560817546,170134,45420004,29/07/26 06:26
148547121775,11634,246977545,29/07/26 06:26
148561583063,32453,42060962,29/07/26 06:26
148561183046,163447,42587345,29/07/26 06:26
148561461334,182843,46476713,29/07/26 06:26
148561765063,145566,37514450,29/07/26 06:26
148561002013,219284,31993412,29/07/26 06:26
148560775663,10491,47272246,29/07/26 06:26
148560760446,74917,38234463,29/07/26 06:26
148561624963,177339,38051629,29/07/26 06:26
148562442959,235630,97238998,29/07/26 06:26
148560627875,40544,42053397,29/07/26 06:26
148561313967,224543,38484457,29/07/26 06:26
148561725334,167387,46431736,29/07/26 06:26
148561635085,5207,45031620,29/07/26 06:26
148561605163,650199,49067695,29/07/26 06:26
148561427934,219343,38743564,29/07/26 06:26
148561762885,123874,42874437,29/07/26 06:26
148561140563,445093,69593738,29/07/26 06:26
148561574946,181630,39604079,29/07/26 06:26
148561683559,29951,39666144,29/07/26 06:26
148561602685,95708,47752512,29/07/26 06:26
148561342185,7751,33849637,29/07/26 06:26
148561483013,652969,37061516,29/07/26 06:26
148561494095,81308,48964510,29/07/26 06:26
148561421595,12971,31810891,29/07/26 06:26
148561190513,13224,46502814,29/07/26 06:26
148560757346,184475,37577471,29/07/26 06:26
148561680852,29,46332290,29/07/26 06:26
148561188046,7751,36312723,29/07/26 06:26
148561458095,18925,48099648,29/07/26 06:26
148561725159,68683,32092111,29/07/26 06:26
148561604859,139936,44976203,29/07/26 06:26
148561410546,151052,39777286,29/07/26 06:26
148561518575,35391,48249149,29/07/26 06:26
148561272963,148906,46700455,29/07/26 06:26
148561145734,141629,38238840,29/07/26 06:26
148532166846,6048,41542362,29/07/26 06:26
148561234513,12042,40153423,29/07/26 06:26
148561135659,33932,34363613,29/07/26 06:26
148561627085,163537,39705699,29/07/26 06:26
148562374685,23814,34729331,29/07/26 06:26
148561185259,191859,31997565,29/07/26 06:26
148561005763,27304,42494137,29/07/26 06:26
148561581063,101848,24964209,29/07/26 06:26
148561274959,182546,34447479,29/07/26 06:26
148561385095,207454,27466553,29/07/26 06:26
148560761275,445004,38736942,29/07/26 06:26
148562428195,151278,62836046,29/07/26 06:26
148561138963,650545,30436702,29/07/26 06:26
148561708895,29194,30835821,29/07/26 06:26
148561633634,221701,31500162,29/07/26 06:26
148561657863,29586,30110719,29/07/26 06:26
148560833852,1371,47969945,29/07/26 06:26
148561150634,36364,33433469,29/07/26 06:26
148560819763,27027,26037667,29/07/26 06:26
148561274034,192911,33295978,29/07/26 06:26
148560612313,186635,39580849,29/07/26 06:26
148561625359,11293,27872087,29/07/26 06:26
148561312452,8973,29575824,29/07/26 06:26
148561626895,155416,28254958,29/07/26 06:26
148561483863,18623,37236827,29/07/26 06:26
148561458234,5173,27720200,29/07/26 06:26
148560679134,443460,56071983,29/07/26 06:26
148561660067,135758,39216156,29/07/26 06:26
148562471152,33419,102924431,29/07/26 06:26
148561410295,41222,30447545,29/07/26 06:26
148561066175,41770,49131734,29/07/26 06:26
148562358567,121038,272450647,29/07/26 06:26
148562443959,1190,272450774,29/07/26 06:26
148562363534,547,272450675,29/07/26 06:26
148562265559,653934,272450542,29/07/26 06:26
148562265352,216608,246093315,29/07/26 06:26
148560942259,655273,30897460,29/07/26 06:26
148562394759,50591,7248606,29/07/26 06:26
148561554767,179239,27706137,29/07/26 06:26
148562360359,137578,24240267,29/07/26 06:26
148561341034,30375,24709483,29/07/26 06:26
148561725959,153031,44603559,29/07/26 06:26
148562190567,204413,186124405,29/07/26 06:26
148562359475,153898,108436101,29/07/26 06:26
148562359763,184363,272083000,29/07/26 06:26
148562425667,187736,272450719,29/07/26 06:26
148561480067,23308,55588648,29/07/26 06:26
148562264395,10452,80822697,29/07/26 06:26
148562470685,765,237066090,29/07/26 06:26
148562452475,181402,83843857,29/07/26 06:26
148562353259,31736,125441257,29/07/26 06:26
148562427063,4167,68983721,29/07/26 06:26
148561482859,7634,64168112,29/07/26 06:26
148561414385,22540,26276143,29/07/26 06:27
148562470246,444707,158291121,29/07/26 06:27
148562442395,64736,272450770,29/07/26 06:27
148561350646,113707,23353911,29/07/26 06:27
148561746975,180018,3594502,29/07/26 06:27
148560774663,101120,3347432,29/07/26 06:27
148561791695,167108,97127919,29/07/26 06:27
148561375195,36484,16063056,29/07/26 06:27
148560772313,29567,20702735,29/07/26 06:27
148561233667,107251,31831869,29/07/26 06:27
148561765934,7807,257964328,29/07/26 06:27
148561605295,26422,13413644,29/07/26 06:27
148561724985,4977,22994800,29/07/26 06:27
148561454795,227092,12102627,29/07/26 06:27
148561791159,167546,271767281,29/07/26 06:27
148561347559,182108,12635040,29/07/26 06:27
148561723985,38798,10831938,29/07/26 06:27
148561139752,444884,36535941,29/07/26 06:27
148561579352,170603,38470357,29/07/26 06:27
148561581913,31646,24727931,29/07/26 06:27
148561790952,4408,199752533,29/07/26 06:27
148561659367,140716,9861921,29/07/26 06:27
148561265434,55335,12204734,29/07/26 06:27
148561196967,13675,23031130,29/07/26 06:27
148562468385,181630,66442077,29/07/26 06:27
148560962652,4287,13352521,29/07/26 06:27
148561764352,99640,11523025,29/07/26 06:27
148561142934,96485,13074181,29/07/26 06:27
148561193685,1262,14197164,29/07/26 06:27
148561789346,445312,156415644,29/07/26 06:27
148561151167,444855,20578420,29/07/26 06:27
148561790113,188913,190910862,29/07/26 06:27
148561003359,652778,26664168,29/07/26 06:27
148560634567,444900,13040736,29/07/26 06:27
148561638085,10090,12698887,29/07/26 06:27
148561603246,193593,21738813,29/07/26 06:27
148560834663,11926,12998528,29/07/26 06:27
148560841959,29732,16171411,29/07/26 06:27
148561685334,22075,16149682,29/07/26 06:27
148561381652,84108,35110853,29/07/26 06:27
148561388852,85011,15408955,29/07/26 06:27
148561457767,4786,10339934,29/07/26 06:27
148562427552,2663,181796431,29/07/26 06:27
148561302575,122244,18558216,29/07/26 06:27
148561632485,167387,10527902,29/07/26 06:27
148560891463,36031,24334666,29/07/26 06:27
148561054346,119307,12493422,29/07/26 06:27
148561721385,185010,9541433,29/07/26 06:27
148561609259,27658,21299886,29/07/26 06:27
148561412675,4378,18816114,29/07/26 06:27
148561063085,182293,4814482,29/07/26 06:27
148561189675,142265,21207369,29/07/26 06:27
148561689063,65783,18404111,29/07/26 06:27
148560949063,10394,5248592,29/07/26 06:27
148560709646,35749,15443135,29/07/26 06:27
148561682495,13054,10954733,29/07/26 06:27
148560840146,188527,5422501,29/07/26 06:27
148561488913,147996,9500363,29/07/26 06:27
148560774467,29930,2157541,29/07/26 06:27
148561575595,184613,8931303,29/07/26 06:27
148561375895,228884,22093774,29/07/26 06:27
148561066852,36528,22992813,29/07/26 06:27
148561142775,10320,11648520,29/07/26 06:27
148561211146,141300,2720611,29/07/26 06:27
148562362652,444900,268300652,29/07/26 06:27
148561351163,26659,14394518,29/07/26 06:27
148561762534,122518,11207790,29/07/26 06:27
148561413585,139954,3828417,29/07/26 06:27
148561707859,28381,11884879,29/07/26 06:27
148562361246,444900,272450669,29/07/26 06:27
148561425785,4358,18814481,29/07/26 06:27
148561190434,121277,10947942,29/07/26 06:27
148562217313,5184,146116831,29/07/26 06:27
148562269367,184429,67139048,29/07/26 06:27
148561188975,134099,12330842,29/07/26 06:27
148562267746,104746,7044017,29/07/26 06:27
148560772063,25674,2498480,29/07/26 06:27
148560822485,24200,12858648,29/07/26 06:27
148561724234,43262,3408842,29/07/26 06:27
148562361834,3694,272450671,29/07/26 06:27
148560768075,445775,14330376,29/07/26 06:27
148561747034,9751,6242129,29/07/26 06:27
148562361095,180534,188653385,29/07/26 06:27
148562362263,153395,255634760,29/07/26 06:27
148560836359,386,4446501,29/07/26 06:27
148561090863,136837,1366665,29/07/26 06:27
148560950359,6008,64939,29/07/26 06:27
148562268834,204175,117845158,29/07/26 06:27
148561551595,39868,2482676,29/07/26 06:27
148561744034,156865,6458776,29/07/26 06:27
148561763095,171053,4817400,29/07/26 06:27
148561353475,185484,12001959,29/07/26 06:27
148562473895,258490,272450792,29/07/26 06:27
148561089752,365262,5566430,29/07/26 06:27
148562363475,186730,45914841,29/07/26 06:27
148561720685,28467,2958695,29/07/26 06:27
148560921834,5735,10545690,29/07/26 06:27
148561679552,445652,8094007,29/07/26 06:27
148561425175,55684,6068068,29/07/26 06:27
148562401785,22007,15042865,29/07/26 06:27
148562468834,167035,272450787,29/07/26 06:27
148562476252,96449,191484199,29/07/26 06:27
148562396652,181785,124966682,29/07/26 06:27
148562402485,436,155851039,29/07/26 06:27
148562473375,167407,95004286,29/07/26 06:27
148547042475,80423,76883978,29/07/26 06:27
148562474852,655996,207902157,29/07/26 06:27
148562400485,181655,39012471,29/07/26 06:27
148562400213,157379,72412852,29/07/26 06:28
148562441563,180898,248974795,29/07/26 06:28
148562477213,383,269258850,29/07/26 06:28
148560996559,109738,7948835,29/07/26 06:28
148561763285,26752,272449898,29/07/26 06:28
148561764095,68192,48691828,29/07/26 06:28
148561766552,180773,211499843,29/07/26 06:28
148562466895,153492,272450778,29/07/26 06:28
148561745995,163634,249771927,29/07/26 06:28
148561744785,188934,272449871,29/07/26 06:28
148561746267,192771,194780930,29/07/26 06:28
148561784875,656894,224831846,29/07/26 06:28
148561779895,170776,272449917,29/07/26 06:28
148561767813,167035,272449915,29/07/26 06:28
148561724659,180204,272449846,29/07/26 06:28
148561766085,167035,272449906,29/07/26 06:28
148561762146,171790,49934760,29/07/26 06:28
148561740695,221263,42523118,29/07/26 06:28
148561760252,43208,272449890,29/07/26 06:28
148561763459,167035,272449901,29/07/26 06:28
148561760595,167035,272449892,29/07/26 06:28
148561721146,20717,272449841,29/07/26 06:28
148561760759,182097,76687918,29/07/26 06:28
148561768046,167035,272245685,29/07/26 06:28
148561760467,202039,130279412,29/07/26 06:28
148561720285,10527,205420737,29/07/26 06:28
148561763575,78843,36853686,29/07/26 06:28
148547896146,121217,68913496,29/07/26 06:28
148561706359,36118,83611407,29/07/26 06:28
148561701213,180385,104761056,29/07/26 06:28
148561703175,186514,272449821,29/07/26 06:28
148543836967,192443,38647606,29/07/26 06:28
148561765252,191056,272449850,29/07/26 06:28
148561699475,184123,118723708,29/07/26 06:28
148561781663,20521,255029173,29/07/26 06:28
148561761985,13675,237418191,29/07/26 06:28
148561781363,88026,252230796,29/07/26 06:28
148561702146,191056,272449817,29/07/26 06:28
148561764159,142270,125277842,29/07/26 06:28
148561743195,44154,136748059,29/07/26 06:28
148561742213,39233,267775876,29/07/26 06:28
148561701095,20717,272449813,29/07/26 06:28
148561687252,184965,14291647,29/07/26 06:28
148561700463,34639,191026593,29/07/26 06:28
148561759795,28652,90925889,29/07/26 06:28
148561763759,167035,272449902,29/07/26 06:28
148561700567,159072,52956459,29/07/26 06:28
148561742075,12085,272449863,29/07/26 06:28
148561721995,180391,272449849,29/07/26 06:28
148561759295,138858,129993375,29/07/26 06:28
148561747975,41556,132918246,29/07/26 06:28
148561687585,190844,183011609,29/07/26 06:28
148561723534,207228,272449810,29/07/26 06:28
148561684752,9829,92740769,29/07/26 06:28
148561704113,119284,65424924,29/07/26 06:28
148561721885,55844,272449844,29/07/26 06:28
148562474563,445774,272450797,29/07/26 06:28
148561704363,32822,188631477,29/07/26 06:28
148561785259,179475,272081071,29/07/26 06:28
148561721446,193584,272449842,29/07/26 06:28
148561707713,144518,41273302,29/07/26 06:28
148561703052,98888,271985087,29/07/26 06:28
148561783895,205064,83445285,29/07/26 06:28
148561702975,10805,143241095,29/07/26 06:28
148561658575,214919,268255930,29/07/26 06:28
148561726475,30022,272449828,29/07/26 06:28
148561746159,20200,272449874,29/07/26 06:28
148561688363,220557,180085041,29/07/26 06:28
148561681885,180331,272335895,29/07/26 06:28
148561705613,193919,25152476,29/07/26 06:28
148561740713,101752,425071,29/07/26 06:28
148561745134,144715,3629880,29/07/26 06:28
148562366467,176586,272450678,29/07/26 06:28
148561746334,178241,50481910,29/07/26 06:28
148561707463,27545,266914423,29/07/26 06:28
148561685075,113922,9492371,29/07/26 06:28
148561741675,257861,272449801,29/07/26 06:28
148561725675,227114,255799940,29/07/26 06:28
148561682385,182097,41249464,29/07/26 06:28
148562443785,180915,148497749,29/07/26 06:28
148561759852,6059,103593844,29/07/26 06:28
148561748034,184953,193322120,29/07/26 06:28
148561741059,20717,270824261,29/07/26 06:28
148561707152,156900,43177179,29/07/26 06:28
148561786495,180664,272269788,29/07/26 06:28
148561743885,11667,148543521,29/07/26 06:28
148561661434,44126,204090866,29/07/26 06:28
148561761359,32785,272449893,29/07/26 06:28
148562363846,183999,272450670,29/07/26 06:28
148562470559,185664,163645426,29/07/26 06:28
148562472495,180204,272450789,29/07/26 06:28
148561699763,5350,49036657,29/07/26 06:28
148561743634,386935,191415499,29/07/26 06:28
148489748459,131746,181767316,29/07/26 06:28
148561744352,203913,78144351,29/07/26 06:28
148561708363,658882,121384993,29/07/26 06:28
148562270363,78797,142211681,29/07/26 06:28
148509822185,4673,22249714,29/07/26 06:28
148562272385,6045,223024045,29/07/26 06:28
148562270146,40047,123399727,29/07/26 06:28
148562271313,50363,101184912,29/07/26 06:28
148562364759,152819,100958236,29/07/26 06:28
148562270846,284698,272450554,29/07/26 06:28
148562364375,34538,20490358,29/07/26 06:28
148561724346,41373,191137416,29/07/26 06:28
148561525285,181154,34754252,29/07/26 06:28
148562405313,12225,160962583,29/07/26 06:28
148562271067,100149,98797397,29/07/26 06:28
148536092913,55981,44928020,29/07/26 06:28
148562400685,50632,219471259,29/07/26 06:28
148562472075,146982,46585543,29/07/26 06:29
148562441685,181160,272450767,29/07/26 06:29
148562477767,442235,272450690,29/07/26 06:29
148562479995,166067,272450809,29/07/26 06:29
148561700695,104100,38774935,29/07/26 06:29
148561651375,23241,213524057,29/07/26 06:29
148561657246,150473,22176051,29/07/26 06:29
148561704875,78597,272449825,29/07/26 06:29
148561688234,167035,270861949,29/07/26 06:29
148561702613,26473,51089878,29/07/26 06:29
148561651175,2780,272449748,29/07/26 06:29
148561652552,143593,272449755,29/07/26 06:29
148561702813,105926,272449811,29/07/26 06:29
148561637767,5004,29852919,29/07/26 06:29
148561687463,191056,272449807,29/07/26 06:29
148561683063,177828,245858789,29/07/26 06:29
148561687734,154555,210597958,29/07/26 06:29
148561638134,35137,260452292,29/07/26 06:29
148561633546,7506,217399120,29/07/26 06:29
148561635652,215137,217062620,29/07/26 06:29
148561633946,148594,66161076,29/07/26 06:29
148561632885,2988,59616970,29/07/26 06:29
148561704267,6039,264795745,29/07/26 06:29
148561636667,188508,272449743,29/07/26 06:29
148561703959,171365,272449803,29/07/26 06:29
148561654746,65643,222907378,29/07/26 06:29
148561679175,4989,77150908,29/07/26 06:29
148561625446,442173,265795847,29/07/26 06:29
148547439013,189876,222761572,29/07/26 06:29
148561679359,132769,99788364,29/07/26 06:29
148547442434,5190,233178291,29/07/26 06:29
148526003552,99248,95873172,29/07/26 06:29
148561637667,132586,65272322,29/07/26 06:29
148547450559,184929,245081977,29/07/26 06:29
148561677495,145580,59142048,29/07/26 06:29
148561658652,167035,272449774,29/07/26 06:29
148561636552,35682,243956676,29/07/26 06:29
148561679746,189931,112044734,29/07/26 06:29
148561679852,78827,272449783,29/07/26 06:29
148561637275,164530,110051814,29/07/26 06:29
148561608775,38054,151883427,29/07/26 06:29
148561684613,10367,38777236,29/07/26 06:29
148547386795,32072,114862410,29/07/26 06:29
148561628275,207562,191595291,29/07/26 06:29
148561656934,132199,35111618,29/07/26 06:29
148561661213,29369,66434448,29/07/26 06:29
148561683734,139737,63892542,29/07/26 06:29
148547347063,34198,55369057,29/07/26 06:29
148561681652,21187,117534898,29/07/26 06:29
148511357834,149111,5519343,29/07/26 06:29
148547283313,65178,19234730,29/07/26 06:29
148561636763,145136,80541677,29/07/26 06:29
148561652085,651837,36055193,29/07/26 06:29
148561657113,27304,205890633,29/07/26 06:29
148561661746,626,101463542,29/07/26 06:29
148561606263,217145,80777021,29/07/26 06:29
148561621446,130018,272449716,29/07/26 06:29
148561688767,20717,272449731,29/07/26 06:29
148561605752,651102,272449680,29/07/26 06:29
148561654046,28421,221082723,29/07/26 06:29
148547854334,188828,9782182,29/07/26 06:29
148561606152,18029,14722970,29/07/26 06:29
148561602952,24145,123866247,29/07/26 06:29
148561651885,445729,257635355,29/07/26 06:29
148561651575,13017,200372299,29/07/26 06:29
148561631146,84725,272449729,29/07/26 06:29
148550250859,180239,242097471,29/07/26 06:29
148561626113,141869,255293974,29/07/26 06:29
148561633446,134123,189241368,29/07/26 06:29
148561650859,183988,117133955,29/07/26 06:29
148549867485,215525,38136824,29/07/26 06:29
148561635367,27542,265051318,29/07/26 06:29
148561632059,442583,267589528,29/07/26 06:29
148548160063,209108,18410718,29/07/26 06:29
148549711713,218964,272288577,29/07/26 06:29
148561629363,41240,64262069,29/07/26 06:29
148561637975,23217,106137873,29/07/26 06:29
148561631059,176586,265600322,29/07/26 06:29
148561601834,443844,48666413,29/07/26 06:29
148561654363,207514,246937407,29/07/26 06:29
148561657046,32457,272449767,29/07/26 06:29
148561658846,32055,60190440,29/07/26 06:29
148561646385,20717,87196955,29/07/26 06:29
148561626063,114345,36893884,29/07/26 06:29
148561631875,179411,158424181,29/07/26 06:29
148562407085,166897,28950171,29/07/26 06:29
148562439534,190222,38774728,29/07/26 06:29
148561703334,37994,270931712,29/07/26 06:29
148562476785,348907,213810204,29/07/26 06:29
148561706452,188148,61881304,29/07/26 06:29
148561759934,186672,272449861,29/07/26 06:29
148561661063,195023,138703215,29/07/26 06:29
148561651963,4167,272449751,29/07/26 06:29
148561611059,89982,124858813,29/07/26 06:29
148562358852,7912,272450658,29/07/26 06:29
148561686985,56263,219842608,29/07/26 06:29
148561654952,177340,252529898,29/07/26 06:29
148561683185,180803,272449794,29/07/26 06:29
148561683875,20607,272449796,29/07/26 06:29
148561682763,181453,272449792,29/07/26 06:29
148562405285,176586,272450723,29/07/26 06:29
148561636063,226940,71446334,29/07/26 06:29
148562480434,167035,272450796,29/07/26 06:29
148561650967,182200,272449746,29/07/26 06:29
148562481046,133074,36678171,29/07/26 06:29
148562477485,85372,217416852,29/07/26 06:29
148562476352,183071,212398328,29/07/26 06:29
148562408034,120988,264278631,29/07/26 06:29
148561672963,181452,272449781,29/07/26 06:29
148562436613,2021,93136954,29/07/26 06:29
148562409385,167035,272450730,29/07/26 06:29
148562480034,151987,125463634,29/07/26 06:29
148562470346,10656,202731429,29/07/26 06:30
148562442659,386935,91749123,29/07/26 06:30
148541624195,192975,71216370,29/07/26 06:30
148535510363,176862,258601364,29/07/26 06:30
148547607067,190906,75912357,29/07/26 06:30
148561582963,2560,31693475,29/07/26 06:30
148561635863,143589,270532192,29/07/26 06:30
148561633759,214827,4707102,29/07/26 06:30
148543847267,180331,53504312,29/07/26 06:30
148489451967,184347,50868721,29/07/26 06:30
148537778167,191124,112105273,29/07/26 06:30
148549415559,140238,226507431,29/07/26 06:30
148561630163,214839,272449725,29/07/26 06:30
148561630595,36247,40049270,29/07/26 06:30
148561581375,4949,183820716,29/07/26 06:30
148561723152,220968,251346840,29/07/26 06:30
148508441775,89638,46928520,29/07/26 06:30
148487709767,142848,225953377,29/07/26 06:30
148547429359,188649,196200749,29/07/26 06:30
148561578213,142329,119930706,29/07/26 06:30
148561685152,3115,272449799,29/07/26 06:30
148547283859,180802,31340893,29/07/26 06:30
148495052513,99333,81352902,29/07/26 06:30
148548795459,656235,153889686,29/07/26 06:30
148543950252,181647,230863147,29/07/26 06:30
148561627785,72799,11671127,29/07/26 06:30
148489006585,3379,244971078,29/07/26 06:30
148561612846,656895,272449715,29/07/26 06:30
148561630852,74917,272449728,29/07/26 06:30
148561687867,20717,272449670,29/07/26 06:30
148496297695,214458,272002305,29/07/26 06:30
148547433852,73789,205715050,29/07/26 06:30
148537936913,181436,77430120,29/07/26 06:30
148547362195,151431,81104783,29/07/26 06:30
148561577652,107863,149340574,29/07/26 06:30
148547364946,134128,82728353,29/07/26 06:30
148561628734,188649,153432757,29/07/26 06:30
148561628875,215236,250705386,29/07/26 06:30
148547426459,452,191184959,29/07/26 06:30
148561602713,9645,269487632,29/07/26 06:30
148547435759,119055,212666695,29/07/26 06:30
148531573663,186655,149913068,29/07/26 06:30
148547435985,154769,211233880,29/07/26 06:30
148541308313,118728,272136159,29/07/26 06:30
148547363867,185514,82635998,29/07/26 06:30
148561629663,20966,272449722,29/07/26 06:30
148561575246,32755,91382421,29/07/26 06:30
148524102513,21815,130303816,29/07/26 06:30
148545417585,206243,266659171,29/07/26 06:30
148543968995,180963,253594770,29/07/26 06:30
148561627563,15729,272449594,29/07/26 06:30
148547353595,29878,66835800,29/07/26 06:30
148512310675,9326,225227915,29/07/26 06:30
148538062985,191963,257527913,29/07/26 06:30
148502598234,220386,93688198,29/07/26 06:30
148561743459,21233,263030607,29/07/26 06:30
148547298634,215591,10422820,29/07/26 06:30
148547344546,261,51956629,29/07/26 06:30
148561606546,180552,272449701,29/07/26 06:30
148547388159,1218,118847997,29/07/26 06:30
148561627363,122215,272449698,29/07/26 06:30
148561610613,181435,32456066,29/07/26 06:30
148490734346,6472,97283572,29/07/26 06:30
148561580846,177406,265900959,29/07/26 06:30
148561609695,180898,148209701,29/07/26 06:30
148561605834,167035,263356678,29/07/26 06:30
148561608552,659497,272449708,29/07/26 06:30
148539789446,3722,224998661,29/07/26 06:30
148492999563,42102,146579535,29/07/26 06:30
148495846063,188909,75538043,29/07/26 06:30
148537754295,163700,47174777,29/07/26 06:30
148561658059,8408,93051932,29/07/26 06:30
148561523452,30758,272449605,29/07/26 06:30
148500237995,32192,241286764,29/07/26 06:30
148561578063,40115,59962671,29/07/26 06:30
148561601975,96335,158896792,29/07/26 06:30
148537826446,35424,272429348,29/07/26 06:30
148537978467,41423,117545849,29/07/26 06:30
148561603095,84153,14143515,29/07/26 06:30
148561634395,88026,57568325,29/07/26 06:30
148561550052,189479,272449639,29/07/26 06:30
148538083546,8673,271199541,29/07/26 06:30
148562482175,4444,141904561,29/07/26 06:30
148490739859,183737,105293431,29/07/26 06:30
148561610552,188702,106310195,29/07/26 06:30
148561604952,714,39775290,29/07/26 06:30
148537660795,80141,253179803,29/07/26 06:30
148562425175,37265,254597582,29/07/26 06:30
148561629146,22614,224451103,29/07/26 06:30
148562476852,132774,272450802,29/07/26 06:30
148562480385,3756,272450810,29/07/26 06:30
148497770313,34,39115008,29/07/26 06:30
148562473746,182685,272450791,29/07/26 06:30
148561576567,184901,24388687,29/07/26 06:30
148561630363,159218,70157106,29/07/26 06:30
148561608367,181995,180719850,29/07/26 06:30
148561602075,39605,194060726,29/07/26 06:30
148561610467,180331,270765513,29/07/26 06:30
148561580713,193192,142666183,29/07/26 06:30
148561630246,94902,272339299,29/07/26 06:30
148562444275,80423,116133040,29/07/26 06:30
148562276185,441911,272450573,29/07/26 06:30
148562276067,184283,272450574,29/07/26 06:31
148562507234,188122,231689868,29/07/26 06:31
148562507346,126590,272040741,29/07/26 06:31
148488144963,8562,87689488,29/07/26 06:31
148537994667,158650,141314135,29/07/26 06:31
148531563267,21006,137848278,29/07/26 06:31
148502136785,185679,209846448,29/07/26 06:31
148489667959,181151,19223997,29/07/26 06:31
148537974963,169817,272429240,29/07/26 06:31
148537980267,69213,118156872,29/07/26 06:31
148537397595,156238,272039228,29/07/26 06:31
148537937695,24132,78183898,29/07/26 06:31
148537975975,113749,272429260,29/07/26 06:31
148498143685,192953,102546784,29/07/26 06:31
148491262395,80805,225858132,29/07/26 06:31
148561582485,23732,272449685,29/07/26 06:31
148499035763,42526,109473450,29/07/26 06:31
148493724259,207387,70022831,29/07/26 06:31
148537990259,446152,134761933,29/07/26 06:31
148537571167,151865,88305737,29/07/26 06:31
148499810585,169091,263759871,29/07/26 06:31
148495361067,187935,27444236,29/07/26 06:31
148494317752,187103,64307471,29/07/26 06:31
148535440752,443408,92299125,29/07/26 06:31
148537509663,34036,12490898,29/07/26 06:31
148527215852,146952,155798954,29/07/26 06:31
148537741167,788,16323873,29/07/26 06:31
148561571575,214584,9830955,29/07/26 06:31
148561527775,132574,110889971,29/07/26 06:31
148561575475,24707,272449662,29/07/26 06:31
148561518795,69957,46668902,29/07/26 06:31
148561575146,223231,257830812,29/07/26 06:31
148561578867,445988,94683562,29/07/26 06:31
148561527695,141398,159418199,29/07/26 06:31
148561528975,36376,269327712,29/07/26 06:31
148497897585,106710,122221937,29/07/26 06:31
148561490213,85229,201906549,29/07/26 06:31
148561575895,26545,199517989,29/07/26 06:31
148537872446,156296,7034883,29/07/26 06:31
148561607134,182285,272449657,29/07/26 06:31
148561577113,659202,267913733,29/07/26 06:31
148561521659,18592,272449602,29/07/26 06:31
148537952834,84726,96959218,29/07/26 06:31
148561575934,28098,128340582,29/07/26 06:31
148561574034,55220,252497158,29/07/26 06:31
148561576463,10573,25719201,29/07/26 06:31
148561577952,183290,19223265,29/07/26 06:31
148561702059,167035,272449648,29/07/26 06:31
148561522752,9415,233318468,29/07/26 06:31
148561571152,655068,245210793,29/07/26 06:31
148561552395,151069,52103015,29/07/26 06:31
148561552295,21277,128394356,29/07/26 06:31
148561492259,167768,88866602,29/07/26 06:31
148561553663,146,224882840,29/07/26 06:31
148561490863,652084,57861485,29/07/26 06:31
148561574263,73648,146247806,29/07/26 06:31
148561574746,209069,94143081,29/07/26 06:31
148561573459,167511,272449480,29/07/26 06:31
148561506995,129249,220830629,29/07/26 06:31
148538065267,655412,260052374,29/07/26 06:31
148561545513,118728,225663300,29/07/26 06:31
148562304667,1026,110035292,29/07/26 06:31
148561489846,147709,25924432,29/07/26 06:31
148561494785,164769,223463971,29/07/26 06:31
148561545395,186620,272449630,29/07/26 06:31
148561549259,118493,78009727,29/07/26 06:31
148561553963,278486,272443223,29/07/26 06:31
148561571246,99630,265651499,29/07/26 06:31
148561578695,68013,56408946,29/07/26 06:31
148561528346,186999,190359408,29/07/26 06:31
148561547413,168563,116778759,29/07/26 06:31
148561545675,8810,195314608,29/07/26 06:31
148561482375,5190,185988679,29/07/26 06:31
148561487775,158922,23808824,29/07/26 06:31
148561544352,183635,272449627,29/07/26 06:31
148561489385,184972,40686822,29/07/26 06:31
148561490652,33329,109810805,29/07/26 06:31
148561546575,170776,272449632,29/07/26 06:31
148561546675,183008,272449624,29/07/26 06:31
148561547267,446300,272449633,29/07/26 06:31
148561483752,64792,214575889,29/07/26 06:31
148561518452,214490,184736518,29/07/26 06:31
148548471213,652862,272437715,29/07/26 06:31
148562373067,139150,76437381,29/07/26 06:31
148561493895,107334,159877639,29/07/26 06:31
148562367946,205065,272450679,29/07/26 06:31
148537910475,182397,47433227,29/07/26 06:31
148562393934,95049,272450703,29/07/26 06:31
148562367485,187064,253345255,29/07/26 06:31
148561527975,129317,78272873,29/07/26 06:31
148561527375,148520,63389425,29/07/26 06:31
148561494495,3275,272449589,29/07/26 06:31
148562275759,205353,203430998,29/07/26 06:31
148561478759,35497,239950517,29/07/26 06:31
148561582295,65222,252454766,29/07/26 06:31
148561571685,658801,272449654,29/07/26 06:31
148562277552,89720,193442592,29/07/26 06:31
148562393167,183999,272450689,29/07/26 06:31
148562273546,222683,41064725,29/07/26 06:31
148562246985,7512,272450476,29/07/26 06:31
148561517985,652317,18160755,29/07/26 06:31
148561544846,168271,272449628,29/07/26 06:31
148561571367,655742,242684584,29/07/26 06:31
148561601113,324699,272449688,29/07/26 06:31
148562396063,86370,236109861,29/07/26 06:31
148561526363,25666,87261925,29/07/26 06:31
148562303852,207331,240367678,29/07/26 06:31
148561545485,41240,243323190,29/07/26 06:31
148562276275,650520,232864521,29/07/26 06:31
148562486375,114087,66456182,29/07/26 06:31
148562304113,2603,159772668,29/07/26 06:31
148561545846,69528,222329191,29/07/26 06:31
148561480195,192304,35504297,29/07/26 06:31
148562431767,443000,272450735,29/07/26 06:31
148562484275,27304,266844827,29/07/26 06:31
148562482885,184101,153869491,29/07/26 06:31
148562430975,221807,249151153,29/07/26 06:31
148562509446,88491,114781614,29/07/26 06:31
148562312552,42601,213115193,29/07/26 06:31
148562444363,142451,156600439,29/07/26 06:31
148562273446,42903,244027036,29/07/26 06:31
148562432563,214458,190018463,29/07/26 06:31
148506175213,1012,56531726,29/07/26 06:31
148562303285,36887,112201813,29/07/26 06:32
148561464059,167035,272449557,29/07/26 06:32
148561526167,441849,89980028,29/07/26 06:32
148562433046,157092,252523024,29/07/26 06:32
148561479375,158222,257475916,29/07/26 06:32
148561462763,167095,135479158,29/07/26 06:32
148561456446,25893,10371776,29/07/26 06:32
148561491675,188975,29378588,29/07/26 06:32
148561489213,37171,272449577,29/07/26 06:32
148561421652,215896,145494447,29/07/26 06:32
148561522163,212981,269552336,29/07/26 06:32
148561517695,167429,87879336,29/07/26 06:32
148561544185,445746,257105840,29/07/26 06:32
148561518175,218523,261726970,29/07/26 06:32
148561519395,191432,30079265,29/07/26 06:32
148561453567,10219,217231106,29/07/26 06:32
148561453213,35071,163022784,29/07/26 06:32
148561451934,209104,225842216,29/07/26 06:32
148561460295,1318,156695162,29/07/26 06:32
148561460885,187628,87937436,29/07/26 06:32
148561424946,445472,66578637,29/07/26 06:32
148561490095,203425,87391307,29/07/26 06:32
148561426075,191564,225713422,29/07/26 06:32
148561458159,84725,91297708,29/07/26 06:32
148561456852,3441,37316183,29/07/26 06:32
148561478975,143076,272449560,29/07/26 06:32
148561421134,143085,121514284,29/07/26 06:32
148561453934,14054,270986199,29/07/26 06:32
148561482246,14043,96658632,29/07/26 06:32
148561485795,42900,191097626,29/07/26 06:32
148561489713,177386,249084313,29/07/26 06:32
148561416875,192242,267226636,29/07/26 06:32
148561426813,165811,10973015,29/07/26 06:32
148561489495,177406,89693931,29/07/26 06:32
148561487913,40208,218296584,29/07/26 06:32
148561479834,167035,272449422,29/07/26 06:32
148561493367,189350,234070191,29/07/26 06:32
148561455152,24565,110609950,29/07/26 06:32
148561463013,156035,272449555,29/07/26 06:32
148561479513,7720,270926887,29/07/26 06:32
148561416946,98775,242581844,29/07/26 06:32
148561451167,33675,113581483,29/07/26 06:32
148561547013,1124,69243146,29/07/26 06:32
148561485346,154028,109803660,29/07/26 06:32
148561480446,8243,269617169,29/07/26 06:32
148561458475,187974,15367484,29/07/26 06:32
148561420667,203420,100746515,29/07/26 06:32
148561517067,40544,7413362,29/07/26 06:32
148561456285,1541,70862800,29/07/26 06:32
148561462113,223127,35687552,29/07/26 06:32
148561486759,10001,135227238,29/07/26 06:32
148561461713,99358,240330978,29/07/26 06:32
148561419785,2445,27665162,29/07/26 06:32
148561421395,95703,227737250,29/07/26 06:32
148511885734,36498,107303019,29/07/26 06:32
148561418152,27732,39975677,29/07/26 06:32
148561453013,24944,272264901,29/07/26 06:32
148561414867,149776,20625028,29/07/26 06:32
148561427446,33628,272449520,29/07/26 06:32
148561387867,185865,272449485,29/07/26 06:32
148561401767,176229,225994138,29/07/26 06:32
148561387246,514,13062979,29/07/26 06:32
148561389795,444530,270324786,29/07/26 06:32
148561487034,31157,31290669,29/07/26 06:32
148561428034,139025,11894699,29/07/26 06:32
148561388446,258165,262463496,29/07/26 06:32
148561475995,191558,183807848,29/07/26 06:32
148561520295,188428,272449512,29/07/26 06:32
148561461167,1691,117553059,29/07/26 06:32
148561456652,171375,272449535,29/07/26 06:32
148561489595,142451,195924833,29/07/26 06:32
148561545767,215178,246407818,29/07/26 06:32
148561544652,35310,4196715,29/07/26 06:32
148561417575,9510,271187814,29/07/26 06:32
148561456013,7720,263132159,29/07/26 06:32
148561455463,28733,272449533,29/07/26 06:32
148561454467,166672,27627870,29/07/26 06:32
148562471059,27592,192099978,29/07/26 06:32
148561383852,169391,272449476,29/07/26 06:32
148561452213,30009,60213924,29/07/26 06:32
148562479852,42721,201873362,29/07/26 06:32
148561452546,658818,100013932,29/07/26 06:32
148561462975,180204,272260616,29/07/26 06:32
148561632375,106231,33638991,29/07/26 06:32
148561456334,189350,124732647,29/07/26 06:32
148562472652,38882,251165394,29/07/26 06:32
148547960652,2663,196357460,29/07/26 06:32
148561527163,142462,23517019,29/07/26 06:32
148562394952,218108,14969685,29/07/26 06:32
148561458959,32753,58473375,29/07/26 06:32
148562399946,186241,240677365,29/07/26 06:32
148562399846,217438,190996806,29/07/26 06:32
148561525385,23758,226214728,29/07/26 06:32
148562397013,185738,100480956,29/07/26 06:32
148562305063,113798,78651120,29/07/26 06:32
148562398646,19191,272450712,29/07/26 06:32
148561486546,35666,33071433,29/07/26 06:32
148562398534,177369,3617793,29/07/26 06:32
148562509952,33012,272450824,29/07/26 06:32
148562508734,8862,132874602,29/07/26 06:32
148562454759,7170,61435051,29/07/26 06:32
148562511813,84589,36655775,29/07/26 06:32
148490782152,1861,199599578,29/07/26 06:32
148562512695,21781,40108178,29/07/26 06:32
148556477313,23505,222958737,29/07/26 06:32
148561486159,167122,242318478,29/07/26 06:32
148562398746,96482,267305273,29/07/26 06:32
148541909934,2445,5727516,29/07/26 06:33
148562507567,102077,34726043,29/07/26 06:33
148562515513,176580,266350805,29/07/26 06:33
148562394459,137791,272450704,29/07/26 06:33
148562434785,9100,147220398,29/07/26 06:33
148561376534,35051,113789852,29/07/26 06:33
148561379746,39801,23275467,29/07/26 06:33
148561377085,134122,129641513,29/07/26 06:33
148561381352,656418,85827056,29/07/26 06:33
148561337285,187170,253785664,29/07/26 06:33
148561489967,190099,154639904,29/07/26 06:33
148561366759,42097,272449461,29/07/26 06:33
148561353263,145219,84301712,29/07/26 06:33
148561354313,64833,116327181,29/07/26 06:33
148561377263,650020,232564948,29/07/26 06:33
148561352852,656964,272449457,29/07/26 06:33
148561422113,20607,7800901,29/07/26 06:33
148561389534,39408,272449489,29/07/26 06:33
148561387967,150642,46042848,29/07/26 06:33
148561349834,25993,201071752,29/07/26 06:33
148561374985,165927,111354733,29/07/26 06:33
148561411585,180898,21489182,29/07/26 06:33
148561420867,4904,180330878,29/07/26 06:33
148561375546,149202,272449463,29/07/26 06:33
148561416795,654641,86843612,29/07/26 06:33
148561341775,42729,272449428,29/07/26 06:33
148561420295,35424,157357559,29/07/26 06:33
148561345895,177402,92152877,29/07/26 06:33
148550390213,87547,37450202,29/07/26 06:33
148561345785,43170,143964673,29/07/26 06:33
148561402346,193973,116863395,29/07/26 06:33
148561375059,25495,52184362,29/07/26 06:33
148561346095,2269,150625417,29/07/26 06:33
148561384059,3324,155311283,29/07/26 06:33
148561340346,45885,115588450,29/07/26 06:33
148561340159,152071,94977830,29/07/26 06:33
148561412552,2385,232928776,29/07/26 06:33
148561312167,143790,241910978,29/07/26 06:33
148561350767,20757,142562528,29/07/26 06:33
148561398613,183472,54061217,29/07/26 06:33
148561386567,189133,154990922,29/07/26 06:33
148561389267,659202,272449488,29/07/26 06:33
148561478067,36079,271760897,29/07/26 06:33
148561273885,6642,29665928,29/07/26 06:33
148561388275,219369,134433597,29/07/26 06:33
148561307785,362799,61096241,29/07/26 06:33
148561385263,36484,272449479,29/07/26 06:33
148561346875,215576,123893741,29/07/26 06:33
148561455263,194982,226647020,29/07/26 06:33
148561345959,156023,270768435,29/07/26 06:33
148561386085,167090,272449482,29/07/26 06:33
148561382763,24801,235706635,29/07/26 06:33
148561380246,77790,139926605,29/07/26 06:33
148561341475,147657,90121619,29/07/26 06:33
148561387413,36939,76357201,29/07/26 06:33
148561354163,53319,55332271,29/07/26 06:33
148561338413,160822,50776967,29/07/26 06:33
148561383967,42033,272449477,29/07/26 06:33
148561307834,440393,6616777,29/07/26 06:33
148561303075,4805,272449314,29/07/26 06:33
148561376413,139360,153199539,29/07/26 06:33
148561426663,74006,247178428,29/07/26 06:33
148561413095,181851,272449468,29/07/26 06:33
148561388552,85002,128256411,29/07/26 06:33
148561352167,150665,272449290,29/07/26 06:33
148561378263,220508,207963613,29/07/26 06:33
148561515034,227968,55738509,29/07/26 06:33
148561349685,183964,272449451,29/07/26 06:33
148561382075,219289,270937654,29/07/26 06:33
148561455934,164912,95807027,29/07/26 06:33
148561417995,652121,61622379,29/07/26 06:33
148561274867,190852,253249504,29/07/26 06:33
148561348795,104878,185030928,29/07/26 06:33
148561313046,143414,66327941,29/07/26 06:33
148562403285,41837,271561789,29/07/26 06:33
148561338195,217062,270858328,29/07/26 06:33
148561311552,52897,205092361,29/07/26 06:33
148543889363,107229,109362058,29/07/26 06:33
148561313613,209044,12429307,29/07/26 06:33
148561377634,193218,28497458,29/07/26 06:33
148561377759,85081,150896032,29/07/26 06:33
148561418567,16357,226451275,29/07/26 06:33
148562401985,180509,272450632,29/07/26 06:33
148561280646,142603,123013839,29/07/26 06:33
148561412446,168540,106862938,29/07/26 06:33
148561376913,84276,94657620,29/07/26 06:33
148561350313,4989,272449452,29/07/26 06:33
148561420963,24804,8059061,29/07/26 06:33
148561311963,191975,103133004,29/07/26 06:33
148561345667,18682,24142144,29/07/26 06:33
148561349795,20907,85532915,29/07/26 06:33
148561344875,159239,272449438,29/07/26 06:33
148561272763,35223,272449368,29/07/26 06:33
148561528134,30675,271386075,29/07/26 06:33
148561376334,186336,104947963,29/07/26 06:33
148561382563,5531,272449473,29/07/26 06:33
148562154946,1575,272450385,29/07/26 06:33
148562513875,167329,43415457,29/07/26 06:33
148561348075,2528,42136230,29/07/26 06:33
148561421285,42965,110115626,29/07/26 06:33
148561411759,216780,13910677,29/07/26 06:33
148561343946,29938,43158224,29/07/26 06:33
148562466246,152943,96022541,29/07/26 06:33
148562477052,24669,272450803,29/07/26 06:33
148562476613,20607,224463878,29/07/26 06:33
148562470946,188738,254746940,29/07/26 06:33
148561412995,6138,272449478,29/07/26 06:33
148562437275,38703,235606115,29/07/26 06:33
148562440067,11970,46117094,29/07/26 06:33
148562480975,6797,186644511,29/07/26 06:33
148562513952,181316,189028109,29/07/26 06:33
148561350095,88084,242888079,29/07/26 06:34
148561268167,138649,272449359,29/07/26 06:34
148521795363,35712,27824176,29/07/26 06:34
148561275175,187759,189486892,29/07/26 06:34
148561338534,42469,272449424,29/07/26 06:34
148561338946,121149,100843094,29/07/26 06:34
148561303863,95309,272449392,29/07/26 06:34
148561347885,21244,61984157,29/07/26 06:34
148561272259,445988,272449371,29/07/26 06:34
148561345434,138734,272449442,29/07/26 06:34
148561349363,137946,137378996,29/07/26 06:34
148496342063,30167,2135349,29/07/26 06:34
148506282659,180890,265040758,29/07/26 06:34
148561389159,172205,131893132,29/07/26 06:34
148561344775,157394,272449437,29/07/26 06:34
148561307646,13675,223845507,29/07/26 06:34
148561339585,142233,231841163,29/07/26 06:34
148561270667,80493,125862460,29/07/26 06:34
148561308559,42466,235356297,29/07/26 06:34
148561341995,11877,58995076,29/07/26 06:34
148562475663,222693,212863579,29/07/26 06:34
148561265063,650550,253331091,29/07/26 06:34
148561241267,222900,84960982,29/07/26 06:34
148561308495,135878,216777916,29/07/26 06:34
148561241652,139057,272449339,29/07/26 06:34
148561311463,2904,152174136,29/07/26 06:34
148561307385,15548,249107129,29/07/26 06:34
148561240485,41694,263818527,29/07/26 06:34
148561241095,185826,272303371,29/07/26 06:34
148522386385,25,60222369,29/07/26 06:34
148561384513,167660,222509018,29/07/26 06:34
148522327513,87869,148081259,29/07/26 06:34
148522227152,72625,23361522,29/07/26 06:34
148561269295,193149,272449365,29/07/26 06:34
148561341395,84559,252548007,29/07/26 06:34
148561276459,140059,272449378,29/07/26 06:34
148561272146,122229,32102257,29/07/26 06:34
148561270713,149724,66444182,29/07/26 06:34
148561308063,443698,127141266,29/07/26 06:34
148561338885,274462,107659049,29/07/26 06:34
148561263613,206220,104012872,29/07/26 06:34
148561234146,72906,91643589,29/07/26 06:34
148561268695,195041,200040628,29/07/26 06:34
148561306259,37372,145685198,29/07/26 06:34
148561270252,14456,47954291,29/07/26 06:34
148561310359,134235,268246402,29/07/26 06:34
148561227552,177942,50893390,29/07/26 06:34
148561339059,652556,272449360,29/07/26 06:34
148561300059,41240,108579289,29/07/26 06:34
148561276285,180839,59656880,29/07/26 06:34
148561311063,182748,220377038,29/07/26 06:34
148522370546,34654,221614666,29/07/26 06:34
148561276713,655418,272449379,29/07/26 06:34
148561267363,184855,244376506,29/07/26 06:34
148561350959,656543,270682726,29/07/26 06:34
148522249263,36131,44768385,29/07/26 06:34
148561309695,651826,162307121,29/07/26 06:34
148561263585,40364,272449348,29/07/26 06:34
148561277746,161341,272449382,29/07/26 06:34
148561306646,165711,82218789,29/07/26 06:34
148561226513,96517,30771964,29/07/26 06:34
148561265875,1425,272449354,29/07/26 06:34
148561287785,185012,138495916,29/07/26 06:34
148561339834,34896,263888778,29/07/26 06:34
148561264446,1262,107049653,29/07/26 06:34
148561313885,22200,154076986,29/07/26 06:34
148545624446,652317,62017867,29/07/26 06:34
148561262467,9997,272449343,29/07/26 06:34
148561302685,3056,130811779,29/07/26 06:34
148561277263,110557,72305776,29/07/26 06:34
148561262295,160228,272449266,29/07/26 06:34
148561225013,145057,97469214,29/07/26 06:34
148561350475,137262,25901867,29/07/26 06:34
148561264863,220253,272449352,29/07/26 06:34
148561275985,87663,141973444,29/07/26 06:34
148561265395,42707,186447468,29/07/26 06:34
148561196652,187396,103360908,29/07/26 06:34
148561266713,27304,242581937,29/07/26 06:34
148561196767,172654,272305185,29/07/26 06:34
148561312913,141333,35905052,29/07/26 06:34
148562405534,31208,26878827,29/07/26 06:34
148561767734,7170,214080200,29/07/26 06:34
148562516059,78347,264112330,29/07/26 06:34
148562406046,179475,271766748,29/07/26 06:34
148561426467,141700,57357045,29/07/26 06:34
148561301175,235703,271670232,29/07/26 06:34
148561304859,189973,272449397,29/07/26 06:34
148561309575,215245,272449407,29/07/26 06:34
148561303213,1841,132592348,29/07/26 06:34
148561235763,140227,29616202,29/07/26 06:34
148562310252,650293,272450594,29/07/26 06:34
148561275475,49823,104464858,29/07/26 06:34
148519109963,42917,272416452,29/07/26 06:34
148562324267,187894,182529208,29/07/26 06:34
148562403485,652387,155531624,29/07/26 06:34
148562315495,1318,252129411,29/07/26 06:34
148562309834,223004,153165621,29/07/26 06:34
148561270313,189562,119749020,29/07/26 06:34
148562307959,188397,10834597,29/07/26 06:34
148562402013,6853,106371599,29/07/26 06:34
148562305395,33594,272450582,29/07/26 06:34
148562307175,44174,232621428,29/07/26 06:34
148562310059,651585,269697860,29/07/26 06:34
148561265646,178199,62931378,29/07/26 06:34
148562401052,445356,60961637,29/07/26 06:34
148562402275,55242,86722219,29/07/26 06:34
148561295775,165995,190529654,29/07/26 06:34
148562440463,9792,223485950,29/07/26 06:34
148562523352,8305,248614954,29/07/26 06:34
148562509385,650086,14563460,29/07/26 06:34
148562307852,27828,272450589,29/07/26 06:34
148561339413,258045,146479866,29/07/26 06:34
148562482495,85002,63507076,29/07/26 06:34
148562514059,88203,62792573,29/07/26 06:34
148562438334,42998,118031687,29/07/26 06:34
148562511795,159530,270898597,29/07/26 06:34
148562515075,136152,188458261,29/07/26 06:34
148562518375,170459,272450850,29/07/26 06:34
148562516546,187172,272450844,29/07/26 06:34
148516475195,7518,180118486,29/07/26 06:35
148562525495,182047,271209236,29/07/26 06:35
148561186067,30476,272449269,29/07/26 06:35
148561269046,220894,235774017,29/07/26 06:35
148521684613,41298,93595945,29/07/26 06:35
148561273334,42660,131130068,29/07/26 06:35
148521737967,212655,182246705,29/07/26 06:35
148561143652,31237,50836619,29/07/26 06:35
148561231846,214947,271476708,29/07/26 06:35
148561272667,17092,185060365,29/07/26 06:35
148561234295,85047,262952065,29/07/26 06:35
148561189234,22266,27728694,29/07/26 06:35
148561136575,830,37953017,29/07/26 06:35
148522458246,180549,152348213,29/07/26 06:35
148495033159,30353,36112229,29/07/26 06:35
148561268063,11991,68932366,29/07/26 06:35
148522248185,78465,43338154,29/07/26 06:35
148519834695,177206,265487860,29/07/26 06:35
148520494495,205076,73393189,29/07/26 06:35
148561190167,656774,11135293,29/07/26 06:35
148561185534,43808,200108875,29/07/26 06:35
148561226663,34768,241209237,29/07/26 06:35
148561106846,145249,56670255,29/07/26 06:35
148522483563,181017,256936820,29/07/26 06:35
148561305085,139607,142136617,29/07/26 06:35
148519655013,94626,123041143,29/07/26 06:35
148561187995,144499,103945914,29/07/26 06:35
148561146875,184321,49495734,29/07/26 06:35
148522443952,445380,270627305,29/07/26 06:35
148522459634,182074,181539488,29/07/26 06:35
148561187346,129249,207563427,29/07/26 06:35
148522402234,122454,247607186,29/07/26 06:35
148519706746,652447,271701623,29/07/26 06:35
148561185913,74006,272449268,29/07/26 06:35
148522330546,164016,154294922,29/07/26 06:35
148561240359,147255,272449337,29/07/26 06:35
148518631334,18682,78882993,29/07/26 06:35
148561193913,37372,186256543,29/07/26 06:35
148519444367,155463,143568191,29/07/26 06:35
148561165159,149773,2353701,29/07/26 06:35
148502953834,1167,92434948,29/07/26 06:35
148522261575,40822,59887313,29/07/26 06:35
148521819963,152852,96598236,29/07/26 06:35
148561229575,43268,46027815,29/07/26 06:35
148522452213,40317,140049781,29/07/26 06:35
148561197546,185399,182686588,29/07/26 06:35
148561194152,24514,272449298,29/07/26 06:35
148518972085,158880,247657302,29/07/26 06:35
148521881759,43849,272417401,29/07/26 06:35
148518992134,193720,266528243,29/07/26 06:35
148519376646,35684,262903731,29/07/26 06:35
148521723667,159790,145763261,29/07/26 06:35
148521687767,158061,97099569,29/07/26 06:35
148561238475,35137,133617209,29/07/26 06:35
148561153359,95808,47523744,29/07/26 06:35
148561240852,165860,234081199,29/07/26 06:35
148493292663,650440,110910058,29/07/26 06:35
148561266375,153915,261302674,29/07/26 06:35
148521852775,9597,222294814,29/07/26 06:35
148521701763,28208,115643455,29/07/26 06:35
148506274985,16053,254401738,29/07/26 06:35
148489198767,164530,71099347,29/07/26 06:35
148561233895,243899,272449319,29/07/26 06:35
148561240959,37848,106374891,29/07/26 06:35
148518933034,185686,189836635,29/07/26 06:35
148520036895,38613,94199334,29/07/26 06:35
148561147659,34885,154607588,29/07/26 06:35
148561227352,653178,246059674,29/07/26 06:35
148561233375,182618,272449012,29/07/26 06:35
148561237195,36358,272449332,29/07/26 06:35
148561149452,146876,5729031,29/07/26 06:35
148561191563,86309,244164168,29/07/26 06:35
148561193546,24484,222508741,29/07/26 06:35
148561191952,181802,186635341,29/07/26 06:35
148561238234,68928,240812838,29/07/26 06:35
148561235175,203207,29712540,29/07/26 06:35
148561147546,68843,30611731,29/07/26 06:35
148561144967,184961,272449238,29/07/26 06:35
148561190895,188738,272449283,29/07/26 06:35
148561272867,652483,269694035,29/07/26 06:35
148561188534,99248,29214423,29/07/26 06:35
148561427585,1318,272449258,29/07/26 06:35
148561264252,18504,256310620,29/07/26 06:35
148562315285,179669,272450481,29/07/26 06:35
148561237813,85968,269580559,29/07/26 06:35
148561194695,116261,268297148,29/07/26 06:35
148561241175,446125,163870957,29/07/26 06:35
148562325363,278128,126099938,29/07/26 06:35
148562521859,42195,96924949,29/07/26 06:35
148561233234,179684,216054849,29/07/26 06:35
148562513467,64988,245734943,29/07/26 06:35
148561305463,192514,272449221,29/07/26 06:35
148562407952,70082,272450725,29/07/26 06:35
148561235352,172533,122428646,29/07/26 06:35
148562483367,86341,4720081,29/07/26 06:35
148561494275,176586,272449588,29/07/26 06:35
148562525163,80130,27652022,29/07/26 06:35
148562521685,80941,246732297,29/07/26 06:35
148561241475,145574,254728527,29/07/26 06:35
148513932795,18299,103657513,29/07/26 06:35
148562512146,658834,265836163,29/07/26 06:35
148543806552,11035,19737237,29/07/26 06:35
148562521334,229366,272450859,29/07/26 06:35
148562522275,163575,272450862,29/07/26 06:35
148562484546,132943,193957261,29/07/26 06:35
148515859563,152559,37044073,29/07/26 06:35
148562520067,188016,272450857,29/07/26 06:36
148562524075,156924,148266327,29/07/26 06:36
148561783295,191056,248301996,29/07/26 06:36
148562485867,27304,271332616,29/07/26 06:36
148562470775,141722,10346828,29/07/26 06:36
148562521567,183886,272450843,29/07/26 06:36
148562550067,216898,271480315,29/07/26 06:36
148562550552,180620,2450988,29/07/26 06:36
148498025246,650475,204504775,29/07/26 06:36
148561228695,98946,272449309,29/07/26 06:36
148561142585,12396,188925779,29/07/26 06:36
148561094034,164685,135533556,29/07/26 06:36
148561232363,160393,272449317,29/07/26 06:36
148519963385,160093,7397663,29/07/26 06:36
148520289313,27044,222705834,29/07/26 06:36
148561227285,221332,272449308,29/07/26 06:36
148520026685,64914,81261101,29/07/26 06:36
148561228513,135648,182802734,29/07/26 06:36
148561191846,140311,131889651,29/07/26 06:36
148561231252,18535,15963975,29/07/26 06:36
148561351459,149032,55324412,29/07/26 06:36
148561232446,141253,272212608,29/07/26 06:36
148561191375,43850,257725556,29/07/26 06:36
148519370585,187616,255554189,29/07/26 06:36
148520234352,30917,43489930,29/07/26 06:36
148562313485,161738,138197546,29/07/26 06:36
148528596546,32679,87240086,29/07/26 06:36
148561229385,191866,135855822,29/07/26 06:36
148561107913,177578,272449132,29/07/26 06:36
148561194952,206309,240687356,29/07/26 06:36
148561139646,167429,26398238,29/07/26 06:36
148561223667,8980,39789339,29/07/26 06:36
148561232052,184064,139330302,29/07/26 06:36
148561147459,158304,136081979,29/07/26 06:36
148561225175,19756,25984781,29/07/26 06:36
148561196234,195041,144676025,29/07/26 06:36
148520291259,192488,234359289,29/07/26 06:36
148520224763,38438,25520656,29/07/26 06:36
148561136285,180202,210352333,29/07/26 06:36
148561138267,43237,226194440,29/07/26 06:36
148520277685,56268,164208134,29/07/26 06:36
148500122459,2507,28327638,29/07/26 06:36
148520040567,193622,98200721,29/07/26 06:36
148561229713,161871,271709495,29/07/26 06:36
148561192567,158304,92245492,29/07/26 06:36
148561106295,216799,160561271,29/07/26 06:36
148519605695,44146,58382360,29/07/26 06:36
148561136085,179191,39593517,29/07/26 06:36
148522329859,84651,152976791,29/07/26 06:36
148561191663,189881,272449288,29/07/26 06:36
148561213613,171199,125684452,29/07/26 06:36
148561197763,44126,97199746,29/07/26 06:36
148518794559,25961,21432165,29/07/26 06:36
148487841167,120919,35253260,29/07/26 06:36
148561068113,445347,71635880,29/07/26 06:36
148561153246,37701,215823631,29/07/26 06:36
148519678867,10017,160760457,29/07/26 06:36
148561105175,5521,149528765,29/07/26 06:36
148561146775,43652,16181047,29/07/26 06:36
148561101952,10356,229960198,29/07/26 06:36
148561169634,28702,79550547,29/07/26 06:36
148561101146,213469,189479127,29/07/26 06:36
148561188885,74917,142200434,29/07/26 06:36
148561103863,50414,125423377,29/07/26 06:36
148561102646,653514,272449201,29/07/26 06:36
148561196563,6059,53528994,29/07/26 06:36
148561176063,156283,272449260,29/07/26 06:36
148561099234,138331,127974346,29/07/26 06:36
148561161752,13405,248763013,29/07/26 06:36
148561187152,164015,245972362,29/07/26 06:36
148561197185,166097,239099704,29/07/26 06:36
148561067063,11139,138845023,29/07/26 06:36
148518807885,38995,33844235,29/07/26 06:36
148561095975,13613,268597357,29/07/26 06:36
148561225367,20717,272449259,29/07/26 06:36
148561147795,190939,189464220,29/07/26 06:36
148561101275,114252,224614667,29/07/26 06:36
148561184459,42707,75349066,29/07/26 06:36
148561181834,183257,272449262,29/07/26 06:36
148561302475,5145,218009603,29/07/26 06:36
148561183213,157348,68276894,29/07/26 06:36
148561157452,653917,145388987,29/07/26 06:36
148562408534,69621,80370616,29/07/26 06:36
148561266659,171199,272449265,29/07/26 06:36
148561184113,31989,68165791,29/07/26 06:36
148561183863,184298,272260109,29/07/26 06:36
148561064967,193863,118941763,29/07/26 06:36
148517616667,138450,212075926,29/07/26 06:36
148562524475,185408,107176654,29/07/26 06:36
148561274713,102133,240108862,29/07/26 06:36
148561149752,26733,272449249,29/07/26 06:36
148561053346,182668,269596524,29/07/26 06:36
148562314995,89720,272450577,29/07/26 06:36
148561101659,207557,130137818,29/07/26 06:36
148561261885,136667,242725583,29/07/26 06:36
148561228967,215387,101169534,29/07/26 06:36
148520638763,41794,272417582,29/07/26 06:36
148562469634,136033,141381743,29/07/26 06:36
148562408459,445774,222805130,29/07/26 06:36
148561224952,148768,269242033,29/07/26 06:36
148561094285,651317,149934074,29/07/26 06:36
148561226834,105825,270437577,29/07/26 06:36
148561095152,215898,225378796,29/07/26 06:36
148562314146,184485,272450599,29/07/26 06:36
148562314346,191228,224648493,29/07/26 06:36
148562404046,183983,87544213,29/07/26 06:36
148562358452,126590,257752843,29/07/26 06:36
148562405852,221406,210212014,29/07/26 06:36
148561183375,32091,259274008,29/07/26 06:36
148561182546,20710,272449263,29/07/26 06:36
148562409746,655898,106518321,29/07/26 06:36
148562323559,107229,272450610,29/07/26 06:36
148562430163,177435,272450741,29/07/26 06:36
148562472134,109756,40627742,29/07/26 06:36
148562406875,178046,225349286,29/07/26 06:36
148562358685,183472,139215463,29/07/26 06:36
148562554063,43930,193298746,29/07/26 06:36
148562325267,208858,52413907,29/07/26 06:36
148562472385,994,104842990,29/07/26 06:36
148562427263,43200,104590357,29/07/26 06:36
148562324734,127494,258032291,29/07/26 06:36
148562324552,27304,272450613,29/07/26 06:36
148510217634,146600,13869668,29/07/26 06:36
148562426685,108453,162663632,29/07/26 06:36
148562530995,121041,150495275,29/07/26 06:36
148562509275,23834,132707970,29/07/26 06:36
148547702085,10479,235658160,29/07/26 06:36
148561636285,180204,272449300,29/07/26 06:36
148562510185,182768,235135680,29/07/26 06:36
148562550885,30887,249043866,29/07/26 06:36
148562472967,7240,247030233,29/07/26 06:36
148562469452,184879,272450788,29/07/26 06:36
148562522513,53559,258376937,29/07/26 06:36
148562551546,140004,105559759,29/07/26 06:37
148561171446,185730,208283087,29/07/26 06:37
148518858063,100269,84817454,29/07/26 06:37
148518915713,444998,153757018,29/07/26 06:37
148561090546,183818,201806383,29/07/26 06:37
148518999585,185749,270353726,29/07/26 06:37
148561150785,10007,272449252,29/07/26 06:37
148561093963,33234,232597160,29/07/26 06:37
148518952713,43605,224994027,29/07/26 06:37
148561420567,89970,18249188,29/07/26 06:37
148516414859,145991,250276163,29/07/26 06:37
148518958375,53759,234450116,29/07/26 06:37
148561092463,140291,247617476,29/07/26 06:37
148561144363,7303,135530512,29/07/26 06:37
148561089946,145136,202037716,29/07/26 06:37
148561147263,136204,75977243,29/07/26 06:37
148561069459,132831,272449166,29/07/26 06:37
148561152334,187708,257759261,29/07/26 06:37
148561150052,43016,155230378,29/07/26 06:37
148561068867,158012,132343177,29/07/26 06:37
148562551395,74917,270771527,29/07/26 06:37
148561146375,167035,271661914,29/07/26 06:37
148561143875,98859,272449235,29/07/26 06:37
148561105352,31682,47334553,29/07/26 06:37
148561065463,108866,240597465,29/07/26 06:37
148561143363,650365,139752413,29/07/26 06:37
148561344275,23552,162686925,29/07/26 06:37
148526851485,191591,127555348,29/07/26 06:37
148561144213,279470,240487868,29/07/26 06:37
148561144185,348907,208751901,29/07/26 06:37
148518794034,191365,21575466,29/07/26 06:37
148561141263,188772,91368342,29/07/26 06:37
148490290085,106023,244989517,29/07/26 06:37
148561138413,183894,269546738,29/07/26 06:37
148561067595,215336,243713279,29/07/26 06:37
148561182246,189973,106164548,29/07/26 06:37
148561057959,126170,183211170,29/07/26 06:37
148561237052,186426,231164497,29/07/26 06:37
148561104375,43552,272449206,29/07/26 06:37
148561090134,22534,124014539,29/07/26 06:37
148561140175,192770,80887208,29/07/26 06:37
148560938975,186695,272449048,29/07/26 06:37
148561063252,28763,272449155,29/07/26 06:37
148561134834,21277,238473264,29/07/26 06:37
148560941363,8980,272449050,29/07/26 06:37
148561054652,190341,90161519,29/07/26 06:37
148561138667,139503,228141659,29/07/26 06:37
148547409146,156245,160118620,29/07/26 06:37
148561139152,177884,272449208,29/07/26 06:37
148561101746,31125,80305019,29/07/26 06:37
148561135352,157621,247643743,29/07/26 06:37
148561105552,84147,272449210,29/07/26 06:37
148561104263,136185,26821677,29/07/26 06:37
148561099652,189416,40420926,29/07/26 06:37
148561142895,177692,263447963,29/07/26 06:37
148561038685,445369,25222430,29/07/26 06:37
148561092163,15893,260183186,29/07/26 06:37
148561193095,11627,131902922,29/07/26 06:37
148561093652,650094,272449179,29/07/26 06:37
148561002246,203537,58823900,29/07/26 06:37
148560455195,40007,163296683,29/07/26 06:37
148495992263,18554,111072103,29/07/26 06:37
148561056046,74421,96634190,29/07/26 06:37
148561097885,183343,272302028,29/07/26 06:37
148561102452,4802,272449197,29/07/26 06:37
148561106575,176795,272449211,29/07/26 06:37
148560986575,40317,272449091,29/07/26 06:37
148561064395,84838,76963232,29/07/26 06:37
148561063475,33003,272449136,29/07/26 06:37
148561137585,183433,31235013,29/07/26 06:37
148561055595,998,73241638,29/07/26 06:37
148561055495,38287,55616725,29/07/26 06:37
148561062567,220376,244234465,29/07/26 06:37
148561106785,35004,272449212,29/07/26 06:37
148561346163,118725,198788012,29/07/26 06:37
148561231546,176586,272449217,29/07/26 06:37
148561102559,180204,272449199,29/07/26 06:37
148560993263,42046,62215466,29/07/26 06:37
148561144834,157076,6208211,29/07/26 06:37
148561015359,194982,131554579,29/07/26 06:37
148560993867,101095,26884739,29/07/26 06:37
148561100313,49874,156962130,29/07/26 06:37
148561065095,85960,50206678,29/07/26 06:37
148561095085,5641,272449124,29/07/26 06:37
148561068352,214479,256961835,29/07/26 06:37
148561074034,80328,272449167,29/07/26 06:37
148561090946,165860,251483847,29/07/26 06:37
148561057385,165696,181086050,29/07/26 06:37
148561062613,28214,272449153,29/07/26 06:37
148561098046,175566,159995902,29/07/26 06:37
148560954367,28196,236948967,29/07/26 06:37
148562364213,73580,77757160,29/07/26 06:37
148561090767,177904,250882380,29/07/26 06:37
148561057867,183122,80294760,29/07/26 06:37
148562552975,279058,267926453,29/07/26 06:37
148562475852,38675,139665121,29/07/26 06:37
148562554363,80186,240639697,29/07/26 06:37
148562432959,167035,272450747,29/07/26 06:37
148555287567,2114,271945475,29/07/26 06:37
148561091163,225529,140190457,29/07/26 06:37
148562553767,160024,149541584,29/07/26 06:37
148562477185,85002,272300783,29/07/26 06:37
148562555263,218065,240376163,29/07/26 06:38
148561006252,7238,44729932,29/07/26 06:38
148560901059,80634,154022392,29/07/26 06:38
148560962434,39026,272449089,29/07/26 06:38
148560986659,139412,109475440,29/07/26 06:38
148561069695,652744,243884406,29/07/26 06:38
148560951485,29524,32877499,29/07/26 06:38
148560988934,658430,187830181,29/07/26 06:38
148561063859,141716,272449156,29/07/26 06:38
148560999713,183141,272449111,29/07/26 06:38
148560999613,180898,18922415,29/07/26 06:38
148561004252,156539,272449122,29/07/26 06:38
148560950675,222820,66846328,29/07/26 06:38
148561061375,87980,90694585,29/07/26 06:38
148561069285,188126,190354953,29/07/26 06:38
148560995413,108879,253372269,29/07/26 06:38
148548780246,20997,127070445,29/07/26 06:38
148561089859,36498,96574749,29/07/26 06:38
148561069575,222662,114086009,29/07/26 06:38
148560948185,94995,268584603,29/07/26 06:38
148561056646,215336,226449239,29/07/26 06:38
148561058734,20935,99994443,29/07/26 06:38
148560947475,182092,63810364,29/07/26 06:38
148560988663,186126,34482085,29/07/26 06:38
148560945659,187422,5503070,29/07/26 06:38
148560945952,163837,270007541,29/07/26 06:38
148561001559,221806,98785480,29/07/26 06:38
148561060485,190907,233672134,29/07/26 06:38
148560992513,28072,55506914,29/07/26 06:38
148560942546,216770,272449051,29/07/26 06:38
148561059975,118946,189461914,29/07/26 06:38
148560949859,136566,202160571,29/07/26 06:38
148561060585,184663,93866727,29/07/26 06:38
148561058663,207480,140429496,29/07/26 06:38
148499705867,220386,14753907,29/07/26 06:38
148562326295,137468,75590537,29/07/26 06:38
148561028059,119200,252528631,29/07/26 06:38
148561013046,40620,37826764,29/07/26 06:38
148560949595,8866,162704868,29/07/26 06:38
148561004334,221794,266569595,29/07/26 06:38
148560961952,32596,137289891,29/07/26 06:38
148561054885,180113,272145922,29/07/26 06:38
148561054563,167696,115878051,29/07/26 06:38
148560936559,33360,101828876,29/07/26 06:38
148560922613,167427,40590151,29/07/26 06:38
148544090559,187164,27782929,29/07/26 06:38
148561005113,167035,272449126,29/07/26 06:38
148560996167,20420,272449101,29/07/26 06:38
148560928885,148768,163392983,29/07/26 06:38
148561013195,68847,14456517,29/07/26 06:38
148561026413,18786,61478077,29/07/26 06:38
148561053275,189878,15552724,29/07/26 06:38
148560952452,12524,63737408,29/07/26 06:38
148561137346,21256,30906835,29/07/26 06:38
148561065313,184123,272449140,29/07/26 06:38
148560997646,36970,77327037,29/07/26 06:38
148560624763,26026,272448798,29/07/26 06:38
148560992663,28377,272449026,29/07/26 06:38
148560947667,180742,272449066,29/07/26 06:38
148561060695,87818,46765195,29/07/26 06:38
148561006734,222855,186237750,29/07/26 06:38
148561062767,179622,78042284,29/07/26 06:38
148561065934,122663,69552548,29/07/26 06:38
148560952263,30036,272449079,29/07/26 06:38
148561000185,182768,233527427,29/07/26 06:38
148560949767,6242,180168745,29/07/26 06:38
148561000963,136141,77699399,29/07/26 06:38
148561099146,96540,38432350,29/07/26 06:38
148560994775,107119,213336030,29/07/26 06:38
148561004585,85790,47295001,29/07/26 06:38
148561000785,151873,41269777,29/07/26 06:38
148562514559,94797,75050588,29/07/26 06:38
148516797459,69543,65548340,29/07/26 06:38
148562477934,106981,151062117,29/07/26 06:38
148560940685,136715,94208566,29/07/26 06:38
148560943595,69704,164224197,29/07/26 06:38
148560883663,139240,272448990,29/07/26 06:38
148561307559,142745,209568314,29/07/26 06:38
148560950534,156270,242794832,29/07/26 06:38
148561006667,221392,272449097,29/07/26 06:38
148561059895,26566,185906821,29/07/26 06:38
148560695285,445004,272448785,29/07/26 06:38
148560902695,443939,214395717,29/07/26 06:38
148560946659,105912,272449062,29/07/26 06:38
148560625085,10443,263532467,29/07/26 06:38
148560694067,89658,41931951,29/07/26 06:38
148561061663,444965,227729902,29/07/26 06:38
148562433213,192246,272450751,29/07/26 06:38
148562560167,141033,135149209,29/07/26 06:38
148562331075,20873,48878037,29/07/26 06:38
148562435175,68987,140080200,29/07/26 06:38
148561006534,55643,68886842,29/07/26 06:38
148561227059,168563,245574490,29/07/26 06:38
148562434413,184483,66985713,29/07/26 06:38
148562328434,193999,188996207,29/07/26 06:38
148562550195,167035,272450563,29/07/26 06:38
148562331452,83929,272450641,29/07/26 06:38
148562334759,105824,234714912,29/07/26 06:38
148562558275,177484,144050434,29/07/26 06:38
148562326446,23800,62108512,29/07/26 06:38
148562515985,12687,12788668,29/07/26 06:38
148562431559,31127,120524342,29/07/26 06:38
148562330334,4444,63478234,29/07/26 06:38
148562330146,163735,181368585,29/07/26 06:38
148562337952,1425,198552587,29/07/26 06:38
148562326059,27304,272450620,29/07/26 06:38
148562477559,161395,272450805,29/07/26 06:38
148514868513,36104,160520017,29/07/26 06:38
148562331234,184347,192448902,29/07/26 06:38
148562553859,193626,272450886,29/07/26 06:38
148562435934,442406,255780822,29/07/26 06:38
148560623852,650587,215120696,29/07/26 06:38
148562331859,138891,101879951,29/07/26 06:38
148562373913,215326,272450617,29/07/26 06:38
148562556275,445873,98855951,29/07/26 06:38
148562522067,9191,136731673,29/07/26 06:38
148562475152,189324,272450798,29/07/26 06:38
148562555613,207570,272450890,29/07/26 06:38
148562511946,147368,83847988,29/07/26 06:38
148508496652,34232,271358111,29/07/26 06:38
148546474675,165045,58586165,29/07/26 06:38
148562560652,68610,222236386,29/07/26 06:39
148562518663,17972,12608230,29/07/26 06:39
148562558413,65633,215287760,29/07/26 06:39
148560948575,37171,50488467,29/07/26 06:39
148560994159,181713,250971675,29/07/26 06:39
148560947213,35549,97822852,29/07/26 06:39
148560998213,160028,89607756,29/07/26 06:39
148560943285,96525,130478628,29/07/26 06:39
148560992867,658426,95283148,29/07/26 06:39
148560981552,2523,73544873,29/07/26 06:39
148488765159,37579,256327967,29/07/26 06:39
148489415559,113654,162062752,29/07/26 06:39
148560948052,189781,232711912,29/07/26 06:39
148560995034,69411,254482568,29/07/26 06:39
148560945013,191018,130542342,29/07/26 06:39
148560994434,145561,40690184,29/07/26 06:39
148560890667,192838,133012712,29/07/26 06:39
148560891352,214736,53438626,29/07/26 06:39
148560998446,135648,272449047,29/07/26 06:39
148560991795,4751,272449095,29/07/26 06:39
148560994885,167028,270483458,29/07/26 06:39
148560942334,153813,40264924,29/07/26 06:39
148560988159,19385,85582956,29/07/26 06:39
148561236175,65633,251368034,29/07/26 06:39
148560940595,84769,129780984,29/07/26 06:39
148560943952,192256,82374423,29/07/26 06:39
148560888967,11198,272449001,29/07/26 06:39
148560887559,167174,93237862,29/07/26 06:39
148560944085,1552,19507713,29/07/26 06:39
148560885967,167035,257439089,29/07/26 06:39
148561053467,174256,272448820,29/07/26 06:39
148560901485,177154,223073310,29/07/26 06:39
148560884167,29878,264122448,29/07/26 06:39
148560938685,193867,272449046,29/07/26 06:39
148560948863,149832,26397227,29/07/26 06:39
148560987675,101773,225319905,29/07/26 06:39
148560880846,659777,164032056,29/07/26 06:39
148560882734,37556,229527128,29/07/26 06:39
148560880359,142285,267700429,29/07/26 06:39
148560883795,136885,272448991,29/07/26 06:39
148560615275,34213,98229094,29/07/26 06:39
148560937113,78534,151620172,29/07/26 06:39
148560840695,148768,231660589,29/07/26 06:39
148560829295,188676,272448940,29/07/26 06:39
148560901252,445743,191890171,29/07/26 06:39
148560617575,26733,245149132,29/07/26 06:39
148560946059,158658,271499370,29/07/26 06:39
148560994913,34903,230072118,29/07/26 06:39
148560888334,19074,81669080,29/07/26 06:39
148560624152,27145,199869812,29/07/26 06:39
148560987563,78838,146243052,29/07/26 06:39
148560686813,64962,271915716,29/07/26 06:39
148560888152,20710,256145067,29/07/26 06:39
148560625734,122215,267852087,29/07/26 06:39
148560835195,315603,238413004,29/07/26 06:39
148562557463,36685,272450895,29/07/26 06:39
148560937834,180370,126874312,29/07/26 06:39
148560888575,23185,26792638,29/07/26 06:39
148560607152,72892,272448765,29/07/26 06:39
148560887785,208773,129819926,29/07/26 06:39
148560829146,28143,6070687,29/07/26 06:39
148560618295,184655,263916929,29/07/26 06:39
148560619052,27304,257167554,29/07/26 06:39
148560610995,187396,134809565,29/07/26 06:39
148560999995,65922,196897679,29/07/26 06:39
148560616875,22449,62726819,29/07/26 06:39
148560953059,20240,144801720,29/07/26 06:39
148560822834,4453,272448930,29/07/26 06:39
148560606285,24156,268934208,29/07/26 06:39
148560901752,31915,271379104,29/07/26 06:39
148560949446,184215,219750735,29/07/26 06:39
148560823013,132774,121681284,29/07/26 06:39
148560882846,192493,106578738,29/07/26 06:39
148560621713,655742,54969827,29/07/26 06:39
148560621534,12105,216601819,29/07/26 06:39
148562438846,19883,272450716,29/07/26 06:39
148560618495,5145,267973584,29/07/26 06:39
148560619267,650587,201765923,29/07/26 06:39
148560992413,68444,34280671,29/07/26 06:39
148560614559,192644,103502301,29/07/26 06:39
148560822159,29938,267323188,29/07/26 06:39
148560616675,5525,66835293,29/07/26 06:39
148560616463,178549,272284219,29/07/26 06:39
148560647052,99756,243900852,29/07/26 06:39
148562560763,145465,63208833,29/07/26 06:39
148560818485,34095,71555931,29/07/26 06:39
148560804359,21018,15224352,29/07/26 06:39
148560586252,213455,17884517,29/07/26 06:39
148560606163,33182,230654969,29/07/26 06:39
148560609159,96542,138448693,29/07/26 06:39
148560822059,190596,241087661,29/07/26 06:39
148560614913,654936,239264668,29/07/26 06:39
148560821263,73746,73660233,29/07/26 06:39
148562558034,166187,255088886,29/07/26 06:39
148560823752,651587,146468255,29/07/26 06:39
148561632163,183983,38603693,29/07/26 06:39
148562555363,106860,243752023,29/07/26 06:39
148508233075,236733,122174351,29/07/26 06:39
148562555867,89766,272450891,29/07/26 06:39
148562509867,108093,272450823,29/07/26 06:39
148562558595,182145,272450898,29/07/26 06:39
148562561013,33055,80377941,29/07/26 06:39
148562485613,45922,23834460,29/07/26 06:39
148562560446,41694,272440423,29/07/26 06:40
148562485913,203664,271164335,29/07/26 06:40
148562486495,77612,120658493,29/07/26 06:40
148560839959,20527,196969123,29/07/26 06:40
148560947563,23726,272449065,29/07/26 06:40
148560944775,74917,263318618,29/07/26 06:40
148560841095,105844,9799872,29/07/26 06:40
148560942413,179133,235241488,29/07/26 06:40
148560946459,177964,32417493,29/07/26 06:40
148560951163,147178,105828157,29/07/26 06:40
148560949967,222643,271625934,29/07/26 06:40
148560762359,18263,132767109,29/07/26 06:40
148560835634,70078,20677854,29/07/26 06:40
148560941059,178720,272218884,29/07/26 06:40
148560828759,36421,77088046,29/07/26 06:40
148560837567,84872,151280801,29/07/26 06:40
148560773885,159550,245245734,29/07/26 06:40
148560945352,139611,272449036,29/07/26 06:40
148560828295,1827,150670459,29/07/26 06:40
148560938867,659199,271083758,29/07/26 06:40
148560903152,65902,76522433,29/07/26 06:40
148560886267,184929,158058626,29/07/26 06:40
148560946246,28486,20279300,29/07/26 06:40
148560938259,40946,270535735,29/07/26 06:40
148560823275,98669,243231430,29/07/26 06:40
148515848785,13494,15862876,29/07/26 06:40
148560939285,32470,100409434,29/07/26 06:40
148560939467,84087,254322957,29/07/26 06:40
148560937934,489,76337409,29/07/26 06:40
148532614359,95927,130092769,29/07/26 06:40
148560550152,179003,37901743,29/07/26 06:40
148560884352,27552,23776741,29/07/26 06:40
148562561195,100139,272450867,29/07/26 06:40
148560821113,2217,74985153,29/07/26 06:40
148560952913,139360,271861329,29/07/26 06:40
148560939375,2212,257222714,29/07/26 06:40
148560879613,183343,156839441,29/07/26 06:40
148560839785,652693,208085181,29/07/26 06:40
148560552585,80439,143798636,29/07/26 06:40
148560895595,40897,267166717,29/07/26 06:40
148560942752,60,271891405,29/07/26 06:40
148560940995,179075,154151883,29/07/26 06:40
148560512575,217174,272448661,29/07/26 06:40
148560949363,139661,235476745,29/07/26 06:40
148560938485,39612,163598597,29/07/26 06:40
148560946846,184122,219947048,29/07/26 06:40
148560834913,179585,211744477,29/07/26 06:40
148560885813,180968,237154461,29/07/26 06:40
148560546459,135695,207972061,29/07/26 06:40
148560821085,23709,131230729,29/07/26 06:40
148560772967,8696,73306920,29/07/26 06:40
148560554959,27036,43140315,29/07/26 06:40
148560554634,182498,109580778,29/07/26 06:40
148560761859,655522,30823683,29/07/26 06:40
148560530152,134086,96346354,29/07/26 06:40
148560775352,100403,238351129,29/07/26 06:40
148562337213,114130,272450649,29/07/26 06:40
148560940052,216456,272448784,29/07/26 06:40
148560828567,21207,104224331,29/07/26 06:40
148560552267,192764,84204577,29/07/26 06:40
148560492075,194239,272448671,29/07/26 06:40
148562439185,190596,272450732,29/07/26 06:40
148560538363,184299,272448685,29/07/26 06:40
148560550059,166960,139411598,29/07/26 06:40
148560534267,8422,272448718,29/07/26 06:40
148560537359,11673,82751339,29/07/26 06:40
148560537046,30770,118402393,29/07/26 06:40
148560535475,25,257351972,29/07/26 06:40
148560775859,42489,64612695,29/07/26 06:40
148560763767,10363,94206397,29/07/26 06:40
148560555552,108093,259932526,29/07/26 06:40
148560539234,163983,119573138,29/07/26 06:40
148560534975,2300,83122818,29/07/26 06:40
148562521463,180915,65485996,29/07/26 06:40
148560540846,151309,99347495,29/07/26 06:40
148560771195,278130,19534573,29/07/26 06:40
148560679913,759,86134148,29/07/26 06:40
148560533752,49941,254360093,29/07/26 06:40
148560723013,153894,272448859,29/07/26 06:40
148560757152,138037,272372708,29/07/26 06:40
148562441252,154471,118992917,29/07/26 06:40
148560610175,181877,254988763,29/07/26 06:40
148560901146,151067,180860867,29/07/26 06:40
148562438167,96553,271997835,29/07/26 06:40
148562334852,35424,28086359,29/07/26 06:40
148562365095,185444,61476405,29/07/26 06:40
148560539052,223889,272448602,29/07/26 06:40
148562360013,2091,59401753,29/07/26 06:40
148562441752,184363,52761021,29/07/26 06:40
148560756534,167028,272448877,29/07/26 06:40
148560526667,87547,272448710,29/07/26 06:40
148560540785,190850,272448728,29/07/26 06:40
148560556063,219883,151645424,29/07/26 06:40
148560548513,3451,272448743,29/07/26 06:40
148560762013,650660,272326295,29/07/26 06:40
148560554752,13080,68609593,29/07/26 06:40
148560542446,190770,272292975,29/07/26 06:40
148562335167,138343,121437258,29/07/26 06:40
148560766163,139958,41214126,29/07/26 06:40
148562436863,192349,77333259,29/07/26 06:40
148560541375,654616,81387224,29/07/26 06:40
148562361934,41414,88264224,29/07/26 06:40
148562562134,223879,152215164,29/07/26 06:40
148560544113,209032,125311517,29/07/26 06:40
148562443867,69957,144141405,29/07/26 06:40
148562399767,192287,270910485,29/07/26 06:40
148560616785,8082,264723353,29/07/26 06:40
148560547146,31915,272448737,29/07/26 06:40
148562441434,23326,192848096,29/07/26 06:40
148560934767,65409,243295478,29/07/26 06:40
148562564313,156656,240734569,29/07/26 06:40
148562369067,81095,91826456,29/07/26 06:40
148562566252,96451,185447686,29/07/26 06:40
148560936959,181037,272449041,29/07/26 06:40
148562467067,127389,272450779,29/07/26 06:40
148560773075,188613,232999709,29/07/26 06:40
148562508234,101861,117163164,29/07/26 06:40
148560699546,185686,133251197,29/07/26 06:40
148560547385,126608,136203020,29/07/26 06:40
148562567813,177246,135181390,29/07/26 06:40
148562436513,20077,38856315,29/07/26 06:40
148562338459,89965,97658673,29/07/26 06:40
148562560295,136179,272450902,29/07/26 06:41
148562523895,36617,272450869,29/07/26 06:41
148562339146,113712,272450655,29/07/26 06:41
148562565075,222428,272450913,29/07/26 06:41
148560892946,13298,7914093,29/07/26 06:41
148560818963,74039,61826105,29/07/26 06:41
148560896267,95295,138783095,29/07/26 06:41
148560899846,931,239162839,29/07/26 06:41
148560472495,442129,272448686,29/07/26 06:41
148496172395,32856,267825614,29/07/26 06:41
148560773913,8081,229621389,29/07/26 06:41
148560898552,145684,187769043,29/07/26 06:41
148490032852,205301,224993031,29/07/26 06:41
148524729163,2047,162182727,29/07/26 06:41
148560884434,203537,47322788,29/07/26 06:41
148560841152,148752,269523833,29/07/26 06:41
148560773613,633,272448910,29/07/26 06:41
148560895075,184514,272449024,29/07/26 06:41
148560881359,39114,272448979,29/07/26 06:41
148560828852,64848,272448938,29/07/26 06:41
148504937559,138275,195927710,29/07/26 06:41
148560767559,138473,9666264,29/07/26 06:41
148560899367,652930,152554046,29/07/26 06:41
148561191085,32449,266454334,29/07/26 06:41
148560699475,445774,109322731,29/07/26 06:41
148560816967,35673,272448925,29/07/26 06:41
148560880785,151987,272448977,29/07/26 06:41
148560886075,224521,244497094,29/07/26 06:41
148560894667,12962,257482944,29/07/26 06:41
148560882695,106132,272448985,29/07/26 06:41
148560888859,215518,82098586,29/07/26 06:41
148560478359,23243,21250993,29/07/26 06:41
148560830346,190733,162872671,29/07/26 06:41
148549171767,35656,267805302,29/07/26 06:41
148562565846,246239,272450915,29/07/26 06:41
148560999095,102077,116577259,29/07/26 06:41
148560706959,50591,272448864,29/07/26 06:41
148560706134,106593,117441365,29/07/26 06:41
148560541934,5056,194072837,29/07/26 06:41
148560839267,208183,129671122,29/07/26 06:41
148562467234,12820,272450775,29/07/26 06:41
148560792013,10698,272448918,29/07/26 06:41
148562470075,258490,272450776,29/07/26 06:41
148560469295,43237,244966777,29/07/26 06:41
148560756867,139167,75897248,29/07/26 06:41
148560705659,181986,272448853,29/07/26 06:41
148560620667,77887,65930163,29/07/26 06:41
148560706363,145606,113640850,29/07/26 06:41
148560478152,650545,201128899,29/07/26 06:41
148560688585,34432,225610152,29/07/26 06:41
148560547213,14100,142433860,29/07/26 06:41
148560548413,184570,47201049,29/07/26 06:41
148560705413,136167,272448855,29/07/26 06:41
148560536375,181802,63102601,29/07/26 06:41
148560892385,11877,70669023,29/07/26 06:41
148560541463,3469,164166641,29/07/26 06:41
148560700367,29321,190945324,29/07/26 06:41
148562550675,8082,207938212,29/07/26 06:41
148560829513,34056,272448941,29/07/26 06:41
148560531485,208738,67564993,29/07/26 06:41
148560701852,22643,218906198,29/07/26 06:41
148560702013,186206,257813122,29/07/26 06:41
148560469559,84269,267982459,29/07/26 06:41
148562590663,217224,18874476,29/07/26 06:41
148560471875,40754,31230943,29/07/26 06:41
148560690213,166326,88909617,29/07/26 06:41
148560463267,12085,272448652,29/07/26 06:41
148444788095,36113,111724061,29/07/26 06:41
148560460667,188635,123428488,29/07/26 06:41
148560697467,31246,127171554,29/07/26 06:41
148560468185,189001,223955766,29/07/26 06:41
148560467485,80760,112222342,29/07/26 06:41
148560469385,34024,138961984,29/07/26 06:41
148560703359,144817,195045182,29/07/26 06:41
148560476034,191315,111783160,29/07/26 06:41
148560468863,152826,135259087,29/07/26 06:41
148560531259,184308,238524910,29/07/26 06:41
148560464363,190600,270660111,29/07/26 06:41
148560695546,224733,235720595,29/07/26 06:41
148560694313,88026,48409149,29/07/26 06:41
148560466895,104746,14041887,29/07/26 06:41
148560473185,31122,9551512,29/07/26 06:41
148562567495,3092,272450919,29/07/26 06:41
148562511113,31985,272450827,29/07/26 06:41
148560471167,105095,146394974,29/07/26 06:41
148533913459,220532,3795047,29/07/26 06:41
148560473634,160028,131709822,29/07/26 06:41
148560477552,223127,243099957,29/07/26 06:41
148562564259,7327,95629808,29/07/26 06:41
148560461459,43612,65745764,29/07/26 06:41
148560461559,99248,137969016,29/07/26 06:41
148560703463,22058,69207502,29/07/26 06:41
148560463052,182473,181074900,29/07/26 06:41
148560692334,95821,264187543,29/07/26 06:41
148560477167,157964,68457038,29/07/26 06:41
148560473795,40874,210415861,29/07/26 06:41
148560691534,32319,82478403,29/07/26 06:41
148560704934,9167,241648746,29/07/26 06:41
148560460313,81186,141132925,29/07/26 06:41
148560693095,223886,272448832,29/07/26 06:41
148560703546,1514,272264630,29/07/26 06:41
148560693675,80930,87125605,29/07/26 06:41
148562465363,445776,125364551,29/07/26 06:41
148560462667,9443,84280536,29/07/26 06:41
148562564546,658794,195936509,29/07/26 06:41
148562593313,187174,87416966,29/07/26 06:42
148562466659,3196,150048044,29/07/26 06:42
148560760834,149102,41917798,29/07/26 06:42
148560763075,112542,272282698,29/07/26 06:42
148560842075,73216,59050975,29/07/26 06:42
148561023175,167689,126577805,29/07/26 06:42
148560764367,1824,272448893,29/07/26 06:42
148560883113,14093,233044126,29/07/26 06:42
148560882967,186057,50934012,29/07/26 06:42
148560841467,50591,272448962,29/07/26 06:42
148560821763,179372,224597016,29/07/26 06:42
148560830859,68665,114226972,29/07/26 06:42
148499122185,142561,227949433,29/07/26 06:42
148561013263,22307,26783787,29/07/26 06:42
148560756767,84397,272448881,29/07/26 06:42
148560840863,73271,202256585,29/07/26 06:42
148560707767,192079,47256664,29/07/26 06:42
148560830463,10944,164059617,29/07/26 06:42
148560839334,167066,78571496,29/07/26 06:42
148560840475,38138,215834490,29/07/26 06:42
148560716695,44716,272448871,29/07/26 06:42
148560770275,29938,180956369,29/07/26 06:42
148560404234,2106,225911039,29/07/26 06:42
148560839813,658395,157138107,29/07/26 06:42
148560835585,44756,122019976,29/07/26 06:42
148560836213,182630,144431580,29/07/26 06:42
148560837352,193626,160260468,29/07/26 06:42
148560834485,26705,272448948,29/07/26 06:42
148560768946,31967,272448901,29/07/26 06:42
148560817134,152232,18567224,29/07/26 06:42
148560706575,7835,60061262,29/07/26 06:42
148560704885,88490,91081871,29/07/26 06:42
148560704634,78290,156667927,29/07/26 06:42
148560704167,147951,264227475,29/07/26 06:42
148562466346,26062,250098503,29/07/26 06:42
148560652413,144499,42843293,29/07/26 06:42
148560838246,7163,106677566,29/07/26 06:42
148560698795,10009,271576865,29/07/26 06:42
148560763834,152127,111005135,29/07/26 06:42
148560838846,656895,83468787,29/07/26 06:42
148560771746,191591,68538957,29/07/26 06:42
148560458046,30224,81310731,29/07/26 06:42
148560709734,5056,102159784,29/07/26 06:42
148560829413,98835,271614836,29/07/26 06:42
148560887452,136575,76633151,29/07/26 06:42
148562364075,68665,182128845,29/07/26 06:42
148560703263,73168,29624852,29/07/26 06:42
148560768513,148611,144340252,29/07/26 06:42
148562359395,5682,62667721,29/07/26 06:42
148560461167,12085,243437454,29/07/26 06:42
148560840085,11035,227701440,29/07/26 06:42
148560839075,136566,272448957,29/07/26 06:42
148560457585,482,27848103,29/07/26 06:42
148560634785,168713,157851338,29/07/26 06:42
148560884913,194982,251714468,29/07/26 06:42
148560424559,764,163606993,29/07/26 06:42
148560465146,169391,63666676,29/07/26 06:42
148562474213,74131,272450793,29/07/26 06:42
148560445163,74326,271853202,29/07/26 06:42
148560405846,19684,106212902,29/07/26 06:42
148560646152,180892,133320583,29/07/26 06:42
148560610446,41203,128933917,29/07/26 06:42
148560630375,105842,48797840,29/07/26 06:42
148560768795,224145,220983713,29/07/26 06:42
148560470963,12196,140785502,29/07/26 06:42
148560771434,99655,252929210,29/07/26 06:42
148560688846,142048,133522500,29/07/26 06:42
148560414859,192430,115201901,29/07/26 06:42
148560687267,12820,272448801,29/07/26 06:42
148508984463,3092,155646640,29/07/26 06:42
148514009659,161312,272412025,29/07/26 06:42
148562360263,167745,272450659,29/07/26 06:42
148560630813,653280,188621681,29/07/26 06:42
148560629485,650585,195512452,29/07/26 06:42
148560712252,14006,246257264,29/07/26 06:42
148560635759,33874,91722723,29/07/26 06:42
148560840734,2053,111439834,29/07/26 06:42
148560709375,159271,46466079,29/07/26 06:42
148560708959,190073,272448868,29/07/26 06:42
148562359595,160263,34582376,29/07/26 06:42
148560633759,5274,138955179,29/07/26 06:42
148560406452,33594,228374006,29/07/26 06:42
148560403675,149081,272448621,29/07/26 06:42
148560402875,189928,182842482,29/07/26 06:42
148562525985,27304,272450876,29/07/26 06:42
148560403546,146954,218060828,29/07/26 06:42
148560456459,1946,189778304,29/07/26 06:42
148560612863,190982,23948836,29/07/26 06:42
148560612667,85762,55642179,29/07/26 06:42
148562467663,141353,5015294,29/07/26 06:42
148560633067,162019,272448808,29/07/26 06:42
148560450613,43559,181025488,29/07/26 06:42
148560610595,30770,105236557,29/07/26 06:42
148560616152,179584,199195728,29/07/26 06:42
148560477946,156504,219758874,29/07/26 06:42
148560610767,180741,270132666,29/07/26 06:42
148560455475,445863,27051011,29/07/26 06:42
148560459385,32806,180343304,29/07/26 06:42
148560611834,95592,57124756,29/07/26 06:42
148560405646,142451,9768439,29/07/26 06:42
148560405559,184232,272448632,29/07/26 06:42
148560456395,216861,52862899,29/07/26 06:42
148562568759,88414,272450923,29/07/26 06:42
148560404646,144986,272448605,29/07/26 06:42
148562594475,158777,234769841,29/07/26 06:42
148562595946,126377,272238916,29/07/26 06:42
148562467113,184916,107222510,29/07/26 06:42
148560629034,138612,61540660,29/07/26 06:42
148562458263,158153,210402869,29/07/26 06:42
148562520567,53056,97836825,29/07/26 06:42
148561631395,444900,139122235,29/07/26 06:42
148560405113,179585,98951408,29/07/26 06:42
148562595652,167090,272450934,29/07/26 06:42
148562595585,122600,239292375,29/07/26 06:42
148562517059,164501,244546367,29/07/26 06:42
148562466467,1456,123820230,29/07/26 06:42
148562596263,28401,13206917,29/07/26 06:42
148562592546,656894,37463248,29/07/26 06:43
148562600595,20623,147185588,29/07/26 06:43
148560883885,186695,132198377,29/07/26 06:43
148560792446,143681,272448919,29/07/26 06:43
148560702259,180892,91043491,29/07/26 06:43
148509136095,32325,41616218,29/07/26 06:43
148560765446,137972,181686143,29/07/26 06:43
148560819313,156361,187439244,29/07/26 06:43
148561192913,11759,206907722,29/07/26 06:43
148560829746,41396,27826348,29/07/26 06:43
148560702552,214881,85946813,29/07/26 06:43
148560816613,17193,87938196,29/07/26 06:43
148560694275,180803,221409366,29/07/26 06:43
148560690475,19,272448835,29/07/26 06:43
148560791567,20241,220225087,29/07/26 06:43
148560702667,182269,141171085,29/07/26 06:43
148560796334,148165,272448920,29/07/26 06:43
148562562095,106134,272450905,29/07/26 06:43
148560694952,6529,6724688,29/07/26 06:43
148560816275,100820,239829409,29/07/26 06:43
148560695859,146829,47826802,29/07/26 06:43
148560818075,126155,100099836,29/07/26 06:43
148560688246,39114,62231810,29/07/26 06:43
148560690195,142328,24605381,29/07/26 06:43
148560671059,81024,3340846,29/07/26 06:43
148489173463,656440,35371517,29/07/26 06:43
148560818252,192471,270582407,29/07/26 06:43
148560636646,35005,107301636,29/07/26 06:43
148508955995,659448,65573010,29/07/26 06:43
148560758863,139053,141884934,29/07/26 06:43
148508977413,65295,139239060,29/07/26 06:43
148507852346,145222,195389755,29/07/26 06:43
148560773285,148350,250070745,29/07/26 06:43
148499350795,183866,11265882,29/07/26 06:43
148560647434,184389,70102989,29/07/26 06:43
148508540467,17193,108289842,29/07/26 06:43
148560629567,126246,196633881,29/07/26 06:43
148560634963,152121,135963280,29/07/26 06:43
148560693213,5850,91023776,29/07/26 06:43
148560816813,189931,46487574,29/07/26 06:43
148560691259,5850,34845594,29/07/26 06:43
148560818167,173812,272448689,29/07/26 06:43
148508487963,69266,268292099,29/07/26 06:43
148560819663,659149,117149347,29/07/26 06:43
148560628585,193240,149712878,29/07/26 06:43
148560696759,21127,93632995,29/07/26 06:43
148560620034,50063,104725385,29/07/26 06:43
148508781534,183621,67882886,29/07/26 06:43
148560768813,30314,254311914,29/07/26 06:43
148560627746,651414,23985798,29/07/26 06:43
148560701246,36276,265627659,29/07/26 06:43
148560762963,43575,71792986,29/07/26 06:43
148560765646,36186,271001193,29/07/26 06:43
148560628263,222194,53668776,29/07/26 06:43
148560705895,50063,196790595,29/07/26 06:43
148560697767,151014,33982137,29/07/26 06:43
148560689285,178023,267228499,29/07/26 06:43
148560765295,55657,115198769,29/07/26 06:43
148560765813,23941,139558931,29/07/26 06:43
148560624485,140720,90575375,29/07/26 06:43
148560697234,3064,263752310,29/07/26 06:43
148560766413,1268,251343814,29/07/26 06:43
148560691613,33288,43746101,29/07/26 06:43
148560823152,181480,266890525,29/07/26 06:43
148562361552,27725,66236185,29/07/26 06:43
148560623952,31306,136483241,29/07/26 06:43
148560763659,180534,185766175,29/07/26 06:43
148560759775,139749,249989629,29/07/26 06:43
148560709075,20895,272448870,29/07/26 06:43
148560818363,8293,31679249,29/07/26 06:43
148560550552,161718,272448746,29/07/26 06:43
148562475259,56074,59863237,29/07/26 06:43
148560608452,10587,121175276,29/07/26 06:43
148507499685,157904,183368261,29/07/26 06:43
148562598285,134146,216857287,29/07/26 06:43
148562600395,221794,241524984,29/07/26 06:43
148560775095,217442,239009596,29/07/26 06:43
148560556152,224146,99228753,29/07/26 06:43
148560574359,186107,128533543,29/07/26 06:43
148560774167,6776,225720822,29/07/26 06:43
148562518413,167035,272450851,29/07/26 06:43
148560615334,36163,6489207,29/07/26 06:43
148560772485,2893,224665719,29/07/26 06:43
148560768295,145630,196545307,29/07/26 06:43
148560626685,145610,198805939,29/07/26 06:43
148560586867,22940,220657651,29/07/26 06:43
148560552759,657144,69001802,29/07/26 06:43
148560819552,208737,71389565,29/07/26 06:43
148562365634,186154,34521469,29/07/26 06:43
148560775775,38980,116083835,29/07/26 06:43
148560551485,180034,190467545,29/07/26 06:43
148560767252,139559,272448897,29/07/26 06:43
148562404475,3304,13215470,29/07/26 06:43
148560553234,278130,272448754,29/07/26 06:43
148562363646,43850,222781959,29/07/26 06:43
148562362046,655967,272450661,29/07/26 06:43
148560556346,194316,256563480,29/07/26 06:43
148560547667,4013,56858197,29/07/26 06:43
148560544652,53100,54486087,29/07/26 06:43
148560816452,176848,272448922,29/07/26 06:43
148562473163,27991,4001437,29/07/26 06:43
148562268463,183688,217112738,29/07/26 06:43
148560546259,444900,224664974,29/07/26 06:43
148560540452,181007,132281958,29/07/26 06:43
148562474634,166458,89569859,29/07/26 06:43
148560543413,181502,66092761,29/07/26 06:43
148562363275,650199,147945185,29/07/26 06:43
148562365967,135647,60132872,29/07/26 06:43
148562474959,1068,47754181,29/07/26 06:43
148560553195,149861,107231999,29/07/26 06:43
148560550813,84685,135210312,29/07/26 06:43
148562599234,139338,28313198,29/07/26 06:43
148560544313,189629,158285643,29/07/26 06:43
148562471713,272,114853352,29/07/26 06:43
148560622863,23641,105420653,29/07/26 06:43
148562513652,145721,26658177,29/07/26 06:43
148562603234,182186,37023936,29/07/26 06:43
148562559459,208183,138214004,29/07/26 06:43
148519775085,160716,256528246,29/07/26 06:43
148562520195,180969,271795343,29/07/26 06:43
148562515352,35446,191423414,29/07/26 06:43
148562600946,11571,164083287,29/07/26 06:43
148562603875,219336,213541799,29/07/26 06:43
148562520752,56268,265303601,29/07/26 06:44
148540422034,44810,262983466,29/07/26 06:44
148539982452,655740,36782563,29/07/26 06:44
148560619846,167245,149829940,29/07/26 06:44
148560764675,107123,163339418,29/07/26 06:44
148560764834,217613,184780269,29/07/26 06:44
148560616352,23755,17287564,29/07/26 06:44
148560701313,182625,272448833,29/07/26 06:44
148560707152,64804,203641693,29/07/26 06:44
148560618952,8149,111940457,29/07/26 06:44
148560758575,135627,255377866,29/07/26 06:44
148560646952,50430,272408490,29/07/26 06:44
148560705795,184307,229708904,29/07/26 06:44
148560757675,35685,144162574,29/07/26 06:44
148560607046,110351,234174155,29/07/26 06:44
148560713167,169519,272448878,29/07/26 06:44
148560698685,189001,264477239,29/07/26 06:44
148560544513,136594,158940268,29/07/26 06:44
148560611652,87986,89493559,29/07/26 06:44
148560473952,31801,52216339,29/07/26 06:44
148560706452,10517,272448836,29/07/26 06:44
148561636159,185622,85039011,29/07/26 06:44
148495963752,106967,26435581,29/07/26 06:44
148560635913,6468,128555768,29/07/26 06:44
148502479646,177154,241008356,29/07/26 06:44
148560474246,656827,208240984,29/07/26 06:44
148542347363,4050,150253101,29/07/26 06:44
148560723595,33591,140546232,29/07/26 06:44
148560702746,229366,51718343,29/07/26 06:44
148560626146,3341,190787450,29/07/26 06:44
148560701459,166008,94399427,29/07/26 06:44
148560703946,193343,272448852,29/07/26 06:44
148560593113,119321,272448763,29/07/26 06:44
148560760975,26651,272204524,29/07/26 06:44
148560700463,165860,106393831,29/07/26 06:44
148560702159,444870,119108228,29/07/26 06:44
148560632146,151241,59569765,29/07/26 06:44
148560548946,189450,272448749,29/07/26 06:44
148560698895,217156,120698643,29/07/26 06:44
148560550246,6619,53009169,29/07/26 06:44
148560535046,4937,60190616,29/07/26 06:44
148540864152,157092,14335659,29/07/26 06:44
148562368695,180204,272450680,29/07/26 06:44
148560699875,33004,129529175,29/07/26 06:44
148560555134,78411,210733325,29/07/26 06:44
148560697995,16374,110856589,29/07/26 06:44
148560630185,165537,272448810,29/07/26 06:44
148560627034,43597,28775178,29/07/26 06:44
148560696852,178426,234997913,29/07/26 06:44
148561057259,72949,48201610,29/07/26 06:44
148560770375,20420,158424314,29/07/26 06:44
148560758967,190157,87698027,29/07/26 06:44
148560531663,184232,220713925,29/07/26 06:44
148562600685,156195,220072830,29/07/26 06:44
148560625159,5261,51889194,29/07/26 06:44
148560535795,9821,45661037,29/07/26 06:44
148560537259,222642,242483128,29/07/26 06:44
148560698263,146112,116281608,29/07/26 06:44
148560713095,180548,255287074,29/07/26 06:44
148560688195,177689,4443411,29/07/26 06:44
148560705975,38980,27241389,29/07/26 06:44
148562482346,166960,268747717,29/07/26 06:44
148560548352,32799,272448128,29/07/26 06:44
148560702434,7303,272448646,29/07/26 06:44
148560515034,39722,61452359,29/07/26 06:44
148560538559,22736,272125054,29/07/26 06:44
148560612485,203657,223703508,29/07/26 06:44
148560538913,182307,272448721,29/07/26 06:44
148560471246,174618,272448675,29/07/26 06:44
148560696975,5145,272448676,29/07/26 06:44
148560509659,78320,272448708,29/07/26 06:44
148560464759,205831,124170203,29/07/26 06:44
148560479746,159283,150366755,29/07/26 06:44
148560469775,189456,28856735,29/07/26 06:44
148560477275,44905,102197568,29/07/26 06:44
148560478846,80365,154928686,29/07/26 06:44
148560463967,180391,201848155,29/07/26 06:44
148560540013,35666,92594362,29/07/26 06:44
148560762834,73795,183455683,29/07/26 06:44
148560528434,150852,181598472,29/07/26 06:44
148560466034,22110,272448669,29/07/26 06:44
148560481795,134086,232607807,29/07/26 06:44
148560477852,64867,242891453,29/07/26 06:44
148560705159,88392,16371066,29/07/26 06:44
148560707346,73779,272448866,29/07/26 06:44
148560465913,2273,39195735,29/07/26 06:44
148561419067,226703,143043913,29/07/26 06:44
148560465434,188901,76961125,29/07/26 06:44
148560474152,152552,239497382,29/07/26 06:44
148560462175,379,214596404,29/07/26 06:44
148560469946,186735,272448678,29/07/26 06:44
148560472946,9179,45278889,29/07/26 06:44
148560535646,650199,191942928,29/07/26 06:44
148560707946,182459,112338350,29/07/26 06:44
148560474985,28214,272448667,29/07/26 06:44
148560469446,29670,140077711,29/07/26 06:44
148560705075,22262,186442485,29/07/26 06:44
148560704067,24121,272448854,29/07/26 06:44
148560705295,937,41039879,29/07/26 06:44
148560717113,180543,145504212,29/07/26 06:44
148512390075,147558,77470844,29/07/26 06:44
148562563775,153085,122388648,29/07/26 06:44
148562607813,68836,218094775,29/07/26 06:44
148562523113,178163,272450866,29/07/26 06:44
148562565585,191276,41700976,29/07/26 06:44
148562595313,224667,264559379,29/07/26 06:44
148562606563,155718,53000811,29/07/26 06:44
148562593752,653579,272450925,29/07/26 06:44
148508055075,171255,49286255,29/07/26 06:44
148562607046,35668,126386827,29/07/26 06:44
148562598946,142619,272450941,29/07/26 06:45
148504113367,90145,34885794,29/07/26 06:45
148560544959,1417,96143317,29/07/26 06:45
148560546895,5531,238817991,29/07/26 06:45
148515969995,157332,190693780,29/07/26 06:45
148492271246,191593,270890081,29/07/26 06:45
148492064352,134143,100049966,29/07/26 06:45
148560547885,119200,156825726,29/07/26 06:45
148560585246,147094,7284791,29/07/26 06:45
148504565052,11681,44036365,29/07/26 06:45
148560619685,192853,262819540,29/07/26 06:45
148560689659,144986,20283060,29/07/26 06:45
148560694746,225654,202586576,29/07/26 06:45
148492257063,147110,262576370,29/07/26 06:45
148489232459,9933,129676383,29/07/26 06:45
148560543546,87691,260356268,29/07/26 06:45
148560543913,30017,141900623,29/07/26 06:45
148560476267,89793,137585767,29/07/26 06:45
148560696067,44781,272448842,29/07/26 06:45
148560693352,43170,272448839,29/07/26 06:45
148487997163,184637,11117426,29/07/26 06:45
148560541063,164004,37508083,29/07/26 06:45
148560692085,179097,18942612,29/07/26 06:45
148560618513,38024,138516482,29/07/26 06:45
148562373152,651672,258392943,29/07/26 06:45
148560539752,183388,29213183,29/07/26 06:45
148560543375,11656,154153497,29/07/26 06:45
148540482934,42099,72751707,29/07/26 06:45
148496954675,35051,200364808,29/07/26 06:45
148560539634,8439,258010062,29/07/26 06:45
148560531785,162601,272448720,29/07/26 06:45
148560534485,78256,272448698,29/07/26 06:45
148507218875,43861,271602962,29/07/26 06:45
148560613985,80171,158738917,29/07/26 06:45
148560636095,140888,199446543,29/07/26 06:45
148560631163,110457,209388292,29/07/26 06:45
148560626363,136566,272448803,29/07/26 06:45
148560691134,179400,200063118,29/07/26 06:45
148560607613,148169,34775899,29/07/26 06:45
148560534175,656972,194662610,29/07/26 06:45
148499587159,24121,26715364,29/07/26 06:45
148507416152,37335,33064762,29/07/26 06:45
148560555246,73990,272448730,29/07/26 06:45
148560455795,55926,162854318,29/07/26 06:45
148502807946,38944,247765500,29/07/26 06:45
148560690695,220937,70841345,29/07/26 06:45
148560695713,105046,268093476,29/07/26 06:45
148560615175,25063,272448780,29/07/26 06:45
148560629259,18761,123957521,29/07/26 06:45
148560528546,207238,133931740,29/07/26 06:45
148560630252,180420,272448811,29/07/26 06:45
148560632063,759,232387876,29/07/26 06:45
148560629334,184283,116358426,29/07/26 06:45
148560627352,32440,159426822,29/07/26 06:45
148560481663,182110,122118098,29/07/26 06:45
148560666167,169508,18562151,29/07/26 06:45
148560545434,24578,31646693,29/07/26 06:45
148527235467,655127,205866767,29/07/26 06:45
148503101446,189928,28453596,29/07/26 06:45
148560691934,181428,226992659,29/07/26 06:45
148560517959,129541,235370059,29/07/26 06:45
148560624034,6659,6856123,29/07/26 06:45
148561490752,20903,155417292,29/07/26 06:45
148560687746,445391,218712212,29/07/26 06:45
148560475585,36160,272448692,29/07/26 06:45
148560688352,185248,138351955,29/07/26 06:45
148560480152,158493,84292322,29/07/26 06:45
148491702075,149084,140025088,29/07/26 06:45
148560631863,99248,229646124,29/07/26 06:45
148560608867,10002,272448770,29/07/26 06:45
148560609752,73660,239908294,29/07/26 06:45
148560626059,27750,257947242,29/07/26 06:45
148560633295,180492,6523372,29/07/26 06:45
148560634863,95308,162243730,29/07/26 06:45
148560630767,235657,80008602,29/07/26 06:45
148548117985,49778,240596200,29/07/26 06:45
148560702985,4785,21427475,29/07/26 06:45
148562433113,349,248645637,29/07/26 06:45
148562483875,650012,272450808,29/07/26 06:45
148560648313,302,35217749,29/07/26 06:45
148560609659,206512,190467026,29/07/26 06:45
148562364813,191840,272450677,29/07/26 06:45
148560403246,35310,115200250,29/07/26 06:45
148560617859,74602,272448744,29/07/26 06:45
148560620775,95086,135568713,29/07/26 06:45
148562607263,187988,212124238,29/07/26 06:45
148560687634,160265,21360347,29/07/26 06:45
148560412485,8229,107154343,29/07/26 06:45
148560459834,34056,183222631,29/07/26 06:45
148560674585,4012,227951634,29/07/26 06:45
148557726634,193342,236053661,29/07/26 06:45
148562395313,138855,80631373,29/07/26 06:45
148560405463,50414,212436139,29/07/26 06:45
148560648613,20754,42811212,29/07/26 06:45
148560401959,26942,61966174,29/07/26 06:45
148562367746,183806,221640482,29/07/26 06:45
148560458963,53234,272448653,29/07/26 06:45
148543563259,3367,212753239,29/07/26 06:45
148562523675,156489,61057163,29/07/26 06:45
148502986534,190386,55566557,29/07/26 06:45
148562481163,650,5417802,29/07/26 06:45
148562483259,42991,222723529,29/07/26 06:45
148562372495,151432,57417797,29/07/26 06:45
148562365175,278130,272450660,29/07/26 06:45
148562364985,2893,265744195,29/07/26 06:45
148562485067,194401,78924843,29/07/26 06:45
148562368813,444784,138493499,29/07/26 06:45
148562480585,151966,267082196,29/07/26 06:45
148560458663,80760,28928843,29/07/26 06:45
148562273395,189820,81081275,29/07/26 06:45
148562367363,4449,272450664,29/07/26 06:45
148562550413,189130,272450877,29/07/26 06:45
148562372795,445774,120840121,29/07/26 06:45
148560632575,4358,99737930,29/07/26 06:45
148562612767,74056,223412132,29/07/26 06:45
148562612046,444855,115468611,29/07/26 06:45
148562614059,142273,37932200,29/07/26 06:45
148562607434,95068,14447148,29/07/26 06:45
148504567659,186982,47776526,29/07/26 06:45
148562608334,13038,272432022,29/07/26 06:45
148562035563,19432,99073850,29/07/26 06:46
148562520867,187973,272450858,29/07/26 06:46
148562550259,136717,42128117,29/07/26 06:46
148562609313,184961,272450972,29/07/26 06:46
148562643667,85924,111867901,29/07/26 06:46
148562643895,650012,267663078,29/07/26 06:46
148562643959,216903,269536754,29/07/26 06:46
148560613259,99655,272448777,29/07/26 06:46
148560480067,77983,160719813,29/07/26 06:46
148560480734,55189,79678347,29/07/26 06:46
148493476159,43861,24094822,29/07/26 06:46
148560625867,33283,91236044,29/07/26 06:46
148560636375,31937,539160,29/07/26 06:46
148560613667,163764,272448680,29/07/26 06:46
148498463313,17716,71847885,29/07/26 06:46
148560473852,654303,25140326,29/07/26 06:46
148560478775,20520,137289106,29/07/26 06:46
148560620595,192491,239183117,29/07/26 06:46
148560620113,149805,187345581,29/07/26 06:46
148560466559,177715,245437692,29/07/26 06:46
148560469667,444539,122836885,29/07/26 06:46
148560470475,31300,272448580,29/07/26 06:46
148503183395,177702,268680495,29/07/26 06:46
148560544795,182934,145115452,29/07/26 06:46
148560624385,68134,192554075,29/07/26 06:46
148561135463,159919,46147393,29/07/26 06:46
148560624685,9579,131202781,29/07/26 06:46
148560902459,8340,107242195,29/07/26 06:46
148560465667,21985,75644381,29/07/26 06:46
148507514663,2273,224556674,29/07/26 06:46
148531163285,2727,127411988,29/07/26 06:46
148491099734,28652,272392640,29/07/26 06:46
148497451413,74274,119025829,29/07/26 06:46
148560468959,94946,109877743,29/07/26 06:46
148560464985,218527,92753237,29/07/26 06:46
148560540234,31915,103455817,29/07/26 06:46
148560606463,442475,48538833,29/07/26 06:46
148560548795,11326,141471900,29/07/26 06:46
148560469034,13405,25602569,29/07/26 06:46
148560534775,159581,106348539,29/07/26 06:46
148560463567,105893,254170175,29/07/26 06:46
148528543485,38941,110317912,29/07/26 06:46
148560549246,3983,132130463,29/07/26 06:46
148507169285,191364,199499671,29/07/26 06:46
148560609585,95167,272399619,29/07/26 06:46
148560464646,64988,64520555,29/07/26 06:46
148560462552,26663,23127604,29/07/26 06:46
148560623752,139173,62760056,29/07/26 06:46
148560549059,38054,272448750,29/07/26 06:46
148560461252,185931,194810658,29/07/26 06:46
148560475085,389,56962090,29/07/26 06:46
148540674946,163707,88196224,29/07/26 06:46
148560456285,179684,272448649,29/07/26 06:46
148560556475,3130,127431920,29/07/26 06:46
148560610095,36887,182639785,29/07/26 06:46
148560553685,4625,272448758,29/07/26 06:46
148560483713,109959,232616479,29/07/26 06:46
148560611075,17221,185818243,29/07/26 06:46
148560554167,178951,272448759,29/07/26 06:46
148560696413,113695,238716008,29/07/26 06:46
148560459413,25058,103175060,29/07/26 06:46
148560456195,188085,95413484,29/07/26 06:46
148561066585,28310,272448726,29/07/26 06:46
148560538213,161346,272448729,29/07/26 06:46
148560553585,213381,272448757,29/07/26 06:46
148560586395,226874,101496391,29/07/26 06:46
148560553946,95834,272336264,29/07/26 06:46
148507408495,182,23282064,29/07/26 06:46
148560470095,117179,159114691,29/07/26 06:46
148560616534,151550,239307284,29/07/26 06:46
148560481475,36247,234457449,29/07/26 06:46
148497204163,183235,52008903,29/07/26 06:46
148560566459,7170,272448738,29/07/26 06:46
148500905263,10517,73593366,29/07/26 06:46
148560455959,134178,81626756,29/07/26 06:46
148507446246,168911,78496067,29/07/26 06:46
148560453195,155883,55715306,29/07/26 06:46
148560551034,155485,221419917,29/07/26 06:46
148550111659,153498,27554339,29/07/26 06:46
148562408785,107118,272450695,29/07/26 06:46
148504116663,65729,41049129,29/07/26 06:46
148561002313,40874,264466241,29/07/26 06:46
148560542275,106134,209437153,29/07/26 06:46
148562372859,118493,199551539,29/07/26 06:46
148562554213,180740,156702920,29/07/26 06:46
148560552863,29180,222605174,29/07/26 06:46
148505669134,188676,147360033,29/07/26 06:46
148560406034,180331,264997619,29/07/26 06:46
148562396267,159247,229452905,29/07/26 06:46
148560473275,182964,150241745,29/07/26 06:46
148560531046,180385,66735712,29/07/26 06:46
148562644595,30136,180772057,29/07/26 06:46
148562645459,217886,271516759,29/07/26 06:46
148562425852,40874,148157685,29/07/26 06:46
148494699675,65295,52209981,29/07/26 06:46
148560545163,192967,263773954,29/07/26 06:46
148560612275,182144,79392651,29/07/26 06:46
148562442013,122215,272450657,29/07/26 06:46
148562508046,181151,156797838,29/07/26 06:46
148560470813,80547,266470546,29/07/26 06:46
148560610634,11200,125486840,29/07/26 06:46
148562386563,206540,48322200,29/07/26 06:46
148497413375,1828,162329899,29/07/26 06:46
148560458859,164615,263336549,29/07/26 06:46
148560551913,180331,181262050,29/07/26 06:46
148560478534,222054,54939768,29/07/26 06:46
148560534634,6747,135964687,29/07/26 06:46
148562615075,167035,272450978,29/07/26 06:46
148562563559,28638,33822063,29/07/26 06:46
148560555495,143525,64301192,29/07/26 06:46
148562396513,445918,225561618,29/07/26 06:46
148562394652,173575,86321927,29/07/26 06:46
148560585459,182498,69551339,29/07/26 06:46
148549533459,352835,272438059,29/07/26 06:46
148562396167,180621,8055059,29/07/26 06:46
148560554246,9726,158412995,29/07/26 06:46
148560555013,6029,272372594,29/07/26 06:46
148562216463,139057,55151417,29/07/26 06:46
148562648759,84706,118844018,29/07/26 06:46
148562555446,156212,272450875,29/07/26 06:46
148504671285,4739,239959878,29/07/26 06:47
148562612263,184965,151156537,29/07/26 06:47
148562613159,142149,52884641,29/07/26 06:47
148562645746,185683,272450947,29/07/26 06:47
148562557713,189819,214592862,29/07/26 06:47
148560625975,185942,119042349,29/07/26 06:47
148560404185,655742,12764838,29/07/26 06:47
148504174363,85475,212924561,29/07/26 06:47
148493688446,148594,13637652,29/07/26 06:47
148503498963,74745,6649584,29/07/26 06:47
148492877713,159032,146014404,29/07/26 06:47
148503919163,1651,79013538,29/07/26 06:47
148500000413,12002,266970769,29/07/26 06:47
148488730446,186120,64367943,29/07/26 06:47
148497535967,68671,250802118,29/07/26 06:47
148527795875,217093,52056544,29/07/26 06:47
148560543259,149071,253237270,29/07/26 06:47
148490924095,181497,20531187,29/07/26 06:47
148544836363,208843,246526923,29/07/26 06:47
148491010685,3363,198811800,29/07/26 06:47
148493796159,8688,158154618,29/07/26 06:47
148560456667,157880,272448651,29/07/26 06:47
148489784175,50711,253698525,29/07/26 06:47
148492992363,41536,26990910,29/07/26 06:47
148560457852,6925,272448654,29/07/26 06:47
148493028152,5523,14731800,29/07/26 06:47
148560533634,26359,82951685,29/07/26 06:47
148560473095,158570,272448658,29/07/26 06:47
148560458752,180666,263406704,29/07/26 06:47
148560480975,171094,272448709,29/07/26 06:47
148560538459,181579,235426736,29/07/26 06:47
148560546934,141709,266810194,29/07/26 06:47
148560891552,8854,221281431,29/07/26 06:47
148506546585,190279,130623725,29/07/26 06:47
148560476163,27980,272448696,29/07/26 06:47
148560377252,207315,272448587,29/07/26 06:47
148560457995,24766,199237976,29/07/26 06:47
148560480213,88367,271977083,29/07/26 06:47
148560530459,655440,192321162,29/07/26 06:47
148560536967,149091,101749707,29/07/26 06:47
148560244395,56074,272448510,29/07/26 06:47
148560333085,150529,272448583,29/07/26 06:47
148560539367,52814,2602650,29/07/26 06:47
148560542734,144869,79246034,29/07/26 06:47
148560480685,23373,242955140,29/07/26 06:47
148487659246,11166,127497033,29/07/26 06:47
148560463759,12804,96886555,29/07/26 06:47
148560474513,154371,98627302,29/07/26 06:47
148560482046,393,195406610,29/07/26 06:47
148560481259,189928,264252549,29/07/26 06:47
148560476852,116782,272448700,29/07/26 06:47
148560478634,206359,202467777,29/07/26 06:47
148538634563,185124,106313200,29/07/26 06:47
148560553867,11645,121036241,29/07/26 06:47
148560520163,6754,96024258,29/07/26 06:47
148560552434,185657,39654408,29/07/26 06:47
148560549552,166128,29601145,29/07/26 06:47
148560552175,442488,162752690,29/07/26 06:47
148504362695,121035,59222731,29/07/26 06:47
148562473013,167035,272450711,29/07/26 06:47
148560418813,658481,255394467,29/07/26 06:47
148560551234,25661,272448725,29/07/26 06:47
148560404413,147438,180266011,29/07/26 06:47
148560540646,100047,60798436,29/07/26 06:47
148562598734,35024,206173312,29/07/26 06:47
148560461652,87669,47916268,29/07/26 06:47
148560318163,159779,272448563,29/07/26 06:47
148560474046,163464,120559056,29/07/26 06:47
148560394285,194224,272448623,29/07/26 06:47
148560537634,19423,229479259,29/07/26 06:47
148560552695,146,34681711,29/07/26 06:47
148560536846,42871,196374839,29/07/26 06:47
148560531385,44785,43143938,29/07/26 06:47
148560246946,1336,272448512,29/07/26 06:47
148560428167,95986,272448539,29/07/26 06:47
148560311795,144499,272448534,29/07/26 06:47
148560228563,142563,185442895,29/07/26 06:47
148560218959,161726,266065487,29/07/26 06:47
148560230195,144835,272448022,29/07/26 06:47
148560459713,181626,272448507,29/07/26 06:47
148560385852,207570,272448578,29/07/26 06:47
148560698546,3488,268274586,29/07/26 06:47
148560288046,654376,272448234,29/07/26 06:47
148560228734,655,156406537,29/07/26 06:47
148560461352,81321,272448542,29/07/26 06:47
148560378852,111814,272448552,29/07/26 06:47
148560230663,1683,272448443,29/07/26 06:47
148560380013,300673,272448588,29/07/26 06:47
148560378985,224399,272448585,29/07/26 06:47
148560378652,183637,272448546,29/07/26 06:47
148560388852,121322,272448609,29/07/26 06:47
148560238613,184927,272448488,29/07/26 06:47
148560312652,39669,272448466,29/07/26 06:47
148560465213,34381,272448628,29/07/26 06:47
148560405763,156270,272448240,29/07/26 06:47
148560321752,146600,272448555,29/07/26 06:47
148560385167,136916,272448558,29/07/26 06:47
148560225385,135648,272448469,29/07/26 06:47
148560228059,445794,272448475,29/07/26 06:47
148514189475,36930,226638841,29/07/26 06:47
148562645952,43854,272450988,29/07/26 06:47
148560388459,186114,272448582,29/07/26 06:47
148560314495,446015,272448540,29/07/26 06:47
148560241352,10802,272399503,29/07/26 06:47
148562650263,27304,214821438,29/07/26 06:47
148562612895,156935,247910211,29/07/26 06:47
148562480652,69706,244476479,29/07/26 06:47
148562609452,38820,195491098,29/07/26 06:47
148562647395,653205,103283131,29/07/26 06:47
148562615234,214743,263906442,29/07/26 06:47
148562560534,655748,44056987,29/07/26 06:47
148562563263,165906,267261429,29/07/26 06:47
148562649552,222298,98513070,29/07/26 06:47
148562593652,162559,80599329,29/07/26 06:48
148536341459,119307,232371912,29/07/26 06:48
148561106167,180568,264517159,29/07/26 06:48
148560377834,24107,272313425,29/07/26 06:48
148562645595,27440,272450986,29/07/26 06:48
148560200259,144793,272448453,29/07/26 06:48
148560393467,188214,237705137,29/07/26 06:48
148560248159,98989,262969802,29/07/26 06:48
148562653959,2365,224159766,29/07/26 06:48
148560463659,230256,272448668,29/07/26 06:48
148562602263,42102,236363961,29/07/26 06:48
148560389552,78843,249174488,29/07/26 06:48
148560325059,135647,220182058,29/07/26 06:48
148560474767,127389,226057906,29/07/26 06:48
148560471646,27437,272448684,29/07/26 06:48
148560545046,177133,220135165,29/07/26 06:48
148560324967,102073,245364341,29/07/26 06:48
148560145846,2252,272448388,29/07/26 06:48
148560391885,443138,266621696,29/07/26 06:48
148560137163,167580,271849433,29/07/26 06:48
148560306863,35735,272214249,29/07/26 06:48
148560327375,85000,258300692,29/07/26 06:48
148560312234,29944,271740595,29/07/26 06:48
148560466759,12128,123038308,29/07/26 06:48
148560240552,111965,272448485,29/07/26 06:48
148560388752,443954,272332410,29/07/26 06:48
148560437459,126362,227915297,29/07/26 06:48
148560474346,152121,248887664,29/07/26 06:48
148560122695,184123,272448393,29/07/26 06:48
148560136867,180203,267297840,29/07/26 06:48
148560115675,68910,270446951,29/07/26 06:48
148560140259,2498,270434818,29/07/26 06:48
148560476952,33628,204130762,29/07/26 06:48
148560232913,122454,226629888,29/07/26 06:48
148560396185,56268,269709305,29/07/26 06:48
148560141975,10543,257251315,29/07/26 06:48
148560239513,40042,240896381,29/07/26 06:48
148560144975,187183,250805125,29/07/26 06:48
148560380813,73989,255600504,29/07/26 06:48
148560226259,55993,237245543,29/07/26 06:48
148560183559,15677,246469459,29/07/26 06:48
148560204434,10289,244169683,29/07/26 06:48
148560299585,15842,265847552,29/07/26 06:48
148560383652,205235,251071946,29/07/26 06:48
148560471046,10363,239390076,29/07/26 06:48
148560385959,1404,221821978,29/07/26 06:48
148560197475,225913,252959775,29/07/26 06:48
148560379285,111983,232714951,29/07/26 06:48
148562654446,69007,262817996,29/07/26 06:48
148560133113,187415,272448384,29/07/26 06:48
148560312559,95651,272448441,29/07/26 06:48
148560117967,187712,262138278,29/07/26 06:48
148560385334,49963,244392265,29/07/26 06:48
148560146334,9564,240381869,29/07/26 06:48
148560242067,36201,237651452,29/07/26 06:48
148560243159,5641,238190786,29/07/26 06:48
148560130075,164844,258406223,29/07/26 06:48
148560241834,650585,227423331,29/07/26 06:48
148560288763,3212,269379149,29/07/26 06:48
148562398213,445774,214689233,29/07/26 06:48
148560300263,22945,241033978,29/07/26 06:48
148562396946,24750,272450713,29/07/26 06:48
148560229467,28880,265032896,29/07/26 06:48
148560228313,443594,243827543,29/07/26 06:48
148560312763,5173,236204880,29/07/26 06:48
148560300375,162712,272399472,29/07/26 06:48
148560381252,64882,272059893,29/07/26 06:48
148560391463,445988,257361676,29/07/26 06:48
148560190395,5350,227784369,29/07/26 06:48
148560294813,8731,254248211,29/07/26 06:48
148560235475,4486,264950976,29/07/26 06:48
148560245367,78263,271993814,29/07/26 06:48
148560380363,65454,253630241,29/07/26 06:48
148560140175,182261,269497627,29/07/26 06:48
148562399385,147,194428411,29/07/26 06:48
148562513759,190067,74168171,29/07/26 06:48
148560305667,177708,224366053,29/07/26 06:48
148560322459,160960,226255187,29/07/26 06:48
148562597595,117959,6469505,29/07/26 06:48
148562655067,41640,87221188,29/07/26 06:48
148562517234,140291,81682317,29/07/26 06:48
148560320859,178199,269361973,29/07/26 06:48
148560393163,656561,268130212,29/07/26 06:48
148560116159,114286,272448394,29/07/26 06:48
148560220985,33617,227057429,29/07/26 06:48
148560239375,183235,221250666,29/07/26 06:48
148562514495,108093,56255662,29/07/26 06:48
148560147363,38132,223853719,29/07/26 06:48
148562515467,1262,225660227,29/07/26 06:48
148560118434,17205,216964429,29/07/26 06:48
148562511685,95981,272450748,29/07/26 06:48
148560245667,193149,238479771,29/07/26 06:48
148560390259,106134,250192396,29/07/26 06:48
148560121634,163764,225294222,29/07/26 06:48
148560388295,31318,219070870,29/07/26 06:48
148560383875,184604,254892632,29/07/26 06:48
148560240213,161340,272448498,29/07/26 06:48
148562513563,2218,272450830,29/07/26 06:48
148560387013,55287,226450103,29/07/26 06:48
148560302634,159723,264431649,29/07/26 06:48
148560326952,31020,224779253,29/07/26 06:48
148560394385,656254,263310139,29/07/26 06:48
148560224363,189643,222867541,29/07/26 06:48
148562656934,188681,47297516,29/07/26 06:48
148560317759,145567,227836741,29/07/26 06:48
148560149167,100802,220929439,29/07/26 06:48
148562594552,156035,272450928,29/07/26 06:48
148560219285,193429,272177979,29/07/26 06:48
148560206485,64802,272207417,29/07/26 06:48
148562399113,443944,214124103,29/07/26 06:48
148562601959,149091,95867268,29/07/26 06:48
148560248575,209270,221071558,29/07/26 06:48
148562512367,42318,268487934,29/07/26 06:48
148562511352,11963,89482202,29/07/26 06:48
148562562775,3402,127341081,29/07/26 06:48
148562653863,177810,194427417,29/07/26 06:48
148562602875,22697,272450958,29/07/26 06:48
148562305775,77790,153847721,29/07/26 06:48
148562564746,208173,110491520,29/07/26 06:49
148560380234,20006,212585543,29/07/26 06:49
148560322963,157631,271834880,29/07/26 06:49
148562631763,178189,272450962,29/07/26 06:49
148560383295,9496,272448599,29/07/26 06:49
148560466175,188971,22107394,29/07/26 06:49
148560384363,113707,136475929,29/07/26 06:49
148560315963,650440,198346299,29/07/26 06:49
148560389785,192466,133359565,29/07/26 06:49
148560475275,150067,5993086,29/07/26 06:49
148560461085,20092,108104757,29/07/26 06:49
148560384295,181579,182107695,29/07/26 06:49
148560321534,181802,139162365,29/07/26 06:49
148560386413,788,124958688,29/07/26 06:49
148560403913,121095,245480175,29/07/26 06:49
148560401067,15292,157434044,29/07/26 06:49
148560467946,41475,226333554,29/07/26 06:49
148560227767,8773,161125110,29/07/26 06:49
148562656367,69707,14785998,29/07/26 06:49
148562653746,8322,263667651,29/07/26 06:49
148560457267,44785,215242749,29/07/26 06:49
148560152995,98581,151046573,29/07/26 06:49
148560380134,149881,113509394,29/07/26 06:49
148560763975,182307,198397285,29/07/26 06:49
148560136267,80701,149939718,29/07/26 06:49
148560320259,190028,158037101,29/07/26 06:49
148560468567,65133,3627229,29/07/26 06:49
148560311352,50124,163601714,29/07/26 06:49
148561416085,74039,161430231,29/07/26 06:49
148560116513,6784,145068598,29/07/26 06:49
148560223263,88144,203454827,29/07/26 06:49
148560334152,53773,132839211,29/07/26 06:49
148560124152,189080,156598763,29/07/26 06:49
148560227613,167982,162752589,29/07/26 06:49
148560319975,33561,193097085,29/07/26 06:49
148562613595,137709,272450976,29/07/26 06:49
148560117334,3360,144672000,29/07/26 06:49
148560129567,96542,217916256,29/07/26 06:49
148560319559,193720,216654436,29/07/26 06:49
148560139675,11200,143732040,29/07/26 06:49
148560356713,180802,148655320,29/07/26 06:49
148560541785,95269,161220328,29/07/26 06:49
148560096746,139996,146190122,29/07/26 06:49
148562650046,43595,59749978,29/07/26 06:49
148560321185,189185,211474707,29/07/26 06:49
148560223595,141597,193607758,29/07/26 06:49
148560391534,113654,156372603,29/07/26 06:49
148560384713,11673,190337013,29/07/26 06:49
148560221267,207077,159072795,29/07/26 06:49
148560225013,446078,197819464,29/07/26 06:49
148560221763,69798,130202230,29/07/26 06:49
148560115252,96158,199849992,29/07/26 06:49
148560239159,181725,146258506,29/07/26 06:49
148560140467,137632,184871640,29/07/26 06:49
148560311175,27258,148670420,29/07/26 06:49
148560391152,194,140937356,29/07/26 06:49
148560307185,30957,191621871,29/07/26 06:49
148560138959,279058,68614806,29/07/26 06:49
148560322085,223869,149137971,29/07/26 06:49
148560318359,168563,192841895,29/07/26 06:49
148560380795,652556,182991272,29/07/26 06:49
148560138875,80329,133241829,29/07/26 06:49
148560246075,8492,137522992,29/07/26 06:49
148560303085,652453,210474680,29/07/26 06:49
148560363113,10360,151887329,29/07/26 06:49
148560314259,188242,214513045,29/07/26 06:49
148560360834,188748,156132632,29/07/26 06:49
148560241159,95438,203358469,29/07/26 06:49
148560253459,70082,116870033,29/07/26 06:49
148560390952,650012,161869679,29/07/26 06:49
148560136413,37001,186055795,29/07/26 06:49
148562069813,650585,150645859,29/07/26 06:49
148560153175,223215,193072031,29/07/26 06:49
148560320667,393,133557129,29/07/26 06:49
148560191975,3945,125364033,29/07/26 06:49
148560327963,136052,116318028,29/07/26 06:49
148560320752,65631,135815689,29/07/26 06:49
148562310963,120988,244754695,29/07/26 06:49
148560326875,23855,132807653,29/07/26 06:49
148562517863,16842,1351841,29/07/26 06:49
148560236975,206193,190732325,29/07/26 06:49
148562425052,113703,272440967,29/07/26 06:49
148560302813,11379,189604543,29/07/26 06:49
148560300667,3493,123930831,29/07/26 06:49
148560230863,80959,126145493,29/07/26 06:49
148560130159,20521,153405225,29/07/26 06:49
148562521913,160219,23370001,29/07/26 06:49
148560145467,99630,131205337,29/07/26 06:49
148560238363,160490,144473598,29/07/26 06:49
148562518552,121166,5541828,29/07/26 06:49
148562514113,185856,272450829,29/07/26 06:49
148560305446,149129,161246935,29/07/26 06:49
148560235746,193855,50745175,29/07/26 06:49
148560146467,188397,127452680,29/07/26 06:49
148560226159,229366,135388372,29/07/26 06:49
148560383385,42195,116947877,29/07/26 06:49
148562515246,108117,239308691,29/07/26 06:49
148562309952,84706,93430434,29/07/26 06:49
148562561213,221399,96607030,29/07/26 06:49
148562655475,3910,35622833,29/07/26 06:49
148560395863,445774,116371317,29/07/26 06:49
148560128834,153813,131605918,29/07/26 06:49
148560394175,225475,132115404,29/07/26 06:49
148560318952,55437,201970549,29/07/26 06:49
148560395746,13051,115889024,29/07/26 06:49
148562661952,184255,92870407,29/07/26 06:49
148562515875,172317,202699852,29/07/26 06:49
148560125367,222526,147955670,29/07/26 06:49
148562657246,119216,7042650,29/07/26 06:49
148562512467,45887,272450833,29/07/26 06:49
148562607546,190770,146476200,29/07/26 06:49
148560300175,39965,138475341,29/07/26 06:49
148562646375,178452,272450990,29/07/26 06:49
148510389252,12376,267038940,29/07/26 06:49
148562667934,52858,253233802,29/07/26 06:49
148491036959,20899,252941948,29/07/26 06:50
148562566659,32311,182237795,29/07/26 06:50
148562668985,656785,83086920,29/07/26 06:50
148562567395,113733,272450918,29/07/26 06:50
148561225246,193354,182726573,29/07/26 06:50
148560392052,24131,123361331,29/07/26 06:50
148560320095,119182,272448565,29/07/26 06:50
148560313413,29193,71016420,29/07/26 06:50
148560777467,100516,111201904,29/07/26 06:50
148560396913,178951,72311664,29/07/26 06:50
148560318885,89720,91934423,29/07/26 06:50
148560326746,144570,45819256,29/07/26 06:50
148562407195,34040,272450727,29/07/26 06:50
148560387834,23810,159143375,29/07/26 06:50
148560326546,85172,42687813,29/07/26 06:50
148560536034,9758,43629611,29/07/26 06:50
148560457695,37372,59247847,29/07/26 06:50
148562522985,167035,272450856,29/07/26 06:50
148560463434,20570,41767707,29/07/26 06:50
148562663146,26294,120994404,29/07/26 06:50
148560236434,65103,67596849,29/07/26 06:50
148560352467,28325,95404021,29/07/26 06:50
148560144463,651531,108417385,29/07/26 06:50
148560227367,221246,110568291,29/07/26 06:50
148560312413,56016,83450241,29/07/26 06:50
148560234967,158687,96067485,29/07/26 06:50
148560246646,84229,91176219,29/07/26 06:50
148562664595,1416,39649843,29/07/26 06:50
148560233513,113759,112115707,29/07/26 06:50
148560246834,88037,74493201,29/07/26 06:50
148560392852,205078,71637864,29/07/26 06:50
148560382995,164063,111166091,29/07/26 06:50
148560141695,32417,98525985,29/07/26 06:50
148560479663,192897,92097508,29/07/26 06:50
148560090359,113964,92572483,29/07/26 06:50
148560315475,2238,108681096,29/07/26 06:50
148560393363,40874,102316872,29/07/26 06:50
148560392385,74733,88962987,29/07/26 06:50
148560244063,77790,92189511,29/07/26 06:50
148560214975,64785,81467123,29/07/26 06:50
148560460246,29953,139579754,29/07/26 06:50
148560382763,13834,103521009,29/07/26 06:50
148560116285,221799,71120038,29/07/26 06:50
148560387246,22092,93852362,29/07/26 06:50
148560134285,408,62114094,29/07/26 06:50
148560462263,113778,8364909,29/07/26 06:50
148560232234,43776,81286633,29/07/26 06:50
148560381095,206105,65949574,29/07/26 06:50
148560462785,279058,271161343,29/07/26 06:50
148560121713,220937,89397456,29/07/26 06:50
148560379075,20462,49705567,29/07/26 06:50
148560126963,167342,111864736,29/07/26 06:50
148560225575,28751,104116200,29/07/26 06:50
148560252559,10442,75220614,29/07/26 06:50
148560121567,144793,77595557,29/07/26 06:50
148560266575,652930,70457541,29/07/26 06:50
148562524259,650012,272450865,29/07/26 06:50
148560245134,10491,100693335,29/07/26 06:50
148560140385,147229,76161931,29/07/26 06:50
148560884895,147714,79671245,29/07/26 06:50
148560319867,68865,107101183,29/07/26 06:50
148560306052,12786,89243229,29/07/26 06:50
148560315185,136242,71357329,29/07/26 06:50
148560223313,9539,100596063,29/07/26 06:50
148560321075,153391,58952441,29/07/26 06:50
148560459195,43201,56003729,29/07/26 06:50
148560241285,44212,72790061,29/07/26 06:50
148560114959,445774,64779907,29/07/26 06:50
148560388359,186694,107431705,29/07/26 06:50
148560317585,205010,72603541,29/07/26 06:50
148560317495,31512,66949770,29/07/26 06:50
148560316795,194839,53500263,29/07/26 06:50
148560125175,44752,70471735,29/07/26 06:50
148560314952,26942,49717170,29/07/26 06:50
148560381967,78116,70798419,29/07/26 06:50
148560151559,149071,71428502,29/07/26 06:50
148560222746,31882,45274906,29/07/26 06:50
148562520995,159208,102857683,29/07/26 06:50
148560117752,144846,65814836,29/07/26 06:50
148560392259,65643,54319217,29/07/26 06:50
148560349075,136080,49517623,29/07/26 06:50
148560387752,4057,56921106,29/07/26 06:50
148560076363,4187,44400510,29/07/26 06:50
148560129334,445774,75616415,29/07/26 06:50
148560133067,25540,59108598,29/07/26 06:50
148560225285,10805,93394570,29/07/26 06:50
148560220295,436,43549407,29/07/26 06:50
148562312913,182284,162119029,29/07/26 06:50
148560240867,87966,53058727,29/07/26 06:50
148560313613,189819,109590754,29/07/26 06:50
148560147263,122487,75054025,29/07/26 06:50
148560384413,181392,62625573,29/07/26 06:50
148562471913,7016,11008902,29/07/26 06:50
148560154285,193097,49496421,29/07/26 06:50
148560208195,90249,75276744,29/07/26 06:50
148562404159,138843,189470738,29/07/26 06:50
148562520346,105908,272450831,29/07/26 06:50
148562525046,36644,184608836,29/07/26 06:50
148562523759,64988,216444652,29/07/26 06:50
148560138413,246708,94491452,29/07/26 06:50
148562524575,445774,20417553,29/07/26 06:50
148560222013,49963,86214264,29/07/26 06:50
148562524875,168873,131303226,29/07/26 06:50
148562664634,17193,272450609,29/07/26 06:50
148562405695,191081,118329487,29/07/26 06:50
148560377952,40351,50067605,29/07/26 06:50
148562406375,188262,242781108,29/07/26 06:50
148562668713,183235,105901700,29/07/26 06:50
148560232767,13405,44476001,29/07/26 06:50
148560325285,35734,42495006,29/07/26 06:50
148562522813,181991,46910740,29/07/26 06:50
148560318463,2621,69945995,29/07/26 06:50
148560378085,188676,49623080,29/07/26 06:50
148560226334,204051,63507314,29/07/26 06:50
148560133395,30669,113629718,29/07/26 06:50
148560248363,342607,45380655,29/07/26 06:50
148562594785,68153,272450929,29/07/26 06:50
148562614767,96517,43739997,29/07/26 06:50
148540784934,85053,269190443,29/07/26 06:50
148562669775,189255,184888864,29/07/26 06:50
148562669046,210807,84875752,29/07/26 06:50
148562654952,152046,272451008,29/07/26 06:51
148562657363,217621,246577582,29/07/26 06:51
148562668434,442756,246329174,29/07/26 06:51
148562668367,9499,17239709,29/07/26 06:51
148562704834,114243,105485673,29/07/26 06:51
148562410575,156260,272450734,29/07/26 06:51
148562656063,166555,157350406,29/07/26 06:51
148562704763,136511,225987284,29/07/26 06:51
148562704913,403,272450884,29/07/26 06:51
148562407475,43770,5910613,29/07/26 06:51
148560386752,85790,160400492,29/07/26 06:51
148560316446,191665,114926642,29/07/26 06:51
148560632367,43171,28119293,29/07/26 06:51
148560386263,28079,40840575,29/07/26 06:51
148560378313,132790,11661816,29/07/26 06:51
148560314663,653910,55399780,29/07/26 06:51
148560022546,49881,272448329,29/07/26 06:51
148562425575,187804,257430923,29/07/26 06:51
148560457395,107869,214264177,29/07/26 06:51
148562408152,45834,83398193,29/07/26 06:51
148560315352,184055,254370631,29/07/26 06:51
148562667846,182617,90127795,29/07/26 06:51
148562315852,151233,149319961,29/07/26 06:51
148560474459,42436,34693376,29/07/26 06:51
148560394746,38151,15246271,29/07/26 06:51
148562409513,188371,69499655,29/07/26 06:51
148527418663,558,50293777,29/07/26 06:51
148560697552,106967,41115335,29/07/26 06:51
148562434995,112896,257140733,29/07/26 06:51
148560444146,659497,272448647,29/07/26 06:51
148560385752,179713,28063732,29/07/26 06:51
148560319095,95209,39522083,29/07/26 06:51
148560223159,4982,19070261,29/07/26 06:51
148560230595,165824,22048191,29/07/26 06:51
148560384595,235446,13934981,29/07/26 06:51
148560160634,220938,40782825,29/07/26 06:51
148560628885,21434,272448352,29/07/26 06:51
148560143967,221262,41941417,29/07/26 06:51
148560478034,15677,79421451,29/07/26 06:51
148560126352,145620,11942854,29/07/26 06:51
148559818967,189359,86856174,29/07/26 06:51
148560230246,186342,2413491,29/07/26 06:51
148560135346,74720,95258169,29/07/26 06:51
148562652334,50179,271011988,29/07/26 06:51
148562523563,78255,215907453,29/07/26 06:51
148560130963,192485,14290520,29/07/26 06:51
148560224675,23340,42194236,29/07/26 06:51
148560139367,446147,37683540,29/07/26 06:51
148560140959,7248,6529030,29/07/26 06:51
148560045385,95974,103268175,29/07/26 06:51
148560242752,191489,30913855,29/07/26 06:51
148560124395,653497,37053315,29/07/26 06:51
148560044634,53648,271301505,29/07/26 06:51
148560116775,26337,39780452,29/07/26 06:51
148560386967,207077,12540632,29/07/26 06:51
148560312952,11199,16289657,29/07/26 06:51
148560319195,137852,41029387,29/07/26 06:51
148560375467,129916,8443915,29/07/26 06:51
148560041467,155500,187617536,29/07/26 06:51
148560222652,40294,21822317,29/07/26 06:51
148562553685,167529,272450879,29/07/26 06:51
148560472685,99867,27758372,29/07/26 06:51
148560246452,13656,27883448,29/07/26 06:51
148560057952,117947,34210055,29/07/26 06:51
148560247113,107087,6238821,29/07/26 06:51
148560134852,23819,272448383,29/07/26 06:51
148560045667,68910,117662932,29/07/26 06:51
148560046859,169197,96246119,29/07/26 06:51
148560044795,179475,272448368,29/07/26 06:51
148562672134,33865,64163821,29/07/26 06:51
148560045967,443896,208524602,29/07/26 06:51
148560050363,118281,187174299,29/07/26 06:51
148560039252,184950,272448003,29/07/26 06:51
148560218534,42531,26239540,29/07/26 06:51
148560048052,911,272448355,29/07/26 06:51
148560040567,182790,222112268,29/07/26 06:51
148560129463,181435,34537326,29/07/26 06:51
148560047046,9211,108991289,29/07/26 06:51
148560046575,936,162732888,29/07/26 06:51
148559939513,26960,31894239,29/07/26 06:51
148560132085,186514,202828758,29/07/26 06:51
148560048663,179603,204841778,29/07/26 06:51
148562655295,4229,272451009,29/07/26 06:51
148560039852,192490,272448363,29/07/26 06:51
148560027395,44091,272448342,29/07/26 06:51
148560144767,11070,12446846,29/07/26 06:51
148560048759,178549,189484259,29/07/26 06:51
148560048267,179345,269277225,29/07/26 06:51
148560049375,279058,272447599,29/07/26 06:51
148560131334,149941,4709685,29/07/26 06:51
148463043163,650642,254113988,29/07/26 06:51
148560043946,9461,21797856,29/07/26 06:51
148562429452,193867,2427778,29/07/26 06:51
148560041213,445988,130630265,29/07/26 06:51
148560184195,181453,18205835,29/07/26 06:51
148562596952,211290,144899435,29/07/26 06:51
148562551034,650458,272450853,29/07/26 06:51
148560221834,110534,10570503,29/07/26 06:51
148560044013,658649,159311201,29/07/26 06:51
148562418685,2489,114044405,29/07/26 06:51
148560122063,112449,38950784,29/07/26 06:51
148560047663,11665,161877209,29/07/26 06:51
148562425434,84769,10838093,29/07/26 06:51
148560047567,9497,85523481,29/07/26 06:51
148562542813,27983,208281088,29/07/26 06:51
148562553475,191137,67786757,29/07/26 06:51
148560237446,43849,272448308,29/07/26 06:51
148560048585,191228,272448230,29/07/26 06:51
148560042334,4267,36301466,29/07/26 06:51
148560298485,123783,1619217,29/07/26 06:51
148562412446,25364,141244487,29/07/26 06:51
148562672763,658948,38257263,29/07/26 06:51
148560039385,445988,181180025,29/07/26 06:51
148560043485,29953,272448319,29/07/26 06:51
148560153085,205613,14702424,29/07/26 06:51
148560039585,22079,33549785,29/07/26 06:51
148560041746,87966,212913207,29/07/26 06:51
148560038795,209041,6512497,29/07/26 06:51
148562609652,12962,271050602,29/07/26 06:51
148560458295,213458,211089827,29/07/26 06:51
148562646167,149998,272450967,29/07/26 06:51
148562239595,143928,272450510,29/07/26 06:52
148562706313,179944,272450965,29/07/26 06:52
148562707146,445831,272088615,29/07/26 06:52
148562600495,181647,272450945,29/07/26 06:52
148562554467,650494,271951222,29/07/26 06:52
148560457113,446027,241278371,29/07/26 06:52
148562706634,41842,163071429,29/07/26 06:52
148559734163,192640,272448135,29/07/26 06:52
148560311613,181435,71658526,29/07/26 06:52
148494373859,138858,223928517,29/07/26 06:52
148560243795,183774,119033982,29/07/26 06:52
148559831295,221354,272448124,29/07/26 06:52
148562653152,651481,272450984,29/07/26 06:52
148560026175,74826,269365525,29/07/26 06:52
148562707767,179546,250280624,29/07/26 06:52
148560025063,84838,272448287,29/07/26 06:52
148560020763,34381,236268204,29/07/26 06:52
148560029559,23388,272448340,29/07/26 06:52
148560387146,95708,215991077,29/07/26 06:52
148560028963,22780,251196877,29/07/26 06:52
148560455859,203301,8223026,29/07/26 06:52
148562706975,140407,180301518,29/07/26 06:52
148560243452,84153,33054571,29/07/26 06:52
148562556167,20908,23948875,29/07/26 06:52
148560036713,651268,223083498,29/07/26 06:52
148560028667,156361,272447997,29/07/26 06:52
148560036875,22432,73747466,29/07/26 06:52
148560022775,279058,272448320,29/07/26 06:52
148562554175,167035,272450882,29/07/26 06:52
148560026575,651834,111795394,29/07/26 06:52
148560031113,43279,24782503,29/07/26 06:52
148560002352,20607,34601382,29/07/26 06:52
148560218895,342607,132618449,29/07/26 06:52
148560025346,652317,236931640,29/07/26 06:52
148560035534,41556,272448346,29/07/26 06:52
148560024659,65342,8868639,29/07/26 06:52
148560038185,183983,117106579,29/07/26 06:52
148560032946,6242,272447882,29/07/26 06:52
148560036175,204100,219533113,29/07/26 06:52
148560035885,11656,222264370,29/07/26 06:52
148560393613,105901,272448009,29/07/26 06:52
148560030613,101141,254946633,29/07/26 06:52
148559934385,56074,118029685,29/07/26 06:52
148560024985,165811,14011639,29/07/26 06:52
148560030995,150749,104112233,29/07/26 06:52
148560022367,192449,48631385,29/07/26 06:52
148560470534,55258,272448311,29/07/26 06:52
148560033934,142721,71728459,29/07/26 06:52
148560037163,3493,119027840,29/07/26 06:52
148560017767,114276,55213061,29/07/26 06:52
148560028875,50179,119697038,29/07/26 06:52
148559948834,65482,54800259,29/07/26 06:52
148560026985,2646,215995476,29/07/26 06:52
148559931834,83929,272448275,29/07/26 06:52
148560032813,40620,30083168,29/07/26 06:52
148560029459,126590,132105461,29/07/26 06:52
148560028785,18453,108073200,29/07/26 06:52
148560024375,178199,193151823,29/07/26 06:52
148560020652,257861,142658988,29/07/26 06:52
148560034734,26145,210154017,29/07/26 06:52
148560023159,55620,153165395,29/07/26 06:52
148560038275,180952,253567781,29/07/26 06:52
148560023085,145580,204051223,29/07/26 06:52
148559734367,133886,272448117,29/07/26 06:52
148559974659,113940,186490940,29/07/26 06:52
148559949846,7535,272448298,29/07/26 06:52
148562432785,122560,138516504,29/07/26 06:52
148559938252,74910,59183493,29/07/26 06:52
148560033613,1617,218065606,29/07/26 06:52
148560024852,444530,104107288,29/07/26 06:52
148560020052,186501,227036991,29/07/26 06:52
148562651446,22397,44175764,29/07/26 06:52
148560029085,64982,272448341,29/07/26 06:52
148560019946,156798,55915113,29/07/26 06:52
148562714185,144711,111946950,29/07/26 06:52
148560000452,30569,149862580,29/07/26 06:52
148560024746,138864,133036143,29/07/26 06:52
148560018195,3983,204654055,29/07/26 06:52
148560019895,189133,253887367,29/07/26 06:52
148559949475,28421,269265234,29/07/26 06:52
148559989313,105889,249932650,29/07/26 06:52
148559963675,37228,272448233,29/07/26 06:52
148560029367,38613,272448335,29/07/26 06:52
148559937552,655726,210789537,29/07/26 06:52
148559960863,20411,253532651,29/07/26 06:52
148560014134,27320,108973708,29/07/26 06:52
148560031663,151233,248953942,29/07/26 06:52
148560394534,148483,18048742,29/07/26 06:52
148560220085,37238,127859875,29/07/26 06:52
148562671413,188482,230574256,29/07/26 06:52
148559968775,5505,119743782,29/07/26 06:52
148559999913,40874,272448312,29/07/26 06:52
148562430567,32455,272450726,29/07/26 06:52
148550140575,6867,31164467,29/07/26 06:52
148560021395,35633,10264820,29/07/26 06:52
148559950859,16068,91899020,29/07/26 06:52
148562430259,190086,151198672,29/07/26 06:52
148562556046,21376,256312158,29/07/26 06:52
148562466963,222317,196458307,29/07/26 06:52
148560020146,279058,272448317,29/07/26 06:52
148560023234,132686,123204939,29/07/26 06:52
148559952534,209140,40944476,29/07/26 06:52
148562433559,208179,272450744,29/07/26 06:52
148559917367,147030,109291312,29/07/26 06:52
148562712775,77638,86853957,29/07/26 06:52
148562431313,12085,146549902,29/07/26 06:52
148562706175,37424,222459143,29/07/26 06:52
148559969834,86323,130774782,29/07/26 06:52
148559989795,53096,69174944,29/07/26 06:52
148562661034,68835,241399277,29/07/26 06:52
148562555175,68536,120277873,29/07/26 06:52
148562716046,20728,38973415,29/07/26 06:52
148562711946,1879,146853484,29/07/26 06:52
148559938959,443941,241469484,29/07/26 06:52
148562432063,32312,58821681,29/07/26 06:52
148562434213,152551,272450738,29/07/26 06:52
148562602352,213446,108283112,29/07/26 06:52
148562710352,180509,272450956,29/07/26 06:52
148562554734,98937,121280306,29/07/26 06:52
148562556513,74652,50328234,29/07/26 06:52
148562715195,650134,272451058,29/07/26 06:53
148541993013,182768,97366201,29/07/26 06:53
148559917659,7170,228184620,29/07/26 06:53
148560536146,126208,270675525,29/07/26 06:53
148561103234,41710,17794308,29/07/26 06:53
148559596595,123996,272448002,29/07/26 06:53
148562710213,85035,86885811,29/07/26 06:53
148559828585,20595,272448143,29/07/26 06:53
148559923459,73378,272448260,29/07/26 06:53
148559950252,187614,66324955,29/07/26 06:53
148562716295,603,272451019,29/07/26 06:53
148559945713,4199,247490564,29/07/26 06:53
148559949946,6222,272448261,29/07/26 06:53
148559919352,143513,140773468,29/07/26 06:53
148559929413,186695,199688767,29/07/26 06:53
148561065895,16635,69392169,29/07/26 06:53
148562710575,1262,234006559,29/07/26 06:53
148559074563,177267,67294271,29/07/26 06:53
148559948652,88217,225909731,29/07/26 06:53
148559949063,3092,265717580,29/07/26 06:53
148502740313,141969,30145186,29/07/26 06:53
148559930095,12085,235692557,29/07/26 06:53
148562558685,444900,249225939,29/07/26 06:53
148559936495,28880,271817811,29/07/26 06:53
148559946075,28751,54788318,29/07/26 06:53
148562714795,148894,43337495,29/07/26 06:53
148559940167,3565,77684254,29/07/26 06:53
148559934534,220238,48614219,29/07/26 06:53
148559947595,99583,119187215,29/07/26 06:53
148559948095,29878,184270799,29/07/26 06:53
148559933446,136716,92221549,29/07/26 06:53
148559932375,37546,263602226,29/07/26 06:53
148559916759,179959,91508842,29/07/26 06:53
148559920763,184357,249265234,29/07/26 06:53
148559998913,20806,63120063,29/07/26 06:53
148560135834,105850,101377885,29/07/26 06:53
148559924034,183369,251296900,29/07/26 06:53
148559927575,3368,29934100,29/07/26 06:53
148559936263,85035,36155274,29/07/26 06:53
148559926559,656431,57464864,29/07/26 06:53
148562486563,164001,272349306,29/07/26 06:53
148559922267,158713,111651738,29/07/26 06:53
148559958875,193149,29312554,29/07/26 06:53
148559933659,137437,91573310,29/07/26 06:53
148559935863,181586,265535151,29/07/26 06:53
148559932513,1881,13862334,29/07/26 06:53
148559918875,138245,135861423,29/07/26 06:53
148559967159,21187,181335956,29/07/26 06:53
148559931446,43850,215762804,29/07/26 06:53
148559937752,13719,272448281,29/07/26 06:53
148559924246,27807,65055790,29/07/26 06:53
148559919134,184316,57379256,29/07/26 06:53
148559917859,25833,26697105,29/07/26 06:53
148559938863,100047,93995283,29/07/26 06:53
148562668885,148636,8709019,29/07/26 06:53
148559952167,183956,118759679,29/07/26 06:53
148559945663,189649,252787138,29/07/26 06:53
148559919452,88383,229611194,29/07/26 06:53
148559931159,157838,25554751,29/07/26 06:53
148559933759,44008,102658631,29/07/26 06:53
148559928459,180740,94319291,29/07/26 06:53
148559899913,190770,242283928,29/07/26 06:53
148559925313,180620,261059860,29/07/26 06:53
148559938167,279058,270645387,29/07/26 06:53
148559918052,4672,262852374,29/07/26 06:53
148559907375,177610,24282087,29/07/26 06:53
148559931359,1745,272448272,29/07/26 06:53
148559925434,27304,272448265,29/07/26 06:53
148559940575,442483,145065744,29/07/26 06:53
148559871052,183405,13697380,29/07/26 06:53
148559933175,19840,272448276,29/07/26 06:53
148559932675,95086,111120087,29/07/26 06:53
148559624575,181336,29708353,29/07/26 06:53
148559916685,651481,185886968,29/07/26 06:53
148559924967,216977,67690589,29/07/26 06:53
148559809795,1318,39288698,29/07/26 06:53
148559888259,36849,272448242,29/07/26 06:53
148559924785,20460,125639206,29/07/26 06:53
148559924134,10855,222484507,29/07/26 06:53
148559949195,188629,267755591,29/07/26 06:53
148559888695,118728,191390594,29/07/26 06:53
148559925213,188984,271256607,29/07/26 06:53
148559924646,78843,63867619,29/07/26 06:53
148559939913,27304,272448291,29/07/26 06:53
148559934875,334,183393071,29/07/26 06:53
148559845575,85529,139218287,29/07/26 06:53
148559861652,200118,207354902,29/07/26 06:53
148559844663,650202,272448226,29/07/26 06:53
148559917267,9997,272444070,29/07/26 06:53
148562606967,101119,83410686,29/07/26 06:53
148559926775,182299,214314461,29/07/26 06:53
148559890813,183886,181806456,29/07/26 06:53
148560145513,205009,272448067,29/07/26 06:53
148559916346,181436,272448232,29/07/26 06:53
148559916046,189133,17789092,29/07/26 06:53
148559885759,659720,271250387,29/07/26 06:53
148559881113,177542,6950046,29/07/26 06:53
148562604775,23150,272450961,29/07/26 06:53
148559936159,65790,66001672,29/07/26 06:53
148559918652,138334,272448202,29/07/26 06:53
148559738763,94911,271476461,29/07/26 06:53
148562711852,182144,60134062,29/07/26 06:53
148562607746,151066,56195004,29/07/26 06:53
148559906885,189819,88279060,29/07/26 06:53
148562714685,1425,271519258,29/07/26 06:53
148562715446,182763,209187045,29/07/26 06:53
148562712952,224869,190804209,29/07/26 06:53
148562602595,190825,216452958,29/07/26 06:53
148562522634,178148,272450864,29/07/26 06:53
148562723834,44756,137719509,29/07/26 06:53
148562711152,9952,96121388,29/07/26 06:54
148562719113,15845,204272787,29/07/26 06:54
148562714975,133939,195538128,29/07/26 06:54
148559595859,191880,272447999,29/07/26 06:54
148560820813,101773,236962990,29/07/26 06:54
148559827634,84089,272448194,29/07/26 06:54
148560226446,43203,58987693,29/07/26 06:54
148559836834,6472,129413457,29/07/26 06:54
148558814175,246725,110480920,29/07/26 06:54
148559843675,612,126304066,29/07/26 06:54
148560221452,8824,203470325,29/07/26 06:54
148560118213,189878,272448048,29/07/26 06:54
148559833634,161699,272448199,29/07/26 06:54
148559820846,43597,198741859,29/07/26 06:54
148559840175,38407,35479361,29/07/26 06:54
148559836285,180773,272448182,29/07/26 06:54
148559829585,168563,220369003,29/07/26 06:54
148562725985,166128,187583370,29/07/26 06:54
148559839052,149103,109038581,29/07/26 06:54
148559827975,182473,53120438,29/07/26 06:54
148559834646,180548,272448063,29/07/26 06:54
148559731952,31958,239829630,29/07/26 06:54
148559843485,279058,272448218,29/07/26 06:54
148559815546,445774,117147146,29/07/26 06:54
148559843559,144934,53463028,29/07/26 06:54
148559833352,172377,183784501,29/07/26 06:54
148559826663,446071,224001068,29/07/26 06:54
148559831613,147217,67367300,29/07/26 06:54
148562716859,7166,272139566,29/07/26 06:54
148562655163,167470,14580228,29/07/26 06:54
148559834834,166463,35489317,29/07/26 06:54
148559829952,187461,100844227,29/07/26 06:54
148559835167,158910,135121177,29/07/26 06:54
148559472195,27304,205824601,29/07/26 06:54
148559813746,9565,24892364,29/07/26 06:54
148559837234,10656,271727643,29/07/26 06:54
148559831085,37614,255449627,29/07/26 06:54
148559837863,56051,38960931,29/07/26 06:54
148559819285,6204,129864921,29/07/26 06:54
148562661346,21362,84434006,29/07/26 06:54
148562728159,173982,78781818,29/07/26 06:54
148559832075,182529,120292596,29/07/26 06:54
148559832263,445918,263433064,29/07/26 06:54
148559839552,36849,272448200,29/07/26 06:54
148559817959,33876,229184237,29/07/26 06:54
148559817552,258229,72238332,29/07/26 06:54
148559844459,188649,25263490,29/07/26 06:54
148559813195,650587,53635788,29/07/26 06:54
148559814134,5040,121216131,29/07/26 06:54
148559826034,6,238148891,29/07/26 06:54
148559782846,184455,13935953,29/07/26 06:54
148559824313,31598,24000006,29/07/26 06:54
148559817652,191085,109367648,29/07/26 06:54
148559819485,176790,237106653,29/07/26 06:54
148559828275,215242,250969280,29/07/26 06:54
148562558146,137687,272450888,29/07/26 06:54
148559843785,22782,58802620,29/07/26 06:54
148559802695,208183,194394625,29/07/26 06:54
148559810663,8976,102650298,29/07/26 06:54
148559842034,216748,272448221,29/07/26 06:54
148560764985,174025,218067453,29/07/26 06:54
148559736634,442060,264708122,29/07/26 06:54
148559830463,189154,213636124,29/07/26 06:54
148559811534,26473,161850531,29/07/26 06:54
148559814075,95305,272448111,29/07/26 06:54
148559816485,179372,11958120,29/07/26 06:54
148559799663,163764,272448134,29/07/26 06:54
148559813613,21187,91453197,29/07/26 06:54
148562434685,132735,110518491,29/07/26 06:54
148559810413,446163,272448165,29/07/26 06:54
148559841175,25150,58947452,29/07/26 06:54
148559601963,180735,19356514,29/07/26 06:54
148559835267,11731,248177960,29/07/26 06:54
148559835459,23241,187916074,29/07/26 06:54
148559811167,99351,135767412,29/07/26 06:54
148559739485,55643,250724936,29/07/26 06:54
148559736575,9442,24232452,29/07/26 06:54
148562438563,20454,79031677,29/07/26 06:54
148559806759,2619,120063739,29/07/26 06:54
148559844985,118717,220595434,29/07/26 06:54
148559773163,659067,252865467,29/07/26 06:54
148562563934,179411,120135261,29/07/26 06:54
148562559246,28763,100571818,29/07/26 06:54
148562440663,216673,272450761,29/07/26 06:54
148559787263,279058,272448153,29/07/26 06:54
148559812375,39194,209559832,29/07/26 06:54
148559732852,178951,272448122,29/07/26 06:54
148562481452,148140,265049731,29/07/26 06:54
148559739313,31915,272448138,29/07/26 06:54
148559819646,187004,209894323,29/07/26 06:54
148559818552,50025,104718446,29/07/26 06:54
148559832546,193211,163814446,29/07/26 06:54
148559479195,6454,118589681,29/07/26 06:54
148562562995,183280,184281245,29/07/26 06:54
148559736052,343,110970450,29/07/26 06:54
148559827859,139661,20938816,29/07/26 06:54
148562665046,43171,133361762,29/07/26 06:54
148562560395,189619,46160332,29/07/26 06:54
148559757575,64805,83322123,29/07/26 06:54
148562667713,137284,11358484,29/07/26 06:54
148560615459,90453,272398891,29/07/26 06:54
148562439959,362809,34058545,29/07/26 06:54
148559735559,7720,272448043,29/07/26 06:54
148559817763,205235,108637954,29/07/26 06:54
148562568834,167578,124896827,29/07/26 06:54
148562561867,386,92930083,29/07/26 06:54
148562435395,229366,11825649,29/07/26 06:54
148562248452,5817,268522962,29/07/26 06:54
148559547675,651074,272447947,29/07/26 06:54
148562561395,151482,205847315,29/07/26 06:54
148562720967,20954,86127592,29/07/26 06:54
148559771495,187281,35413625,29/07/26 06:54
148559815295,4417,60386080,29/07/26 06:54
148559783759,35195,24690159,29/07/26 06:54
148559738613,55829,266869883,29/07/26 06:54
148562611667,154131,17995775,29/07/26 06:54
148562663046,1691,115642092,29/07/26 06:54
148562566467,191234,272450916,29/07/26 06:54
148562652575,39158,271960913,29/07/26 06:54
148562729285,5967,245931963,29/07/26 06:54
148548486159,207564,99272039,29/07/26 06:54
148546039367,177711,269408934,29/07/26 06:55
148562672052,41768,222324679,29/07/26 06:55
148560234634,190711,272448487,29/07/26 06:55
148562613713,108220,149680628,29/07/26 06:55
148559605275,1264,272448017,29/07/26 06:55
148560406159,27304,128430248,29/07/26 06:55
148559608785,173812,272448025,29/07/26 06:55
148559599759,26050,272448008,29/07/26 06:55
148562728259,81277,205978764,29/07/26 06:55
148529530395,166856,2385240,29/07/26 06:55
148559746485,122807,185427894,29/07/26 06:55
148559730852,28780,57815259,29/07/26 06:55
148559752685,26603,35333207,29/07/26 06:55
148559714559,40408,9983716,29/07/26 06:55
148559712434,819,252165854,29/07/26 06:55
148560295834,38287,246139298,29/07/26 06:55
148559714646,18625,1553400,29/07/26 06:55
148559712167,6222,113508936,29/07/26 06:55
148559734259,193542,151447368,29/07/26 06:55
148559722675,33712,272448095,29/07/26 06:55
148562568495,167035,272450845,29/07/26 06:55
148559718046,179202,163102272,29/07/26 06:55
148558961067,35667,242829531,29/07/26 06:55
148559733195,23336,74485178,29/07/26 06:55
148559719734,30019,158890887,29/07/26 06:55
148559776563,122152,87396404,29/07/26 06:55
148559712046,3118,161556798,29/07/26 06:55
148562720063,167035,272451067,29/07/26 06:55
148559727485,80957,257406476,29/07/26 06:55
148559598146,42705,272448006,29/07/26 06:55
148559742985,184886,272448148,29/07/26 06:55
148559725067,911,82049536,29/07/26 06:55
148559762459,45521,272448150,29/07/26 06:55
148559715452,185520,110196144,29/07/26 06:55
148532530767,443773,25007408,29/07/26 06:55
148559727575,191616,149868401,29/07/26 06:55
148559760559,445918,141957493,29/07/26 06:55
148559709934,221686,272447919,29/07/26 06:55
148559728352,23671,112068931,29/07/26 06:55
148559483167,216804,194119738,29/07/26 06:55
148559732185,55062,61087520,29/07/26 06:55
148559711485,11234,151497624,29/07/26 06:55
148559716234,53056,272448090,29/07/26 06:55
148559621095,22950,61209458,29/07/26 06:55
148559705275,221262,102858066,29/07/26 06:55
148559707846,20974,217189930,29/07/26 06:55
148559623285,45812,146686492,29/07/26 06:55
148562565685,126590,271425538,29/07/26 06:55
148559707567,22789,99801408,29/07/26 06:55
148559766975,158713,130066679,29/07/26 06:55
148559729475,656235,39962664,29/07/26 06:55
148559723559,214483,247865913,29/07/26 06:55
148559623667,186096,248941314,29/07/26 06:55
148559681446,50721,196867660,29/07/26 06:55
148559707295,12129,132109613,29/07/26 06:55
148559706585,166786,225456114,29/07/26 06:55
148548187934,9950,58406510,29/07/26 06:55
148559724395,207461,161248955,29/07/26 06:55
148559702395,45880,149807476,29/07/26 06:55
148559725595,186982,250671528,29/07/26 06:55
148559724167,257683,225349000,29/07/26 06:55
148559714175,120988,193247776,29/07/26 06:55
148559713813,6454,47912276,29/07/26 06:55
148559708146,6659,38489793,29/07/26 06:55
148559615267,177429,233185121,29/07/26 06:55
148559615846,36274,100922490,29/07/26 06:55
148559703052,42504,245728347,29/07/26 06:55
148559718885,166857,272448093,29/07/26 06:55
148559623595,40700,103127630,29/07/26 06:55
148559704552,167158,146686280,29/07/26 06:55
148559710567,14677,42813337,29/07/26 06:55
148559613867,55643,271171923,29/07/26 06:55
148559722885,346997,135763642,29/07/26 06:55
148559717452,218062,109625030,29/07/26 06:55
148559716534,180730,267158657,29/07/26 06:55
148559715646,179360,123350178,29/07/26 06:55
148559620095,130018,147668374,29/07/26 06:55
148559619552,132155,197625146,29/07/26 06:55
148559609759,6039,63642705,29/07/26 06:55
148559706159,178355,115749520,29/07/26 06:55
148559725934,2979,184009552,29/07/26 06:55
148559705113,102077,94584707,29/07/26 06:55
148559690085,185942,263394106,29/07/26 06:55
148541134546,181330,271059297,29/07/26 06:55
148559706459,36686,27907536,29/07/26 06:55
148559701913,27713,272448057,29/07/26 06:55
148559683995,184299,272448033,29/07/26 06:55
148559711259,157092,119676032,29/07/26 06:55
148559614746,207077,24505452,29/07/26 06:55
148559716967,77920,122421748,29/07/26 06:55
148559728295,151552,42072096,29/07/26 06:55
148559702446,9220,101235828,29/07/26 06:55
148559726695,181297,272448114,29/07/26 06:55
148559615413,207174,32708786,29/07/26 06:55
148559685267,177646,133316954,29/07/26 06:55
148559614063,12757,153396926,29/07/26 06:55
148559553252,21867,139715988,29/07/26 06:55
148562724534,224869,253758017,29/07/26 06:55
148559713659,194421,13173343,29/07/26 06:55
148562725759,192199,249035997,29/07/26 06:55
148562588052,3348,16617452,29/07/26 06:55
148559610934,6222,196363549,29/07/26 06:55
148562724059,525,75757498,29/07/26 06:55
148559706267,364,257060262,29/07/26 06:55
148550079185,180549,93125655,29/07/26 06:55
148562650795,20873,272450999,29/07/26 06:55
148513203546,9993,199144413,29/07/26 06:55
148562722552,179475,272451069,29/07/26 06:55
148562709885,186116,105376943,29/07/26 06:55
148562645052,38414,272450948,29/07/26 06:55
148562757475,650528,6709706,29/07/26 06:56
148562647267,222108,20778333,29/07/26 06:56
148562711713,116631,272451049,29/07/26 06:56
148562670659,8562,102000852,29/07/26 06:56
148562564846,32822,272450912,29/07/26 06:56
148562755463,446035,239937997,29/07/26 06:56
148562755863,167035,272294060,29/07/26 06:56
148562755775,182770,248946045,29/07/26 06:56
148562755667,226829,268881916,29/07/26 06:56
148562569059,29652,97843676,29/07/26 06:56
148562440859,40997,272450740,29/07/26 06:56
148562444085,7529,272450772,29/07/26 06:56
148560303946,95424,86022771,29/07/26 06:56
148559374575,140291,272447861,29/07/26 06:56
148560322813,9180,272448573,29/07/26 06:56
148560306395,153764,92745400,29/07/26 06:56
148559622195,187374,272448051,29/07/26 06:56
148560305895,85072,54469868,29/07/26 06:56
148562443252,129206,102783794,29/07/26 06:56
148562442546,4690,74895568,29/07/26 06:56
148562444413,656066,126349451,29/07/26 06:56
148562756185,20182,263577324,29/07/26 06:56
148559214734,86179,122748885,29/07/26 06:56
148560379334,35121,38627575,29/07/26 06:56
148559599295,793,88774665,29/07/26 06:56
148559619763,137799,92938230,29/07/26 06:56
148559489252,74968,142178882,29/07/26 06:56
148562568652,41136,225576005,29/07/26 06:56
148562443585,43202,272450768,29/07/26 06:56
148559558067,29812,64264812,29/07/26 06:56
148559604346,204162,104330374,29/07/26 06:56
148559607875,189866,45510096,29/07/26 06:56
148559541113,34156,212967745,29/07/26 06:56
148559615759,105843,163440737,29/07/26 06:56
148559626846,221173,225025289,29/07/26 06:56
148559605446,650,146392779,29/07/26 06:56
148562441859,28369,14021690,29/07/26 06:56
148560390385,32810,131575655,29/07/26 06:56
148559591913,186389,259143617,29/07/26 06:56
148559560485,14,232038965,29/07/26 06:56
148559560959,21384,243835228,29/07/26 06:56
148559612313,11199,62297840,29/07/26 06:56
148559613695,192911,78131841,29/07/26 06:56
148559600752,222642,94038986,29/07/26 06:56
148559618646,30049,118624928,29/07/26 06:56
148559599034,208738,182797416,29/07/26 06:56
148559616934,27213,37362101,29/07/26 06:56
148562608185,84889,2243603,29/07/26 06:56
148559532934,137352,65851254,29/07/26 06:56
148559610885,184857,83935170,29/07/26 06:56
148549039534,315646,60508236,29/07/26 06:56
148559574059,168699,272447968,29/07/26 06:56
148562649834,181802,250916655,29/07/26 06:56
148559626463,38566,3528743,29/07/26 06:56
148559598263,1874,272447949,29/07/26 06:56
148559471663,29411,272447875,29/07/26 06:56
148559587713,42626,254562137,29/07/26 06:56
148559550213,156539,269832336,29/07/26 06:56
148561193375,36887,264674625,29/07/26 06:56
148559606434,41410,116781815,29/07/26 06:56
148559593559,107211,38232029,29/07/26 06:56
148559599552,190823,184875763,29/07/26 06:56
148559608446,191234,244183559,29/07/26 06:56
148559536859,95725,129809665,29/07/26 06:56
148559531995,106037,272447957,29/07/26 06:56
148560119013,152046,272447777,29/07/26 06:56
148560323575,88491,272448574,29/07/26 06:56
148559242175,24944,139936470,29/07/26 06:56
148562728013,23622,148247420,29/07/26 06:56
148559512385,939,18870689,29/07/26 06:56
148562587659,650500,252668215,29/07/26 06:56
148562468252,651190,19096070,29/07/26 06:56
148559606275,187146,16062947,29/07/26 06:56
148559593352,8422,73741546,29/07/26 06:56
148559593934,443278,239174830,29/07/26 06:56
148562555934,146413,59199299,29/07/26 06:56
148559600846,24106,272200093,29/07/26 06:56
148562464667,88444,226604873,29/07/26 06:56
148559173859,187016,242944338,29/07/26 06:56
148559559234,228884,238564827,29/07/26 06:56
148559509275,445774,76346399,29/07/26 06:56
148558960234,21059,265282278,29/07/26 06:56
148559527585,178214,107584380,29/07/26 06:56
148559225934,11190,227030978,29/07/26 06:56
148559373295,3467,244338709,29/07/26 06:56
148559606513,84685,272447519,29/07/26 06:56
148559605063,224473,272447946,29/07/26 06:56
148562595167,176223,71756874,29/07/26 06:56
148559509067,143193,272280593,29/07/26 06:56
148559234585,74197,109367584,29/07/26 06:56
148562724346,27305,272451072,29/07/26 06:56
148559348485,334,102252657,29/07/26 06:56
148559599346,24786,25729064,29/07/26 06:56
148559550175,114206,67364991,29/07/26 06:56
148559600934,26779,190525182,29/07/26 06:56
148559561613,11442,59968997,29/07/26 06:56
148562469552,18165,143120127,29/07/26 06:56
148559342646,184975,269396283,29/07/26 06:56
148559603759,40874,272448004,29/07/26 06:56
148559617752,192770,272448001,29/07/26 06:56
148562758234,189399,92174346,29/07/26 06:56
148559596385,20874,218980643,29/07/26 06:56
148562467895,445774,41101862,29/07/26 06:56
148559618346,9791,34473354,29/07/26 06:56
148559571663,163764,272447927,29/07/26 06:56
148562603485,193882,130921837,29/07/26 06:56
148562592913,179006,272450924,29/07/26 06:56
148559593434,121257,245857086,29/07/26 06:56
148562468695,443173,24521001,29/07/26 06:56
148559499595,31162,272447937,29/07/26 06:56
148559613463,166960,15017341,29/07/26 06:56
148559338813,30023,125278316,29/07/26 06:56
148559242052,6222,234856844,29/07/26 06:56
148559358163,445934,116186615,29/07/26 06:56
148559461452,65664,184221952,29/07/26 06:56
148562594667,80296,56483767,29/07/26 06:56
148562591952,68836,131066064,29/07/26 06:56
148562467475,155571,157603878,29/07/26 06:56
148559368052,5261,36816719,29/07/26 06:56
148559373975,655726,272447859,29/07/26 06:56
148559248352,160204,113759348,29/07/26 06:56
148562757934,52930,187996837,29/07/26 06:56
148562467367,222226,210503437,29/07/26 06:56
148562469813,5396,60359058,29/07/26 06:56
148562728963,13812,52583845,29/07/26 06:56
148559226034,23355,272447625,29/07/26 06:56
148559223352,224700,120753608,29/07/26 06:56
148562466146,222145,272450771,29/07/26 06:56
148562594975,188676,242325638,29/07/26 06:56
148562651085,78263,146089015,29/07/26 06:56
148543241759,165867,101453180,29/07/26 06:56
148562651667,34768,71626609,29/07/26 06:56
148562662075,55687,71839516,29/07/26 06:56
148562756452,157333,142919308,29/07/26 06:57
148562724185,236912,18232433,29/07/26 06:57
148562724446,181007,211764951,29/07/26 06:57
148560404852,118257,272448637,29/07/26 06:57
148560393752,55200,203591655,29/07/26 06:57
148560301634,41842,272448532,29/07/26 06:57
148560397246,16026,14509181,29/07/26 06:57
148560302285,44785,38512086,29/07/26 06:57
148560299875,187103,272387483,29/07/26 06:57
148560298052,41414,238195305,29/07/26 06:57
148546713634,30614,271230209,29/07/26 06:57
148560399159,146545,246919163,29/07/26 06:57
148560436359,192288,221484500,29/07/26 06:57
148548242595,2475,145411307,29/07/26 06:57
148560285595,221282,106288744,29/07/26 06:57
148560248463,203425,272448518,29/07/26 06:57
148551266267,32822,272440851,29/07/26 06:57
148560247867,12851,13940866,29/07/26 06:57
148560268159,216141,272081007,29/07/26 06:57
148492174752,21023,91134627,29/07/26 06:57
148560290752,10146,88363117,29/07/26 06:57
148560419613,166008,272448642,29/07/26 06:57
148560401563,189902,272448633,29/07/26 06:57
148541965234,39305,60639600,29/07/26 06:57
148560379552,166380,272448590,29/07/26 06:57
148562597485,167035,272450933,29/07/26 06:57
148562757046,167035,272451092,29/07/26 06:57
148551769052,155671,97658627,29/07/26 06:57
148560326375,191481,24646883,29/07/26 06:57
148560325334,184929,152560883,29/07/26 06:57
148562721185,10813,155495279,29/07/26 06:57
148560295913,166173,77397195,29/07/26 06:57
148552432967,7424,272442060,29/07/26 06:57
148560242875,5521,85172133,29/07/26 06:57
148551951252,221488,256034926,29/07/26 06:57
148560247985,42771,90244567,29/07/26 06:57
148558932046,94770,244636343,29/07/26 06:57
148560400734,182046,60020477,29/07/26 06:57
148562718775,7103,22900836,29/07/26 06:57
148558949795,26820,192290222,29/07/26 06:57
148552049485,226870,113184020,29/07/26 06:57
148558838352,26337,272446905,29/07/26 06:57
148551909652,280413,256294948,29/07/26 06:57
148552406813,186215,57450865,29/07/26 06:57
148562598113,143358,272450940,29/07/26 06:57
148552131285,30613,272433098,29/07/26 06:57
148562652834,10430,120705582,29/07/26 06:57
148546618959,172377,196406724,29/07/26 06:57
148551640846,143595,73765193,29/07/26 06:57
148551153759,85600,269871651,29/07/26 06:57
148552359695,35857,21200293,29/07/26 06:57
148552202463,6222,44284798,29/07/26 06:57
148552450367,11705,247534239,29/07/26 06:57
148503083675,166786,271310435,29/07/26 06:57
148558773352,187983,272447312,29/07/26 06:57
148552419234,215987,203041709,29/07/26 06:57
148552033346,32771,161020544,29/07/26 06:57
148551684075,9615,12409163,29/07/26 06:57
148551672485,2106,72227194,29/07/26 06:57
148552219885,29411,272440285,29/07/26 06:57
148559092152,36607,10273640,29/07/26 06:57
148562361767,208354,235730868,29/07/26 06:57
148552264867,2646,90886399,29/07/26 06:57
148559066259,9615,212581177,29/07/26 06:57
148551702363,72879,263775278,29/07/26 06:57
148552124663,94797,23688916,29/07/26 06:57
148551443485,89628,53117472,29/07/26 06:57
148552116146,164275,93946758,29/07/26 06:57
148549597885,178951,272439647,29/07/26 06:57
148562763746,149861,105523419,29/07/26 06:57
148562762775,177045,245029567,29/07/26 06:57
148562730867,206036,32259490,29/07/26 06:57
148509290134,32822,269583179,29/07/26 06:57
148562758134,8396,221357904,29/07/26 06:57
148562766459,180918,247145391,29/07/26 06:57
148562671334,22408,223278801,29/07/26 06:57
148562770034,166875,31621187,29/07/26 06:57
148562558763,160379,272450900,29/07/26 06:57
148562763495,229775,50002184,29/07/26 06:57
148562712513,134086,162589867,29/07/26 06:57
148562765695,442483,271963743,29/07/26 06:57
148562760485,181865,272451083,29/07/26 06:57
148562759185,180875,272451077,29/07/26 06:58
148562730785,30023,272451089,29/07/26 06:58
148562766546,88030,67325618,29/07/26 06:58
148562762534,180198,20628302,29/07/26 06:58
148562467995,42721,254766947,29/07/26 06:58
148547806913,168542,272438178,29/07/26 06:58
148526560695,26144,11284477,29/07/26 06:58
148550427252,189586,89805095,29/07/26 06:58
148551175075,137165,271944469,29/07/26 06:58
148551133352,225816,245477015,29/07/26 06:58
148560243934,84397,242837062,29/07/26 06:58
148550583967,188048,272435110,29/07/26 06:58
148549790667,182851,237959670,29/07/26 06:58
148549692413,221163,256537323,29/07/26 06:58
148560400975,180287,198740206,29/07/26 06:58
148560951095,2475,50382860,29/07/26 06:58
148549575952,20607,272439744,29/07/26 06:58
148560290213,132574,118454186,29/07/26 06:58
148562726863,114182,143970441,29/07/26 06:58
148562603995,85868,268576245,29/07/26 06:58
148560393534,42876,119808076,29/07/26 06:58
148550066846,46001,60651723,29/07/26 06:58
148560389934,190067,265556995,29/07/26 06:58
148550888352,28036,272440854,29/07/26 06:58
148549547563,219289,272282224,29/07/26 06:58
148550610585,155463,234989565,29/07/26 06:58
148562768375,181089,49258011,29/07/26 06:58
148542413713,188967,272110984,29/07/26 06:58
148562601313,179987,272450939,29/07/26 06:58
148562596034,158139,24576386,29/07/26 06:58
148549854959,36125,16527250,29/07/26 06:58
148560404959,1262,253727254,29/07/26 06:58
148551187395,42477,27695441,29/07/26 06:58
148562598663,185344,59411078,29/07/26 06:58
148562600885,442756,70789397,29/07/26 06:58
148550647813,650477,247666450,29/07/26 06:58
148562717259,186034,250643222,29/07/26 06:58
148547358146,2020,272437803,29/07/26 06:58
148550985875,650,131221944,29/07/26 06:58
148549793467,9758,15470509,29/07/26 06:58
148550397952,192317,45888663,29/07/26 06:58
148562598875,182638,134337084,29/07/26 06:58
148549733846,650545,271876789,29/07/26 06:58
148562659213,129304,149532762,29/07/26 06:58
148550840546,39239,270828132,29/07/26 06:58
148562763634,655074,121399048,29/07/26 06:58
148549962863,183956,36358806,29/07/26 06:58
148562471363,4209,128781756,29/07/26 06:58
148551092734,158160,70240283,29/07/26 06:58
148548990885,35721,272439334,29/07/26 06:58
148562660413,146214,41887076,29/07/26 06:58
148551379834,133021,7118521,29/07/26 06:58
148549939263,220393,272440051,29/07/26 06:58
148549518334,1883,3704330,29/07/26 06:58
148549736867,80506,204001860,29/07/26 06:58
148549789085,31566,37631575,29/07/26 06:58
148562602013,22111,28775492,29/07/26 06:58
148551132746,181338,242823962,29/07/26 06:58
148549589552,178034,159293115,29/07/26 06:58
148562601059,5632,48793108,29/07/26 06:58
148562597059,188672,272450926,29/07/26 06:58
148562766195,6430,237365760,29/07/26 06:58
148562597267,445774,19588141,29/07/26 06:58
148551223634,68518,152853480,29/07/26 06:58
148562473613,117132,242467045,29/07/26 06:58
148562482063,1738,272450800,29/07/26 06:58
148562706067,98872,272450942,29/07/26 06:58
148562727685,192075,270779222,29/07/26 06:58
148521708063,148851,123658955,29/07/26 06:58
148516421252,164275,216238259,29/07/26 06:58
148562719763,221332,8519255,29/07/26 06:58
148562770267,55984,196841994,29/07/26 06:58
148562772775,5890,159593914,29/07/26 06:58
148562713463,38696,272451054,29/07/26 06:58
148562769934,42099,59599184,29/07/26 06:58
148562604934,216875,271728482,29/07/26 06:58
148562663246,2970,243371165,29/07/26 06:58
148562766385,102077,272451109,29/07/26 06:58
148562763885,9219,272451102,29/07/26 06:58
148562725495,184347,272451078,29/07/26 06:58
148562662452,193640,272451020,29/07/26 06:59
148562762659,11198,272451098,29/07/26 06:59
148519353875,2603,241608163,29/07/26 06:59
148549313834,1252,263633925,29/07/26 06:59
148526547775,24808,9657194,29/07/26 06:59
148549348785,138275,78803208,29/07/26 06:59
148548602659,659067,262388339,29/07/26 06:59
148549268413,654656,8549563,29/07/26 06:59
148549039134,80185,60266208,29/07/26 06:59
148549048195,53,71229712,29/07/26 06:59
148548945075,3352,110834161,29/07/26 06:59
148546711534,32749,272437285,29/07/26 06:59
148562666585,40595,68330317,29/07/26 06:59
148560394646,24772,246009304,29/07/26 06:59
148503187795,178355,271567037,29/07/26 06:59
148560380985,184971,272448591,29/07/26 06:59
148548614985,18779,268758730,29/07/26 06:59
148548526046,6059,40116964,29/07/26 06:59
148548530385,30267,92199079,29/07/26 06:59
148560395546,168748,78372111,29/07/26 06:59
148562764734,186531,52575701,29/07/26 06:59
148548635346,5850,189298738,29/07/26 06:59
148549379095,99386,270988565,29/07/26 06:59
148549036775,32951,57281390,29/07/26 06:59
148548650967,18682,238941486,29/07/26 06:59
148562466052,34171,247017990,29/07/26 06:59
148549352752,180552,86174492,29/07/26 06:59
148548962659,177532,55896085,29/07/26 06:59
148548176567,8864,40418176,29/07/26 06:59
148548398134,213429,272438453,29/07/26 06:59
148549065246,184950,93819848,29/07/26 06:59
148562768675,222131,111666918,29/07/26 06:59
148548468995,183931,272437317,29/07/26 06:59
148548612485,21758,267098231,29/07/26 06:59
148515551663,23941,67383080,29/07/26 06:59
148560389652,23195,78290615,29/07/26 06:59
148548983252,84153,268095495,29/07/26 06:59
148549165367,29076,100677998,29/07/26 06:59
148548383995,28794,238427988,29/07/26 06:59
148548377952,4402,272347684,29/07/26 06:59
148562483167,445934,253817318,29/07/26 06:59
148560386652,152882,89015428,29/07/26 06:59
148548491895,41500,109300757,29/07/26 06:59
148560320446,20479,40878353,29/07/26 06:59
148548045963,21006,272438239,29/07/26 06:59
148548945775,158068,148746521,29/07/26 06:59
148548887913,27941,208938440,29/07/26 06:59
148562609167,154744,272450963,29/07/26 06:59
148549232959,183300,272439546,29/07/26 06:59
148548345446,147428,264527285,29/07/26 06:59
148548911085,8816,246709916,29/07/26 06:59
148562605359,20692,253973949,29/07/26 06:59
148498018875,42006,83646111,29/07/26 06:59
148548403685,80423,184889630,29/07/26 06:59
148548488346,27036,189841882,29/07/26 06:59
148549435659,10908,272437364,29/07/26 06:59
148562602795,19945,134041430,29/07/26 06:59
148562605946,180204,62783397,29/07/26 06:59
148549506534,104210,60942597,29/07/26 06:59
148562477863,94919,115245281,29/07/26 06:59
148548162785,116631,107506854,29/07/26 06:59
148562601767,9758,47246598,29/07/26 06:59
148547776963,190478,272438002,29/07/26 06:59
148562604267,87744,226222956,29/07/26 06:59
148562475475,214644,272450790,29/07/26 06:59
148562609759,151215,157065105,29/07/26 06:59
148562606085,659721,65125178,29/07/26 06:59
148500400659,419,155974395,29/07/26 06:59
148548682563,69474,17895157,29/07/26 06:59
148549207134,36196,95753784,29/07/26 06:59
148562475375,139378,1961119,29/07/26 06:59
148562481685,109094,41226608,29/07/26 06:59
148549129034,181062,245285267,29/07/26 06:59
148562605467,31646,271984650,29/07/26 06:59
148466046246,35490,37411282,29/07/26 06:59
148562481885,32243,82738312,29/07/26 06:59
148562606285,4209,157709609,29/07/26 06:59
148562773546,177607,20815057,29/07/26 06:59
148562610259,1318,35255186,29/07/26 06:59
148562610113,185201,127120803,29/07/26 06:59
148548697359,105851,268007821,29/07/26 06:59
148548134013,39080,272437985,29/07/26 06:59
148562481375,177889,42114487,29/07/26 06:59
148562610413,184852,134177411,29/07/26 06:59
148562604563,24750,49563575,29/07/26 06:59
148562669495,74494,94518838,29/07/26 06:59
148490200467,41489,48249451,29/07/26 06:59
148548632767,16117,60991496,29/07/26 06:59
148562724613,20757,155642641,29/07/26 06:59
148562668513,180955,23956226,29/07/26 06:59
148562772146,21244,182546631,29/07/26 06:59
148562668675,155111,272405855,29/07/26 06:59
148561741867,42152,188323114,29/07/26 06:59
148562672434,24593,51664006,29/07/26 06:59
148562671559,113695,255529926,29/07/26 06:59
148562728863,123965,52806693,29/07/26 06:59
148562671746,7166,181697803,29/07/26 06:59
148562672275,444863,272451036,29/07/26 07:00
148562672595,73177,272451037,29/07/26 07:00
148562727534,179785,239092255,29/07/26 07:00
148548267263,32202,162750340,29/07/26 07:00
148546331746,27553,272436912,29/07/26 07:00
148548010067,43579,270093479,29/07/26 07:00
148548332013,3522,78414906,29/07/26 07:00
148548001552,163643,266079814,29/07/26 07:00
148547852675,68131,246877392,29/07/26 07:00
148547414167,24576,272437789,29/07/26 07:00
148547715634,178491,253068297,29/07/26 07:00
148560318067,190937,11560055,29/07/26 07:00
148548026259,38178,100017784,29/07/26 07:00
148548021259,87986,272437824,29/07/26 07:00
148560388046,107908,222459458,29/07/26 07:00
148546580363,182495,257500091,29/07/26 07:00
148547549263,10876,36218081,29/07/26 07:00
148548109746,156959,185370739,29/07/26 07:00
148560392752,25573,224837195,29/07/26 07:00
148560225867,50341,138674725,29/07/26 07:00
148547741259,84835,48951963,29/07/26 07:00
148562668175,167517,272451027,29/07/26 07:00
148547665452,30017,121212214,29/07/26 07:00
148548012546,43795,270901296,29/07/26 07:00
148546989134,7816,41081265,29/07/26 07:00
148547419375,210540,272436657,29/07/26 07:00
148547846713,1425,159230948,29/07/26 07:00
148562616595,180210,270815173,29/07/26 07:00
148547725052,7622,5702189,29/07/26 07:00
148548068667,186120,195005573,29/07/26 07:00
148494640095,13079,72136697,29/07/26 07:00
148547941259,34583,146113067,29/07/26 07:00
148562773775,156186,266515344,29/07/26 07:00
148562774867,182265,107506862,29/07/26 07:00
148562512075,166560,185230795,29/07/26 07:00
148547264995,124001,26729742,29/07/26 07:00
148548325246,169285,31693406,29/07/26 07:00
148561573559,121362,210724148,29/07/26 07:00
148547808113,28668,69334622,29/07/26 07:00
148547611513,107211,80686942,29/07/26 07:00
148547833734,445299,202376442,29/07/26 07:00
148541937652,102077,75346022,29/07/26 07:00
148547547146,191537,142915048,29/07/26 07:00
148546971295,50002,149258866,29/07/26 07:00
148547250459,182092,213614439,29/07/26 07:00
148547275234,445100,79942968,29/07/26 07:00
148512389913,143119,77604049,29/07/26 07:00
148503395934,40591,189162236,29/07/26 07:00
148547536852,52810,11239037,29/07/26 07:00
148562485295,127389,3143278,29/07/26 07:00
148547173975,150881,79973587,29/07/26 07:00
148504317085,22352,110481388,29/07/26 07:00
148547264234,171913,17264384,29/07/26 07:00
148562486695,165304,10534813,29/07/26 07:00
148562619852,174215,272450979,29/07/26 07:00
148546987813,24121,151014278,29/07/26 07:00
148562611995,181214,181313419,29/07/26 07:00
148547285059,10017,118701509,29/07/26 07:00
148562780159,43201,98446077,29/07/26 07:00
148546645595,15320,272393299,29/07/26 07:00
148562482275,39994,272450804,29/07/26 07:00
148562614834,6739,243799065,29/07/26 07:00
148562773346,443243,21817001,29/07/26 07:00
148562779395,177154,272033063,29/07/26 07:00
148547254385,192537,134859107,29/07/26 07:00
148562485467,29411,137170871,29/07/26 07:00
148547918795,132767,272438237,29/07/26 07:00
148562663885,2546,23768257,29/07/26 07:00
148500196795,53518,198170699,29/07/26 07:00
148548026163,11200,163493620,29/07/26 07:00
148562774585,191539,133017234,29/07/26 07:00
148543624052,219026,71976821,29/07/26 07:00
148562705485,5531,272451039,29/07/26 07:00
148549311585,22643,43141745,29/07/26 07:00
148562759095,166769,108334832,29/07/26 07:00
148562775859,140397,233361135,29/07/26 07:00
148562778595,87501,49161938,29/07/26 07:00
148562778752,163489,272451136,29/07/26 07:01
148562758075,652395,271358897,29/07/26 07:01
148562654146,5803,63456455,29/07/26 07:01
148562614295,147144,272450977,29/07/26 07:01
148562779667,64943,90579770,29/07/26 07:01
148562823959,135635,272450872,29/07/26 07:01
148562823785,21012,272251108,29/07/26 07:01
148562767285,9356,182368570,29/07/26 07:01
148547005252,2855,164133002,29/07/26 07:01
148546863995,6039,228062537,29/07/26 07:01
148546868434,22408,237165937,29/07/26 07:01
148546760434,55094,38485250,29/07/26 07:01
148562484695,383,218511292,29/07/26 07:01
148560253346,2457,272448519,29/07/26 07:01
148561153495,183140,35070724,29/07/26 07:01
148546390995,221293,236591461,29/07/26 07:01
148562709695,26821,45571320,29/07/26 07:01
148546597263,180534,272062429,29/07/26 07:01
148546572859,10835,247952810,29/07/26 07:01
148546650295,108358,133332844,29/07/26 07:01
148546622067,181579,135654483,29/07/26 07:01
148546920152,153716,51279597,29/07/26 07:01
148560314885,170591,122028361,29/07/26 07:01
148546088734,179132,148010775,29/07/26 07:01
148546552485,23893,208120092,29/07/26 07:01
148545964034,55242,125693329,29/07/26 07:01
148546267934,142688,235670181,29/07/26 07:01
148546114359,654788,272436779,29/07/26 07:01
148545566852,204051,36750443,29/07/26 07:01
148545932134,443816,81848305,29/07/26 07:01
148545893346,27944,47086439,29/07/26 07:01
148562779263,2046,272451131,29/07/26 07:01
148545681495,126158,149137,29/07/26 07:01
148546641759,217884,182727112,29/07/26 07:01
148560223795,177391,272448471,29/07/26 07:01
148546324746,143130,58401839,29/07/26 07:01
148543938167,74242,58744796,29/07/26 07:01
148562643163,10356,270683245,29/07/26 07:01
148518853913,132525,29996413,29/07/26 07:01
148562630595,167387,272450863,29/07/26 07:01
148546631152,40317,265582966,29/07/26 07:01
148562508152,166960,272450816,29/07/26 07:01
148546063913,2732,87032659,29/07/26 07:01
148546535359,85924,220433872,29/07/26 07:01
148562710475,215791,244474238,29/07/26 07:01
148562797534,35540,272451149,29/07/26 07:01
148562647959,19316,237334164,29/07/26 07:01
148546693967,178746,118381891,29/07/26 07:01
148545820346,15896,1482287,29/07/26 07:01
148546213885,184119,102762020,29/07/26 07:01
148546432213,42390,59722831,29/07/26 07:01
148546099952,10183,255897300,29/07/26 07:01
148562515146,205605,119434606,29/07/26 07:01
148545881975,22712,134486879,29/07/26 07:01
148544588352,24750,272434642,29/07/26 07:01
148562507634,163144,8987704,29/07/26 07:01
148546691046,41379,76914782,29/07/26 07:01
148562762085,27566,55118105,29/07/26 07:01
148562521185,28234,114083702,29/07/26 07:01
148545769767,189657,231134521,29/07/26 07:01
148545808985,184962,194051513,29/07/26 07:01
148562644752,21914,43034383,29/07/26 07:01
148562647075,208497,137933089,29/07/26 07:01
148545916667,119064,140667515,29/07/26 07:01
148562649246,207564,152050314,29/07/26 07:01
148546370175,87669,24919120,29/07/26 07:01
148562623975,20428,86622282,29/07/26 07:01
148562506813,36838,255537279,29/07/26 07:01
148546375063,28467,199215002,29/07/26 07:01
148562644659,17633,146571350,29/07/26 07:01
148562708934,69245,89308526,29/07/26 07:01
148562829759,37483,93992087,29/07/26 07:01
148546073159,160077,46280402,29/07/26 07:01
148562522359,194923,21493116,29/07/26 07:01
148546519985,220508,103844886,29/07/26 07:01
148562511475,78079,271357283,29/07/26 07:01
148545956352,184301,48720165,29/07/26 07:01
148545689595,28072,272436265,29/07/26 07:01
148562509746,186990,115459222,29/07/26 07:01
148546640952,44078,224753642,29/07/26 07:01
148546637334,53840,272396204,29/07/26 07:01
148562518752,445026,153903939,29/07/26 07:01
148561708213,444900,228063519,29/07/26 07:01
148562779046,34995,159494990,29/07/26 07:01
148562641785,3179,256449158,29/07/26 07:01
148562780475,120835,272451143,29/07/26 07:01
148545764334,20908,214469781,29/07/26 07:01
148562508646,181436,18108828,29/07/26 07:01
148562646475,110590,255270735,29/07/26 07:01
148562552375,4548,10587443,29/07/26 07:01
148562769613,151432,272451105,29/07/26 07:01
148560390563,161759,43547794,29/07/26 07:01
148562781259,181027,227307002,29/07/26 07:01
148545950985,212441,272436499,29/07/26 07:01
148544350134,15725,95921326,29/07/26 07:02
148562758752,5315,266747275,29/07/26 07:02
148562827075,111935,129489001,29/07/26 07:02
148562824167,109959,47527643,29/07/26 07:02
148538603259,165148,63744760,29/07/26 07:02
148501183446,158580,251355245,29/07/26 07:02
148562823895,225991,272340332,29/07/26 07:02
148544765546,41835,102394752,29/07/26 07:02
148560383546,150851,241309280,29/07/26 07:02
148545793295,85876,180275586,29/07/26 07:02
148544912834,30682,62816969,29/07/26 07:02
148545152759,177154,272435331,29/07/26 07:02
148545062163,186319,151911362,29/07/26 07:02
148560323752,25833,220626573,29/07/26 07:02
148544778195,155315,125126488,29/07/26 07:02
148560316559,187168,27415383,29/07/26 07:02
148545259685,152163,161171485,29/07/26 07:02
148560237367,35713,50709911,29/07/26 07:02
148544611552,50390,233095634,29/07/26 07:02
148560237295,28247,185801398,29/07/26 07:02
148544584846,30930,127020202,29/07/26 07:02
148544915585,25919,90997334,29/07/26 07:02
148560898752,188517,222379782,29/07/26 07:02
148560232167,191486,43685132,29/07/26 07:02
148544942167,112888,69893765,29/07/26 07:02
148560303385,3846,203653817,29/07/26 07:02
148545709534,25559,229218669,29/07/26 07:02
148544854734,10452,268571556,29/07/26 07:02
148544909295,139140,264333653,29/07/26 07:02
148560384067,2728,130087224,29/07/26 07:02
148562830646,40822,107253906,29/07/26 07:02
148545228859,164890,99231456,29/07/26 07:02
148562828434,167035,272451162,29/07/26 07:02
148544107659,43170,269860975,29/07/26 07:02
148543895059,654058,205357561,29/07/26 07:02
148542504695,12549,266962732,29/07/26 07:02
148562829575,25893,22658516,29/07/26 07:02
148544723834,41770,41721354,29/07/26 07:02
148543886746,166678,107266273,29/07/26 07:02
148544293346,4236,128189916,29/07/26 07:02
148544151146,656418,26789142,29/07/26 07:02
148544380695,396,98848632,29/07/26 07:02
148543689534,445851,111365058,29/07/26 07:02
148562658659,4805,158994111,29/07/26 07:02
148545751559,182848,43427238,29/07/26 07:02
148544572267,181533,126817789,29/07/26 07:02
148545355885,131566,246499326,29/07/26 07:02
148545279152,189133,272160642,29/07/26 07:02
148545018646,55892,76411824,29/07/26 07:02
148562599467,224733,272450697,29/07/26 07:02
148544910559,951,122949938,29/07/26 07:02
148562780652,187739,103955789,29/07/26 07:02
148544298195,214819,247254568,29/07/26 07:02
148545262952,183472,272435608,29/07/26 07:02
148544254385,34211,75431656,29/07/26 07:02
148562650567,5680,271639822,29/07/26 07:02
148543778767,162485,248819724,29/07/26 07:02
148562712195,26947,121828948,29/07/26 07:02
148543729252,655749,45929060,29/07/26 07:02
148545451313,190765,99797009,29/07/26 07:02
148560384967,222502,70803169,29/07/26 07:02
148544347375,184037,160173627,29/07/26 07:02
148562713113,147436,89072472,29/07/26 07:02
148562716567,53090,240228365,29/07/26 07:02
148562779585,102077,246042587,29/07/26 07:02
148562717085,123794,62529809,29/07/26 07:02
148562772285,158495,272451120,29/07/26 07:02
148516517063,10658,272413103,29/07/26 07:02
148562713534,181036,237850592,29/07/26 07:02
148562717834,215002,6743138,29/07/26 07:02
148562833395,127389,37880391,29/07/26 07:02
148487758175,148229,152379029,29/07/26 07:02
148562718295,39026,236198001,29/07/26 07:02
148562717113,22989,272451051,29/07/26 07:02
148562770385,184320,145185033,29/07/26 07:02
148562768085,147558,88328360,29/07/26 07:03
148562758475,34703,107248553,29/07/26 07:03
148562829046,1056,92778998,29/07/26 07:03
148562713995,33427,10866882,29/07/26 07:03
148550413313,182280,68480100,29/07/26 07:03
148543747659,9117,33146785,29/07/26 07:03
148560305259,74274,271717311,29/07/26 07:03
148542995167,105046,32936194,29/07/26 07:03
148543547463,180839,67087988,29/07/26 07:03
148543426763,23824,91806587,29/07/26 07:03
148542509113,11395,212935874,29/07/26 07:03
148542402667,55759,61135219,29/07/26 07:03
148542559013,38765,55965285,29/07/26 07:03
148542841267,659145,81744764,29/07/26 07:03
148560222859,65663,184467061,29/07/26 07:03
148518655163,36690,183856617,29/07/26 07:03
148542278267,152189,272433808,29/07/26 07:03
148543530746,177828,272434568,29/07/26 07:03
148542459559,165429,64339626,29/07/26 07:03
148560382495,35071,272448598,29/07/26 07:03
148543366895,183405,272328538,29/07/26 07:03
148543692663,12085,233106898,29/07/26 07:03
148562657863,167035,272451010,29/07/26 07:03
148560380634,43201,75473190,29/07/26 07:03
148543169785,189038,126114707,29/07/26 07:03
148560377675,34548,272448576,29/07/26 07:03
148543353375,183406,101110136,29/07/26 07:03
148542493052,7113,79624837,29/07/26 07:03
148543436167,24944,201892045,29/07/26 07:03
148562655563,88393,272451006,29/07/26 07:03
148540930046,121218,16490055,29/07/26 07:03
148542995846,40047,229932728,29/07/26 07:03
148542499813,65631,160679797,29/07/26 07:03
148560392585,192215,138310072,29/07/26 07:03
148542354613,167969,227991845,29/07/26 07:03
148560234152,39868,212305282,29/07/26 07:03
148562835059,12812,38949285,29/07/26 07:03
148560302113,122824,144604643,29/07/26 07:03
148543236359,138413,111163964,29/07/26 07:03
148543576563,3671,110930287,29/07/26 07:03
148562657795,29450,8007056,29/07/26 07:03
148562714485,37173,12171246,29/07/26 07:03
148562653434,764,130447980,29/07/26 07:03
148543397246,161026,154278852,29/07/26 07:03
148562658995,188676,112537223,29/07/26 07:03
148542495752,187629,63562755,29/07/26 07:03
148542992234,25166,272433753,29/07/26 07:03
148543363513,446168,272434567,29/07/26 07:03
148542433085,38384,75700115,29/07/26 07:03
148542463267,161866,62224070,29/07/26 07:03
148480004459,2743,6851399,29/07/26 07:03
148542435267,148377,263267659,29/07/26 07:03
148542489159,653976,254770475,29/07/26 07:03
148543154634,110232,130584572,29/07/26 07:03
148542499013,165814,33377119,29/07/26 07:03
148543037685,137255,272434365,29/07/26 07:03
148542432634,27461,19050586,29/07/26 07:03
148542429363,159839,52018520,29/07/26 07:03
148497166352,32440,208779092,29/07/26 07:03
148562839259,187585,268093424,29/07/26 07:03
148543415052,9711,70437951,29/07/26 07:03
148562650985,123803,14230364,29/07/26 07:03
148491356846,98989,235172327,29/07/26 07:03
148562714867,6785,272451057,29/07/26 07:03
148509497334,19142,11347730,29/07/26 07:03
148542784852,180748,145115916,29/07/26 07:03
148558650185,222688,92457319,29/07/26 07:03
148546526513,177221,138705605,29/07/26 07:03
148562513167,181144,150778460,29/07/26 07:03
148532997967,189147,60560182,29/07/26 07:03
148562824385,96335,211978348,29/07/26 07:03
148562770985,11877,150599623,29/07/26 07:03
148562723152,72925,250913663,29/07/26 07:03
148562723295,178534,62712308,29/07/26 07:03
148561787359,126575,232539586,29/07/26 07:03
148562834185,20418,272451179,29/07/26 07:03
148562837634,181567,238327670,29/07/26 07:04
148562839746,143721,28798551,29/07/26 07:04
148562837359,105143,99280615,29/07/26 07:04
148562724952,9484,30144891,29/07/26 07:04
148560231167,126311,52720405,29/07/26 07:04
148541701513,29801,251625851,29/07/26 07:04
148541787746,33675,223473018,29/07/26 07:04
148540449075,188911,5402051,29/07/26 07:04
148562837085,16476,50620073,29/07/26 07:04
148562831713,21077,125251910,29/07/26 07:04
148540790863,43708,271018006,29/07/26 07:04
148541878567,445077,271767757,29/07/26 07:04
148514562159,218537,272145070,29/07/26 07:04
148540236546,185527,271970596,29/07/26 07:04
148541465713,530,272433056,29/07/26 07:04
148560636567,650106,235624485,29/07/26 07:04
148540520363,14093,92731844,29/07/26 07:04
148550225785,189657,184845223,29/07/26 07:04
148541165946,188286,163997855,29/07/26 07:04
148540965446,187332,26178154,29/07/26 07:04
148540765634,31909,226684171,29/07/26 07:04
148542139285,42783,184470042,29/07/26 07:04
148541534167,220967,266549972,29/07/26 07:04
148541880263,445143,267503880,29/07/26 07:04
148541815934,165287,59606011,29/07/26 07:04
148541202513,15428,73921560,29/07/26 07:04
148540836295,183818,156512642,29/07/26 07:04
148541194567,25367,272432470,29/07/26 07:04
148541969813,26545,272389205,29/07/26 07:04
148541483134,6031,18636878,29/07/26 07:04
148541775013,3791,93090163,29/07/26 07:04
148562834413,182751,247010391,29/07/26 07:04
148562838775,136575,271526921,29/07/26 07:04
148540932946,182045,12498369,29/07/26 07:04
148560378467,9821,272448589,29/07/26 07:04
148540848263,446079,47490743,29/07/26 07:04
148562403759,6941,133850882,29/07/26 07:04
148540307052,182529,223723401,29/07/26 07:04
148542103846,68865,192202644,29/07/26 07:04
148541797646,10512,143614885,29/07/26 07:04
148562661134,126590,268259068,29/07/26 07:04
148540574775,78844,193855066,29/07/26 07:04
148542172585,4604,23330037,29/07/26 07:04
148541486185,20899,122441788,29/07/26 07:04
148541475313,11307,270640057,29/07/26 07:04
148541765663,182192,187369633,29/07/26 07:04
148562664159,29670,85573393,29/07/26 07:04
148562838175,137801,11629003,29/07/26 07:04
148562516759,29177,21775710,29/07/26 07:04
148562656785,181647,194978176,29/07/26 07:04
148562521013,11991,182987143,29/07/26 07:04
148562839963,169515,272451191,29/07/26 07:04
148562518267,33324,267741552,29/07/26 07:04
148562592659,64805,182820386,29/07/26 07:04
148540566334,16068,189424540,29/07/26 07:04
148562660367,659631,272451014,29/07/26 07:04
148540596467,85945,8544418,29/07/26 07:04
148540435246,37229,56971981,29/07/26 07:04
148540413195,167125,270916373,29/07/26 07:04
148542171634,177503,272433546,29/07/26 07:04
148562517763,184882,242003285,29/07/26 07:04
148562516695,653758,116317207,29/07/26 07:04
148562514775,656235,272450836,29/07/26 07:04
148540667513,33943,187502289,29/07/26 07:04
148540231352,33446,3881484,29/07/26 07:04
148562517485,445774,211947806,29/07/26 07:04
148562659852,185342,272451015,29/07/26 07:04
148562516485,160160,272450839,29/07/26 07:04
148562516113,45370,112691887,29/07/26 07:04
148540243559,113733,145371697,29/07/26 07:04
148562835559,446295,104979964,29/07/26 07:04
148562667467,6626,11205124,29/07/26 07:04
148541080752,126706,271736085,29/07/26 07:04
148548509113,7175,131124724,29/07/26 07:04
148538885213,150409,272430938,29/07/26 07:04
148500372575,188709,16134339,29/07/26 07:04
148562521767,136756,251490147,29/07/26 07:04
148562657446,23759,272451013,29/07/26 07:04
148562835667,21843,49604772,29/07/26 07:04
148562780575,143905,104840020,29/07/26 07:04
148540910785,7405,150754524,29/07/26 07:04
148562665259,32822,70545910,29/07/26 07:04
148562837259,105996,249781373,29/07/26 07:04
148562827346,175056,52230743,29/07/26 07:04
148562840652,9191,47453279,29/07/26 07:04
148562730067,143235,129404430,29/07/26 07:04
148562848946,72885,221666874,29/07/26 07:04
148562831559,656964,272451167,29/07/26 07:04
148562836775,37334,192324846,29/07/26 07:04
148562841985,36201,272450852,29/07/26 07:04
148562847075,144499,23122738,29/07/26 07:05
148562728585,43237,215020817,29/07/26 07:05
148562843085,17193,35486922,29/07/26 07:05
148561236663,189183,238328597,29/07/26 07:05
148560381513,182674,272448594,29/07/26 07:05
148539915459,3847,10005124,29/07/26 07:05
148560227952,36501,61465785,29/07/26 07:05
148560227846,180687,41998750,29/07/26 07:05
148560227446,80941,36292896,29/07/26 07:05
148539955059,204559,3356196,29/07/26 07:05
148560320367,120835,272448566,29/07/26 07:05
148560381646,180902,109374240,29/07/26 07:05
148539488495,35746,58013356,29/07/26 07:05
148532757852,442411,268101262,29/07/26 07:05
148539898775,107251,215061866,29/07/26 07:05
148540180463,142158,127027406,29/07/26 07:05
148539129363,153908,271783887,29/07/26 07:05
148538883195,189360,262579324,29/07/26 07:05
148522482034,49717,60588054,29/07/26 07:05
148538456852,88459,272430636,29/07/26 07:05
148538732967,152881,14261897,29/07/26 07:05
148530279367,139999,62839569,29/07/26 07:05
148540102813,86155,50252807,29/07/26 07:05
148562778413,166857,69837657,29/07/26 07:05
148539977946,4445,1676265,29/07/26 07:05
148560395263,194222,272448359,29/07/26 07:05
148560221559,120835,272448467,29/07/26 07:05
148537410559,69013,72128405,29/07/26 07:05
148538566775,444051,272428757,29/07/26 07:05
148538248663,65363,65490646,29/07/26 07:05
148539893585,650562,216099060,29/07/26 07:05
148538958285,5056,272203987,29/07/26 07:05
148560299195,180898,72120674,29/07/26 07:05
148538752034,1359,81902227,29/07/26 07:05
148538578652,442475,254913133,29/07/26 07:05
148538507052,20529,272430837,29/07/26 07:05
148562715067,35589,58604106,29/07/26 07:05
148539550095,193207,249882515,29/07/26 07:05
148539488663,213411,123220742,29/07/26 07:05
148538758175,26352,108930555,29/07/26 07:05
148562778275,121360,68414691,29/07/26 07:05
148562844567,146977,211532533,29/07/26 07:05
148539484967,167174,264150418,29/07/26 07:05
148539244346,34829,272318445,29/07/26 07:05
148538425046,53675,239371668,29/07/26 07:05
148491066967,147030,243967318,29/07/26 07:05
148539331067,87923,101242325,29/07/26 07:05
148536698613,226998,272380014,29/07/26 07:05
148538526759,135909,91153537,29/07/26 07:05
148562591275,84052,36551937,29/07/26 07:05
148537856785,11144,76353946,29/07/26 07:05
148539342134,279058,272430343,29/07/26 07:05
148538937685,224466,94873449,29/07/26 07:05
148539474795,139999,270458754,29/07/26 07:05
148538493646,33974,4003635,29/07/26 07:05
148539567534,140757,269296460,29/07/26 07:05
148538530846,236824,74766085,29/07/26 07:05
148539667585,187022,6767794,29/07/26 07:05
148538878495,95708,64863170,29/07/26 07:05
148538765185,32892,272431043,29/07/26 07:05
148562838285,220572,69462765,29/07/26 07:05
148538861459,412767,234615045,29/07/26 07:05
148562756785,4883,132565227,29/07/26 07:05
148538825863,150347,272381612,29/07/26 07:05
148539457175,689,21629496,29/07/26 07:05
148539863567,21187,240000307,29/07/26 07:05
148562849895,105933,5167274,29/07/26 07:05
148562842159,2728,272451198,29/07/26 07:05
148562757163,28612,238152491,29/07/26 07:05
148562841895,2091,92978934,29/07/26 07:05
148562840067,32602,72948249,29/07/26 07:05
148561700263,158842,244129044,29/07/26 07:05
148562839467,446105,272377322,29/07/26 07:05
148562843134,651391,269996064,29/07/26 07:05
148562774046,5850,226733802,29/07/26 07:05
148562847595,135705,34674796,29/07/26 07:06
148562849152,190390,91922955,29/07/26 07:06
148562846634,41636,13692508,29/07/26 07:06
148562846546,34251,83898306,29/07/26 07:06
148562878946,203652,272451229,29/07/26 07:06
148562845246,911,207177369,29/07/26 07:06
148562781752,169792,187501999,29/07/26 07:06
148562758813,9911,236613110,29/07/26 07:06
148562846413,175544,207281995,29/07/26 07:06
148561657475,188122,246439723,29/07/26 07:06
148562878867,110277,269003186,29/07/26 07:06
148500714034,444425,249246066,29/07/26 07:06
148562879175,180204,272451043,29/07/26 07:06
148562668034,108288,193601995,29/07/26 07:06
148562525513,245758,60447119,29/07/26 07:06
148560288813,189571,236231062,29/07/26 07:06
148538046685,34212,246347911,29/07/26 07:06
148537494959,137657,223828328,29/07/26 07:06
148537930046,157333,76383690,29/07/26 07:06
148560301263,95125,52068641,29/07/26 07:06
148537725234,166106,59319717,29/07/26 07:06
148560259175,103981,105184302,29/07/26 07:06
148537486013,27483,108120388,29/07/26 07:06
148562519567,10517,239054360,29/07/26 07:06
148537554575,44757,43427400,29/07/26 07:06
148560395913,5346,114902477,29/07/26 07:06
148535262813,443197,272428413,29/07/26 07:06
148562596752,32470,272450868,29/07/26 07:06
148536892546,40874,84532382,29/07/26 07:06
148562883459,34703,122873961,29/07/26 07:06
148560381395,31162,114147235,29/07/26 07:06
148562883513,188649,250406945,29/07/26 07:06
148537063659,442524,229128482,29/07/26 07:06
148537678575,190121,270433089,29/07/26 07:06
148560355095,4584,193048837,29/07/26 07:06
148560222995,24121,241829288,29/07/26 07:06
148560205585,143816,65400084,29/07/26 07:06
148560194246,2321,239382105,29/07/26 07:06
148534653175,32128,272427893,29/07/26 07:06
148537090467,81267,141455783,29/07/26 07:06
148562525367,27660,12147602,29/07/26 07:06
148538153146,148370,163455097,29/07/26 07:06
148562566367,34465,272450870,29/07/26 07:06
148562518034,650199,224773969,29/07/26 07:06
148538310259,136223,77486476,29/07/26 07:06
148537892934,20533,141608520,29/07/26 07:06
148538093675,1796,271612061,29/07/26 07:06
148562550967,527,51794694,29/07/26 07:06
148538001534,85072,22650182,29/07/26 07:06
148538286846,39114,272376789,29/07/26 07:06
148562673346,218070,164091816,29/07/26 07:06
148537095875,765,255880309,29/07/26 07:06
148538134963,65366,120698282,29/07/26 07:06
148538101685,21164,267308613,29/07/26 07:06
148562852167,208139,272451226,29/07/26 07:06
148537931467,181381,8084787,29/07/26 07:06
148538164859,113722,113619747,29/07/26 07:06
148536183175,144499,46112834,29/07/26 07:06
148524398952,89665,264099194,29/07/26 07:06
148536693885,141391,148406375,29/07/26 07:06
148562705085,95497,268562314,29/07/26 07:06
148536564652,4187,53716521,29/07/26 07:06
148538199559,213576,152708981,29/07/26 07:06
148562554595,88069,11709201,29/07/26 07:06
148562708346,22643,28882162,29/07/26 07:06
148562849563,38149,158689991,29/07/26 07:06
148536735795,157346,272369600,29/07/26 07:06
148537059052,217678,114682876,29/07/26 07:06
148537138375,8297,23899096,29/07/26 07:06
148535598867,56049,181923853,29/07/26 07:06
148537740552,166236,59591950,29/07/26 07:06
148536660075,39414,155926970,29/07/26 07:06
148562551295,190596,272445200,29/07/26 07:06
148562707634,20617,49100194,29/07/26 07:06
148562551946,225936,252103981,29/07/26 07:06
148562849052,650212,272451218,29/07/26 07:06
148537041146,41168,10715563,29/07/26 07:06
148562472595,21762,7430040,29/07/26 07:06
148557933875,179622,270991465,29/07/26 07:06
148562872395,181802,21876359,29/07/26 07:06
148562552046,279058,272450871,29/07/26 07:06
148562847263,154894,14583145,29/07/26 07:06
148537397075,59,92389922,29/07/26 07:06
148562765813,32806,272451108,29/07/26 07:06
148562825652,22616,148846331,29/07/26 07:06
148562841734,190985,272451197,29/07/26 07:06
148562553559,3092,130005295,29/07/26 07:06
148562879067,1056,160551676,29/07/26 07:06
148562879875,28692,136682548,29/07/26 07:06
148543877567,2475,95335228,29/07/26 07:06
148562825863,215902,223733634,29/07/26 07:06
148562847675,163256,272451214,29/07/26 07:06
148524218246,40802,81040514,29/07/26 07:06
148562831052,129025,272451166,29/07/26 07:06
148562764334,122569,148364942,29/07/26 07:06
148562765959,182285,36418487,29/07/26 07:06
148562850034,3367,45033094,29/07/26 07:06
148562849385,165268,270300229,29/07/26 07:06
148562765552,114070,272451106,29/07/26 07:07
148562831185,149861,187858376,29/07/26 07:07
148526689159,22615,79615186,29/07/26 07:07
148562830795,155388,272451030,29/07/26 07:07
148547992859,137505,254295749,29/07/26 07:07
148534238759,73171,270366709,29/07/26 07:07
148536393059,39901,127348833,29/07/26 07:07
148560129685,152121,30905151,29/07/26 07:07
148535985652,32986,4832546,29/07/26 07:07
148535824785,21908,268234134,29/07/26 07:07
148560195285,141758,272448451,29/07/26 07:07
148560327034,4358,250776884,29/07/26 07:07
148477536746,4378,218434607,29/07/26 07:07
148560327446,28214,87245379,29/07/26 07:07
148560219734,3761,116224308,29/07/26 07:07
148498376646,23685,202727142,29/07/26 07:07
148535374334,13675,248114471,29/07/26 07:07
148536406595,191558,30420619,29/07/26 07:07
148536653434,1027,226936141,29/07/26 07:07
148535244967,650549,130871065,29/07/26 07:07
148560403152,44181,162320053,29/07/26 07:07
148536372334,176026,135558408,29/07/26 07:07
148536221995,136566,24217467,29/07/26 07:07
148560378252,161638,208567819,29/07/26 07:07
148560537767,25360,187832167,29/07/26 07:07
148560391313,50699,135325780,29/07/26 07:07
148562709367,220266,189581606,29/07/26 07:07
148562882975,107639,272451192,29/07/26 07:07
148560382346,224466,145203311,29/07/26 07:07
148534674359,114149,250736480,29/07/26 07:07
148536541563,88168,717269,29/07/26 07:07
148535250795,56116,101696603,29/07/26 07:07
148535205485,3451,15298437,29/07/26 07:07
148562885475,21761,54553017,29/07/26 07:07
148535265675,127389,272428437,29/07/26 07:07
148562711485,120910,40760902,29/07/26 07:07
148535982585,84153,79005475,29/07/26 07:07
148562327613,443794,267719970,29/07/26 07:07
148562709913,184929,36990562,29/07/26 07:07
148535669559,44840,247522918,29/07/26 07:07
148535840667,52959,93227893,29/07/26 07:07
148536033259,154891,19030077,29/07/26 07:07
148535263359,190676,57898760,29/07/26 07:07
148535638646,544,120505772,29/07/26 07:07
148562708767,140749,159988829,29/07/26 07:07
148535231834,36830,6642029,29/07/26 07:07
148535745185,203569,272389246,29/07/26 07:07
148535686663,9071,272428687,29/07/26 07:07
148535199985,153964,237402791,29/07/26 07:07
148536039095,5575,87506035,29/07/26 07:07
148535631463,30977,78554788,29/07/26 07:07
148535371785,191102,156235678,29/07/26 07:07
148535769895,258399,272428772,29/07/26 07:07
148535620752,445988,233680690,29/07/26 07:07
148535139052,35731,187439568,29/07/26 07:07
148534888495,194982,272428107,29/07/26 07:07
148535536575,185053,163606857,29/07/26 07:07
148562880759,187416,272108959,29/07/26 07:07
148562710034,132735,254923123,29/07/26 07:07
148562829934,116782,64729452,29/07/26 07:07
148536550795,20529,79755348,29/07/26 07:07
148535642859,6273,136466308,29/07/26 07:07
148535767785,111218,211350356,29/07/26 07:07
148535304367,3451,11324650,29/07/26 07:07
148562885075,177,272451235,29/07/26 07:07
148494114134,22067,50028610,29/07/26 07:07
148562770634,99093,3885612,29/07/26 07:07
148562832346,159239,239331002,29/07/26 07:08
148562772085,184123,56047175,29/07/26 07:08
148562884385,193910,160902430,29/07/26 07:08
148562886334,187335,268962626,29/07/26 07:08
148534863434,224442,272426899,29/07/26 07:08
148534687275,444065,41901963,29/07/26 07:08
148560248285,147198,272448517,29/07/26 07:08
148534905559,23150,28270468,29/07/26 07:08
148492763575,28583,72224568,29/07/26 07:08
148534932295,192429,49605328,29/07/26 07:08
148533833867,37641,272426645,29/07/26 07:08
148533589463,68976,73829026,29/07/26 07:08
148560235859,148352,211059132,29/07/26 07:08
148514731934,33818,24078551,29/07/26 07:08
148560246334,23936,272448516,29/07/26 07:08
148533127785,9068,144039955,29/07/26 07:08
148560363513,35137,84854536,29/07/26 07:08
148533819352,30137,37756451,29/07/26 07:08
148533185885,32281,101257521,29/07/26 07:08
148533882552,2093,141516048,29/07/26 07:08
148534868834,68180,12967651,29/07/26 07:08
148534883259,42006,272428079,29/07/26 07:08
148533417913,24406,98013353,29/07/26 07:08
148534223763,1443,25001049,29/07/26 07:08
148535081675,650582,23092935,29/07/26 07:08
148534892795,1785,65144455,29/07/26 07:08
148534635263,36058,192652631,29/07/26 07:08
148534278813,190816,189889302,29/07/26 07:08
148527346334,40991,272132301,29/07/26 07:08
148534620063,137597,28987644,29/07/26 07:08
148534265595,147115,109865693,29/07/26 07:08
148510260567,73138,64190531,29/07/26 07:08
148534639495,84725,122620205,29/07/26 07:08
148534596995,658801,124616912,29/07/26 07:08
148532981485,445380,158529565,29/07/26 07:08
148534258967,37134,56582225,29/07/26 07:08
148533884795,446149,75507542,29/07/26 07:08
148498585563,350375,61456145,29/07/26 07:08
148562836867,152943,157248144,29/07/26 07:08
148534448985,11307,269472515,29/07/26 07:08
148562593995,155899,96422116,29/07/26 07:08
148562560959,11869,91655389,29/07/26 07:08
148533687646,185855,47489494,29/07/26 07:08
148562714563,442959,155452299,29/07/26 07:08
148533463813,84131,40036666,29/07/26 07:08
148533661859,28914,3117618,29/07/26 07:08
148562838567,24049,250107524,29/07/26 07:08
148562556395,45812,272450885,29/07/26 07:08
148562555585,138047,234660338,29/07/26 07:08
148534608285,214635,94760542,29/07/26 07:08
148534905667,153427,96383348,29/07/26 07:08
148534718575,177920,256526339,29/07/26 07:08
148534551963,184680,35654876,29/07/26 07:08
148500564034,186837,244901892,29/07/26 07:08
148533432963,223257,243984806,29/07/26 07:08
148534191834,191847,3674224,29/07/26 07:08
148562606159,37022,36177704,29/07/26 07:08
148562559652,34345,111950962,29/07/26 07:08
148533568075,214548,156277361,29/07/26 07:08
148534197759,116820,92695164,29/07/26 07:08
148562556734,34485,120547318,29/07/26 07:08
148534135946,137378,77196390,29/07/26 07:08
148533834763,157315,255345516,29/07/26 07:08
148463564675,33069,271868197,29/07/26 07:08
148562890985,150889,39175406,29/07/26 07:08
148501766267,25993,237439025,29/07/26 07:08
148562848634,109726,272451219,29/07/26 07:08
148562557652,652861,272005138,29/07/26 07:08
148562719546,35673,272451046,29/07/26 07:08
148533564075,217613,272378332,29/07/26 07:08
148562893134,179308,127384323,29/07/26 07:08
148533656163,69204,272266746,29/07/26 07:08
148562557552,137695,140171070,29/07/26 07:08
148562894213,170360,204214468,29/07/26 07:08
148541599746,99284,38081249,29/07/26 07:08
148562719446,656071,272451066,29/07/26 07:08
148562882895,38707,269310257,29/07/26 07:08
148562893434,22353,72740694,29/07/26 07:08
148562891563,7167,272451251,29/07/26 07:09
148562892546,167060,272451255,29/07/26 07:09
148540358813,36196,147017927,29/07/26 07:09
148533183475,21419,93205034,29/07/26 07:09
148533407913,4267,216439799,29/07/26 07:09
148560169613,55757,212076527,29/07/26 07:09
148560134075,180006,78274334,29/07/26 07:09
148487955985,183584,241182721,29/07/26 07:09
148532397575,23270,245990654,29/07/26 07:09
148560317259,203286,255988387,29/07/26 07:09
148560324434,224466,103090528,29/07/26 07:09
148532351646,135705,12241846,29/07/26 07:09
148533332763,227160,8464987,29/07/26 07:09
148532336675,6222,184981077,29/07/26 07:09
148530820834,10230,91385072,29/07/26 07:09
148562891767,23373,237821182,29/07/26 07:09
148533321667,21949,257441717,29/07/26 07:09
148560323385,136059,111585060,29/07/26 07:09
148532891175,39305,68357544,29/07/26 07:09
148532785159,178306,678454,29/07/26 07:09
148530283867,21908,272424041,29/07/26 07:09
148532739659,85222,30819392,29/07/26 07:09
148562775663,86282,272451128,29/07/26 07:09
148532906952,189372,92408708,29/07/26 07:09
148533333052,89663,9502107,29/07/26 07:09
148533400285,148565,14937782,29/07/26 07:09
148562562485,154801,272450893,29/07/26 07:09
148562895363,192487,238508530,29/07/26 07:09
148562722059,180204,272451059,29/07/26 07:09
148532699285,43023,12198323,29/07/26 07:09
148532810485,192134,272417253,29/07/26 07:09
148532769695,85957,186978209,29/07/26 07:09
148562838075,50391,272451189,29/07/26 07:09
148562720346,650291,272451064,29/07/26 07:09
148533172813,139715,211296850,29/07/26 07:09
148533135759,35481,269699395,29/07/26 07:09
148530872652,100183,187198405,29/07/26 07:09
148532898313,161605,44789265,29/07/26 07:09
148532290595,96288,245041080,29/07/26 07:09
148510197652,34465,42221874,29/07/26 07:09
148532469375,190100,232020956,29/07/26 07:09
148562612567,179669,272450903,29/07/26 07:09
148531054546,10146,43601556,29/07/26 07:09
148560952559,44756,247825666,29/07/26 07:09
148529092234,177479,216822959,29/07/26 07:09
148532809785,134126,12405394,29/07/26 07:09
148533159634,149941,45120395,29/07/26 07:09
148532778985,2069,8163718,29/07/26 07:09
148517387585,98773,92509149,29/07/26 07:09
148532248146,29662,137381236,29/07/26 07:09
148562779195,5350,238788265,29/07/26 07:09
148531726652,6572,22144120,29/07/26 07:09
148530630485,653654,272425025,29/07/26 07:09
148562892234,183472,54787903,29/07/26 07:09
148531076059,8190,101298958,29/07/26 07:09
148560324034,141679,108698753,29/07/26 07:09
148531484985,656169,69591428,29/07/26 07:09
148562900846,40997,74847568,29/07/26 07:09
148562837975,165460,272451188,29/07/26 07:09
148562894034,7170,119089578,29/07/26 07:09
148562842585,17515,227844420,29/07/26 07:09
148562892085,442219,161381511,29/07/26 07:10
148562895195,143480,102177908,29/07/26 07:10
148531417675,65661,28860374,29/07/26 07:10
148560835785,10472,263026547,29/07/26 07:10
148560316685,224466,272448560,29/07/26 07:10
148531678385,132682,31012196,29/07/26 07:10
148531020052,122518,59809990,29/07/26 07:10
148531340346,41542,221577499,29/07/26 07:10
148560459075,2091,186085978,29/07/26 07:10
148527992259,190735,271788444,29/07/26 07:10
148530659163,113695,108162798,29/07/26 07:10
148560233746,28715,226339352,29/07/26 07:10
148530657359,37372,248054805,29/07/26 07:10
148562845413,141869,46906131,29/07/26 07:10
148560320985,181634,272448568,29/07/26 07:10
148560321359,184299,226813485,29/07/26 07:10
148562563446,8289,213891580,29/07/26 07:10
148530256434,133821,187718350,29/07/26 07:10
148526933985,107791,40743018,29/07/26 07:10
148531276146,153868,268399662,29/07/26 07:10
148531346467,2970,107070299,29/07/26 07:10
148562561452,146972,226768950,29/07/26 07:10
148562723659,4941,185911623,29/07/26 07:10
148562559813,247,114046071,29/07/26 07:10
148562563063,166690,85168934,29/07/26 07:10
148530217785,189159,54737110,29/07/26 07:10
148562562567,650199,93800241,29/07/26 07:10
148530298059,21051,117312373,29/07/26 07:10
148562558985,184363,272450894,29/07/26 07:10
148562720267,6311,116628698,29/07/26 07:10
148530965467,105916,159959151,29/07/26 07:10
148531130634,245758,31605006,29/07/26 07:10
148524544034,191093,161618021,29/07/26 07:10
148562588775,2663,272450899,29/07/26 07:10
148562566559,184549,272450756,29/07/26 07:10
148530968046,89720,91423190,29/07/26 07:10
148562513275,12096,88799477,29/07/26 07:10
148530518895,188793,122845730,29/07/26 07:10
148531203075,157598,105640485,29/07/26 07:10
148529104159,759,272423045,29/07/26 07:10
148531416663,173152,12997280,29/07/26 07:10
148562691885,6505,260305986,29/07/26 07:10
148530301034,11203,270134349,29/07/26 07:10
148530233575,18303,66694910,29/07/26 07:10
148562901159,178389,262851065,29/07/26 07:10
148562564634,226788,64460611,29/07/26 07:10
148562881259,107119,248322125,29/07/26 07:10
148531286695,584,251632284,29/07/26 07:10
148527295163,216386,8078528,29/07/26 07:10
148469401463,162257,272185496,29/07/26 07:10
148530519634,20593,9233447,29/07/26 07:10
148531317495,9752,85823502,29/07/26 07:10
148497989852,44126,75480010,29/07/26 07:10
148530838059,26733,254649608,29/07/26 07:10
148530264252,29485,198577400,29/07/26 07:10
148529179095,5599,125270148,29/07/26 07:10
148531357646,37399,102668093,29/07/26 07:10
148530529575,220254,272424007,29/07/26 07:10
148531569946,656785,22883266,29/07/26 07:10
148531845085,215886,191471330,29/07/26 07:10
148530017163,56184,13481058,29/07/26 07:10
148531314646,110232,58848577,29/07/26 07:10
148504358752,27991,51265685,29/07/26 07:10
148491354413,7240,99228555,29/07/26 07:10
148547075634,69245,131375992,29/07/26 07:10
148490924313,30955,21194390,29/07/26 07:10
148562902213,650582,124248749,29/07/26 07:10
148530864913,3291,57775869,29/07/26 07:10
148562824595,74494,116878254,29/07/26 07:10
148562899259,50017,272451273,29/07/26 07:10
148562729746,78199,272451087,29/07/26 07:10
148562845085,43854,266203526,29/07/26 07:10
148562899795,445516,17575508,29/07/26 07:10
148562895885,15566,156287044,29/07/26 07:10
148562899563,87980,84196664,29/07/26 07:10
148562807459,179303,68877892,29/07/26 07:10
148562895285,12867,12230112,29/07/26 07:10
148558871563,155325,55054805,29/07/26 07:10
148562898452,189268,272451258,29/07/26 07:10
148562866046,53341,70304792,29/07/26 07:10
148562902085,11469,153618234,29/07/26 07:10
148562826034,80924,250959568,29/07/26 07:11
148562935863,28800,161065861,29/07/26 07:11
148562935459,153944,212786645,29/07/26 07:11
148562935675,224667,270700576,29/07/26 07:11
148562935713,445084,271437278,29/07/26 07:11
148529939613,137467,134816212,29/07/26 07:11
148560137285,36448,25430274,29/07/26 07:11
148562930134,34737,250081865,29/07/26 07:11
148560240095,182122,108889266,29/07/26 07:11
148560143867,152232,220696157,29/07/26 07:11
148529042485,9286,1491967,29/07/26 07:11
148529150275,446128,233042112,29/07/26 07:11
148560303475,133852,272448535,29/07/26 07:11
148527780234,186882,105451531,29/07/26 07:11
148528999467,45813,188184472,29/07/26 07:11
148562727213,654628,252489245,29/07/26 07:11
148528783563,179015,116662073,29/07/26 07:11
148529729063,5699,96323172,29/07/26 07:11
148560637363,138331,2538779,29/07/26 07:11
148529055967,142111,111623061,29/07/26 07:11
148528972975,150017,234191285,29/07/26 07:11
148521023985,204672,230885035,29/07/26 07:11
148560141034,20595,39124680,29/07/26 07:11
148493550546,107863,156557499,29/07/26 07:11
148525361775,149698,272421010,29/07/26 07:11
148561748495,224733,265391825,29/07/26 07:11
148528274159,656176,17548180,29/07/26 07:11
148528644895,180740,74466999,29/07/26 07:11
148527275552,27566,95692917,29/07/26 07:11
148560302385,42659,58938428,29/07/26 07:11
148562567685,182270,238998981,29/07/26 07:11
148562647563,68815,230067,29/07/26 07:11
148527962685,44928,43324507,29/07/26 07:11
148529042775,45807,265266129,29/07/26 07:11
148529482352,126313,107865293,29/07/26 07:11
148529511952,25893,272424084,29/07/26 07:11
148562780875,192234,238450895,29/07/26 07:11
148529187685,23495,61666379,29/07/26 07:11
148529916567,35656,29794781,29/07/26 07:11
148514097395,32785,271788526,29/07/26 07:11
148562903146,180548,258000796,29/07/26 07:11
148528737852,144093,161365558,29/07/26 07:11
148530007085,3642,243989876,29/07/26 07:11
148528094834,38164,217195075,29/07/26 07:11
148460609163,33012,62294437,29/07/26 07:11
148529463675,2026,1422213,29/07/26 07:11
148514126413,9356,110026119,29/07/26 07:11
148562824252,147506,272451152,29/07/26 07:11
148527215563,220557,208238910,29/07/26 07:11
148527995567,445751,271773897,29/07/26 07:11
148506711746,9539,11619759,29/07/26 07:11
148492953463,69611,41804667,29/07/26 07:11
148562828075,24238,271090384,29/07/26 07:11
148562936252,187172,272451287,29/07/26 07:11
148562941475,171785,11221972,29/07/26 07:11
148529735713,26795,93675818,29/07/26 07:11
148528774959,1503,105494368,29/07/26 07:11
148528959795,960,110086558,29/07/26 07:11
148529028234,186354,91358427,29/07/26 07:11
148495203363,15391,29188487,29/07/26 07:11
148562850363,365283,62791321,29/07/26 07:11
148528810685,84229,268307200,29/07/26 07:11
148562595452,44757,244456839,29/07/26 07:11
148562759459,156180,272451038,29/07/26 07:11
148562934213,158139,11929325,29/07/26 07:11
148562756046,221794,271796342,29/07/26 07:11
148562593167,651403,109292453,29/07/26 07:11
148560142885,30149,137949332,29/07/26 07:11
148562591795,654428,264474208,29/07/26 07:11
148528486085,41125,57749501,29/07/26 07:11
148562593246,105926,28783104,29/07/26 07:11
148562594375,145346,184834674,29/07/26 07:11
148528394559,45834,272422815,29/07/26 07:11
148562593834,85505,229877706,29/07/26 07:11
148528296346,69352,272423226,29/07/26 07:11
148562756934,445774,74428438,29/07/26 07:11
148528733434,24064,145879541,29/07/26 07:11
148562903646,184933,124964650,29/07/26 07:11
148513069259,17193,68775457,29/07/26 07:11
148562900234,41640,272451274,29/07/26 07:11
148547689213,1336,205775140,29/07/26 07:11
148562938775,6337,271527593,29/07/26 07:11
148527942063,38304,1750100,29/07/26 07:12
148560137963,183816,96208910,29/07/26 07:12
148560140513,41024,247497297,29/07/26 07:12
148560313859,178045,24831050,29/07/26 07:12
148526946263,845,2513946,29/07/26 07:12
148562832895,611,133261437,29/07/26 07:12
148560312163,24146,17084967,29/07/26 07:12
148527488934,166346,216606811,29/07/26 07:12
148528013652,188634,8658531,29/07/26 07:12
148527939452,180915,263110203,29/07/26 07:12
148526572634,122624,228039194,29/07/26 07:12
148560241646,226913,238159471,29/07/26 07:12
148524667059,157027,141132808,29/07/26 07:12
148560139785,25556,272171651,29/07/26 07:12
148560135563,150726,29700060,29/07/26 07:12
148526541267,218111,44771682,29/07/26 07:12
148560316052,170632,43809353,29/07/26 07:12
148526527046,30680,100515642,29/07/26 07:12
148562946313,668,22162280,29/07/26 07:12
148526551085,177599,10755151,29/07/26 07:12
148560300013,174059,193398206,29/07/26 07:12
148560318234,183550,266999948,29/07/26 07:12
148562605885,29734,272450920,29/07/26 07:12
148526919152,184314,161630176,29/07/26 07:12
148526247475,10950,266816629,29/07/26 07:12
148527182152,32440,272416144,29/07/26 07:12
148560237759,81267,69353643,29/07/26 07:12
148562938959,182374,59561780,29/07/26 07:12
148459111413,7679,69152,29/07/26 07:12
148527140052,87669,206080018,29/07/26 07:12
148525830759,21049,272185248,29/07/26 07:12
148526550352,186882,114638732,29/07/26 07:12
148526973867,109074,88491621,29/07/26 07:12
148526628952,55982,44920501,29/07/26 07:12
148527484563,181556,263076303,29/07/26 07:12
148526578446,168563,269175072,29/07/26 07:12
148524332659,142329,137692956,29/07/26 07:12
148527683275,161038,216147223,29/07/26 07:12
148528030585,154662,70725909,29/07/26 07:12
148527740646,84146,188204100,29/07/26 07:12
148527139152,77627,252877498,29/07/26 07:12
148526033167,35716,270541578,29/07/26 07:12
148526958952,21546,141702591,29/07/26 07:12
148527712552,84669,99069550,29/07/26 07:12
148526599485,184961,88245866,29/07/26 07:12
148526939185,26537,86569626,29/07/26 07:12
148525718795,187897,147798229,29/07/26 07:12
148527070146,655535,272422220,29/07/26 07:12
148525898285,5094,160364473,29/07/26 07:12
148527103567,132078,23218406,29/07/26 07:12
148526603134,148995,10486620,29/07/26 07:12
148526260234,126103,89046621,29/07/26 07:12
148527138959,25652,209497668,29/07/26 07:12
148509031852,40480,203264003,29/07/26 07:12
148525055875,40997,247882709,29/07/26 07:12
148526352013,11656,156182702,29/07/26 07:12
148562943513,35478,185696676,29/07/26 07:12
148562834852,164671,271178744,29/07/26 07:12
148562828252,4751,21027659,29/07/26 07:12
148526526267,12287,31925954,29/07/26 07:12
148527104846,188046,98411838,29/07/26 07:12
148562766713,167035,271704902,29/07/26 07:12
148562898152,10868,223743238,29/07/26 07:12
148561745459,31661,269610078,29/07/26 07:12
148562884646,161707,272451236,29/07/26 07:12
148526330563,132943,91829889,29/07/26 07:12
148547044152,961,78946434,29/07/26 07:12
148562942263,41050,93079179,29/07/26 07:12
148562950046,89665,22100184,29/07/26 07:12
148562834713,28937,238345609,29/07/26 07:12
148562826413,8435,272451158,29/07/26 07:12
148562836263,134143,252385614,29/07/26 07:12
148562940175,28880,272451272,29/07/26 07:12
148562836613,160724,45419244,29/07/26 07:12
148547329746,74917,38404478,29/07/26 07:13
148562943385,69765,8904920,29/07/26 07:13
148560837985,180509,271575016,29/07/26 07:13
148562837775,37393,247567666,29/07/26 07:13
148562834659,135935,150099362,29/07/26 07:13
148525931785,34721,66080807,29/07/26 07:13
148560225175,1689,194576751,29/07/26 07:13
148526169085,85318,23850665,29/07/26 07:13
148526227459,192316,120749109,29/07/26 07:13
148524934134,10825,77735608,29/07/26 07:13
148560313059,10615,114252029,29/07/26 07:13
148562838367,37993,211707364,29/07/26 07:13
148525517163,177228,3308260,29/07/26 07:13
148526143946,220929,222784817,29/07/26 07:13
148526107685,113880,88885761,29/07/26 07:13
148562838885,52868,36067751,29/07/26 07:13
148525695113,106722,106634104,29/07/26 07:13
148493853613,188085,272142794,29/07/26 07:13
148560311413,177242,94196781,29/07/26 07:13
148560304459,141700,130628295,29/07/26 07:13
148525870652,38605,257871499,29/07/26 07:13
148525496234,21384,272421165,29/07/26 07:13
148525853263,34994,61713310,29/07/26 07:13
148521921634,181095,272418491,29/07/26 07:13
148524984567,34209,252376297,29/07/26 07:13
148525647963,44757,272404253,29/07/26 07:13
148525281075,156260,214479743,29/07/26 07:13
148524733559,22340,8449506,29/07/26 07:13
148526142267,191741,272078690,29/07/26 07:13
148525500859,5985,272421020,29/07/26 07:13
148502411485,6088,267924995,29/07/26 07:13
148524519695,113940,199443402,29/07/26 07:13
148524928667,189845,4875807,29/07/26 07:13
148525020175,24166,271525843,29/07/26 07:13
148523190959,2836,220764407,29/07/26 07:13
148524534375,192196,237620159,29/07/26 07:13
148562848075,655481,160096690,29/07/26 07:13
148524918646,184965,3887963,29/07/26 07:13
148562901485,55748,43170405,29/07/26 07:13
148524347585,184950,267732606,29/07/26 07:13
148562826952,3175,27042498,29/07/26 07:13
148525333063,4767,265996621,29/07/26 07:13
148525117063,10013,222093071,29/07/26 07:13
148524379785,170875,221183971,29/07/26 07:13
148525508334,90247,139902182,29/07/26 07:13
148562772975,72892,125168108,29/07/26 07:13
148524806385,193804,272420142,29/07/26 07:13
148562768767,6402,272400327,29/07/26 07:13
148562769285,95895,79387141,29/07/26 07:13
148562598467,122646,6788632,29/07/26 07:13
148562772363,107404,180437621,29/07/26 07:13
148525006234,139384,192298564,29/07/26 07:13
148562766695,26779,17472047,29/07/26 07:13
148525442863,145346,272420141,29/07/26 07:13
148525067275,177236,189576848,29/07/26 07:13
148562764859,2663,104678794,29/07/26 07:13
148562599552,74931,157973048,29/07/26 07:13
148523806859,182419,212661687,29/07/26 07:13
148458102685,114361,68796457,29/07/26 07:13
148461132834,181435,137464255,29/07/26 07:13
148524378613,33868,69297195,29/07/26 07:13
148525022834,78095,125172768,29/07/26 07:13
148461486634,27571,13839553,29/07/26 07:13
148524612052,650489,272420292,29/07/26 07:13
148562599746,88084,43602369,29/07/26 07:13
148562597875,230232,88425615,29/07/26 07:13
148562597395,37066,143724907,29/07/26 07:13
148562599613,183108,257202591,29/07/26 07:13
148525525459,88244,162905843,29/07/26 07:13
148526063359,1425,187642341,29/07/26 07:13
148562614613,218666,128896627,29/07/26 07:13
148524148834,96456,46727057,29/07/26 07:13
148561337767,120988,272400562,29/07/26 07:13
148525095685,131562,263645756,29/07/26 07:13
148562833946,181802,155574944,29/07/26 07:13
148524349463,180156,219436367,29/07/26 07:13
148562947475,144961,68704447,29/07/26 07:13
148562598534,22540,101452568,29/07/26 07:13
148562771634,177884,128706169,29/07/26 07:13
148562887159,137352,153868871,29/07/26 07:13
148562841259,159581,239549800,29/07/26 07:13
148562842295,141775,9066529,29/07/26 07:13
148507273659,162556,76870295,29/07/26 07:13
148548255659,80130,271340853,29/07/26 07:13
148562880613,6034,272451232,29/07/26 07:13
148562833285,193961,272451175,29/07/26 07:13
148562941952,214878,210453815,29/07/26 07:13
148562840495,20740,96453643,29/07/26 07:13
148562946775,64801,272451313,29/07/26 07:13
148562842785,87960,43136902,29/07/26 07:13
148562897559,112649,272451271,29/07/26 07:13
148560652234,166960,272448813,29/07/26 07:13
148562951585,33355,24354105,29/07/26 07:13
148537575285,161401,93021046,29/07/26 07:13
148562951434,4462,72210269,29/07/26 07:13
148562943667,39917,4857379,29/07/26 07:14
148562756275,20006,91605775,29/07/26 07:14
148561658446,80558,272331753,29/07/26 07:14
148562893346,107151,221195955,29/07/26 07:14
148523435459,108866,212480481,29/07/26 07:14
148523983875,13646,36693096,29/07/26 07:14
148560131413,55330,272448419,29/07/26 07:14
148524409167,191880,25264860,29/07/26 07:14
148521706059,209025,134690943,29/07/26 07:14
148560134363,87523,263043718,29/07/26 07:14
148522906659,205221,144158190,29/07/26 07:14
148560305013,180741,272347271,29/07/26 07:14
148523303252,16807,131458501,29/07/26 07:14
148521799434,3349,272418320,29/07/26 07:14
148523524534,68867,143893418,29/07/26 07:14
148562948834,180382,145922440,29/07/26 07:14
148523334013,65650,247666838,29/07/26 07:14
148523273459,122124,52867670,29/07/26 07:14
148523646552,177345,271932732,29/07/26 07:14
148562895667,4013,66993363,29/07/26 07:14
148560311585,8404,74359633,29/07/26 07:14
148562945634,218537,122815526,29/07/26 07:14
148560133795,153813,272448382,29/07/26 07:14
148523620013,86,272254914,29/07/26 07:14
148522907695,157133,195402906,29/07/26 07:14
148523344167,26516,71897947,29/07/26 07:14
148523897034,7635,151847252,29/07/26 07:14
148523991652,179101,254275426,29/07/26 07:14
148562476546,68870,93659879,29/07/26 07:14
148474707359,44756,271265074,29/07/26 07:14
148494448534,40761,235330322,29/07/26 07:14
148523329963,95581,136899750,29/07/26 07:14
148524005159,180741,10039413,29/07/26 07:14
148523783034,24826,62411112,29/07/26 07:14
148522354785,136148,209750909,29/07/26 07:14
148522563352,111419,96828328,29/07/26 07:14
148562602413,189819,226043836,29/07/26 07:14
148523329559,650949,11798038,29/07/26 07:14
148522570013,64935,103091576,29/07/26 07:14
148522958595,180204,269671205,29/07/26 07:14
148562896234,25778,264627977,29/07/26 07:14
148524141213,445304,266040617,29/07/26 07:14
148523216695,69317,263416974,29/07/26 07:14
148522583775,34809,34851937,29/07/26 07:14
148520182967,69751,952437,29/07/26 07:14
148562768834,18415,93845877,29/07/26 07:14
148524077552,1166,272388311,29/07/26 07:14
148523534159,656474,246088897,29/07/26 07:14
148562604852,340,16225805,29/07/26 07:14
148492779559,145584,264584365,29/07/26 07:14
148523268267,7072,162635209,29/07/26 07:14
148522768059,187682,250842223,29/07/26 07:14
148562955775,96485,244220249,29/07/26 07:14
148523996952,20466,109536138,29/07/26 07:14
148522323275,176590,145502771,29/07/26 07:14
148523362475,90018,119104802,29/07/26 07:14
148522830085,25884,235766430,29/07/26 07:14
148522778067,38820,197532084,29/07/26 07:14
148523969167,73675,7342776,29/07/26 07:14
148449450913,104368,191730198,29/07/26 07:14
148560317813,111534,65675188,29/07/26 07:14
148560936252,35207,272449038,29/07/26 07:14
148473178185,27858,80054598,29/07/26 07:14
148562604167,5054,84891375,29/07/26 07:14
148560992975,650012,272449063,29/07/26 07:14
148523520434,182413,103072304,29/07/26 07:14
148522844034,14058,40601687,29/07/26 07:14
148560404746,11688,272448480,29/07/26 07:14
148523600163,4802,263849791,29/07/26 07:14
148560226059,658834,272448289,29/07/26 07:14
148522391152,139128,89380881,29/07/26 07:14
148522388859,445314,250165114,29/07/26 07:14
148522144795,118263,270172432,29/07/26 07:14
148562844863,445478,272451207,29/07/26 07:14
148562671246,10304,272450955,29/07/26 07:14
148562601213,121257,272450944,29/07/26 07:14
148562836363,148786,190775723,29/07/26 07:14
148546849763,25540,187958775,29/07/26 07:14
148562775459,166769,36713534,29/07/26 07:14
148494474152,155325,238629057,29/07/26 07:14
148562956763,187627,160367889,29/07/26 07:14
148561134995,654169,272449159,29/07/26 07:14
148562946013,214691,90455806,29/07/26 07:14
148562956263,656717,132022039,29/07/26 07:14
148550565846,24115,272439560,29/07/26 07:14
148562955352,38667,111425131,29/07/26 07:14
148562949567,37456,265181651,29/07/26 07:14
148562946634,42817,162951013,29/07/26 07:15
148512312875,230191,226644988,29/07/26 07:15
148562952395,81161,79693533,29/07/26 07:15
148562963052,184933,77338185,29/07/26 07:15
148561103367,68804,272449202,29/07/26 07:15
148562955459,68727,272451336,29/07/26 07:15
148546038659,152159,269337107,29/07/26 07:15
148521931959,191133,42219937,29/07/26 07:15
148519877963,36866,122588365,29/07/26 07:15
148522085613,184637,86134209,29/07/26 07:15
148521751246,158691,243099261,29/07/26 07:15
148522087667,1149,113140014,29/07/26 07:15
148560226559,41438,149719204,29/07/26 07:15
148560131546,223231,271176491,29/07/26 07:15
148521431685,175958,187446097,29/07/26 07:15
148521281213,186113,231413616,29/07/26 07:15
148521021667,2583,242750729,29/07/26 07:15
148521059985,188659,71280496,29/07/26 07:15
148519906259,143956,182550286,29/07/26 07:15
148518419895,26441,186048904,29/07/26 07:15
148522182967,539,39139986,29/07/26 07:15
148562948413,657174,272451319,29/07/26 07:15
148562862659,55993,125454436,29/07/26 07:15
148560130285,35068,8812489,29/07/26 07:15
148562859152,107506,24141612,29/07/26 07:15
148562952763,227155,272451329,29/07/26 07:15
148521699963,160555,112627162,29/07/26 07:15
148560221152,152897,267518281,29/07/26 07:15
148562608713,221383,21983077,29/07/26 07:15
148522161463,147527,267188674,29/07/26 07:15
148560129175,143143,100567879,29/07/26 07:15
148562716646,27304,77252480,29/07/26 07:15
148521053685,651886,258367826,29/07/26 07:15
148520993863,189954,271735169,29/07/26 07:15
148562939395,184215,57516993,29/07/26 07:15
148521138763,161507,16483998,29/07/26 07:15
148519448113,882,147097220,29/07/26 07:15
148562646867,43769,272450954,29/07/26 07:15
148562776667,145006,256050772,29/07/26 07:15
148521456846,177201,54490220,29/07/26 07:15
148520853234,100416,245645889,29/07/26 07:15
148521907875,42198,26973799,29/07/26 07:15
148520908163,443668,125652062,29/07/26 07:15
148519508834,9402,227711888,29/07/26 07:15
148521566634,121156,154525608,29/07/26 07:15
148521097675,222113,99161640,29/07/26 07:15
148521171359,42390,246821585,29/07/26 07:15
148522141495,12062,272418280,29/07/26 07:15
148521076059,163764,272416589,29/07/26 07:15
148520801985,28992,23695764,29/07/26 07:15
148521756352,1857,234966273,29/07/26 07:15
148560265775,443018,90061248,29/07/26 07:15
148521416075,179047,856010,29/07/26 07:15
148521851995,167465,1446371,29/07/26 07:15
148519458552,20471,268365169,29/07/26 07:15
148522150759,229780,33405565,29/07/26 07:15
148562773975,143234,89601154,29/07/26 07:15
148560246234,183983,271231429,29/07/26 07:15
148522179059,8373,59281873,29/07/26 07:15
148562964475,136040,12077496,29/07/26 07:15
148562647195,191529,21839553,29/07/26 07:15
148562609552,10038,8398570,29/07/26 07:15
148521053263,31646,252724009,29/07/26 07:15
148521765663,6472,123118357,29/07/26 07:15
148562256813,24449,270212405,29/07/26 07:15
148521293263,2200,27203361,29/07/26 07:15
148521587559,33329,272418224,29/07/26 07:15
148521468095,166960,196016535,29/07/26 07:15
148520786863,181653,262124176,29/07/26 07:15
148522155052,182365,97281943,29/07/26 07:15
148520683146,2027,56804190,29/07/26 07:15
148562614367,218524,243216111,29/07/26 07:15
148545081746,181498,208322469,29/07/26 07:15
148521426459,189267,145977352,29/07/26 07:15
148562779863,446302,81773218,29/07/26 07:15
148561140785,167035,272449225,29/07/26 07:15
148522008313,100429,114099368,29/07/26 07:15
148521687134,28214,152847193,29/07/26 07:15
148520877075,26142,102244670,29/07/26 07:15
148562611752,147433,160516776,29/07/26 07:15
148521043059,87776,181531123,29/07/26 07:15
148562613685,188240,180377910,29/07/26 07:15
148521487395,182269,250240386,29/07/26 07:15
148562773413,227000,133154996,29/07/26 07:15
148520621959,1886,268578255,29/07/26 07:15
148562613946,139170,272450966,29/07/26 07:15
148562783934,446180,102597821,29/07/26 07:15
148520628234,205857,272417024,29/07/26 07:15
148562781095,150472,18935927,29/07/26 07:15
148562956934,186990,182141003,29/07/26 07:15
148520744513,216330,162545742,29/07/26 07:15
148562614575,213437,41252192,29/07/26 07:15
148520668475,4279,41021670,29/07/26 07:15
148562720146,21606,22827687,29/07/26 07:15
148521062546,149091,156906893,29/07/26 07:15
148562776563,148702,264796523,29/07/26 07:15
148562901995,179019,43242474,29/07/26 07:15
148492866813,148453,122410790,29/07/26 07:15
148562774313,1473,112498658,29/07/26 07:15
148562271585,85326,272450491,29/07/26 07:15
148562901863,181662,239573736,29/07/26 07:15
148562848552,11125,271598758,29/07/26 07:15
148521465395,159753,146731184,29/07/26 07:15
148521452752,1223,40873031,29/07/26 07:15
148507452134,177097,88564865,29/07/26 07:15
148562966067,443721,272451359,29/07/26 07:16
148562947846,184215,272451314,29/07/26 07:16
148562967785,42006,272451355,29/07/26 07:16
148562937246,110507,8078335,29/07/26 07:16
148561378385,653123,272449441,29/07/26 07:16
148562883385,35133,60225422,29/07/26 07:16
148563010667,446230,197799085,29/07/26 07:16
148562879667,113838,272451147,29/07/26 07:16
148563010434,446097,265303740,29/07/26 07:16
148563010859,4805,272174847,29/07/26 07:16
148563010546,134235,271174467,29/07/26 07:16
148562956659,193115,272451335,29/07/26 07:16
148562964075,445004,272451299,29/07/26 07:16
148560244434,20997,272448478,29/07/26 07:16
148520148763,7170,80055762,29/07/26 07:16
148560128313,111198,237685684,29/07/26 07:16
148560614467,25759,3497562,29/07/26 07:16
148519476163,35252,160001382,29/07/26 07:16
148478857163,41794,43517817,29/07/26 07:16
148519148685,22315,219514431,29/07/26 07:16
148517931113,11406,225768563,29/07/26 07:16
148519710659,7969,95615682,29/07/26 07:16
148519267475,18984,49628051,29/07/26 07:16
148560123034,181004,272448403,29/07/26 07:16
148517499275,37543,272415415,29/07/26 07:16
148514063313,121240,272044305,29/07/26 07:16
148518995763,158308,110722908,29/07/26 07:16
148519862959,183886,190936737,29/07/26 07:16
148519067534,223190,141131929,29/07/26 07:16
148518977713,149202,272415730,29/07/26 07:16
148560233113,650712,55447864,29/07/26 07:16
148475836952,41794,45857694,29/07/26 07:16
148560044495,186347,6580708,29/07/26 07:16
148560299363,6785,256013554,29/07/26 07:16
148518947085,43609,12576747,29/07/26 07:16
148520641752,650587,203582010,29/07/26 07:16
148519475552,52897,111463809,29/07/26 07:16
148519462046,180021,55758839,29/07/26 07:16
148519054463,21704,141585927,29/07/26 07:16
148560299213,179015,29664475,29/07/26 07:16
148519440963,39854,6789754,29/07/26 07:16
148520644346,45932,255202824,29/07/26 07:16
148519525852,204073,241423906,29/07/26 07:16
148519046195,7782,103426407,29/07/26 07:16
148519884534,95661,183034950,29/07/26 07:16
148563014095,144879,107900223,29/07/26 07:16
148520352952,205415,272368080,29/07/26 07:16
148520348063,4963,3632764,29/07/26 07:16
148562821652,654451,272451148,29/07/26 07:16
148519930252,90372,191430677,29/07/26 07:16
148562826713,885,272451146,29/07/26 07:16
148519634452,17057,240053341,29/07/26 07:16
148562967834,167035,272451378,29/07/26 07:16
148520028859,42509,50942241,29/07/26 07:16
148519515267,10656,148429906,29/07/26 07:16
148518988167,6042,59006005,29/07/26 07:16
148519486134,5735,123445425,29/07/26 07:16
148520090152,33956,161279872,29/07/26 07:16
148519078275,73171,263854326,29/07/26 07:16
148517924013,182280,272389142,29/07/26 07:16
148562825163,6456,31213872,29/07/26 07:16
148520052852,7663,72039695,29/07/26 07:16
148562799346,41768,95664452,29/07/26 07:16
148518978595,167790,128255441,29/07/26 07:16
148519299134,45946,6887662,29/07/26 07:16
148520376834,150662,10034610,29/07/26 07:16
148562808385,105898,184684907,29/07/26 07:16
148519805475,156489,43391500,29/07/26 07:16
148520638085,68069,225197700,29/07/26 07:16
148550490934,117172,108394923,29/07/26 07:16
148519899167,73495,142514898,29/07/26 07:16
148519207746,21073,272389153,29/07/26 07:16
148562962895,444764,30429134,29/07/26 07:16
148519525063,188261,257577344,29/07/26 07:16
148563011675,5125,127524480,29/07/26 07:16
148520689459,145262,188856091,29/07/26 07:16
148519498375,217505,248093700,29/07/26 07:16
148517943234,118250,81861575,29/07/26 07:16
148562647846,217972,47541339,29/07/26 07:16
148562826659,180478,272451153,29/07/26 07:16
148519190963,141869,29170727,29/07/26 07:16
148562810034,72685,272451151,29/07/26 07:16
148563012052,39907,233303728,29/07/26 07:16
148548996685,147115,7517766,29/07/26 07:16
148562953959,184347,190604737,29/07/26 07:16
148561458663,4104,272449539,29/07/26 07:16
148563000875,650587,272451386,29/07/26 07:16
148562938113,7304,270502193,29/07/26 07:16
148526751959,156361,184609109,29/07/26 07:17
148562800263,20666,272451144,29/07/26 07:17
148562939667,221552,79319476,29/07/26 07:17
148563013052,99323,272451326,29/07/26 07:17
148518724285,35864,219219838,29/07/26 07:17
148517668213,153982,20542050,29/07/26 07:17
148518841434,151635,5481815,29/07/26 07:17
148517925113,118955,121727639,29/07/26 07:17
148518176375,11636,24146444,29/07/26 07:17
148518715546,177154,137574585,29/07/26 07:17
148561462585,650293,272449551,29/07/26 07:17
148518014763,87617,25175007,29/07/26 07:17
148517868067,68949,73659625,29/07/26 07:17
148517886175,5983,88420400,29/07/26 07:17
148560125695,24389,85447906,29/07/26 07:17
148518101085,179360,271739835,29/07/26 07:17
148560058413,74358,204081327,29/07/26 07:17
148515457752,194982,83668047,29/07/26 07:17
148560380446,160620,109365823,29/07/26 07:17
148517629659,182883,40786908,29/07/26 07:17
148560238567,127493,257475271,29/07/26 07:17
148518316963,214865,144041139,29/07/26 07:17
148560023934,21670,198362385,29/07/26 07:17
148517385334,138427,76350861,29/07/26 07:17
148516188959,16842,195776988,29/07/26 07:17
148517595963,9997,96360590,29/07/26 07:17
148517355563,182929,111296074,29/07/26 07:17
148517958995,34363,132060356,29/07/26 07:17
148517862352,441,271879098,29/07/26 07:17
148515268246,157216,234827866,29/07/26 07:17
148518745267,146952,255179797,29/07/26 07:17
148517902713,11357,265836826,29/07/26 07:17
148560167485,84052,103171516,29/07/26 07:17
148518634063,217030,24536680,29/07/26 07:17
148560125046,21186,237169328,29/07/26 07:17
148516485452,110351,10900568,29/07/26 07:17
148515292746,155674,57917978,29/07/26 07:17
148560302467,40978,134139501,29/07/26 07:17
148517820552,139360,272415527,29/07/26 07:17
148560236359,650083,158041811,29/07/26 07:17
148518476375,184549,13962593,29/07/26 07:17
148562943295,65012,12843989,29/07/26 07:17
148519062585,142612,243795953,29/07/26 07:17
148560261363,219288,272448463,29/07/26 07:17
148518215859,9496,70226540,29/07/26 07:17
148560122752,84683,9163862,29/07/26 07:17
148519064759,186982,79554429,29/07/26 07:17
148519066595,650510,41788683,29/07/26 07:17
148517954885,42009,10313138,29/07/26 07:17
148560234585,113976,199810097,29/07/26 07:17
148517142559,193112,204023573,29/07/26 07:17
148560049959,72706,226851488,29/07/26 07:17
148563010363,192287,130548964,29/07/26 07:17
148562505859,194945,93938829,29/07/26 07:17
148518531763,177195,106944234,29/07/26 07:17
148560257346,20420,149433115,29/07/26 07:17
148517140746,1367,267695300,29/07/26 07:17
148563015046,10395,254065230,29/07/26 07:17
148517899346,12767,131265397,29/07/26 07:17
148545360252,458,137687490,29/07/26 07:17
148512080775,42543,236759685,29/07/26 07:17
148518320985,11818,23087910,29/07/26 07:17
148560305985,189244,159122871,29/07/26 07:17
148515725367,151908,146409301,29/07/26 07:17
148518096495,186217,39660139,29/07/26 07:17
148562647752,9252,106452304,29/07/26 07:17
148563011834,70082,272451388,29/07/26 07:17
148562937534,84314,148496615,29/07/26 07:17
148562917695,9997,183490490,29/07/26 07:17
148562831352,145081,102981724,29/07/26 07:17
148517544495,45998,245963091,29/07/26 07:17
148518362975,158217,265465571,29/07/26 07:17
148562832095,31978,246277031,29/07/26 07:17
148562644113,149673,139536457,29/07/26 07:17
148517404263,5820,256219325,29/07/26 07:17
148562559034,126590,234441688,29/07/26 07:17
148562669152,650203,88422673,29/07/26 07:17
148562562685,16025,271138637,29/07/26 07:17
148517479659,6468,21256268,29/07/26 07:17
148516714085,182069,272294203,29/07/26 07:17
148562649359,29029,4679817,29/07/26 07:17
148562884175,186711,19329252,29/07/26 07:17
148562647446,445971,262504085,29/07/26 07:17
148517452134,7662,272412783,29/07/26 07:17
148562642513,37910,252947936,29/07/26 07:17
148562647652,360492,82549521,29/07/26 07:17
148562639263,39538,96989873,29/07/26 07:17
148563016013,184965,272451401,29/07/26 07:17
148562627213,86323,122939137,29/07/26 07:17
148561487434,444900,272449565,29/07/26 07:17
148563019559,120805,72739372,29/07/26 07:17
148561463134,2602,272449553,29/07/26 07:17
148563015659,188591,245774944,29/07/26 07:17
148514688446,32810,114578355,29/07/26 07:17
148563012352,25680,63066203,29/07/26 07:17
148563017385,279058,225268257,29/07/26 07:18
148516376375,204428,193656140,29/07/26 07:18
148516839552,141365,4971786,29/07/26 07:18
148516431385,168967,252641167,29/07/26 07:18
148516340167,41804,267150181,29/07/26 07:18
148560130467,137799,272448418,29/07/26 07:18
148517014259,99236,35488229,29/07/26 07:18
148516429067,111518,107576324,29/07/26 07:18
148515686834,8591,1939137,29/07/26 07:18
148516676885,84685,51763431,29/07/26 07:18
148515546567,10389,74648645,29/07/26 07:18
148560321846,166812,270665852,29/07/26 07:18
148515417734,32893,8939291,29/07/26 07:18
148459555113,41794,30839738,29/07/26 07:18
148560247546,34646,124510760,29/07/26 07:18
148516426459,69352,272414038,29/07/26 07:18
148561602846,5745,272449593,29/07/26 07:18
148515759985,215843,271234142,29/07/26 07:18
148513351875,182928,272410532,29/07/26 07:18
148516711267,217538,164033777,29/07/26 07:18
148514500152,178225,272412806,29/07/26 07:18
148560145334,5261,43322873,29/07/26 07:18
148500158485,391,270375703,29/07/26 07:18
148560246575,64747,54240493,29/07/26 07:18
148516245967,8067,11124895,29/07/26 07:18
148445990652,159389,180314118,29/07/26 07:18
148516228834,22550,241890344,29/07/26 07:18
148515699485,127407,26550580,29/07/26 07:18
148515647613,1543,7937453,29/07/26 07:18
148516879863,654389,263717185,29/07/26 07:18
148516215975,68142,264040333,29/07/26 07:18
148560122252,29937,186870806,29/07/26 07:18
148514700146,37377,272412723,29/07/26 07:18
148515352095,170813,251006418,29/07/26 07:18
148515443595,43850,272340438,29/07/26 07:18
148516685652,166715,220456840,29/07/26 07:18
148563016863,221794,119675162,29/07/26 07:18
148517007959,190625,4127467,29/07/26 07:18
148516701434,120785,11864478,29/07/26 07:18
148517027667,28991,151470802,29/07/26 07:18
148516169534,181812,158937505,29/07/26 07:18
148515513159,5089,55127916,29/07/26 07:18
148516659846,181586,251610239,29/07/26 07:18
148515906375,113733,130959733,29/07/26 07:18
148515741075,179372,99705387,29/07/26 07:18
148516059167,78095,180579643,29/07/26 07:18
148515267075,65275,252525074,29/07/26 07:18
148562940975,152016,107128849,29/07/26 07:18
148513656685,1125,272410895,29/07/26 07:18
148562658313,108117,26899961,29/07/26 07:18
148516601495,50413,216076455,29/07/26 07:18
148514471563,416029,218627628,29/07/26 07:18
148516413446,15448,75353949,29/07/26 07:18
148515456085,182130,126539179,29/07/26 07:18
148562833575,192521,44811661,29/07/26 07:18
148515466363,182332,240642945,29/07/26 07:18
148512354595,143257,189363270,29/07/26 07:18
148562837459,186389,225772132,29/07/26 07:18
148562652495,2607,212056120,29/07/26 07:18
148515801363,40568,272069803,29/07/26 07:18
148515837567,226831,126463180,29/07/26 07:18
148517007385,121029,86554662,29/07/26 07:18
148517030959,81076,153795723,29/07/26 07:18
148515433113,77618,58521068,29/07/26 07:18
148562659746,187689,67694490,29/07/26 07:18
148515656385,88189,272410760,29/07/26 07:18
148562833634,156361,272451155,29/07/26 07:18
148562651713,3212,41634005,29/07/26 07:18
148562836952,147631,272451180,29/07/26 07:18
148562648859,11222,21719463,29/07/26 07:18
148562836059,105049,120665786,29/07/26 07:18
148513283313,208176,159004009,29/07/26 07:18
148515409163,650329,263804490,29/07/26 07:18
148562669595,90358,272450985,29/07/26 07:18
148562650495,72904,272450992,29/07/26 07:18
148562665152,650291,272451011,29/07/26 07:18
148515497567,181473,272158873,29/07/26 07:18
148562651246,187642,96615210,29/07/26 07:18
148562658275,185145,71996616,29/07/26 07:18
148562655785,39046,102162638,29/07/26 07:18
148514035113,11153,87097465,29/07/26 07:18
148563019967,8071,62484690,29/07/26 07:18
148562653613,30036,7192796,29/07/26 07:18
148562893959,190728,93472439,29/07/26 07:18
148563023375,147188,142594089,29/07/26 07:18
148562653563,28733,269720115,29/07/26 07:18
148562998559,22258,42872456,29/07/26 07:18
148563020434,154306,248445007,29/07/26 07:18
148539789275,70015,224511975,29/07/26 07:18
148562519675,162127,76940217,29/07/26 07:18
148562965085,186982,106062752,29/07/26 07:18
148562898667,15976,263643730,29/07/26 07:18
148562954475,177386,61597929,29/07/26 07:18
148561573759,167035,272449658,29/07/26 07:19
148563019346,149032,272451409,29/07/26 07:19
148563019785,65184,42536943,29/07/26 07:19
148562895467,25961,100081089,29/07/26 07:19
148562950834,181936,269184037,29/07/26 07:19
148563022475,445971,124965239,29/07/26 07:19
148562950513,149091,203023098,29/07/26 07:19
148563020763,42115,242858621,29/07/26 07:19
148515296752,177421,41165787,29/07/26 07:19
148560151846,136717,195238724,29/07/26 07:19
148560117695,11197,225655964,29/07/26 07:19
148514016813,226874,55458794,29/07/26 07:19
148560296163,168776,9309805,29/07/26 07:19
148514403163,181380,271944094,29/07/26 07:19
148515206559,143157,272412948,29/07/26 07:19
148560115159,116721,266430633,29/07/26 07:19
148509315134,4417,257244298,29/07/26 07:19
148514478052,144208,271872806,29/07/26 07:19
148560147685,140884,103378228,29/07/26 07:19
148560114713,165808,135608204,29/07/26 07:19
148513941813,1098,208623385,29/07/26 07:19
148513732834,55907,8544552,29/07/26 07:19
148514028834,142630,271602245,29/07/26 07:19
148514480267,184567,20451169,29/07/26 07:19
148514047685,176861,257347062,29/07/26 07:19
148560240167,194982,272448504,29/07/26 07:19
148562899685,186762,27592733,29/07/26 07:19
148513409367,154469,189628435,29/07/26 07:19
148560115495,55759,71294032,29/07/26 07:19
148562664875,31020,119661513,29/07/26 07:19
148562307085,153395,146285674,29/07/26 07:19
148513601234,157348,25728753,29/07/26 07:19
148514072663,38333,260584676,29/07/26 07:19
148560245413,43238,158731980,29/07/26 07:19
148514548067,39824,58016729,29/07/26 07:19
148514521713,134193,270496227,29/07/26 07:19
148512013695,42390,247640926,29/07/26 07:19
148514625475,442859,108931984,29/07/26 07:19
148515056213,6497,14586704,29/07/26 07:19
148514172585,11669,133460084,29/07/26 07:19
148514048667,205004,271942551,29/07/26 07:19
148515065352,2674,59490491,29/07/26 07:19
148514526952,78568,134450665,29/07/26 07:19
148515021063,105901,249614242,29/07/26 07:19
148514472446,222817,95121608,29/07/26 07:19
148513283295,77790,191753705,29/07/26 07:19
148512873246,18927,64556552,29/07/26 07:19
148562947552,189643,83452604,29/07/26 07:19
148514195167,36838,139219499,29/07/26 07:19
148562663595,218070,81713088,29/07/26 07:19
148514112195,168563,132463107,29/07/26 07:19
148514547285,136838,61687177,29/07/26 07:19
148562900085,15141,11050196,29/07/26 07:19
148514054885,443084,272411045,29/07/26 07:19
148563032159,42923,15425545,29/07/26 07:19
148562839395,180204,272451186,29/07/26 07:19
148563027575,173,83319757,29/07/26 07:19
148514643267,119284,272092862,29/07/26 07:19
148562844685,259131,272451138,29/07/26 07:19
148514123559,20593,272410475,29/07/26 07:19
148512501363,148151,154256501,29/07/26 07:19
148514070413,655457,272409488,29/07/26 07:19
148513767563,6583,199388784,29/07/26 07:19
148514363285,20967,233241913,29/07/26 07:19
148562660159,40831,158869438,29/07/26 07:19
148562841346,132831,272451156,29/07/26 07:19
148562844713,655137,233774801,29/07/26 07:19
148493627346,167772,98115729,29/07/26 07:19
148514945534,185689,4795135,29/07/26 07:19
148514700346,65580,244883887,29/07/26 07:19
148514235395,126590,209632109,29/07/26 07:19
148562664975,177878,57363608,29/07/26 07:19
148562661875,69823,7186399,29/07/26 07:19
148514495485,209032,269246056,29/07/26 07:19
148513732046,32985,214342563,29/07/26 07:19
148514351634,181360,9967178,29/07/26 07:19
148514094495,42817,222627595,29/07/26 07:19
148514518613,117207,272412814,29/07/26 07:19
148513720334,43638,128006177,29/07/26 07:19
148562842685,653654,254404223,29/07/26 07:19
148562838995,16740,131967051,29/07/26 07:19
148562657959,650587,272451003,29/07/26 07:19
148562656552,188543,272450989,29/07/26 07:19
148562661695,4257,67075560,29/07/26 07:19
148562840152,122215,196783012,29/07/26 07:19
148562953252,21166,268024198,29/07/26 07:19
148562842452,188625,120737351,29/07/26 07:19
148563020963,4805,270439471,29/07/26 07:19
148562655646,140973,245943795,29/07/26 07:19
148562656659,12287,189615851,29/07/26 07:19
148539837159,142233,272430952,29/07/26 07:19
148562840295,186954,35844177,29/07/26 07:19
148563028285,216665,195818949,29/07/26 07:19
148563023875,190788,60798304,29/07/26 07:19
148561651746,193045,272449749,29/07/26 07:19
148562902734,107119,199555351,29/07/26 07:19
148563032946,178183,30640806,29/07/26 07:19
148562902134,131746,271048430,29/07/26 07:19
148563030767,217505,193497534,29/07/26 07:19
148562901613,121307,272451278,29/07/26 07:19
148563018363,650440,136446126,29/07/26 07:19
148561658185,120988,272449721,29/07/26 07:19
148563024475,27222,128622272,29/07/26 07:20
148562954975,99813,84326963,29/07/26 07:20
148563023534,3694,111845741,29/07/26 07:20
148563025995,42865,128694463,29/07/26 07:20
148562956875,55993,63326350,29/07/26 07:20
148513377685,90020,240863820,29/07/26 07:20
148512852875,166857,47894837,29/07/26 07:20
148512940552,181136,41729236,29/07/26 07:20
148512933863,27602,34677535,29/07/26 07:20
148512828034,30151,272410389,29/07/26 07:20
148512713567,165569,271875329,29/07/26 07:20
148560382546,42656,91599090,29/07/26 07:20
148511299485,159218,233800563,29/07/26 07:20
148512943113,154416,157844740,29/07/26 07:20
148512496095,4267,129882061,29/07/26 07:20
148560089985,166253,114012981,29/07/26 07:20
148512522534,119092,60549272,29/07/26 07:20
148513300252,650587,37702935,29/07/26 07:20
148512496675,29265,253947530,29/07/26 07:20
148512958152,78095,54064290,29/07/26 07:20
148560231413,445831,212472037,29/07/26 07:20
148512132259,44126,140097161,29/07/26 07:20
148560038434,182878,48586261,29/07/26 07:20
148512453934,10479,11406907,29/07/26 07:20
148512486746,153984,30939571,29/07/26 07:20
148513400446,651837,96362458,29/07/26 07:20
148513293413,16001,122098715,29/07/26 07:20
148512919385,872,101054160,29/07/26 07:20
148562670085,1318,11090403,29/07/26 07:20
148513219195,204695,23197805,29/07/26 07:20
148489395534,179650,51232871,29/07/26 07:20
148513107934,25086,104181809,29/07/26 07:20
148560226995,96078,272448479,29/07/26 07:20
148562844175,444974,272451203,29/07/26 07:20
148560242195,42755,94772087,29/07/26 07:20
148511754063,53773,271678371,29/07/26 07:20
148562662985,33178,272451022,29/07/26 07:20
148562669667,259131,272450881,29/07/26 07:20
148512511263,139139,269662894,29/07/26 07:20
148562844446,74006,272451206,29/07/26 07:20
148512774967,129204,204999492,29/07/26 07:20
148512052659,2646,87293075,29/07/26 07:20
148511262213,12332,133374701,29/07/26 07:20
148513335813,96541,18433654,29/07/26 07:20
148562848285,156701,272451215,29/07/26 07:20
148560224185,188871,152394126,29/07/26 07:20
148562845895,445967,143226465,29/07/26 07:20
148563036834,83823,269844075,29/07/26 07:20
148513528334,158217,198351144,29/07/26 07:20
148512259167,50179,264878347,29/07/26 07:20
148562670895,1425,138498021,29/07/26 07:20
148512856259,185596,88297321,29/07/26 07:20
148512500559,179502,138143688,29/07/26 07:20
148562673075,180377,115779038,29/07/26 07:20
148512237767,655203,271222134,29/07/26 07:20
148562522746,22626,4197123,29/07/26 07:20
148511746563,184527,93864510,29/07/26 07:20
148511740763,37106,263554218,29/07/26 07:20
148512284375,44757,59341932,29/07/26 07:20
148493251046,174109,246067856,29/07/26 07:20
148512558085,1707,61763112,29/07/26 07:20
148562846075,11910,240582125,29/07/26 07:20
148512501795,171916,80570343,29/07/26 07:20
148512525759,105893,257634934,29/07/26 07:20
148513393659,33487,68142358,29/07/26 07:20
148512871946,443522,69672313,29/07/26 07:20
148511883475,37340,74613961,29/07/26 07:20
148512165834,185173,272388692,29/07/26 07:20
148512859146,230265,239161198,29/07/26 07:20
148562607995,34490,239407988,29/07/26 07:20
148562850159,225416,107537191,29/07/26 07:20
148562659534,99973,237510298,29/07/26 07:20
148511760685,108096,82844254,29/07/26 07:20
148511746385,25919,211220694,29/07/26 07:20
148561653367,175233,272449757,29/07/26 07:20
148512027295,446208,213043531,29/07/26 07:20
148512052563,148773,28717243,29/07/26 07:20
148562520275,9615,92486980,29/07/26 07:20
148512404275,132913,148786808,29/07/26 07:20
148561660834,39868,272449778,29/07/26 07:20
148562670252,5003,242002987,29/07/26 07:20
148510538152,189364,239262192,29/07/26 07:20
148511714659,571,133715153,29/07/26 07:20
148562851659,140311,33820255,29/07/26 07:20
148563035367,215161,160229073,29/07/26 07:20
148541252875,55322,30590917,29/07/26 07:20
148561708763,2026,272449835,29/07/26 07:20
148508184659,3096,268759182,29/07/26 07:20
148563040363,179776,208511937,29/07/26 07:20
148563034485,146018,38227642,29/07/26 07:20
148563031385,182657,144792109,29/07/26 07:20
148563036334,42703,271657398,29/07/26 07:20
148563030446,149955,84443689,29/07/26 07:20
148500163795,39870,272400444,29/07/26 07:20
148562524163,17137,214622088,29/07/26 07:20
148563035634,27068,148827402,29/07/26 07:20
148563043085,365170,82702201,29/07/26 07:21
148561740859,153901,272449862,29/07/26 07:21
148562939767,41694,251434831,29/07/26 07:21
148538674667,1733,153470953,29/07/26 07:21
148563053263,151956,108267785,29/07/26 07:21
148563038346,73488,162523126,29/07/26 07:21
148561784675,442795,272449925,29/07/26 07:21
148562936775,188101,272451291,29/07/26 07:21
148562670946,208837,272451032,29/07/26 07:21
148562940867,218872,107258285,29/07/26 07:21
148562941385,84413,95042212,29/07/26 07:21
148563040246,445376,272451454,29/07/26 07:21
148563091913,180204,272451259,29/07/26 07:21
148511636295,136874,12585885,29/07/26 07:21
148562939867,38138,272451301,29/07/26 07:21
148511227495,145359,118029001,29/07/26 07:21
148560050252,154381,44478658,29/07/26 07:21
148510962795,7822,272373563,29/07/26 07:21
148510797759,140807,197360370,29/07/26 07:21
148510489095,1574,85745532,29/07/26 07:21
148560304359,171184,265404369,29/07/26 07:21
148511283185,22408,140128380,29/07/26 07:21
148511288295,7166,256867066,29/07/26 07:21
148560243363,194245,53011763,29/07/26 07:21
148511065285,18682,162248458,29/07/26 07:21
148560303875,16240,227229563,29/07/26 07:21
148509768963,52852,151853692,29/07/26 07:21
148510189095,4162,241387558,29/07/26 07:21
148511655885,4107,156714181,29/07/26 07:21
148509334734,42545,233492277,29/07/26 07:21
148511586046,122442,244313825,29/07/26 07:21
148560245995,43064,270338965,29/07/26 07:21
148510306059,150489,36503926,29/07/26 07:21
148511251885,12080,270762486,29/07/26 07:21
148510593259,45434,54173675,29/07/26 07:21
148510363034,177237,233965430,29/07/26 07:21
148510366275,141855,242090925,29/07/26 07:21
148510717295,40777,239575696,29/07/26 07:21
148510936359,135858,205086680,29/07/26 07:21
148510802713,140291,195169619,29/07/26 07:21
148560134685,147,44543795,29/07/26 07:21
148560244575,178653,113774876,29/07/26 07:21
148511180559,182427,140358840,29/07/26 07:21
148511287475,208521,93060128,29/07/26 07:21
148511285363,179417,4570506,29/07/26 07:21
148511262913,10543,118765944,29/07/26 07:21
148560230067,23373,120644168,29/07/26 07:21
148563077095,5523,45310037,29/07/26 07:21
148510844313,95204,51073545,29/07/26 07:21
148560228185,23536,149803817,29/07/26 07:21
148511127575,69799,93047102,29/07/26 07:21
148511342034,657180,180846614,29/07/26 07:21
148511505413,36913,264150386,29/07/26 07:21
148511498213,44183,163766387,29/07/26 07:21
148562881795,165783,272451122,29/07/26 07:21
148511327895,68867,246965412,29/07/26 07:21
148510941052,7336,89973571,29/07/26 07:21
148511475195,181579,101357147,29/07/26 07:21
148511250295,189444,107498208,29/07/26 07:21
148562965775,19142,93016470,29/07/26 07:21
148562879463,650291,272399933,29/07/26 07:21
148510765559,34431,74872814,29/07/26 07:21
148562863975,216596,94051115,29/07/26 07:21
148561925234,177372,272450085,29/07/26 07:21
148510139513,170119,69603649,29/07/26 07:21
148510140252,6453,4545239,29/07/26 07:21
148510179767,157830,264991438,29/07/26 07:21
148509768152,87463,228476488,29/07/26 07:21
148509759713,9579,24857515,29/07/26 07:21
148510499813,84153,56644017,29/07/26 07:21
148510364775,2091,211988257,29/07/26 07:21
148510251852,192606,75311503,29/07/26 07:21
148562709534,4061,54511557,29/07/26 07:21
148511591452,89720,185547533,29/07/26 07:21
148562965259,208666,202681428,29/07/26 07:21
148509488175,84291,92086547,29/07/26 07:21
148562707246,193424,8146492,29/07/26 07:21
148562943095,29938,69978809,29/07/26 07:21
148511814352,35122,186526399,29/07/26 07:21
148510659252,143780,271777589,29/07/26 07:21
148508295075,166329,16589653,29/07/26 07:21
148510193634,134147,147933870,29/07/26 07:21
148511184575,23896,236175054,29/07/26 07:21
148509259663,8413,114239023,29/07/26 07:21
148563030152,9029,272451426,29/07/26 07:21
148510182485,659720,129229924,29/07/26 07:21
148510875885,30717,192408585,29/07/26 07:21
148562881567,122454,249962806,29/07/26 07:21
148510582213,651134,269941652,29/07/26 07:21
148510105185,37340,270610545,29/07/26 07:21
148562879934,442179,26242822,29/07/26 07:21
148563040495,33563,250229188,29/07/26 07:21
148511501685,187654,34666331,29/07/26 07:21
148562864867,180331,272451212,29/07/26 07:21
148563105195,139284,272351734,29/07/26 07:21
148510444846,1570,257470922,29/07/26 07:21
148562880246,185207,272451220,29/07/26 07:21
148562372952,4805,272450699,29/07/26 07:21
148563032763,80896,136015418,29/07/26 07:21
148510418734,214483,141452355,29/07/26 07:21
148563043434,41290,38638035,29/07/26 07:21
148563042195,152943,272451457,29/07/26 07:21
148561922063,1367,248244309,29/07/26 07:22
148563019046,184754,244962505,29/07/26 07:22
148510005834,148101,264120648,29/07/26 07:22
148509875895,226813,86454097,29/07/26 07:22
148560238146,6945,79628648,29/07/26 07:22
148509373352,185334,270309060,29/07/26 07:22
148508669267,15599,33824567,29/07/26 07:22
148509090075,114571,118234990,29/07/26 07:22
148509389713,31122,114429472,29/07/26 07:22
148508659713,148886,91478554,29/07/26 07:22
148509930759,142377,56567411,29/07/26 07:22
148560046275,183388,10744765,29/07/26 07:22
148544508052,34310,214343067,29/07/26 07:22
148509333363,653444,271866294,29/07/26 07:22
148509344646,184267,247647958,29/07/26 07:22
148509547985,121056,80959736,29/07/26 07:22
148509067434,145393,43282538,29/07/26 07:22
148563015585,192346,272451398,29/07/26 07:22
148508874134,22716,53679951,29/07/26 07:22
148509265063,38944,247802406,29/07/26 07:22
148560231052,21568,51882754,29/07/26 07:22
148508695234,166857,234924675,29/07/26 07:22
148509904475,193422,116462306,29/07/26 07:22
148509682663,181454,37325069,29/07/26 07:22
148511884746,105877,106035826,29/07/26 07:22
148507375667,44049,12621250,29/07/26 07:22
148509599385,184550,141855851,29/07/26 07:22
148508770763,143779,77988568,29/07/26 07:22
148544773775,181160,115210363,29/07/26 07:22
148509260467,147241,10229230,29/07/26 07:22
148508623867,28751,39795959,29/07/26 07:22
148509828946,8774,101034580,29/07/26 07:22
148508882959,99657,266978866,29/07/26 07:22
148508613946,68958,194363984,29/07/26 07:22
148562708513,181778,227794141,29/07/26 07:22
148509962685,184336,114786500,29/07/26 07:22
148508650613,9900,188120948,29/07/26 07:22
148509965595,222647,134847239,29/07/26 07:22
148562707052,99386,80614467,29/07/26 07:22
148540990867,222775,40395111,29/07/26 07:22
148508826395,78108,198376609,29/07/26 07:22
148509705475,73042,22677074,29/07/26 07:22
148562729375,445314,112635600,29/07/26 07:22
148509345795,168200,134759938,29/07/26 07:22
148509049559,183939,270559545,29/07/26 07:22
148562887095,188122,263151403,29/07/26 07:22
148562886634,179728,272451193,29/07/26 07:22
148509049746,187322,269635317,29/07/26 07:22
148563094559,1011,120673928,29/07/26 07:22
148509410085,35247,131569650,29/07/26 07:22
148562710159,24576,81072235,29/07/26 07:22
148562708675,184215,184078931,29/07/26 07:22
148509226034,105841,194235358,29/07/26 07:22
148509370946,80854,51381780,29/07/26 07:22
148508665475,84153,140244709,29/07/26 07:22
148562707395,179762,214839529,29/07/26 07:22
148509403867,113846,269284788,29/07/26 07:22
148508612195,36728,66492950,29/07/26 07:22
148509026695,160071,23932388,29/07/26 07:22
148509354095,9335,8676947,29/07/26 07:22
148562712359,184232,57345804,29/07/26 07:22
148508845667,21894,155768799,29/07/26 07:22
148562717775,21351,222305181,29/07/26 07:22
148509002395,152789,50549609,29/07/26 07:22
148508691313,11791,7332295,29/07/26 07:22
148509858646,38129,109253082,29/07/26 07:22
148462598975,1677,224131643,29/07/26 07:22
148509685167,38527,99795784,29/07/26 07:22
148472337646,27553,101503160,29/07/26 07:22
148508707946,126590,272396027,29/07/26 07:22
148509361946,56135,24597289,29/07/26 07:22
148509287434,180633,53209891,29/07/26 07:22
148562706475,10805,85659037,29/07/26 07:22
148509373267,141772,141835255,29/07/26 07:22
148509032995,96468,138529431,29/07/26 07:22
148508691513,29032,38284103,29/07/26 07:22
148508620613,113798,105103156,29/07/26 07:22
148509087352,34169,14188327,29/07/26 07:22
148508671113,156270,270205125,29/07/26 07:22
148509440295,126343,240997232,29/07/26 07:22
148509503185,41791,212574218,29/07/26 07:22
148563093195,33932,251509787,29/07/26 07:22
148509246452,177154,252043573,29/07/26 07:22
148562949434,183598,246496611,29/07/26 07:22
148509994363,23837,103993160,29/07/26 07:22
148563103646,135647,94050297,29/07/26 07:22
148563092552,108093,255864526,29/07/26 07:22
148549270975,178748,12176086,29/07/26 07:22
148562843459,21452,236970013,29/07/26 07:22
148563102534,37622,100411511,29/07/26 07:22
148563095234,114189,147832759,29/07/26 07:22
148563035559,186266,272451442,29/07/26 07:22
148561941063,651479,272450107,29/07/26 07:22
148563095459,1771,58867704,29/07/26 07:22
148563016113,35409,11860434,29/07/26 07:22
148563107659,116073,158852760,29/07/26 07:22
148563111234,184886,160624313,29/07/26 07:22
148563077546,5850,180770751,29/07/26 07:23
148563020195,221794,269160206,29/07/26 07:23
148562943175,8109,271816246,29/07/26 07:23
148559701446,4267,268868642,29/07/26 07:23
148563104959,80789,66812371,29/07/26 07:23
148562952913,36613,207827931,29/07/26 07:23
148508583663,133924,7528068,29/07/26 07:23
148508492159,187345,269784744,29/07/26 07:23
148508678975,15045,131953807,29/07/26 07:23
148562951675,208176,38722761,29/07/26 07:23
148560045095,50579,25425635,29/07/26 07:23
148507418152,185558,272407029,29/07/26 07:23
148563037875,5850,145513059,29/07/26 07:23
148559939095,42034,39838308,29/07/26 07:23
148507372834,203900,191514493,29/07/26 07:23
148508272013,445057,79485839,29/07/26 07:23
148508008513,136744,33397729,29/07/26 07:23
148508009975,41770,102333023,29/07/26 07:23
148560044375,80959,78429702,29/07/26 07:23
148560137385,26941,5715954,29/07/26 07:23
148560228952,186776,157433856,29/07/26 07:23
148507949963,657149,96732641,29/07/26 07:23
148560043559,229692,264792858,29/07/26 07:23
148507597352,152984,100642749,29/07/26 07:23
148481161752,44053,268833671,29/07/26 07:23
148508013395,36687,200325662,29/07/26 07:23
148507728363,2497,235549511,29/07/26 07:23
148560042413,120910,224966821,29/07/26 07:23
148507421875,217825,106399666,29/07/26 07:23
148507042634,323802,55690235,29/07/26 07:23
148508236675,5521,271217349,29/07/26 07:23
148560138785,188735,229463118,29/07/26 07:23
148560126175,152152,148772604,29/07/26 07:23
148560235695,100674,63510863,29/07/26 07:23
148507030275,139103,46523488,29/07/26 07:23
148560230485,177195,236287691,29/07/26 07:23
148506964646,6505,74873314,29/07/26 07:23
148503622413,191436,85965104,29/07/26 07:23
148508003159,1551,102438428,29/07/26 07:23
148451620995,162,4030579,29/07/26 07:23
148560231267,1723,135661277,29/07/26 07:23
148508298813,65436,14094252,29/07/26 07:23
148563102267,10112,229190269,29/07/26 07:23
148563039534,190073,95058995,29/07/26 07:23
148560227559,186392,71900987,29/07/26 07:23
148507022275,188697,217749478,29/07/26 07:23
148507998563,371772,18434678,29/07/26 07:23
148560234495,69778,158290164,29/07/26 07:23
148503807463,184952,272219481,29/07/26 07:23
148508674063,3983,18783929,29/07/26 07:23
148506865846,149651,39026299,29/07/26 07:23
148563101995,132775,272451474,29/07/26 07:23
148560229563,184939,248927988,29/07/26 07:23
148563023934,633,267950642,29/07/26 07:23
148507035634,112124,131052573,29/07/26 07:23
148507980885,141298,121735571,29/07/26 07:23
148507675067,24301,40256547,29/07/26 07:23
148507892646,42,272383164,29/07/26 07:23
148506693595,5226,149576090,29/07/26 07:23
148508641359,235630,262842248,29/07/26 07:23
148505740813,1213,5479340,29/07/26 07:23
148506954695,8388,244034979,29/07/26 07:23
148507725846,177428,271117016,29/07/26 07:23
148507049952,445326,55846801,29/07/26 07:23
148507549467,192674,272407340,29/07/26 07:23
148507510046,120829,67990896,29/07/26 07:23
148562713363,55981,243116892,29/07/26 07:23
148507627285,35834,183026420,29/07/26 07:23
148507524063,21045,207928200,29/07/26 07:23
148500169359,655886,272400252,29/07/26 07:23
148508349246,190413,194370413,29/07/26 07:23
148502210546,172377,103021736,29/07/26 07:23
148506971467,220300,53410286,29/07/26 07:23
148507953234,165997,41988867,29/07/26 07:23
148562954352,122663,201544528,29/07/26 07:23
148507229346,852,139189260,29/07/26 07:23
148562948959,9988,153547796,29/07/26 07:23
148562710846,189410,272451047,29/07/26 07:23
148507082434,24725,15088167,29/07/26 07:23
148562719075,32178,47434325,29/07/26 07:23
148506763385,445997,3800988,29/07/26 07:23
148562719852,182285,67820736,29/07/26 07:23
148508000563,11679,105017452,29/07/26 07:23
148562710675,22232,144356760,29/07/26 07:23
148563025746,27388,14953950,29/07/26 07:23
148507291334,393,264537826,29/07/26 07:23
148470075967,84725,54156896,29/07/26 07:23
148562721367,36887,92044316,29/07/26 07:23
148506867146,7816,163959605,29/07/26 07:23
148506986667,37614,137283761,29/07/26 07:23
148506965463,191245,33607688,29/07/26 07:23
148560043875,132774,272448327,29/07/26 07:23
148562727995,34113,113028025,29/07/26 07:23
148563105895,653200,254579307,29/07/26 07:23
148562557152,179239,265195382,29/07/26 07:23
148562891646,13812,203922343,29/07/26 07:23
148562936575,191056,272451289,29/07/26 07:23
148562719963,216804,96661919,29/07/26 07:23
148563098885,55993,214865148,29/07/26 07:23
148563093813,43768,132798134,29/07/26 07:23
148563110575,181701,160690388,29/07/26 07:23
148563113495,650182,272451497,29/07/26 07:23
148562944163,186730,140924352,29/07/26 07:23
148563115075,167035,272451502,29/07/26 07:23
148563110475,96525,117098314,29/07/26 07:23
148561907334,21037,272450068,29/07/26 07:23
148563113934,142331,31568661,29/07/26 07:23
148526771295,216322,14026651,29/07/26 07:23
148563119852,44742,112014580,29/07/26 07:23
148563111563,180006,229332175,29/07/26 07:23
148561906395,38593,272450065,29/07/26 07:24
148563113759,190300,150140185,29/07/26 07:24
148563093795,43699,232697672,29/07/26 07:24
148563094785,145580,193600664,29/07/26 07:24
148563029659,83914,100536100,29/07/26 07:24
148562952685,189399,272451330,29/07/26 07:24
148563115167,186514,256321346,29/07/26 07:24
148539234375,41375,184347120,29/07/26 07:24
148562961185,4167,249068718,29/07/26 07:24
148563114834,27304,68863379,29/07/26 07:24
148559934775,22245,78130100,29/07/26 07:24
148506456652,441835,129875737,29/07/26 07:24
148560129985,281912,139886638,29/07/26 07:24
148506631434,37335,272405947,29/07/26 07:24
148523727375,100288,8435366,29/07/26 07:24
148506389052,36247,135600667,29/07/26 07:24
148560220595,150320,138444282,29/07/26 07:24
148561494559,181935,205094585,29/07/26 07:24
148560035713,656964,272448360,29/07/26 07:24
148505827785,209219,255580224,29/07/26 07:24
148504509767,191539,41126780,29/07/26 07:24
148560038859,160620,89477937,29/07/26 07:24
148506720446,446018,76828078,29/07/26 07:24
148505280095,29390,91466684,29/07/26 07:24
148506640567,149698,2372147,29/07/26 07:24
148505306575,34198,120227827,29/07/26 07:24
148504995763,153933,13917411,29/07/26 07:24
148501201995,141568,18663159,29/07/26 07:24
148563028346,43850,55769401,29/07/26 07:24
148563109113,163764,272451489,29/07/26 07:24
148505001575,99640,51237847,29/07/26 07:24
148505079959,113722,229522311,29/07/26 07:24
148504458975,144879,137920864,29/07/26 07:24
148506805746,230159,75952297,29/07/26 07:24
148505254875,14083,68333342,29/07/26 07:24
148506021385,177735,11476564,29/07/26 07:24
148560231613,43932,200181697,29/07/26 07:24
148562963259,20757,157312699,29/07/26 07:24
148563113395,73160,17981515,29/07/26 07:24
148505171095,132266,222535110,29/07/26 07:24
148560149034,5429,205547610,29/07/26 07:24
148504978695,203420,145556096,29/07/26 07:24
148560246167,41099,50199594,29/07/26 07:24
148505581663,90315,270306271,29/07/26 07:24
148563114167,35062,49229244,29/07/26 07:24
148505465334,95686,222965266,29/07/26 07:24
148505748352,181086,242896270,29/07/26 07:24
148562715685,156943,257959328,29/07/26 07:24
148505825863,167976,234144938,29/07/26 07:24
148506512663,123832,138133313,29/07/26 07:24
148505756459,9597,213602877,29/07/26 07:24
148562910146,38149,25829941,29/07/26 07:24
148506407646,139943,220100784,29/07/26 07:24
148505305863,99640,16219206,29/07/26 07:24
148505034095,194395,147753460,29/07/26 07:24
148506064346,89878,28073124,29/07/26 07:24
148506721575,158095,18746873,29/07/26 07:24
148505279646,38518,55306673,29/07/26 07:24
148506667434,181314,272390581,29/07/26 07:24
148506069795,25236,77653388,29/07/26 07:24
148506657695,36160,14469369,29/07/26 07:24
148562718363,184085,225979774,29/07/26 07:24
148505002546,36310,139524707,29/07/26 07:24
148562725867,153556,46824514,29/07/26 07:24
148562896659,192199,263365966,29/07/26 07:24
148505802975,118248,118228007,29/07/26 07:24
148505464795,113722,234333894,29/07/26 07:24
148504957485,175055,10715559,29/07/26 07:24
148562721285,36150,270757683,29/07/26 07:24
148562722259,4216,38384567,29/07/26 07:24
148562899134,218539,106857320,29/07/26 07:24
148562896367,20717,272451261,29/07/26 07:24
148562717546,65761,272451056,29/07/26 07:24
148506183285,149653,145658354,29/07/26 07:24
148562898252,177395,87134578,29/07/26 07:24
148505284834,4543,266060198,29/07/26 07:24
148506761646,2785,149876180,29/07/26 07:24
148505184852,26559,252037748,29/07/26 07:24
148506695795,188676,84788438,29/07/26 07:24
148505028413,39263,68128233,29/07/26 07:24
148563111346,37882,272451494,29/07/26 07:24
148505479885,14093,267314321,29/07/26 07:24
148562864546,4414,272451227,29/07/26 07:24
148562719246,55993,272451045,29/07/26 07:24
148505259167,4993,120060223,29/07/26 07:24
148562563152,194452,217432242,29/07/26 07:24
148506098146,114279,157415670,29/07/26 07:24
148562770146,655417,272451065,29/07/26 07:24
148505253885,68537,92547340,29/07/26 07:24
148562896575,9186,201917486,29/07/26 07:24
148506074195,154471,151926420,29/07/26 07:24
148505756834,102086,226666491,29/07/26 07:24
148563094975,14357,28962516,29/07/26 07:24
148562896813,142849,158864247,29/07/26 07:24
148505274685,9505,37449534,29/07/26 07:24
148562964934,126209,184362218,29/07/26 07:24
148563121052,25528,46776562,29/07/26 07:24
148563029575,181402,75277950,29/07/26 07:24
148562965185,13729,104630842,29/07/26 07:24
148563025552,180534,272451390,29/07/26 07:24
148563093352,100516,269252131,29/07/26 07:24
148562966385,20728,73527818,29/07/26 07:24
148563110285,84892,187190943,29/07/26 07:24
148561946952,5380,272450122,29/07/26 07:24
148563116267,38581,250789703,29/07/26 07:24
148563126195,139828,202491429,29/07/26 07:24
148563109975,167387,272154825,29/07/26 07:24
148561833267,30986,272449970,29/07/26 07:24
148562561967,444855,250877285,29/07/26 07:24
148563123313,150785,272451427,29/07/26 07:24
148563031175,29056,45483874,29/07/26 07:25
148563117452,80525,111559406,29/07/26 07:25
148563033234,442488,272451435,29/07/26 07:25
148561894263,159117,225334341,29/07/26 07:25
148562966485,306,272451369,29/07/26 07:25
148563116995,87608,271602023,29/07/26 07:25
148562969895,39182,253916703,29/07/26 07:25
148562968363,163837,231515542,29/07/26 07:25
148504732495,218576,204941502,29/07/26 07:25
148561888634,9496,272450041,29/07/26 07:25
148504338063,42616,48373024,29/07/26 07:25
148504063152,4216,56811073,29/07/26 07:25
148503427275,33479,80711912,29/07/26 07:25
148504813963,183766,79910942,29/07/26 07:25
148503761363,138245,40881334,29/07/26 07:25
148503046952,152232,135690740,29/07/26 07:25
148560225659,185588,70196774,29/07/26 07:25
148560130675,5818,89711769,29/07/26 07:25
148560035334,140740,205250712,29/07/26 07:25
148503129463,167637,236216830,29/07/26 07:25
148560033346,95173,255477609,29/07/26 07:25
148504247075,135645,248621215,29/07/26 07:25
148560226752,99630,252750358,29/07/26 07:25
148503263652,214689,122261545,29/07/26 07:25
148504343934,11198,272383996,29/07/26 07:25
148560024563,11917,108522912,29/07/26 07:25
148504757767,187174,272405573,29/07/26 07:25
148560219413,8713,106262019,29/07/26 07:25
148562951267,138448,271813703,29/07/26 07:25
148504776075,227466,272405021,29/07/26 07:25
148560140052,50254,272448431,29/07/26 07:25
148560221367,142745,272448412,29/07/26 07:25
148503397963,132717,189195086,29/07/26 07:25
148560033134,33341,68593824,29/07/26 07:25
148504315946,145259,260457022,29/07/26 07:25
148504771275,5717,269465734,29/07/26 07:25
148503425859,727,46077095,29/07/26 07:25
148503605463,28280,224413857,29/07/26 07:25
148504230767,221090,240063084,29/07/26 07:25
148503259352,24156,120003356,29/07/26 07:25
148504474785,136916,36163107,29/07/26 07:25
148503861585,160919,53493070,29/07/26 07:25
148504048563,46006,66453042,29/07/26 07:25
148504051434,37588,90748686,29/07/26 07:25
148560299667,5056,92727834,29/07/26 07:25
148502857634,161510,39389819,29/07/26 07:25
148504068395,1879,143090931,29/07/26 07:25
148503637867,100700,224651820,29/07/26 07:25
148502832846,44757,212166650,29/07/26 07:25
148503064367,205418,99123114,29/07/26 07:25
148502828167,11788,14504013,29/07/26 07:25
148503239346,3323,2428391,29/07/26 07:25
148503045713,167824,33822871,29/07/26 07:25
148503380095,5125,272301642,29/07/26 07:25
148503832452,9792,152425899,29/07/26 07:25
148504144467,650415,145351443,29/07/26 07:25
148500250334,5817,161544162,29/07/26 07:25
148563122813,189268,27363766,29/07/26 07:25
148504394495,187161,269834668,29/07/26 07:25
148503027952,1027,130252190,29/07/26 07:25
148503021634,156705,272374785,29/07/26 07:25
148504272446,73821,215141584,29/07/26 07:25
148503424334,22389,227055235,29/07/26 07:25
148504720685,12521,232632237,29/07/26 07:25
148502723463,423068,208972660,29/07/26 07:25
148504597013,99903,113367563,29/07/26 07:25
148502790467,187130,271470618,29/07/26 07:25
148502713559,2113,106413789,29/07/26 07:25
148504159175,14006,81964315,29/07/26 07:25
148502828963,137217,2035122,29/07/26 07:25
148562726334,1318,272451018,29/07/26 07:25
148503257252,121221,271405062,29/07/26 07:25
148502875467,5716,214050613,29/07/26 07:25
148562727459,188676,272451076,29/07/26 07:25
148503347659,111978,146673432,29/07/26 07:25
148503246834,84043,78131141,29/07/26 07:25
148561829895,35556,218623884,29/07/26 07:25
148563122695,5154,138371574,29/07/26 07:25
148503360095,108117,95058183,29/07/26 07:25
148563042675,27855,252539323,29/07/26 07:25
148503078563,389240,272402934,29/07/26 07:25
148563117846,37134,256833006,29/07/26 07:25
148503852052,85957,46528001,29/07/26 07:25
148522301659,150841,111548288,29/07/26 07:25
148563127367,167035,271603101,29/07/26 07:25
148563108485,192444,71075432,29/07/26 07:25
148563120752,186347,272451517,29/07/26 07:25
148561896246,173644,272450059,29/07/26 07:25
148563001767,18127,64435167,29/07/26 07:25
148563002167,123996,202495499,29/07/26 07:25
148563116813,191538,272112778,29/07/26 07:25
148563131085,224562,31360395,29/07/26 07:25
148563036746,40700,272451447,29/07/26 07:25
148563014334,178465,49510539,29/07/26 07:26
148563128485,158037,97814266,29/07/26 07:26
148563125585,2663,60653850,29/07/26 07:26
148561819167,120988,146233398,29/07/26 07:26
148563119959,650,227704829,29/07/26 07:26
148563107413,1779,248829240,29/07/26 07:26
148539969395,222667,27403509,29/07/26 07:26
148562730585,179453,272451070,29/07/26 07:26
148562730285,126829,272451082,29/07/26 07:26
148563158952,258547,216097793,29/07/26 07:26
148563158834,178541,264416922,29/07/26 07:26
148563122152,156504,233650716,29/07/26 07:26
148502788663,5632,182642378,29/07/26 07:26
148562903975,43769,241341026,29/07/26 07:26
148563126713,192490,250177973,29/07/26 07:26
148563016446,121322,61879028,29/07/26 07:26
148501616863,68172,272402732,29/07/26 07:26
148502037713,7991,18718215,29/07/26 07:26
148502544663,88371,243345424,29/07/26 07:26
148501478546,42112,272402525,29/07/26 07:26
148560138175,179345,270379725,29/07/26 07:26
148559945959,152574,142150183,29/07/26 07:26
148561112359,31471,66931888,29/07/26 07:26
148501755975,178575,272402848,29/07/26 07:26
148562733313,193246,60486523,29/07/26 07:26
148562729867,22772,224403391,29/07/26 07:26
148501860952,43185,137872605,29/07/26 07:26
148562731285,144177,84932599,29/07/26 07:26
148560224795,181556,272448391,29/07/26 07:26
148502699863,26630,92458140,29/07/26 07:26
148560224952,27304,272448353,29/07/26 07:26
148502658859,136744,45348532,29/07/26 07:26
148502568613,32771,220872087,29/07/26 07:26
148562727113,183057,98577759,29/07/26 07:26
148502383095,5728,272401668,29/07/26 07:26
148563162295,184901,183055643,29/07/26 07:26
148501766046,4816,74668965,29/07/26 07:26
148562731175,444899,272451085,29/07/26 07:26
148502404263,84153,244555781,29/07/26 07:26
148562940234,69090,149342540,29/07/26 07:26
148562937795,1295,196966093,29/07/26 07:26
148563104385,139877,272451328,29/07/26 07:26
148502368234,149199,38020230,29/07/26 07:26
148502826434,35407,98324944,29/07/26 07:26
148502080563,108136,51306170,29/07/26 07:26
148501867475,149973,265088750,29/07/26 07:26
148502021746,64852,272400314,29/07/26 07:26
148502193546,652959,62302764,29/07/26 07:26
148562936667,156035,272451275,29/07/26 07:26
148562846952,183841,270177027,29/07/26 07:26
148502364963,142157,12184319,29/07/26 07:26
148502691195,16197,254399314,29/07/26 07:26
148502536646,5308,272400389,29/07/26 07:26
148502647985,69017,89310668,29/07/26 07:26
148561788359,147128,272449937,29/07/26 07:26
148502367652,43930,53458702,29/07/26 07:26
148502347846,22775,1744113,29/07/26 07:26
148562942575,7752,272451305,29/07/26 07:26
148501898985,157213,79495616,29/07/26 07:26
148502363334,33578,21718752,29/07/26 07:26
148501581746,5177,422878,29/07/26 07:26
148502555359,203283,204298717,29/07/26 07:26
148502522463,53502,21635957,29/07/26 07:26
148501760413,35275,232748539,29/07/26 07:26
148501912895,29988,70282571,29/07/26 07:26
148502194952,84701,272375531,29/07/26 07:26
148502071395,181579,40730671,29/07/26 07:26
148501460775,41694,248157596,29/07/26 07:26
148501617663,50022,70278531,29/07/26 07:26
148502553595,180896,55040652,29/07/26 07:26
148562728395,650014,272451073,29/07/26 07:26
148501582813,193424,267849598,29/07/26 07:26
148562727895,33971,234606986,29/07/26 07:26
148562900185,650263,22981878,29/07/26 07:26
148501919767,26537,189572202,29/07/26 07:26
148501731259,183401,120643881,29/07/26 07:26
148563115663,183631,103148018,29/07/26 07:26
148501909234,146112,157388068,29/07/26 07:26
148501860275,189549,52485274,29/07/26 07:26
148501596185,2588,261853282,29/07/26 07:26
148502287146,18682,102119709,29/07/26 07:26
148501777875,85397,69427422,29/07/26 07:26
148501767052,53107,61260166,29/07/26 07:26
148502071752,175028,143250549,29/07/26 07:26
148501907846,94875,183610967,29/07/26 07:26
148501767867,26169,205192882,29/07/26 07:26
148501917485,217547,269712456,29/07/26 07:26
148502205213,167637,129404201,29/07/26 07:26
148501895175,184140,272342658,29/07/26 07:26
148501774595,20640,272402786,29/07/26 07:26
148501778085,152573,158035727,29/07/26 07:26
148562777375,68735,113706913,29/07/26 07:26
148501762963,218030,202828052,29/07/26 07:26
148562828152,8149,87136897,29/07/26 07:26
148562940067,122191,96114106,29/07/26 07:26
148501473152,178728,3835562,29/07/26 07:26
148501627875,1408,40202139,29/07/26 07:26
148562755934,208858,58696168,29/07/26 07:26
148502721063,148451,58448902,29/07/26 07:26
148501863813,85810,268050791,29/07/26 07:26
148563167452,2020,197148467,29/07/26 07:26
148499963534,2047,272393729,29/07/26 07:26
148501915334,972,100315926,29/07/26 07:26
148501608113,78239,272402672,29/07/26 07:26
148501589163,140720,214366492,29/07/26 07:26
148562938567,163602,97778364,29/07/26 07:26
148501630559,3397,232730864,29/07/26 07:26
148562939446,181436,272451292,29/07/26 07:26
148502559246,140189,9473081,29/07/26 07:26
148502022234,37070,22128559,29/07/26 07:26
148562756534,1633,127532209,29/07/26 07:26
148501673152,188742,258364740,29/07/26 07:26
148560210659,183406,269996802,29/07/26 07:26
148502039163,189532,272054552,29/07/26 07:26
148501625695,106957,251781300,29/07/26 07:26
148562940413,106236,272451264,29/07/26 07:26
148562936895,209152,216228020,29/07/26 07:26
148562936375,144986,272451269,29/07/26 07:26
148561832252,182280,272449975,29/07/26 07:26
148501491267,1425,91752886,29/07/26 07:26
148557250367,3148,199002938,29/07/26 07:26
148563139785,41694,240085938,29/07/26 07:26
148562955967,26651,272451342,29/07/26 07:26
148562751559,25870,34907411,29/07/26 07:26
148561772195,148101,272449916,29/07/26 07:26
148563102052,138448,8652685,29/07/26 07:26
148563020013,146577,35774112,29/07/26 07:27
148563162813,33712,132738522,29/07/26 07:27
148563171385,84157,14039671,29/07/26 07:27
148563014695,4475,272451397,29/07/26 07:27
148563017467,163764,139353625,29/07/26 07:27
148563165859,44032,152366800,29/07/26 07:27
148563171285,205464,268634730,29/07/26 07:27
148544870385,4216,252244899,29/07/26 07:27
148560028275,166377,205129665,29/07/26 07:27
148562765246,1466,264320261,29/07/26 07:27
148500935152,140945,31404851,29/07/26 07:27
148560030534,183931,117252923,29/07/26 07:27
148560223813,16441,66135528,29/07/26 07:27
148500666395,23274,36383242,29/07/26 07:27
148501093346,65295,272402068,29/07/26 07:27
148469021159,41794,69850078,29/07/26 07:27
148553617446,29490,4150832,29/07/26 07:27
148498721252,43487,272399673,29/07/26 07:27
148500093385,182929,268163566,29/07/26 07:27
148560031346,182454,249845525,29/07/26 07:27
148500446675,31717,272401531,29/07/26 07:27
148560298352,65426,139890056,29/07/26 07:27
148550163685,121213,63412755,29/07/26 07:27
148562940575,31183,272451302,29/07/26 07:27
148546533852,27715,38099835,29/07/26 07:27
148501448385,108963,126040858,29/07/26 07:27
148560220667,152522,34174524,29/07/26 07:27
148500639595,185002,215461842,29/07/26 07:27
148560027075,191564,182833652,29/07/26 07:27
148563093075,182718,272451467,29/07/26 07:27
148501223946,173575,2820655,29/07/26 07:27
148500532575,1554,191031095,29/07/26 07:27
148499946085,148886,24115186,29/07/26 07:27
148501442913,157583,107242402,29/07/26 07:27
148500449052,55842,96190474,29/07/26 07:27
148500006034,73723,272400571,29/07/26 07:27
148500278213,657149,102620850,29/07/26 07:27
148501356195,40011,144517633,29/07/26 07:27
148491077346,2021,269054099,29/07/26 07:27
148501113446,85957,269412214,29/07/26 07:27
148501074167,445774,60812292,29/07/26 07:27
148500449152,21384,116753365,29/07/26 07:27
148500556675,65631,268167280,29/07/26 07:27
148500854395,68665,272376389,29/07/26 07:27
148501090995,157358,265317451,29/07/26 07:27
148500267446,136961,267372383,29/07/26 07:27
148499690746,84153,243062371,29/07/26 07:27
148500755213,43237,223143600,29/07/26 07:27
148500355367,190770,272308803,29/07/26 07:27
148500731885,184905,195838793,29/07/26 07:27
148501198159,180534,213209750,29/07/26 07:27
148501228885,20595,224582946,29/07/26 07:27
148499931146,73938,249946923,29/07/26 07:27
148500656813,2674,107709822,29/07/26 07:27
148501242046,3910,67108962,29/07/26 07:27
148501116085,1964,272398560,29/07/26 07:27
148500554875,177154,3596497,29/07/26 07:27
148500850859,27220,157697585,29/07/26 07:27
148500638746,28652,271114567,29/07/26 07:27
148500533813,142553,120043555,29/07/26 07:27
148501324952,28702,270960717,29/07/26 07:27
148500947875,55684,49919123,29/07/26 07:27
148562946485,29583,94000353,29/07/26 07:27
148500818275,179372,272400456,29/07/26 07:27
148501456652,192459,187472491,29/07/26 07:27
148562945175,192468,237233857,29/07/26 07:27
148562944413,189450,272451304,29/07/26 07:27
148501463346,204866,130475165,29/07/26 07:27
148500742275,2023,107692538,29/07/26 07:27
148500434259,65695,244893199,29/07/26 07:27
148562944552,203444,73747037,29/07/26 07:27
148562942885,152226,41241341,29/07/26 07:27
148562011059,221794,203004099,29/07/26 07:27
148500850467,138243,45686621,29/07/26 07:27
148501214575,134215,271359737,29/07/26 07:27
148500228646,95422,73047612,29/07/26 07:27
148563126267,166008,164309509,29/07/26 07:27
148501214685,208060,272402246,29/07/26 07:27
148500444463,34969,41792748,29/07/26 07:27
148500176275,180974,47759544,29/07/26 07:27
148562942952,64988,198814070,29/07/26 07:27
148500532434,33642,129284505,29/07/26 07:27
148499891585,168563,272261112,29/07/26 07:27
148500108752,106132,270525032,29/07/26 07:27
148500367285,39410,52216449,29/07/26 07:27
148500103734,7562,154278578,29/07/26 07:27
148500365085,443376,90948958,29/07/26 07:27
148562592895,117537,19255559,29/07/26 07:27
148500206563,160555,251534318,29/07/26 07:27
148563022763,236889,141388633,29/07/26 07:27
148500171767,654246,272401258,29/07/26 07:27
148563128613,11198,237549715,29/07/26 07:27
148501240059,4150,272401656,29/07/26 07:27
148549956334,38112,238787911,29/07/26 07:27
148500014367,145721,126673166,29/07/26 07:27
148499946346,38164,567359,29/07/26 07:27
148499748185,153411,263494310,29/07/26 07:27
148512298967,353,203059937,29/07/26 07:27
148500009434,84003,229468941,29/07/26 07:27
148500025475,137657,272383638,29/07/26 07:27
148499755563,112247,79477310,29/07/26 07:27
148499680034,45383,109523751,29/07/26 07:27
148561766195,650528,272449907,29/07/26 07:27
148499946259,156539,211545013,29/07/26 07:27
148500954285,654936,184928875,29/07/26 07:27
148500358152,157281,124964331,29/07/26 07:27
148500862246,22534,272313602,29/07/26 07:27
148500031434,171992,259225270,29/07/26 07:27
148500974385,64988,10180713,29/07/26 07:27
148563169934,1290,140327837,29/07/26 07:27
148562945359,225930,272451308,29/07/26 07:27
148561815175,216673,9044326,29/07/26 07:27
148563016775,25300,117054529,29/07/26 07:27
148516070195,68665,186092002,29/07/26 07:27
148563170975,658798,131091047,29/07/26 07:27
148563113034,1368,152141760,29/07/26 07:27
148563110734,56246,115847278,29/07/26 07:27
148563123146,10430,272451523,29/07/26 07:27
148563160585,136717,272451547,29/07/26 07:28
148563024813,184013,272451418,29/07/26 07:28
148563166567,220557,241270323,29/07/26 07:28
148563094213,194123,267844456,29/07/26 07:28
148561748346,7240,272449881,29/07/26 07:28
148544444713,180434,75222075,29/07/26 07:28
148563109885,62,147937714,29/07/26 07:28
148562764963,41222,60287042,29/07/26 07:28
148560240795,184086,65496493,29/07/26 07:28
148489626075,84012,82106984,29/07/26 07:28
148560029875,165992,124569460,29/07/26 07:28
148562763295,27354,272451099,29/07/26 07:28
148499516813,96540,272400529,29/07/26 07:28
148499276959,139240,75917134,29/07/26 07:28
148560172552,42648,56049175,29/07/26 07:28
148561759063,180811,272449827,29/07/26 07:28
148560146246,445775,272448440,29/07/26 07:28
148560218434,154969,272448437,29/07/26 07:28
148499347713,274517,133698493,29/07/26 07:28
148562943795,139150,272451300,29/07/26 07:28
148562767663,32718,180634117,29/07/26 07:28
148562963613,34883,241114465,29/07/26 07:28
148498064795,235442,270217869,29/07/26 07:28
148560029967,49,80303033,29/07/26 07:28
148499568552,69611,90945945,29/07/26 07:28
148563093985,205104,272451469,29/07/26 07:28
148499678034,658649,133344885,29/07/26 07:28
148562764452,6042,24260720,29/07/26 07:28
148498818463,655412,202988522,29/07/26 07:28
148499388213,177428,86198475,29/07/26 07:28
148562950959,167035,272451320,29/07/26 07:28
148562597767,193211,268621114,29/07/26 07:28
148499834267,108117,251062693,29/07/26 07:28
148499839575,105916,272400720,29/07/26 07:28
148562766246,25965,272451100,29/07/26 07:28
148563169875,84889,161924488,29/07/26 07:28
148499232913,187048,8943832,29/07/26 07:28
148499301234,215005,206167103,29/07/26 07:28
148562762375,362,115915420,29/07/26 07:28
148562765767,8435,184942961,29/07/26 07:28
148498890913,41050,87185162,29/07/26 07:28
148499611452,146414,49391484,29/07/26 07:28
148499045663,10033,272359847,29/07/26 07:28
148499705559,136856,22655162,29/07/26 07:28
148499204967,160090,104620687,29/07/26 07:28
148498719795,157027,112054425,29/07/26 07:28
148498658067,7000,269356728,29/07/26 07:28
148499738785,190333,272370336,29/07/26 07:28
148498655495,74236,143505912,29/07/26 07:28
148498508646,1149,120775577,29/07/26 07:28
148498390775,178133,155153090,29/07/26 07:28
148499085113,177,126671905,29/07/26 07:28
148507397846,150067,7563089,29/07/26 07:28
148499700634,440002,257180914,29/07/26 07:28
148498696452,149056,102003185,29/07/26 07:28
148499103159,445988,98851819,29/07/26 07:28
148498581159,650582,248634641,29/07/26 07:28
148498721375,33803,70424485,29/07/26 07:28
148498632952,95708,144548355,29/07/26 07:28
148497973563,1514,272398067,29/07/26 07:28
148499643063,365210,59197704,29/07/26 07:28
148498721846,185862,213338398,29/07/26 07:28
148561653775,299998,272449762,29/07/26 07:28
148498020367,21852,225228803,29/07/26 07:28
148494093034,87669,11357719,29/07/26 07:28
148498131013,146575,150130058,29/07/26 07:28
148499583152,65194,3869799,29/07/26 07:28
148499751146,11574,272384660,29/07/26 07:28
148499062275,42759,103772485,29/07/26 07:28
148498027746,2728,187057046,29/07/26 07:28
148498766295,122219,181277933,29/07/26 07:28
148498764467,34465,44708173,29/07/26 07:28
148498421275,137935,272394200,29/07/26 07:28
148499293134,177431,185903788,29/07/26 07:28
148499715313,74039,194097586,29/07/26 07:28
148499747713,164099,29113449,29/07/26 07:28
148499520695,80760,190312811,29/07/26 07:28
148497641175,18396,62784755,29/07/26 07:28
148498582652,34548,4504017,29/07/26 07:28
148498028752,55877,4757907,29/07/26 07:28
148499412146,20979,84861098,29/07/26 07:28
148497786946,146625,228675323,29/07/26 07:28
148498170959,180406,217988485,29/07/26 07:28
148499581846,152943,257239830,29/07/26 07:28
148498929567,156079,110227235,29/07/26 07:28
148498782834,86133,51886401,29/07/26 07:28
148499569795,116065,148999917,29/07/26 07:28
148499411246,145222,24349938,29/07/26 07:28
148497500495,1733,81066671,29/07/26 07:28
148497822375,166118,270906742,29/07/26 07:28
148497712152,182937,78676463,29/07/26 07:28
148498943334,73378,7573029,29/07/26 07:28
148497698859,185361,37296983,29/07/26 07:28
148562772552,52897,128322820,29/07/26 07:28
148498507695,73713,184502985,29/07/26 07:28
148563112367,216973,271684134,29/07/26 07:28
148497486852,163522,192737119,29/07/26 07:28
148497496959,217959,248272663,29/07/26 07:28
148498887895,16145,204284880,29/07/26 07:28
148499413963,777,54776411,29/07/26 07:28
148499336646,28610,117744705,29/07/26 07:28
148498852467,185002,132660865,29/07/26 07:28
148497075375,24257,47990035,29/07/26 07:28
148497683546,180740,263848680,29/07/26 07:28
148499691546,650203,272400604,29/07/26 07:28
148498763067,184852,65713299,29/07/26 07:28
148562948052,162506,237128299,29/07/26 07:28
148562772895,658638,104881789,29/07/26 07:28
148560028413,218070,80336213,29/07/26 07:28
148562769485,7557,123679435,29/07/26 07:28
148563114459,34259,233504194,29/07/26 07:28
148562767913,445774,86659984,29/07/26 07:28
148497621985,129905,247808893,29/07/26 07:28
148499623975,37682,33801251,29/07/26 07:28
148562948134,154225,272451316,29/07/26 07:28
148497760595,21643,150662614,29/07/26 07:28
148562950146,164304,34510952,29/07/26 07:28
148562951975,26420,73604355,29/07/26 07:28
148563162963,177795,272451543,29/07/26 07:28
148562770734,190991,95004398,29/07/26 07:28
148496896163,28331,49332941,29/07/26 07:28
148561738834,156841,272449763,29/07/26 07:28
148497190295,36869,48949050,29/07/26 07:28
148563106659,191423,271775391,29/07/26 07:28
148562948359,10395,226443441,29/07/26 07:28
148497257913,37776,100063925,29/07/26 07:28
148563028513,164149,101754478,29/07/26 07:28
148497423034,95708,271950953,29/07/26 07:28
148562769559,178190,44487069,29/07/26 07:28
148562952852,193147,198175604,29/07/26 07:28
148497313195,143816,69142649,29/07/26 07:28
148562769834,445988,149957985,29/07/26 07:28
148497741946,222643,256865634,29/07/26 07:28
148499689485,80496,98367368,29/07/26 07:28
148499248995,189238,24127080,29/07/26 07:28
148562950495,24787,263859770,29/07/26 07:28
148562847495,207307,10153884,29/07/26 07:28
148563170685,191475,272451501,29/07/26 07:28
148505926846,3793,158940630,29/07/26 07:28
148563123859,41438,50018786,29/07/26 07:28
148563159295,1067,272353537,29/07/26 07:28
148562947085,55782,272451310,29/07/26 07:28
148563177413,5308,152870651,29/07/26 07:28
148563115346,185287,93128969,29/07/26 07:28
148563111059,192606,272451493,29/07/26 07:29
148563175767,221794,45575544,29/07/26 07:29
148561699195,164626,272449737,29/07/26 07:29
148563033395,213,30876835,29/07/26 07:29
148563033134,68537,272451246,29/07/26 07:29
148563174367,10976,119618749,29/07/26 07:29
148563176452,49,85610183,29/07/26 07:29
148546741585,69710,10730371,29/07/26 07:29
148563178885,215178,186394002,29/07/26 07:29
148495472585,257861,272367363,29/07/26 07:29
148560022275,659279,157106812,29/07/26 07:29
148495301467,8339,139492407,29/07/26 07:29
148560117463,182771,3641558,29/07/26 07:29
148495414875,37078,134563617,29/07/26 07:29
148560136385,41570,199877287,29/07/26 07:29
148495317559,227015,144249362,29/07/26 07:29
148495176563,3346,271351927,29/07/26 07:29
148495178667,10616,94083518,29/07/26 07:29
148494929259,9041,8223351,29/07/26 07:29
148563179359,89573,38876189,29/07/26 07:29
148561677159,180204,272449700,29/07/26 07:29
148563179113,189881,46560887,29/07/26 07:29
148560166195,30580,119004560,29/07/26 07:29
148494805367,451,96194951,29/07/26 07:29
148563032859,43936,2889594,29/07/26 07:29
148496689275,180401,157600717,29/07/26 07:29
148496433846,83834,270652250,29/07/26 07:29
148563179485,88026,234140515,29/07/26 07:29
148496876513,120952,226900528,29/07/26 07:29
148495293513,40210,271665863,29/07/26 07:29
148496585159,194940,243963140,29/07/26 07:29
148496900352,78497,237760645,29/07/26 07:29
148495933334,84153,135413883,29/07/26 07:29
148562771159,992,272451104,29/07/26 07:29
148496559059,28864,201968558,29/07/26 07:29
148496802163,41737,243054243,29/07/26 07:29
148563175595,86352,57377187,29/07/26 07:29
148497090585,24353,64971967,29/07/26 07:29
148496906475,80329,9968869,29/07/26 07:29
148493405275,99973,232612118,29/07/26 07:29
148496880985,4272,272396649,29/07/26 07:29
148563035046,159664,244190946,29/07/26 07:29
148563176195,181634,272451568,29/07/26 07:29
148495012095,181579,65974281,29/07/26 07:29
148495474563,221238,229034143,29/07/26 07:29
148497262295,164419,272397691,29/07/26 07:29
148496588395,41964,272258910,29/07/26 07:29
148563117152,44757,73168205,29/07/26 07:29
148495506363,8323,271453956,29/07/26 07:29
148495907559,182186,240037205,29/07/26 07:29
148496869746,27440,98255542,29/07/26 07:29
148561628095,181841,272449719,29/07/26 07:29
148495006059,205605,132842991,29/07/26 07:29
148563176634,2819,272451539,29/07/26 07:29
148495454575,215112,5728585,29/07/26 07:29
148496884663,150715,27337276,29/07/26 07:29
148495647013,184307,235600956,29/07/26 07:29
148496676795,5530,81276917,29/07/26 07:29
148496044246,180331,40372384,29/07/26 07:29
148496058059,26618,85808210,29/07/26 07:29
148496985475,20127,223760403,29/07/26 07:29
148496427834,654578,272183604,29/07/26 07:29
148494328363,18682,13158768,29/07/26 07:29
148494646695,214483,272396286,29/07/26 07:29
148494239613,138242,272395298,29/07/26 07:29
148561945085,155967,270395560,29/07/26 07:29
148494817034,1649,256908768,29/07/26 07:29
148496322159,72951,154562221,29/07/26 07:29
148494470152,185243,71000711,29/07/26 07:29
148497373346,43850,239348432,29/07/26 07:29
148532333475,122215,272424922,29/07/26 07:29
148497257267,204413,26764181,29/07/26 07:29
148494665385,3092,272396211,29/07/26 07:29
148494655834,185208,272394924,29/07/26 07:29
148563177585,95802,150285051,29/07/26 07:29
148563186713,23455,69126030,29/07/26 07:29
148494891852,150664,215046458,29/07/26 07:29
148563032295,179085,272451433,29/07/26 07:29
148561607659,167035,272449703,29/07/26 07:29
148495317459,181192,82897627,29/07/26 07:29
148494754595,88026,271597073,29/07/26 07:29
148496663359,3179,122720470,29/07/26 07:29
148494833034,11120,211389567,29/07/26 07:29
148562953452,187961,272062371,29/07/26 07:29
148496179552,217093,135884936,29/07/26 07:29
148494968634,41521,237917403,29/07/26 07:29
148496198495,85843,272393694,29/07/26 07:29
148495138734,35641,108859508,29/07/26 07:29
148495771963,182945,164016385,29/07/26 07:29
148562825713,44038,123555696,29/07/26 07:29
148494409652,2646,254024324,29/07/26 07:29
148494841446,12688,142136044,29/07/26 07:29
148495948613,22248,114655484,29/07/26 07:29
148496802767,151432,217703294,29/07/26 07:29
148562776034,16850,272451094,29/07/26 07:29
148494673152,84727,272188982,29/07/26 07:29
148495467646,84868,87123260,29/07/26 07:29
148562773095,3382,265253733,29/07/26 07:29
148495599059,4358,108786281,29/07/26 07:29
148562648452,4467,112513333,29/07/26 07:29
148562776367,382,251358628,29/07/26 07:29
148496199085,43171,269598555,29/07/26 07:29
148562776875,34868,37751163,29/07/26 07:29
148496203175,203640,42718043,29/07/26 07:29
148562771095,49821,263949488,29/07/26 07:29
148562956385,10768,15815432,29/07/26 07:29
148495139513,205306,272394871,29/07/26 07:29
148563114313,177089,49672619,29/07/26 07:29
148496799813,25342,189980473,29/07/26 07:29
148496553434,35834,49261335,29/07/26 07:29
148562954252,38665,146580297,29/07/26 07:29
148494778659,20717,232610487,29/07/26 07:29
148562954795,1414,70654177,29/07/26 07:29
148495818052,183805,217461747,29/07/26 07:29
148562879367,5056,244933987,29/07/26 07:29
148562774967,182677,187286127,29/07/26 07:29
148562775713,112124,68179042,29/07/26 07:29
148562777067,229776,82767354,29/07/26 07:29
148563036413,44676,4858473,29/07/26 07:29
148562955085,18509,132501666,29/07/26 07:29
148563186063,129304,147975379,29/07/26 07:29
148495122546,214876,272396300,29/07/26 07:29
148561582767,70082,272449687,29/07/26 07:29
148495807995,224566,227146742,29/07/26 07:29
148496906163,153879,28466433,29/07/26 07:29
148494667252,20184,159775080,29/07/26 07:29
148494618385,145350,272395281,29/07/26 07:29
148563178375,165386,272451577,29/07/26 07:29
148495160695,193910,16991508,29/07/26 07:29
148563112152,36644,250372073,29/07/26 07:29
148562771885,156519,227663912,29/07/26 07:29
148550265175,137815,257523107,29/07/26 07:29
148563178963,186126,268956112,29/07/26 07:29
148562953334,139304,20916153,29/07/26 07:29
148497244159,151293,113324528,29/07/26 07:29
148563177852,55781,140955750,29/07/26 07:29
148563038413,182929,215329759,29/07/26 07:29
148562774495,167514,42753218,29/07/26 07:29
148563120075,31380,2719554,29/07/26 07:29
148561677252,20717,272449689,29/07/26 07:29
148562783859,180902,119113696,29/07/26 07:29
148563040575,442214,255287345,29/07/26 07:29
148563187252,40313,60741169,29/07/26 07:29
148563122734,114189,272451522,29/07/26 07:30
148523172834,5018,272045002,29/07/26 07:30
148563041275,78445,118235989,29/07/26 07:30
148563162734,656865,271883484,29/07/26 07:30
148563041895,94859,107451834,29/07/26 07:30
148563193834,628,125962845,29/07/26 07:30
148563124375,179560,127837566,29/07/26 07:30
148563174759,214644,263165899,29/07/26 07:30
148563188852,1284,272451595,29/07/26 07:30
148563125934,193221,253063205,29/07/26 07:30
148563035813,21186,127894517,29/07/26 07:30
148563036034,13078,272451443,29/07/26 07:30
148561582395,656692,272449684,29/07/26 07:30
148494085434,137939,186347822,29/07/26 07:30
148561215795,180202,194340913,29/07/26 07:30
148563190475,2893,257713125,29/07/26 07:30
148494553695,85180,204989007,29/07/26 07:30
148493861859,44757,85076086,29/07/26 07:30
148559918159,11267,95677158,29/07/26 07:30
148494282975,8051,87222997,29/07/26 07:30
148494611063,181248,224036296,29/07/26 07:30
148493414752,2532,106931379,29/07/26 07:30
148493558734,5190,188755542,29/07/26 07:30
148493604446,37455,271006474,29/07/26 07:30
148560024059,83929,272448331,29/07/26 07:30
148494442095,35721,256454588,29/07/26 07:30
148492953234,73171,272010178,29/07/26 07:30
148493200395,150643,130815976,29/07/26 07:30
148494609675,178585,29555758,29/07/26 07:30
148494043667,106582,235652569,29/07/26 07:30
148493439363,181563,184881259,29/07/26 07:30
148560139875,163725,70187702,29/07/26 07:30
148494233075,50160,131020502,29/07/26 07:30
148561581867,156035,272449677,29/07/26 07:30
148563031995,141969,272451432,29/07/26 07:30
148563186834,146732,272451584,29/07/26 07:30
148491161185,208853,272393410,29/07/26 07:30
148489353663,155350,23717306,29/07/26 07:30
148494602446,133947,210977028,29/07/26 07:30
148492473163,86356,140585263,29/07/26 07:30
148493648867,223231,244229336,29/07/26 07:30
148494622167,53004,254295615,29/07/26 07:30
148494430946,6242,272395932,29/07/26 07:30
148491606885,18029,81944069,29/07/26 07:30
148494269859,24142,199069832,29/07/26 07:30
148493215295,117747,272231261,29/07/26 07:30
148563175463,192459,254100874,29/07/26 07:30
148563194246,650042,84176583,29/07/26 07:30
148492112113,7489,95056622,29/07/26 07:30
148563178234,32785,272451576,29/07/26 07:30
148560143052,43434,272448435,29/07/26 07:30
148493941275,651259,208409709,29/07/26 07:30
148494078752,85621,131138880,29/07/26 07:30
148493618775,4229,248534166,29/07/26 07:30
148493001852,116065,272137501,29/07/26 07:30
148494261695,21545,152033025,29/07/26 07:30
148493686959,180331,271301791,29/07/26 07:30
148494315563,132586,73818287,29/07/26 07:30
148493189863,85180,162346381,29/07/26 07:30
148494081485,181497,3642839,29/07/26 07:30
148494624495,650573,263399005,29/07/26 07:30
148494517175,145352,272394987,29/07/26 07:30
148493847095,44228,272395562,29/07/26 07:30
148494380752,49922,221867810,29/07/26 07:30
148493812995,65625,238109696,29/07/26 07:30
148493854963,12767,156661431,29/07/26 07:30
148561577895,1397,272449669,29/07/26 07:30
148492791675,183229,215330074,29/07/26 07:30
148493400952,23505,249574240,29/07/26 07:30
148494253634,36196,272392853,29/07/26 07:30
148493569052,37392,68500228,29/07/26 07:30
148493694963,45993,76112171,29/07/26 07:30
148494020363,140311,111138403,29/07/26 07:30
148494058695,181550,120045858,29/07/26 07:30
148563191813,69868,96209872,29/07/26 07:30
148493434295,21031,272393292,29/07/26 07:30
148493829585,166766,187706213,29/07/26 07:30
148563188246,146972,272451425,29/07/26 07:30
148493199259,44227,48228401,29/07/26 07:30
148492324467,1218,107262130,29/07/26 07:30
148492719763,150137,272367295,29/07/26 07:30
148494046359,17057,223109836,29/07/26 07:30
148492938863,298,29095852,29/07/26 07:30
148493675913,21894,272395351,29/07/26 07:30
148493835663,34852,86315461,29/07/26 07:30
148493505246,4089,234010948,29/07/26 07:30
148492799985,222336,272394099,29/07/26 07:30
148493173446,69801,23333689,29/07/26 07:30
148492334913,180540,153385355,29/07/26 07:30
148492527946,26294,145600362,29/07/26 07:30
148492797246,650588,257505006,29/07/26 07:30
148494086913,102073,85749440,29/07/26 07:30
148563124495,8019,236264784,29/07/26 07:30
148489846346,179147,90272246,29/07/26 07:30
148563230263,107,267101805,29/07/26 07:30
148563193413,42703,79985297,29/07/26 07:30
148493201595,16394,205515703,29/07/26 07:30
148563120413,105914,266749167,29/07/26 07:30
148562965434,167035,272451339,29/07/26 07:30
148563187334,183470,254280157,29/07/26 07:30
148563069146,148151,272451466,29/07/26 07:30
148563243159,182544,96335508,29/07/26 07:30
148563177685,149091,225865776,29/07/26 07:30
148563187113,20438,84676531,29/07/26 07:30
148500608752,165336,163069294,29/07/26 07:30
148492306459,178179,51068125,29/07/26 07:30
148561571967,50022,272449655,29/07/26 07:31
148561523946,180204,272449606,29/07/26 07:31
148563196959,216734,272451621,29/07/26 07:31
148563121513,143124,18674821,29/07/26 07:31
148563173634,95589,82819074,29/07/26 07:31
148563195795,202031,79261151,29/07/26 07:31
148562781534,6041,272451145,29/07/26 07:31
148563037346,180204,272391609,29/07/26 07:31
148563187685,18029,272451589,29/07/26 07:31
148512759159,212412,246561132,29/07/26 07:31
148562965634,106815,272451350,29/07/26 07:31
148562966246,26848,272451357,29/07/26 07:31
148563172075,135839,45456828,29/07/26 07:31
148562780295,183067,135957983,29/07/26 07:31
148562781452,183305,65546071,29/07/26 07:31
148562827534,221090,183351154,29/07/26 07:31
148562778863,133123,236682427,29/07/26 07:31
148563242395,167035,268327292,29/07/26 07:31
148562963446,87430,115811299,29/07/26 07:31
148563173834,106321,9505631,29/07/26 07:31
148562965852,116065,197183328,29/07/26 07:31
148563242675,650291,272451337,29/07/26 07:31
148563242513,179475,272312201,29/07/26 07:31
148563242946,143414,272451417,29/07/26 07:31
148562780795,5681,45657243,29/07/26 07:31
148563242775,65498,272451346,29/07/26 07:31
148561600759,442483,272449592,29/07/26 07:31
148561604367,167035,272449603,29/07/26 07:31
148562974275,185298,12806352,29/07/26 07:31
148562963959,444899,272451348,29/07/26 07:31
148563190567,12577,272451602,29/07/26 07:31
148562981046,16025,50883005,29/07/26 07:31
148563226834,108285,106753548,29/07/26 07:31
148560023546,37781,248439886,29/07/26 07:31
148560024113,30817,43968050,29/07/26 07:31
148492285067,89778,240487230,29/07/26 07:31
148563232259,118062,148366357,29/07/26 07:31
148492025734,165802,150233230,29/07/26 07:31
148491892252,167584,145473627,29/07/26 07:31
148560114334,443012,161027200,29/07/26 07:31
148491161575,202022,188810294,29/07/26 07:31
148491238346,10320,143764746,29/07/26 07:31
148491593163,181701,270614987,29/07/26 07:31
148490629075,25911,33828197,29/07/26 07:31
148491585234,2221,252207315,29/07/26 07:31
148491030646,12746,45013954,29/07/26 07:31
148491048513,147582,73428819,29/07/26 07:31
148560205646,181150,2655075,29/07/26 07:31
148560023859,85960,226092575,29/07/26 07:31
148560142185,191864,272448434,29/07/26 07:31
148491621767,84055,253324526,29/07/26 07:31
148490123746,182097,90814345,29/07/26 07:31
148490393385,444508,251780100,29/07/26 07:31
148490368459,156613,150008134,29/07/26 07:31
148491132346,68836,68132652,29/07/26 07:31
148489826967,650736,229916437,29/07/26 07:31
148563195046,53559,37032583,29/07/26 07:31
148563181767,28937,118862575,29/07/26 07:31
148563013859,166960,258381255,29/07/26 07:31
148560151613,216621,29459572,29/07/26 07:31
148491436267,32878,250814075,29/07/26 07:31
148563099567,152232,270955540,29/07/26 07:31
148491811013,40475,148350079,29/07/26 07:31
148492251285,25024,149564600,29/07/26 07:31
148563190952,12085,255017287,29/07/26 07:31
148490907495,135909,89159157,29/07/26 07:31
148562833085,259131,269602809,29/07/26 07:31
148492521934,78116,264938748,29/07/26 07:31
148491668685,126216,112537456,29/07/26 07:31
148560151763,78369,142149488,29/07/26 07:31
148491816167,184939,272098230,29/07/26 07:31
148492042459,25024,54141980,29/07/26 07:31
148563116552,187396,76908242,29/07/26 07:31
148489952067,64786,48158174,29/07/26 07:31
148560147934,1266,227862250,29/07/26 07:31
148490067967,38000,39002135,29/07/26 07:31
148563186534,158120,272451583,29/07/26 07:31
148490931246,12762,249746272,29/07/26 07:31
148492265063,26779,268510042,29/07/26 07:31
148492287252,3994,13957410,29/07/26 07:31
148492085963,31915,181298813,29/07/26 07:31
148491847085,101981,92486392,29/07/26 07:31
148491575163,334631,272391400,29/07/26 07:31
148492029346,154555,79177754,29/07/26 07:31
148492020263,68032,47849029,29/07/26 07:31
148563013485,194389,234109012,29/07/26 07:31
148563011475,445774,19449113,29/07/26 07:31
148492294246,187396,210701680,29/07/26 07:31
148563016346,445774,272451394,29/07/26 07:31
148563014834,217678,255373495,29/07/26 07:31
148563217634,148995,100645653,29/07/26 07:31
148490455475,31178,7927779,29/07/26 07:31
148490403852,122696,260021194,29/07/26 07:31
148491075385,177015,46356857,29/07/26 07:31
148492041313,142606,272386635,29/07/26 07:31
148491389595,55368,61720675,29/07/26 07:31
148492316067,101752,236580756,29/07/26 07:31
148491821452,41222,20021358,29/07/26 07:31
148491596559,89837,85819176,29/07/26 07:31
148563017067,36760,54321564,29/07/26 07:31
148563013346,7663,272451368,29/07/26 07:31
148490341634,77869,272392557,29/07/26 07:31
148491830634,8402,249708695,29/07/26 07:31
148561515934,278130,272449455,29/07/26 07:31
148563014763,181392,13879504,29/07/26 07:31
148490202834,208861,272345312,29/07/26 07:31
148491831463,183994,181580013,29/07/26 07:31
148490980759,107426,245413181,29/07/26 07:31
148562815446,659067,269629212,29/07/26 07:31
148563013567,55621,161973875,29/07/26 07:31
148562835946,141772,86194064,29/07/26 07:31
148563011795,259131,272451389,29/07/26 07:31
148489888413,10700,272392011,29/07/26 07:31
148490100567,190170,231263320,29/07/26 07:31
148491573859,84725,239348107,29/07/26 07:31
148489912295,28800,52166989,29/07/26 07:31
148490138467,190587,241116087,29/07/26 07:31
148559997763,2737,152251845,29/07/26 07:31
148562829667,167400,79537236,29/07/26 07:31
148563017295,11199,60177853,29/07/26 07:31
148562829275,156270,37640835,29/07/26 07:31
148563204967,184064,94577135,29/07/26 07:31
148562827463,145584,90601488,29/07/26 07:31
148562827613,141253,240906699,29/07/26 07:31
148562824775,148768,73144839,29/07/26 07:31
148491571067,8435,126205617,29/07/26 07:31
148562826159,191170,193365567,29/07/26 07:31
148562924175,12686,71613631,29/07/26 07:31
148492306234,78303,193270570,29/07/26 07:31
148562828352,16068,73778220,29/07/26 07:31
148489606052,166193,103147444,29/07/26 07:31
148563008813,446302,234119136,29/07/26 07:31
148491103775,167123,204362014,29/07/26 07:31
148563197752,38495,9531877,29/07/26 07:31
148563094334,444855,267417072,29/07/26 07:31
148491828252,107229,59997455,29/07/26 07:31
148496954246,123759,194885049,29/07/26 07:31
148563012667,139814,192324536,29/07/26 07:31
148563096834,185017,238463654,29/07/26 07:31
148490843663,184911,263792446,29/07/26 07:31
148563102834,167035,272451478,29/07/26 07:31
148562828759,16068,183918244,29/07/26 07:31
148492106652,42981,13489824,29/07/26 07:31
148563015967,53056,272445669,29/07/26 07:31
148563106285,652861,272451481,29/07/26 07:32
148563243675,650132,130265087,29/07/26 07:32
148491564213,179728,43987847,29/07/26 07:32
148563201363,133123,219067683,29/07/26 07:32
148488550767,179842,224978107,29/07/26 07:32
148560143467,8417,266001170,29/07/26 07:32
148489605175,656406,269763075,29/07/26 07:32
148561374375,180204,272449376,29/07/26 07:32
148563246667,20717,272451637,29/07/26 07:32
148489079875,12547,248915482,29/07/26 07:32
148489321785,764,128139624,29/07/26 07:32
148560127359,95440,88001149,29/07/26 07:32
148487787259,149698,272389388,29/07/26 07:32
148489620259,42771,100375868,29/07/26 07:32
148488851446,70097,48611224,29/07/26 07:32
148489341613,68935,256073139,29/07/26 07:32
148560156159,190079,114431889,29/07/26 07:32
148560127263,182145,36952483,29/07/26 07:32
148480466795,159218,43004991,29/07/26 07:32
148560146767,55749,114133425,29/07/26 07:32
148486393534,36644,29119053,29/07/26 07:32
148468609767,186544,268271910,29/07/26 07:32
148455166446,208567,235764480,29/07/26 07:32
148427154746,180530,272342249,29/07/26 07:32
148488262813,145219,116402524,29/07/26 07:32
148463865452,659492,150122325,29/07/26 07:32
148474181059,651837,272374505,29/07/26 07:32
148458861634,178549,57162783,29/07/26 07:32
148489069613,85935,62762290,29/07/26 07:32
148464986946,114244,6194706,29/07/26 07:32
148561341695,156504,272449427,29/07/26 07:32
148434975095,191018,270015819,29/07/26 07:32
148431206346,147506,185383590,29/07/26 07:32
148465493863,182529,31443842,29/07/26 07:32
148460781559,149998,125900728,29/07/26 07:32
148463331295,33956,162940319,29/07/26 07:32
148560019463,5315,70811131,29/07/26 07:32
148430166334,7335,58645086,29/07/26 07:32
148560026375,41550,61848293,29/07/26 07:32
148560148734,68958,144287992,29/07/26 07:32
148489244875,142575,33475887,29/07/26 07:32
148486564152,114053,222283567,29/07/26 07:32
148471796846,118728,189895476,29/07/26 07:32
148562880863,31661,272451168,29/07/26 07:32
148430684734,44787,207229208,29/07/26 07:32
148489592652,159810,220684635,29/07/26 07:32
148489350875,181049,119662734,29/07/26 07:32
148563021585,4294,272451406,29/07/26 07:32
148428715475,203328,65316372,29/07/26 07:32
148431606063,187033,3189670,29/07/26 07:32
148468241213,203833,256585463,29/07/26 07:32
148563109359,191870,272451490,29/07/26 07:32
148451576785,16224,182749750,29/07/26 07:32
148489270285,22408,139158968,29/07/26 07:32
148489464534,117850,185528874,29/07/26 07:32
148489354395,192794,137135723,29/07/26 07:32
148464293034,5597,117520983,29/07/26 07:32
148563108846,220550,272451488,29/07/26 07:32
148464934075,11705,142532787,29/07/26 07:32
148428143313,192600,74380205,29/07/26 07:32
148489500559,7229,272391600,29/07/26 07:32
148477179952,95821,24507165,29/07/26 07:32
148440801934,44749,77497925,29/07/26 07:32
148448700175,178124,44606657,29/07/26 07:32
148488186552,38301,186155703,29/07/26 07:32
148563247395,55639,93282617,29/07/26 07:32
148489591567,182410,57347424,29/07/26 07:32
148489121163,216538,5041102,29/07/26 07:32
148563194195,25982,272451612,29/07/26 07:32
148470969952,28310,251697853,29/07/26 07:32
148559739546,37424,269159219,29/07/26 07:32
148489060659,154091,117774854,29/07/26 07:32
148456523859,5103,9625175,29/07/26 07:32
148431793134,74917,152416247,29/07/26 07:32
148559594734,34721,138270303,29/07/26 07:32
148559596213,187886,74993470,29/07/26 07:32
148430770695,184483,12267262,29/07/26 07:32
148475680263,84519,84319837,29/07/26 07:32
148431974152,443059,105777076,29/07/26 07:32
148460605967,7234,244309230,29/07/26 07:32
148468033213,172582,84426251,29/07/26 07:32
148562830859,158257,111991898,29/07/26 07:32
148459185546,16490,32887181,29/07/26 07:32
148563243413,159024,71199856,29/07/26 07:32
148563020834,180204,272450819,29/07/26 07:32
148563016559,5426,264029822,29/07/26 07:32
148458798895,33162,25004959,29/07/26 07:32
148426254613,141001,22109043,29/07/26 07:32
148562707952,20056,270210157,29/07/26 07:32
148563018552,1284,61391959,29/07/26 07:32
148562831695,181750,59502668,29/07/26 07:32
148433208463,181578,120210647,29/07/26 07:32
148440592013,217140,27904803,29/07/26 07:32
148563111667,12543,2799869,29/07/26 07:32
148561273252,5207,272449373,29/07/26 07:32
148563167759,113923,21164348,29/07/26 07:32
148562830446,184157,23902096,29/07/26 07:32
148430691163,650585,242993436,29/07/26 07:32
148563194395,136717,272451611,29/07/26 07:32
148562831852,151484,59720549,29/07/26 07:32
148562831952,181454,124075439,29/07/26 07:32
148563020346,18779,265386833,29/07/26 07:32
148489048646,109094,154370481,29/07/26 07:32
148563231159,137378,53619890,29/07/26 07:32
148562829875,184869,89959079,29/07/26 07:32
148563173763,156197,262859157,29/07/26 07:32
148563017813,65663,272451393,29/07/26 07:32
148563161734,189307,226591772,29/07/26 07:32
148561270534,280108,272449369,29/07/26 07:32
148563021759,81265,257822371,29/07/26 07:32
148563255659,150387,143550215,29/07/26 07:32
148563112513,156255,136220266,29/07/26 07:32
148563112752,184189,99865638,29/07/26 07:32
148559493575,192974,158210077,29/07/26 07:32
148563159385,4070,221921039,29/07/26 07:32
148488911734,180688,272391234,29/07/26 07:32
148558673052,65512,99576703,29/07/26 07:32
148563113852,178980,107678428,29/07/26 07:32
148563112995,65100,256350206,29/07/26 07:32
148489759775,181579,242775690,29/07/26 07:32
148563254613,204530,116948364,29/07/26 07:32
148563021895,10501,202541244,29/07/26 07:32
148563244413,41130,119687517,29/07/26 07:32
148563171634,194448,272255170,29/07/26 07:32
148547195763,41794,43206367,29/07/26 07:32
148563108934,143636,60208372,29/07/26 07:33
148563115252,183360,199891958,29/07/26 07:33
148561238985,34342,272449335,29/07/26 07:33
148561263246,155463,272449345,29/07/26 07:33
148514458134,36637,160087147,29/07/26 07:33
148563110652,190487,266645793,29/07/26 07:33
148500065195,786,182346784,29/07/26 07:33
148560041059,32596,79269120,29/07/26 07:33
148491182695,88195,44524295,29/07/26 07:33
148560044585,181746,118879560,29/07/26 07:33
148559952646,77730,187582863,29/07/26 07:33
148560131152,40544,247734731,29/07/26 07:33
148559951146,137566,103664472,29/07/26 07:33
148559951885,95299,152081494,29/07/26 07:33
148560144334,12533,46127066,29/07/26 07:33
148560146175,183941,52505990,29/07/26 07:33
148560136767,209092,233629793,29/07/26 07:33
148559946434,5728,79250940,29/07/26 07:33
148559830359,32749,272448204,29/07/26 07:33
148560047813,84770,27228344,29/07/26 07:33
148559946713,119257,37009770,29/07/26 07:33
148559944895,150035,192103207,29/07/26 07:33
148498521159,68699,226583101,29/07/26 07:33
148560143785,141966,103969846,29/07/26 07:33
148559946859,180955,41805601,29/07/26 07:33
148560134767,123996,244328792,29/07/26 07:33
148560042695,107136,41446666,29/07/26 07:33
148560127846,6242,195188232,29/07/26 07:33
148491281563,25559,255798361,29/07/26 07:33
148560127613,184579,205984526,29/07/26 07:33
148560146659,173007,149935822,29/07/26 07:33
148560124434,652804,272448407,29/07/26 07:33
148559935134,33863,69816239,29/07/26 07:33
148563253163,9543,270495807,29/07/26 07:33
148559500346,23495,155267230,29/07/26 07:33
148560034159,30166,6099877,29/07/26 07:33
148561374446,154801,272449302,29/07/26 07:33
148560125785,33328,41685890,29/07/26 07:33
148560126213,28389,272448411,29/07/26 07:33
148559535359,4291,272133364,29/07/26 07:33
148563169685,27304,13505887,29/07/26 07:33
148560131895,4802,191063617,29/07/26 07:33
148563247795,43850,157103345,29/07/26 07:33
148560247646,85461,52567430,29/07/26 07:33
148560062195,32822,100590892,29/07/26 07:33
148559939263,8439,267283809,29/07/26 07:33
148560130834,41710,119932844,29/07/26 07:33
148559869263,183833,13301295,29/07/26 07:33
148560139059,11290,271927399,29/07/26 07:33
148559836059,656418,58910868,29/07/26 07:33
148560126534,87899,194301392,29/07/26 07:33
148559703713,41710,41911122,29/07/26 07:33
148559477559,192762,272447918,29/07/26 07:33
148559835975,139153,272448201,29/07/26 07:33
148560132646,40430,272448400,29/07/26 07:33
148560124013,12543,93083009,29/07/26 07:33
148559949213,138218,77669050,29/07/26 07:33
148563026995,167035,271718206,29/07/26 07:33
148560137567,365175,272448428,29/07/26 07:33
148560126463,94679,101876105,29/07/26 07:33
148559721195,1580,268546165,29/07/26 07:33
148559484846,178191,221075846,29/07/26 07:33
148559490352,442300,272065026,29/07/26 07:33
148559233559,50257,251166962,29/07/26 07:33
148559488563,180895,272447917,29/07/26 07:33
148560377334,655300,112835291,29/07/26 07:33
148563249852,155463,98005093,29/07/26 07:33
148561300413,259131,272449251,29/07/26 07:33
148559841295,111983,232745750,29/07/26 07:33
148559489667,183257,182637395,29/07/26 07:33
148561683659,55921,214620780,29/07/26 07:33
148559850013,7004,89375066,29/07/26 07:33
148560046013,35003,264010367,29/07/26 07:33
148559592552,140842,123753339,29/07/26 07:33
148559841952,347440,157276007,29/07/26 07:33
148559509195,194114,100716103,29/07/26 07:33
148560142234,183550,150555783,29/07/26 07:33
148559844746,445774,105151039,29/07/26 07:33
148559528885,43635,199795934,29/07/26 07:33
148559497846,194352,78216293,29/07/26 07:33
148562835485,4989,145400596,29/07/26 07:33
148560133852,159218,110117367,29/07/26 07:33
148558655113,85678,82573845,29/07/26 07:33
148560137652,651523,77695388,29/07/26 07:33
148559487085,651710,272447921,29/07/26 07:33
148559833734,190994,133096218,29/07/26 07:33
148559493275,190390,272447938,29/07/26 07:33
148559482734,11198,124357248,29/07/26 07:33
148559491095,442756,81656724,29/07/26 07:33
148559488963,94924,270484441,29/07/26 07:33
148559484095,21280,99175991,29/07/26 07:33
148559839634,2581,149387265,29/07/26 07:33
148563022159,108789,16217321,29/07/26 07:33
148563025063,4786,46808259,29/07/26 07:33
148559483946,216875,201977104,29/07/26 07:33
148559491185,114286,145984579,29/07/26 07:33
148559939159,4256,78230932,29/07/26 07:33
148559611363,24449,188425366,29/07/26 07:33
148562834575,108075,272451165,29/07/26 07:33
148563022252,44312,54286799,29/07/26 07:33
148559938463,431444,144912960,29/07/26 07:33
148562833813,28389,243964547,29/07/26 07:33
148559092252,50141,94698803,29/07/26 07:33
148563250452,94594,272451646,29/07/26 07:33
148563023652,446015,272451412,29/07/26 07:33
148562832975,215005,272451126,29/07/26 07:33
148559831952,192055,104534138,29/07/26 07:33
148563197467,85927,272451608,29/07/26 07:33
148559838095,105828,25047758,29/07/26 07:33
148558659775,1973,147981744,29/07/26 07:33
148559489495,21350,223732909,29/07/26 07:33
148563253846,80141,271961816,29/07/26 07:33
148559499146,190157,26194826,29/07/26 07:33
148562836559,22643,109749934,29/07/26 07:33
148559499952,192321,130329413,29/07/26 07:33
148560998767,182842,272449107,29/07/26 07:33
148562658752,95554,243229466,29/07/26 07:33
148562893659,107190,233684292,29/07/26 07:33
148559940352,95821,237601200,29/07/26 07:33
148563177313,165995,96296770,29/07/26 07:33
148548187534,229692,56449494,29/07/26 07:33
148563117659,50373,102145754,29/07/26 07:33
148562654367,69553,188987951,29/07/26 07:33
148563249059,1024,27782996,29/07/26 07:33
148559834413,138050,123224899,29/07/26 07:33
148561181613,42515,272449102,29/07/26 07:33
148529981263,50760,92648091,29/07/26 07:33
148563169395,187709,266659138,29/07/26 07:33
148563116075,315625,272451452,29/07/26 07:33
148563261995,158043,14527286,29/07/26 07:33
148563192563,55781,272451606,29/07/26 07:33
148561089413,188666,272449055,29/07/26 07:33
148561134734,659187,272449100,29/07/26 07:33
148563119434,96055,268646588,29/07/26 07:33
148560124859,653829,250700076,29/07/26 07:33
148563265546,78137,268805734,29/07/26 07:33
148563244595,102218,163892189,29/07/26 07:33
148563249346,189619,72542718,29/07/26 07:34
148561089595,5679,272449035,29/07/26 07:34
148563187875,20687,269454274,29/07/26 07:34
148547187185,166190,259892172,29/07/26 07:34
148563118946,179025,96725746,29/07/26 07:34
148560134995,171199,272448390,29/07/26 07:34
148560116446,101827,272448399,29/07/26 07:34
148560128663,16179,21731573,29/07/26 07:34
148560130367,157333,31414676,29/07/26 07:34
148559932752,8566,261629884,29/07/26 07:34
148560125963,74917,160178275,29/07/26 07:34
148559925134,159266,267128521,29/07/26 07:34
148559926063,246710,102171228,29/07/26 07:34
148560124685,99595,163621648,29/07/26 07:34
148559921846,181329,21110351,29/07/26 07:34
148559929052,55989,14482508,29/07/26 07:34
148560045834,31915,272448379,29/07/26 07:34
148559922167,221042,74149763,29/07/26 07:34
148560047113,181565,266769373,29/07/26 07:34
148560033295,132211,115128995,29/07/26 07:34
148559923185,445539,96625592,29/07/26 07:34
148560117295,208853,42753220,29/07/26 07:34
148559920563,43943,268865006,29/07/26 07:34
148560049067,14374,272448367,29/07/26 07:34
148546506885,167342,105328782,29/07/26 07:34
148560121452,34854,272448402,29/07/26 07:34
148560124259,204071,266706417,29/07/26 07:34
148560123967,13231,218516465,29/07/26 07:34
148560050195,185248,220288462,29/07/26 07:34
148559475763,26231,267013512,29/07/26 07:34
148563121985,166229,272451521,29/07/26 07:34
148563122475,5190,95490526,29/07/26 07:34
148559472552,23241,144386358,29/07/26 07:34
148563268275,78465,272333160,29/07/26 07:34
148559731446,180029,37367355,29/07/26 07:34
148559825163,5483,233430872,29/07/26 07:34
148560077467,68284,272312315,29/07/26 07:34
148560300434,28298,196279753,29/07/26 07:34
148560116995,3671,271030601,29/07/26 07:34
148560116095,31157,263521382,29/07/26 07:34
148559475546,145262,161158079,29/07/26 07:34
148560888095,46070,272449005,29/07/26 07:34
148559466359,21405,272447887,29/07/26 07:34
148559109913,110534,269616725,29/07/26 07:34
148560125413,74378,268548739,29/07/26 07:34
148559487867,74949,272260387,29/07/26 07:34
148559080134,162880,109885453,29/07/26 07:34
148559470475,169423,127483781,29/07/26 07:34
148559824546,22643,184502314,29/07/26 07:34
148559467546,17994,237227733,29/07/26 07:34
148560088575,657265,62891143,29/07/26 07:34
148560118113,180331,185996077,29/07/26 07:34
148562840895,445774,118012904,29/07/26 07:34
148558643767,179634,251887361,29/07/26 07:34
148559492613,112154,142996247,29/07/26 07:34
148560049275,154681,122655166,29/07/26 07:34
148560123146,42607,272448404,29/07/26 07:34
148563187095,444748,39412424,29/07/26 07:34
148562964195,167035,272451117,29/07/26 07:34
148560126067,96540,142015925,29/07/26 07:34
148562844295,35540,135581136,29/07/26 07:34
148560065867,6217,268972125,29/07/26 07:34
148560127459,8984,90635600,29/07/26 07:34
148559925767,2626,161183180,29/07/26 07:34
148559471834,29411,59495603,29/07/26 07:34
148558648759,22397,24356075,29/07/26 07:34
148559473759,147229,272447776,29/07/26 07:34
148560082246,74917,141345543,29/07/26 07:34
148558642246,188421,24762091,29/07/26 07:34
148559468685,11044,190133228,29/07/26 07:34
148559470685,132844,225746401,29/07/26 07:34
148560026767,186050,272448339,29/07/26 07:34
148559483875,192540,152366658,29/07/26 07:34
148559465975,192471,27342028,29/07/26 07:34
148559481375,107871,26809825,29/07/26 07:34
148559924513,186638,30164923,29/07/26 07:34
148559719613,34800,264540869,29/07/26 07:34
148559476695,193066,244994195,29/07/26 07:34
148559468052,33304,63876165,29/07/26 07:34
148560028595,194529,128020844,29/07/26 07:34
148559470163,25711,272447899,29/07/26 07:34
148559465395,654636,123146352,29/07/26 07:34
148559469167,84863,263782444,29/07/26 07:34
148559470852,5261,187033560,29/07/26 07:34
148559085459,6704,250734237,29/07/26 07:34
148559816667,179795,99171715,29/07/26 07:34
148559564963,174817,252782859,29/07/26 07:34
148559476334,224512,38432547,29/07/26 07:34
148559918967,108256,212111897,29/07/26 07:34
148558558385,102077,113524350,29/07/26 07:34
148559477267,442674,11672172,29/07/26 07:34
148563031834,132943,272339075,29/07/26 07:34
148562839663,9338,39115154,29/07/26 07:34
148563029946,106178,91238862,29/07/26 07:34
148563032059,68632,124713611,29/07/26 07:34
148559820946,192721,110862731,29/07/26 07:34
148563031275,96542,131242192,29/07/26 07:34
148559403367,172377,272139760,29/07/26 07:34
148559466995,167123,35702437,29/07/26 07:34
148559820546,655194,232631236,29/07/26 07:34
148563029446,156186,195255874,29/07/26 07:34
148559468846,193804,272209133,29/07/26 07:34
148562896746,118024,228136311,29/07/26 07:34
148559819513,187038,237898592,29/07/26 07:34
148562861185,186146,242871230,29/07/26 07:34
148563189675,180542,257405751,29/07/26 07:34
148559472713,446027,272447904,29/07/26 07:34
148560893113,443829,272449016,29/07/26 07:34
148562842846,134143,183523179,29/07/26 07:34
148559824267,68820,129217844,29/07/26 07:34
148560124775,5145,196643617,29/07/26 07:34
148563030895,180509,272451423,29/07/26 07:34
148559816975,215166,272448172,29/07/26 07:34
148559468934,162880,145241238,29/07/26 07:34
148559825546,20403,209886958,29/07/26 07:34
148563259934,446297,272432080,29/07/26 07:34
148560018346,445356,263774870,29/07/26 07:34
148535324663,925,10450337,29/07/26 07:34
148563028095,42578,214327400,29/07/26 07:34
148563119313,140689,118957398,29/07/26 07:34
148495705446,5,103453324,29/07/26 07:34
148563263795,180331,120596841,29/07/26 07:34
148562843259,186357,227233975,29/07/26 07:34
148563257413,445774,272451560,29/07/26 07:34
148563125267,6659,187279996,29/07/26 07:34
148563191495,654926,266419875,29/07/26 07:34
148563179263,29783,272451579,29/07/26 07:34
148563125434,180075,102068466,29/07/26 07:34
148563269467,174871,213344657,29/07/26 07:34
148563191246,64833,213727271,29/07/26 07:34
148562842985,160387,96040451,29/07/26 07:34
148563176767,185626,124798736,29/07/26 07:34
148563258967,68727,272451623,29/07/26 07:34
148559415952,44099,242460862,29/07/26 07:34
148563172759,204206,107832421,29/07/26 07:34
148550282767,216644,272204491,29/07/26 07:34
148559463675,181295,198040565,29/07/26 07:34
148563189063,7010,36223094,29/07/26 07:35
148563127775,100746,271952281,29/07/26 07:35
148563256575,204387,270733768,29/07/26 07:35
148563251563,32856,254103978,29/07/26 07:35
148563250295,658710,271131914,29/07/26 07:35
148560822259,167772,272448932,29/07/26 07:35
148563167585,3275,272451163,29/07/26 07:35
148560027859,39920,126716735,29/07/26 07:35
148559916567,29961,24831462,29/07/26 07:35
148559899146,114053,251504907,29/07/26 07:35
148559915863,27807,13864138,29/07/26 07:35
148559915952,38215,66303937,29/07/26 07:35
148559951259,84854,269870849,29/07/26 07:35
148559745559,178999,104986079,29/07/26 07:35
148561053063,20717,272448847,29/07/26 07:35
148524740195,1274,231795297,29/07/26 07:35
148560030095,39026,136980534,29/07/26 07:35
148559873634,164453,56769117,29/07/26 07:35
148560045113,181072,89463202,29/07/26 07:35
148559842563,20980,188362227,29/07/26 07:35
148560030759,208047,246258038,29/07/26 07:35
148560038559,653154,256590129,29/07/26 07:35
148560039985,107784,94593612,29/07/26 07:35
148498234546,23095,189987214,29/07/26 07:35
148560037259,74917,221239332,29/07/26 07:35
148548637367,55200,194602269,29/07/26 07:35
148560043085,209147,272448375,29/07/26 07:35
148548345595,656896,272438695,29/07/26 07:35
148559835067,190782,223791490,29/07/26 07:35
148563269995,10908,268293903,29/07/26 07:35
148560037967,80784,84105676,29/07/26 07:35
148559946267,116631,138519988,29/07/26 07:35
148560018846,84685,262866273,29/07/26 07:35
148559615967,78256,145163761,29/07/26 07:35
148548406359,182945,272438809,29/07/26 07:35
148560040867,650199,238473540,29/07/26 07:35
148559813867,4419,135890921,29/07/26 07:35
148558676675,36800,96911507,29/07/26 07:35
148560035134,22994,139231561,29/07/26 07:35
148559460675,209197,203048275,29/07/26 07:35
148559947059,147526,246512987,29/07/26 07:35
148563192395,3049,80825902,29/07/26 07:35
148563252767,10033,132180586,29/07/26 07:35
148511843546,95708,53970693,29/07/26 07:35
148559391952,181144,212173609,29/07/26 07:35
148563041713,181579,201079549,29/07/26 07:35
148559913085,55643,74845003,29/07/26 07:35
148559497667,168563,253538289,29/07/26 07:35
148563267475,204274,97903437,29/07/26 07:35
148560047267,166672,272448166,29/07/26 07:35
148560040159,166599,23093460,29/07/26 07:35
148559957995,186473,36511572,29/07/26 07:35
148560304195,87669,255669296,29/07/26 07:35
148559398685,445004,250237432,29/07/26 07:35
148563039652,187043,272451321,29/07/26 07:35
148559458775,95805,250420354,29/07/26 07:35
148559442775,182696,236706945,29/07/26 07:35
148559740052,139607,272398491,29/07/26 07:35
148559469285,12697,30476028,29/07/26 07:35
148559374667,53231,196790874,29/07/26 07:35
148559484695,220444,272447788,29/07/26 07:35
148550247267,36269,271007176,29/07/26 07:35
148559462259,6220,108607164,29/07/26 07:35
148558963234,151750,272447549,29/07/26 07:35
148563040052,165783,267472270,29/07/26 07:35
148559462959,32168,227406570,29/07/26 07:35
148559734667,42543,238436034,29/07/26 07:35
148559370113,150168,246351618,29/07/26 07:35
148559375613,36448,1759142,29/07/26 07:35
148559667195,21655,12415684,29/07/26 07:35
148559371875,43785,98680186,29/07/26 07:35
148558958875,149091,224003498,29/07/26 07:35
148559458163,223182,57858210,29/07/26 07:35
148559375059,180741,80822685,29/07/26 07:35
148559373546,1899,156326160,29/07/26 07:35
148559814734,214642,157601026,29/07/26 07:35
148559377375,36182,158874227,29/07/26 07:35
148559372646,28467,235126706,29/07/26 07:35
148563127946,143092,272451536,29/07/26 07:35
148559366575,279058,272447826,29/07/26 07:35
148559091146,142479,154344442,29/07/26 07:35
148563035475,20861,272451440,29/07/26 07:35
148563036685,143636,236472595,29/07/26 07:35
148563038113,147198,272451424,29/07/26 07:35
148563197285,139874,51384120,29/07/26 07:35
148559737952,184871,50963713,29/07/26 07:35
148558959195,10517,206017726,29/07/26 07:35
148559738867,65643,213775992,29/07/26 07:35
148559369767,179822,249839067,29/07/26 07:35
148559741463,445774,103177988,29/07/26 07:35
148559373152,3036,120877714,29/07/26 07:35
148559394763,68727,266664947,29/07/26 07:35
148558524067,28389,13548246,29/07/26 07:35
148559804346,650097,91121032,29/07/26 07:35
148559456767,26050,272447869,29/07/26 07:35
148559814895,220622,272448169,29/07/26 07:35
148563042359,39312,156940271,29/07/26 07:35
148559004752,74424,266156787,29/07/26 07:35
148559737052,4462,14924035,29/07/26 07:35
148563195295,31606,189403319,29/07/26 07:35
148563037259,2727,232607547,29/07/26 07:35
148548971467,180837,158773777,29/07/26 07:35
148563156563,147510,4626104,29/07/26 07:35
148563036259,65633,129713398,29/07/26 07:35
148563104159,191326,97873465,29/07/26 07:35
148559736734,38038,267884457,29/07/26 07:35
148559739667,18544,70046531,29/07/26 07:35
148549286446,2214,221086964,29/07/26 07:35
148563154534,181297,189616330,29/07/26 07:35
148559737859,386,82477428,29/07/26 07:35
148563246495,25366,135084811,29/07/26 07:35
148563152467,3196,272451542,29/07/26 07:35
148563264334,221293,272451680,29/07/26 07:35
148559570413,72848,114316149,29/07/26 07:35
148549522913,654936,254200570,29/07/26 07:35
148563161452,8830,272136828,29/07/26 07:35
148563263495,193975,184548868,29/07/26 07:35
148563271775,41529,156996137,29/07/26 07:35
148563162413,4013,198801919,29/07/26 07:35
148559462634,43762,125394636,29/07/26 07:35
148527513785,43266,270705809,29/07/26 07:35
148563186234,65816,83452824,29/07/26 07:35
148560623652,84827,272448796,29/07/26 07:35
148563272859,6806,198096037,29/07/26 07:36
148563262895,121213,270447153,29/07/26 07:36
148563164034,190021,12244818,29/07/26 07:36
148542964913,7339,150573179,29/07/26 07:36
148492817334,162327,28074376,29/07/26 07:36
148560607367,65664,272448767,29/07/26 07:36
148563038767,177209,272451451,29/07/26 07:36
148563194059,167795,272451610,29/07/26 07:36
148563240167,30314,48260436,29/07/26 07:36
148562853813,220386,95811540,29/07/26 07:36
148563323113,442359,256847896,29/07/26 07:36
148562848746,8970,141789888,29/07/26 07:36
148563323352,154801,272451475,29/07/26 07:36
148562849285,107357,86625782,29/07/26 07:36
148563268895,167833,272451691,29/07/26 07:36
148562847195,188126,15360774,29/07/26 07:36
148562882234,4946,272451216,29/07/26 07:36
148560034467,650202,265666820,29/07/26 07:36
148544754967,7663,86264443,29/07/26 07:36
148559839275,192493,272448223,29/07/26 07:36
148559836575,143885,94141004,29/07/26 07:36
148559938395,28880,271075118,29/07/26 07:36
148563244746,24750,270640630,29/07/26 07:36
148560146946,192129,265999633,29/07/26 07:36
148559830759,221405,272448205,29/07/26 07:36
148498097485,2944,109605393,29/07/26 07:36
148560040675,178321,76098098,29/07/26 07:36
148559921967,102211,222605619,29/07/26 07:36
148559932934,9822,114681125,29/07/26 07:36
148560149234,8683,222914320,29/07/26 07:36
148560019585,14404,237056483,29/07/26 07:36
148559835334,173907,239531216,29/07/26 07:36
148559928063,138514,24461316,29/07/26 07:36
148560460867,9874,272448657,29/07/26 07:36
148560021585,10367,55952729,29/07/26 07:36
148560035285,187615,208829154,29/07/26 07:36
148560019167,443793,272448323,29/07/26 07:36
148559831563,50727,241431671,29/07/26 07:36
148559826959,68231,272256749,29/07/26 07:36
148559934167,655245,272448212,29/07/26 07:36
148544760746,142539,96289234,29/07/26 07:36
148559818195,95031,81971101,29/07/26 07:36
148559921275,4285,139087232,29/07/26 07:36
148560031034,612,66286580,29/07/26 07:36
148560251659,116065,71882185,29/07/26 07:36
148559726359,35396,269810677,29/07/26 07:36
148560027452,12889,137648674,29/07/26 07:36
148559825213,235899,108134112,29/07/26 07:36
148559355713,274462,272304894,29/07/26 07:36
148559968595,2309,272448314,29/07/26 07:36
148559365885,152943,104153052,29/07/26 07:36
148559360663,34186,96818434,29/07/26 07:36
148560022995,217030,119030591,29/07/26 07:36
148563100634,167035,270036896,29/07/26 07:36
148562847785,190552,221694741,29/07/26 07:36
148560025475,118962,111176494,29/07/26 07:36
148559723452,116782,132280650,29/07/26 07:36
148563166952,33606,140477512,29/07/26 07:36
148560022675,80941,250944114,29/07/26 07:36
148558950067,30006,198614696,29/07/26 07:36
148559367759,279058,138471014,29/07/26 07:36
148560305759,164956,186589369,29/07/26 07:36
148559725663,136713,187762412,29/07/26 07:36
148559350875,21913,189859563,29/07/26 07:36
148559594667,43708,227248024,29/07/26 07:36
148560031546,164453,232554034,29/07/26 07:36
148559502363,190062,38499420,29/07/26 07:36
148563094895,10836,272451470,29/07/26 07:36
148560027152,78355,247337959,29/07/26 07:36
148559820259,188794,162832981,29/07/26 07:36
148562705985,178159,238199442,29/07/26 07:36
148559731367,5530,272448116,29/07/26 07:36
148560146575,185063,91980983,29/07/26 07:36
148562883759,161668,272451204,29/07/26 07:36
148560028034,1056,244222305,29/07/26 07:36
148562881395,167035,272260639,29/07/26 07:36
148559368634,42338,62529871,29/07/26 07:36
148559726446,181021,272448109,29/07/26 07:36
148560027952,20873,241167319,29/07/26 07:36
148559361746,104746,46776281,29/07/26 07:36
148559920385,145471,238962966,29/07/26 07:36
148559353459,141597,270762432,29/07/26 07:36
148559717152,650182,272448080,29/07/26 07:36
148559351963,654949,5931029,29/07/26 07:36
148559362334,156577,122416739,29/07/26 07:36
148559364885,11599,194990267,29/07/26 07:36
148559596952,223871,204655419,29/07/26 07:36
148559357346,29411,272447814,29/07/26 07:36
148560021846,34349,31255318,29/07/26 07:36
148560022163,154781,30937577,29/07/26 07:36
148559372563,40642,224433580,29/07/26 07:36
148559354875,139360,133410458,29/07/26 07:36
148559922852,184879,257636438,29/07/26 07:36
148559717634,650107,82853423,29/07/26 07:36
148558991263,10626,24671042,29/07/26 07:36
148559353359,23409,272372497,29/07/26 07:36
148559729134,2646,39171951,29/07/26 07:36
148559730463,179822,71870445,29/07/26 07:36
148559363234,10555,147964532,29/07/26 07:36
148559369085,21405,7606865,29/07/26 07:36
148559715595,46,272448075,29/07/26 07:36
148559368852,183259,141557211,29/07/26 07:36
148562883675,3521,206990967,29/07/26 07:36
148559722259,184971,272448096,29/07/26 07:36
148563276685,215208,127848909,29/07/26 07:36
148563282575,445004,272451569,29/07/26 07:36
148560032667,175731,49051648,29/07/26 07:36
148560036359,36135,272448362,29/07/26 07:36
148559715913,187021,17055515,29/07/26 07:36
148559730234,34491,86631718,29/07/26 07:36
148559362046,64834,57303230,29/07/26 07:36
148563196813,42742,204133343,29/07/26 07:36
148559342713,181647,243544891,29/07/26 07:36
148559352067,279743,136114928,29/07/26 07:36
148563168667,220422,17368013,29/07/26 07:36
148558950167,5830,23589427,29/07/26 07:36
148562882695,88135,89477383,29/07/26 07:36
148562708213,184867,21593520,29/07/26 07:36
148562879559,27052,134960843,29/07/26 07:36
148563063275,184838,106630828,29/07/26 07:36
148563102913,10011,238655247,29/07/26 07:36
148563095567,177708,102676815,29/07/26 07:36
148563094663,164243,272451465,29/07/26 07:36
148562723452,24152,267867369,29/07/26 07:36
148562859513,52959,94994873,29/07/26 07:36
148562880175,65306,85711062,29/07/26 07:36
148559720095,650199,272448094,29/07/26 07:36
148563095046,104169,250167707,29/07/26 07:36
148563055446,104289,266279421,29/07/26 07:36
148563070995,216577,108413935,29/07/26 07:36
148563093659,103981,21256264,29/07/26 07:36
148559729685,123794,92130719,29/07/26 07:36
148562869934,178526,237610680,29/07/26 07:36
148563095663,208734,254337994,29/07/26 07:36
148544095295,138448,34433490,29/07/26 07:36
148562880363,30619,272451194,29/07/26 07:36
148563102167,156429,58738755,29/07/26 07:36
148563324385,113869,272451514,29/07/26 07:36
148559727375,445774,234146844,29/07/26 07:36
148559361163,40648,72823766,29/07/26 07:36
148562883975,229366,193122945,29/07/26 07:36
148563329395,166253,28123715,29/07/26 07:36
148559733834,217030,239051041,29/07/26 07:36
148559105795,258721,237850263,29/07/26 07:36
148559363813,2646,113904615,29/07/26 07:36
148563186313,73408,125748857,29/07/26 07:36
148563324175,22606,220670822,29/07/26 07:36
148560309963,446084,272448548,29/07/26 07:36
148563199752,145465,46573000,29/07/26 07:37
148563326034,185263,271767813,29/07/26 07:37
148563167659,43785,272451561,29/07/26 07:37
148563318585,136973,272451708,29/07/26 07:37
148539344559,123824,88375265,29/07/26 07:37
148563165367,182269,29277544,29/07/26 07:37
148563172652,12698,10543325,29/07/26 07:37
148559920059,64736,14661932,29/07/26 07:37
148559926834,444745,16526566,29/07/26 07:37
148560240395,33479,135092877,29/07/26 07:37
148559951963,32822,272448310,29/07/26 07:37
148559815675,1412,269804849,29/07/26 07:37
148560625463,32243,87981694,29/07/26 07:37
148536130359,183886,93921153,29/07/26 07:37
148559897559,32149,145283674,29/07/26 07:37
148559917567,1876,251804017,29/07/26 07:37
148560121334,32829,77028657,29/07/26 07:37
148559920963,192764,53690070,29/07/26 07:37
148560233975,142270,35429726,29/07/26 07:37
148559845413,22716,272258659,29/07/26 07:37
148559246867,141772,272447761,29/07/26 07:37
148562881446,188739,154011554,29/07/26 07:37
148559824485,95269,195973920,29/07/26 07:37
148559939485,156270,272448252,29/07/26 07:37
148559950113,33329,93055768,29/07/26 07:37
148559806163,157054,201749343,29/07/26 07:37
148559345075,139053,160641054,29/07/26 07:37
148563092495,145262,272451449,29/07/26 07:37
148559936513,14645,272448285,29/07/26 07:37
148560020313,89864,3385532,29/07/26 07:37
148559949352,180945,23309049,29/07/26 07:37
148559919695,137709,91444019,29/07/26 07:37
148559340613,84770,272447782,29/07/26 07:37
148560017613,41953,41365784,29/07/26 07:37
148559911346,183791,266485156,29/07/26 07:37
148563313675,650489,82401451,29/07/26 07:37
148559742363,87985,272448156,29/07/26 07:37
148559351363,442488,110587264,29/07/26 07:37
148563328934,14599,155490405,29/07/26 07:37
148559947267,146112,115841852,29/07/26 07:37
148559950485,126155,272448307,29/07/26 07:37
148559931975,39755,231480443,29/07/26 07:37
148560032734,193000,128899057,29/07/26 07:37
148559625652,1259,272448050,29/07/26 07:37
148559735685,89566,8091429,29/07/26 07:37
148559358995,652621,227083795,29/07/26 07:37
148560123385,20945,15725303,29/07/26 07:37
148559348975,220623,95164300,29/07/26 07:37
148558935234,135878,17747245,29/07/26 07:37
148559701895,1375,87518299,29/07/26 07:37
148559344975,14645,19491242,29/07/26 07:37
148559473852,194457,272447725,29/07/26 07:37
148559712695,36192,272448087,29/07/26 07:37
148563272159,4166,253218797,29/07/26 07:37
148559420013,3398,272447772,29/07/26 07:37
148559389267,99846,271074087,29/07/26 07:37
148559343846,5056,224092741,29/07/26 07:37
148559343595,95834,64622314,29/07/26 07:37
148558920613,446018,109126165,29/07/26 07:37
148559243285,757,2273361,29/07/26 07:37
148559351275,656257,268100694,29/07/26 07:37
148563174585,37780,138261539,29/07/26 07:37
148563103063,156035,272451279,29/07/26 07:37
148559346246,163735,60341243,29/07/26 07:37
148559342895,104594,129342302,29/07/26 07:37
148559711913,159891,60867307,29/07/26 07:37
148559347275,187661,226948069,29/07/26 07:37
148559293034,163819,124331024,29/07/26 07:37
148559710446,182749,272448030,29/07/26 07:37
148559340395,218537,142393307,29/07/26 07:37
148559367263,658575,20534948,29/07/26 07:37
148558480846,2747,272447117,29/07/26 07:37
148559333363,185514,80935042,29/07/26 07:37
148559339813,8379,272447773,29/07/26 07:37
148559343313,154241,109943326,29/07/26 07:37
148559332585,650199,272447735,29/07/26 07:37
148559699634,68180,95240315,29/07/26 07:37
148559367875,95127,41601789,29/07/26 07:37
148559421452,654577,7677930,29/07/26 07:37
148559705446,29,272448042,29/07/26 07:37
148559644652,84323,272446769,29/07/26 07:37
148560230352,650110,272448482,29/07/26 07:37
148559338913,154801,119213618,29/07/26 07:37
148559341352,94715,272447738,29/07/26 07:37
148563107195,177610,16637261,29/07/26 07:37
148559343113,6783,146360903,29/07/26 07:37
148563105346,651730,141851524,29/07/26 07:37
148559319895,8749,265788592,29/07/26 07:37
148559356267,136631,272447767,29/07/26 07:37
148559342334,182632,76298971,29/07/26 07:37
148559331763,26848,270845420,29/07/26 07:37
148558381534,215596,272447115,29/07/26 07:37
148559706652,32822,199100988,29/07/26 07:37
148559703213,650489,97552010,29/07/26 07:37
148563104459,38213,14105399,29/07/26 07:37
148559331552,178045,56744250,29/07/26 07:37
148558908813,119160,45060910,29/07/26 07:37
148559341963,118024,123406108,29/07/26 07:37
148559402913,3291,152738280,29/07/26 07:37
148563103967,23373,272451471,29/07/26 07:37
148563104267,4231,214591627,29/07/26 07:37
148559294652,8298,158059795,29/07/26 07:37
148563106167,178388,272451468,29/07/26 07:37
148559315834,129909,36955323,29/07/26 07:37
148559728034,177553,54766560,29/07/26 07:37
148563105967,138962,108942833,29/07/26 07:37
148559641452,221003,25119301,29/07/26 07:37
148563103367,279058,248708568,29/07/26 07:37
148559289885,163720,57408271,29/07/26 07:37
148559340095,42113,77273228,29/07/26 07:37
148558910513,139766,159418195,29/07/26 07:37
148562884495,158493,17011207,29/07/26 07:37
148559261185,33956,26347475,29/07/26 07:37
148559332795,279058,272447689,29/07/26 07:37
148559713785,108333,95573577,29/07/26 07:37
148559700395,116456,270089698,29/07/26 07:37
148505888463,43954,87750526,29/07/26 07:37
148563172113,81084,272451333,29/07/26 07:37
148563338267,204034,186047295,29/07/26 07:37
148562886495,5689,189555309,29/07/26 07:37
148563156459,40348,84370976,29/07/26 07:37
148498112634,140269,271232716,29/07/26 07:37
148563331175,184950,189052894,29/07/26 07:37
148559332375,445988,271311050,29/07/26 07:37
148563325595,2728,226251929,29/07/26 07:37
148563166085,181579,272451559,29/07/26 07:37
148563174059,184062,272438336,29/07/26 07:37
148563175934,226794,24729164,29/07/26 07:37
148563328559,29580,253438868,29/07/26 07:37
148563330646,191056,272451724,29/07/26 07:37
148558928252,34381,272447404,29/07/26 07:37
148563245167,65902,182702842,29/07/26 07:37
148563269895,6534,62237752,29/07/26 07:38
148563328034,5850,228101267,29/07/26 07:38
148563196585,25308,272451574,29/07/26 07:38
148563325863,142495,204465565,29/07/26 07:38
148563175167,652687,64805072,29/07/26 07:38
148563171863,96335,272451428,29/07/26 07:38
148505327275,25884,33135920,29/07/26 07:38
148563333263,139284,272451729,29/07/26 07:38
148563332563,215208,208206404,29/07/26 07:38
148559916146,203421,185338273,29/07/26 07:38
148559797475,65357,251800790,29/07/26 07:38
148559947346,43829,272448301,29/07/26 07:38
148559838834,146230,252220803,29/07/26 07:38
148559739046,443649,104347208,29/07/26 07:38
148559807746,16068,15331046,29/07/26 07:38
148559947459,445299,129272048,29/07/26 07:38
148559935367,111957,272448282,29/07/26 07:38
148559737452,138191,107165809,29/07/26 07:38
148559937375,158492,93653031,29/07/26 07:38
148559933295,190587,234756395,29/07/26 07:38
148559838763,49874,183062324,29/07/26 07:38
148560050463,69245,92464909,29/07/26 07:38
148559834295,10480,272448215,29/07/26 07:38
148559838463,204708,253177765,29/07/26 07:38
148560018095,2045,59023398,29/07/26 07:38
148559733252,984,63963382,29/07/26 07:38
148559949713,9043,267362326,29/07/26 07:38
148559937434,221835,18749577,29/07/26 07:38
148559939675,69682,156584366,29/07/26 07:38
148559920667,132574,272448257,29/07/26 07:38
148559936663,41640,224102081,29/07/26 07:38
148559238259,220557,257579240,29/07/26 07:38
148559244095,136199,272447747,29/07/26 07:38
148559801759,41474,99537546,29/07/26 07:38
148559231613,88372,255664065,29/07/26 07:38
148559934434,74917,229323006,29/07/26 07:38
148563255513,30059,3494093,29/07/26 07:38
148559927046,8505,52960942,29/07/26 07:38
148559609213,1166,272447985,29/07/26 07:38
148559840095,181452,272448225,29/07/26 07:38
148559747334,18210,270370238,29/07/26 07:38
148559832163,193973,163520009,29/07/26 07:38
148558929867,137687,191612786,29/07/26 07:38
148559614385,193975,44681580,29/07/26 07:38
148559923734,257397,249568663,29/07/26 07:38
148559243363,12962,267886254,29/07/26 07:38
148559927459,167795,272448271,29/07/26 07:38
148559622959,55577,208362654,29/07/26 07:38
148563335559,138940,211404086,29/07/26 07:38
148563335163,9220,271315145,29/07/26 07:38
148559240559,189251,7855504,29/07/26 07:38
148559610613,191745,272448015,29/07/26 07:38
148559945595,20417,255121886,29/07/26 07:38
148559232652,27304,154553524,29/07/26 07:38
148559946967,759,268494507,29/07/26 07:38
148539248995,4233,254574244,29/07/26 07:38
148559233846,181492,12323080,29/07/26 07:38
148563177134,73271,271300530,29/07/26 07:38
148559360213,650440,272447627,29/07/26 07:38
148558832585,165537,194344263,29/07/26 07:38
148559610585,74481,242052433,29/07/26 07:38
148559615113,10950,118499424,29/07/26 07:38
148559495785,68794,269196444,29/07/26 07:38
148559244434,21758,203874911,29/07/26 07:38
148563271285,182058,180834150,29/07/26 07:38
148559935685,224326,12004736,29/07/26 07:38
148559948113,24772,272448303,29/07/26 07:38
148558345885,23622,217106458,29/07/26 07:38
148559090446,158493,56830625,29/07/26 07:38
148559613063,122629,20264571,29/07/26 07:38
148488196046,25870,203263388,29/07/26 07:38
148559621863,220178,62613750,29/07/26 07:38
148559615059,180856,128995117,29/07/26 07:38
148559361552,184871,23195773,29/07/26 07:38
148558344713,38734,183366164,29/07/26 07:38
148559613363,20914,117624451,29/07/26 07:38
148559623785,5145,264068407,29/07/26 07:38
148559221475,139294,254777597,29/07/26 07:38
148558824059,5935,48500299,29/07/26 07:38
148559227446,445207,272447708,29/07/26 07:38
148559236875,10448,250823248,29/07/26 07:38
148559620495,95986,213994784,29/07/26 07:38
148559621763,193165,272448047,29/07/26 07:38
148559353234,888,272447265,29/07/26 07:38
148559929934,218070,523891,29/07/26 07:38
148559242275,34490,69580323,29/07/26 07:38
148562886759,136961,211356761,29/07/26 07:38
148559607363,183833,272448021,29/07/26 07:38
148559237963,13864,129168764,29/07/26 07:38
148559609895,45574,43681462,29/07/26 07:38
148562894485,137939,6146745,29/07/26 07:38
148562890559,40921,272451241,29/07/26 07:38
148559222334,6497,272447699,29/07/26 07:38
148559463775,240680,242040121,29/07/26 07:38
148559231375,138901,247219320,29/07/26 07:38
148562891059,42068,19185736,29/07/26 07:38
148559222052,108285,272447668,29/07/26 07:38
148559232952,55154,104723520,29/07/26 07:38
148563114259,6222,272451373,29/07/26 07:38
148559351552,85957,123172009,29/07/26 07:38
148559617934,659146,92616537,29/07/26 07:38
148559628895,651834,130371081,29/07/26 07:38
148562889385,153131,227184249,29/07/26 07:38
148559232095,190267,30215406,29/07/26 07:38
148562885863,445988,272451239,29/07/26 07:38
148559615685,14461,44424088,29/07/26 07:38
148559311746,167772,272447667,29/07/26 07:38
148563187563,138301,129119123,29/07/26 07:38
148563174263,186503,223922547,29/07/26 07:38
148563187452,191158,138371187,29/07/26 07:38
148563111113,445774,269229680,29/07/26 07:38
148559352763,204708,244946512,29/07/26 07:38
148562892775,445774,272451249,29/07/26 07:38
148562892867,94924,98391806,29/07/26 07:38
148562892152,43849,223120421,29/07/26 07:38
148562891113,145672,7347101,29/07/26 07:38
148562890246,184711,126195050,29/07/26 07:38
148559235675,5735,241455712,29/07/26 07:38
148563186952,277,272451587,29/07/26 07:38
148563258752,139363,234399805,29/07/26 07:38
148548285846,179417,217818687,29/07/26 07:38
148541660375,35309,123670957,29/07/26 07:38
148563332013,170766,74932890,29/07/26 07:38
148563188759,303280,188296627,29/07/26 07:38
148561458895,159512,272399497,29/07/26 07:38
148563329552,214689,272451703,29/07/26 07:38
148563335034,41970,262986432,29/07/26 07:38
148563334695,184881,272451661,29/07/26 07:38
148563337385,21079,63971376,29/07/26 07:38
148563189734,27104,59919117,29/07/26 07:38
148562894185,136642,93122041,29/07/26 07:38
148563343585,445774,266269883,29/07/26 07:39
148563343952,190221,29874556,29/07/26 07:39
148500903134,164243,68110984,29/07/26 07:39
148563336885,2699,272451735,29/07/26 07:39
148563339334,84799,98699822,29/07/26 07:39
148559733459,35065,99222511,29/07/26 07:39
148559727763,29029,131185649,29/07/26 07:39
148559732567,189619,89262723,29/07/26 07:39
148559610746,7664,58288016,29/07/26 07:39
148559726946,25179,272448118,29/07/26 07:39
148559731185,3786,106814914,29/07/26 07:39
148559818634,53419,183510255,29/07/26 07:39
148559931795,118734,217577573,29/07/26 07:39
148559609463,2879,232289596,29/07/26 07:39
148559882859,34751,46933440,29/07/26 07:39
148559842959,113984,272448231,29/07/26 07:39
148559702575,12002,272448072,29/07/26 07:39
148559728663,158120,272448119,29/07/26 07:39
148563338675,4548,233150946,29/07/26 07:39
148559831734,181763,96000085,29/07/26 07:39
148559723346,1398,183480965,29/07/26 07:39
148559818363,178362,146304890,29/07/26 07:39
148559917034,2295,32825971,29/07/26 07:39
148559928985,39901,122099479,29/07/26 07:39
148559724034,177668,245735191,29/07/26 07:39
148559717375,65136,157859131,29/07/26 07:39
148559719575,146563,82455161,29/07/26 07:39
148559716852,106722,30755757,29/07/26 07:39
148559845346,156798,5541973,29/07/26 07:39
148559824685,185495,272448183,29/07/26 07:39
148559734046,181336,106856297,29/07/26 07:39
148559923259,90111,68300602,29/07/26 07:39
148560016913,221794,232965423,29/07/26 07:39
148559923952,120819,89882586,29/07/26 07:39
148559718575,179623,264915635,29/07/26 07:39
148559929295,15617,272448174,29/07/26 07:39
148559712985,24779,137774461,29/07/26 07:39
148559739952,132622,272448151,29/07/26 07:39
148559838113,177376,272448222,29/07/26 07:39
148563173075,442262,102265621,29/07/26 07:39
148559878834,50110,258285790,29/07/26 07:39
148563339463,29930,107841410,29/07/26 07:39
148559812085,107869,247438342,29/07/26 07:39
148560699259,160629,272448246,29/07/26 07:39
148560049785,73723,51815685,29/07/26 07:39
148559922795,178388,191427322,29/07/26 07:39
148563339585,53679,50699799,29/07/26 07:39
148562923275,444900,272350480,29/07/26 07:39
148559818034,126276,70577271,29/07/26 07:39
148559226485,209048,272105713,29/07/26 07:39
148559828313,180823,263423067,29/07/26 07:39
148559870963,184482,149366160,29/07/26 07:39
148559732985,13080,40293514,29/07/26 07:39
148559597359,181125,271892174,29/07/26 07:39
148559528475,138514,272447967,29/07/26 07:39
148559138063,80724,248063971,29/07/26 07:39
148559840785,14053,115036410,29/07/26 07:39
148559226352,442760,66330643,29/07/26 07:39
148559603163,137939,95377604,29/07/26 07:39
148547039385,73999,71900405,29/07/26 07:39
148559581034,12972,240036103,29/07/26 07:39
148559923859,156502,31984581,29/07/26 07:39
148559212813,143543,205914131,29/07/26 07:39
148559216563,11166,55173534,29/07/26 07:39
148563121167,4805,272451510,29/07/26 07:39
148559599685,55772,226943219,29/07/26 07:39
148559224046,299967,272447692,29/07/26 07:39
148559216746,29097,24141823,29/07/26 07:39
148558800385,50504,39151021,29/07/26 07:39
148559350434,106815,272447607,29/07/26 07:39
148559597834,181550,89007986,29/07/26 07:39
148559216613,183931,50370573,29/07/26 07:39
148558336052,192471,29166280,29/07/26 07:39
148559217763,650203,257210641,29/07/26 07:39
148563342846,444127,76904675,29/07/26 07:39
148559599934,50310,271526728,29/07/26 07:39
148559369375,4414,218313971,29/07/26 07:39
148559600495,180908,35193228,29/07/26 07:39
148559223085,28057,235423398,29/07/26 07:39
148559239959,16018,202549315,29/07/26 07:39
148559714052,3190,99106244,29/07/26 07:39
148559922695,180895,95716407,29/07/26 07:39
148559600695,88383,271837335,29/07/26 07:39
148559212534,12085,272447678,29/07/26 07:39
148559215646,87669,94286489,29/07/26 07:39
148559915559,179207,272448248,29/07/26 07:39
148559580895,4358,152469740,29/07/26 07:39
148563193275,15619,24084756,29/07/26 07:39
148559602434,37248,109170296,29/07/26 07:39
148559489059,144156,228827330,29/07/26 07:39
148559602763,184911,163744980,29/07/26 07:39
148559284713,99818,270498826,29/07/26 07:39
148559224163,166067,23632106,29/07/26 07:39
148559215163,10358,268665596,29/07/26 07:39
148559595163,42611,151538405,29/07/26 07:39
148559598834,146952,35257267,29/07/26 07:39
148563341395,167017,61979188,29/07/26 07:39
148501134595,187396,56242113,29/07/26 07:39
148559599452,23977,193017135,29/07/26 07:39
148559339013,175594,272447671,29/07/26 07:39
148558808752,6033,209127396,29/07/26 07:39
148563343067,633,119302313,29/07/26 07:39
148559598513,442156,272447963,29/07/26 07:39
148559597167,35673,272447995,29/07/26 07:39
148563343867,3049,123070962,29/07/26 07:39
148563338034,114085,14696661,29/07/26 07:39
148559926967,23336,78923668,29/07/26 07:39
148559594959,206256,18110114,29/07/26 07:39
148559592046,655500,97687723,29/07/26 07:39
148563349059,95525,81210941,29/07/26 07:39
148537651367,147533,243639255,29/07/26 07:39
148517249213,30192,95675349,29/07/26 07:39
148563161375,176586,272451549,29/07/26 07:39
148559217452,215883,2284059,29/07/26 07:39
148496012046,2123,197393779,29/07/26 07:39
148563271959,55379,84294802,29/07/26 07:40
148563342546,653780,56004704,29/07/26 07:40
148563350746,162610,25957024,29/07/26 07:40
148563196063,55784,105919446,29/07/26 07:40
148563350663,45465,127691464,29/07/26 07:40
148563196713,154681,267716232,29/07/26 07:40
148559713275,55335,82445220,29/07/26 07:40
148559711685,656691,192900118,29/07/26 07:40
148559713095,236896,8643981,29/07/26 07:40
148559704963,84026,272448061,29/07/26 07:40
148559709085,20421,141556618,29/07/26 07:40
148559869834,207562,133268346,29/07/26 07:40
148559712746,105877,77076011,29/07/26 07:40
148559709863,16389,250264719,29/07/26 07:40
148559863159,386,94424839,29/07/26 07:40
148559705334,100809,14857575,29/07/26 07:40
148559705663,55749,158546348,29/07/26 07:40
148559707985,8339,272448081,29/07/26 07:40
148559835695,192670,272448217,29/07/26 07:40
148559108934,31433,212316651,29/07/26 07:40
148559832946,17193,272448211,29/07/26 07:40
148559861063,85085,209832880,29/07/26 07:40
148498431934,17135,56577962,29/07/26 07:40
148559841813,30142,52556450,29/07/26 07:40
148559663659,157324,144405890,29/07/26 07:40
148559937285,154081,272448244,29/07/26 07:40
148561705967,31054,272390057,29/07/26 07:40
148559671959,165,90331554,29/07/26 07:40
148559843267,189001,253138741,29/07/26 07:40
148559916895,150852,7546855,29/07/26 07:40
148559714734,156792,226519045,29/07/26 07:40
148559696446,185293,268562170,29/07/26 07:40
148559629346,20459,252387697,29/07/26 07:40
148560297659,145683,153331895,29/07/26 07:40
148563348659,142549,184623709,29/07/26 07:40
148559840446,22473,241212387,29/07/26 07:40
148559212163,85357,156050346,29/07/26 07:40
148558791075,183275,160627483,29/07/26 07:40
148559836752,137657,5240109,29/07/26 07:40
148559626013,20414,187869769,29/07/26 07:40
148559869359,442488,269957224,29/07/26 07:40
148559209267,74918,71323975,29/07/26 07:40
148563011234,259131,272451250,29/07/26 07:40
148559922513,94653,58284035,29/07/26 07:40
148559835775,40863,67203874,29/07/26 07:40
148559741175,122124,264450645,29/07/26 07:40
148559843075,35368,105152618,29/07/26 07:40
148559842613,209219,197497150,29/07/26 07:40
148559842385,185399,272448228,29/07/26 07:40
148563256034,178231,272451664,29/07/26 07:40
148563197834,184911,122994465,29/07/26 07:40
148559735175,189886,146297480,29/07/26 07:40
148559341134,140694,67530283,29/07/26 07:40
148559518467,136701,272447944,29/07/26 07:40
148559829646,34969,63954064,29/07/26 07:40
148562937134,650291,271902894,29/07/26 07:40
148559813975,55238,263092079,29/07/26 07:40
148563269367,150643,104679957,29/07/26 07:40
148559555359,181392,240891901,29/07/26 07:40
148559107875,36611,232711760,29/07/26 07:40
148559542895,182550,80255717,29/07/26 07:40
148559178667,167347,241680573,29/07/26 07:40
148559208013,122779,272447670,29/07/26 07:40
148559752113,5145,233299800,29/07/26 07:40
148559842434,8980,272448229,29/07/26 07:40
148559209046,181634,123982317,29/07/26 07:40
148559209634,6059,268402616,29/07/26 07:40
148563124263,4805,262878289,29/07/26 07:40
148559112313,187087,183059339,29/07/26 07:40
148559211975,133916,157150803,29/07/26 07:40
148559112463,230114,208452253,29/07/26 07:40
148559209513,33172,70664729,29/07/26 07:40
148559555659,7234,246083444,29/07/26 07:40
148559561175,147185,31060500,29/07/26 07:40
148559922313,184941,241662663,29/07/26 07:40
148559109067,160925,122201913,29/07/26 07:40
148562894575,245758,76573916,29/07/26 07:40
148559212985,85957,130034648,29/07/26 07:40
148562898375,445305,213281346,29/07/26 07:40
148559194146,215101,15343491,29/07/26 07:40
148559210095,445774,117160597,29/07/26 07:40
148559332834,5738,82052494,29/07/26 07:40
148559507367,120848,12738257,29/07/26 07:40
148559107713,152077,272447646,29/07/26 07:40
148559508452,192646,14636247,29/07/26 07:40
148559170475,6042,86297780,29/07/26 07:40
148562895563,132123,109964199,29/07/26 07:40
148559522052,38154,118528787,29/07/26 07:40
148559209834,37903,54546701,29/07/26 07:40
148559173285,140000,227028610,29/07/26 07:40
148559547563,257683,245853045,29/07/26 07:40
148563124746,120988,272451518,29/07/26 07:40
148559469867,6524,90562414,29/07/26 07:40
148563126846,6505,235022178,29/07/26 07:40
148559503485,4802,272447941,29/07/26 07:40
148559537452,18364,47263113,29/07/26 07:40
148559190263,182550,44220469,29/07/26 07:40
148559112967,186525,272447655,29/07/26 07:40
148559106652,26545,272447638,29/07/26 07:40
148559211467,109959,211427257,29/07/26 07:40
148559240867,43850,234796717,29/07/26 07:40
148563120613,126835,238808483,29/07/26 07:40
148563118163,179778,71064931,29/07/26 07:40
148563123959,86032,2382083,29/07/26 07:40
148563117063,74546,48676633,29/07/26 07:40
148559549175,78095,32072566,29/07/26 07:40
148559504167,150881,46725721,29/07/26 07:40
148562897175,85180,272451257,29/07/26 07:40
148563223675,167517,109005885,29/07/26 07:40
148562897063,142549,65304579,29/07/26 07:40
148562897759,180382,184343356,29/07/26 07:40
148559104875,85907,264320780,29/07/26 07:40
148563299452,222737,203813324,29/07/26 07:40
148559207875,38211,187343309,29/07/26 07:40
148563118859,177680,266852277,29/07/26 07:40
148563189163,220550,27541194,29/07/26 07:40
148547864395,55982,22965029,29/07/26 07:40
148559676352,34381,29987621,29/07/26 07:40
148563338767,50110,272451739,29/07/26 07:40
148563213695,119227,76930840,29/07/26 07:40
148563201467,203913,127047519,29/07/26 07:40
148563237167,52995,272451630,29/07/26 07:40
148559622346,22002,258543330,29/07/26 07:40
148563232185,181826,115894242,29/07/26 07:40
148561779452,180509,272349254,29/07/26 07:40
148558220275,3900,128211694,29/07/26 07:40
148562897946,126651,201273486,29/07/26 07:40
148559739867,139722,22006343,29/07/26 07:40
148562725652,41347,272451040,29/07/26 07:40
148559828963,166807,247433046,29/07/26 07:40
148561600967,225969,272289524,29/07/26 07:40
148559111959,5323,135397555,29/07/26 07:40
148563166475,187777,254883696,29/07/26 07:40
148532414552,146785,31594408,29/07/26 07:40
148561650159,188629,272260954,29/07/26 07:40
148563347452,656545,272451758,29/07/26 07:41
148563321146,221806,101776817,29/07/26 07:41
148563243334,10992,103809837,29/07/26 07:41
148563245546,384,160246748,29/07/26 07:41
148536887367,178046,77691897,29/07/26 07:41
148563346652,290995,272451653,29/07/26 07:41
148560549963,158131,272286051,29/07/26 07:41
148563338885,36528,214084417,29/07/26 07:41
148562900659,216949,234774580,29/07/26 07:41
148563352467,246489,253518454,29/07/26 07:41
148563351775,382,252096741,29/07/26 07:41
148563403313,185262,90903618,29/07/26 07:41
148549175152,189411,270169965,29/07/26 07:41
148562903563,939,111788801,29/07/26 07:41
148561374167,163262,272128417,29/07/26 07:41
148562899813,150758,230463470,29/07/26 07:41
148563358575,100674,184330828,29/07/26 07:41
148563123763,4497,263061677,29/07/26 07:41
148562901063,9792,272451211,29/07/26 07:41
148562906175,95841,116872081,29/07/26 07:41
148563403475,445917,271348385,29/07/26 07:41
148563403552,20717,272451556,29/07/26 07:41
148563403763,181932,272451499,29/07/26 07:41
148562900775,20873,93587372,29/07/26 07:41
148499999334,89768,257383489,29/07/26 07:41
148559489713,180537,272447935,29/07/26 07:41
148559833159,315637,112200025,29/07/26 07:41
148559619013,177578,223658927,29/07/26 07:41
148559830546,659497,156998423,29/07/26 07:41
148559837052,169427,65440678,29/07/26 07:41
148559623446,185033,272448055,29/07/26 07:41
148559836346,3631,251714334,29/07/26 07:41
148559732263,73664,79283295,29/07/26 07:41
148559820113,186666,272298991,29/07/26 07:41
148548636334,179585,272438415,29/07/26 07:41
148547879295,18779,256951838,29/07/26 07:41
148560385452,144764,107067136,29/07/26 07:41
148562904175,3465,255744788,29/07/26 07:41
148547817813,184888,214407576,29/07/26 07:41
148547841159,21761,271722445,29/07/26 07:41
148559619963,31235,163033638,29/07/26 07:41
148559603934,84333,272448013,29/07/26 07:41
148561336967,441911,272035471,29/07/26 07:41
148559722763,216,143590798,29/07/26 07:41
148559825363,139916,130554978,29/07/26 07:41
148559726246,55753,95904158,29/07/26 07:41
148559616752,144396,150874855,29/07/26 07:41
148559618034,34097,63750510,29/07/26 07:41
148559830195,187691,208570328,29/07/26 07:41
148559618285,177105,58653860,29/07/26 07:41
148559616595,77862,99044215,29/07/26 07:41
148503178685,167342,263041204,29/07/26 07:41
148559615359,144378,272448041,29/07/26 07:41
148546864759,27304,229509347,29/07/26 07:41
148559461913,190597,218591740,29/07/26 07:41
148563350085,650580,272451767,29/07/26 07:41
148560118063,96335,269435561,29/07/26 07:41
148559830667,56026,256277655,29/07/26 07:41
148559719052,6459,51356903,29/07/26 07:41
148559828613,651541,145351238,29/07/26 07:41
148490412875,4900,12727376,29/07/26 07:41
148559742559,32202,272447973,29/07/26 07:41
148559721295,95568,57672291,29/07/26 07:41
148563328763,24,213492290,29/07/26 07:41
148562903867,279058,272451276,29/07/26 07:41
148559610446,1470,62263174,29/07/26 07:41
148547635759,129171,272438139,29/07/26 07:41
148563121859,444840,272451515,29/07/26 07:41
148548833446,2820,249326608,29/07/26 07:41
148559827085,35719,196743534,29/07/26 07:41
148559111067,55757,49825246,29/07/26 07:41
148559495867,25007,61352864,29/07/26 07:41
148548080252,27563,272438539,29/07/26 07:41
148563187985,192077,188955297,29/07/26 07:41
148558667095,160219,233125297,29/07/26 07:41
148559812467,178355,120852538,29/07/26 07:41
148559089134,180420,75759950,29/07/26 07:41
148559109534,140884,111734601,29/07/26 07:41
148548940313,186418,272177700,29/07/26 07:41
148559088552,84003,98443112,29/07/26 07:41
148559721885,142144,78652608,29/07/26 07:41
148559103163,18051,16300700,29/07/26 07:41
148559138875,31026,16327450,29/07/26 07:41
148563122575,90398,264129054,29/07/26 07:41
148559500563,16995,5617367,29/07/26 07:41
148559497059,188240,240918728,29/07/26 07:41
148559088246,654853,182747779,29/07/26 07:41
148559717995,1826,222157030,29/07/26 07:41
148559089795,1321,141093074,29/07/26 07:41
148559094863,154801,121966669,29/07/26 07:41
148559090659,1707,193476390,29/07/26 07:41
148559107175,138541,28462234,29/07/26 07:41
148559102846,445774,25514202,29/07/26 07:41
148563387052,170577,223882018,29/07/26 07:41
148559094713,148447,97876928,29/07/26 07:41
148559089346,20182,261671407,29/07/26 07:41
148547251763,43237,272436596,29/07/26 07:41
148559491667,8816,227567494,29/07/26 07:41
148559492175,3398,156033433,29/07/26 07:41
148559732359,165264,66056226,29/07/26 07:41
148559173995,53765,251558450,29/07/26 07:41
148559494367,189572,39022877,29/07/26 07:41
148563161863,444900,271309891,29/07/26 07:41
148563350213,36358,272451769,29/07/26 07:41
148563159559,10803,272451534,29/07/26 07:41
148548022359,226811,138997404,29/07/26 07:41
148559485695,22155,272447896,29/07/26 07:41
148559485859,85011,118029267,29/07/26 07:41
148559488085,206065,266616722,29/07/26 07:41
148559095959,225795,18635797,29/07/26 07:41
148563248563,445304,254464870,29/07/26 07:41
148559093134,15505,107659775,29/07/26 07:41
148562939534,36644,74374727,29/07/26 07:41
148562936985,9827,11106345,29/07/26 07:41
148563159852,68518,272451504,29/07/26 07:41
148563346267,595,272451755,29/07/26 07:41
148562938395,159924,17044326,29/07/26 07:41
148563247695,180875,272451639,29/07/26 07:41
148563163663,189236,1948563,29/07/26 07:41
148559492267,189351,145126540,29/07/26 07:41
148559829395,651899,44243910,29/07/26 07:41
148558950263,654495,259911510,29/07/26 07:41
148559493134,2580,128204129,29/07/26 07:41
148559827467,155954,60897233,29/07/26 07:41
148563165746,2416,150493880,29/07/26 07:41
148563354763,157287,36325345,29/07/26 07:41
148563349146,192935,272451665,29/07/26 07:41
148559458934,143825,40088799,29/07/26 07:41
148563148359,215041,25238476,29/07/26 07:41
148559494585,135647,249654764,29/07/26 07:41
148559112267,89590,85850195,29/07/26 07:41
148563409534,188040,237584974,29/07/26 07:41
148559482875,221789,103089412,29/07/26 07:41
148559091513,11938,218306829,29/07/26 07:41
148563164759,180915,49716509,29/07/26 07:41
148563139546,16854,41330234,29/07/26 07:41
148559091246,184157,130667377,29/07/26 07:41
148559089563,189130,224440172,29/07/26 07:41
148560464159,458,139016762,29/07/26 07:41
148563249734,185691,72954363,29/07/26 07:41
148563248034,21578,48350939,29/07/26 07:41
148563333775,126170,69219766,29/07/26 07:41
148559499075,31984,206065333,29/07/26 07:41
148560021234,133916,238989932,29/07/26 07:41
148563153595,113722,73750439,29/07/26 07:41
148562937495,86291,51482142,29/07/26 07:41
148563406513,15385,14955679,29/07/26 07:41
148550275295,78465,269381079,29/07/26 07:41
148563037995,142789,271191254,29/07/26 07:41
148559090346,40897,101241853,29/07/26 07:41
148559485713,26942,97383042,29/07/26 07:41
148559230263,185078,7019590,29/07/26 07:41
148563339995,11166,185549494,29/07/26 07:41
148563343259,160555,264382340,29/07/26 07:41
148563346813,187101,272451312,29/07/26 07:41
148563355075,41505,272451779,29/07/26 07:41
148563404467,43094,266398014,29/07/26 07:42
148563252263,173485,133209455,29/07/26 07:42
148563252967,193941,84035001,29/07/26 07:42
148563227646,8439,104012299,29/07/26 07:42
148563355859,43682,272451754,29/07/26 07:42
148563163567,153456,272451551,29/07/26 07:42
148563273834,74917,129355047,29/07/26 07:42
148559714467,162924,190342836,29/07/26 07:42
148559076852,5681,272447604,29/07/26 07:42
148559735734,190465,68738350,29/07/26 07:42
148559816752,203916,272036013,29/07/26 07:42
148559812159,190910,141242753,29/07/26 07:42
148559693352,9336,375729,29/07/26 07:42
148559602063,140216,127635143,29/07/26 07:42
148559598063,33324,223449023,29/07/26 07:42
148559741995,7238,272143040,29/07/26 07:42
148559815134,16691,220828979,29/07/26 07:42
148559787363,50286,223278018,29/07/26 07:42
148559810346,5521,238487941,29/07/26 07:42
148559624652,14599,271223002,29/07/26 07:42
148559816395,38279,13265508,29/07/26 07:42
148559704352,150624,51748447,29/07/26 07:42
148559717834,650587,272448103,29/07/26 07:42
148559742034,656895,115227793,29/07/26 07:42
148559813413,193574,69491777,29/07/26 07:42
148559709763,68032,244813611,29/07/26 07:42
148559723767,140760,47186574,29/07/26 07:42
148559742495,95622,255345452,29/07/26 07:42
148559786685,193882,272448163,29/07/26 07:42
148559075995,25893,142838126,29/07/26 07:42
148562947395,177221,209249898,29/07/26 07:42
148559076234,34275,115168226,29/07/26 07:42
148559778895,185207,272448160,29/07/26 07:42
148559809946,443472,182713544,29/07/26 07:42
148559597752,98687,184525315,29/07/26 07:42
148562939095,190546,161425544,29/07/26 07:42
148559811946,74727,46796869,29/07/26 07:42
148559075685,185173,272447600,29/07/26 07:42
148559815813,6033,68707565,29/07/26 07:42
148559471263,150584,266001680,29/07/26 07:42
148559816895,179849,272303538,29/07/26 07:42
148559080852,353,95457160,29/07/26 07:42
148563351285,139220,272451764,29/07/26 07:42
148559736446,33800,127938625,29/07/26 07:42
148492446175,22643,161819818,29/07/26 07:42
148559711095,149117,234147007,29/07/26 07:42
148559797352,181147,272448167,29/07/26 07:42
148559069867,658801,243202650,29/07/26 07:42
148562942067,652326,116844502,29/07/26 07:42
148559080495,208751,260762913,29/07/26 07:42
148559067863,163036,151518800,29/07/26 07:42
148559083795,6077,252390844,29/07/26 07:42
148559111759,31164,272447614,29/07/26 07:42
148559751413,2416,218013382,29/07/26 07:42
148559084713,26974,242966843,29/07/26 07:42
148558548513,55643,160640040,29/07/26 07:42
148559074395,191481,120541506,29/07/26 07:42
148559087463,24200,239122226,29/07/26 07:42
148559079134,11195,140714774,29/07/26 07:42
148559076775,1872,90016036,29/07/26 07:42
148559079363,98850,252080013,29/07/26 07:42
148559473259,9300,264314243,29/07/26 07:42
148558175075,10443,99723043,29/07/26 07:42
148559096563,7662,92053524,29/07/26 07:42
148559464763,180620,71617739,29/07/26 07:42
148559087095,181579,139554199,29/07/26 07:42
148559079685,46060,82273317,29/07/26 07:42
148559465885,137744,271833885,29/07/26 07:42
148559069975,4989,272447394,29/07/26 07:42
148559066746,118962,269139040,29/07/26 07:42
148559476467,315637,45986798,29/07/26 07:42
148559209913,50310,272447545,29/07/26 07:42
148559078395,95673,272447591,29/07/26 07:42
148559475234,184711,272447910,29/07/26 07:42
148563355185,16623,271290209,29/07/26 07:42
148563408967,37155,99870247,29/07/26 07:42
148559066575,185560,272447339,29/07/26 07:42
148559625567,108285,272447576,29/07/26 07:42
148559082663,155463,55239052,29/07/26 07:42
148559606852,142855,6842276,29/07/26 07:42
148559468785,216804,272447726,29/07/26 07:42
148559474585,53286,70195520,29/07/26 07:42
148559069285,1262,268887326,29/07/26 07:42
148559466159,25481,185228329,29/07/26 07:42
148559482046,208811,80312222,29/07/26 07:42
148559070263,73311,75163686,29/07/26 07:42
148563406085,69091,199190971,29/07/26 07:42
148559351063,123794,254702948,29/07/26 07:42
148559811785,375,79105567,29/07/26 07:42
148559077513,157238,242777257,29/07/26 07:42
148559084467,15664,272447605,29/07/26 07:42
148559083375,230189,266079092,29/07/26 07:42
148563167334,176586,272451533,29/07/26 07:42
148563255259,154081,272179722,29/07/26 07:42
148563170375,141772,41571724,29/07/26 07:42
148559038667,5596,272447578,29/07/26 07:42
148562945813,30674,226316830,29/07/26 07:42
148563169713,442365,182536061,29/07/26 07:42
148563414863,168684,111931568,29/07/26 07:42
148559075195,4358,214250912,29/07/26 07:42
148563338967,170306,214509270,29/07/26 07:42
148559472385,654245,272447886,29/07/26 07:42
148559086452,89720,43953499,29/07/26 07:42
148559471175,190498,205341505,29/07/26 07:42
148563170595,189643,149527047,29/07/26 07:42
148559076046,16854,2558961,29/07/26 07:42
148558066913,85369,66374376,29/07/26 07:42
148559092959,40011,189042001,29/07/26 07:42
148563169563,189317,137589124,29/07/26 07:42
148562939113,185200,251074322,29/07/26 07:42
148563255867,20877,87665875,29/07/26 07:42
148563248452,52897,272451643,29/07/26 07:42
148559084675,159247,271963949,29/07/26 07:42
148563409095,21351,216561057,29/07/26 07:42
148563245313,74006,246953205,29/07/26 07:42
148559208263,909,24418673,29/07/26 07:42
148559080367,20182,139988934,29/07/26 07:42
148563347059,32243,272451748,29/07/26 07:42
148563332346,26050,80141326,29/07/26 07:42
148561650395,36358,271911269,29/07/26 07:42
148563411263,177573,68732886,29/07/26 07:42
148559074785,42703,97099650,29/07/26 07:42
148563258234,34465,93224002,29/07/26 07:42
148559109152,347440,205680506,29/07/26 07:42
148563253985,207996,18176684,29/07/26 07:42
148563425013,162792,192985600,29/07/26 07:42
148561181546,180509,271580919,29/07/26 07:42
148559082813,184317,272447587,29/07/26 07:42
148563411746,12965,8058141,29/07/26 07:42
148563258852,184123,150983897,29/07/26 07:42
148563414685,168098,132097505,29/07/26 07:42
148563349234,3836,269944024,29/07/26 07:43
148563259875,158835,211061582,29/07/26 07:43
148497397246,24146,269523523,29/07/26 07:43
148563413095,143956,272451809,29/07/26 07:43
148563177059,144749,58621991,29/07/26 07:43
148563394985,38965,272451784,29/07/26 07:43
148559592234,55379,23026911,29/07/26 07:43
148559592675,98880,43872559,29/07/26 07:43
148563331613,150473,132704385,29/07/26 07:43
148559484159,31652,108240039,29/07/26 07:43
148559588595,181579,67781728,29/07/26 07:43
148559719363,445071,272448107,29/07/26 07:43
148559548975,65467,197127129,29/07/26 07:43
148559820763,175416,75393570,29/07/26 07:43
148559469552,1388,272447902,29/07/26 07:43
148559702134,106966,115150495,29/07/26 07:43
148559529375,39762,51924985,29/07/26 07:43
148559530452,190041,55322931,29/07/26 07:43
148559728567,162559,182631083,29/07/26 07:43
148559539063,444580,109214215,29/07/26 07:43
148559519585,41280,256030616,29/07/26 07:43
148559659359,85347,26229870,29/07/26 07:43
148559810752,150025,272448168,29/07/26 07:43
148559731663,658738,83534719,29/07/26 07:43
148559724913,177929,272448115,29/07/26 07:43
148559613746,216221,272448038,29/07/26 07:43
148559749263,27304,269948712,29/07/26 07:43
148559718152,127549,81672948,29/07/26 07:43
148559508859,43237,254960315,29/07/26 07:43
148559724559,28763,244909793,29/07/26 07:43
148559668359,84669,13928183,29/07/26 07:43
148559731763,106896,148837003,29/07/26 07:43
148559728859,153140,248854952,29/07/26 07:43
148563421052,80673,107875738,29/07/26 07:43
148559607146,183257,189937370,29/07/26 07:43
148559733352,3212,272448011,29/07/26 07:43
148560145634,73324,270803380,29/07/26 07:43
148559714934,220557,84673176,29/07/26 07:43
148559737567,654702,272448147,29/07/26 07:43
148559717234,223026,272448102,29/07/26 07:43
148559730085,78845,271285584,29/07/26 07:43
148559498052,65415,266752050,29/07/26 07:43
148563325167,184300,78903055,29/07/26 07:43
148559498785,65816,77633073,29/07/26 07:43
148559619195,180769,100658073,29/07/26 07:43
148559597463,157135,104736162,29/07/26 07:43
148559740567,179914,233730033,29/07/26 07:43
148559496785,183367,26469661,29/07/26 07:43
148563421667,218971,210377002,29/07/26 07:43
148520618875,164416,272416179,29/07/26 07:43
148563354446,101056,222411798,29/07/26 07:43
148559624175,37340,208858755,29/07/26 07:43
148562766995,184578,272451017,29/07/26 07:43
148559620167,7876,160621457,29/07/26 07:43
148559563213,1846,115850778,29/07/26 07:43
148563404659,39204,154794643,29/07/26 07:43
148563175234,114130,272451565,29/07/26 07:43
148562944995,25139,272451306,29/07/26 07:43
148559345334,185683,93651509,29/07/26 07:43
148559024195,19756,118986149,29/07/26 07:43
148563178634,145508,23673068,29/07/26 07:43
148559498375,40524,234150227,29/07/26 07:43
148559554485,39967,32218379,29/07/26 07:43
148559727895,74917,267654816,29/07/26 07:43
148559067185,151330,133812217,29/07/26 07:43
148559811334,171059,42698628,29/07/26 07:43
148559063167,1206,110999805,29/07/26 07:43
148559370685,112795,35862825,29/07/26 07:43
148559426752,17193,144247814,29/07/26 07:43
148562952452,217174,115977873,29/07/26 07:43
148558967685,28751,237906004,29/07/26 07:43
148562945913,34465,251815196,29/07/26 07:43
148559063034,43849,139212628,29/07/26 07:43
148558966246,16068,25309208,29/07/26 07:43
148559742767,37804,104437838,29/07/26 07:43
148563408267,1484,118000201,29/07/26 07:43
148558969375,147949,12070267,29/07/26 07:43
148559065846,187315,223737587,29/07/26 07:43
148559461695,179982,146379340,29/07/26 07:43
148559462463,6059,39159697,29/07/26 07:43
148559415159,181423,49703223,29/07/26 07:43
148476828959,20056,272381380,29/07/26 07:43
148563410834,18029,272451794,29/07/26 07:43
148563261463,136589,151116353,29/07/26 07:43
148559459346,224946,184273076,29/07/26 07:43
148559020963,36329,159915319,29/07/26 07:43
148559065746,3410,149788233,29/07/26 07:43
148559067363,44753,149985633,29/07/26 07:43
148559371252,37272,272447825,29/07/26 07:43
148558970263,41694,153669497,29/07/26 07:43
148558971034,132956,122941546,29/07/26 07:43
148558970767,214833,266504179,29/07/26 07:43
148559063746,192085,272447528,29/07/26 07:43
148561450459,120988,271568891,29/07/26 07:43
148559376285,11148,29833779,29/07/26 07:43
148563173463,18306,129448110,29/07/26 07:43
148558972634,186206,155135297,29/07/26 07:43
148562945595,25879,223979760,29/07/26 07:43
148558531013,166913,142164368,29/07/26 07:43
148559370952,68166,241669157,29/07/26 07:43
148562949685,12676,150047673,29/07/26 07:43
148559065613,99548,195949817,29/07/26 07:43
148563174667,11293,234035322,29/07/26 07:43
148558971767,205015,214876430,29/07/26 07:43
148562769052,205215,92230802,29/07/26 07:43
148558969013,7634,149007611,29/07/26 07:43
148559371434,60,213997583,29/07/26 07:43
148558528259,50478,7920053,29/07/26 07:43
148559426675,650587,129195962,29/07/26 07:43
148562952052,80422,272451281,29/07/26 07:43
148562951059,55202,29367670,29/07/26 07:43
148562947946,653800,220733714,29/07/26 07:43
148558971485,85907,53021534,29/07/26 07:43
148563341813,132998,50487582,29/07/26 07:43
148562948513,32806,210490511,29/07/26 07:43
148563380434,208790,105167604,29/07/26 07:43
148559438863,95308,102012997,29/07/26 07:43
148559369934,3086,106725452,29/07/26 07:43
148559093346,1903,142696522,29/07/26 07:43
148563176259,100322,163945978,29/07/26 07:43
148562950675,189133,271603144,29/07/26 07:43
148563194652,12966,272451615,29/07/26 07:43
148559371967,4159,63668655,29/07/26 07:43
148562951134,9579,272451325,29/07/26 07:43
148559004975,189643,229901548,29/07/26 07:43
148558965152,183108,114610416,29/07/26 07:43
148563405634,68775,104924301,29/07/26 07:43
148559250063,28092,203793461,29/07/26 07:43
148559491834,73881,19319354,29/07/26 07:43
148563423595,186214,265212828,29/07/26 07:43
148560044134,178946,271502057,29/07/26 07:43
148563333859,189780,160500923,29/07/26 07:43
148563257934,653865,272451668,29/07/26 07:43
148563339613,143492,272451263,29/07/26 07:43
148563414967,158701,272451796,29/07/26 07:43
148561089234,192430,271445781,29/07/26 07:43
148563261295,178030,142204584,29/07/26 07:43
148563406775,28214,272451791,29/07/26 07:43
148563264985,26050,124524134,29/07/26 07:43
148563407267,7662,255021320,29/07/26 07:43
148563412163,217956,13807000,29/07/26 07:43
148563250846,32244,251942575,29/07/26 07:43
148562968052,28880,257679857,29/07/26 07:43
148563422895,155170,77133227,29/07/26 07:43
148526889095,208738,255535168,29/07/26 07:43
148563423995,22233,257402184,29/07/26 07:43
148563405534,55792,149045937,29/07/26 07:44
148563342746,222316,252051440,29/07/26 07:44
148563267246,21601,21851686,29/07/26 07:44
148563262952,29046,272451676,29/07/26 07:44
148560836546,20717,271479818,29/07/26 07:44
148563421595,2115,272451773,29/07/26 07:44
148559494485,153122,106608945,29/07/26 07:44
148559738375,181803,140670738,29/07/26 07:44
148559490759,659558,91839178,29/07/26 07:44
148563266385,147077,14160043,29/07/26 07:44
148559492595,42755,265895808,29/07/26 07:44
148559489585,102204,30623061,29/07/26 07:44
148558943959,3049,60009753,29/07/26 07:44
148559490185,81114,194851030,29/07/26 07:44
148559623385,38000,272448053,29/07/26 07:44
148559716313,142686,269698495,29/07/26 07:44
148561001146,167035,271465999,29/07/26 07:44
148559359395,178302,257922208,29/07/26 07:44
148559611259,192306,36444311,29/07/26 07:44
148559488295,179418,72726460,29/07/26 07:44
148559486763,138708,190478487,29/07/26 07:44
148559809385,9647,254794370,29/07/26 07:44
148559713395,186362,118943757,29/07/26 07:44
148559705952,15027,242581526,29/07/26 07:44
148495498652,182498,3438222,29/07/26 07:44
148559734813,2659,190972058,29/07/26 07:44
148560318767,72904,268331312,29/07/26 07:44
148559605559,9075,25290515,29/07/26 07:44
148559612234,104,272448035,29/07/26 07:44
148563425375,73271,194690246,29/07/26 07:44
148559716713,26100,272448100,29/07/26 07:44
148559354085,77970,38107956,29/07/26 07:44
148559708859,181662,248106296,29/07/26 07:44
148559725734,219336,85084483,29/07/26 07:44
148559477152,106219,269891422,29/07/26 07:44
148559604785,133820,272448014,29/07/26 07:44
148559490046,3907,150897229,29/07/26 07:44
148559364213,17568,207899370,29/07/26 07:44
148499540163,15656,125624518,29/07/26 07:44
148558963846,220938,244517527,29/07/26 07:44
148559713459,2747,98329979,29/07/26 07:44
148563422113,84907,272451812,29/07/26 07:44
148559360313,190596,272447811,29/07/26 07:44
148558958475,22486,57675218,29/07/26 07:44
148563424775,5681,272131120,29/07/26 07:44
148559367975,69363,146491827,29/07/26 07:44
148563422952,445713,243293139,29/07/26 07:44
148558951195,650440,272447507,29/07/26 07:44
148558961485,136856,272447215,29/07/26 07:44
148559608813,2140,272448026,29/07/26 07:44
148558940775,43609,272447524,29/07/26 07:44
148559489952,69019,12980708,29/07/26 07:44
148559712567,20242,250248723,29/07/26 07:44
148559726046,154345,75699762,29/07/26 07:44
148563407785,160839,84718091,29/07/26 07:44
148558964234,6242,272447442,29/07/26 07:44
148559606963,189401,272448019,29/07/26 07:44
148559704434,105046,272448076,29/07/26 07:44
148563345534,194820,141597077,29/07/26 07:44
148558961867,184292,5183848,29/07/26 07:44
148548150975,184887,8260567,29/07/26 07:44
148559709375,78257,110096836,29/07/26 07:44
148563265834,657174,70811427,29/07/26 07:44
148559366667,132887,133670030,29/07/26 07:44
148563421163,85957,97580934,29/07/26 07:44
148558956413,445774,272138513,29/07/26 07:44
148559705013,21053,255175177,29/07/26 07:44
148559085834,89768,272447493,29/07/26 07:44
148558948034,1408,246480287,29/07/26 07:44
148559365452,222817,145811070,29/07/26 07:44
148558958267,147205,36851523,29/07/26 07:44
148558950567,140740,272348326,29/07/26 07:44
148559356934,5530,272447821,29/07/26 07:44
148559706959,193867,199337053,29/07/26 07:44
148558951252,179778,272346732,29/07/26 07:44
148563174946,22727,213994272,29/07/26 07:44
148559364334,55782,131019164,29/07/26 07:44
148558951559,35673,272447497,29/07/26 07:44
148559091767,80171,8863850,29/07/26 07:44
148559367134,30144,224650307,29/07/26 07:44
148559365763,101773,249378523,29/07/26 07:44
148558949834,15070,182575265,29/07/26 07:44
148558948352,279058,272447419,29/07/26 07:44
148561134534,31311,271173683,29/07/26 07:44
148558958959,225975,58230051,29/07/26 07:44
148558952659,20974,141121507,29/07/26 07:44
148559219467,24142,256737779,29/07/26 07:44
148562955652,183235,272451323,29/07/26 07:44
148563186675,659485,272451575,29/07/26 07:44
148562956063,145128,19373726,29/07/26 07:44
148562957863,216875,268025153,29/07/26 07:44
148558041863,36998,109245974,29/07/26 07:44
148559485052,139559,262938541,29/07/26 07:44
148558955363,137709,180003765,29/07/26 07:44
148563036563,35371,128414917,29/07/26 07:44
148563424234,69680,224339492,29/07/26 07:44
148563354634,4395,272451777,29/07/26 07:44
148563414367,160085,272451815,29/07/26 07:44
148558950452,78014,16562650,29/07/26 07:44
148558953252,142154,9952670,29/07/26 07:44
148559363163,562,30943757,29/07/26 07:44
148559355634,258391,224997228,29/07/26 07:44
148558955985,169541,109029111,29/07/26 07:44
148558957834,25884,247164506,29/07/26 07:44
148563247246,184871,272451638,29/07/26 07:44
148558947463,95308,43720821,29/07/26 07:44
148558955113,179585,250654506,29/07/26 07:44
148563190675,119118,188803306,29/07/26 07:44
148562957359,1262,25602414,29/07/26 07:44
148559364152,235858,272447810,29/07/26 07:44
148558949495,32494,224577480,29/07/26 07:44
148563337134,28937,55423373,29/07/26 07:44
148563083385,28733,106881761,29/07/26 07:44
148562958546,204414,124829313,29/07/26 07:44
148559230975,6218,272447158,29/07/26 07:44
148558953152,56035,8628133,29/07/26 07:44
148558933875,118962,264240221,29/07/26 07:44
148563250967,39182,9390583,29/07/26 07:44
148559710885,50721,272448088,29/07/26 07:44
148563433395,194943,47575919,29/07/26 07:44
148558945052,163764,220331351,29/07/26 07:44
148563186175,224667,272451573,29/07/26 07:44
148563411952,217613,264099690,29/07/26 07:44
148563335763,20717,272451734,29/07/26 07:44
148563185946,166857,258022868,29/07/26 07:44
148563427875,178259,38808505,29/07/26 07:44
148558946563,7123,35174404,29/07/26 07:44
148563186467,186723,8466576,29/07/26 07:44
148563428595,31625,63366016,29/07/26 07:44
148563188995,32739,65694666,29/07/26 07:44
148558942263,99665,201892110,29/07/26 07:44
148561600595,179987,271128896,29/07/26 07:44
148563423634,193975,270142206,29/07/26 07:44
148559365152,161707,34022864,29/07/26 07:44
148563191575,218842,230458794,29/07/26 07:44
148558941859,142049,52476833,29/07/26 07:44
148563427334,138764,74587535,29/07/26 07:44
148558949046,55197,42558809,29/07/26 07:44
148563107934,7245,11992061,29/07/26 07:44
148559062346,650587,249703026,29/07/26 07:44
148563424563,181701,12116397,29/07/26 07:44
148561092575,162869,271369662,29/07/26 07:44
148563347267,136740,253257164,29/07/26 07:44
148563427263,21536,94715610,29/07/26 07:44
148558952752,139488,38368577,29/07/26 07:44
148563190363,279058,267176994,29/07/26 07:44
148561261675,126590,271041343,29/07/26 07:44
148562966646,10497,240463599,29/07/26 07:44
148563272259,157216,122176879,29/07/26 07:44
148526872734,95432,213558496,29/07/26 07:44
148563265934,151348,268127550,29/07/26 07:44
148563434275,112009,106901900,29/07/26 07:44
148563432163,181579,131628943,29/07/26 07:44
148563416167,98773,103505303,29/07/26 07:45
148493728352,215984,74817451,29/07/26 07:45
148561543534,9786,270529961,29/07/26 07:45
148563272752,74326,163616173,29/07/26 07:45
148559220013,176026,138662653,29/07/26 07:45
148563431675,650098,225788518,29/07/26 07:45
148563428934,825,232855118,29/07/26 07:45
148562958275,181096,272451354,29/07/26 07:45
148562956552,443586,272451347,29/07/26 07:45
148563425659,208728,6483785,29/07/26 07:45
148561677313,94923,270485232,29/07/26 07:45
148563415252,41268,65417509,29/07/26 07:45
148547152413,39043,52858050,29/07/26 07:45
148559359934,106165,272447830,29/07/26 07:45
148559721513,168378,203600990,29/07/26 07:45
148559475913,180803,49214779,29/07/26 07:45
148559707185,186827,43264897,29/07/26 07:45
148559473452,752,87073902,29/07/26 07:45
148559473952,178189,55705866,29/07/26 07:45
148559473375,95986,38732846,29/07/26 07:45
148559639963,12226,272448065,29/07/26 07:45
148535754834,29456,30370285,29/07/26 07:45
148559710267,85002,258098542,29/07/26 07:45
148559469795,1826,39693584,29/07/26 07:45
148559702895,217453,107870245,29/07/26 07:45
148559715146,145522,129660643,29/07/26 07:45
148559617252,445988,248904881,29/07/26 07:45
148559541667,78882,140703140,29/07/26 07:45
148559702059,33594,197168790,29/07/26 07:45
148559466652,115644,272447892,29/07/26 07:45
148559709695,116424,271172724,29/07/26 07:45
148559596467,72685,272230211,29/07/26 07:45
148559569759,20956,25896715,29/07/26 07:45
148559603013,65661,231505780,29/07/26 07:45
148559576663,50208,51166164,29/07/26 07:45
148559521375,161707,30214105,29/07/26 07:45
148563352159,21894,114852316,29/07/26 07:45
148559467075,69611,58211089,29/07/26 07:45
148559595459,132708,77822114,29/07/26 07:45
148559497413,651307,95735816,29/07/26 07:45
148563443334,141966,231414965,29/07/26 07:45
148559621485,16807,272448052,29/07/26 07:45
148563439895,179494,272451869,29/07/26 07:45
148559715063,236824,228148239,29/07/26 07:45
148559560385,5145,268449121,29/07/26 07:45
148547923959,44742,115595063,29/07/26 07:45
148559352885,123759,114050860,29/07/26 07:45
148561516075,40493,270976007,29/07/26 07:45
148559598967,9722,68510094,29/07/26 07:45
148559704795,110148,272447371,29/07/26 07:45
148559702675,33708,255848685,29/07/26 07:45
148559468267,185721,184607089,29/07/26 07:45
148558921513,28863,272447483,29/07/26 07:45
148559702934,191608,67549955,29/07/26 07:45
148559071967,33675,272447482,29/07/26 07:45
148559560052,11742,223568920,29/07/26 07:45
148558932375,180104,239910299,29/07/26 07:45
148559446475,164956,25635810,29/07/26 07:45
148559355195,23326,69993179,29/07/26 07:45
148558940567,20873,56526574,29/07/26 07:45
148559718313,37848,270909553,29/07/26 07:45
148558605634,192424,189628234,29/07/26 07:45
148559347185,152862,7021955,29/07/26 07:45
148558921795,10552,272447468,29/07/26 07:45
148563188375,445056,80450389,29/07/26 07:45
148559344885,37846,140609802,29/07/26 07:45
148558672552,183031,43633468,29/07/26 07:45
148559346734,180406,191666788,29/07/26 07:45
148504484934,96540,159484627,29/07/26 07:45
148559350163,10793,239991803,29/07/26 07:45
148559346313,187642,272447791,29/07/26 07:45
148563195475,104879,29715870,29/07/26 07:45
148559352375,20462,213273964,29/07/26 07:45
148563192259,153456,272451572,29/07/26 07:45
148559353867,141391,137762178,29/07/26 07:45
148558926895,68910,163135773,29/07/26 07:45
148558946313,179257,145713132,29/07/26 07:45
148563425575,99386,272451831,29/07/26 07:45
148563188495,78095,272451591,29/07/26 07:45
148563192763,34988,9576975,29/07/26 07:45
148558923959,3992,199482541,29/07/26 07:45
148558929913,14423,158135952,29/07/26 07:45
148558901959,23336,121750763,29/07/26 07:45
148558953634,38674,53002971,29/07/26 07:45
148558916252,136575,272372653,29/07/26 07:45
148563189567,9276,96844988,29/07/26 07:45
148559356652,107229,66206467,29/07/26 07:45
148559345775,1253,110297512,29/07/26 07:45
148558872667,150958,26806732,29/07/26 07:45
148559259363,65841,62500982,29/07/26 07:45
148558928675,259131,272447477,29/07/26 07:45
148558934246,180898,90629917,29/07/26 07:45
148558920813,7752,21394012,29/07/26 07:45
148558873146,650106,231133420,29/07/26 07:45
148563197085,7530,18986881,29/07/26 07:45
148559341052,50022,104817961,29/07/26 07:45
148558909263,179475,272447484,29/07/26 07:45
148559348795,652220,272447759,29/07/26 07:45
148559464346,189192,272447885,29/07/26 07:45
148559296385,126319,139392569,29/07/26 07:45
148559350052,22736,270724801,29/07/26 07:45
148559332275,365191,38145701,29/07/26 07:45
148562958034,36520,272451327,29/07/26 07:45
148563431546,27304,272451845,29/07/26 07:45
148559708375,177565,188604670,29/07/26 07:45
148558996267,205971,272447480,29/07/26 07:45
148559339175,31212,74745351,29/07/26 07:45
148559339563,145580,124198870,29/07/26 07:45
148563466795,3367,259844704,29/07/26 07:45
148559710785,191207,240840983,29/07/26 07:45
148563268059,2275,107805795,29/07/26 07:45
148558923334,183430,116770215,29/07/26 07:45
148559333013,444510,197443805,29/07/26 07:45
148558924059,55875,271475870,29/07/26 07:45
148559330952,96506,272447763,29/07/26 07:45
148559320985,23332,182684854,29/07/26 07:45
148558926752,186135,25242870,29/07/26 07:45
148559345952,53584,36952722,29/07/26 07:45
148558896863,25003,229211309,29/07/26 07:45
148558931785,156306,250385322,29/07/26 07:45
148563432485,105916,272451840,29/07/26 07:45
148563195159,160927,10745258,29/07/26 07:45
148558896195,50217,109708337,29/07/26 07:45
148558923113,154969,9521780,29/07/26 07:45
148561570252,2026,270484732,29/07/26 07:45
148563436695,182445,136284271,29/07/26 07:45
148500808167,251,110571831,29/07/26 07:45
148499354546,192306,45904887,29/07/26 07:45
148562964885,259131,272451344,29/07/26 07:45
148563271195,192225,146915210,29/07/26 07:45
148563439095,445319,272451730,29/07/26 07:45
148563325259,186821,152997256,29/07/26 07:45
148563252159,149091,83916832,29/07/26 07:45
148563436746,19783,242546234,29/07/26 07:45
148563428175,4949,117620180,29/07/26 07:45
148563291634,145419,159618574,29/07/26 07:45
148561409552,444900,270247237,29/07/26 07:45
148561224613,224943,270296445,29/07/26 07:45
148563362967,22408,271078484,29/07/26 07:46
148561478275,137687,270202522,29/07/26 07:46
148563472234,204777,118830536,29/07/26 07:46
148563441534,208732,80971642,29/07/26 07:46
148563426575,180875,272451833,29/07/26 07:46
148563015385,653812,272451340,29/07/26 07:46
148561699067,27304,269916839,29/07/26 07:46
148563197167,105656,271988804,29/07/26 07:46
148563193634,144519,272451546,29/07/26 07:46
148563493795,4805,263393977,29/07/26 07:46
148561261775,445774,270054191,29/07/26 07:46
148563493895,179669,271911336,29/07/26 07:46
148563494095,180204,272451693,29/07/26 07:46
148563329967,56040,270871942,29/07/26 07:46
148563493934,126590,272037644,29/07/26 07:46
148563196695,33998,255540671,29/07/26 07:46
148562967685,1574,272451365,29/07/26 07:46
148562967185,3345,78207107,29/07/26 07:46
148559463459,11153,20212665,29/07/26 07:46
148562966959,216510,228758468,29/07/26 07:46
148559461352,105901,239754902,29/07/26 07:46
148562967059,227014,272451362,29/07/26 07:46
148559616695,32829,48285344,29/07/26 07:46
148559627467,8861,267345288,29/07/26 07:46
148559457459,217480,138643785,29/07/26 07:46
148558837495,203656,272447474,29/07/26 07:46
148563404167,50284,7411353,29/07/26 07:46
148559465267,5932,84259870,29/07/26 07:46
148559489352,44760,272447933,29/07/26 07:46
148563193559,167528,224027439,29/07/26 07:46
148559592763,656894,272075052,29/07/26 07:46
148559499767,4752,138580269,29/07/26 07:46
148559593295,180344,218905149,29/07/26 07:46
148559412595,37162,16206672,29/07/26 07:46
148559459946,55753,12134958,29/07/26 07:46
148559730513,80941,237118918,29/07/26 07:46
148559645275,153558,19222102,29/07/26 07:46
148559611059,73221,149206970,29/07/26 07:46
148559618495,32311,272448049,29/07/26 07:46
148559612113,105844,233437547,29/07/26 07:46
148559625795,189350,97890970,29/07/26 07:46
148559612567,163224,252277508,29/07/26 07:46
148559620859,178791,83920969,29/07/26 07:46
148559368313,10944,272447848,29/07/26 07:46
148559472263,162545,22985936,29/07/26 07:46
148544664075,39410,271107496,29/07/26 07:46
148559392885,445939,3123848,29/07/26 07:46
148559626263,20956,37456239,29/07/26 07:46
148559500446,13478,272447956,29/07/26 07:46
148559494063,96541,3852907,29/07/26 07:46
148559622534,53698,146748987,29/07/26 07:46
148559625295,187720,268987409,29/07/26 07:46
148559816263,10868,256483468,29/07/26 07:46
148543211852,208085,54418666,29/07/26 07:46
148559377213,126640,120656213,29/07/26 07:46
148546989285,189249,248619913,29/07/26 07:46
148562967313,40841,77220360,29/07/26 07:46
148562966775,105359,243451135,29/07/26 07:46
148559618752,31054,42488946,29/07/26 07:46
148559620213,157576,241298321,29/07/26 07:46
148563437163,184868,272451864,29/07/26 07:46
148547283963,107878,125514137,29/07/26 07:46
148561600413,184663,269227863,29/07/26 07:46
148563238795,167035,272449418,29/07/26 07:46
148547454063,183472,272437921,29/07/26 07:46
148559625046,39901,134295588,29/07/26 07:46
148548078046,35420,184224391,29/07/26 07:46
148562981413,146167,258389513,29/07/26 07:46
148559450785,183343,43914218,29/07/26 07:46
148563353859,12595,272451774,29/07/26 07:46
148547887113,22941,187346800,29/07/26 07:46
148559617134,150499,106256433,29/07/26 07:46
148496844013,42491,140509048,29/07/26 07:46
148561515567,445109,270099905,29/07/26 07:46
148563435059,95559,184350260,29/07/26 07:46
148558832775,84571,272447434,29/07/26 07:46
148559709134,53056,254642148,29/07/26 07:46
148558837034,1218,223336104,29/07/26 07:46
148563468067,40321,272451874,29/07/26 07:46
148558834134,147949,48260777,29/07/26 07:46
148559081852,167420,189109252,29/07/26 07:46
148558835713,27304,39352000,29/07/26 07:46
148558838259,161726,69378439,29/07/26 07:46
148558837795,190137,216663003,29/07/26 07:46
148559238763,34465,136348238,29/07/26 07:46
148559608934,21546,198768544,29/07/26 07:46
148563330375,84574,272451723,29/07/26 07:46
148559921495,16620,272447945,29/07/26 07:46
148559704895,44870,268512694,29/07/26 07:46
148563007613,158941,123450435,29/07/26 07:46
148559241675,192770,202593117,29/07/26 07:46
148559238559,193593,79744417,29/07/26 07:46
148558843734,657159,111946751,29/07/26 07:46
148560135613,220244,154687277,29/07/26 07:46
148563040985,159650,105160904,29/07/26 07:46
148563245413,86284,272451633,29/07/26 07:46
148563245252,189961,11713800,29/07/26 07:46
148558837934,279058,152876257,29/07/26 07:46
148558822185,8685,272447439,29/07/26 07:46
148559239367,13018,243766159,29/07/26 07:46
148558831475,189155,90328671,29/07/26 07:46
148559284613,10443,146133750,29/07/26 07:46
148563439763,156441,272451868,29/07/26 07:46
148563015259,183472,101465520,29/07/26 07:46
148559029085,189410,272447461,29/07/26 07:46
148559245875,122454,104068465,29/07/26 07:46
148558838095,39204,229509205,29/07/26 07:46
148563244246,39084,272103906,29/07/26 07:46
148558834285,35195,105996298,29/07/26 07:46
148558838813,87663,225513033,29/07/26 07:46
148563405485,191234,148836469,29/07/26 07:46
148558832975,4089,91633134,29/07/26 07:46
148558528863,55371,272447114,29/07/26 07:46
148563244895,179822,263078641,29/07/26 07:46
148559242463,50721,270762317,29/07/26 07:46
148562849434,21405,220217843,29/07/26 07:46
148563214475,154471,254597240,29/07/26 07:46
148559241013,220968,235632704,29/07/26 07:46
148563500485,4989,64092602,29/07/26 07:46
148563025685,141655,201298345,29/07/26 07:46
148563246334,36913,138453429,29/07/26 07:46
148558832113,180666,82478608,29/07/26 07:46
148563023213,12000,108133357,29/07/26 07:46
148563206646,32456,61223216,29/07/26 07:46
148563426485,215888,50944077,29/07/26 07:46
148563012163,143742,40947527,29/07/26 07:46
148563221485,10548,13322499,29/07/26 07:46
148563243967,113976,272451626,29/07/26 07:46
148563016946,5190,272451377,29/07/26 07:46
148563332163,22643,130834980,29/07/26 07:46
148558830446,177712,213302256,29/07/26 07:46
148547271695,5056,263578359,29/07/26 07:46
148547424652,187661,24145192,29/07/26 07:46
148563003259,222982,14100009,29/07/26 07:46
148558388334,7747,157574307,29/07/26 07:46
148558832685,64867,182182054,29/07/26 07:46
148563498995,192647,211092709,29/07/26 07:46
148563014195,221488,272451391,29/07/26 07:46
148558831975,43871,127456837,29/07/26 07:46
148558838167,33882,189671234,29/07/26 07:46
148563011985,651731,78847752,29/07/26 07:46
148558830875,11200,248671257,29/07/26 07:46
148559243434,445004,272012082,29/07/26 07:46
148563014559,41521,272451363,29/07/26 07:46
148563244046,165143,272451616,29/07/26 07:46
148559183395,445776,266658704,29/07/26 07:46
148563244652,168275,33972509,29/07/26 07:46
148558938952,87669,210487061,29/07/26 07:46
148563243713,166960,272451582,29/07/26 07:46
148558830375,29988,247398257,29/07/26 07:46
148563432367,138050,132277165,29/07/26 07:46
148561649875,176586,267773972,29/07/26 07:46
148563495075,374193,242481168,29/07/26 07:47
148563437246,65152,270954722,29/07/26 07:47
148563440175,141289,183666251,29/07/26 07:47
148563429863,50721,49562280,29/07/26 07:47
148563438734,11688,272451867,29/07/26 07:47
148563410675,95295,1453827,29/07/26 07:47
148560397359,819,266849694,29/07/26 07:47
148563442575,184317,210178298,29/07/26 07:47
148561779534,12549,267179841,29/07/26 07:47
148559373352,11819,191371218,29/07/26 07:47
148559375775,650263,50271429,29/07/26 07:47
148559372146,6042,82484820,29/07/26 07:47
148559610059,108117,271934358,29/07/26 07:47
148559608034,95362,89497269,29/07/26 07:47
148559605859,192421,252844914,29/07/26 07:47
148563439967,204765,202674659,29/07/26 07:47
148559366459,39831,272447842,29/07/26 07:47
148559618595,5714,127342719,29/07/26 07:47
148559545352,126203,272447975,29/07/26 07:47
148559376667,105085,92238488,29/07/26 07:47
148559360959,7066,80481624,29/07/26 07:47
148496461875,164275,3663968,29/07/26 07:47
148559368485,23635,255657219,29/07/26 07:47
148559601813,26941,51784272,29/07/26 07:47
148559377085,6059,272447863,29/07/26 07:47
148559355275,167833,64862447,29/07/26 07:47
148559359534,12031,120582540,29/07/26 07:47
148559475646,191816,52425539,29/07/26 07:47
148559358252,165899,272447823,29/07/26 07:47
148559600263,37456,84983641,29/07/26 07:47
148558823459,84180,272447428,29/07/26 07:47
148559482595,188625,236185100,29/07/26 07:47
148559498567,175540,35266278,29/07/26 07:47
148559366134,40297,187147894,29/07/26 07:47
148559602652,164651,272447908,29/07/26 07:47
148559491395,81188,70952077,29/07/26 07:47
148559479046,95925,239710915,29/07/26 07:47
148563496934,9029,114874426,29/07/26 07:47
148559594175,31963,49712628,29/07/26 07:47
148559365975,101095,93924104,29/07/26 07:47
148559605146,10472,117920380,29/07/26 07:47
148559604834,445240,217398553,29/07/26 07:47
148559467663,185263,272447894,29/07/26 07:47
148559594067,118962,224729603,29/07/26 07:47
148563501463,184971,188049463,29/07/26 07:47
148559600067,19142,93072639,29/07/26 07:47
148559483263,31500,13006552,29/07/26 07:47
148559603259,186514,271348744,29/07/26 07:47
148559602334,144511,44519466,29/07/26 07:47
148559606013,165561,251079489,29/07/26 07:47
148559537975,112493,156190891,29/07/26 07:47
148563499034,74602,28379338,29/07/26 07:47
148559624446,218070,189005265,29/07/26 07:47
148559616267,654788,14020938,29/07/26 07:47
148558821746,191490,102891045,29/07/26 07:47
148563248334,10153,192249773,29/07/26 07:47
148563496267,182502,116906659,29/07/26 07:47
148558896095,220296,91577663,29/07/26 07:47
148559682659,28704,153651793,29/07/26 07:47
148559473513,289341,253910317,29/07/26 07:47
148563253075,167035,271859330,29/07/26 07:47
148558971659,161287,57588199,29/07/26 07:47
148558813795,95201,68800197,29/07/26 07:47
148563410367,184971,240120465,29/07/26 07:47
148559366885,37520,272447730,29/07/26 07:47
148559816513,187760,269076001,29/07/26 07:47
148558827685,105908,268455667,29/07/26 07:47
148558818563,141966,272447425,29/07/26 07:47
148559364467,6029,272447072,29/07/26 07:47
148559219985,147593,84787599,29/07/26 07:47
148558815895,28936,15553268,29/07/26 07:47
148559226967,186525,97929020,29/07/26 07:47
148559226613,87579,154449806,29/07/26 07:47
148559219695,209868,149373882,29/07/26 07:47
148559229867,6542,51046145,29/07/26 07:47
148558811363,25765,124544028,29/07/26 07:47
148558814459,3267,90033735,29/07/26 07:47
148559220575,44785,15890071,29/07/26 07:47
148558820413,41222,74839911,29/07/26 07:47
148558350613,65551,264010350,29/07/26 07:47
148559229667,164654,128825758,29/07/26 07:47
148558835595,445988,272446691,29/07/26 07:47
148559221846,35761,77259507,29/07/26 07:47
148558823234,74336,108774615,29/07/26 07:47
148558819552,186215,272447279,29/07/26 07:47
148559235775,73521,250127695,29/07/26 07:47
148559219885,655130,78539244,29/07/26 07:47
148558814946,80941,34869608,29/07/26 07:47
148559235885,5896,250654034,29/07/26 07:47
148559228975,186214,5504160,29/07/26 07:47
148559224285,73171,96175637,29/07/26 07:47
148563019463,7240,129450425,29/07/26 07:47
148563018767,26955,272451404,29/07/26 07:47
148561236359,182975,266828770,29/07/26 07:47
148563018485,10019,192299881,29/07/26 07:47
148559089875,65643,272446982,29/07/26 07:47
148563251352,208790,83197748,29/07/26 07:47
148558811063,650199,264212262,29/07/26 07:47
148558811746,279058,233427284,29/07/26 07:47
148559220434,113654,185125383,29/07/26 07:47
148559220759,118281,68283356,29/07/26 07:47
148563018963,9182,245178758,29/07/26 07:47
148558828034,13153,272447445,29/07/26 07:47
148559234859,147981,250216947,29/07/26 07:47
148558819734,168563,137845296,29/07/26 07:47
148563195863,181452,151980638,29/07/26 07:47
148558810285,38613,1445868,29/07/26 07:47
148563018113,20408,27646580,29/07/26 07:47
148563441767,24523,150097586,29/07/26 07:47
148559225767,445774,51911386,29/07/26 07:47
148537255667,1262,185839020,29/07/26 07:47
148563251134,156195,53648574,29/07/26 07:47
148563020234,184284,272451318,29/07/26 07:47
148561490434,23709,266621008,29/07/26 07:47
148562832267,445006,270999626,29/07/26 07:47
148563339075,42769,74189481,29/07/26 07:47
148563497446,189643,253806583,29/07/26 07:47
148563505185,20607,99279070,29/07/26 07:47
148561543495,444530,266725651,29/07/26 07:47
148563405067,115,203819856,29/07/26 07:47
148563498134,208728,229959686,29/07/26 07:47
148560938375,134235,257380154,29/07/26 07:47
148563340975,186620,113517794,29/07/26 07:47
148563501234,158120,272451889,29/07/26 07:47
148563343395,18210,89527716,29/07/26 07:47
148561373963,445870,255865046,29/07/26 07:48
148563496385,183631,243937364,29/07/26 07:48
148563500934,27304,272451888,29/07/26 07:48
148563496552,180331,123520451,29/07/26 07:48
148563373234,2627,272451782,29/07/26 07:48
148563322075,656145,272451711,29/07/26 07:48
148563507152,220150,129053046,29/07/26 07:48
148563502095,181656,115894791,29/07/26 07:48
148561758846,35591,255437036,29/07/26 07:48
148563340646,2627,243242932,29/07/26 07:48
148563503867,187509,131742903,29/07/26 07:48
148559432767,618,214022468,29/07/26 07:48
148559474652,174844,270292737,29/07/26 07:48
148559474446,22211,19285371,29/07/26 07:48
148559500085,87668,200053065,29/07/26 07:48
148559348246,442690,236972335,29/07/26 07:48
148559499859,68030,272447954,29/07/26 07:48
148559487185,4941,272447929,29/07/26 07:48
148559475385,182156,244725178,29/07/26 07:48
148538320046,187691,256916795,29/07/26 07:48
148559592175,180287,189459498,29/07/26 07:48
148559351685,34946,225122922,29/07/26 07:48
148559350767,414579,72585145,29/07/26 07:48
148559354395,223869,146949492,29/07/26 07:48
148559350252,141301,119357015,29/07/26 07:48
148559342513,27670,82763543,29/07/26 07:48
148559464446,208732,145439405,29/07/26 07:48
148559742152,5056,65111966,29/07/26 07:48
148559493095,659497,272231687,29/07/26 07:48
148559350359,144642,155683913,29/07/26 07:48
148559534167,50620,65630607,29/07/26 07:48
148559349975,12757,203514849,29/07/26 07:48
148559586346,443448,136468639,29/07/26 07:48
148559346559,43516,21674783,29/07/26 07:48
148563343146,189356,236308866,29/07/26 07:48
148559356885,180006,105917036,29/07/26 07:48
148559343246,29429,234988535,29/07/26 07:48
148559481613,10360,17248050,29/07/26 07:48
148559535695,156686,99052271,29/07/26 07:48
148559493746,165154,272447940,29/07/26 07:48
148559547367,146545,272447778,29/07/26 07:48
148563426834,182817,272451837,29/07/26 07:48
148559457552,142144,28611061,29/07/26 07:48
148558805885,192225,97861695,29/07/26 07:48
148559601395,180315,61053663,29/07/26 07:48
148559562495,135705,30558492,29/07/26 07:48
148559450185,180383,240424660,29/07/26 07:48
148559530952,11293,269038874,29/07/26 07:48
148558481646,141280,127910684,29/07/26 07:48
148557833985,6408,103860534,29/07/26 07:48
148558804685,9792,142793820,29/07/26 07:48
148563258352,50351,199548719,29/07/26 07:48
148561515195,189185,253453934,29/07/26 07:48
148559212352,204868,10773407,29/07/26 07:48
148559347795,205135,46012832,29/07/26 07:48
148559459663,122215,16098934,29/07/26 07:48
148559486167,43,265183554,29/07/26 07:48
148558816359,208840,53416110,29/07/26 07:48
148558283967,157027,27709590,29/07/26 07:48
148559219152,74969,72304478,29/07/26 07:48
148558819695,180748,112154524,29/07/26 07:48
148542385475,42145,245449983,29/07/26 07:48
148563508134,105844,272451909,29/07/26 07:48
148563257613,5884,272451659,29/07/26 07:48
148558957734,21432,201897508,29/07/26 07:48
148558332067,379,91043991,29/07/26 07:48
148559213846,445774,129164191,29/07/26 07:48
148559595575,50699,48932714,29/07/26 07:48
148563345095,11370,147978376,29/07/26 07:48
148558789475,23948,163597805,29/07/26 07:48
148558805275,35137,266511219,29/07/26 07:48
148557831367,215042,272446623,29/07/26 07:48
148559215985,21278,247953790,29/07/26 07:48
148558684763,95590,192476056,29/07/26 07:48
148558332875,185301,253282767,29/07/26 07:48
148559212459,53698,103391589,29/07/26 07:48
148558801895,650199,34500465,29/07/26 07:48
148558806575,230108,97197044,29/07/26 07:48
148558929634,10616,272447391,29/07/26 07:48
148558799213,38089,191973676,29/07/26 07:48
148563026467,41856,111619537,29/07/26 07:48
148563500063,107869,214401010,29/07/26 07:48
148558761059,53201,100937192,29/07/26 07:48
148563025159,188162,272372454,29/07/26 07:48
148559126485,185699,72249430,29/07/26 07:48
148558803685,135879,252202189,29/07/26 07:48
148558803467,68083,203509548,29/07/26 07:48
148563024146,55247,159792340,29/07/26 07:48
148558915146,227398,218923394,29/07/26 07:48
148559123275,445776,272446695,29/07/26 07:48
148559138175,235657,103669511,29/07/26 07:48
148559211875,22621,272447679,29/07/26 07:48
148558801734,190221,127939808,29/07/26 07:48
148558801046,84377,54626469,29/07/26 07:48
148559210552,445774,272447669,29/07/26 07:48
148558728167,30673,255921794,29/07/26 07:48
148563022934,141286,134093468,29/07/26 07:48
148563105485,166193,140050184,29/07/26 07:48
148563022385,193424,19296417,29/07/26 07:48
148559206285,9075,250215436,29/07/26 07:48
148563345885,178575,5740833,29/07/26 07:48
148563106385,20036,35543438,29/07/26 07:48
148558699646,229820,183928147,29/07/26 07:48
148563259152,235552,108902246,29/07/26 07:48
148563510646,187261,272451912,29/07/26 07:48
148559203585,139524,25724791,29/07/26 07:48
148563027095,87558,184310306,29/07/26 07:48
148558686567,34571,144996178,29/07/26 07:48
148563257359,188172,110939406,29/07/26 07:48
148558762246,656172,190825785,29/07/26 07:48
148563256167,658716,272451648,29/07/26 07:48
148563507763,6222,160563323,29/07/26 07:48
148559209113,6247,76401719,29/07/26 07:48
148560220752,221422,160579983,29/07/26 07:48
148563502552,34787,61916582,29/07/26 07:48
148510694759,783,80865235,29/07/26 07:48
148557876634,4478,264894362,29/07/26 07:48
148561373667,3736,246376557,29/07/26 07:48
148558808667,217457,272447401,29/07/26 07:48
148563023175,258716,40305685,29/07/26 07:48
148563517234,174022,146636787,29/07/26 07:48
148563256863,445988,272103270,29/07/26 07:48
148561650052,16510,241965644,29/07/26 07:48
148559167595,33675,272447032,29/07/26 07:48
148563260767,132155,87977280,29/07/26 07:48
148559138446,225369,264666071,29/07/26 07:48
148563425146,189230,199427293,29/07/26 07:48
148558805934,14213,240799295,29/07/26 07:48
148563430052,40971,255036354,29/07/26 07:48
148561738613,138829,241159942,29/07/26 07:48
148563516895,6682,11114393,29/07/26 07:48
148563024695,17194,272451407,29/07/26 07:48
148563429634,161034,39085476,29/07/26 07:48
148559211046,166377,222315724,29/07/26 07:48
148563516695,111375,251858248,29/07/26 07:48
148563335663,160856,2170524,29/07/26 07:48
148561649967,120988,239386381,29/07/26 07:48
148563509959,100076,272451891,29/07/26 07:48
148563512352,135712,222727324,29/07/26 07:49
148509450175,139360,223503678,29/07/26 07:49
148563409295,192225,242344784,29/07/26 07:49
148560302775,214689,238589341,29/07/26 07:49
148563518563,181390,191983255,29/07/26 07:49
148563519046,164501,272451934,29/07/26 07:49
148563023785,186632,272451415,29/07/26 07:49
148559278313,190809,266132368,29/07/26 07:49
148559331985,27939,8887156,29/07/26 07:49
148559498185,147042,26286998,29/07/26 07:49
148559492759,222315,41677941,29/07/26 07:49
148559463013,1211,119960085,29/07/26 07:49
148559481995,9276,265223127,29/07/26 07:49
148559508375,182500,39302980,29/07/26 07:49
148559486985,42457,97150298,29/07/26 07:49
148559104667,187905,119207876,29/07/26 07:49
148559331475,143856,78378112,29/07/26 07:49
148559393646,179550,51574205,29/07/26 07:49
148559374485,17147,272447860,29/07/26 07:49
148559499352,183405,38807071,29/07/26 07:49
148559495395,180666,8026811,29/07/26 07:49
148559309795,86361,124415168,29/07/26 07:49
148549453213,26527,269416955,29/07/26 07:49
148559482159,139794,272447920,29/07/26 07:49
148559493967,735,128750287,29/07/26 07:49
148559109752,444987,272447656,29/07/26 07:49
148523366285,43243,15745562,29/07/26 07:49
148559371134,188772,272447853,29/07/26 07:49
148559485446,6042,152480115,29/07/26 07:49
148561720152,442034,227137884,29/07/26 07:49
148559348559,656267,272447783,29/07/26 07:49
148559366034,3940,67628842,29/07/26 07:49
148559498885,20595,110142826,29/07/26 07:49
148559496334,442533,39155451,29/07/26 07:49
148559375434,101862,85846672,29/07/26 07:49
148548465467,65363,271950746,29/07/26 07:49
148559482385,222670,225833954,29/07/26 07:49
148559245763,29938,11641606,29/07/26 07:49
148559245313,16200,218964546,29/07/26 07:49
148559481813,184600,91312580,29/07/26 07:49
148559370859,185664,53062855,29/07/26 07:49
148559496995,187174,59373519,29/07/26 07:49
148559494275,222855,77948235,29/07/26 07:49
148559494675,2091,68051857,29/07/26 07:49
148559145285,158120,200272654,29/07/26 07:49
148559493813,41222,8416045,29/07/26 07:49
148558212913,30448,226892221,29/07/26 07:49
148559251134,156271,143802540,29/07/26 07:49
148563349885,38571,225479553,29/07/26 07:49
148559498234,650016,120615042,29/07/26 07:49
148559370095,180968,133272418,29/07/26 07:49
148559485952,23022,272397235,29/07/26 07:49
148525242846,147971,197376313,29/07/26 07:49
148559716167,143532,31942984,29/07/26 07:49
148559489113,132774,42258248,29/07/26 07:49
148563350546,143856,248086977,29/07/26 07:49
148557702652,111362,272325955,29/07/26 07:49
148559504559,175048,84032802,29/07/26 07:49
148559487485,141277,244724805,29/07/26 07:49
148563266963,87558,75808285,29/07/26 07:49
148559200967,30202,60586175,29/07/26 07:49
148558438185,17193,13888816,29/07/26 07:49
148559106446,187099,272447635,29/07/26 07:49
148559110052,55351,272447657,29/07/26 07:49
148563264534,5884,39444268,29/07/26 07:49
148559185546,650199,11019938,29/07/26 07:49
148559237252,192461,272447737,29/07/26 07:49
148549175085,139284,269847625,29/07/26 07:49
148558932713,36448,220433338,29/07/26 07:49
148558781034,144191,248350262,29/07/26 07:49
148563351595,96380,86544527,29/07/26 07:49
148557691446,114234,48456953,29/07/26 07:49
148558805659,116953,123284363,29/07/26 07:49
148563515352,8435,109384677,29/07/26 07:49
148558679395,85908,86184079,29/07/26 07:49
148558679246,189587,40373195,29/07/26 07:49
148558674675,175060,117375829,29/07/26 07:49
148563518363,153042,54342799,29/07/26 07:49
148563266667,2607,272038089,29/07/26 07:49
148558824934,5713,272446962,29/07/26 07:49
148563266252,95703,252836688,29/07/26 07:49
148563436567,136180,225560593,29/07/26 07:49
148559116685,160588,43104882,29/07/26 07:49
148563265463,182096,267831675,29/07/26 07:49
148558676963,77711,272447357,29/07/26 07:49
148558681367,183257,78334569,29/07/26 07:49
148563173995,9497,272451431,29/07/26 07:49
148559103834,55577,78219919,29/07/26 07:49
148558679459,172466,137846239,29/07/26 07:49
148563351967,50579,272098396,29/07/26 07:49
148563295663,188746,272451707,29/07/26 07:49
148558823367,189185,272447326,29/07/26 07:49
148558680813,2747,246641015,29/07/26 07:49
148558673513,74917,242768937,29/07/26 07:49
148558672413,151066,148542651,29/07/26 07:49
148563263963,4751,272148125,29/07/26 07:49
148558680195,205584,272447350,29/07/26 07:49
148558677713,650012,54028276,29/07/26 07:49
148559117052,167403,271586706,29/07/26 07:49
148558674967,11748,272155470,29/07/26 07:49
148563504267,126857,272451892,29/07/26 07:49
148563347675,115,272451760,29/07/26 07:49
148559105552,5940,268514092,29/07/26 07:49
148558964346,39831,133781689,29/07/26 07:49
148563261834,193973,209754127,29/07/26 07:49
148559107563,279058,272447492,29/07/26 07:49
148558672346,204051,229555020,29/07/26 07:49
148559549785,154554,184948396,29/07/26 07:49
148563266075,181531,244140296,29/07/26 07:49
148559107634,184971,217203999,29/07/26 07:49
148563264867,65200,103033618,29/07/26 07:49
148563261795,36270,130494030,29/07/26 07:49
148559110313,204658,136602770,29/07/26 07:49
148563525359,44707,113088567,29/07/26 07:49
148517607852,445356,195793216,29/07/26 07:49
148561650413,16135,226688242,29/07/26 07:49
148563511834,658891,105057690,29/07/26 07:49
148563264652,653955,272451670,29/07/26 07:49
148558674859,30019,91405098,29/07/26 07:49
148563520334,445551,64930617,29/07/26 07:49
148563261367,24500,91310995,29/07/26 07:49
148559113275,25250,196339085,29/07/26 07:49
148563518213,80760,57984908,29/07/26 07:49
148563317895,4070,60487530,29/07/26 07:49
148563511413,88382,272451885,29/07/26 07:49
148516420567,208201,254569303,29/07/26 07:49
148563512034,28880,272438609,29/07/26 07:49
148558674467,38009,269945101,29/07/26 07:49
148563511534,216342,272451898,29/07/26 07:49
148561720013,445776,224418029,29/07/26 07:49
148563507459,12786,272451903,29/07/26 07:49
148563406352,445988,264581032,29/07/26 07:49
148563518046,3175,263871961,29/07/26 07:49
148559104513,219024,79329862,29/07/26 07:49
148563352734,96149,10620515,29/07/26 07:49
148563430885,118986,272451844,29/07/26 07:49
148563507334,43202,272451902,29/07/26 07:50
148563520234,156361,271527850,29/07/26 07:50
148561373834,653176,216405205,29/07/26 07:50
148563354852,7851,107910035,29/07/26 07:50
148563504934,184221,272451896,29/07/26 07:50
148563505785,68911,272451895,29/07/26 07:50
148559243695,151069,158968131,29/07/26 07:50
148559490559,77808,114222104,29/07/26 07:50
148559241813,33378,272447505,29/07/26 07:50
148559240046,4924,272447749,29/07/26 07:50
148549971559,208762,257181148,29/07/26 07:50
148545656663,193614,108751357,29/07/26 07:50
148559367034,181436,265124609,29/07/26 07:50
148559360563,192164,12097302,29/07/26 07:50
148559462852,185002,107073617,29/07/26 07:50
148559465459,179732,272447889,29/07/26 07:50
148559240485,37346,110669381,29/07/26 07:50
148559474313,235764,272447912,29/07/26 07:50
148559487613,203640,86654658,29/07/26 07:50
148559236434,193097,38747043,29/07/26 07:50
148559241259,150614,264181028,29/07/26 07:50
148560230713,88143,146196276,29/07/26 07:50
148559463934,141391,49513430,29/07/26 07:50
148559356034,135647,272447815,29/07/26 07:50
148559471095,94827,268970982,29/07/26 07:50
148559366346,7238,25499543,29/07/26 07:50
148558670552,177708,205278539,29/07/26 07:50
148495061159,19878,106756899,29/07/26 07:50
148559357646,7816,198498770,29/07/26 07:50
148559460713,445058,139021976,29/07/26 07:50
148559236067,182185,159139029,29/07/26 07:50
148559236167,420,271763197,29/07/26 07:50
148559235459,148611,271196026,29/07/26 07:50
148559476759,442070,138385310,29/07/26 07:50
148559235013,658801,233204341,29/07/26 07:50
148534110575,107088,180765295,29/07/26 07:50
148559238334,179585,128503381,29/07/26 07:50
148559233995,184886,15033887,29/07/26 07:50
148530036675,41036,199630647,29/07/26 07:50
148559233763,188913,78884872,29/07/26 07:50
148560771095,138096,210627015,29/07/26 07:50
148559482613,44906,233570303,29/07/26 07:50
148559232295,208862,224507575,29/07/26 07:50
148558664434,8864,272447344,29/07/26 07:50
148496349485,364144,32226147,29/07/26 07:50
148559231946,143638,33470149,29/07/26 07:50
148559224375,180898,92899130,29/07/26 07:50
148559357146,88371,134027403,29/07/26 07:50
148560377595,177665,246432756,29/07/26 07:50
148559365359,36448,56211979,29/07/26 07:50
148559473634,185352,138631266,29/07/26 07:50
148524257452,38154,222283104,29/07/26 07:50
148559339275,150852,134925042,29/07/26 07:50
148559467863,177435,272398669,29/07/26 07:50
148563034595,5530,77344422,29/07/26 07:50
148562845695,229366,272451185,29/07/26 07:50
148559230052,154356,127634481,29/07/26 07:50
148559472046,157271,96292657,29/07/26 07:50
148559241346,9911,272447631,29/07/26 07:50
148559470034,166233,190390516,29/07/26 07:50
148563029775,168889,264393852,29/07/26 07:50
148563029846,167205,95947475,29/07/26 07:50
148559472685,165631,234096111,29/07/26 07:50
148559231152,4949,73172285,29/07/26 07:50
148563103259,228690,267435084,29/07/26 07:50
148558670795,141624,234325403,29/07/26 07:50
148563113534,65664,272451434,29/07/26 07:50
148559232859,145262,67291004,29/07/26 07:50
148563028175,222667,46037105,29/07/26 07:50
148563109285,30466,272451436,29/07/26 07:50
148558664659,147217,272447331,29/07/26 07:50
148563031763,158888,272451422,29/07/26 07:50
148558668795,442211,114558682,29/07/26 07:50
148563032413,38818,5727423,29/07/26 07:50
148563267575,121162,272451684,29/07/26 07:50
148559087895,188913,272447467,29/07/26 07:50
148558664867,8888,227532823,29/07/26 07:50
148559240646,185022,189838283,29/07/26 07:50
148559374163,27304,147612369,29/07/26 07:50
148559349046,191432,272447803,29/07/26 07:50
148558661834,69020,79274914,29/07/26 07:50
148558661067,215310,233025230,29/07/26 07:50
148563270167,8319,78092238,29/07/26 07:50
148563269734,88026,6899615,29/07/26 07:50
148558663334,204427,63553430,29/07/26 07:50
148559093985,147506,38027117,29/07/26 07:50
148559243875,170749,109358344,29/07/26 07:50
148563031552,183543,96274498,29/07/26 07:50
148563034685,143248,272451438,29/07/26 07:50
148559087595,182827,87889388,29/07/26 07:50
148558669946,192640,272447337,29/07/26 07:50
148557678213,5649,231161572,29/07/26 07:50
148559354795,209107,134864775,29/07/26 07:50
148558204952,84703,151153739,29/07/26 07:50
148559088863,7087,266693390,29/07/26 07:50
148559091846,25884,213561461,29/07/26 07:50
148558666363,191663,272447240,29/07/26 07:50
148558666763,257861,190463217,29/07/26 07:50
148563106534,36614,2435008,29/07/26 07:50
148558669463,88491,16490475,29/07/26 07:50
148558664352,655726,272037632,29/07/26 07:50
148558677895,178400,272446453,29/07/26 07:50
148563093513,8830,86590761,29/07/26 07:50
148558661313,650291,114951191,29/07/26 07:50
148558659959,650643,272447332,29/07/26 07:50
148558667395,34490,139879811,29/07/26 07:50
148563275963,161675,9782300,29/07/26 07:50
148559091952,84559,201969092,29/07/26 07:50
148559735059,188852,267914796,29/07/26 07:50
148558660613,279058,252304790,29/07/26 07:50
148563167267,215208,18930565,29/07/26 07:50
148559095567,1872,95354925,29/07/26 07:50
148558666434,64771,253397611,29/07/26 07:50
148558201685,155350,144240880,29/07/26 07:50
148563092995,162327,26841984,29/07/26 07:50
148563049063,86309,226633535,29/07/26 07:50
148558668913,214827,65942150,29/07/26 07:50
148563506367,40429,272451899,29/07/26 07:50
148550196067,159507,117120964,29/07/26 07:50
148558559567,34288,15242587,29/07/26 07:50
148563037463,55723,74381333,29/07/26 07:50
148558652159,41964,259174775,29/07/26 07:50
148558659334,443238,188118652,29/07/26 07:50
148563433995,379,255321360,29/07/26 07:50
148563519967,214579,254818558,29/07/26 07:50
148563271846,156605,238697407,29/07/26 07:50
148563042752,165844,109037179,29/07/26 07:50
148559092763,4867,272447623,29/07/26 07:50
148558665685,89699,203505244,29/07/26 07:50
148563523963,5714,272451946,29/07/26 07:50
148559474034,180028,272447895,29/07/26 07:50
148563525646,94724,110795127,29/07/26 07:50
148563442085,1122,13274224,29/07/26 07:50
148559360134,225144,91422356,29/07/26 07:50
148563272646,179795,198683271,29/07/26 07:50
148563442352,43202,21313415,29/07/26 07:50
148563524595,9354,121499746,29/07/26 07:50
148563094463,35680,98306164,29/07/26 07:50
148557656552,279058,272446530,29/07/26 07:50
148563269113,139646,272451673,29/07/26 07:50
148561779252,442034,191526332,29/07/26 07:50
148563039985,187510,204661661,29/07/26 07:50
148563512413,221238,245265718,29/07/26 07:50
148563028746,26555,240444842,29/07/26 07:50
148563533313,10548,270956704,29/07/26 07:50
148563162613,1451,56338465,29/07/26 07:50
148563441163,178221,121803389,29/07/26 07:50
148563494446,8329,255778432,29/07/26 07:50
148563271652,204169,161830544,29/07/26 07:50
148563538575,127458,28112302,29/07/26 07:50
148563427185,38771,135922225,29/07/26 07:50
148563039313,180741,100054264,29/07/26 07:50
148507477485,43667,125171022,29/07/26 07:50
148563536075,218155,272451958,29/07/26 07:50
148563566875,135838,7847583,29/07/26 07:51
148563406959,7294,66719235,29/07/26 07:51
148499288863,193593,184245000,29/07/26 07:51
148563534885,157786,272451953,29/07/26 07:51
148563407359,2140,22256865,29/07/26 07:51
148563438646,132778,12254917,29/07/26 07:51
148563057459,14939,272271929,29/07/26 07:51
148561224813,42152,161243207,29/07/26 07:51
148563039152,8435,212579330,29/07/26 07:51
148563595567,226063,253715662,29/07/26 07:51
148563537967,208501,226641784,29/07/26 07:51
148563595795,442334,271465898,29/07/26 07:51
148563595813,180204,272403655,29/07/26 07:51
148562846134,184680,56800250,29/07/26 07:51
148559085995,166064,53440875,29/07/26 07:51
148559070846,37455,259843488,29/07/26 07:51
148559351459,353050,129392495,29/07/26 07:51
148559472952,121115,64359503,29/07/26 07:51
148559377695,185686,272447865,29/07/26 07:51
148559222946,7803,135866209,29/07/26 07:51
148558643452,3092,272447294,29/07/26 07:51
148505424475,136071,252989190,29/07/26 07:51
148559223185,183343,272447705,29/07/26 07:51
148559449485,141256,41271555,29/07/26 07:51
148559069534,186733,127573895,29/07/26 07:51
148559351846,33716,152869156,29/07/26 07:51
148559462552,7167,102094969,29/07/26 07:51
148559376885,178146,135579756,29/07/26 07:51
148559608375,9313,134804254,29/07/26 07:51
148559464246,162011,29534969,29/07/26 07:51
148559217863,161459,121997334,29/07/26 07:51
148559345863,165631,4789411,29/07/26 07:51
148559462185,99828,155507195,29/07/26 07:51
148559453534,656418,129000162,29/07/26 07:51
148559466534,99128,33790781,29/07/26 07:51
148559215413,184620,16085907,29/07/26 07:51
148559216159,443479,8129602,29/07/26 07:51
148563039067,162762,239682843,29/07/26 07:51
148559459575,157631,101986848,29/07/26 07:51
148559462734,68846,99232340,29/07/26 07:51
148559080559,6619,63548413,29/07/26 07:51
148563305485,1486,86003900,29/07/26 07:51
148559107259,206253,5562513,29/07/26 07:51
148559346046,7463,59132379,29/07/26 07:51
148563327685,122677,272451716,29/07/26 07:51
148559093675,178611,121040167,29/07/26 07:51
148559412375,181532,272447867,29/07/26 07:51
148559345167,53738,42085871,29/07/26 07:51
148559228785,164713,62117707,29/07/26 07:51
148558655995,20378,28164142,29/07/26 07:51
148558659275,43850,272447330,29/07/26 07:51
148558654146,184317,84204286,29/07/26 07:51
148559217146,650573,23049504,29/07/26 07:51
148559442034,186694,271627768,29/07/26 07:51
148558806013,209095,46855263,29/07/26 07:51
148559078152,10656,147210305,29/07/26 07:51
148559079263,445774,62254833,29/07/26 07:51
148558800585,257861,264548284,29/07/26 07:51
148558648275,32469,130184092,29/07/26 07:51
148558649967,5145,91136280,29/07/26 07:51
148563300795,186266,272451701,29/07/26 07:51
148559084846,182293,18891078,29/07/26 07:51
148558648067,43861,237919225,29/07/26 07:51
148558656367,145566,243738689,29/07/26 07:51
148558183452,40874,270764607,29/07/26 07:51
148558192695,9615,108494792,29/07/26 07:51
148563323934,191056,272451699,29/07/26 07:51
148559085575,169792,11421180,29/07/26 07:51
148558652759,204737,272447316,29/07/26 07:51
148559457952,9997,49289511,29/07/26 07:51
148559465563,170548,107876362,29/07/26 07:51
148561624463,156429,125435478,29/07/26 07:51
148558651175,151052,19404621,29/07/26 07:51
148558646475,104958,141844916,29/07/26 07:51
148558646167,44010,101935158,29/07/26 07:51
148560024285,1945,84338557,29/07/26 07:51
148549570646,188498,27567013,29/07/26 07:51
148563537146,27304,272451959,29/07/26 07:51
148558657059,22760,246350851,29/07/26 07:51
148558657346,33874,232132250,29/07/26 07:51
148563329263,120988,272451715,29/07/26 07:51
148558807785,38780,129995224,29/07/26 07:51
148563257195,36429,272372212,29/07/26 07:51
148562849746,8263,32263503,29/07/26 07:51
148563520667,650959,272451939,29/07/26 07:51
148563525246,31566,247366388,29/07/26 07:51
148559070659,23372,59184993,29/07/26 07:51
148559343775,655623,267030637,29/07/26 07:51
148563407475,120835,236520957,29/07/26 07:51
148558673763,49986,14016724,29/07/26 07:51
148559070367,34445,110146456,29/07/26 07:51
148559072346,222817,59536478,29/07/26 07:51
148558645946,44612,19366103,29/07/26 07:51
148559085752,35834,112462154,29/07/26 07:51
148563325675,104746,46249813,29/07/26 07:51
148559339763,100674,233174362,29/07/26 07:51
148559086063,43855,4712622,29/07/26 07:51
148558650052,496,271365792,29/07/26 07:51
148558029967,192521,250090023,29/07/26 07:51
148559068446,389,257095009,29/07/26 07:51
148563599113,204101,138256599,29/07/26 07:51
148563325095,31500,272451704,29/07/26 07:51
148563101846,140053,84575155,29/07/26 07:51
148559077185,50310,160386744,29/07/26 07:51
148563092246,9738,46792730,29/07/26 07:51
148559460367,443830,254898958,29/07/26 07:51
148563323663,218689,251344109,29/07/26 07:51
148563093263,178634,57051831,29/07/26 07:51
148558648852,138514,15002729,29/07/26 07:51
148559070585,41418,89012346,29/07/26 07:51
148563325467,445668,13366369,29/07/26 07:51
148563122267,13279,124367894,29/07/26 07:51
148563329013,653858,272451718,29/07/26 07:51
148563471259,151036,154384566,29/07/26 07:51
148559086385,1902,232680779,29/07/26 07:51
148559074459,5481,7641729,29/07/26 07:51
148559069452,43670,105528213,29/07/26 07:51
148558191452,167387,103170060,29/07/26 07:51
148563497734,217966,130597174,29/07/26 07:51
148563406859,20757,158991867,29/07/26 07:51
148563535059,120819,6236963,29/07/26 07:51
148558672059,6323,52092601,29/07/26 07:51
148558644467,1262,21566195,29/07/26 07:51
148563330475,74293,10578685,29/07/26 07:51
148559080095,652071,10486686,29/07/26 07:51
148557659759,13763,14769431,29/07/26 07:51
148558654359,40571,103632636,29/07/26 07:51
148563330046,4128,65924112,29/07/26 07:51
148563316763,189819,72676933,29/07/26 07:51
148563524459,191056,272451948,29/07/26 07:51
148563327213,17193,256236289,29/07/26 07:51
148559077852,20515,37769430,29/07/26 07:51
148563411059,55120,272451713,29/07/26 07:51
148563538046,180740,194273632,29/07/26 07:51
148559075775,135618,25922526,29/07/26 07:51
148563496413,1277,2364964,29/07/26 07:51
148563413834,164246,63500709,29/07/26 07:51
148561409695,20717,108270427,29/07/26 07:51
148559079513,5738,272447603,29/07/26 07:51
148563414013,163764,138863868,29/07/26 07:51
148563539075,56040,272451788,29/07/26 07:51
148563412652,21180,272451808,29/07/26 07:51
148558656285,23066,182517185,29/07/26 07:51
148563588546,17193,63837360,29/07/26 07:52
148505898352,154954,106112169,29/07/26 07:52
148563497085,179097,21085483,29/07/26 07:52
148563344546,11199,263549296,29/07/26 07:52
148561570334,6138,89564971,29/07/26 07:52
148563415675,120754,221658965,29/07/26 07:52
148563549646,167342,272451969,29/07/26 07:52
148559338685,126394,51004260,29/07/26 07:52
148559112059,185493,200085004,29/07/26 07:52
148559210734,26545,272447680,29/07/26 07:52
148559302613,10472,35904373,29/07/26 07:52
148548749785,178430,73786174,29/07/26 07:52
148563498334,182280,272451884,29/07/26 07:52
148563600746,55200,147438379,29/07/26 07:52
148559212234,192368,249983691,29/07/26 07:52
148559378885,114118,188673185,29/07/26 07:52
148559375113,24151,122214293,29/07/26 07:52
148559108852,18337,48869203,29/07/26 07:52
148559174546,15617,251136072,29/07/26 07:52
148561089152,189588,88430132,29/07/26 07:52
148559208895,39397,10785093,29/07/26 07:52
148559162795,55993,73844643,29/07/26 07:52
148559170946,8732,86207432,29/07/26 07:52
148558640652,113911,224742871,29/07/26 07:52
148559457885,145645,16660101,29/07/26 07:52
148559159946,134193,59924649,29/07/26 07:52
148559236246,6472,263367358,29/07/26 07:52
148559130359,90352,192286862,29/07/26 07:52
148559049234,150001,86743672,29/07/26 07:52
148559230367,122158,26601095,29/07/26 07:52
148559368946,121029,272447849,29/07/26 07:52
148559385975,179387,145874697,29/07/26 07:52
148559245195,182542,16236065,29/07/26 07:52
148550480563,152189,182968858,29/07/26 07:52
148559172052,152947,124495691,29/07/26 07:52
148559341813,20595,59900076,29/07/26 07:52
148559364059,19292,272447838,29/07/26 07:52
148558641275,3198,272447251,29/07/26 07:52
148540480895,194004,75797194,29/07/26 07:52
148563540167,187067,272451904,29/07/26 07:52
148559213485,184342,272447687,29/07/26 07:52
148559397752,8435,271673926,29/07/26 07:52
148559368152,155059,272447648,29/07/26 07:52
148559362459,99323,272447833,29/07/26 07:52
148559370413,444855,196354585,29/07/26 07:52
148563244934,179372,244042784,29/07/26 07:52
148559369246,181329,208293111,29/07/26 07:52
148563539567,72918,272451964,29/07/26 07:52
148558659667,74006,147082547,29/07/26 07:52
148558639463,5173,85791584,29/07/26 07:52
148559101346,181894,59567477,29/07/26 07:52
148563501863,658882,129163576,29/07/26 07:52
148541054813,30344,125856722,29/07/26 07:52
148563331734,177528,156278771,29/07/26 07:52
148559374763,30192,265345844,29/07/26 07:52
148559412213,3206,86617698,29/07/26 07:52
148559149752,185514,239381034,29/07/26 07:52
148559112134,10698,197626466,29/07/26 07:52
148559119159,204489,100681379,29/07/26 07:52
148559365634,202022,272447840,29/07/26 07:52
148563118313,33998,272451079,29/07/26 07:52
148558642563,222316,272447253,29/07/26 07:52
148558526363,8396,252255515,29/07/26 07:52
148558549059,137566,20871426,29/07/26 07:52
148558632395,38707,71392660,29/07/26 07:52
148557847434,65200,124837732,29/07/26 07:52
148563334752,35529,65559147,29/07/26 07:52
148547950085,115,162782666,29/07/26 07:52
148563335413,152025,34845655,29/07/26 07:52
148558626834,129099,121482565,29/07/26 07:52
148562866734,183839,43901261,29/07/26 07:52
148558621559,77730,272447202,29/07/26 07:52
148558599195,19985,11532047,29/07/26 07:52
148563092159,445988,272451459,29/07/26 07:52
148558521975,5388,145301725,29/07/26 07:52
148559051367,186214,36754681,29/07/26 07:52
148558982175,177,152535559,29/07/26 07:52
148558657659,9501,218873612,29/07/26 07:52
148558483813,218482,215001629,29/07/26 07:52
148558629134,43769,84972803,29/07/26 07:52
148558588395,250891,244172557,29/07/26 07:52
148558640295,20851,246191520,29/07/26 07:52
148558638895,4926,269270684,29/07/26 07:52
148558606052,650591,114384428,29/07/26 07:52
148563539634,177481,75950082,29/07/26 07:52
148558196675,78601,15386139,29/07/26 07:52
148558238313,139903,49808822,29/07/26 07:52
148558638052,188364,28463624,29/07/26 07:52
148558641175,43237,272303030,29/07/26 07:52
148558964095,178797,198936879,29/07/26 07:52
148558630059,10343,191913033,29/07/26 07:52
148557524546,190781,272446439,29/07/26 07:52
148563331946,147091,43535229,29/07/26 07:52
148560326652,13269,239726165,29/07/26 07:52
148558638752,172155,221820612,29/07/26 07:52
148559459146,181533,28560600,29/07/26 07:52
148563598652,1456,12058819,29/07/26 07:52
148558520267,32820,263594242,29/07/26 07:52
148563605767,25484,186137438,29/07/26 07:52
148558547775,14456,15833859,29/07/26 07:52
148563511363,204134,208372022,29/07/26 07:52
148559065134,167515,237031872,29/07/26 07:52
148563535863,64790,272451917,29/07/26 07:52
148563348385,30719,233655417,29/07/26 07:52
148558519746,186413,133436284,29/07/26 07:52
148563602767,144518,257743910,29/07/26 07:52
148563600395,184873,272451978,29/07/26 07:52
148559064285,101760,94086075,29/07/26 07:52
148558522485,96075,247668453,29/07/26 07:52
148559065313,27461,6419638,29/07/26 07:52
148563509713,659353,22413889,29/07/26 07:52
148558675313,3683,222226850,29/07/26 07:52
148559067763,18263,189477529,29/07/26 07:52
148563424663,9822,77449838,29/07/26 07:52
148563601875,217156,132831559,29/07/26 07:52
148557512675,95581,44914646,29/07/26 07:52
148558526252,27220,272447235,29/07/26 07:52
148559045475,4147,203672561,29/07/26 07:52
148558572767,5803,151874008,29/07/26 07:52
148559043095,6042,100240728,29/07/26 07:52
148561758713,164001,83619664,29/07/26 07:52
148562756867,193948,13420109,29/07/26 07:52
148563608295,77695,109842484,29/07/26 07:52
148557833695,40761,38029216,29/07/26 07:52
148558679134,94533,198867352,29/07/26 07:52
148563563695,178499,54432930,29/07/26 07:52
148563095159,126590,269454298,29/07/26 07:52
148563416059,37635,97538527,29/07/26 07:52
148563605446,23061,98287821,29/07/26 07:52
148563427695,14475,119681680,29/07/26 07:53
148563535495,17995,272451955,29/07/26 07:53
148563606013,166148,123765375,29/07/26 07:53
148563538195,141660,272451947,29/07/26 07:53
148563336967,8946,272263996,29/07/26 07:53
148549598267,11142,69701254,29/07/26 07:53
148559592985,658702,67416053,29/07/26 07:53
148559114559,223148,98682210,29/07/26 07:53
148493080859,36291,111011745,29/07/26 07:53
148559244685,1826,270581184,29/07/26 07:53
148563610495,144711,67854968,29/07/26 07:53
148559346163,135838,50604061,29/07/26 07:53
148559362967,754,272447835,29/07/26 07:53
148559333163,73394,272447780,29/07/26 07:53
148563522059,20132,139633638,29/07/26 07:53
148559098863,33651,272447640,29/07/26 07:53
148559110613,9829,154231765,29/07/26 07:53
148547741485,25555,1449115,29/07/26 07:53
148559109867,133048,27430192,29/07/26 07:53
148558961546,32311,110325531,29/07/26 07:53
148559233159,117049,272447728,29/07/26 07:53
148559092652,178221,272447633,29/07/26 07:53
148563519195,42997,45361205,29/07/26 07:53
148563105795,42831,272451479,29/07/26 07:53
148559102975,215154,272447643,29/07/26 07:53
148558968113,154483,22432907,29/07/26 07:53
148559364695,42660,272447839,29/07/26 07:53
148559362246,186370,58161825,29/07/26 07:53
148559359267,114435,272081065,29/07/26 07:53
148559237146,50390,267282388,29/07/26 07:53
148547638759,35068,66033548,29/07/26 07:53
148563533195,161220,43170691,29/07/26 07:53
148559360046,446079,83755009,29/07/26 07:53
148559347913,182630,272447802,29/07/26 07:53
148559363967,17216,693643,29/07/26 07:53
148559234063,158763,107643030,29/07/26 07:53
148559102634,25982,264641387,29/07/26 07:53
148563331546,10793,272451720,29/07/26 07:53
148558641475,656152,73597000,29/07/26 07:53
148558511613,88268,267675597,29/07/26 07:53
148559361067,14366,243544841,29/07/26 07:53
148559360734,178242,103236093,29/07/26 07:53
148563429252,40171,57233770,29/07/26 07:53
148558511275,186882,270131990,29/07/26 07:53
148559271534,181031,20675423,29/07/26 07:53
148563337963,167035,272451733,29/07/26 07:53
148563520134,145202,26991697,29/07/26 07:53
148563110085,224454,72387414,29/07/26 07:53
148563607767,181702,89495067,29/07/26 07:53
148558967975,445774,45114413,29/07/26 07:53
148559360413,656470,272447585,29/07/26 07:53
148559328267,38209,28313822,29/07/26 07:53
148558969975,34969,254588534,29/07/26 07:53
148563607952,22941,11042841,29/07/26 07:53
148558507613,98679,256352600,29/07/26 07:53
148563611695,31857,70973107,29/07/26 07:53
148563108575,154900,36472798,29/07/26 07:53
148559372067,55441,208791849,29/07/26 07:53
148558508134,34386,22188097,29/07/26 07:53
148563338395,72687,40028120,29/07/26 07:53
148563112452,109984,272182399,29/07/26 07:53
148559095463,19048,226670315,29/07/26 07:53
148558957375,40216,272447210,29/07/26 07:53
148563108275,22745,115564912,29/07/26 07:53
148563106767,147510,45386736,29/07/26 07:53
148558510134,105919,188961863,29/07/26 07:53
148558516495,179822,225593254,29/07/26 07:53
148558516852,146609,68073100,29/07/26 07:53
148558519485,4272,36491660,29/07/26 07:53
148558516775,114345,155696835,29/07/26 07:53
148558513859,42602,195415569,29/07/26 07:53
148563110195,84946,136016201,29/07/26 07:53
148558509434,7751,13306178,29/07/26 07:53
148563109534,95576,88780991,29/07/26 07:53
148558517552,193112,223590665,29/07/26 07:53
148546940334,3304,52728787,29/07/26 07:53
148563611075,144698,81610625,29/07/26 07:53
148559357513,64833,272447822,29/07/26 07:53
148558665075,6242,163825847,29/07/26 07:53
148563104785,36039,272451458,29/07/26 07:53
148558539346,4486,187050974,29/07/26 07:53
148563342095,158222,272451738,29/07/26 07:53
148558956295,158834,230874451,29/07/26 07:53
148558503046,100196,232553596,29/07/26 07:53
148558515913,320223,87189662,29/07/26 07:53
148563612567,184527,57398959,29/07/26 07:53
148558527395,14424,55129485,29/07/26 07:53
148558509113,650656,131427945,29/07/26 07:53
148558328867,164230,4267417,29/07/26 07:53
148558962975,20515,208177521,29/07/26 07:53
148558966613,2020,249644539,29/07/26 07:53
148558957263,130018,272447520,29/07/26 07:53
148558922375,190924,272447040,29/07/26 07:53
148558964813,164713,262717387,29/07/26 07:53
148558523252,55238,140347807,29/07/26 07:53
148558503534,74841,233264297,29/07/26 07:53
148541263552,203407,43319799,29/07/26 07:53
148558511352,114335,227314016,29/07/26 07:53
148558514967,5145,180858561,29/07/26 07:53
148558529767,109959,47817999,29/07/26 07:53
148558959075,33329,272447546,29/07/26 07:53
148558528163,214916,128752464,29/07/26 07:53
148558525563,88276,187765564,29/07/26 07:53
148558956134,5261,253964344,29/07/26 07:53
148558043259,112239,233952010,29/07/26 07:53
148558517213,38213,136225258,29/07/26 07:53
148559229975,192696,47527213,29/07/26 07:53
148558965685,5790,59592054,29/07/26 07:53
148558955667,29910,272447532,29/07/26 07:53
148558508952,26638,268064884,29/07/26 07:53
148558501659,183767,249102671,29/07/26 07:53
148563105513,135826,250149947,29/07/26 07:53
148558968034,148589,213560384,29/07/26 07:53
148558512059,142719,272447218,29/07/26 07:53
148563330763,189350,272451721,29/07/26 07:53
148563114046,179265,46886953,29/07/26 07:53
148563541146,22033,70200223,29/07/26 07:53
148558954059,190770,270799086,29/07/26 07:53
148563605059,132873,272451990,29/07/26 07:53
148563599785,80110,272451976,29/07/26 07:53
148563600146,8731,49737915,29/07/26 07:53
148558504863,6242,272447194,29/07/26 07:53
148563614613,70082,272452011,29/07/26 07:53
148563332275,68641,103743015,29/07/26 07:53
148563602663,119106,209485344,29/07/26 07:53
148563615934,155408,272451987,29/07/26 07:53
148558667995,11788,248181884,29/07/26 07:53
148563609359,104086,100169803,29/07/26 07:53
148561515434,156504,68537976,29/07/26 07:53
148563610659,127328,272452007,29/07/26 07:53
148563431746,144919,272451849,29/07/26 07:53
148563622546,180434,58303478,29/07/26 07:54
148563503085,16200,237791063,29/07/26 07:54
148563428467,445004,272451842,29/07/26 07:54
148563611195,2663,272451997,29/07/26 07:54
148561460946,167035,272449549,29/07/26 07:54
148559353513,65643,234106967,29/07/26 07:54
148563619352,155137,210297985,29/07/26 07:54
148559091646,143127,272447628,29/07/26 07:54
148559102785,5679,2386452,29/07/26 07:54
148559096275,2497,115124403,29/07/26 07:54
148559374375,650164,272447804,29/07/26 07:54
148559349463,84956,272447805,29/07/26 07:54
148559357713,153795,271078305,29/07/26 07:54
148558954446,141575,93018152,29/07/26 07:54
148542606752,155543,133860985,29/07/26 07:54
148559093446,445774,213161482,29/07/26 07:54
148559361313,193149,47263781,29/07/26 07:54
148559088685,203663,47293606,29/07/26 07:54
148559087663,34432,249157724,29/07/26 07:54
148559347852,98859,263145058,29/07/26 07:54
148533654375,162792,57466512,29/07/26 07:54
148532900167,931,103428539,29/07/26 07:54
148559354985,68789,71965197,29/07/26 07:54
148559235567,34995,49903508,29/07/26 07:54
148508748534,222900,33847532,29/07/26 07:54
148559086213,168164,215179768,29/07/26 07:54
148559349846,55781,34812990,29/07/26 07:54
148559083967,445935,272447616,29/07/26 07:54
148558491995,179822,272447182,29/07/26 07:54
148559216034,187616,46425563,29/07/26 07:54
148559214113,44312,10495130,29/07/26 07:54
148559340559,9791,146105533,29/07/26 07:54
148559242713,95551,260449175,29/07/26 07:54
148558941434,36930,269722680,29/07/26 07:54
148559214075,189447,152596633,29/07/26 07:54
148513608385,163139,40351019,29/07/26 07:54
148559339934,152189,266137581,29/07/26 07:54
148488529163,151067,272019985,29/07/26 07:54
148559348663,20403,94807937,29/07/26 07:54
148559083295,143585,90658701,29/07/26 07:54
148558939834,31755,128063270,29/07/26 07:54
148559339375,653319,268231082,29/07/26 07:54
148559067595,127389,272447589,29/07/26 07:54
148557790095,173007,5333574,29/07/26 07:54
148559217663,121185,240579761,29/07/26 07:54
148559295763,36358,272447768,29/07/26 07:54
148559349346,161220,79050373,29/07/26 07:54
148558495875,189307,272426888,29/07/26 07:54
148559085334,194409,211741156,29/07/26 07:54
148558959752,188258,34099022,29/07/26 07:54
148563622763,7463,241724385,29/07/26 07:54
148559334252,188479,272447781,29/07/26 07:54
148559081685,21762,100203941,29/07/26 07:54
148559076952,142144,111768608,29/07/26 07:54
148559084063,167635,53478918,29/07/26 07:54
148563610246,236912,272452006,29/07/26 07:54
148558946759,33172,272447424,29/07/26 07:54
148558497767,191558,202673738,29/07/26 07:54
148558950375,3936,149190788,29/07/26 07:54
148563601767,183030,29368044,29/07/26 07:54
148563615759,158948,184154216,29/07/26 07:54
148558013813,53715,105883549,29/07/26 07:54
148559340167,177386,162640657,29/07/26 07:54
148559346646,207954,209355766,29/07/26 07:54
148558963546,178748,16409507,29/07/26 07:54
148563615834,101931,224984520,29/07/26 07:54
148558943113,53705,139029556,29/07/26 07:54
148559814695,658794,146199197,29/07/26 07:54
148558950613,16179,272447512,29/07/26 07:54
148558498567,25675,103855314,29/07/26 07:54
148563605675,123996,272451988,29/07/26 07:54
148563110846,147588,191802069,29/07/26 07:54
148559356552,654495,188313399,29/07/26 07:54
148558506767,108288,150365710,29/07/26 07:54
148558511513,55379,272447168,29/07/26 07:54
148559352113,100881,272447807,29/07/26 07:54
148558501867,45789,46817063,29/07/26 07:54
148558952934,174975,272447534,29/07/26 07:54
148563115713,73840,93329192,29/07/26 07:54
148558497159,145630,272447138,29/07/26 07:54
148563345134,184939,211719017,29/07/26 07:54
148563621346,95834,80619553,29/07/26 07:54
148558504585,17057,271757393,29/07/26 07:54
148559356163,149746,271346653,29/07/26 07:54
148563333985,214897,13401658,29/07/26 07:54
148558950934,4475,272447531,29/07/26 07:54
148559212759,163187,45775485,29/07/26 07:54
148558818167,182529,16410968,29/07/26 07:54
148558504613,55924,224459677,29/07/26 07:54
148558945159,33097,95911291,29/07/26 07:54
148558945559,444900,27670409,29/07/26 07:54
148558942567,182486,272447516,29/07/26 07:54
148559332452,135647,146985620,29/07/26 07:54
148558507259,2047,86657302,29/07/26 07:54
148558502813,46060,77523606,29/07/26 07:54
148558956752,27305,75263225,29/07/26 07:54
148563336634,156605,257949581,29/07/26 07:54
148562894395,185262,131141905,29/07/26 07:54
148558947759,22092,11448609,29/07/26 07:54
148563114713,5809,124738142,29/07/26 07:54
148563111852,442385,102090073,29/07/26 07:54
148563114585,192444,82817383,29/07/26 07:54
148563619967,24146,188012594,29/07/26 07:54
148558943759,190522,136986725,29/07/26 07:54
148563338552,18984,157670540,29/07/26 07:54
148563343713,442406,237595526,29/07/26 07:54
148558947134,68177,100775731,29/07/26 07:54
148559349675,178387,208710280,29/07/26 07:54
148558173534,9758,253041849,29/07/26 07:54
148563113659,126590,272451491,29/07/26 07:54
148558945452,24121,147280472,29/07/26 07:54
148509278252,96158,262729836,29/07/26 07:54
148563338485,227968,230305098,29/07/26 07:54
148558491163,166850,271133424,29/07/26 07:54
148563622046,181437,61465530,29/07/26 07:54
148563618013,181778,272452020,29/07/26 07:54
148558946185,3594,56660538,29/07/26 07:54
148563107275,3902,69380063,29/07/26 07:54
148563337252,1388,272451725,29/07/26 07:54
148561550767,78491,272305880,29/07/26 07:54
148558941534,207191,271770116,29/07/26 07:54
148563338185,218866,264635588,29/07/26 07:54
148563624095,64833,131077090,29/07/26 07:54
148563609859,181725,85146383,29/07/26 07:54
148563439675,111362,253772693,29/07/26 07:54
148563504559,11236,264997104,29/07/26 07:54
148563616059,623,272336266,29/07/26 07:54
148563191667,178449,272451604,29/07/26 07:54
148561418434,33097,272128505,29/07/26 07:54
148539470363,443445,272430285,29/07/26 07:54
148563622875,7260,141403539,29/07/26 07:54
148563623859,78108,68096358,29/07/26 07:54
148561005834,10868,272449128,29/07/26 07:55
148563440734,193975,117165566,29/07/26 07:55
148563442713,1206,67626611,29/07/26 07:55
148563435852,137787,272451858,29/07/26 07:55
148563623967,650721,222393743,29/07/26 07:55
148563609034,28715,186493004,29/07/26 07:55
148558528785,4415,47324424,29/07/26 07:55
148563133295,446198,186181722,29/07/26 07:55
148559070759,74765,272447595,29/07/26 07:55
148559075052,156534,140565321,29/07/26 07:55
148559231534,32596,21002756,29/07/26 07:55
148559110834,13675,46190309,29/07/26 07:55
148559298763,41319,118680170,29/07/26 07:55
148559357059,163938,46892696,29/07/26 07:55
148526335652,146699,34094100,29/07/26 07:55
148559068995,158659,271425450,29/07/26 07:55
148559326713,78840,6960636,29/07/26 07:55
148538562113,11693,20914249,29/07/26 07:55
148559067667,187961,246204858,29/07/26 07:55
148558921359,2291,68744614,29/07/26 07:55
148559177885,157092,235312140,29/07/26 07:55
148558825252,44031,11081123,29/07/26 07:55
148559071552,204780,120339129,29/07/26 07:55
148559225213,78240,272335171,29/07/26 07:55
148559064663,184344,146650316,29/07/26 07:55
148559244313,55749,271449018,29/07/26 07:55
148559106913,156260,272447650,29/07/26 07:55
148559242385,181785,272329259,29/07/26 07:55
148559265346,74802,51210276,29/07/26 07:55
148558933352,41489,257824124,29/07/26 07:55
148559112634,36364,147289106,29/07/26 07:55
148559128463,2724,54379219,29/07/26 07:55
148498275734,178076,239827612,29/07/26 07:55
148559095085,84999,272183092,29/07/26 07:55
148557975646,7720,255860831,29/07/26 07:55
148558484995,220911,5644424,29/07/26 07:55
148559238152,4167,272447739,29/07/26 07:55
148559235375,442821,272447594,29/07/26 07:55
148558494985,11833,257363567,29/07/26 07:55
148559227367,29404,272447718,29/07/26 07:55
148558492295,14634,186488733,29/07/26 07:55
148558934595,139794,213914846,29/07/26 07:55
148557489534,38940,82723195,29/07/26 07:55
148563120385,189268,272451509,29/07/26 07:55
148563518767,153483,58620849,29/07/26 07:55
148558933795,43829,54805857,29/07/26 07:55
148558674759,114182,267945052,29/07/26 07:55
148563346546,34915,269670594,29/07/26 07:55
148557937359,181912,24111011,29/07/26 07:55
148558488352,20717,270907726,29/07/26 07:55
148558421563,18682,29720022,29/07/26 07:55
148563351846,443082,272451768,29/07/26 07:55
148558939275,139383,15775631,29/07/26 07:55
148558495985,5763,222717519,29/07/26 07:55
148558495452,44612,6624819,29/07/26 07:55
148558479767,5521,190176949,29/07/26 07:55
148563625713,28702,272452038,29/07/26 07:55
148563163075,35182,187609599,29/07/26 07:55
148558491767,8591,37500328,29/07/26 07:55
148563353067,126829,102731543,29/07/26 07:55
148558502552,5,42312912,29/07/26 07:55
148558483434,187071,264423014,29/07/26 07:55
148558483367,184345,272447133,29/07/26 07:55
148558932559,50310,182406249,29/07/26 07:55
148558940359,170306,74637020,29/07/26 07:55
148558483775,38154,269566763,29/07/26 07:55
148558825963,155350,79193883,29/07/26 07:55
148558481495,189447,272447152,29/07/26 07:55
148558486034,152812,111546370,29/07/26 07:55
148558451813,18742,65312319,29/07/26 07:55
148557422795,192252,86386466,29/07/26 07:55
148558441663,73202,147325281,29/07/26 07:55
148563244313,89726,21085864,29/07/26 07:55
148558847146,5380,263842972,29/07/26 07:55
148558456685,37455,153350384,29/07/26 07:55
148558489534,184852,272447151,29/07/26 07:55
148562946959,179303,272451063,29/07/26 07:55
148557351163,10969,4646640,29/07/26 07:55
148558930185,180890,272447495,29/07/26 07:55
148563348952,73759,253012542,29/07/26 07:55
148558925275,192537,272447466,29/07/26 07:55
148558448334,35225,8389512,29/07/26 07:55
148558493075,5531,263168740,29/07/26 07:55
148558925052,31131,85530461,29/07/26 07:55
148558507759,156270,243073590,29/07/26 07:55
148563118246,118704,116293394,29/07/26 07:55
148558928963,121149,122878808,29/07/26 07:55
148558922085,99548,186528248,29/07/26 07:55
148558488795,220300,233906397,29/07/26 07:55
148558911552,18682,103296741,29/07/26 07:55
148558396952,22989,201304539,29/07/26 07:55
148558506185,68990,254587645,29/07/26 07:55
148557866852,184874,268318986,29/07/26 07:55
148563128013,650641,91163137,29/07/26 07:55
148558638352,6041,158802532,29/07/26 07:55
148558510952,31915,240616542,29/07/26 07:55
148558494867,27290,238610580,29/07/26 07:55
148563118495,64805,19321924,29/07/26 07:55
148563123459,11571,62968733,29/07/26 07:55
148558922213,53234,215866786,29/07/26 07:55
148563349563,6222,256711672,29/07/26 07:55
148558485763,105901,11829341,29/07/26 07:55
148558888585,12062,100726649,29/07/26 07:55
148558927575,160129,151295018,29/07/26 07:55
148558925552,2093,272447399,29/07/26 07:55
148563349395,445004,271200367,29/07/26 07:55
148563488352,86086,9176073,29/07/26 07:55
148558489313,156752,121014787,29/07/26 07:55
148563127852,379242,6399926,29/07/26 07:55
148563350413,650097,272451756,29/07/26 07:55
148563128559,43732,7265554,29/07/26 07:55
148557313095,5261,139919311,29/07/26 07:55
148563126375,108093,80882599,29/07/26 07:55
148563352395,28632,190321772,29/07/26 07:55
148563128885,174853,237080743,29/07/26 07:55
148563117385,189839,58285608,29/07/26 07:55
148563352867,185245,162336275,29/07/26 07:55
148563494213,115,190757905,29/07/26 07:55
148563354359,38571,272451771,29/07/26 07:55
148563547695,139801,13411093,29/07/26 07:55
148558523867,11225,29126637,29/07/26 07:55
148563619185,118962,65692022,29/07/26 07:55
148558412063,5709,51827196,29/07/26 07:55
148563508063,191408,272451908,29/07/26 07:55
148563128213,195027,271782285,29/07/26 07:55
148562900334,3290,129333312,29/07/26 07:55
148563129613,12543,148156108,29/07/26 07:55
148563125134,10179,252143628,29/07/26 07:55
148558480675,655744,82862593,29/07/26 07:55
148558927713,650585,43152009,29/07/26 07:55
148563120867,122728,77927749,29/07/26 07:55
148558927459,289333,211528690,29/07/26 07:55
148558930913,140720,27802118,29/07/26 07:55
148563126013,153487,59192395,29/07/26 07:55
148563629859,140807,2248586,29/07/26 07:55
148563127046,9792,95499871,29/07/26 07:55
148563538452,55926,213486616,29/07/26 07:55
148546843913,73999,272436365,29/07/26 07:55
148563425267,7663,193381489,29/07/26 07:55
148563536667,77636,69502391,29/07/26 07:55
148563353952,144093,163808690,29/07/26 07:55
148563634146,35065,59278255,29/07/26 07:55
148563533795,184062,123516454,29/07/26 07:55
148563628275,167329,43673363,29/07/26 07:55
148563622459,132951,207696013,29/07/26 07:55
148500285552,9698,92766870,29/07/26 07:56
148559376159,80958,98394734,29/07/26 07:56
148563633234,651303,250783919,29/07/26 07:56
148563620559,139150,90821053,29/07/26 07:56
148563589446,20466,50203317,29/07/26 07:56
148563443234,126301,242322429,29/07/26 07:56
148563713652,175009,13782140,29/07/26 07:56
148563500575,119118,42844582,29/07/26 07:56
148563624867,204063,257007614,29/07/26 07:56
148563501359,44814,3840050,29/07/26 07:56
148563434367,28733,109346081,29/07/26 07:56
148563705646,650475,180672396,29/07/26 07:56
148563519359,80785,48064591,29/07/26 07:56
148563632613,21566,272452056,29/07/26 07:56
148560837046,216712,239694920,29/07/26 07:56
148563607059,182597,272451998,29/07/26 07:56
148563634013,139612,74262298,29/07/26 07:56
148563547567,117516,29894121,29/07/26 07:56
148563040667,149056,238612713,29/07/26 07:56
148563501585,183008,136876699,29/07/26 07:56
148558994413,215596,260712513,29/07/26 07:56
148516110146,31807,243654006,29/07/26 07:56
148558960813,177345,272447552,29/07/26 07:56
148559092546,132775,272447632,29/07/26 07:56
148558995034,38136,11753994,29/07/26 07:56
148558990485,166945,154067237,29/07/26 07:56
148558803195,654495,272447408,29/07/26 07:56
148559239259,656894,272447744,29/07/26 07:56
148560127046,189102,161440944,29/07/26 07:56
148559067495,17644,127828108,29/07/26 07:56
148558984967,25508,258219386,29/07/26 07:56
148559230185,163602,76235711,29/07/26 07:56
148558965746,191720,55342248,29/07/26 07:56
148498178075,187758,28022677,29/07/26 07:56
148559233459,132574,272447729,29/07/26 07:56
148559231485,443934,191570361,29/07/26 07:56
148559238975,187150,96459524,29/07/26 07:56
148559220134,144776,272447700,29/07/26 07:56
148559233363,145991,211720855,29/07/26 07:56
148559104713,94533,24718535,29/07/26 07:56
148530703467,83896,39015680,29/07/26 07:56
148559093534,87733,70795286,29/07/26 07:56
148497072546,25031,244952164,29/07/26 07:56
148563500175,122229,272072543,29/07/26 07:56
148559236313,27877,19157144,29/07/26 07:56
148559369634,180741,88796454,29/07/26 07:56
148559242563,445667,269112462,29/07/26 07:56
148558959934,139587,272447550,29/07/26 07:56
148563504459,101095,69210939,29/07/26 07:56
148557867263,84153,192988737,29/07/26 07:56
148559224575,8163,75245400,29/07/26 07:56
148559844585,77594,272447698,29/07/26 07:56
148563163859,78360,272451540,29/07/26 07:56
148558757385,154120,271615268,29/07/26 07:56
148558379567,445988,264664406,29/07/26 07:56
148561138163,221794,10311655,29/07/26 07:56
148559232359,80820,272447613,29/07/26 07:56
148563371552,35424,98988375,29/07/26 07:56
148558646746,73441,2952911,29/07/26 07:56
148563612652,183257,272451806,29/07/26 07:56
148558359463,178259,272447101,29/07/26 07:56
148559227846,655493,192138892,29/07/26 07:56
148558965975,53804,213728021,29/07/26 07:56
148558381413,1207,272447084,29/07/26 07:56
148558831052,85928,100352392,29/07/26 07:56
148559196334,163602,272447674,29/07/26 07:56
148558373795,22397,86906972,29/07/26 07:56
148558829952,41694,272447340,29/07/26 07:56
148558385413,105916,33610716,29/07/26 07:56
148559237013,1482,228151169,29/07/26 07:56
148558963675,190607,77449941,29/07/26 07:56
148546827475,191612,147558809,29/07/26 07:56
148563634367,15617,248931620,29/07/26 07:56
148558494795,190595,272081001,29/07/26 07:56
148557879385,84566,22885588,29/07/26 07:56
148563436175,121185,269105372,29/07/26 07:56
148558379067,165790,58286316,29/07/26 07:56
148558385375,180689,125554053,29/07/26 07:56
148558834363,50750,272447452,29/07/26 07:56
148559094346,88052,269246513,29/07/26 07:56
148559223859,184975,272447709,29/07/26 07:56
148559488113,96335,86176280,29/07/26 07:56
148559239034,35976,269240313,29/07/26 07:56
148558383613,29180,272447109,29/07/26 07:56
148558392463,192421,242209987,29/07/26 07:56
148557861152,181141,271690237,29/07/26 07:56
148563404585,77666,158821031,29/07/26 07:56
148563405885,25557,9317706,29/07/26 07:56
148558373163,25022,121112774,29/07/26 07:56
148558830059,179631,269804066,29/07/26 07:56
148558380813,189427,106336921,29/07/26 07:56
148558831567,446047,272447460,29/07/26 07:56
148558372085,85461,237339985,29/07/26 07:56
148558385659,73316,5211305,29/07/26 07:56
148559236959,132227,267404040,29/07/26 07:56
148558362346,21913,272447105,29/07/26 07:56
148557870095,33855,54382837,29/07/26 07:56
148558377334,149081,131913851,29/07/26 07:56
148558833763,42034,272447464,29/07/26 07:56
148558491685,911,183678087,29/07/26 07:56
148563707567,177599,252891203,29/07/26 07:56
148563407659,205299,272451752,29/07/26 07:56
148558384063,653301,121943589,29/07/26 07:56
148558430167,187706,229932113,29/07/26 07:56
148563407552,230248,118631594,29/07/26 07:56
148563161159,654495,43582120,29/07/26 07:56
148558438085,165229,223403879,29/07/26 07:56
148563160785,140720,130400625,29/07/26 07:56
148563351485,36125,272451544,29/07/26 07:56
148563683963,182614,72974005,29/07/26 07:56
148558391352,101851,119616600,29/07/26 07:56
148563164652,6015,192870438,29/07/26 07:56
148563165034,43850,256238735,29/07/26 07:56
148563162585,41694,217762103,29/07/26 07:56
148558952867,154120,91749001,29/07/26 07:56
148558385785,183108,148722084,29/07/26 07:56
148558673852,36429,132449808,29/07/26 07:56
148559256367,121244,265433376,29/07/26 07:56
148563383675,280391,265165686,29/07/26 07:56
148563403846,11755,272451775,29/07/26 07:56
148563403634,2171,27604628,29/07/26 07:56
148558382734,216976,233184440,29/07/26 07:56
148563159652,24140,194675812,29/07/26 07:56
148563368395,442173,219296597,29/07/26 07:56
148558397834,650440,272012622,29/07/26 07:56
148563636075,137889,111086804,29/07/26 07:56
148563160152,114113,19250601,29/07/26 07:56
148563166646,151233,60706249,29/07/26 07:56
148563406634,35673,4471247,29/07/26 07:56
148558455452,187045,236779819,29/07/26 07:56
148563160275,183972,180811887,29/07/26 07:56
148563255352,164624,22661216,29/07/26 07:56
148563405163,144570,39620435,29/07/26 07:56
148558382459,17193,46703467,29/07/26 07:56
148557854495,68836,272446683,29/07/26 07:56
148563404867,20867,253897460,29/07/26 07:56
148563409146,32822,272451792,29/07/26 07:56
148563161063,20565,236743131,29/07/26 07:56
148558655795,9371,272447091,29/07/26 07:56
148563405975,194559,258121340,29/07/26 07:56
148563163275,105916,65139202,29/07/26 07:56
148563408775,21075,247936965,29/07/26 07:56
148558372185,4444,272447093,29/07/26 07:56
148557857075,442393,100792700,29/07/26 07:56
148563533695,182374,70876873,29/07/26 07:56
148558356713,173726,227268038,29/07/26 07:56
148563501075,49986,14765026,29/07/26 07:56
148563165975,444900,272451512,29/07/26 07:56
148563600913,7240,235308302,29/07/26 07:56
148563701059,142770,62877883,29/07/26 07:56
148563153895,16165,272451537,29/07/26 07:56
148563169046,35670,272451532,29/07/26 07:56
148558833695,446134,71656740,29/07/26 07:56
148560836085,126590,272448937,29/07/26 07:56
148559223446,180740,237160288,29/07/26 07:56
148557877059,38133,159814895,29/07/26 07:56
148527314695,183244,272421674,29/07/26 07:57
148563706075,123960,163051069,29/07/26 07:57
148563438385,50110,57750624,29/07/26 07:57
148563409359,171992,19281216,29/07/26 07:57
148558360034,87579,185081538,29/07/26 07:57
148558960467,441790,43359017,29/07/26 07:57
148559091346,183550,142780349,29/07/26 07:57
148559229452,185124,14296571,29/07/26 07:57
148558951859,20420,272447540,29/07/26 07:57
148558812663,2044,142352599,29/07/26 07:57
148558953875,105223,203521912,29/07/26 07:57
148563500267,8905,33772405,29/07/26 07:57
148559066867,153457,111379618,29/07/26 07:57
148558962867,64866,216355843,29/07/26 07:57
148558962559,191225,70857697,29/07/26 07:57
148559210652,137418,218617759,29/07/26 07:57
148559212052,29995,272447683,29/07/26 07:57
148558949295,32749,272447535,29/07/26 07:57
148558338267,84569,135045303,29/07/26 07:57
148559214446,20954,180062722,29/07/26 07:57
148559210175,194141,272447676,29/07/26 07:57
148559217285,96454,234912345,29/07/26 07:57
148559225475,96525,161502106,29/07/26 07:57
148558951967,11741,107856281,29/07/26 07:57
148559354267,181402,272447677,29/07/26 07:57
148559221763,194457,271745071,29/07/26 07:57
148559222534,653654,214025762,29/07/26 07:57
148558953434,383,97126897,29/07/26 07:57
148559216234,152882,159598609,29/07/26 07:57
148558967363,119307,14724499,29/07/26 07:57
148558949685,8438,151672754,29/07/26 07:57
148558821959,20559,104367607,29/07/26 07:57
148559080775,24207,87673395,29/07/26 07:57
148563705963,26659,233088929,29/07/26 07:57
148559108334,30739,182928716,29/07/26 07:57
148559208467,2646,192292507,29/07/26 07:57
148559117234,5531,45932112,29/07/26 07:57
148558342675,142436,272447076,29/07/26 07:57
148563641252,178676,225406925,29/07/26 07:57
148563164975,156193,268001998,29/07/26 07:57
148558356459,3436,36177645,29/07/26 07:57
148558955295,183635,196330353,29/07/26 07:57
148563353375,107132,65490448,29/07/26 07:57
148563439475,279830,84425962,29/07/26 07:57
148558821585,10880,187722998,29/07/26 07:57
148558802863,35062,272447406,29/07/26 07:57
148559114913,149941,245144132,29/07/26 07:57
148563657434,219369,272452066,29/07/26 07:57
148558340095,654140,272447064,29/07/26 07:57
148558357295,182857,123253217,29/07/26 07:57
148558362034,118226,37916056,29/07/26 07:57
148559218167,95544,43111968,29/07/26 07:57
148558377295,34232,222534035,29/07/26 07:57
148559162546,42545,154471560,29/07/26 07:57
148558823885,181467,90981832,29/07/26 07:57
148559164575,85378,86560255,29/07/26 07:57
148559221295,650573,132186729,29/07/26 07:57
148558820134,38272,144937469,29/07/26 07:57
148558812746,185418,72605869,29/07/26 07:57
148558642734,446180,241495479,29/07/26 07:57
148559213613,80296,106096611,29/07/26 07:57
148558337246,525,272447044,29/07/26 07:57
148558351213,35121,187953237,29/07/26 07:57
148558824585,140826,52586197,29/07/26 07:57
148559081463,101983,149890247,29/07/26 07:57
148559080652,184888,84816940,29/07/26 07:57
148559082595,177211,267338677,29/07/26 07:57
148558349213,220937,131601199,29/07/26 07:57
148558372695,182955,181143290,29/07/26 07:57
148558349675,192747,107323487,29/07/26 07:57
148559220295,69340,124346151,29/07/26 07:57
148558819859,222765,133430865,29/07/26 07:57
148563243067,166128,109105995,29/07/26 07:57
148559208667,35051,44097847,29/07/26 07:57
148559064467,221794,222609231,29/07/26 07:57
148558414113,148310,71135638,29/07/26 07:57
148557848295,126590,272446685,29/07/26 07:57
148558834467,181661,272447410,29/07/26 07:57
148563718767,167795,97393675,29/07/26 07:57
148557825785,180875,147439181,29/07/26 07:57
148558500259,43353,111203294,29/07/26 07:57
148558760159,78153,112388698,29/07/26 07:57
148563413959,116425,272451800,29/07/26 07:57
148558351763,444430,73485763,29/07/26 07:57
148558345475,22398,255596003,29/07/26 07:57
148563715313,179585,272435438,29/07/26 07:57
148557835452,4817,13024935,29/07/26 07:57
148563171152,21405,272199521,29/07/26 07:57
148558810885,148485,246190286,29/07/26 07:57
148563415534,208497,272451811,29/07/26 07:57
148558517963,56044,155338930,29/07/26 07:57
148558806634,650199,272447379,29/07/26 07:57
148558360834,31332,26580274,29/07/26 07:57
148563374285,151067,272451778,29/07/26 07:57
148558820695,29411,272447435,29/07/26 07:57
148563413746,74274,124016890,29/07/26 07:57
148558344452,180802,266805287,29/07/26 07:57
148563169285,443934,35259973,29/07/26 07:57
148558813934,25139,272169564,29/07/26 07:57
148558337013,219097,272447036,29/07/26 07:57
148563724195,3847,190604540,29/07/26 07:57
148558348167,64867,72203569,29/07/26 07:57
148558811675,77612,45494615,29/07/26 07:57
148558808995,445110,49388134,29/07/26 07:57
148558347059,179668,269807579,29/07/26 07:57
148563506975,219369,41322586,29/07/26 07:57
148558527513,183631,272446880,29/07/26 07:57
148558347359,35702,129991758,29/07/26 07:57
148563636385,43266,247682684,29/07/26 07:57
148563636259,652461,103649123,29/07/26 07:57
148563510085,175501,122391552,29/07/26 07:57
148558346663,208732,224130559,29/07/26 07:57
148563171767,184157,110247768,29/07/26 07:57
148563720963,191137,22867708,29/07/26 07:57
148560832785,41472,272448701,29/07/26 07:57
148558380785,185679,26498468,29/07/26 07:57
148563513285,123794,147875967,29/07/26 07:57
148563410763,26011,272370171,29/07/26 07:57
148563607852,9997,258145655,29/07/26 07:57
148563168334,279058,272451538,29/07/26 07:57
148558363634,207119,79186617,29/07/26 07:57
148563170846,42103,67426552,29/07/26 07:57
148558372267,45993,7327408,29/07/26 07:57
148558815052,78043,270230273,29/07/26 07:57
148558362759,205607,129911522,29/07/26 07:57
148563273485,7153,84303336,29/07/26 07:57
148558821185,165615,93908836,29/07/26 07:57
148558816295,226824,45574266,29/07/26 07:57
148563515559,187175,103590512,29/07/26 07:57
148563692175,655137,117270520,29/07/26 07:57
148563513334,185749,272451920,29/07/26 07:57
148558970995,85002,193824953,29/07/26 07:57
148563720652,140742,272451942,29/07/26 07:57
148563635434,43579,54165178,29/07/26 07:57
148563612152,5110,272452009,29/07/26 07:58
148563729959,80365,272159371,29/07/26 07:58
148563620767,50110,62442355,29/07/26 07:58
148563622346,222226,34480747,29/07/26 07:58
148563517634,177810,188298298,29/07/26 07:58
148560992267,183956,262385004,29/07/26 07:58
148558941734,216834,11439227,29/07/26 07:58
148563705759,220180,243380988,29/07/26 07:58
148558944185,441811,224784172,29/07/26 07:58
148559110546,95618,38366565,29/07/26 07:58
148558274446,118708,272447027,29/07/26 07:58
148495885613,50322,235361511,29/07/26 07:58
148559104395,84025,272447645,29/07/26 07:58
148559174646,9073,211063609,29/07/26 07:58
148559063885,9873,232043594,29/07/26 07:58
148558947634,39233,29212067,29/07/26 07:58
148558941259,181051,235073657,29/07/26 07:58
148528707085,68874,270308846,29/07/26 07:58
148542997752,114113,231381876,29/07/26 07:58
148559108034,23326,266984729,29/07/26 07:58
148558931695,84065,268420943,29/07/26 07:58
148559197059,216322,272447586,29/07/26 07:58
148558930275,184342,70511493,29/07/26 07:58
148558930385,655245,234108890,29/07/26 07:58
148536627746,31106,214209850,29/07/26 07:58
148558929795,126301,101733566,29/07/26 07:58
148558903159,9874,264482971,29/07/26 07:58
148559120367,443440,7191604,29/07/26 07:58
148548950095,39849,272438436,29/07/26 07:58
148560247095,29930,12852496,29/07/26 07:58
148559086995,445229,272447619,29/07/26 07:58
148558927063,24787,258542616,29/07/26 07:58
148558924667,180,272447501,29/07/26 07:58
148558921867,203425,245251872,29/07/26 07:58
148559111867,651815,94036464,29/07/26 07:58
148558910313,219816,118767703,29/07/26 07:58
148559113463,6218,36290010,29/07/26 07:58
148559168863,141700,11243786,29/07/26 07:58
148558344252,102077,256403378,29/07/26 07:58
148559166659,114189,34243948,29/07/26 07:58
148558983146,84519,23243897,29/07/26 07:58
148561098252,236869,3625684,29/07/26 07:58
148558380352,139575,67517531,29/07/26 07:58
148559066663,173650,15044318,29/07/26 07:58
148559068646,144986,272447592,29/07/26 07:58
148558933652,34796,86892325,29/07/26 07:58
148560986234,36747,268097148,29/07/26 07:58
148558733863,445988,265492414,29/07/26 07:58
148558977213,160555,7808848,29/07/26 07:58
148563724695,141655,97890549,29/07/26 07:58
148558934475,104746,251555577,29/07/26 07:58
148558904713,192246,272447489,29/07/26 07:58
148559207985,192266,77436705,29/07/26 07:58
148559069685,65865,76773320,29/07/26 07:58
148562949067,27495,186139113,29/07/26 07:58
148563611913,6217,248845421,29/07/26 07:58
148558696713,183257,269404814,29/07/26 07:58
148558761759,56013,45170177,29/07/26 07:58
148558331813,42732,78194475,29/07/26 07:58
148558968563,149881,216776659,29/07/26 07:58
148558340146,105916,270876191,29/07/26 07:58
148558717959,27483,191392382,29/07/26 07:58
148558662567,206426,43166486,29/07/26 07:58
148558806163,650584,51962986,29/07/26 07:58
148558347275,5618,98072945,29/07/26 07:58
148563178059,5479,272451562,29/07/26 07:58
148516288763,157346,272386540,29/07/26 07:58
148563706775,6138,272452068,29/07/26 07:58
148558330059,571,272447029,29/07/26 07:58
148558332963,70027,249842413,29/07/26 07:58
148558317267,8288,115480749,29/07/26 07:58
148557757752,208881,106676722,29/07/26 07:58
148558336946,651654,91461914,29/07/26 07:58
148558798246,653865,252319554,29/07/26 07:58
148563718552,186364,272452087,29/07/26 07:58
148558337934,136575,190362878,29/07/26 07:58
148557797946,9306,150737175,29/07/26 07:58
148558330895,12105,56986849,29/07/26 07:58
148557723113,164803,78754039,29/07/26 07:58
148563726534,191056,272452100,29/07/26 07:58
148558694267,24275,15950189,29/07/26 07:58
148558338085,138721,257478818,29/07/26 07:58
148558333763,64988,218169149,29/07/26 07:58
148558340559,3465,242201657,29/07/26 07:58
148558735863,205290,213666480,29/07/26 07:58
148563421467,22627,219689113,29/07/26 07:58
148558266275,445774,272446978,29/07/26 07:58
148558245613,30192,272342420,29/07/26 07:58
148558273946,88026,47411823,29/07/26 07:58
148558655295,597,55804488,29/07/26 07:58
148563425775,7252,272451622,29/07/26 07:58
148563722413,43888,7171954,29/07/26 07:58
148563425963,10452,106865651,29/07/26 07:58
148563427075,40874,19734861,29/07/26 07:58
148563176563,122229,42448462,29/07/26 07:58
148563423085,189708,49659686,29/07/26 07:58
148558798785,187988,65059224,29/07/26 07:58
148563176395,118218,221767081,29/07/26 07:58
148558240063,40700,143909917,29/07/26 07:58
148557823013,186413,272446385,29/07/26 07:58
148548296152,31433,237774740,29/07/26 07:58
148558689675,183423,246996573,29/07/26 07:58
148558695875,85935,139885149,29/07/26 07:58
148563617246,69859,85053443,29/07/26 07:58
148558336613,40313,267727485,29/07/26 07:58
148558272495,3179,137616930,29/07/26 07:58
148558726363,220569,132563546,29/07/26 07:58
148558273475,653881,111710923,29/07/26 07:58
148558289067,650199,272447015,29/07/26 07:58
148558714834,656470,199501496,29/07/26 07:58
148563427713,185912,190985570,29/07/26 07:58
148563178759,69443,22104894,29/07/26 07:58
148563649185,123824,270653544,29/07/26 07:58
148563423346,88143,153247505,29/07/26 07:58
148563421863,142389,272451821,29/07/26 07:58
148558317485,121322,248032230,29/07/26 07:58
148558154463,96454,52119826,29/07/26 07:58
148563722746,84933,22162914,29/07/26 07:58
148558798546,20692,39238145,29/07/26 07:58
148557764846,151861,215394680,29/07/26 07:58
148558804795,4358,161667564,29/07/26 07:58
148558247075,178046,192620077,29/07/26 07:58
148563177285,157333,85216964,29/07/26 07:58
148563731167,151917,4771440,29/07/26 07:58
148563724413,184215,27097562,29/07/26 07:58
148563512513,8810,95427316,29/07/26 07:58
148563718875,123996,36975225,29/07/26 07:58
148558290059,19164,163476279,29/07/26 07:58
148558329634,40011,56010332,29/07/26 07:58
148563522334,178653,265555395,29/07/26 07:58
148563513763,3040,122040223,29/07/26 07:58
148563669185,25964,79155720,29/07/26 07:58
148563519213,181802,272451935,29/07/26 07:58
148563728213,55217,266079280,29/07/26 07:58
148563723152,4508,89849627,29/07/26 07:58
148563523175,178546,65957997,29/07/26 07:58
148563706213,177314,39094639,29/07/26 07:58
148563179546,157645,74408480,29/07/26 07:58
148563520085,161270,272451936,29/07/26 07:58
148563730459,161026,106627461,29/07/26 07:58
148563609467,183241,151882187,29/07/26 07:58
148563715775,113967,66946107,29/07/26 07:58
148563726959,43681,101185094,29/07/26 07:58
148563735346,22752,60115110,29/07/26 07:58
148563408346,46,272173823,29/07/26 07:58
148563715567,56247,42629526,29/07/26 07:58
148563722359,29878,225325390,29/07/26 07:59
148563616295,142247,108534810,29/07/26 07:59
148563632867,191411,234733413,29/07/26 07:59
148563736359,85957,196377288,29/07/26 07:59
148563725213,68775,14953732,29/07/26 07:59
148563742795,22324,245429726,29/07/26 07:59
148563718334,2416,229740103,29/07/26 07:59
148563717859,153498,271889480,29/07/26 07:59
148558924967,127535,137163867,29/07/26 07:59
148559018475,191866,97653411,29/07/26 07:59
148516500459,153699,271103705,29/07/26 07:59
148559102575,56267,239554793,29/07/26 07:59
148558973613,112793,249302529,29/07/26 07:59
148559095134,192222,239176568,29/07/26 07:59
148558834885,139057,266595813,29/07/26 07:59
148563532959,145630,69022800,29/07/26 07:59
148558831234,95007,272447465,29/07/26 07:59
148559094267,65664,272447506,29/07/26 07:59
148558851146,187642,222758365,29/07/26 07:59
148558972146,163036,180168225,29/07/26 07:59
148558204763,246239,272446998,29/07/26 07:59
148558968959,178388,205375045,29/07/26 07:59
148559095746,180898,58699282,29/07/26 07:59
148560986113,217129,266986354,29/07/26 07:59
148558838763,180434,99934788,29/07/26 07:59
148558834552,85843,272447471,29/07/26 07:59
148559074059,189543,227625859,29/07/26 07:59
148559106152,3398,89961234,29/07/26 07:59
148558219546,182779,191737770,29/07/26 07:59
148558836234,29936,97063677,29/07/26 07:59
148559091459,116782,62955352,29/07/26 07:59
148559105275,25884,63213962,29/07/26 07:59
148558871234,650573,28409324,29/07/26 07:59
148559094913,189634,239938181,29/07/26 07:59
148558969485,154471,113916282,29/07/26 07:59
148558836085,65852,70632811,29/07/26 07:59
148559095659,182139,205462675,29/07/26 07:59
148559143695,103,54408223,29/07/26 07:59
148563252434,1996,13247100,29/07/26 07:59
148563432959,445599,272451843,29/07/26 07:59
148563533046,8149,114176598,29/07/26 07:59
148559107034,156043,161165061,29/07/26 07:59
148563738375,22711,54850827,29/07/26 07:59
148559090959,184571,127109321,29/07/26 07:59
148488405695,41414,65130440,29/07/26 07:59
148558833913,31542,41430897,29/07/26 07:59
148563740575,143081,15695899,29/07/26 07:59
148558218185,11753,271909255,29/07/26 07:59
148558922659,714,14139838,29/07/26 07:59
148563433246,167035,272451687,29/07/26 07:59
148559082059,139741,94690074,29/07/26 07:59
148558914846,130018,183434662,29/07/26 07:59
148559071346,182681,268619256,29/07/26 07:59
148558216085,180656,90151808,29/07/26 07:59
148558836752,116782,9526814,29/07/26 07:59
148563430546,10395,256658154,29/07/26 07:59
148563178595,182642,272451578,29/07/26 07:59
148558236013,143088,133254839,29/07/26 07:59
148558828385,178456,124093350,29/07/26 07:59
148563719963,80957,272452088,29/07/26 07:59
148545823534,183631,248533418,29/07/26 07:59
148546128434,163764,265042594,29/07/26 07:59
148558852495,180391,207242531,29/07/26 07:59
148558361452,84153,272256731,29/07/26 07:59
148558676213,101047,30779080,29/07/26 07:59
148558214052,2646,219376956,29/07/26 07:59
148558676175,35596,3244408,29/07/26 07:59
148547255452,84621,90682557,29/07/26 07:59
148558216667,445238,10681929,29/07/26 07:59
148558523767,183086,17818109,29/07/26 07:59
148558233713,147,63511167,29/07/26 07:59
148558215063,184123,237852690,29/07/26 07:59
148558220667,74839,247512682,29/07/26 07:59
148558679634,136875,202905503,29/07/26 07:59
148559108163,178054,239462324,29/07/26 07:59
148559082213,216976,159606664,29/07/26 07:59
148559150546,152812,267124322,29/07/26 07:59
148558671059,207564,93123576,29/07/26 07:59
148558206567,8082,272424104,29/07/26 07:59
148546853867,4786,180924479,29/07/26 07:59
148558208634,31915,272446968,29/07/26 07:59
148563173267,179726,239609443,29/07/26 07:59
148563433563,33172,86975085,29/07/26 07:59
148558009267,650167,130338729,29/07/26 07:59
148558216467,20595,216629817,29/07/26 07:59
148558210467,16764,253999407,29/07/26 07:59
148558229875,12018,247117287,29/07/26 07:59
148557133085,32311,56991294,29/07/26 07:59
148563431195,559,272451830,29/07/26 07:59
148563428395,55993,101848608,29/07/26 07:59
148546724463,194239,199799888,29/07/26 07:59
148563431095,184215,62930835,29/07/26 07:59
148558208052,445918,91230157,29/07/26 07:59
148563189867,229366,159339006,29/07/26 07:59
148558675613,188101,199622502,29/07/26 07:59
148558303685,223305,263497570,29/07/26 07:59
148558678367,176790,272447364,29/07/26 07:59
148558443452,445892,272189833,29/07/26 07:59
148563686334,357697,272452062,29/07/26 07:59
148557695895,202031,59128268,29/07/26 07:59
148558214967,752,40099072,29/07/26 07:59
148558236767,445988,123053760,29/07/26 07:59
148563430259,35998,212540593,29/07/26 07:59
148558217767,445986,7914655,29/07/26 07:59
148563432552,182261,208002813,29/07/26 07:59
148563430963,170295,220952645,29/07/26 07:59
148563430467,184363,35690352,29/07/26 07:59
148563407946,11469,135243988,29/07/26 07:59
148558217485,184085,40526700,29/07/26 07:59
148558217846,40480,37612271,29/07/26 07:59
148558671367,55993,9995586,29/07/26 07:59
148563727413,10388,272452095,29/07/26 07:59
148558213695,55238,124585387,29/07/26 07:59
148563431275,6612,78915976,29/07/26 07:59
148558673375,194993,50771760,29/07/26 07:59
148558347767,444587,5769519,29/07/26 07:59
148563745952,145631,58380103,29/07/26 07:59
148563718146,20873,272452084,29/07/26 07:59
148559070495,162880,74176936,29/07/26 07:59
148563741813,383948,239782884,29/07/26 07:59
148563737252,223182,225387023,29/07/26 07:59
148558211013,216863,53410976,29/07/26 07:59
148563728846,140293,272452101,29/07/26 07:59
148563624495,445918,58480144,29/07/26 07:59
148563602034,34133,193185121,29/07/26 07:59
148563727895,441831,162895232,29/07/26 07:59
148563534485,188560,219122722,29/07/26 07:59
148559929113,143646,57845650,29/07/26 07:59
148563537652,8764,233229344,29/07/26 07:59
148563735175,69020,38336235,29/07/26 07:59
148563536959,78082,265629274,29/07/26 07:59
148563724963,110534,21668922,29/07/26 07:59
148563743885,107088,129087445,29/07/26 07:59
148563092385,109984,272451460,29/07/26 07:59
148563738695,148482,154477229,29/07/26 08:00
148563616863,170306,18344166,29/07/26 08:00
148563629646,9933,57819146,29/07/26 08:00
148563746267,139150,152482542,29/07/26 08:00
148563741613,27726,248982317,29/07/26 08:00
148563723963,9815,108391338,29/07/26 08:00
148563621613,4548,158734748,29/07/26 08:00
148563529363,31635,11156784,29/07/26 08:00
148563188613,188507,272451594,29/07/26 08:00
148563727295,121323,198682182,29/07/26 08:00
148559092075,10002,107866022,29/07/26 08:00
148563537067,2436,161795779,29/07/26 08:00
148542519952,142266,13534273,29/07/26 08:00
148535452752,192272,5731085,29/07/26 08:00
148559076395,35834,272447602,29/07/26 08:00
148558830995,155883,8575182,29/07/26 08:00
148559094175,81321,67012605,29/07/26 08:00
148558644613,38138,270521540,29/07/26 08:00
148558828163,53719,236394222,29/07/26 08:00
148559088934,69091,141971467,29/07/26 08:00
148558931395,5507,126450963,29/07/26 08:00
148558961213,149153,29884684,29/07/26 08:00
148559490634,139096,138286277,29/07/26 08:00
148559087367,180079,272447621,29/07/26 08:00
148560181313,6242,21066451,29/07/26 08:00
148558824385,184637,272447451,29/07/26 08:00
148558662975,15385,184297558,29/07/26 08:00
148558817885,9219,15175239,29/07/26 08:00
148559085152,43768,263962070,29/07/26 08:00
148541908075,204658,4440524,29/07/26 08:00
148559072767,182619,272447598,29/07/26 08:00
148559077613,208183,134366079,29/07/26 08:00
148558820885,150851,272446697,29/07/26 08:00
148559074159,23620,155026921,29/07/26 08:00
148559079967,178873,61717075,29/07/26 08:00
148559078985,38344,248537149,29/07/26 08:00
148558815963,178388,112794032,29/07/26 08:00
148558826085,34892,98277833,29/07/26 08:00
148563723363,80226,44845541,29/07/26 08:00
148558822067,185590,271647681,29/07/26 08:00
148558822752,188262,98256775,29/07/26 08:00
148563194885,95729,106137630,29/07/26 08:00
148558822552,50411,64491890,29/07/26 08:00
148559088146,445401,191591912,29/07/26 08:00
148559068834,143364,180748857,29/07/26 08:00
148558826334,20462,248298536,29/07/26 08:00
148558821863,192693,116004815,29/07/26 08:00
148496532275,187935,249786066,29/07/26 08:00
148548837063,183235,254178091,29/07/26 08:00
148558830634,179822,211477407,29/07/26 08:00
148559079875,209032,222132724,29/07/26 08:00
148559082785,87669,239397166,29/07/26 08:00
148563536352,29890,86698251,29/07/26 08:00
148558831834,116763,105361888,29/07/26 08:00
148558946446,139023,42830159,29/07/26 08:00
148563748946,659316,5194901,29/07/26 08:00
148549109263,17994,161408921,29/07/26 08:00
148558205359,104312,53707275,29/07/26 08:00
148563644252,445058,125869395,29/07/26 08:00
148559069046,23811,221362806,29/07/26 08:00
148559725363,101955,16677411,29/07/26 08:00
148563509434,158524,272451910,29/07/26 08:00
148558203252,177160,184256150,29/07/26 08:00
148558808585,178069,65804963,29/07/26 08:00
148563741795,11333,84200525,29/07/26 08:00
148563514395,34691,94224077,29/07/26 08:00
148558666846,207402,84621627,29/07/26 08:00
148563743546,42923,24877037,29/07/26 08:00
148563762567,157960,258349394,29/07/26 08:00
148563744375,37360,183058621,29/07/26 08:00
148563433134,136740,272451841,29/07/26 08:00
148558326559,154081,245091440,29/07/26 08:00
148558666975,43003,140840588,29/07/26 08:00
148559083563,28280,248556906,29/07/26 08:00
148557683146,143360,263367836,29/07/26 08:00
148557682352,1794,134654058,29/07/26 08:00
148558665385,219336,272447333,29/07/26 08:00
148558963752,6942,51627736,29/07/26 08:00
148558660985,81132,272447288,29/07/26 08:00
148558962185,445708,98055685,29/07/26 08:00
148559083059,654578,263513558,29/07/26 08:00
148563546263,279743,272451967,29/07/26 08:00
148558669567,123996,68615932,29/07/26 08:00
148558206252,43483,41531720,29/07/26 08:00
148558662752,42874,218315219,29/07/26 08:00
148557875195,1514,246067537,29/07/26 08:00
148558193252,145344,235876940,29/07/26 08:00
148558205734,11189,272446981,29/07/26 08:00
148558206895,33980,137625142,29/07/26 08:00
148558205934,142635,240060465,29/07/26 08:00
148558012159,40761,122479694,29/07/26 08:00
148558188395,161759,239222833,29/07/26 08:00
148558657563,154059,30462014,29/07/26 08:00
148558202375,95077,43506596,29/07/26 08:00
148558668552,35223,212407868,29/07/26 08:00
148558203059,656994,164175491,29/07/26 08:00
148563440459,6612,43218439,29/07/26 08:00
148558828859,64808,144837370,29/07/26 08:00
148558333346,445988,205864198,29/07/26 08:00
148559009867,192288,14585094,29/07/26 08:00
148563539295,189657,270726373,29/07/26 08:00
148563741246,180484,95917158,29/07/26 08:00
148563734585,24275,272452110,29/07/26 08:00
148563196467,139337,223918095,29/07/26 08:00
148563442463,90358,15964677,29/07/26 08:00
148558203567,166325,161238927,29/07/26 08:00
148558330267,215254,25817951,29/07/26 08:00
148563448995,208501,272451870,29/07/26 08:00
148558192834,24772,218663387,29/07/26 08:00
148563196267,184087,159055037,29/07/26 08:00
148563439152,117132,272451857,29/07/26 08:00
148558823785,151348,236200770,29/07/26 08:00
148558345646,55754,134281362,29/07/26 08:00
148558190013,181717,117551852,29/07/26 08:00
148563453134,187049,3001223,29/07/26 08:00
148563194975,121029,5722476,29/07/26 08:00
148558653195,183983,162603174,29/07/26 08:00
148563261113,2646,246031148,29/07/26 08:00
148563191967,135872,272451601,29/07/26 08:00
148563191352,442173,272451550,29/07/26 08:00
148563443452,43006,100597454,29/07/26 08:00
148558030146,147000,98700764,29/07/26 08:00
148563437613,147360,152090335,29/07/26 08:00
148563195646,96335,247330987,29/07/26 08:00
148562830063,217097,272451159,29/07/26 08:00
148558190767,33483,144618733,29/07/26 08:00
148563193795,184888,256018416,29/07/26 08:00
148558668234,44742,272447346,29/07/26 08:00
148557071359,123794,188014139,29/07/26 08:00
148563247552,121161,272451598,29/07/26 08:00
148558201495,36160,88200714,29/07/26 08:00
148558185859,167387,113016988,29/07/26 08:00
148563445667,69354,44588760,29/07/26 08:00
148563435795,138691,70717559,29/07/26 08:00
148558189467,6222,183923513,29/07/26 08:00
148563721346,39252,14618809,29/07/26 08:00
148563434875,80634,264034886,29/07/26 08:00
148563747067,29005,4111138,29/07/26 08:00
148491337446,10095,13972412,29/07/26 08:00
148558185663,41343,981132,29/07/26 08:00
148563746767,137218,127301745,29/07/26 08:00
148563597663,21314,250987162,29/07/26 08:00
148500399452,149838,130784593,29/07/26 08:01
148563748063,163735,153466226,29/07/26 08:01
148563599534,95333,272451975,29/07/26 08:01
148563598585,35126,20259241,29/07/26 08:01
148559088395,85876,44485789,29/07/26 08:01
148563601495,85868,97407866,29/07/26 08:01
148563746859,187916,225607829,29/07/26 08:01
148563597246,184996,137961672,29/07/26 08:01
148563625634,126173,272452037,29/07/26 08:01
148563735546,35391,272159034,29/07/26 08:01
148563674867,33142,144847579,29/07/26 08:01
148563553659,68322,268638911,29/07/26 08:01
148563106946,1876,268919267,29/07/26 08:01
148492041546,33922,25304450,29/07/26 08:01
148563439575,186790,231330748,29/07/26 08:01
148563017967,223339,272451286,29/07/26 08:01
148563811213,444118,270528093,29/07/26 08:01
148563679667,185997,33971896,29/07/26 08:01
148496187763,161605,260130884,29/07/26 08:01
148559071059,50612,108210290,29/07/26 08:01
148558820359,186051,180333587,29/07/26 08:01
148558933034,159247,101549494,29/07/26 08:01
148543495363,181851,81426766,29/07/26 08:01
148563632075,528,272452053,29/07/26 08:01
148559072195,213456,265512521,29/07/26 08:01
148558174634,139140,272446936,29/07/26 08:01
148559068246,139836,272447590,29/07/26 08:01
148558940285,178096,186319467,29/07/26 08:01
148559081152,446283,268973377,29/07/26 08:01
148558799663,195041,146559911,29/07/26 08:01
148558188885,181151,45244995,29/07/26 08:01
148558813052,159669,77642903,29/07/26 08:01
148558815246,181854,215919338,29/07/26 08:01
148559071285,23587,272447596,29/07/26 08:01
148558939975,179960,137737237,29/07/26 08:01
148559045752,445376,272447582,29/07/26 08:01
148548862934,9219,272438104,29/07/26 08:01
148558933485,1069,65112695,29/07/26 08:01
148558165875,146516,272446925,29/07/26 08:01
148558631359,182614,272447277,29/07/26 08:01
148558928085,228737,272447509,29/07/26 08:01
148559035385,139360,215447459,29/07/26 08:01
148558966185,184308,119766982,29/07/26 08:01
148558806985,35708,155981352,29/07/26 08:01
148558963367,68209,24139471,29/07/26 08:01
148558803759,182260,63453129,29/07/26 08:01
148558937246,39156,272447523,29/07/26 08:01
148558165559,10813,272446924,29/07/26 08:01
148559010952,43269,69437773,29/07/26 08:01
148558801285,114149,89683182,29/07/26 08:01
148559062975,84404,260357747,29/07/26 08:01
148547464652,167342,263018210,29/07/26 08:01
148558801152,33329,272447403,29/07/26 08:01
148563635713,89699,262764628,29/07/26 08:01
148559006634,103976,185346295,29/07/26 08:01
148544457067,89796,102041259,29/07/26 08:01
148548531146,32981,37653647,29/07/26 08:01
148558804485,20595,196061981,29/07/26 08:01
148560302013,2091,124217340,29/07/26 08:01
148563247834,20533,47368746,29/07/26 08:01
148559064952,185119,163607201,29/07/26 08:01
148563599385,7253,248168864,29/07/26 08:01
148563495734,8495,118239729,29/07/26 08:01
148559003363,94562,141876424,29/07/26 08:01
148558959875,84108,159286945,29/07/26 08:01
148563500746,17054,141819681,29/07/26 08:01
148558658995,69958,183746425,29/07/26 08:01
148559068567,223127,197453585,29/07/26 08:01
148558931485,208398,136939003,29/07/26 08:01
148559064095,159530,79306281,29/07/26 08:01
148504559859,222817,33684015,29/07/26 08:01
148563751046,187806,249144635,29/07/26 08:01
148558174467,55982,181447053,29/07/26 08:01
148558968413,194982,272447568,29/07/26 08:01
148558925675,29056,71630379,29/07/26 08:01
148563502259,216903,28091627,29/07/26 08:01
148559062563,157100,201813922,29/07/26 08:01
148559066385,33248,34845208,29/07/26 08:01
148558803834,1398,71636496,29/07/26 08:01
148558221895,13654,27227632,29/07/26 08:01
148558657759,8536,33766259,29/07/26 08:01
148563497285,10007,152933853,29/07/26 08:01
148558171595,158524,78042943,29/07/26 08:01
148563499134,74917,158482407,29/07/26 08:01
148563335967,28622,61934336,29/07/26 08:01
148558193185,160939,46504708,29/07/26 08:01
148558174885,126590,272446839,29/07/26 08:01
148563626963,101844,272452042,29/07/26 08:01
148563243563,166008,113771786,29/07/26 08:01
148558172413,64897,144473875,29/07/26 08:01
148558657485,90324,15423973,29/07/26 08:01
148563497995,183257,251969864,29/07/26 08:01
148563502834,12332,3678398,29/07/26 08:01
148563648567,84269,24044952,29/07/26 08:01
148563490395,148482,272451876,29/07/26 08:01
148558678552,138468,27046451,29/07/26 08:01
148558180563,121257,252189984,29/07/26 08:01
148558806385,64791,80300090,29/07/26 08:01
148558985985,139050,37649167,29/07/26 08:01
148558970075,42178,272447571,29/07/26 08:01
148558967163,43756,272447566,29/07/26 08:01
148558184113,23372,128349856,29/07/26 08:01
148558652659,98681,272447297,29/07/26 08:01
148563232059,179170,23844137,29/07/26 08:01
148549960346,184901,245626138,29/07/26 08:01
148558204563,20710,271205623,29/07/26 08:01
148558810046,37070,195506251,29/07/26 08:01
148558647167,138342,226695241,29/07/26 08:01
148563494867,8051,221765651,29/07/26 08:01
148558180859,41130,128850529,29/07/26 08:01
148558651075,105842,272447303,29/07/26 08:01
148563733846,26820,89424129,29/07/26 08:01
148558660067,192674,249213603,29/07/26 08:01
148558175746,27112,240921621,29/07/26 08:01
148558645675,20954,185126399,29/07/26 08:01
148563496167,156360,209253580,29/07/26 08:01
148558648567,18682,63565151,29/07/26 08:01
148563470175,193593,79261451,29/07/26 08:01
148558168559,7751,128223803,29/07/26 08:01
148563790363,219004,244038831,29/07/26 08:01
148563245959,23061,204395572,29/07/26 08:01
148563498234,52897,2690414,29/07/26 08:01
148563495952,24146,116973949,29/07/26 08:01
148563606195,28573,79520065,29/07/26 08:01
148558166763,85380,191319021,29/07/26 08:01
148563245795,68865,37299987,29/07/26 08:01
148563501752,53056,204269758,29/07/26 08:01
148558171846,183536,51462571,29/07/26 08:01
148558176346,178179,192695315,29/07/26 08:01
148558644295,12784,71836821,29/07/26 08:01
148558181275,80760,101714870,29/07/26 08:01
148563732534,9485,272452109,29/07/26 08:01
148557060652,11198,122211161,29/07/26 08:01
148563816052,20459,265267088,29/07/26 08:01
148563195985,21476,272451555,29/07/26 08:01
148558800285,207066,266882515,29/07/26 08:01
148558180385,65643,228164462,29/07/26 08:01
148563246775,104095,48189985,29/07/26 08:01
148558169352,181579,229601343,29/07/26 08:01
148558171346,146607,159323694,29/07/26 08:01
148558178746,9206,272446853,29/07/26 08:01
148563601295,139284,272451926,29/07/26 08:01
148563802646,20488,54913563,29/07/26 08:02
148527198963,205581,131695000,29/07/26 08:02
148563744285,164960,272452124,29/07/26 08:02
148558123446,193211,272446690,29/07/26 08:02
148563657267,206128,53229253,29/07/26 08:02
148563758495,179418,240663948,29/07/26 08:02
148563745213,5521,199498525,29/07/26 08:02
148558089575,164912,234725847,29/07/26 08:02
148563815813,655742,112107550,29/07/26 08:02
148557633152,180478,272446514,29/07/26 08:02
148546991567,21807,3692444,29/07/26 08:02
148563508346,181548,251715853,29/07/26 08:02
148558160013,100625,35148889,29/07/26 08:02
148558837263,35223,18719282,29/07/26 08:02
148558054985,34722,272446884,29/07/26 08:02
148558798185,2285,23787239,29/07/26 08:02
148558055985,157914,245092169,29/07/26 08:02
148558971175,165696,75351515,29/07/26 08:02
148558951785,5308,272447539,29/07/26 08:02
148558857885,192129,266856927,29/07/26 08:02
148558970834,606,126473133,29/07/26 08:02
148558717034,7170,139626487,29/07/26 08:02
148558741775,123865,194201239,29/07/26 08:02
148558736575,41430,235524652,29/07/26 08:02
148558735695,55344,187782342,29/07/26 08:02
148559239113,38734,109207040,29/07/26 08:02
148558965234,163840,270708381,29/07/26 08:02
148558960163,183886,24956580,29/07/26 08:02
148558933934,33622,42762284,29/07/26 08:02
148558962085,5263,93059386,29/07/26 08:02
148558809875,183983,220837588,29/07/26 08:02
148526855859,34381,271348528,29/07/26 08:02
148558966763,185173,121303119,29/07/26 08:02
148563610346,32799,203010571,29/07/26 08:02
148558831663,184861,69415554,29/07/26 08:02
148563507534,189588,129046799,29/07/26 08:02
148559071759,25024,23064909,29/07/26 08:02
148558967567,19517,92468055,29/07/26 08:02
148558560995,113954,155267496,29/07/26 08:02
148558638485,6327,75802633,29/07/26 08:02
148558260867,99831,272446892,29/07/26 08:02
148558685967,181435,244689714,29/07/26 08:02
148558771052,162897,272447390,29/07/26 08:02
148563504334,218537,270424932,29/07/26 08:02
148563240295,163764,272451592,29/07/26 08:02
148557646963,86352,226972021,29/07/26 08:02
148563273063,1011,209085385,29/07/26 08:02
148563246963,5345,272451620,29/07/26 08:02
148558964734,35670,11452976,29/07/26 08:02
148558722946,158880,86423006,29/07/26 08:02
148558962763,35666,26265854,29/07/26 08:02
148563246075,187386,272451507,29/07/26 08:02
148559037295,6468,182758762,29/07/26 08:02
148558964185,20420,185588549,29/07/26 08:02
148558175852,32851,137405169,29/07/26 08:02
148558161634,137538,194226263,29/07/26 08:02
148559087134,179205,272447570,29/07/26 08:02
148558629752,5209,187558680,29/07/26 08:02
148558569585,148169,10028066,29/07/26 08:02
148563627452,135709,39468364,29/07/26 08:02
148563811375,192306,272451825,29/07/26 08:02
148558641546,163720,127546734,29/07/26 08:02
148558970167,85962,141881443,29/07/26 08:02
148558639352,7663,191147966,29/07/26 08:02
148558090259,9182,271895680,29/07/26 08:02
148558608763,101095,272447249,29/07/26 08:02
148563406452,136717,201874693,29/07/26 08:02
148558129046,187020,115050184,29/07/26 08:02
148563507046,3175,44326179,29/07/26 08:02
148558587559,44216,221506703,29/07/26 08:02
148558148575,184284,272446757,29/07/26 08:02
148563814934,150355,160144590,29/07/26 08:02
148558829634,34387,4075581,29/07/26 08:02
148558950885,167652,272447538,29/07/26 08:02
148558160995,654659,272422991,29/07/26 08:02
148558593163,442406,249165786,29/07/26 08:02
148558586885,192327,116444624,29/07/26 08:02
148563818313,87924,106595708,29/07/26 08:02
148558818275,25203,196246688,29/07/26 08:02
148563266585,177929,272451597,29/07/26 08:02
148563720167,38180,33734568,29/07/26 08:02
148547941852,37614,147184355,29/07/26 08:02
148558960375,35812,92060857,29/07/26 08:02
148558640785,78239,272348442,29/07/26 08:02
148558922946,31356,256422929,29/07/26 08:02
148558638963,24121,56626358,29/07/26 08:02
148558631495,118728,270289115,29/07/26 08:02
148558193759,163187,57641079,29/07/26 08:02
148558968346,16357,142542628,29/07/26 08:02
148558629975,53330,229385368,29/07/26 08:02
148563814446,160588,65980658,29/07/26 08:02
148558289446,1940,208675018,29/07/26 08:02
148558607085,181563,272053609,29/07/26 08:02
148558161463,11694,272446671,29/07/26 08:02
148558160867,105910,51328013,29/07/26 08:02
148558553267,184588,200384398,29/07/26 08:02
148558082052,88069,44612278,29/07/26 08:02
148558164252,194630,22042194,29/07/26 08:02
148558115359,185281,145185799,29/07/26 08:02
148558163713,188593,84261415,29/07/26 08:02
148556924695,49765,85208110,29/07/26 08:02
148563821352,189837,264610352,29/07/26 08:02
148563827113,17020,158254010,29/07/26 08:02
148558117867,660036,80537292,29/07/26 08:02
148558164534,180898,131623722,29/07/26 08:02
148558617252,29348,239782237,29/07/26 08:02
148563724752,101975,76576087,29/07/26 08:02
148558490085,18299,266824101,29/07/26 08:02
148558166313,186395,47268303,29/07/26 08:02
148558163846,443734,7905193,29/07/26 08:02
148558562952,10443,194140100,29/07/26 08:02
148558160475,182284,93433750,29/07/26 08:02
148563797752,27304,72523069,29/07/26 08:02
148563823763,219639,64548465,29/07/26 08:02
148563748163,28004,160245567,29/07/26 08:03
148563749995,43664,94233988,29/07/26 08:03
148563440585,126590,26006349,29/07/26 08:03
148563618352,657189,23768663,29/07/26 08:03
148558830752,180875,271596596,29/07/26 08:03
148558047159,31929,142579957,29/07/26 08:03
148558819163,74831,205554337,29/07/26 08:03
148558888259,50760,270230852,29/07/26 08:03
148494155413,152574,138031364,29/07/26 08:03
148560700275,55829,263870796,29/07/26 08:03
148558182785,27483,100959102,29/07/26 08:03
148558965046,165984,151112537,29/07/26 08:03
148558033846,184104,272446837,29/07/26 08:03
148558953746,443580,194472626,29/07/26 08:03
148558962359,126805,272447556,29/07/26 08:03
148558958352,77790,266620139,29/07/26 08:03
148558674295,158662,40706752,29/07/26 08:03
148558942175,45573,62908481,29/07/26 08:03
148558967034,173896,88815177,29/07/26 08:03
148558955552,90364,144944545,29/07/26 08:03
148558960795,187084,128981942,29/07/26 08:03
148558948934,651448,2460189,29/07/26 08:03
148558954895,25960,272447502,29/07/26 08:03
148558658095,84367,4444981,29/07/26 08:03
148558959385,193943,112463152,29/07/26 08:03
148558668495,445376,130784797,29/07/26 08:03
148558668863,187569,13002427,29/07/26 08:03
148563817363,55299,220849867,29/07/26 08:03
148558669395,358724,10338207,29/07/26 08:03
148563823913,658794,198775144,29/07/26 08:03
148558939559,186195,144759313,29/07/26 08:03
148558824734,193192,241208441,29/07/26 08:03
148559219385,443547,151403396,29/07/26 08:03
148558166463,1166,270149162,29/07/26 08:03
148559372485,126170,56623605,29/07/26 08:03
148558047534,1591,272170330,29/07/26 08:03
148563717013,84696,16384079,29/07/26 08:03
148558948163,143806,38346270,29/07/26 08:03
148558807595,178179,77968837,29/07/26 08:03
148558816963,41710,271895801,29/07/26 08:03
148563259459,20717,269282841,29/07/26 08:03
148558948585,37150,163822855,29/07/26 08:03
148563249185,653812,268076351,29/07/26 08:03
148558670063,118000,160310506,29/07/26 08:03
148558957475,178449,225729151,29/07/26 08:03
148558683413,181452,4156198,29/07/26 08:03
148558936795,2115,272446961,29/07/26 08:03
148563253363,6704,3477935,29/07/26 08:03
148558048613,41640,131339321,29/07/26 08:03
148558958795,191427,84077253,29/07/26 08:03
148563619546,29904,8031081,29/07/26 08:03
148558960513,221229,268480723,29/07/26 08:03
148558054652,182553,272446389,29/07/26 08:03
148563254785,223127,237584108,29/07/26 08:03
148558055885,192485,272446818,29/07/26 08:03
148558509746,20566,103390324,29/07/26 08:03
148558510759,6218,271062339,29/07/26 08:03
148563509663,32311,34473833,29/07/26 08:03
148563619095,74917,59029570,29/07/26 08:03
148558525734,64853,131104010,29/07/26 08:03
148563513052,27495,62048631,29/07/26 08:03
148563817285,139294,268652075,29/07/26 08:03
148563252034,143709,64031268,29/07/26 08:03
148558520385,40123,140595285,29/07/26 08:03
148558043534,653829,222177263,29/07/26 08:03
148558049552,53262,106295233,29/07/26 08:03
148558038513,34847,102152001,29/07/26 08:03
148558967846,105926,251083355,29/07/26 08:03
148558529259,56053,29498278,29/07/26 08:03
148563818434,39635,143231446,29/07/26 08:03
148563514859,18054,46537865,29/07/26 08:03
148558044934,650587,263071208,29/07/26 08:03
148558044885,39305,215580721,29/07/26 08:03
148558042367,95551,271575927,29/07/26 08:03
148558055095,145081,272214328,29/07/26 08:03
148558041785,186126,271935823,29/07/26 08:03
148563250667,221794,270902005,29/07/26 08:03
148563504746,157333,272451886,29/07/26 08:03
148563708446,147537,272416254,29/07/26 08:03
148558057295,49650,272446855,29/07/26 08:03
148558520713,442173,272447234,29/07/26 08:03
148563512152,9629,272451913,29/07/26 08:03
148557939667,122569,108880644,29/07/26 08:03
148558528459,346997,105811902,29/07/26 08:03
148558331046,37614,202350600,29/07/26 08:03
148563190013,42825,39084182,29/07/26 08:03
148558524685,55577,75807179,29/07/26 08:03
148558062146,106108,96778566,29/07/26 08:03
148563252575,69352,6235802,29/07/26 08:03
148563251275,99386,272451631,29/07/26 08:03
148558329375,654950,81710199,29/07/26 08:03
148557473385,651134,197605678,29/07/26 08:03
148563816459,136082,264565016,29/07/26 08:03
148558039767,36699,86127177,29/07/26 08:03
148558525167,162148,219083829,29/07/26 08:03
148558036667,182186,122772025,29/07/26 08:03
148558526759,129097,272447245,29/07/26 08:03
148558033995,133793,25901827,29/07/26 08:03
148558530452,34640,145306519,29/07/26 08:03
148558511195,8821,103195444,29/07/26 08:03
148558051613,11222,233952200,29/07/26 08:03
148558220952,41015,17547269,29/07/26 08:03
148557480875,1514,205538486,29/07/26 08:03
148563620395,20408,269189322,29/07/26 08:03
148558050946,223261,198546726,29/07/26 08:03
148563730267,216333,223984286,29/07/26 08:03
148558049385,8067,136002696,29/07/26 08:03
148558519359,121185,59878127,29/07/26 08:03
148558517046,87818,272447199,29/07/26 08:03
148533277063,138448,93934567,29/07/26 08:03
148558515895,221795,81678530,29/07/26 08:03
148563251967,445988,272451649,29/07/26 08:03
148558512685,13448,267026120,29/07/26 08:03
148558512534,185442,272447203,29/07/26 08:03
148558040234,223258,250881189,29/07/26 08:03
148558930513,23369,147963670,29/07/26 08:03
148563248952,134086,272451605,29/07/26 08:03
148558027234,215791,271586427,29/07/26 08:03
148558035452,612,81770555,29/07/26 08:03
148558058067,4656,54839151,29/07/26 08:03
148560986063,182770,239251051,29/07/26 08:03
148563730985,39397,111692536,29/07/26 08:03
148557484052,443408,67659327,29/07/26 08:03
148558045763,191841,271389830,29/07/26 08:03
148558526867,65517,75344892,29/07/26 08:03
148558509975,183281,73001728,29/07/26 08:03
148563818846,184927,272452169,29/07/26 08:03
148563718675,184680,255388680,29/07/26 08:03
148563818259,180903,182290195,29/07/26 08:03
148563802995,441809,229159802,29/07/26 08:03
148563751575,43202,272452140,29/07/26 08:03
148563830095,27304,233945844,29/07/26 08:03
148512731863,190068,129412604,29/07/26 08:03
148563815363,144653,112063216,29/07/26 08:03
148563826267,655418,272452195,29/07/26 08:03
148563621546,11753,272452026,29/07/26 08:03
148558035963,655700,97097272,29/07/26 08:03
148563623713,18080,44045400,29/07/26 08:03
148563735675,37056,270861295,29/07/26 08:03
148563628046,38674,272452043,29/07/26 08:04
148563813285,208628,196710430,29/07/26 08:04
148563812467,53235,272452153,29/07/26 08:04
148563626046,167035,272452039,29/07/26 08:04
148563747463,189177,272452127,29/07/26 08:04
148563734013,2967,12938899,29/07/26 08:04
148558948659,41835,272447327,29/07/26 08:04
148558927952,150039,25282851,29/07/26 08:04
148558666063,204978,202904168,29/07/26 08:04
148558941395,152943,266963204,29/07/26 08:04
148558665775,41396,25938648,29/07/26 08:04
148558820575,8830,10804678,29/07/26 08:04
148558664052,322,266605038,29/07/26 08:04
148558817263,17058,202081920,29/07/26 08:04
148558660595,143816,71415442,29/07/26 08:04
148558943095,145461,272447529,29/07/26 08:04
148558653675,100625,159829785,29/07/26 08:04
148558662046,184232,231559421,29/07/26 08:04
148558925834,69209,42731386,29/07/26 08:04
148558941034,178091,244466259,29/07/26 08:04
148558815346,28880,272447430,29/07/26 08:04
148558952452,23173,243927526,29/07/26 08:04
148558660713,5065,242433243,29/07/26 08:04
148558656095,35416,216491519,29/07/26 08:04
148558926959,134082,31751110,29/07/26 08:04
148558654459,31185,114131608,29/07/26 08:04
148558657113,87980,266014309,29/07/26 08:04
148558944659,183172,222102013,29/07/26 08:04
148512991795,212981,74628549,29/07/26 08:04
148559214285,156361,272447504,29/07/26 08:04
148558652885,69852,246363966,29/07/26 08:04
148563717763,157824,64076518,29/07/26 08:04
148558923559,1259,272447446,29/07/26 08:04
148558838967,42491,70303473,29/07/26 08:04
148558037463,194080,183882582,29/07/26 08:04
148558932663,185011,234448367,29/07/26 08:04
148563624675,9046,272452033,29/07/26 08:04
148558943685,655040,250347708,29/07/26 08:04
148558934052,99972,68657718,29/07/26 08:04
148558922546,178989,109913031,29/07/26 08:04
148558162263,10183,149106644,29/07/26 08:04
148558947559,85843,225448122,29/07/26 08:04
148558012767,72694,272446803,29/07/26 08:04
148563262285,176598,252051033,29/07/26 08:04
148558802767,139545,129326958,29/07/26 08:04
148558911875,77594,45772026,29/07/26 08:04
148558932452,28389,46074148,29/07/26 08:04
148558021575,162776,136270597,29/07/26 08:04
148558942346,11688,41875485,29/07/26 08:04
148558656485,149838,77766785,29/07/26 08:04
148558655075,182192,183388157,29/07/26 08:04
148497378467,109732,128064491,29/07/26 08:04
148558924713,121266,191031207,29/07/26 08:04
148558932195,208176,190362565,29/07/26 08:04
148558809685,31588,56113764,29/07/26 08:04
148558028595,150841,162666430,29/07/26 08:04
148559122246,69211,131734930,29/07/26 08:04
148563256485,176890,111664061,29/07/26 08:04
148563827085,651654,248849861,29/07/26 08:04
148563515867,33172,223854697,29/07/26 08:04
148558015795,23951,272446786,29/07/26 08:04
148558164763,167153,48580012,29/07/26 08:04
148558658113,122454,91544325,29/07/26 08:04
148558507146,165243,272447201,29/07/26 08:04
148558811452,136566,63927629,29/07/26 08:04
148558021285,655931,263029842,29/07/26 08:04
148558652375,178566,148129242,29/07/26 08:04
148558026434,183472,181191508,29/07/26 08:04
148563517195,183886,198539751,29/07/26 08:04
148558499346,148447,44097608,29/07/26 08:04
148558653085,6222,264661225,29/07/26 08:04
148563270659,1425,18478347,29/07/26 08:04
148558023159,183952,131814865,29/07/26 08:04
148558025167,179022,96100702,29/07/26 08:04
148563255075,183806,269415360,29/07/26 08:04
148558502359,140216,163337594,29/07/26 08:04
148557473546,145262,76971742,29/07/26 08:04
148558505934,184311,248764134,29/07/26 08:04
148563257263,650199,132281937,29/07/26 08:04
148563516963,203473,140574419,29/07/26 08:04
148563255759,43849,250652897,29/07/26 08:04
148558499434,22382,31096660,29/07/26 08:04
148563260659,7529,40644148,29/07/26 08:04
148558496363,30019,272447174,29/07/26 08:04
148558015467,209095,272446666,29/07/26 08:04
148558028152,5575,112807204,29/07/26 08:04
148558026852,56178,69240824,29/07/26 08:04
148558030975,20720,266372849,29/07/26 08:04
148558042934,27304,235129219,29/07/26 08:04
148559217334,50329,137709391,29/07/26 08:04
148558502646,43409,10577003,29/07/26 08:04
148558205646,1881,90717859,29/07/26 08:04
148558027559,446018,42390764,29/07/26 08:04
148558501585,101983,272447179,29/07/26 08:04
148563628175,121177,186762236,29/07/26 08:04
148558024552,35409,33556941,29/07/26 08:04
148563272567,29162,7514792,29/07/26 08:04
148558050675,656154,272446806,29/07/26 08:04
148558497867,658630,88230499,29/07/26 08:04
148558030513,105916,110400505,29/07/26 08:04
148558028913,165716,250892684,29/07/26 08:04
148563258175,4122,66282377,29/07/26 08:04
148563628446,26638,49070153,29/07/26 08:04
148558019246,11394,5262105,29/07/26 08:04
148558501746,617,29596464,29/07/26 08:04
148558010885,55993,90208084,29/07/26 08:04
148558213775,88155,271500253,29/07/26 08:04
148563512634,20705,188995850,29/07/26 08:04
148557472675,185520,161898709,29/07/26 08:04
148563834334,167132,155017694,29/07/26 08:04
148558667885,14481,267992973,29/07/26 08:04
148563622652,26144,112855605,29/07/26 08:04
148558166967,184888,96038903,29/07/26 08:04
148558014152,42902,251002234,29/07/26 08:04
148558505795,155050,272446812,29/07/26 08:04
148563258552,26353,69134216,29/07/26 08:04
148563733067,222754,59940184,29/07/26 08:04
148563257875,169949,84041595,29/07/26 08:04
148562835395,14,203454314,29/07/26 08:04
148563736167,30697,129394078,29/07/26 08:04
148563517513,442060,272451924,29/07/26 08:04
148563829695,68284,161998804,29/07/26 08:04
148563630975,88120,73487230,29/07/26 08:04
148563745334,141067,135818414,29/07/26 08:04
148563817175,68671,272452163,29/07/26 08:04
148560757095,7772,271813581,29/07/26 08:04
148563739263,149114,771549,29/07/26 08:04
148563624934,163224,272452036,29/07/26 08:04
148547616013,140730,89053752,29/07/26 08:04
148563747634,181044,102592970,29/07/26 08:04
148550482546,164808,184034748,29/07/26 08:04
148563630663,139057,119478348,29/07/26 08:04
148563632552,177154,65326296,29/07/26 08:04
148563831775,41222,272452208,29/07/26 08:05
148563822659,279058,272452167,29/07/26 08:05
148563609285,3092,68035217,29/07/26 08:05
148563743659,442488,221217006,29/07/26 08:05
148543651052,1425,155829208,29/07/26 08:05
148536880567,20903,69730064,29/07/26 08:05
148563739767,33463,272452120,29/07/26 08:05
148563832095,443045,72942894,29/07/26 08:05
148563825095,186215,111440908,29/07/26 08:05
148563167975,379242,8704433,29/07/26 08:05
148563832559,126394,51432092,29/07/26 08:05
148506742952,11239,11201598,29/07/26 08:05
148557912613,28937,272436674,29/07/26 08:05
148558864767,43023,228047487,29/07/26 08:05
148558800985,184571,136237427,29/07/26 08:05
148558007767,159428,272446795,29/07/26 08:05
148558649775,166800,237782724,29/07/26 08:05
148558826895,21549,124637722,29/07/26 08:05
148558646867,567,190820456,29/07/26 08:05
148558823575,12577,193313203,29/07/26 08:05
148558926567,167035,119389208,29/07/26 08:05
148558619585,187004,81030659,29/07/26 08:05
148558783352,33003,103048148,29/07/26 08:05
148558560495,190269,272447081,29/07/26 08:05
148560039485,121361,115739578,29/07/26 08:05
148558829895,189898,134468423,29/07/26 08:05
148558839046,24449,267125942,29/07/26 08:05
148558799952,20864,54507457,29/07/26 08:05
148558857559,181095,268694824,29/07/26 08:05
148558836195,32822,186865791,29/07/26 08:05
148558928559,5146,242063169,29/07/26 08:05
148558852767,5883,272447479,29/07/26 08:05
148558797985,117179,109442766,29/07/26 08:05
148563722834,99620,257231053,29/07/26 08:05
148563267634,208777,268474890,29/07/26 08:05
148558930413,174025,249038441,29/07/26 08:05
148563835759,50179,18792750,29/07/26 08:05
148558921675,656749,29745529,29/07/26 08:05
148558925467,15896,54281942,29/07/26 08:05
148558032195,27304,183444403,29/07/26 08:05
148561300313,154371,42598980,29/07/26 08:05
148558493367,29361,111506055,29/07/26 08:05
148542313534,188352,108334787,29/07/26 08:05
148558922867,443106,212598558,29/07/26 08:05
148563837067,445369,184667668,29/07/26 08:05
148558495234,188566,210508191,29/07/26 08:05
148558805375,6479,104367851,29/07/26 08:05
148561374063,165410,57184768,29/07/26 08:05
148563823034,179852,147204194,29/07/26 08:05
148563840546,179631,257043009,29/07/26 08:05
148558497346,192424,42111247,29/07/26 08:05
148558016752,1867,269478426,29/07/26 08:05
148558486863,38980,199731420,29/07/26 08:05
148558821452,30019,161836946,29/07/26 08:05
148558010213,190297,63622546,29/07/26 08:05
148558025513,445774,81580205,29/07/26 08:05
148558856875,444,201774994,29/07/26 08:05
148558645067,20459,9240227,29/07/26 08:05
148558024813,119225,99523146,29/07/26 08:05
148556828567,10616,111592294,29/07/26 08:05
148563266434,12204,21762353,29/07/26 08:05
148558923467,192289,231107196,29/07/26 08:05
148561374267,23269,136123679,29/07/26 08:05
148563268495,148894,29832693,29/07/26 08:05
148459605859,10790,39548044,29/07/26 08:05
148558045034,185443,15090358,29/07/26 08:05
148558929585,216755,110354651,29/07/26 08:05
148558053552,194757,268410299,29/07/26 08:05
148563522652,145346,271662527,29/07/26 08:05
148558157563,87966,74551282,29/07/26 08:05
148563636167,656995,272452061,29/07/26 08:05
148558679934,99895,252113749,29/07/26 08:05
148558030434,217092,73413109,29/07/26 08:05
148563323813,190710,129047215,29/07/26 08:05
148563519785,65404,272451919,29/07/26 08:05
148563265695,445004,272451672,29/07/26 08:05
148558009467,650199,140373214,29/07/26 08:05
148563264246,444839,47078963,29/07/26 08:05
148563261546,442703,268288184,29/07/26 08:05
148557875852,1318,272446280,29/07/26 08:05
148563262413,80348,13005137,29/07/26 08:05
148558019185,937,72972224,29/07/26 08:05
148561409485,182655,149866406,29/07/26 08:05
148563264059,5521,47162450,29/07/26 08:05
148527096452,226835,272421391,29/07/26 08:05
148557980667,182851,272446739,29/07/26 08:05
148558006959,166377,272446763,29/07/26 08:05
148563658267,214915,93922752,29/07/26 08:05
148563519675,55694,248029787,29/07/26 08:05
148558039113,38659,272446729,29/07/26 08:05
148558044375,105904,106780031,29/07/26 08:05
148558047395,85000,163477762,29/07/26 08:05
148558006067,136052,154798139,29/07/26 08:05
148558036759,16740,272017917,29/07/26 08:05
148563267885,8289,272451658,29/07/26 08:05
148558487013,64786,189710803,29/07/26 08:05
148563827585,445384,71766799,29/07/26 08:05
148558215695,32777,197605684,29/07/26 08:05
148558003346,37186,220996031,29/07/26 08:05
148561336646,43204,201363391,29/07/26 08:05
148557908913,50286,221717807,29/07/26 08:05
148558007352,167528,71565211,29/07/26 08:05
148558496195,32673,272447087,29/07/26 08:05
148563536463,3327,911311,29/07/26 08:05
148558033213,68775,246859997,29/07/26 08:05
148558007646,141,82585535,29/07/26 08:05
148563540246,87547,70961870,29/07/26 08:05
148557978759,154371,272446699,29/07/26 08:05
148558008359,205915,65048858,29/07/26 08:05
148563265359,64804,54872787,29/07/26 08:05
148563534346,13505,68350629,29/07/26 08:05
148563410075,18127,9961214,29/07/26 08:05
148563273395,74326,26394509,29/07/26 08:05
148484043846,110006,121793162,29/07/26 08:05
148561649775,191119,252223973,29/07/26 08:05
148558024085,114013,272446712,29/07/26 08:05
148557932113,138391,12756095,29/07/26 08:05
148563543685,156043,53528494,29/07/26 08:05
148557907552,27387,10716489,29/07/26 08:05
148558208952,41373,160557143,29/07/26 08:05
148558005746,1471,161401134,29/07/26 08:05
148563284085,230114,5711271,29/07/26 08:05
148563658775,165229,271635937,29/07/26 08:05
148561002163,167035,272449009,29/07/26 08:05
148561779385,180618,268561461,29/07/26 08:05
148563536763,189360,272451951,29/07/26 08:05
148508460767,194451,250853349,29/07/26 08:05
148557946546,174877,115087894,29/07/26 08:05
148558006434,650573,43616902,29/07/26 08:05
148563279959,190765,248304981,29/07/26 08:05
148563270085,9758,159992632,29/07/26 08:05
148557916813,31350,6278206,29/07/26 08:05
148487125713,28214,236252707,29/07/26 08:05
148563539185,127531,272451952,29/07/26 08:05
148563535352,149091,123101154,29/07/26 08:05
148543193259,153092,33981378,29/07/26 08:05
148557962352,178078,131431250,29/07/26 08:05
148558482113,215253,272447141,29/07/26 08:05
148563537352,269818,84920751,29/07/26 08:05
148558482267,143408,272447122,29/07/26 08:05
148558493263,203887,127977833,29/07/26 08:05
148563670363,40317,244829320,29/07/26 08:05
148561134452,21683,270896305,29/07/26 08:05
148557903995,333,264121316,29/07/26 08:05
148544525685,1318,244187199,29/07/26 08:05
148545661995,52920,116361707,29/07/26 08:05
148558487167,5680,272190073,29/07/26 08:05
148563271552,11990,54019464,29/07/26 08:05
148561650285,53096,272192107,29/07/26 08:05
148563752152,177489,47738057,29/07/26 08:05
148561543734,36849,272449541,29/07/26 08:05
148563542546,68135,64072166,29/07/26 08:05
148563822195,84606,36712370,29/07/26 08:05
148499847075,21193,79851771,29/07/26 08:05
148563663375,31106,272452067,29/07/26 08:05
148563699163,9564,194509588,29/07/26 08:05
148563632152,443773,7409183,29/07/26 08:05
148558007552,659145,180199000,29/07/26 08:05
148490801863,95925,243403201,29/07/26 08:05
148563703513,9075,45450702,29/07/26 08:05
148563621246,11571,272452025,29/07/26 08:05
148533383795,164099,271630388,29/07/26 08:05
148563842546,44749,272451802,29/07/26 08:05
148504583785,3183,83588951,29/07/26 08:05
148558007885,108285,115081051,29/07/26 08:05
148545067463,218933,161787101,29/07/26 08:05
148495714346,41953,127743920,29/07/26 08:05
148563706895,315637,256337647,29/07/26 08:05
148543115263,121029,111629069,29/07/26 08:05
148542585152,650641,99791821,29/07/26 08:05
148561600634,148344,255324592,29/07/26 08:05
148563842813,121029,140238944,29/07/26 08:05
148545040467,8731,113090096,29/07/26 08:05
148544758259,184089,92319223,29/07/26 08:06
148563832213,1941,88416483,29/07/26 08:06
148492908713,190770,245087408,29/07/26 08:06
148563833013,28880,150532419,29/07/26 08:06
148544998952,29929,46741695,29/07/26 08:06
148563834446,24358,269225548,29/07/26 08:06
148563892075,169311,272452265,29/07/26 08:06
148516800334,191528,186893953,29/07/26 08:06
148545020067,30015,79237668,29/07/26 08:06
148563897895,17058,71448115,29/07/26 08:06
148563831085,106722,202948332,29/07/26 08:06
148563163985,179712,148911274,29/07/26 08:06
148508869967,177056,33040948,29/07/26 08:06
148543123759,177672,142335263,29/07/26 08:06
148563824167,5145,5459125,29/07/26 08:06
148563714775,77636,158442287,29/07/26 08:06
148563176059,7732,245834174,29/07/26 08:06
148563848567,5575,252199485,29/07/26 08:06
148563897763,78535,272217405,29/07/26 08:06
148563843334,38659,272452236,29/07/26 08:06
148534523685,39015,91377671,29/07/26 08:06
148563273734,17553,272451696,29/07/26 08:06
148563898175,191056,272452019,29/07/26 08:06
148563898459,96075,272452048,29/07/26 08:06
148563898295,179475,272452024,29/07/26 08:06
148541671413,221855,142385064,29/07/26 08:06
148563270475,121041,272451694,29/07/26 08:06
148563749285,88527,83212360,29/07/26 08:06
148563706995,111378,106942486,29/07/26 08:06
148561478352,6168,268954546,29/07/26 08:06
148504849734,220457,55093968,29/07/26 08:06
148558921475,120819,53734426,29/07/26 08:06
148558637185,182757,268716109,29/07/26 08:06
148558832846,74917,229425401,29/07/26 08:06
148558630467,5195,155922701,29/07/26 08:06
148544509785,181411,219063000,29/07/26 08:06
148558833467,443004,5457008,29/07/26 08:06
148558673685,119321,153984853,29/07/26 08:06
148545880152,141707,120879027,29/07/26 08:06
148558710434,2253,76159697,29/07/26 08:06
148558590985,39384,44628136,29/07/26 08:06
148558835152,10183,60404738,29/07/26 08:06
148560143552,173936,162413709,29/07/26 08:06
148557887059,13544,272446748,29/07/26 08:06
148558840459,149030,209004357,29/07/26 08:06
148522263095,187043,60952025,29/07/26 08:06
148558530285,181330,22020526,29/07/26 08:06
148558658867,12196,147369547,29/07/26 08:06
148496240375,9565,56782493,29/07/26 08:06
148558624113,3175,68844948,29/07/26 08:06
148558607213,11469,225497704,29/07/26 08:06
148558543967,189643,74583888,29/07/26 08:06
148558530895,36058,272447255,29/07/26 08:06
148542051913,95566,196063986,29/07/26 08:06
148550497559,154371,180476271,29/07/26 08:06
148558524985,152897,270053093,29/07/26 08:06
148558830285,178634,272447463,29/07/26 08:06
148558596567,68814,81655942,29/07/26 08:06
148514364059,118488,89414438,29/07/26 08:06
148546382613,20397,230858149,29/07/26 08:06
148558673959,23161,109354925,29/07/26 08:06
148558515467,96142,63034813,29/07/26 08:06
148558832367,180741,264218437,29/07/26 08:06
148558814867,111749,189014718,29/07/26 08:06
148558825867,203221,272447454,29/07/26 08:06
148563629075,42112,79215767,29/07/26 08:06
148558676585,7691,241694757,29/07/26 08:06
148558330995,42674,223306532,29/07/26 08:06
148558824452,96552,150932231,29/07/26 08:06
148558484785,219024,156715545,29/07/26 08:06
148558417013,4107,1024212,29/07/26 08:06
148558464352,140053,109186089,29/07/26 08:06
148546949163,181669,272437574,29/07/26 08:06
148563603775,9485,63025699,29/07/26 08:06
148558406913,216256,50748671,29/07/26 08:06
148563837659,184879,146056379,29/07/26 08:06
148558420285,113949,37678820,29/07/26 08:06
148559086146,181579,39770792,29/07/26 08:06
148563600059,42952,45347226,29/07/26 08:06
148558473513,115831,272269850,29/07/26 08:06
148563849852,139847,10844036,29/07/26 08:06
148558425934,651834,35809691,29/07/26 08:06
148558541567,9206,263016358,29/07/26 08:06
148563752395,162544,254522157,29/07/26 08:06
148558443059,146420,25011002,29/07/26 08:06
148558331267,193626,116752190,29/07/26 08:06
148563597546,68419,6445684,29/07/26 08:06
148558427785,217627,192781740,29/07/26 08:06
148558480752,184882,118048589,29/07/26 08:06
148557877375,117104,235830447,29/07/26 08:06
148563750446,37815,272452139,29/07/26 08:06
148558640467,33712,84115529,29/07/26 08:06
148557872634,443238,213039283,29/07/26 08:06
148558678875,11219,9451389,29/07/26 08:06
148557881046,29411,94267148,29/07/26 08:06
148558007985,446163,269028828,29/07/26 08:06
148557881146,164613,50077097,29/07/26 08:06
148558826695,26941,78867516,29/07/26 08:06
148563326395,11917,123912527,29/07/26 08:06
148557868595,442483,272446713,29/07/26 08:06
148563743413,185338,105880336,29/07/26 08:06
148558525067,83867,140642823,29/07/26 08:06
148563326467,315637,87216774,29/07/26 08:06
148558677375,183122,270779712,29/07/26 08:06
148558377513,154930,184140923,29/07/26 08:06
148558384613,148611,61149139,29/07/26 08:06
148558413095,188511,133653897,29/07/26 08:06
148557867059,11287,154322292,29/07/26 08:06
148558674559,650588,129320854,29/07/26 08:06
148557878867,68098,152778457,29/07/26 08:06
148563324785,135705,14455021,29/07/26 08:06
148563073034,19054,185068828,29/07/26 08:06
148557863767,185054,254074446,29/07/26 08:06
148563897695,160095,272344584,29/07/26 08:06
148558372895,217137,187843745,29/07/26 08:06
148563590575,104527,221222789,29/07/26 08:06
148557879552,3712,70768604,29/07/26 08:06
148558379395,90423,159919086,29/07/26 08:06
148563327013,135826,272451695,29/07/26 08:06
148563835167,141700,27032365,29/07/26 08:06
148563508485,167664,27566212,29/07/26 08:06
148558383734,85171,79316656,29/07/26 08:06
148563423167,10950,213495689,29/07/26 08:06
148563888663,139842,20553541,29/07/26 08:06
148545460246,3719,272436301,29/07/26 08:06
148558384452,442060,190372809,29/07/26 08:06
148557867867,179728,255483212,29/07/26 08:06
148557877513,14562,90751046,29/07/26 08:06
148558454275,184905,123447248,29/07/26 08:06
148557873252,178634,99313344,29/07/26 08:06
148558380963,33172,272337442,29/07/26 08:06
148557869363,132960,114996963,29/07/26 08:06
148558010059,146230,63247554,29/07/26 08:06
148563559967,12391,4958908,29/07/26 08:06
148557873334,143130,11137115,29/07/26 08:06
148563601313,655786,110626806,29/07/26 08:06
148563849367,182974,62786837,29/07/26 08:06
148563412575,126817,81326467,29/07/26 08:06
148558378467,121362,272447111,29/07/26 08:06
148563324034,78843,272451705,29/07/26 08:06
148563317395,166960,270486785,29/07/26 08:06
148563327163,42966,252261556,29/07/26 08:06
148558393095,181687,238116562,29/07/26 08:06
148557873059,132091,51724403,29/07/26 08:06
148557873895,656235,272446657,29/07/26 08:06
148558439652,134229,321798,29/07/26 08:06
148563515467,445364,267678208,29/07/26 08:06
148558462313,43237,40360012,29/07/26 08:06
148563602267,141648,8531400,29/07/26 08:06
148563578995,3371,77899477,29/07/26 08:06
148563598834,146636,205884247,29/07/26 08:06
148563598446,2646,272451971,29/07/26 08:06
148563579152,182035,186611963,29/07/26 08:06
148557878752,27304,142341200,29/07/26 08:06
148558417695,1427,272447113,29/07/26 08:06
148563845459,35670,152188876,29/07/26 08:06
148563843985,184491,203522573,29/07/26 08:06
148563761713,122219,227821994,29/07/26 08:06
148563907085,73158,3071835,29/07/26 08:06
148547693513,43588,217964931,29/07/26 08:06
148563899613,10452,272235420,29/07/26 08:06
148563813852,9564,117961087,29/07/26 08:06
148557876534,26662,271161358,29/07/26 08:06
148563327446,41414,269923196,29/07/26 08:06
148563714685,104917,66806325,29/07/26 08:06
148563898675,73202,272452266,29/07/26 08:07
148563813434,179005,239682753,29/07/26 08:07
148558198152,44182,152810932,29/07/26 08:07
148563720534,2743,262651027,29/07/26 08:07
148563901252,20715,210766110,29/07/26 08:07
148510315395,140257,144295557,29/07/26 08:07
148560147075,19878,69711382,29/07/26 08:07
148563849134,162792,98982749,29/07/26 08:07
148562881967,182430,233339634,29/07/26 08:07
148563894034,230110,123025531,29/07/26 08:07
148563903613,154386,272452133,29/07/26 08:07
148563814567,182280,87418165,29/07/26 08:07
148563715259,4666,266289529,29/07/26 08:07
148563634552,123794,55482708,29/07/26 08:07
148558678185,122613,151474695,29/07/26 08:07
148558654913,658818,153374810,29/07/26 08:07
148512203263,1984,120272453,29/07/26 08:07
148558821685,11287,116995847,29/07/26 08:07
148563850067,20645,272452247,29/07/26 08:07
148558530313,30915,82261942,29/07/26 08:07
148558818485,136631,271123818,29/07/26 08:07
148563716963,145127,120863802,29/07/26 08:07
148563902375,350375,263831100,29/07/26 08:07
148558817713,139284,272447438,29/07/26 08:07
148558827395,18299,256432281,29/07/26 08:07
148558822267,1425,56354026,29/07/26 08:07
148558816152,147395,272447433,29/07/26 08:07
148558526952,362799,59526957,29/07/26 08:07
148558508713,50414,14132413,29/07/26 08:07
148558648463,209136,211315486,29/07/26 08:07
148558521413,35814,37600514,29/07/26 08:07
148558528959,31958,90680636,29/07/26 08:07
148558518446,30922,5267720,29/07/26 08:07
148558516246,4497,270398190,29/07/26 08:07
148558822652,28880,272447449,29/07/26 08:07
148558827413,176688,193251862,29/07/26 08:07
148491637575,26482,21416674,29/07/26 08:07
148558645346,7170,185239128,29/07/26 08:07
148558822452,142144,272447448,29/07/26 08:07
148558667685,445802,13118505,29/07/26 08:07
148558815685,90396,84437108,29/07/26 08:07
148558814763,150137,114666168,29/07/26 08:07
148558518613,3156,33796768,29/07/26 08:07
148558524846,220255,202107132,29/07/26 08:07
148558818034,178192,137483305,29/07/26 08:07
148558826513,100881,135885108,29/07/26 08:07
148557856513,20936,271988517,29/07/26 08:07
148558809163,158524,20442974,29/07/26 08:07
148563901963,138428,272452275,29/07/26 08:07
148558643395,34912,99428135,29/07/26 08:07
148558654252,2646,272447321,29/07/26 08:07
148558809313,150726,54683738,29/07/26 08:07
148558824895,445384,123463518,29/07/26 08:07
148558698446,111257,194892766,29/07/26 08:07
148558810934,158580,272447421,29/07/26 08:07
148558810559,165696,207944009,29/07/26 08:07
148558809934,144772,250905284,29/07/26 08:07
148558651934,148451,66454035,29/07/26 08:07
148558799367,158580,272447009,29/07/26 08:07
148558799795,180331,272447398,29/07/26 08:07
148558659034,153674,272447243,29/07/26 08:07
148563604146,68023,14368382,29/07/26 08:07
148563874559,122229,111039135,29/07/26 08:07
148558814046,147624,63235333,29/07/26 08:07
148563605259,14775,194700189,29/07/26 08:07
148558832463,651690,129892260,29/07/26 08:07
148563707767,7813,272452074,29/07/26 08:07
148558817563,151330,272447437,29/07/26 08:07
148557862246,443238,272446605,29/07/26 08:07
148558359763,69209,272447095,29/07/26 08:07
148558656675,24107,187379244,29/07/26 08:07
148558834613,39959,93579091,29/07/26 08:07
148556686575,136185,161930134,29/07/26 08:07
148557863046,1903,272446614,29/07/26 08:07
148556696752,22540,256537001,29/07/26 08:07
148558597695,138541,98537208,29/07/26 08:07
148557858459,84153,39614899,29/07/26 08:07
148563605852,37393,4258545,29/07/26 08:07
148558822959,96313,58483222,29/07/26 08:07
148558364485,138405,194475276,29/07/26 08:07
148558006634,65160,75222801,29/07/26 08:07
148563605367,126377,3256004,29/07/26 08:07
148557853985,2303,268461241,29/07/26 08:07
148557860067,126640,256016804,29/07/26 08:07
148556685152,42392,126271156,29/07/26 08:07
148557855613,99657,86796465,29/07/26 08:07
148509618185,20986,220524187,29/07/26 08:07
148558363495,180721,268471110,29/07/26 08:07
148558199446,6695,8739900,29/07/26 08:07
148558049685,23714,272446329,29/07/26 08:07
148557853895,2046,59153505,29/07/26 08:07
148558353534,183474,3696759,29/07/26 08:07
148558273267,18682,151096534,29/07/26 08:07
148557483385,53121,153158253,29/07/26 08:07
148557845552,121161,236046560,29/07/26 08:07
148558359013,107088,50769250,29/07/26 08:07
148557278385,80439,186610923,29/07/26 08:07
148558828263,183704,62667176,29/07/26 08:07
148558043946,215791,245306635,29/07/26 08:07
148557865575,650587,61350617,29/07/26 08:07
148563604434,96506,272451921,29/07/26 08:07
148563610059,4061,39671772,29/07/26 08:07
148558360446,145249,112022499,29/07/26 08:07
148557842175,10944,121789725,29/07/26 08:07
148557860295,32733,77309248,29/07/26 08:07
148557864275,1978,130389734,29/07/26 08:07
148563727559,146094,250121571,29/07/26 08:07
148558367152,435113,116903250,29/07/26 08:07
148558355867,656152,113191710,29/07/26 08:07
148557860995,65664,246931690,29/07/26 08:07
148557475952,181630,272445614,29/07/26 08:07
148563907875,167035,272452294,29/07/26 08:07
148557863475,20941,269712952,29/07/26 08:07
148557294252,154972,27774518,29/07/26 08:07
148557863952,167387,163427285,29/07/26 08:07
148560704375,41794,272448858,29/07/26 08:07
148558356952,9179,272447075,29/07/26 08:07
148563674713,37377,65096446,29/07/26 08:07
148558377467,444743,154241626,29/07/26 08:07
148558361913,122215,52233791,29/07/26 08:07
148563724813,2970,76152046,29/07/26 08:07
148563902834,86031,157166931,29/07/26 08:07
148563693552,188514,240120110,29/07/26 08:07
148558820085,183257,272447443,29/07/26 08:07
148563909246,35137,272452301,29/07/26 08:07
148563717563,36520,116094024,29/07/26 08:07
148515141175,29150,164414532,29/07/26 08:07
148563725613,150851,65784433,29/07/26 08:07
148558355495,3417,61882576,29/07/26 08:07
148563731346,181758,272376675,29/07/26 08:07
148563902295,206723,27095893,29/07/26 08:07
148563031046,31490,55762534,29/07/26 08:07
148539436295,69608,255218587,29/07/26 08:07
148563908467,190544,272452297,29/07/26 08:07
148563911085,158814,250766362,29/07/26 08:07
148563831413,162024,72570306,29/07/26 08:08
148563900413,43849,220080804,29/07/26 08:08
148511014995,27304,54425240,29/07/26 08:08
148563734763,159723,77406059,29/07/26 08:08
148560699659,20595,199868659,29/07/26 08:08
148520131852,142150,222976509,29/07/26 08:08
148548928575,40012,122446075,29/07/26 08:08
148558807852,190791,272447416,29/07/26 08:08
148558510495,17145,131814038,29/07/26 08:08
148558511946,20757,150775450,29/07/26 08:08
148544455295,114209,98924904,29/07/26 08:08
148558507095,32243,272447211,29/07/26 08:08
148558821252,187175,78384850,29/07/26 08:08
148558508052,132775,158369708,29/07/26 08:08
148558818975,192332,191937803,29/07/26 08:08
148558805495,146112,79868915,29/07/26 08:08
148558506634,159770,257780489,29/07/26 08:08
148563331034,169,13125949,29/07/26 08:08
148558507885,55829,246329771,29/07/26 08:08
148558809513,182501,117588012,29/07/26 08:08
148546293363,135647,268139149,29/07/26 08:08
148498005067,205010,185150842,29/07/26 08:08
148558571475,23336,192182241,29/07/26 08:08
148563826463,26941,90290918,29/07/26 08:08
148558510863,182793,54519273,29/07/26 08:08
148558505334,178654,86867176,29/07/26 08:08
148558466775,89593,162009611,29/07/26 08:08
148558805134,235667,205773378,29/07/26 08:08
148563734634,109094,211172500,29/07/26 08:08
148558632013,183655,257568709,29/07/26 08:08
148558803213,181560,196627609,29/07/26 08:08
148558786467,30202,51779128,29/07/26 08:08
148557828752,7373,272446667,29/07/26 08:08
148558504334,119092,272447205,29/07/26 08:08
148558803385,6869,272447409,29/07/26 08:08
148558709852,64867,235260866,29/07/26 08:08
148516326163,39442,56131225,29/07/26 08:08
148558769813,19054,255672929,29/07/26 08:08
148558799534,64804,236214971,29/07/26 08:08
148563908046,74968,272452295,29/07/26 08:08
148558499852,21758,26573569,29/07/26 08:08
148545131895,31948,270061544,29/07/26 08:08
148557868867,73762,272446589,29/07/26 08:08
148558670875,87883,138747130,29/07/26 08:08
148563606663,41550,272451977,29/07/26 08:08
148558494234,189672,104112543,29/07/26 08:08
148558668052,5709,269445393,29/07/26 08:08
148558789546,34445,103881351,29/07/26 08:08
148558781467,186154,103582107,29/07/26 08:08
148558647567,184886,252910702,29/07/26 08:08
148558500946,35731,23190311,29/07/26 08:08
148558813252,15678,158856260,29/07/26 08:08
148558807663,38564,249399624,29/07/26 08:08
148557507467,165577,63964805,29/07/26 08:08
148563333075,2210,77069037,29/07/26 08:08
148557838863,161859,269015714,29/07/26 08:08
148557848613,185664,83605645,29/07/26 08:08
148563332434,42707,135977424,29/07/26 08:08
148558500775,148165,152361608,29/07/26 08:08
148557846946,85810,247308771,29/07/26 08:08
148563337785,167035,272451678,29/07/26 08:08
148557850463,650182,272446670,29/07/26 08:08
148558676075,164275,42989362,29/07/26 08:08
148563606352,174552,272451966,29/07/26 08:08
148557845252,445264,19580200,29/07/26 08:08
148563334563,35539,102785162,29/07/26 08:08
148563341775,216903,272451732,29/07/26 08:08
148563332659,184307,136968743,29/07/26 08:08
148563334113,7000,223525632,29/07/26 08:08
148558800834,141067,69449592,29/07/26 08:08
148558800734,45985,272447400,29/07/26 08:08
148563736663,157303,65993924,29/07/26 08:08
148563334867,39173,43773280,29/07/26 08:08
148558345013,5123,15872482,29/07/26 08:08
148558498334,36887,114507577,29/07/26 08:08
148558353085,189989,272447089,29/07/26 08:08
148563339813,172004,94488821,29/07/26 08:08
148557843375,34847,45809918,29/07/26 08:08
148558165346,55753,272446665,29/07/26 08:08
148558511763,189737,91988657,29/07/26 08:08
148563616375,49708,272451960,29/07/26 08:08
148557848446,90475,125242747,29/07/26 08:08
148558015552,752,107998619,29/07/26 08:08
148563333446,180492,250252358,29/07/26 08:08
148557838475,104660,84745048,29/07/26 08:08
148563335885,19528,13297115,29/07/26 08:08
148558342113,106119,272447074,29/07/26 08:08
148563340263,22888,92518502,29/07/26 08:08
148558200875,347312,271902416,29/07/26 08:08
148558341763,135826,272447052,29/07/26 08:08
148563334334,30353,50848597,29/07/26 08:08
148557843267,121189,224262957,29/07/26 08:08
148557879175,104607,58419407,29/07/26 08:08
148563613559,224636,270474007,29/07/26 08:08
148557842246,166899,131672730,29/07/26 08:08
148558342734,182804,199415595,29/07/26 08:08
148557286163,69245,152558477,29/07/26 08:08
148558647685,658861,189256471,29/07/26 08:08
148563734485,188676,272452115,29/07/26 08:08
148557845063,659500,75685245,29/07/26 08:08
148557839459,50414,272347477,29/07/26 08:08
148563931446,35821,91286519,29/07/26 08:08
148557850852,194657,143942246,29/07/26 08:08
148557833285,656982,248657736,29/07/26 08:08
148558349385,443934,272447071,29/07/26 08:08
148558809485,65348,99619210,29/07/26 08:08
148563614359,147,242710506,29/07/26 08:08
148516301234,153493,40520104,29/07/26 08:08
148563344295,187076,59486222,29/07/26 08:08
148558074713,43881,269902474,29/07/26 08:08
148563923067,186154,270028897,29/07/26 08:08
148494377534,144811,236165986,29/07/26 08:08
148563920985,154583,96494632,29/07/26 08:08
148557281167,177251,222327707,29/07/26 08:08
148558341285,11577,9043849,29/07/26 08:08
148563612852,154376,272452002,29/07/26 08:08
148558341846,208838,79008731,29/07/26 08:08
148557848095,30670,135225122,29/07/26 08:08
148556626813,20466,272445768,29/07/26 08:08
148563332852,9405,249329831,29/07/26 08:08
148558341663,135647,272447046,29/07/26 08:08
148557269359,64870,225794253,29/07/26 08:08
148563902685,74189,14322348,29/07/26 08:08
148557836985,6045,272292756,29/07/26 08:08
148558351863,205218,78056734,29/07/26 08:08
148557868185,177879,272446669,29/07/26 08:08
148563926559,154987,272298249,29/07/26 08:08
148557845695,24598,95418014,29/07/26 08:08
148563852667,27304,272452256,29/07/26 08:08
148563916085,146575,269659917,29/07/26 08:08
148563614063,214731,24419868,29/07/26 08:08
148563923559,2106,83740006,29/07/26 08:08
148563740359,28992,36408367,29/07/26 08:08
148563922959,167714,139778427,29/07/26 08:08
148563904195,182640,201124958,29/07/26 08:08
148557852475,162253,68320270,29/07/26 08:08
148563733267,5681,249310129,29/07/26 08:08
148563738952,105901,238245007,29/07/26 08:08
148563736467,7635,272452117,29/07/26 08:08
148558802252,188386,270792622,29/07/26 08:08
148563847752,99828,157608198,29/07/26 08:08
148563928234,180898,77658547,29/07/26 08:08
148563908546,133127,272431196,29/07/26 08:08
148563413285,27593,98823169,29/07/26 08:08
148563739975,443638,212111413,29/07/26 08:09
148563836813,27304,221261440,29/07/26 08:09
148563837859,166786,201298924,29/07/26 08:09
148563874413,88026,272452225,29/07/26 08:09
148563614463,126590,272452005,29/07/26 08:09
148563719663,9211,75527653,29/07/26 08:09
148563912763,132943,209272380,29/07/26 08:09
148563843159,22627,71560529,29/07/26 08:09
148530296313,9886,11506574,29/07/26 08:09
148563847634,142745,270668428,29/07/26 08:09
148558494675,6222,272447185,29/07/26 08:09
148558261175,11748,272447025,29/07/26 08:09
148512209367,160555,21086565,29/07/26 08:09
148563929285,138541,126874443,29/07/26 08:09
148558667252,170465,53894241,29/07/26 08:09
148558711513,122779,12363543,29/07/26 08:09
148558490113,221292,210640999,29/07/26 08:09
148557814995,72626,272446650,29/07/26 08:09
148558481913,10491,272447161,29/07/26 08:09
148558491013,5120,182435758,29/07/26 08:09
148558681285,150167,68554528,29/07/26 08:09
148520664685,445658,120078333,29/07/26 08:09
148558478613,25484,247202853,29/07/26 08:09
148558970334,28214,181980369,29/07/26 08:09
148558684885,40642,75151774,29/07/26 08:09
148558763375,6240,10500461,29/07/26 08:09
148557844559,165034,271481014,29/07/26 08:09
148558697459,41635,240994733,29/07/26 08:09
148558527134,35682,217887970,29/07/26 08:09
148558483963,166780,29514356,29/07/26 08:09
148558744163,158524,208314076,29/07/26 08:09
148558640834,158687,272447290,29/07/26 08:09
148558485895,43769,208242206,29/07/26 08:09
148558676795,55993,272447367,29/07/26 08:09
148558483575,5521,27964852,29/07/26 08:09
148558754367,8732,190761736,29/07/26 08:09
148558528513,185930,272347389,29/07/26 08:09
148558530095,163713,228528926,29/07/26 08:09
148563341195,217174,272192983,29/07/26 08:09
148558487963,171053,47084999,29/07/26 08:09
148558646275,55993,272447305,29/07/26 08:09
148558347475,183737,180831564,29/07/26 08:09
148558701034,216806,129366176,29/07/26 08:09
148549155985,32224,252717462,29/07/26 08:09
148558668613,189928,57133355,29/07/26 08:09
148546994252,73955,6096376,29/07/26 08:09
148558487746,10430,14251337,29/07/26 08:09
148558638563,95990,254240298,29/07/26 08:09
148558728885,9646,73843881,29/07/26 08:09
148558631734,34261,272447278,29/07/26 08:09
148558362963,4154,272447110,29/07/26 08:09
148556555095,1612,11023593,29/07/26 08:09
148558802646,143127,196605003,29/07/26 08:09
148558672946,23078,247296614,29/07/26 08:09
148563340846,445774,246010312,29/07/26 08:09
148558329459,181402,238405786,29/07/26 08:09
148556518967,24329,216125543,29/07/26 08:09
148557830346,86352,92996301,29/07/26 08:09
148557837695,5145,246877314,29/07/26 08:09
148557837559,179357,106192485,29/07/26 08:09
148557833767,55749,150953534,29/07/26 08:09
148558017513,153058,160421967,29/07/26 08:09
148558675234,17057,146829220,29/07/26 08:09
148557828195,21280,49612626,29/07/26 08:09
148557832367,7539,225991574,29/07/26 08:09
148557782634,114304,222680611,29/07/26 08:09
148557831213,142563,10100245,29/07/26 08:09
148557251446,49661,136272227,29/07/26 08:09
148557829075,148848,158070474,29/07/26 08:09
148557832067,9170,76586742,29/07/26 08:09
148557738495,11279,80159115,29/07/26 08:09
148563342363,279058,272451731,29/07/26 08:09
148558245485,181932,237221817,29/07/26 08:09
148558335059,180203,127647030,29/07/26 08:09
148558519275,13138,120820013,29/07/26 08:09
148557793113,140872,97471359,29/07/26 08:09
148563341995,153456,190664620,29/07/26 08:09
148558340459,5525,74619257,29/07/26 08:09
148563615434,444696,272451923,29/07/26 08:09
148557727767,35424,199758181,29/07/26 08:09
148557827285,178387,272446663,29/07/26 08:09
148557803275,88308,272446641,29/07/26 08:09
148557836634,184943,214823978,29/07/26 08:09
148558332659,89593,153349524,29/07/26 08:09
148557766134,43612,28698659,29/07/26 08:09
148557822685,166862,25270418,29/07/26 08:09
148563120952,156270,272451352,29/07/26 08:09
148558008134,12542,220260468,29/07/26 08:09
148557993875,157027,127555328,29/07/26 08:09
148563738895,161759,113312713,29/07/26 08:09
148558330134,38333,163740454,29/07/26 08:09
148557837152,148771,246728413,29/07/26 08:09
148557834295,45893,160445011,29/07/26 08:09
148557760367,12096,233763116,29/07/26 08:09
148563621059,183597,22083958,29/07/26 08:09
148557796752,22111,244814083,29/07/26 08:09
148563922075,178011,31508867,29/07/26 08:09
148557823285,144,160734680,29/07/26 08:09
148557838263,41347,247309252,29/07/26 08:09
148563616459,192613,272452017,29/07/26 08:09
148563345767,187433,104787129,29/07/26 08:09
148563625459,180034,107487418,29/07/26 08:09
148557804195,42491,120998058,29/07/26 08:09
148563735246,23336,233073516,29/07/26 08:09
148557811659,84108,272446638,29/07/26 08:09
148557822275,655652,109143363,29/07/26 08:09
148563622967,445774,5982557,29/07/26 08:09
148558270267,12697,253332744,29/07/26 08:09
148558291567,83871,109456823,29/07/26 08:09
148563347852,139152,47429744,29/07/26 08:09
148558281285,163030,114026230,29/07/26 08:09
148558242063,177372,50850806,29/07/26 08:09
148563624175,443448,61822605,29/07/26 08:09
148563348485,20465,152589622,29/07/26 08:09
148563832113,8406,6246800,29/07/26 08:09
148563623167,208140,112498650,29/07/26 08:09
148563621734,5261,154909711,29/07/26 08:09
148558325095,148169,147967744,29/07/26 08:09
148563623334,7432,52516177,29/07/26 08:09
148563922652,10805,112682280,29/07/26 08:09
148563346075,11180,3653974,29/07/26 08:09
148563838385,95244,113668024,29/07/26 08:09
148563626346,167481,252838233,29/07/26 08:09
148563930334,17994,90087055,29/07/26 08:09
148558439559,32851,41381604,29/07/26 08:09
148563623013,178319,138327885,29/07/26 08:09
148542605834,52905,131548384,29/07/26 08:09
148557793863,179922,210494993,29/07/26 08:09
148563607346,1617,272451985,29/07/26 08:09
148563348175,12543,97491320,29/07/26 08:09
148558332459,114243,236473938,29/07/26 08:09
148558333985,12096,226814274,29/07/26 08:09
148558291046,166533,66547194,29/07/26 08:09
148557783813,142523,130088846,29/07/26 08:09
148563429567,108093,186190138,29/07/26 08:09
148557798659,181725,135602384,29/07/26 08:09
148557759785,65836,229583801,29/07/26 08:09
148563911452,21642,2294799,29/07/26 08:09
148563340067,218070,272451607,29/07/26 08:09
148524470813,183280,48871330,29/07/26 08:09
148563927752,3993,195055552,29/07/26 08:09
148563619434,5638,41154298,29/07/26 08:09
148563927485,180331,272452326,29/07/26 08:09
148557775075,445058,22157458,29/07/26 08:09
148560148285,659187,224409409,29/07/26 08:09
148557825952,650,162736128,29/07/26 08:09
148563121367,158780,272451455,29/07/26 08:09
148563733134,655062,213489018,29/07/26 08:09
148563836359,184882,41754668,29/07/26 08:09
148560630034,167035,272448805,29/07/26 08:09
148563834752,120954,272452222,29/07/26 08:09
148561493463,163954,272449505,29/07/26 08:10
148563905667,24146,272452285,29/07/26 08:10
148563750559,145359,35452655,29/07/26 08:10
148563751695,32753,88968878,29/07/26 08:10
148563836195,156361,251979917,29/07/26 08:10
148547723163,161242,264535570,29/07/26 08:10
148563466034,50110,229309253,29/07/26 08:10
148563751213,8417,96085358,29/07/26 08:10
148563921234,161373,105881798,29/07/26 08:10
148558482485,35097,65542652,29/07/26 08:10
148500626663,8995,269640150,29/07/26 08:10
148488789646,99655,272077107,29/07/26 08:10
148557691875,315,272446594,29/07/26 08:10
148558672734,42626,272447360,29/07/26 08:10
148558445063,98819,45874211,29/07/26 08:10
148502945163,187118,74242147,29/07/26 08:10
148558454913,35216,255065235,29/07/26 08:10
148558651546,55690,43906207,29/07/26 08:10
148558659552,5481,147109012,29/07/26 08:10
148558379634,142770,128050019,29/07/26 08:10
148531581263,132912,158581019,29/07/26 08:10
148558656895,20656,163360742,29/07/26 08:10
148558549552,445178,149299791,29/07/26 08:10
148558659852,85369,35661468,29/07/26 08:10
148558479513,163840,74751489,29/07/26 08:10
148558389063,90117,234133731,29/07/26 08:10
148557673863,230157,272446554,29/07/26 08:10
148495861552,114031,121796043,29/07/26 08:10
148563831675,42771,272452182,29/07/26 08:10
148563955895,168356,9463860,29/07/26 08:10
148563634795,68759,272452047,29/07/26 08:10
148558676413,100625,239291679,29/07/26 08:10
148558674359,68572,271626830,29/07/26 08:10
148563627113,194546,54210149,29/07/26 08:10
148558524413,180898,132294847,29/07/26 08:10
148558658252,88026,33439149,29/07/26 08:10
148558655513,8396,40377659,29/07/26 08:10
148558474559,182500,77392975,29/07/26 08:10
148558644852,658837,94420018,29/07/26 08:10
148558684413,28702,11193612,29/07/26 08:10
148558348659,180898,144532527,29/07/26 08:10
148557683485,4225,272446580,29/07/26 08:10
148558670213,139578,100684092,29/07/26 08:10
148558199063,4786,272446983,29/07/26 08:10
148557682813,157281,258457802,29/07/26 08:10
148558512763,31302,272447222,29/07/26 08:10
148558521834,31500,62778301,29/07/26 08:10
148557713146,441810,264075970,29/07/26 08:10
148557706013,189053,258203073,29/07/26 08:10
148557836463,185298,40141594,29/07/26 08:10
148558213495,95302,240322646,29/07/26 08:10
148557712467,122158,234481085,29/07/26 08:10
148563938113,1312,7697559,29/07/26 08:10
148558667759,40648,272447349,29/07/26 08:10
148563749534,158222,272452136,29/07/26 08:10
148558218585,31717,272447004,29/07/26 08:10
148563903159,1745,160305895,29/07/26 08:10
148557836185,162485,147284771,29/07/26 08:10
148558227663,165045,27773934,29/07/26 08:10
148557699567,161122,189868612,29/07/26 08:10
148491795052,1419,85817206,29/07/26 08:10
148563939052,118734,77452425,29/07/26 08:10
148558211485,90470,69631639,29/07/26 08:10
148558218252,5345,69456628,29/07/26 08:10
148558212467,6495,58918319,29/07/26 08:10
148557901713,182975,272446603,29/07/26 08:10
148563633675,53398,222914735,29/07/26 08:10
148558210052,32822,115058919,29/07/26 08:10
148558652995,183725,124109249,29/07/26 08:10
148557692146,654003,264266581,29/07/26 08:10
148558478959,21758,70874659,29/07/26 08:10
148563952059,18711,36917222,29/07/26 08:10
148557692467,43167,263244284,29/07/26 08:10
148558207234,203823,28012974,29/07/26 08:10
148557699463,654817,127417887,29/07/26 08:10
148558214695,445762,190044153,29/07/26 08:10
148563833752,149673,150313811,29/07/26 08:10
148563771067,132919,272452144,29/07/26 08:10
148557688613,184160,121151012,29/07/26 08:10
148557707959,160555,75844516,29/07/26 08:10
148557699795,156444,3512466,29/07/26 08:10
148563355267,38154,26376886,29/07/26 08:10
148558210975,181877,25806317,29/07/26 08:10
148563933252,167265,272452343,29/07/26 08:10
148557484559,190170,272445989,29/07/26 08:10
148563773595,26995,252087129,29/07/26 08:10
148563632385,1056,34338213,29/07/26 08:10
148558211385,183257,272446831,29/07/26 08:10
148557690252,55071,49023405,29/07/26 08:10
148563429034,19002,34518576,29/07/26 08:10
148556471167,24675,205180215,29/07/26 08:10
148557703159,445988,14957027,29/07/26 08:10
148557693175,162666,150546580,29/07/26 08:10
148558207452,27720,228477147,29/07/26 08:10
148563935534,3347,272452350,29/07/26 08:10
148563503634,21643,81821258,29/07/26 08:10
148558358175,11788,191999990,29/07/26 08:10
148563631113,98681,272452046,29/07/26 08:10
148563931663,32470,255554250,29/07/26 08:10
148557698485,179822,157101233,29/07/26 08:10
148557842734,80959,149177964,29/07/26 08:10
148557869885,180898,110911253,29/07/26 08:10
148557699885,168765,189095623,29/07/26 08:10
148520634575,178556,29082094,29/07/26 08:10
148563629559,19756,150366561,29/07/26 08:10
148557694775,179995,240790790,29/07/26 08:10
148563350995,21558,81674924,29/07/26 08:10
148563351034,193956,38219312,29/07/26 08:10
148558212034,6776,272446984,29/07/26 08:10
148563627713,2561,272452023,29/07/26 08:10
148557703063,185683,46470589,29/07/26 08:10
148563841867,10816,252446343,29/07/26 08:10
148557475046,18794,265582020,29/07/26 08:10
148563632259,10443,126510240,29/07/26 08:10
148557677095,33176,272446569,29/07/26 08:10
148563906752,74802,272452290,29/07/26 08:10
148557699052,650199,24666294,29/07/26 08:10
148557696934,65042,133265814,29/07/26 08:10
148557697895,84872,6878309,29/07/26 08:10
148557694059,40408,270046304,29/07/26 08:10
148557126267,20235,240150497,29/07/26 08:10
148563633063,139938,27632555,29/07/26 08:10
148563354185,137953,68406326,29/07/26 08:10
148563945252,21376,271866932,29/07/26 08:10
148563792875,52927,189407676,29/07/26 08:10
148563635595,154471,2535624,29/07/26 08:10
148563503985,6414,71534655,29/07/26 08:10
148557691059,65631,155054728,29/07/26 08:10
148563924395,32187,34312689,29/07/26 08:10
148563903385,122213,272452279,29/07/26 08:10
148563810775,65552,131432620,29/07/26 08:10
148563934134,37848,94374173,29/07/26 08:10
148561382695,223307,20987667,29/07/26 08:10
148563952752,142407,268549882,29/07/26 08:10
148563847575,126652,21610684,29/07/26 08:10
148563834059,652068,272452218,29/07/26 08:10
148495417585,165827,196174134,29/07/26 08:10
148563925863,180666,272452220,29/07/26 08:10
148563810985,188975,28758836,29/07/26 08:10
148562956446,15976,272451345,29/07/26 08:11
148563849246,44040,45703081,29/07/26 08:11
148563813563,190516,7001172,29/07/26 08:11
148563740813,6218,272452121,29/07/26 08:11
148563933885,204206,105517082,29/07/26 08:11
148563814252,169541,271337222,29/07/26 08:11
148563937863,88383,59836369,29/07/26 08:11
148563398613,64988,272451410,29/07/26 08:11
148563942763,27304,188670539,29/07/26 08:11
148503554085,139096,270777471,29/07/26 08:11
148563926863,33675,227607251,29/07/26 08:11
148563352275,180976,266750685,29/07/26 08:11
148563351652,180861,270454317,29/07/26 08:11
148563936534,136100,272452351,29/07/26 08:11
148564011352,5680,269225449,29/07/26 08:11
148563355763,651541,242466103,29/07/26 08:11
148563350134,10805,270588681,29/07/26 08:11
148564011695,4805,272351973,29/07/26 08:11
148564011785,224733,272452081,29/07/26 08:11
148560617934,183172,103431084,29/07/26 08:11
148504575675,77641,64709597,29/07/26 08:11
148534241995,138698,264816919,29/07/26 08:11
148558650495,7720,86179445,29/07/26 08:11
148558519959,77790,91800210,29/07/26 08:11
148563943113,153869,248784544,29/07/26 08:11
148558373567,143856,29081746,29/07/26 08:11
148558487567,148752,198528323,29/07/26 08:11
148558375863,203939,46414630,29/07/26 08:11
148545174295,134086,264203671,29/07/26 08:11
148558515275,177431,111650382,29/07/26 08:11
148558671246,149199,189676782,29/07/26 08:11
148558382613,191399,144360232,29/07/26 08:11
148558377163,141701,41752474,29/07/26 08:11
148558663285,114013,262150266,29/07/26 08:11
148564016995,182854,34926413,29/07/26 08:11
148558654852,8732,272447322,29/07/26 08:11
148563933675,182472,105769794,29/07/26 08:11
148558666585,148667,195020807,29/07/26 08:11
148558812385,183916,62113824,29/07/26 08:11
148558354013,204413,4087109,29/07/26 08:11
148558361852,158776,156792996,29/07/26 08:11
148549344246,44879,73173302,29/07/26 08:11
148558660267,204778,246532595,29/07/26 08:11
148558647834,42066,272447309,29/07/26 08:11
148558662475,179584,214339873,29/07/26 08:11
148558656985,136100,48438313,29/07/26 08:11
148563410185,35893,2771851,29/07/26 08:11
148558361685,186335,136085901,29/07/26 08:11
148558510275,149091,272447135,29/07/26 08:11
148563354552,26705,271533746,29/07/26 08:11
148558631213,178848,24484462,29/07/26 08:11
148518261634,752,235560203,29/07/26 08:11
148558655359,95568,247592093,29/07/26 08:11
148563716552,189420,58105579,29/07/26 08:11
148558661163,6044,84090334,29/07/26 08:11
148558655495,188512,142090589,29/07/26 08:11
148563896252,42102,80373767,29/07/26 08:11
148557672495,154471,137291574,29/07/26 08:11
148562715375,180204,272451050,29/07/26 08:11
148563665752,20717,272452059,29/07/26 08:11
148557939534,6062,105924517,29/07/26 08:11
148557661595,11073,272446541,29/07/26 08:11
148557683563,20997,272446460,29/07/26 08:11
148557675485,216712,272446562,29/07/26 08:11
148558516175,654845,272341241,29/07/26 08:11
148558677063,74952,265483805,29/07/26 08:11
148558204195,14944,267244497,29/07/26 08:11
148558183634,192677,272446827,29/07/26 08:11
148558663567,26545,103976425,29/07/26 08:11
148557700885,221794,272446564,29/07/26 08:11
148558648152,653445,272447313,29/07/26 08:11
148557662713,189571,240818208,29/07/26 08:11
148558553934,181108,66419674,29/07/26 08:11
148557674895,16924,14287258,29/07/26 08:11
148562903359,178957,272451266,29/07/26 08:11
148563356463,25549,272451757,29/07/26 08:11
148563404385,3092,105598359,29/07/26 08:11
148563814834,139602,59023067,29/07/26 08:11
148558664913,181850,229403727,29/07/26 08:11
148557676252,35391,135608990,29/07/26 08:11
148557650359,145127,222408282,29/07/26 08:11
148558644085,158907,110162250,29/07/26 08:11
148557779063,5692,52856422,29/07/26 08:11
148558660459,126362,37604166,29/07/26 08:11
148558206185,78843,46989000,29/07/26 08:11
148557672685,219218,272446531,29/07/26 08:11
148563935267,140311,142220531,29/07/26 08:11
148557658167,50724,272445850,29/07/26 08:11
148557826663,444855,28055160,29/07/26 08:11
148557677859,50063,126474474,29/07/26 08:11
148564013346,184912,225266109,29/07/26 08:11
148563953346,191272,135095429,29/07/26 08:11
148558202134,445774,154050004,29/07/26 08:11
148557867334,53235,156118792,29/07/26 08:11
148557104685,659497,29138681,29/07/26 08:11
148557684446,223146,53207299,29/07/26 08:11
148563650334,181877,244453060,29/07/26 08:11
148557672252,12736,270031605,29/07/26 08:11
148563931952,22092,103628023,29/07/26 08:11
148557663659,164738,224674887,29/07/26 08:11
148557659134,35540,272170259,29/07/26 08:11
148557099934,29927,257712957,29/07/26 08:11
148557681363,203752,129973822,29/07/26 08:11
148563714963,191481,232632990,29/07/26 08:11
148557678185,157870,223429788,29/07/26 08:11
148558669095,158115,38825645,29/07/26 08:11
148534873734,1424,111373133,29/07/26 08:11
148563390575,223008,88906901,29/07/26 08:11
148557686363,150472,52526905,29/07/26 08:11
148557685346,179622,101405604,29/07/26 08:11
148557671375,655138,181536766,29/07/26 08:11
148513284867,88195,33237424,29/07/26 08:11
148563716459,73364,107864199,29/07/26 08:11
148557656959,153798,272446543,29/07/26 08:11
148557676446,136524,134663679,29/07/26 08:11
148557682275,193368,83955950,29/07/26 08:11
148563941795,85810,206931325,29/07/26 08:11
148558196234,623,56973396,29/07/26 08:11
148563409813,36364,103161664,29/07/26 08:11
148557686095,100113,243575010,29/07/26 08:11
148557082895,110267,73289976,29/07/26 08:11
148558202085,365210,127098926,29/07/26 08:11
148563706675,279058,272452050,29/07/26 08:11
148558199546,34174,4308572,29/07/26 08:11
148558194813,445774,211348369,29/07/26 08:11
148557227852,40642,183063976,29/07/26 08:11
148563409746,148184,146388088,29/07/26 08:11
148563408859,25031,136794855,29/07/26 08:11
148563436295,221256,250997333,29/07/26 08:11
148563648885,99903,91848390,29/07/26 08:11
148557676052,8218,512213,29/07/26 08:11
148557684213,650203,257186601,29/07/26 08:11
148557854146,184926,58805431,29/07/26 08:11
148563404085,145344,272451765,29/07/26 08:11
148558655652,43351,28241064,29/07/26 08:11
148544860446,50110,251393983,29/07/26 08:11
148558648946,4535,124848746,29/07/26 08:11
148557074075,113735,240623153,29/07/26 08:11
148557686252,98835,272444498,29/07/26 08:11
148558194463,21564,1223920,29/07/26 08:11
148562940652,215525,84550813,29/07/26 08:11
148547490363,6036,133445327,29/07/26 08:11
148563942613,20656,88367791,29/07/26 08:11
148564006067,178951,266931038,29/07/26 08:11
148563972463,149091,269485151,29/07/26 08:12
148563962763,2093,272452370,29/07/26 08:12
148557662585,445356,194118776,29/07/26 08:12
148563904359,153457,60214099,29/07/26 08:12
148560829363,179475,267843259,29/07/26 08:12
148564013713,167129,87631068,29/07/26 08:12
148564009463,208861,252214322,29/07/26 08:12
148548231175,74390,125371804,29/07/26 08:12
148548585167,126319,248573215,29/07/26 08:12
148558650863,659171,17903818,29/07/26 08:12
148558488613,23348,272447172,29/07/26 08:12
148558602767,235740,272447270,29/07/26 08:12
148515660446,20056,223335973,29/07/26 08:12
148558498075,214548,60857334,29/07/26 08:12
148558356246,68865,93104638,29/07/26 08:12
148558654534,182779,86927974,29/07/26 08:12
148558605585,279058,272447272,29/07/26 08:12
148558492313,178179,272447183,29/07/26 08:12
148558349852,172197,272447086,29/07/26 08:12
148558646685,34,61791407,29/07/26 08:12
148563703985,221797,200325798,29/07/26 08:12
148558351459,27304,225929536,29/07/26 08:12
148558350446,5521,10883251,29/07/26 08:12
148558647975,168683,270290394,29/07/26 08:12
148558351559,186214,28852345,29/07/26 08:12
148558291495,136100,256084683,29/07/26 08:12
148487936885,56248,203532982,29/07/26 08:12
148491465313,35946,113749269,29/07/26 08:12
148558625195,55782,272447275,29/07/26 08:12
148558669646,108256,264178858,29/07/26 08:12
148558511459,180662,181089926,29/07/26 08:12
148561065163,117572,260114982,29/07/26 08:12
148558613895,650643,272447271,29/07/26 08:12
148558647052,24166,202763539,29/07/26 08:12
148558522946,203913,33398619,29/07/26 08:12
148490437152,11736,50359413,29/07/26 08:12
148558358759,24152,130252142,29/07/26 08:12
148558528095,184157,232565901,29/07/26 08:12
148558346846,3488,23895224,29/07/26 08:12
148558639959,30192,19266214,29/07/26 08:12
148558566759,444622,268726176,29/07/26 08:12
148558344163,178672,267777971,29/07/26 08:12
148558535646,84052,272447256,29/07/26 08:12
148558643559,25455,50395531,29/07/26 08:12
148558625559,74917,83183631,29/07/26 08:12
148557671959,156043,13505608,29/07/26 08:12
148564014913,80641,254102522,29/07/26 08:12
148558644759,227113,185215982,29/07/26 08:12
148558641763,181087,269708573,29/07/26 08:12
148557658934,222684,60024688,29/07/26 08:12
148558489646,164112,272447176,29/07/26 08:12
148558716367,10108,69101666,29/07/26 08:12
148558630595,185006,67245435,29/07/26 08:12
148563819595,65517,61838426,29/07/26 08:12
148559727163,94995,77371069,29/07/26 08:12
148558343152,180161,264819051,29/07/26 08:12
148558343734,156361,271375140,29/07/26 08:12
148564012146,40860,45760797,29/07/26 08:12
148558337759,40430,249919277,29/07/26 08:12
148558589852,34880,272447266,29/07/26 08:12
148557648767,20729,214155295,29/07/26 08:12
148563824763,38940,245230721,29/07/26 08:12
148558641052,25960,214517048,29/07/26 08:12
148558647285,32799,123332411,29/07/26 08:12
148558345113,43535,272236596,29/07/26 08:12
148528984713,131625,149047167,29/07/26 08:12
148557660846,157346,106119488,29/07/26 08:12
148558193013,222298,43633940,29/07/26 08:12
148558185595,20780,146970209,29/07/26 08:12
148563966359,43635,69304233,29/07/26 08:12
148558490246,42903,140246945,29/07/26 08:12
148558138667,166078,272446519,29/07/26 08:12
148557066895,6242,49213109,29/07/26 08:12
148558186959,9988,272446938,29/07/26 08:12
148558181575,44301,272446873,29/07/26 08:12
148563717659,167035,272452077,29/07/26 08:12
148558191959,108254,272446955,29/07/26 08:12
148558189795,42040,9497861,29/07/26 08:12
148557652234,164798,94034234,29/07/26 08:12
148557657985,4122,109818494,29/07/26 08:12
148564020085,32753,250093098,29/07/26 08:12
148557671259,21813,38536186,29/07/26 08:12
148498495113,28937,272399340,29/07/26 08:12
148558191795,14957,92796802,29/07/26 08:12
148558186263,178564,47722584,29/07/26 08:12
148558183267,84108,105592588,29/07/26 08:12
148557647559,33853,272446524,29/07/26 08:12
148558188159,203624,258407048,29/07/26 08:12
148558186685,172466,129080222,29/07/26 08:12
148558182459,1163,72167361,29/07/26 08:12
148557652595,33003,94569250,29/07/26 08:12
148557647159,445143,145403450,29/07/26 08:12
148558186434,185017,62926214,29/07/26 08:12
148558187859,23348,9972143,29/07/26 08:12
148558184446,22643,272446941,29/07/26 08:12
148557062734,4272,144391451,29/07/26 08:12
148557070575,44742,35956885,29/07/26 08:12
148557650867,87499,115640035,29/07/26 08:12
148558191546,189562,272388677,29/07/26 08:12
148558659152,192911,95418242,29/07/26 08:12
148564023734,8369,67386736,29/07/26 08:12
148558649634,374193,136378292,29/07/26 08:12
148564020459,222643,249667028,29/07/26 08:12
148563904652,85106,8493011,29/07/26 08:12
148563924459,223166,241156900,29/07/26 08:12
148557663246,6042,24936189,29/07/26 08:12
148563964334,650587,272451943,29/07/26 08:12
148564023652,34431,78600852,29/07/26 08:12
148490223375,25857,86999889,29/07/26 08:12
148563910667,137460,9606184,29/07/26 08:12
148564012685,36835,248019583,29/07/26 08:12
148536850995,142116,42710908,29/07/26 08:12
148501144967,216665,88661620,29/07/26 08:12
148563945452,149091,272452365,29/07/26 08:12
148563828034,184630,199145440,29/07/26 08:12
148548920346,42069,48361084,29/07/26 08:12
148564015667,38665,92720698,29/07/26 08:12
148563828585,142224,37209949,29/07/26 08:12
148563920759,655275,62205594,29/07/26 08:12
148563920867,9341,96729008,29/07/26 08:12
148563908813,5053,69696964,29/07/26 08:12
148546425534,4548,199982695,29/07/26 08:12
148563939863,189657,95676915,29/07/26 08:12
148563737463,11090,51821346,29/07/26 08:12
148560547546,442012,6454617,29/07/26 08:12
148564018267,42703,4316621,29/07/26 08:12
148563929152,11189,272452330,29/07/26 08:13
148563945534,177045,7035997,29/07/26 08:13
148563827313,33329,195779728,29/07/26 08:13
148564014634,2621,272108162,29/07/26 08:13
148563900095,222298,272452272,29/07/26 08:13
148563831834,136667,84770448,29/07/26 08:13
148564016146,156476,272452391,29/07/26 08:13
148564018834,4728,242748071,29/07/26 08:13
148558545595,186749,272447260,29/07/26 08:13
148550546959,109984,114173504,29/07/26 08:13
148558639713,64790,94038336,29/07/26 08:13
148541134167,17677,270356675,29/07/26 08:13
148558527413,443536,250556640,29/07/26 08:13
148558642367,139578,204516125,29/07/26 08:13
148557632213,1619,272446481,29/07/26 08:13
148558661552,152947,76598711,29/07/26 08:13
148558335685,223867,78286658,29/07/26 08:13
148558630175,188220,266578233,29/07/26 08:13
148558589352,40326,272447155,29/07/26 08:13
148558681763,31598,41201791,29/07/26 08:13
148558579775,654114,126717863,29/07/26 08:13
148558629252,207402,272447276,29/07/26 08:13
148558611995,122663,65516349,29/07/26 08:13
148558523046,138734,272447242,29/07/26 08:13
148560393875,95708,67622545,29/07/26 08:13
148564028434,167035,267924076,29/07/26 08:13
148557640075,25802,117378285,29/07/26 08:13
148557550146,216748,264906882,29/07/26 08:13
148558603267,20789,127880625,29/07/26 08:13
148558377859,3706,39281527,29/07/26 08:13
148563726667,180509,272452091,29/07/26 08:13
148557639963,654022,218917225,29/07/26 08:13
148558528375,187375,72007673,29/07/26 08:13
148563725859,216439,3256922,29/07/26 08:13
148558562613,6578,235369800,29/07/26 08:13
148563422785,656894,185804909,29/07/26 08:13
148563909813,656172,43503539,29/07/26 08:13
148564015034,36401,272452373,29/07/26 08:13
148558629834,123956,8094482,29/07/26 08:13
148558485463,20190,122997084,29/07/26 08:13
148558584885,38352,157010983,29/07/26 08:13
148558382052,3782,88271216,29/07/26 08:13
148558653959,69443,41191890,29/07/26 08:13
148558330767,69706,7544210,29/07/26 08:13
148563412934,5004,271313625,29/07/26 08:13
148563716746,95171,23845069,29/07/26 08:13
148563707895,10805,271392352,29/07/26 08:13
148558449567,444986,272447149,29/07/26 08:13
148563412767,2616,51602304,29/07/26 08:13
148558639267,186822,218050740,29/07/26 08:13
148558642063,192909,65707614,29/07/26 08:13
148563414275,4696,48501004,29/07/26 08:13
148558173695,156270,129940238,29/07/26 08:13
148558336146,10360,108949470,29/07/26 08:13
148558639513,27201,152117396,29/07/26 08:13
148558482034,29713,248233682,29/07/26 08:13
148557643459,187830,143662060,29/07/26 08:13
148557637995,85907,41179500,29/07/26 08:13
148563944685,137709,193444321,29/07/26 08:13
148557685913,42834,94471390,29/07/26 08:13
148563411152,159799,72857623,29/07/26 08:13
148557685567,42065,65074773,29/07/26 08:13
148563414795,116782,51247988,29/07/26 08:13
148557656852,156361,258104926,29/07/26 08:13
148563733546,772,4007500,29/07/26 08:13
148558165213,78879,74961981,29/07/26 08:13
148558164846,37186,227876463,29/07/26 08:13
148557561534,33172,272446451,29/07/26 08:13
148557552467,36607,272146307,29/07/26 08:13
148558174363,27304,45465082,29/07/26 08:13
148564026159,96525,256578601,29/07/26 08:13
148557696413,184874,95661988,29/07/26 08:13
148557779159,12156,147796037,29/07/26 08:13
148563411575,106147,109798891,29/07/26 08:13
148557448367,216908,89840413,29/07/26 08:13
148564032075,121202,269809592,29/07/26 08:13
148558175146,17994,71715812,29/07/26 08:13
148557641352,221488,255841969,29/07/26 08:13
148558523459,24145,272201592,29/07/26 08:13
148557635495,222889,271205533,29/07/26 08:13
148557588413,156796,272404176,29/07/26 08:13
148557636513,2135,272446492,29/07/26 08:13
148557638034,88195,104885972,29/07/26 08:13
148558173246,85968,211712298,29/07/26 08:13
148558169963,178382,7951590,29/07/26 08:13
148557029813,33642,254136208,29/07/26 08:13
148557608313,189881,152722485,29/07/26 08:13
148557538559,55241,133605830,29/07/26 08:13
148557644367,142524,213020766,29/07/26 08:13
148557636346,27220,133405912,29/07/26 08:13
148563426167,962,62685927,29/07/26 08:13
148557876834,192731,251998803,29/07/26 08:13
148558104785,191838,254203782,29/07/26 08:13
148557693585,42951,270762497,29/07/26 08:13
148557632452,235765,55569023,29/07/26 08:13
148557827063,108406,272446491,29/07/26 08:13
148558160559,221392,209855267,29/07/26 08:13
148557605413,10442,263278463,29/07/26 08:13
148563414167,650440,264813762,29/07/26 08:13
148563732213,185997,22995268,29/07/26 08:13
148563427463,3398,133107392,29/07/26 08:13
148557617695,181227,226934659,29/07/26 08:13
148563420975,20595,79736582,29/07/26 08:13
148558171463,146952,88829887,29/07/26 08:13
148563719113,150645,152544579,29/07/26 08:13
148563728434,235765,130123707,29/07/26 08:13
148557595346,7238,55748922,29/07/26 08:13
148557688813,147996,34727995,29/07/26 08:13
148557581285,181089,91518076,29/07/26 08:13
148558085095,2893,272446881,29/07/26 08:13
148563426746,181454,73378796,29/07/26 08:13
148563427552,21396,184296761,29/07/26 08:13
148563524713,3940,107890375,29/07/26 08:13
148557628634,95554,272446483,29/07/26 08:13
148563726275,444582,272452094,29/07/26 08:13
148557574413,12623,118933740,29/07/26 08:13
148563729052,187051,194147951,29/07/26 08:13
148563622295,158474,272451799,29/07/26 08:13
148558160759,2036,272446879,29/07/26 08:13
148560323946,6041,51464611,29/07/26 08:13
148563424813,137749,48169264,29/07/26 08:13
148557632885,107560,136084445,29/07/26 08:13
148558160213,182307,272446847,29/07/26 08:13
148557852034,445312,59129015,29/07/26 08:13
148563734352,442996,79405123,29/07/26 08:13
148563732675,162792,226285682,29/07/26 08:13
148563733346,6048,70353854,29/07/26 08:13
148557096263,166148,199629333,29/07/26 08:13
148557627467,100149,29221140,29/07/26 08:13
148563726385,20533,206018672,29/07/26 08:13
148563726485,149181,53958417,29/07/26 08:13
148563833267,34036,272452213,29/07/26 08:13
148563423234,184971,187536962,29/07/26 08:13
148557832946,184965,246257189,29/07/26 08:13
148557641934,114184,194592511,29/07/26 08:13
148563424075,43610,54114234,29/07/26 08:13
148557047475,24121,25149824,29/07/26 08:13
148557542085,235899,271768187,29/07/26 08:13
148564035067,36672,47722882,29/07/26 08:13
148563924813,44914,75313852,29/07/26 08:13
148517180263,7963,21073988,29/07/26 08:13
148564022246,168704,265177206,29/07/26 08:13
148564029834,16833,57441913,29/07/26 08:13
148564031734,207565,26455556,29/07/26 08:13
148564024159,11406,272452412,29/07/26 08:13
148557638934,191663,10177497,29/07/26 08:13
148564019185,186256,272452397,29/07/26 08:13
148559611559,651523,233981522,29/07/26 08:13
148564028567,651163,229638204,29/07/26 08:13
148563727375,106023,107211804,29/07/26 08:13
148538975663,107285,66519719,29/07/26 08:13
148564029667,192096,272452423,29/07/26 08:13
148564015463,177372,272452390,29/07/26 08:13
148549383034,126301,136937352,29/07/26 08:13
148564016467,218580,259815394,29/07/26 08:13
148563914367,80415,272452311,29/07/26 08:13
148564037895,4326,272306661,29/07/26 08:13
148501679967,216140,108164694,29/07/26 08:13
148563839795,4977,13345317,29/07/26 08:13
148564022359,27304,91732005,29/07/26 08:13
148564016875,2091,25834867,29/07/26 08:14
148564026934,5521,272452416,29/07/26 08:14
148563840834,95987,194975496,29/07/26 08:14
148564036734,12018,269955166,29/07/26 08:14
148564011213,652453,246702721,29/07/26 08:14
148564017334,181812,264654185,29/07/26 08:14
148563832834,95624,272452212,29/07/26 08:14
148558329759,27543,146872403,29/07/26 08:14
148558573167,188947,26073745,29/07/26 08:14
148558220095,26466,15917671,29/07/26 08:14
148558501434,147433,272447197,29/07/26 08:14
148558679875,132775,267434138,29/07/26 08:14
148515480946,88449,5367949,29/07/26 08:14
148490785834,180747,209937131,29/07/26 08:14
148558314963,178045,20410887,29/07/26 08:14
148558521095,184948,272447237,29/07/26 08:14
148558308613,209271,59371794,29/07/26 08:14
148558628452,189173,115705792,29/07/26 08:14
148558298046,30030,118418273,29/07/26 08:14
148558524513,181087,272447244,29/07/26 08:14
148558299163,26638,46537073,29/07/26 08:14
148558513285,25037,217427202,29/07/26 08:14
148558265385,74949,210735569,29/07/26 08:14
148558229363,36247,272447022,29/07/26 08:14
148558223613,652607,50384678,29/07/26 08:14
148558205846,96280,120584738,29/07/26 08:14
148558247195,120835,180632565,29/07/26 08:14
148558208767,191587,211321936,29/07/26 08:14
148558212263,445472,272447011,29/07/26 08:14
148558252013,165631,4372502,29/07/26 08:14
148558529134,158524,272447252,29/07/26 08:14
148558529075,64786,227287135,29/07/26 08:14
148558386285,4923,272447137,29/07/26 08:14
148558424946,55099,222453643,29/07/26 08:14
148558525913,7579,239816990,29/07/26 08:14
148542105075,108093,268812919,29/07/26 08:14
148558523646,217827,272446992,29/07/26 08:14
148558514352,95843,269223474,29/07/26 08:14
148558520185,10992,98595929,29/07/26 08:14
148558372346,23622,234248720,29/07/26 08:14
148558511063,190278,272447219,29/07/26 08:14
148558384275,74326,15333719,29/07/26 08:14
148532535875,123993,29627069,29/07/26 08:14
148541132834,25687,270232405,29/07/26 08:14
148558519546,181311,12002243,29/07/26 08:14
148558236246,181150,31472761,29/07/26 08:14
148558364363,21187,101865994,29/07/26 08:14
148563422013,153411,272451824,29/07/26 08:14
148513947159,40317,221603718,29/07/26 08:14
148558263995,3493,134880547,29/07/26 08:14
148558520085,162257,246487646,29/07/26 08:14
148558120685,180896,183972191,29/07/26 08:14
148563940767,4233,270606696,29/07/26 08:14
148558196875,1826,228205275,29/07/26 08:14
148558341367,188922,100129038,29/07/26 08:14
148558638113,95927,255119241,29/07/26 08:14
148558192946,163537,229074940,29/07/26 08:14
148558505567,17194,272447209,29/07/26 08:14
148558519159,10311,130477723,29/07/26 08:14
148558427085,35400,272447147,29/07/26 08:14
148558527267,1224,140851799,29/07/26 08:14
148527300695,147996,271323775,29/07/26 08:14
148563604913,279058,70591853,29/07/26 08:14
148558298863,183394,263435727,29/07/26 08:14
148558093846,183401,105140151,29/07/26 08:14
148563921795,30613,272452314,29/07/26 08:14
148558075895,85886,14430340,29/07/26 08:14
148558513967,74917,272447221,29/07/26 08:14
148558343395,78087,215539755,29/07/26 08:14
148558507395,120829,271985176,29/07/26 08:14
148563935775,162538,105092200,29/07/26 08:14
148558643663,1301,37516106,29/07/26 08:14
148558166152,164505,22000846,29/07/26 08:14
148558092975,13101,150745207,29/07/26 08:14
148558166059,168514,109787464,29/07/26 08:14
148558159634,141909,247992178,29/07/26 08:14
148564035563,150442,212781654,29/07/26 08:14
148563424375,3092,272451820,29/07/26 08:14
148558522185,21897,272447236,29/07/26 08:14
148563426395,682,272451816,29/07/26 08:14
148563429785,3040,100823498,29/07/26 08:14
148558161852,439,76938067,29/07/26 08:14
148556914413,12000,201835064,29/07/26 08:14
148556963185,192430,73758032,29/07/26 08:14
148558647452,41168,103389965,29/07/26 08:14
148558309152,10698,272447031,29/07/26 08:14
148563843552,20403,60804273,29/07/26 08:14
148558161334,10360,113782156,29/07/26 08:14
148559740695,33594,25551561,29/07/26 08:14
148563495459,446163,272451742,29/07/26 08:14
148564014767,138416,272452389,29/07/26 08:14
148557509395,2893,251041813,29/07/26 08:14
148558522834,168748,127815255,29/07/26 08:14
148563933134,6336,111001752,29/07/26 08:14
148557695546,65643,272007198,29/07/26 08:14
148557560513,41373,23262699,29/07/26 08:14
148564019695,24646,156264649,29/07/26 08:14
148557504467,135647,256124545,29/07/26 08:14
148557511046,189267,249263576,29/07/26 08:14
148563618152,192692,5433167,29/07/26 08:14
148563844659,138755,125085370,29/07/26 08:14
148563428867,148820,272451827,29/07/26 08:14
148564031267,193975,103592800,29/07/26 08:14
148563737352,6797,207394968,29/07/26 08:14
148563433852,222876,272451855,29/07/26 08:14
148557512934,26210,269855534,29/07/26 08:14
148563734995,221293,272452102,29/07/26 08:14
148563738185,365283,244490935,29/07/26 08:14
148563434513,99748,237095762,29/07/26 08:14
148563428775,161774,241643804,29/07/26 08:14
148563742985,147174,272452116,29/07/26 08:14
148563845113,180804,107816252,29/07/26 08:14
148563432034,179005,268609356,29/07/26 08:14
148563593367,6059,271637312,29/07/26 08:14
148564028913,29029,12138440,29/07/26 08:14
148563736052,4497,272452106,29/07/26 08:14
148564025863,208178,119622637,29/07/26 08:14
148563435667,216342,272451839,29/07/26 08:14
148564040167,28963,69579671,29/07/26 08:14
148564042995,101699,234766680,29/07/26 08:14
148563432734,151330,72223472,29/07/26 08:14
148563844963,653121,272452242,29/07/26 08:14
148563429359,654162,201567974,29/07/26 08:14
148564032563,190713,226007920,29/07/26 08:14
148564017634,14355,83831254,29/07/26 08:15
148564057767,204340,119074633,29/07/26 08:15
148525369846,94912,119729460,29/07/26 08:15
148563926675,184389,130898311,29/07/26 08:15
148563943863,33530,183590712,29/07/26 08:15
148563944285,11990,98216234,29/07/26 08:15
148563848452,180898,272452252,29/07/26 08:15
148558219952,187510,63366653,29/07/26 08:15
148558385559,238739,189438834,29/07/26 08:15
148558213113,9726,184619461,29/07/26 08:15
148545820913,77730,272433940,29/07/26 08:15
148558217146,85530,271924845,29/07/26 08:15
148548604367,10616,263493882,29/07/26 08:15
148546067695,184267,140592632,29/07/26 08:15
148558363285,120964,188481637,29/07/26 08:15
148558502463,9692,161625523,29/07/26 08:15
148558215485,133931,97470058,29/07/26 08:15
148558376559,41892,148640322,29/07/26 08:15
148558210159,8816,272447006,29/07/26 08:15
148558383359,43200,272447130,29/07/26 08:15
148549627846,11742,113063020,29/07/26 08:15
148558522085,157092,208635168,29/07/26 08:15
148558202463,157213,272446995,29/07/26 08:15
148558509552,191609,216702400,29/07/26 08:15
148563938452,214743,31881772,29/07/26 08:15
148558508567,41984,272447213,29/07/26 08:15
148558585252,181248,270658201,29/07/26 08:15
148534843334,2939,187870705,29/07/26 08:15
148558488863,187023,272447173,29/07/26 08:15
148558188685,183833,73831969,29/07/26 08:15
148560627685,3040,27707251,29/07/26 08:15
148558364034,171094,190184624,29/07/26 08:15
148558517875,28880,272447228,29/07/26 08:15
148558515552,20862,265396962,29/07/26 08:15
148558511875,141655,235630108,29/07/26 08:15
148558497052,177715,272447189,29/07/26 08:15
148542708685,84569,31750130,29/07/26 08:15
148558507413,16643,162476662,29/07/26 08:15
148561821713,187296,239303447,29/07/26 08:15
148558048263,192420,264570837,29/07/26 08:15
148558342846,166788,52599594,29/07/26 08:15
148558487359,5850,24270780,29/07/26 08:15
148558508395,77627,41765168,29/07/26 08:15
148558502263,154371,147912920,29/07/26 08:15
148509594475,114113,152728693,29/07/26 08:15
148558209652,20957,148850589,29/07/26 08:15
148558343685,189360,272447078,29/07/26 08:15
148558054267,165229,124983144,29/07/26 08:15
148557501285,160087,118485065,29/07/26 08:15
148558047767,5679,119583775,29/07/26 08:15
148558053363,28060,63511017,29/07/26 08:15
148556900334,179971,33300840,29/07/26 08:15
148558486552,105901,198888663,29/07/26 08:15
148558489895,795,139889097,29/07/26 08:15
148558373446,7797,69932422,29/07/26 08:15
148558504413,9873,211744115,29/07/26 08:15
148558056975,152162,15325204,29/07/26 08:15
148558380434,446180,241495454,29/07/26 08:15
148556898275,132827,5640648,29/07/26 08:15
148558052675,9647,97285452,29/07/26 08:15
148564034785,68209,28131770,29/07/26 08:15
148563750046,28157,272452130,29/07/26 08:15
148557673667,40700,272112338,29/07/26 08:15
148557513095,35014,184606104,29/07/26 08:15
148557503075,42492,214824860,29/07/26 08:15
148557630046,179960,26910639,29/07/26 08:15
148560467046,84870,222074842,29/07/26 08:15
148557502663,13514,212687090,29/07/26 08:15
148557508495,658762,272446310,29/07/26 08:15
148563609134,36373,272451871,29/07/26 08:15
148558048546,22056,208200772,29/07/26 08:15
148557501167,178907,85872652,29/07/26 08:15
148558528634,22397,17594630,29/07/26 08:15
148563939613,24140,272452355,29/07/26 08:15
148558497963,34988,154093569,29/07/26 08:15
148557511752,650587,223551141,29/07/26 08:15
148558514295,658801,208517942,29/07/26 08:15
148558053795,146553,147385642,29/07/26 08:15
148563437734,192453,75474428,29/07/26 08:15
148558051495,182843,132893642,29/07/26 08:15
148557512213,182883,89433391,29/07/26 08:15
148558053285,42839,5808963,29/07/26 08:15
148558052413,107395,132994146,29/07/26 08:15
148563442259,11992,183314628,29/07/26 08:15
148557495052,445299,272446449,29/07/26 08:15
148557675313,2044,244198111,29/07/26 08:15
148564021152,25005,44932792,29/07/26 08:15
148545810767,167028,267368788,29/07/26 08:15
148563441652,445004,203807047,29/07/26 08:15
148563438034,8082,180379738,29/07/26 08:15
148563436475,138643,70339925,29/07/26 08:15
148563615046,30613,272451753,29/07/26 08:15
148564042195,20717,271340820,29/07/26 08:15
148545102746,11293,249040590,29/07/26 08:15
148563502685,30137,57310688,29/07/26 08:15
148557513759,38521,263848771,29/07/26 08:15
148558056413,22400,267635837,29/07/26 08:15
148563441895,177610,260484158,29/07/26 08:15
148564021685,235740,272452406,29/07/26 08:15
148563731075,164001,268939731,29/07/26 08:15
148558501985,658397,272447198,29/07/26 08:15
148557501095,192674,272446425,29/07/26 08:15
148558055334,2822,270838602,29/07/26 08:15
148558371552,114068,109633873,29/07/26 08:15
148557485852,87669,272343635,29/07/26 08:15
148563451075,445004,93071608,29/07/26 08:15
148564036152,179147,272452383,29/07/26 08:15
148563752063,185839,272452137,29/07/26 08:15
148563516067,28610,271221268,29/07/26 08:15
148563437334,35967,243088303,29/07/26 08:15
148563746934,445283,193511384,29/07/26 08:15
148557833485,122230,96047984,29/07/26 08:15
148563749075,80365,157568911,29/07/26 08:15
148563945113,65259,265755547,29/07/26 08:15
148563748467,25484,270429884,29/07/26 08:15
148558049752,218488,272446866,29/07/26 08:15
148563438552,650199,121927225,29/07/26 08:15
148557509813,208868,204838098,29/07/26 08:15
148563747763,126377,106928562,29/07/26 08:15
148563438863,650199,118238532,29/07/26 08:15
148563747895,25982,62998776,29/07/26 08:15
148563942375,186723,104501934,29/07/26 08:15
148545529667,4445,267155930,29/07/26 08:15
148563961367,177603,94924748,29/07/26 08:15
148558044652,32339,78365069,29/07/26 08:15
148557488013,650587,272446253,29/07/26 08:15
148557634675,207402,265750939,29/07/26 08:15
148563743313,257861,97300327,29/07/26 08:15
148563934852,49838,272452336,29/07/26 08:15
148564096475,192129,23277545,29/07/26 08:15
148564039359,157119,98581926,29/07/26 08:15
148563749185,8998,245579806,29/07/26 08:15
148558503852,182625,272447096,29/07/26 08:15
148564027834,26796,95457621,29/07/26 08:15
148563437046,279058,163462976,29/07/26 08:15
148563744859,16826,158369790,29/07/26 08:15
148558499146,24942,268040207,29/07/26 08:15
148563945346,217051,262829317,29/07/26 08:15
148564055552,158043,154452061,29/07/26 08:15
148557484285,70082,267957608,29/07/26 08:15
148563944034,158687,249552587,29/07/26 08:15
148563616659,255,135898584,29/07/26 08:15
148563906595,43849,272452289,29/07/26 08:15
148557644695,445,46836160,29/07/26 08:15
148557505695,401709,24683130,29/07/26 08:15
148564056859,219289,272452155,29/07/26 08:15
148563900759,142329,161643910,29/07/26 08:15
148563842959,28231,272324138,29/07/26 08:15
148563901059,176590,142800292,29/07/26 08:15
148563943446,656470,230820986,29/07/26 08:15
148564047059,11323,236268126,29/07/26 08:15
148564056034,88425,194046919,29/07/26 08:15
148564067485,154969,272452480,29/07/26 08:16
148563902934,192266,188762637,29/07/26 08:16
148564107667,183257,140452268,29/07/26 08:16
148564044163,38607,56107228,29/07/26 08:16
148564044913,181248,6019846,29/07/26 08:16
148563945713,181778,13545395,29/07/26 08:16
148563991163,148106,90590470,29/07/26 08:16
148563905063,150645,71001263,29/07/26 08:16
148564037485,43201,227178526,29/07/26 08:16
148564116013,44106,271118422,29/07/26 08:16
148564042552,43406,272452445,29/07/26 08:16
148564116334,259131,271129215,29/07/26 08:16
148564131852,180667,134851222,29/07/26 08:16
148564116259,2291,272452226,29/07/26 08:16
148563945675,185686,36313624,29/07/26 08:16
148564086763,30784,147049161,29/07/26 08:16
148564060585,87581,271671757,29/07/26 08:16
148564059375,80296,58774250,29/07/26 08:16
148564116159,176598,272451962,29/07/26 08:16
148564079275,190544,242662416,29/07/26 08:16
148535342985,165308,29598358,29/07/26 08:16
148558206775,315830,140270663,29/07/26 08:16
148558508213,12812,97428636,29/07/26 08:16
148558202867,445798,272446996,29/07/26 08:16
148559739167,41617,129124859,29/07/26 08:16
148558514563,168974,108575779,29/07/26 08:16
148558200995,95624,119297151,29/07/26 08:16
148558206613,114292,270128596,29/07/26 08:16
148558196352,192461,48864708,29/07/26 08:16
148512287659,88026,187813374,29/07/26 08:16
148558505863,224512,142036158,29/07/26 08:16
148558199152,166769,13746147,29/07/26 08:16
148558223885,177339,88628131,29/07/26 08:16
148536261834,177195,271611190,29/07/26 08:16
148558489495,12391,272447175,29/07/26 08:16
148558198867,37993,1530438,29/07/26 08:16
148525182613,162649,28986782,29/07/26 08:16
148558214213,11323,145819051,29/07/26 08:16
148548274667,443754,190925643,29/07/26 08:16
148539697946,3288,108033953,29/07/26 08:16
148558501385,69192,272447170,29/07/26 08:16
148558450963,10443,88206325,29/07/26 08:16
148558383867,6463,272447131,29/07/26 08:16
148557497695,190596,242248100,29/07/26 08:16
148558490967,659411,31976122,29/07/26 08:16
148558500463,178003,118217018,29/07/26 08:16
148558493195,203428,263226862,29/07/26 08:16
148558522563,215568,272447195,29/07/26 08:16
148563816359,259131,272452154,29/07/26 08:16
148563876467,13231,272452263,29/07/26 08:16
148557496959,30955,162135576,29/07/26 08:16
148563816546,205838,270048478,29/07/26 08:16
148558035759,95843,160724630,29/07/26 08:16
148558479352,998,142446201,29/07/26 08:16
148563938752,28692,30593315,29/07/26 08:16
148558225446,187826,46705942,29/07/26 08:16
148564071134,77627,14444385,29/07/26 08:16
148557497075,99548,45835694,29/07/26 08:16
148558198667,117834,260371143,29/07/26 08:16
148557483585,132943,230138994,29/07/26 08:16
148558496975,185173,272447188,29/07/26 08:16
148558495152,22408,252950950,29/07/26 08:16
148557478685,36498,236685938,29/07/26 08:16
148557590067,2637,89417432,29/07/26 08:16
148557469734,148157,74275611,29/07/26 08:16
148564136895,163020,250977367,29/07/26 08:16
148558040685,68701,222402278,29/07/26 08:16
148558485259,134111,268246816,29/07/26 08:16
148557473034,219343,103784992,29/07/26 08:16
148557638685,178259,268322957,29/07/26 08:16
148558019046,158713,112199692,29/07/26 08:16
148558479495,659067,271860652,29/07/26 08:16
148557660367,167270,241661568,29/07/26 08:16
148558195946,655428,266747795,29/07/26 08:16
148564084559,20595,272270677,29/07/26 08:16
148557530852,24140,208153171,29/07/26 08:16
148557481713,23670,258286070,29/07/26 08:16
148557682467,146112,185188725,29/07/26 08:16
148563760334,149925,18977853,29/07/26 08:16
148564030863,165434,74434460,29/07/26 08:16
148563507234,658801,195550259,29/07/26 08:16
148563498775,182279,111435794,29/07/26 08:16
148558037052,56263,71306145,29/07/26 08:16
148557480113,279470,144580385,29/07/26 08:16
148557494534,280283,52748443,29/07/26 08:16
148557487946,25982,37033814,29/07/26 08:16
148557679513,34995,120825109,29/07/26 08:16
148563503352,74945,121939196,29/07/26 08:16
148557489713,939,196287594,29/07/26 08:16
148558034659,173007,98023170,29/07/26 08:16
148558029613,129909,203742717,29/07/26 08:16
148563600695,126276,53985185,29/07/26 08:16
148558020685,161030,135039079,29/07/26 08:16
148558491395,186347,4716577,29/07/26 08:16
148557488175,114182,153141070,29/07/26 08:16
148558035263,221227,72938754,29/07/26 08:16
148563802575,208319,52687042,29/07/26 08:16
148563807363,160308,79798282,29/07/26 08:16
148557470395,26474,148354021,29/07/26 08:16
148557489352,184637,249276537,29/07/26 08:16
148558019813,207402,105720587,29/07/26 08:16
148563495675,650199,263732696,29/07/26 08:16
148558033375,120912,43333411,29/07/26 08:16
148563494763,35883,272311302,29/07/26 08:16
148563765459,181724,112393083,29/07/26 08:16
148557489075,181222,149748362,29/07/26 08:16
148563496095,145343,221181565,29/07/26 08:16
148557486175,136575,50651538,29/07/26 08:16
148557492013,170532,11069039,29/07/26 08:16
148557488959,38845,148507318,29/07/26 08:16
148563500663,160024,45503079,29/07/26 08:16
148557476834,12542,91630771,29/07/26 08:16
148557474813,29548,68626893,29/07/26 08:16
148557491963,194222,143988185,29/07/26 08:16
148557482359,140807,211521938,29/07/26 08:16
148557483885,20774,272446435,29/07/26 08:16
148563498613,35840,81896153,29/07/26 08:16
148564013267,159816,272452380,29/07/26 08:16
148557497734,22516,89686410,29/07/26 08:16
148556244859,119092,272445060,29/07/26 08:16
148557472113,22643,266961221,29/07/26 08:16
148564059234,80673,152015621,29/07/26 08:16
148563499313,220178,28521052,29/07/26 08:16
148563505652,17995,186821891,29/07/26 08:16
148557493846,74244,231825805,29/07/26 08:16
148563813063,33596,272341216,29/07/26 08:16
148563246534,180331,16668442,29/07/26 08:16
148557653813,53705,121268472,29/07/26 08:16
148564041267,143707,125035634,29/07/26 08:16
148563813195,11295,226574006,29/07/26 08:16
148564040052,121035,272452161,29/07/26 08:16
148563463959,650123,14527685,29/07/26 08:16
148563504059,17716,74049524,29/07/26 08:16
148563499252,2419,272451879,29/07/26 08:16
148557491385,7507,61333274,29/07/26 08:16
148563613067,27304,134860393,29/07/26 08:16
148563459263,30613,161909708,29/07/26 08:16
148563779434,218454,192426421,29/07/26 08:16
148563608646,189634,272451375,29/07/26 08:16
148564038359,25795,129948288,29/07/26 08:16
148563462975,98859,224560490,29/07/26 08:16
148529795267,193948,269350954,29/07/26 08:16
148563503185,22075,272306481,29/07/26 08:16
148564036834,39883,49638904,29/07/26 08:16
148563812746,5967,265959224,29/07/26 08:16
148564142675,181765,151706782,29/07/26 08:16
148563942452,155060,35349368,29/07/26 08:16
148557499567,179939,45222280,29/07/26 08:16
148558042867,445172,58039962,29/07/26 08:16
148564060346,185427,73522786,29/07/26 08:16
148563498067,69690,271717543,29/07/26 08:16
148564138652,174025,256072580,29/07/26 08:17
148563460063,28487,133722147,29/07/26 08:17
148564037775,74802,245222449,29/07/26 08:17
148563910713,158012,10052199,29/07/26 08:17
148548412595,121218,10278277,29/07/26 08:17
148564060175,13467,95282566,29/07/26 08:17
148564058263,179631,215785947,29/07/26 08:17
148564044075,74149,87093294,29/07/26 08:17
148564016352,3359,26435561,29/07/26 08:17
148563872263,3565,123664293,29/07/26 08:17
148563916446,35591,10586154,29/07/26 08:17
148558490746,35316,99352939,29/07/26 08:17
148558382395,112499,249409227,29/07/26 08:17
148558498146,2893,204013107,29/07/26 08:17
148558382863,115941,272342870,29/07/26 08:17
148558171752,187697,227880047,29/07/26 08:17
148558482363,136100,272447163,29/07/26 08:17
148558187413,149008,53820501,29/07/26 08:17
148558339846,161201,58365182,29/07/26 08:17
148558479846,653881,272447154,29/07/26 08:17
148558373934,207402,101860158,29/07/26 08:17
148558320734,178212,150260259,29/07/26 08:17
148558186152,108117,46180553,29/07/26 08:17
148558483095,4444,272447164,29/07/26 08:17
148535764463,101062,38718766,29/07/26 08:17
148558450546,15240,242583984,29/07/26 08:17
148558187313,35014,140331139,29/07/26 08:17
148558185967,12558,101680769,29/07/26 08:17
148564031875,136699,119698927,29/07/26 08:17
148558373285,96540,243638494,29/07/26 08:17
148558190463,162971,114412282,29/07/26 08:17
148558333675,137418,160867346,29/07/26 08:17
148558183113,137999,147706125,29/07/26 08:17
148558487652,180512,162103496,29/07/26 08:17
148558481875,5308,159132047,29/07/26 08:17
148558381175,177929,146505181,29/07/26 08:17
148558181695,44181,220402271,29/07/26 08:17
148558329852,4072,272447043,29/07/26 08:17
148558359552,152897,95918670,29/07/26 08:17
148558505475,187707,70167948,29/07/26 08:17
148558333046,184965,54641472,29/07/26 08:17
148558486652,32822,272447102,29/07/26 08:17
148558358567,184488,158062507,29/07/26 08:17
148558490475,120835,63494457,29/07/26 08:17
148563910134,113722,98501964,29/07/26 08:17
148558481185,2893,272447160,29/07/26 08:17
148511050195,10448,150048291,29/07/26 08:17
148558379463,184971,272447124,29/07/26 08:17
148558745775,181931,60313170,29/07/26 08:17
148498279075,38816,264347665,29/07/26 08:17
148563510452,183172,141194277,29/07/26 08:17
148558019334,12833,257432341,29/07/26 08:17
148557640552,44757,236322780,29/07/26 08:17
148557488859,41396,3207690,29/07/26 08:17
148558437134,80141,154125289,29/07/26 08:17
148557466234,225374,36162195,29/07/26 08:17
148564021895,442756,242572465,29/07/26 08:17
148558484295,187410,265339518,29/07/26 08:17
148557468259,6100,270910426,29/07/26 08:17
148558516346,22900,198132196,29/07/26 08:17
148557463346,141966,182161445,29/07/26 08:17
148564147995,15664,100566117,29/07/26 08:17
148558342275,90189,268324248,29/07/26 08:17
148558193659,1705,219126998,29/07/26 08:17
148563504863,13124,9202958,29/07/26 08:17
148558031167,19507,86642515,29/07/26 08:17
148550247634,26545,236560843,29/07/26 08:17
148563821234,105844,119571467,29/07/26 08:17
148558026946,185000,78356992,29/07/26 08:17
148558477163,157333,91016797,29/07/26 08:17
148557460146,31801,124051317,29/07/26 08:17
148563822246,32311,38691100,29/07/26 08:17
148558012652,27042,37526238,29/07/26 08:17
148557479375,113937,272434000,29/07/26 08:17
148558031385,146492,204074645,29/07/26 08:17
148558021685,188255,74316406,29/07/26 08:17
148557467263,658579,159589655,29/07/26 08:17
148564146195,126265,192515558,29/07/26 08:17
148558019652,650202,219422597,29/07/26 08:17
148557468485,14220,181500137,29/07/26 08:17
148558012967,177760,77419545,29/07/26 08:17
148557464159,138189,2366843,29/07/26 08:17
148556895834,11369,223732011,29/07/26 08:17
148558013167,108093,263374714,29/07/26 08:17
148558009695,85129,233545447,29/07/26 08:17
148564019375,136204,272452399,29/07/26 08:17
148563818085,140709,155895786,29/07/26 08:17
148558025067,659067,272446798,29/07/26 08:17
148558024463,126301,76975390,29/07/26 08:17
148557463863,186368,198119181,29/07/26 08:17
148557471246,223264,81148472,29/07/26 08:17
148557461646,443238,96003916,29/07/26 08:17
148558013313,224700,272446787,29/07/26 08:17
148557624585,147526,80361271,29/07/26 08:17
148558015885,105926,272446747,29/07/26 08:17
148557461134,28330,8239194,29/07/26 08:17
148563922559,18671,73064067,29/07/26 08:17
148558493963,114130,8593997,29/07/26 08:17
148544869675,192255,272435061,29/07/26 08:17
148558019467,423145,9967315,29/07/26 08:17
148558009059,4232,272446791,29/07/26 08:17
148564138967,33567,133999458,29/07/26 08:17
148563944867,162861,268036968,29/07/26 08:17
148563817859,279058,272452135,29/07/26 08:17
148558014663,147977,7908570,29/07/26 08:17
148559103734,138457,28641914,29/07/26 08:17
148558475059,3758,67945979,29/07/26 08:17
148558027185,39907,193306990,29/07/26 08:17
148557476113,146575,62389941,29/07/26 08:17
148564060446,39466,257736700,29/07/26 08:17
148558025885,218476,49940634,29/07/26 08:17
148563838767,21306,272452228,29/07/26 08:17
148558027067,28742,264750446,29/07/26 08:17
148544778975,31122,125586092,29/07/26 08:17
148563924259,171199,272452319,29/07/26 08:17
148563920085,25005,221385924,29/07/26 08:17
148564133052,138468,268656553,29/07/26 08:17
148564041463,25005,272452410,29/07/26 08:17
148557769634,5884,204987932,29/07/26 08:17
148563924146,29582,74915685,29/07/26 08:17
148564058059,157450,180726559,29/07/26 08:17
148563905252,149941,254074234,29/07/26 08:17
148564104867,7238,263527941,29/07/26 08:17
148564144352,184284,197987611,29/07/26 08:17
148558016546,5056,185986740,29/07/26 08:17
148564058934,152649,243773370,29/07/26 08:17
148558492513,137224,272396103,29/07/26 08:17
148564041113,27550,272452440,29/07/26 08:17
148564028367,177958,79291322,29/07/26 08:17
148563909546,13082,272452302,29/07/26 08:17
148564150467,110037,198955765,29/07/26 08:17
148564139152,12271,272452509,29/07/26 08:17
148564140895,87733,270668299,29/07/26 08:18
148564153434,100674,125749704,29/07/26 08:18
148564137552,41716,163460282,29/07/26 08:18
148564112634,109959,185073697,29/07/26 08:18
148563927585,12851,2191285,29/07/26 08:18
148564061946,218042,272452463,29/07/26 08:18
148564156552,17193,220944669,29/07/26 08:18
148563926095,192616,272452322,29/07/26 08:18
148523119434,178634,222584098,29/07/26 08:18
148564045234,78882,201597348,29/07/26 08:18
148564024859,38128,272452415,29/07/26 08:18
148558385046,192536,272447134,29/07/26 08:18
148546209363,183006,94821503,29/07/26 08:18
148558360363,172377,51592352,29/07/26 08:18
148558173746,346997,3592176,29/07/26 08:18
148559278875,185919,7897503,29/07/26 08:18
148563507646,26900,143058600,29/07/26 08:18
148558399259,215154,199905497,29/07/26 08:18
148558172085,5126,184283162,29/07/26 08:18
148557410013,26637,272446376,29/07/26 08:18
148558393767,33859,226554449,29/07/26 08:18
148558144185,135879,127369558,29/07/26 08:18
148558663485,101944,264693340,29/07/26 08:18
148558400213,111372,109429717,29/07/26 08:18
148557331659,221090,272446357,29/07/26 08:18
148558500152,136100,272447097,29/07/26 08:18
148558168785,5523,160137573,29/07/26 08:18
148558167867,84874,38204457,29/07/26 08:18
148558162885,174535,199522003,29/07/26 08:18
148558385295,190544,160838219,29/07/26 08:18
148558171059,185399,82114868,29/07/26 08:18
148558132959,184755,85547279,29/07/26 08:18
148564025785,158842,112178177,29/07/26 08:18
148558479152,2288,151709566,29/07/26 08:18
148558497446,74617,272447106,29/07/26 08:18
148558379863,25037,139899000,29/07/26 08:18
148558378234,110336,149556605,29/07/26 08:18
148558381785,217156,66198953,29/07/26 08:18
148558478359,95171,5151235,29/07/26 08:18
148564019213,35404,272452398,29/07/26 08:18
148558495013,191402,158510230,29/07/26 08:18
148558374563,180492,263550583,29/07/26 08:18
148564061375,2939,143195702,29/07/26 08:18
148558376352,158739,13426829,29/07/26 08:18
148558369259,80296,205075057,29/07/26 08:18
148558467859,35216,251471984,29/07/26 08:18
148558380263,133048,88917991,29/07/26 08:18
148563989075,191684,36501838,29/07/26 08:18
148564147213,146230,272137120,29/07/26 08:18
148564143175,186241,65988124,29/07/26 08:18
148557998034,32596,145860286,29/07/26 08:18
148558496746,1056,217797260,29/07/26 08:18
148558475459,23220,159924881,29/07/26 08:18
148563830685,178319,5337755,29/07/26 08:18
148515690913,39019,255742097,29/07/26 08:18
148563535259,24979,45527466,29/07/26 08:18
148558383467,181085,140824524,29/07/26 08:18
148563505275,113937,272364952,29/07/26 08:18
148563533434,148447,24086306,29/07/26 08:18
148557453546,114243,272446377,29/07/26 08:18
148557455646,65200,272446353,29/07/26 08:18
148557411959,217154,244217815,29/07/26 08:18
148557835834,42492,251963411,29/07/26 08:18
148563509385,152121,214928739,29/07/26 08:18
148563920167,178189,89357211,29/07/26 08:18
148563829975,166562,118301940,29/07/26 08:18
148557454467,11914,237041697,29/07/26 08:18
148563626152,219289,29094502,29/07/26 08:18
148557404185,39241,243638929,29/07/26 08:18
148557474352,32469,272446362,29/07/26 08:18
148556221259,10758,142414463,29/07/26 08:18
148563824559,25203,151604176,29/07/26 08:18
148563839185,84526,112135803,29/07/26 08:18
148563510846,177579,184441670,29/07/26 08:18
148563537295,181717,111318359,29/07/26 08:18
148557457267,15277,211352649,29/07/26 08:18
148557455052,151272,249135655,29/07/26 08:18
148558488552,194126,268240773,29/07/26 08:18
148563828852,177228,43827636,29/07/26 08:18
148556730885,68536,195680678,29/07/26 08:18
148563514767,6398,108386690,29/07/26 08:18
148563611263,445229,235731915,29/07/26 08:18
148557420675,44008,139756395,29/07/26 08:18
148563506034,31123,272451890,29/07/26 08:18
148556827367,189247,272303388,29/07/26 08:18
148557442334,158520,153337435,29/07/26 08:18
148557470275,180202,237853461,29/07/26 08:18
148557492152,163840,81519998,29/07/26 08:18
148563506134,280391,30573425,29/07/26 08:18
148557351352,24731,88670856,29/07/26 08:18
148557650285,136166,253153186,29/07/26 08:18
148557377895,86315,88832277,29/07/26 08:18
148557385675,84170,240386394,29/07/26 08:18
148563513813,131627,85431326,29/07/26 08:18
148557432185,26943,150722142,29/07/26 08:18
148557341295,9188,272446325,29/07/26 08:18
148557339363,441909,200224039,29/07/26 08:18
148557398595,89793,56299897,29/07/26 08:18
148563514559,651834,107012341,29/07/26 08:18
148563830334,80296,272452204,29/07/26 08:18
148556108263,77723,110956457,29/07/26 08:18
148563514275,41268,181839345,29/07/26 08:18
148557648267,207387,184569050,29/07/26 08:18
148557370552,184971,271853138,29/07/26 08:18
148563510395,30614,32206923,29/07/26 08:18
148560037852,50110,97119774,29/07/26 08:18
148557952359,350686,200189316,29/07/26 08:18
148557978546,166049,3895245,29/07/26 08:18
148557995367,190693,40863439,29/07/26 08:18
148564147367,192225,244080142,29/07/26 08:18
148563825985,123903,201825685,29/07/26 08:18
148557420875,180823,111301274,29/07/26 08:18
148563515985,224642,129850747,29/07/26 08:18
148557631846,114435,61179269,29/07/26 08:18
148557957867,181054,156039356,29/07/26 08:18
148558006363,26081,223449819,29/07/26 08:18
148557402363,20200,42060807,29/07/26 08:18
148563932375,193867,9074989,29/07/26 08:18
148557449975,597,35440169,29/07/26 08:18
148558006513,41607,108780476,29/07/26 08:18
148557924359,205076,123460762,29/07/26 08:18
148557983152,78424,22210341,29/07/26 08:18
148557382567,44188,130302785,29/07/26 08:18
148563825159,22069,137383587,29/07/26 08:18
148557964846,8888,191060029,29/07/26 08:18
148557995067,80377,272446771,29/07/26 08:18
148563824863,64941,100771129,29/07/26 08:18
148557970867,31028,104887070,29/07/26 08:18
148564025163,222900,55739020,29/07/26 08:18
148563828934,149041,222442542,29/07/26 08:18
148564141934,157880,272452513,29/07/26 08:18
148564137863,150472,242427675,29/07/26 08:18
148564144852,138384,272452526,29/07/26 08:18
148564057863,193741,180694240,29/07/26 08:18
148563933713,114182,108497991,29/07/26 08:18
148557649985,177048,191484710,29/07/26 08:18
148564128767,36933,121705485,29/07/26 08:18
148564137785,1691,272452505,29/07/26 08:18
148564145195,181490,182426567,29/07/26 08:18
148564027263,650403,255397658,29/07/26 08:18
148563935885,165385,28118145,29/07/26 08:18
148564160359,167035,272452557,29/07/26 08:18
148501501234,105442,7591463,29/07/26 08:19
148564162767,167035,271537637,29/07/26 08:19
148564140952,6886,257049057,29/07/26 08:19
148564151734,18080,272452446,29/07/26 08:19
148564039234,655055,272071422,29/07/26 08:19
148564143313,217107,44365005,29/07/26 08:19
148563817985,189764,83106711,29/07/26 08:19
148564037967,55982,26201174,29/07/26 08:19
148558164663,43732,26994402,29/07/26 08:19
148546597759,187946,272271409,29/07/26 08:19
148558146113,136100,272446912,29/07/26 08:19
148518939663,207565,202420869,29/07/26 08:19
148558349195,22398,150256133,29/07/26 08:19
148558363959,20241,272197168,29/07/26 08:19
148560321246,40874,196357558,29/07/26 08:19
148558503395,651482,185777939,29/07/26 08:19
148558374434,107735,115976570,29/07/26 08:19
148563259395,203196,272451581,29/07/26 08:19
148558379259,138631,67039144,29/07/26 08:19
148558159713,7623,223194628,29/07/26 08:19
148558653363,113678,239088741,29/07/26 08:19
148558378034,186406,272447121,29/07/26 08:19
148558362867,186020,226740154,29/07/26 08:19
148560133434,85899,123608897,29/07/26 08:19
148558375463,203199,23470255,29/07/26 08:19
148558072634,18482,272446896,29/07/26 08:19
148558378134,656749,89629882,29/07/26 08:19
148558378867,41438,218617204,29/07/26 08:19
148558386946,177610,23000572,29/07/26 08:19
148558374634,180898,272447116,29/07/26 08:19
148558164485,126216,211068083,29/07/26 08:19
148558053046,85918,272446878,29/07/26 08:19
148558359313,180349,138649691,29/07/26 08:19
148558133785,206038,250870805,29/07/26 08:19
148558094575,135644,121926265,29/07/26 08:19
148558201867,42099,126071272,29/07/26 08:19
148558054159,167748,54813211,29/07/26 08:19
148558374859,652687,191194226,29/07/26 08:19
148558376895,26999,268068381,29/07/26 08:19
148558071052,33355,272446895,29/07/26 08:19
148558220346,84245,146532240,29/07/26 08:19
148546324985,193607,4359704,29/07/26 08:19
148558944885,78535,159695675,29/07/26 08:19
148557877752,39035,110929479,29/07/26 08:19
148521905059,138721,17938064,29/07/26 08:19
148558051385,188772,240115928,29/07/26 08:19
148558056385,25037,56583561,29/07/26 08:19
148558363195,44140,210949826,29/07/26 08:19
148558357859,160935,61716289,29/07/26 08:19
148558375746,114113,82316695,29/07/26 08:19
148558359263,2532,272447100,29/07/26 08:19
148558354846,183217,37865965,29/07/26 08:19
148558360685,182718,203361498,29/07/26 08:19
148558027463,2266,209665573,29/07/26 08:19
148558363867,186154,12610220,29/07/26 08:19
148558492467,5515,272447112,29/07/26 08:19
148556702359,27220,187760000,29/07/26 08:19
148558358285,30243,109918350,29/07/26 08:19
148558368213,187642,50568541,29/07/26 08:19
148564144067,102070,133070721,29/07/26 08:19
148550417395,38674,73246196,29/07/26 08:19
148558338446,21476,199927876,29/07/26 08:19
148563512975,184475,272451916,29/07/26 08:19
148564145934,2221,268971417,29/07/26 08:19
148558038952,20956,54890933,29/07/26 08:19
148558362146,111257,71587533,29/07/26 08:19
148563255167,445988,227085804,29/07/26 08:19
148558356113,6217,139155751,29/07/26 08:19
148563605959,192721,183386007,29/07/26 08:19
148563523634,1451,272451736,29/07/26 08:19
148558931246,22736,201914544,29/07/26 08:19
148558218663,3678,264860704,29/07/26 08:19
148558003785,38998,35305940,29/07/26 08:19
148560394013,4543,207635967,29/07/26 08:19
148558376652,177154,259894001,29/07/26 08:19
148563537752,192225,238507966,29/07/26 08:19
148563511746,28092,199626067,29/07/26 08:19
148563515785,35137,265319337,29/07/26 08:19
148557312052,278749,272446334,29/07/26 08:19
148563835375,204358,44897852,29/07/26 08:19
148563837359,88112,18109905,29/07/26 08:19
148563520975,3631,110676123,29/07/26 08:19
148564038146,5957,93709351,29/07/26 08:19
148564051613,78549,193465113,29/07/26 08:19
148557312575,181087,141717713,29/07/26 08:19
148556712146,180894,136414818,29/07/26 08:19
148557316463,189039,272446338,29/07/26 08:19
148531621413,158095,233972878,29/07/26 08:19
148557482067,220569,28399135,29/07/26 08:19
148557312413,29498,216307510,29/07/26 08:19
148563833352,23336,272452203,29/07/26 08:19
148563518463,34508,272451930,29/07/26 08:19
148558487246,74006,153080949,29/07/26 08:19
148563838559,208881,66918705,29/07/26 08:19
148563514659,217498,249744062,29/07/26 08:19
148557317734,55981,119732157,29/07/26 08:19
148557472267,183008,42430013,29/07/26 08:19
148564057067,184317,272452457,29/07/26 08:19
148557312659,137678,272446258,29/07/26 08:19
148563896513,164020,130623606,29/07/26 08:19
148557316134,107208,186560342,29/07/26 08:19
148557318685,11068,109801397,29/07/26 08:19
148557465685,3190,135259092,29/07/26 08:19
148564164013,31054,248421225,29/07/26 08:19
148563835852,180898,123558831,29/07/26 08:19
148557309785,44746,161825277,29/07/26 08:19
148563841975,191272,33213341,29/07/26 08:19
148557319885,445058,71806365,29/07/26 08:19
148563940559,2676,57666800,29/07/26 08:19
148557611695,68536,65574869,29/07/26 08:19
148563522867,23622,135667240,29/07/26 08:19
148563836713,65734,272378551,29/07/26 08:19
148564159546,184641,190144142,29/07/26 08:19
148563517895,44228,202615569,29/07/26 08:19
148563539975,210317,159121164,29/07/26 08:19
148558344985,150075,127808163,29/07/26 08:19
148557481385,194982,256171715,29/07/26 08:19
148557313885,207331,265907701,29/07/26 08:19
148557869552,191607,272446702,29/07/26 08:19
148563521446,186695,42597604,29/07/26 08:19
148557867634,129304,272446648,29/07/26 08:19
148563529846,111679,84616822,29/07/26 08:19
148563524646,9029,64254139,29/07/26 08:19
148563834613,126167,144017744,29/07/26 08:19
148557445934,29456,149754406,29/07/26 08:19
148563840159,21193,272452224,29/07/26 08:19
148563524375,187922,116256945,29/07/26 08:19
148557404552,104407,15409231,29/07/26 08:19
148563522285,185379,32866682,29/07/26 08:19
148564161595,112034,194568137,29/07/26 08:19
148558363075,187114,151270691,29/07/26 08:19
148557868385,180202,87385567,29/07/26 08:19
148557876067,2536,269281373,29/07/26 08:19
148557327113,33436,25284462,29/07/26 08:19
148560704267,152971,159722526,29/07/26 08:19
148563839863,146230,271518356,29/07/26 08:19
148563525452,43699,119548532,29/07/26 08:19
148563839934,28873,226024101,29/07/26 08:19
148563531313,98893,55534845,29/07/26 08:19
148563930234,65498,272452339,29/07/26 08:19
148557315595,4445,271411922,29/07/26 08:19
148563624595,172377,62005399,29/07/26 08:19
148563671734,445988,77487753,29/07/26 08:19
148563521763,183791,93385309,29/07/26 08:19
148563517385,279058,249242671,29/07/26 08:19
148564137167,45993,92223804,29/07/26 08:19
148564154959,14456,88630972,29/07/26 08:19
148543287859,12569,199938606,29/07/26 08:19
148564163213,142037,272452562,29/07/26 08:19
148563931152,12687,272452340,29/07/26 08:19
148564158385,187661,83779485,29/07/26 08:19
148563925646,9938,30889545,29/07/26 08:19
148558350075,139096,109889164,29/07/26 08:19
148564151152,9711,68221004,29/07/26 08:19
148563938834,85180,216825949,29/07/26 08:19
148563936852,193115,271622296,29/07/26 08:19
148564157634,23373,55575960,29/07/26 08:19
148511474485,101803,138722627,29/07/26 08:19
148564160634,137709,272452459,29/07/26 08:20
148564150613,208666,97616998,29/07/26 08:20
148564166675,216330,244181426,29/07/26 08:20
148564169363,132525,5346365,29/07/26 08:20
148564140363,157085,272452511,29/07/26 08:20
148560238267,21127,272448444,29/07/26 08:20
148564145685,3410,161192308,29/07/26 08:20
148564161713,8909,129217845,29/07/26 08:20
148564176775,656997,263482713,29/07/26 08:20
148564022985,178362,33099174,29/07/26 08:20
148557870152,45885,14712404,29/07/26 08:20
148558056185,120766,32663970,29/07/26 08:20
148558201285,179031,137211702,29/07/26 08:20
148558200695,170749,272446988,29/07/26 08:20
148546880767,120852,253190377,29/07/26 08:20
148558049963,32829,185421951,29/07/26 08:20
148564041059,192306,99722203,29/07/26 08:20
148558209167,42065,224785366,29/07/26 08:20
148558370959,50730,106809945,29/07/26 08:20
148558205095,186625,137336304,29/07/26 08:20
148558360213,136958,252842622,29/07/26 08:20
148558045846,28786,272446860,29/07/26 08:20
148558348446,21244,156582343,29/07/26 08:20
148558526563,657185,78607542,29/07/26 08:20
148557300346,650212,272446144,29/07/26 08:20
148558353646,140720,60253766,29/07/26 08:20
148558359146,208737,78667353,29/07/26 08:20
148558055759,190523,272446887,29/07/26 08:20
148558342095,73990,68869542,29/07/26 08:20
148557481167,192480,272446313,29/07/26 08:20
148558174167,7238,83920578,29/07/26 08:20
148558199767,90216,202797564,29/07/26 08:20
148564044295,159819,272452449,29/07/26 08:20
148558353375,157692,55409970,29/07/26 08:20
148558045685,132834,272446859,29/07/26 08:20
148558355363,656045,52556238,29/07/26 08:20
148558173985,84949,29591046,29/07/26 08:20
148558419967,187166,272447107,29/07/26 08:20
148493784013,9711,129302823,29/07/26 08:20
148564058134,163187,266655481,29/07/26 08:20
148558051152,227968,216374221,29/07/26 08:20
148557278867,24423,103679171,29/07/26 08:20
148558376475,151215,26633969,29/07/26 08:20
148557300263,5182,272220687,29/07/26 08:20
148558392352,154942,272447054,29/07/26 08:20
148519558175,23566,8504493,29/07/26 08:20
148558664175,184522,266160756,29/07/26 08:20
148557306459,104527,21903892,29/07/26 08:20
148558338646,35137,272447069,29/07/26 08:20
148558970567,183824,101809798,29/07/26 08:20
148563846959,442538,272452241,29/07/26 08:20
148557697175,179520,233092069,29/07/26 08:20
148563843652,20187,6973256,29/07/26 08:20
148558358834,25982,90922278,29/07/26 08:20
148557872913,650019,128697573,29/07/26 08:20
148557296259,105916,272446269,29/07/26 08:20
148557871775,42195,125357029,29/07/26 08:20
148557868467,50635,22630301,29/07/26 08:20
148557291795,192640,272446301,29/07/26 08:20
148557871334,42952,28311231,29/07/26 08:20
148557434485,26977,264622975,29/07/26 08:20
148558333446,80753,7109175,29/07/26 08:20
148563643546,29929,272451929,29/07/26 08:20
148557293746,182117,272446282,29/07/26 08:20
148563524995,181713,263311760,29/07/26 08:20
148563519863,44623,250090313,29/07/26 08:20
148563268185,190847,8821409,29/07/26 08:20
148556695567,445762,272445753,29/07/26 08:20
148557304063,26545,128488359,29/07/26 08:20
148557877663,7663,48166522,29/07/26 08:20
148563534175,1336,271179270,29/07/26 08:20
148563522534,35231,218574989,29/07/26 08:20
148563846067,219369,62850420,29/07/26 08:20
148558354234,216770,37634504,29/07/26 08:20
148564171775,159750,65679231,29/07/26 08:20
148563844395,28780,22656433,29/07/26 08:20
148563849413,148982,81604454,29/07/26 08:20
148557295946,142700,80595548,29/07/26 08:20
148557303963,214743,1047283,29/07/26 08:20
148557291367,90212,127150366,29/07/26 08:20
148557862634,58,243425271,29/07/26 08:20
148556027052,135597,256198610,29/07/26 08:20
148557301085,176281,222751503,29/07/26 08:20
148563844275,18819,81290219,29/07/26 08:20
148557304263,194830,153737117,29/07/26 08:20
148557308234,21475,192137507,29/07/26 08:20
148563268546,2879,86473661,29/07/26 08:20
148557855534,149181,2753893,29/07/26 08:20
148557375595,84153,122741659,29/07/26 08:20
148557856246,179914,272446681,29/07/26 08:20
148557853234,137292,37339234,29/07/26 08:20
148563842463,30613,86942905,29/07/26 08:20
148557855285,186827,113285744,29/07/26 08:20
148562648513,7125,74175127,29/07/26 08:20
148557858085,28880,272446704,29/07/26 08:20
148564044446,69611,66298661,29/07/26 08:20
148557629652,165229,272445837,29/07/26 08:20
148557298975,42861,271458120,29/07/26 08:20
148557294534,20593,151267740,29/07/26 08:20
148557857946,184559,102230566,29/07/26 08:20
148557865346,446164,252221464,29/07/26 08:20
148556683513,181725,270241314,29/07/26 08:20
148557295713,39410,190368199,29/07/26 08:20
148563844834,180800,33894767,29/07/26 08:20
148563264152,10937,14280905,29/07/26 08:20
148557858667,7196,240314586,29/07/26 08:20
148557296685,7242,129929782,29/07/26 08:20
148557288967,218866,6360014,29/07/26 08:20
148557290413,10146,12335312,29/07/26 08:20
148557305846,113937,272446320,29/07/26 08:20
148557857585,95974,253984807,29/07/26 08:20
148557302459,22246,127153196,29/07/26 08:20
148557290775,157960,131991190,29/07/26 08:20
148557857895,182620,48380323,29/07/26 08:20
148556675413,37614,114876574,29/07/26 08:20
148557861675,27017,183566707,29/07/26 08:20
148563849946,163279,74242822,29/07/26 08:20
148563849775,31265,108409749,29/07/26 08:20
148564164175,183343,209613981,29/07/26 08:20
148564157067,41607,220935698,29/07/26 08:20
148560306246,176223,271184812,29/07/26 08:20
148557292159,180892,49809880,29/07/26 08:20
148558349459,44074,272124149,29/07/26 08:20
148564169513,157102,115685807,29/07/26 08:20
148564151567,30515,180824144,29/07/26 08:20
148563964095,85035,17051273,29/07/26 08:20
148564061685,126721,272452439,29/07/26 08:20
148564148159,44857,189838031,29/07/26 08:20
148564062552,11200,110823531,29/07/26 08:20
148564151334,154373,89168214,29/07/26 08:20
148564157859,151879,242899037,29/07/26 08:20
148564160946,158139,139119174,29/07/26 08:20
148564011995,189386,92507702,29/07/26 08:20
148564012046,142688,39174639,29/07/26 08:20
148564138313,2416,126369017,29/07/26 08:20
148562373885,154801,272082245,29/07/26 08:20
148564168752,55082,272452573,29/07/26 08:20
148564147863,216819,206898311,29/07/26 08:20
148564175567,220300,11529743,29/07/26 08:20
148564116485,650453,69378437,29/07/26 08:20
148564178259,161340,272448541,29/07/26 08:21
148562610552,159919,51854393,29/07/26 08:21
148564162367,69138,272130309,29/07/26 08:21
148564168885,23505,272452574,29/07/26 08:21
148564015334,2893,139696766,29/07/26 08:21
148564167013,28377,18714520,29/07/26 08:21
148564178113,38963,152489773,29/07/26 08:21
148564248063,43850,249551863,29/07/26 08:21
148564059485,41748,272452460,29/07/26 08:21
148564169134,136740,270022495,29/07/26 08:21
148564233052,55094,70657809,29/07/26 08:21
148563539859,87704,149450237,29/07/26 08:21
148564016767,182472,245227966,29/07/26 08:21
148563533875,187396,141013868,29/07/26 08:21
148564188585,138056,117781880,29/07/26 08:21
148563540063,7932,162070678,29/07/26 08:21
148563535563,445376,144389139,29/07/26 08:21
148564134546,141253,29396914,29/07/26 08:21
148564233295,650012,269323021,29/07/26 08:21
148563537463,8636,11701823,29/07/26 08:21
148563535663,230239,126777959,29/07/26 08:21
148563847059,443889,238696711,29/07/26 08:21
148564164685,156194,272452564,29/07/26 08:21
148558041663,216499,132045891,29/07/26 08:21
148558356885,169163,128258838,29/07/26 08:21
148558346759,347864,205010026,29/07/26 08:21
148558343513,10394,272446917,29/07/26 08:21
148558185763,156195,256355198,29/07/26 08:21
148557823167,72721,163435208,29/07/26 08:21
148558036167,55099,272446293,29/07/26 08:21
148558023846,42102,147987693,29/07/26 08:21
148558036085,167473,244745605,29/07/26 08:21
148558339913,33712,128741729,29/07/26 08:21
148558344063,190105,12745542,29/07/26 08:21
148550098213,165045,272439140,29/07/26 08:21
148558034267,3725,148319038,29/07/26 08:21
148558014346,159924,54274286,29/07/26 08:21
148558337352,42998,233960098,29/07/26 08:21
148558332734,204658,272447050,29/07/26 08:21
148558172634,220300,272446710,29/07/26 08:21
148558190385,157953,45254165,29/07/26 08:21
148558254534,122518,5414511,29/07/26 08:21
148558033046,78392,154863380,29/07/26 08:21
148536968934,123851,272199935,29/07/26 08:21
148558046059,164419,272446862,29/07/26 08:21
148548219285,9698,106932734,29/07/26 08:21
148558041952,18048,77894540,29/07/26 08:21
148559349595,36160,78415155,29/07/26 08:21
148558372985,184123,272260478,29/07/26 08:21
148550507495,116631,221722749,29/07/26 08:21
148558312546,224700,235899016,29/07/26 08:21
148548580963,213472,245793346,29/07/26 08:21
148558039067,123996,269306442,29/07/26 08:21
148558348785,175532,227877190,29/07/26 08:21
148558028867,27418,76166102,29/07/26 08:21
148558020063,2253,97402183,29/07/26 08:21
148558191363,187580,70619844,29/07/26 08:21
148564018667,194062,28120281,29/07/26 08:21
148558938313,28214,263234893,29/07/26 08:21
148558341559,99493,265916774,29/07/26 08:21
148558180713,5275,16644691,29/07/26 08:21
148558247852,30329,46449600,29/07/26 08:21
148558338595,220564,221997504,29/07/26 08:21
148558336552,151052,272447062,29/07/26 08:21
148558319246,118218,272447034,29/07/26 08:21
148505905867,69765,116411105,29/07/26 08:21
148558185046,9060,159827346,29/07/26 08:21
148558180295,11348,252436679,29/07/26 08:21
148558220534,2298,136297087,29/07/26 08:21
148557841163,23137,77701437,29/07/26 08:21
148558184646,184588,257472275,29/07/26 08:21
148558170934,444900,25170453,29/07/26 08:21
148558186563,164304,108626522,29/07/26 08:21
148564019975,659202,272037901,29/07/26 08:21
148564154475,24942,92990998,29/07/26 08:21
148557843452,106650,272303874,29/07/26 08:21
148557850775,3878,30211531,29/07/26 08:21
148557542463,84153,77576484,29/07/26 08:21
148557406663,142355,272446267,29/07/26 08:21
148558175395,191018,61718507,29/07/26 08:21
148564176552,31598,68148301,29/07/26 08:21
148558333134,221794,182397540,29/07/26 08:21
148557487134,204181,95189626,29/07/26 08:21
148558351346,654627,143560404,29/07/26 08:21
148558353263,11357,12375579,29/07/26 08:21
148557871463,24146,155382703,29/07/26 08:21
148558040152,190544,250924276,29/07/26 08:21
148557283952,96485,27886899,29/07/26 08:21
148557285452,83952,129474975,29/07/26 08:21
148557507775,10041,10067834,29/07/26 08:21
148564018046,168845,272452180,29/07/26 08:21
148557285746,180135,8108698,29/07/26 08:21
148564221013,139962,120227532,29/07/26 08:21
148563598359,98542,58270084,29/07/26 08:21
148563902067,5190,149543105,29/07/26 08:21
148557838563,184253,272446676,29/07/26 08:21
148563589875,105908,164287997,29/07/26 08:21
148557281267,150409,193317731,29/07/26 08:21
148557310563,168169,44438242,29/07/26 08:21
148557277467,39080,157190374,29/07/26 08:21
148563900513,16807,116133191,29/07/26 08:21
148557846646,162792,182722850,29/07/26 08:21
148557274959,184871,14211901,29/07/26 08:21
148564176975,181511,146946814,29/07/26 08:21
148557272952,180478,125069719,29/07/26 08:21
148557465759,655055,271741249,29/07/26 08:21
148563895446,8492,265448630,29/07/26 08:21
148557274034,25360,270897087,29/07/26 08:21
148557851246,80249,90972089,29/07/26 08:21
148563624213,2296,98559204,29/07/26 08:21
148563898534,78070,272452244,29/07/26 08:21
148557839585,36131,110510778,29/07/26 08:21
148563551475,177646,225426594,29/07/26 08:21
148557845434,42328,101380935,29/07/26 08:21
148563635385,129046,272320856,29/07/26 08:21
148557848785,84706,40666086,29/07/26 08:21
148563904763,18988,272452259,29/07/26 08:21
148557274863,190770,70202787,29/07/26 08:21
148557846052,6947,122126665,29/07/26 08:21
148557276985,148982,17273963,29/07/26 08:21
148557285634,107229,67429768,29/07/26 08:21
148563329613,126835,193506022,29/07/26 08:21
148563636752,25102,88948614,29/07/26 08:21
148563597913,170948,33788124,29/07/26 08:21
148557284852,127327,56207258,29/07/26 08:21
148563565375,4164,55244329,29/07/26 08:21
148557281675,167225,55715757,29/07/26 08:21
148564170346,650381,272403151,29/07/26 08:21
148557283713,77790,162414377,29/07/26 08:21
148563573152,72866,46809682,29/07/26 08:21
148557275546,2023,26262950,29/07/26 08:21
148557284246,151987,88246746,29/07/26 08:21
148563601585,68878,272451973,29/07/26 08:21
148563904252,279058,57176204,29/07/26 08:21
148557476375,147252,88299137,29/07/26 08:21
148563900867,5507,13031859,29/07/26 08:21
148563612446,445774,53195015,29/07/26 08:21
148563602152,22515,50943333,29/07/26 08:21
148563555952,55200,247969020,29/07/26 08:21
148557645634,44756,59957558,29/07/26 08:21
148563560652,164783,161940651,29/07/26 08:21
148557460934,184483,70889839,29/07/26 08:21
148563599263,73701,225693111,29/07/26 08:21
148563587113,107088,271024308,29/07/26 08:21
148557843063,9335,107667716,29/07/26 08:21
148557288395,445774,13675396,29/07/26 08:21
148557284052,138217,225690003,29/07/26 08:21
148563717267,5717,42869540,29/07/26 08:21
148563600875,653356,248204872,29/07/26 08:21
148563576246,164099,37992908,29/07/26 08:21
148563603185,653917,112250768,29/07/26 08:21
148561053913,25982,272449138,29/07/26 08:21
148564014495,2970,272452388,29/07/26 08:21
148563911963,180854,68245577,29/07/26 08:21
148564138885,87828,272109707,29/07/26 08:21
148557852275,21294,74718218,29/07/26 08:21
148528451263,114046,24328186,29/07/26 08:21
148538622767,95589,89270471,29/07/26 08:22
148564226795,225777,185566466,29/07/26 08:22
148564245334,656749,124226457,29/07/26 08:22
148564265463,94582,124703387,29/07/26 08:22
148564138275,163158,213547413,29/07/26 08:22
148564021552,68665,234538250,29/07/26 08:22
148510727175,185256,111224217,29/07/26 08:22
148563538846,142772,955096,29/07/26 08:22
148564165595,215576,272452166,29/07/26 08:22
148564025434,181717,272452417,29/07/26 08:22
148564152713,31300,272452536,29/07/26 08:22
148564167485,188673,237870900,29/07/26 08:22
148534356859,136575,186753153,29/07/26 08:22
148564172585,181579,272452583,29/07/26 08:22
148564173213,859,151554063,29/07/26 08:22
148564248613,169541,136627759,29/07/26 08:22
148564145763,143133,39935906,29/07/26 08:22
148561462367,1427,270054589,29/07/26 08:22
148558026034,86326,232928729,29/07/26 08:22
148558283734,166520,250383250,29/07/26 08:22
148558021175,6940,243208283,29/07/26 08:22
148558330395,84003,209910701,29/07/26 08:22
148558217375,445924,235462654,29/07/26 08:22
148558019595,9070,272446819,29/07/26 08:22
148558199363,8038,269130152,29/07/26 08:22
148549642163,191747,137501893,29/07/26 08:22
148558014846,214606,237351464,29/07/26 08:22
148558335267,132530,238993144,29/07/26 08:22
148558662246,183360,139058549,29/07/26 08:22
148501317334,120928,180327992,29/07/26 08:22
148558331359,43829,127258052,29/07/26 08:22
148541590385,659340,25675534,29/07/26 08:22
148558014567,178921,3755377,29/07/26 08:22
148558342959,16807,207739501,29/07/26 08:22
148558279613,349,272447026,29/07/26 08:22
148558335567,39305,160288580,29/07/26 08:22
148558018075,226808,99505019,29/07/26 08:22
148540102263,156943,200095805,29/07/26 08:22
148557697052,33561,129994547,29/07/26 08:22
148558007285,64957,140426854,29/07/26 08:22
148558219752,6222,257092231,29/07/26 08:22
148560323063,35731,96316098,29/07/26 08:22
148558181434,20552,272446943,29/07/26 08:22
148558211795,182420,272447005,29/07/26 08:22
148558022185,653693,198051990,29/07/26 08:22
148558264746,30202,148518315,29/07/26 08:22
148558025385,155550,272446825,29/07/26 08:22
148558208863,654561,98988950,29/07/26 08:22
148558221375,181436,78705362,29/07/26 08:22
148564238152,43644,268771457,29/07/26 08:22
148558211152,80403,83256054,29/07/26 08:22
148558157175,101989,201445037,29/07/26 08:22
148558219663,1056,63199594,29/07/26 08:22
148556655095,33712,271454588,29/07/26 08:22
148558162495,32822,158907370,29/07/26 08:22
148558282967,157576,84403747,29/07/26 08:22
148563616946,167035,271005323,29/07/26 08:22
148558101759,208183,7729011,29/07/26 08:22
148549563052,121169,15555253,29/07/26 08:22
148558300585,442406,43483182,29/07/26 08:22
148557905463,113805,13778693,29/07/26 08:22
148557274485,29726,119252711,29/07/26 08:22
148558324959,121257,189096865,29/07/26 08:22
148558218475,65220,272447017,29/07/26 08:22
148557640967,135648,67805077,29/07/26 08:22
148557267434,98773,212824002,29/07/26 08:22
148558202634,65643,272446994,29/07/26 08:22
148564247495,106896,3434013,29/07/26 08:22
148563608052,7754,27901329,29/07/26 08:22
148558167285,193855,229113016,29/07/26 08:22
148557307213,132556,71650830,29/07/26 08:22
148557257734,50063,73672115,29/07/26 08:22
148557267059,184977,119585201,29/07/26 08:22
148558008663,40557,253102960,29/07/26 08:22
148564025559,216791,272452418,29/07/26 08:22
148557832295,137939,272446653,29/07/26 08:22
148557835163,21244,76964530,29/07/26 08:22
148557830034,207289,272446343,29/07/26 08:22
148563907313,1691,184816101,29/07/26 08:22
148557270734,40790,272446266,29/07/26 08:22
148558020859,121360,3216611,29/07/26 08:22
148557272613,655300,262510055,29/07/26 08:22
148558022885,132998,163472049,29/07/26 08:22
148557262085,90453,272446242,29/07/26 08:22
148557335034,185930,232729880,29/07/26 08:22
148563909613,85212,64899239,29/07/26 08:22
148557831785,181647,268925396,29/07/26 08:22
148563605152,189823,136300106,29/07/26 08:22
148557824646,37467,272446617,29/07/26 08:22
148557264859,11877,102378659,29/07/26 08:22
148564264346,68250,37224963,29/07/26 08:22
148557270567,85505,272369686,29/07/26 08:22
148557836395,43588,253970525,29/07/26 08:22
148564250434,177127,222051127,29/07/26 08:22
148563912067,659175,145363182,29/07/26 08:22
148557827575,107229,229612893,29/07/26 08:22
148563911395,18773,242155078,29/07/26 08:22
148557589495,1501,272048061,29/07/26 08:22
148563608795,30664,205450035,29/07/26 08:22
148557831046,445774,157493306,29/07/26 08:22
148557266675,38730,225664036,29/07/26 08:22
148557824859,214953,12118035,29/07/26 08:22
148557778359,136100,272446601,29/07/26 08:22
148564157995,181717,272452535,29/07/26 08:22
148564259913,154628,271935996,29/07/26 08:22
148556884595,20967,86821438,29/07/26 08:22
148557281495,3179,251280346,29/07/26 08:22
148557270685,184662,162764032,29/07/26 08:22
148563909459,168014,255806405,29/07/26 08:22
148557827485,167105,272446647,29/07/26 08:22
148563909767,11333,143589883,29/07/26 08:22
148557271795,157281,85597553,29/07/26 08:22
148557277513,1004,6631830,29/07/26 08:22
148564075175,6806,272264362,29/07/26 08:22
148557254567,36095,254551582,29/07/26 08:22
148564173975,189643,186808113,29/07/26 08:22
148564142285,165747,9883514,29/07/26 08:22
148557267859,181144,113043020,29/07/26 08:22
148556560813,19017,25471608,29/07/26 08:22
148557264346,177542,119232423,29/07/26 08:22
148557388185,180898,272446251,29/07/26 08:22
148557830167,156238,152870254,29/07/26 08:22
148557262234,9997,272446245,29/07/26 08:22
148564242759,37721,272452612,29/07/26 08:22
148563611475,216439,63731568,29/07/26 08:22
148563929467,16408,242311447,29/07/26 08:22
148563600552,154572,37746596,29/07/26 08:22
148558214585,217623,201958993,29/07/26 08:22
148557825013,96510,15701943,29/07/26 08:22
148557457613,184284,238536977,29/07/26 08:22
148492866734,936,123069930,29/07/26 08:22
148563607167,177715,88715449,29/07/26 08:22
148564030163,38136,111139311,29/07/26 08:22
148564171434,152897,73325275,29/07/26 08:22
148564261559,186261,129160778,29/07/26 08:22
148564249085,122230,152521815,29/07/26 08:22
148564144252,26659,152824227,29/07/26 08:22
148505115352,41783,145045307,29/07/26 08:22
148564271385,38038,243821078,29/07/26 08:22
148564163175,3398,272452560,29/07/26 08:22
148546289275,1617,263775895,29/07/26 08:22
148524811067,34721,1081034,29/07/26 08:22
148537952446,1137,95886806,29/07/26 08:22
148564033234,177542,2697797,29/07/26 08:22
148564264452,658747,131392517,29/07/26 08:22
148564264667,44785,88628442,29/07/26 08:23
148564263963,20873,252201939,29/07/26 08:23
148561272334,154525,272449271,29/07/26 08:23
148564031967,651858,272452430,29/07/26 08:23
148563960895,167443,203446062,29/07/26 08:23
148564248875,13719,20264492,29/07/26 08:23
148563605563,74940,272451994,29/07/26 08:23
148564148846,127389,264751935,29/07/26 08:23
148558005175,258164,272446789,29/07/26 08:23
148564171252,1416,269382648,29/07/26 08:23
148558011513,213455,125418714,29/07/26 08:23
148558010467,12083,241346333,29/07/26 08:23
148558010685,44146,156787763,29/07/26 08:23
148558008875,222823,140600505,29/07/26 08:23
148558189885,94738,240907733,29/07/26 08:23
148558191263,133902,201391400,29/07/26 08:23
148558201567,8732,272446993,29/07/26 08:23
148558214434,150841,162990899,29/07/26 08:23
148558205152,36393,217192677,29/07/26 08:23
148564246259,1081,107479061,29/07/26 08:23
148558003459,3511,77186014,29/07/26 08:23
148558166895,445774,272446926,29/07/26 08:23
148530148952,30719,69431188,29/07/26 08:23
148557696252,132717,272446500,29/07/26 08:23
148558201146,56111,272446991,29/07/26 08:23
148564248452,177542,104959835,29/07/26 08:23
148558332134,323802,36349914,29/07/26 08:23
148557989813,100625,112255730,29/07/26 08:23
148558232034,2747,192441213,29/07/26 08:23
148564137263,442034,269822843,29/07/26 08:23
148557957059,176220,272446767,29/07/26 08:23
148557988259,34099,8332599,29/07/26 08:23
148557940646,131719,59261511,29/07/26 08:23
148558159934,217963,106962827,29/07/26 08:23
148557818085,22111,147394604,29/07/26 08:23
148558094063,6169,272446899,29/07/26 08:23
148564261452,177,136482033,29/07/26 08:23
148557256295,658801,265294765,29/07/26 08:23
148519435085,45818,132802332,29/07/26 08:23
148549932675,7163,163379782,29/07/26 08:23
148558207913,155013,5496177,29/07/26 08:23
148557142285,38982,272446220,29/07/26 08:23
148557274563,159919,110284925,29/07/26 08:23
148563606813,185871,272451979,29/07/26 08:23
148558047834,22654,255832926,29/07/26 08:23
148557194052,183009,239536517,29/07/26 08:23
148558255552,148982,272446950,29/07/26 08:23
148558115234,167517,227288771,29/07/26 08:23
148558198713,186694,18817195,29/07/26 08:23
148558200559,15385,222904115,29/07/26 08:23
148558217563,208654,142298231,29/07/26 08:23
148557995895,37059,9498917,29/07/26 08:23
148557260159,50493,255128181,29/07/26 08:23
148557261313,139199,226594923,29/07/26 08:23
148557253363,11352,264816235,29/07/26 08:23
148563925463,224700,266412161,29/07/26 08:23
148563926775,34432,82572502,29/07/26 08:23
148563921067,444900,272401950,29/07/26 08:23
148563925395,6260,272452274,29/07/26 08:23
148557212552,180588,119617140,29/07/26 08:23
148560047313,7784,43159207,29/07/26 08:23
148557215367,11242,254255251,29/07/26 08:23
148521729413,4548,154301281,29/07/26 08:23
148563928775,68190,20939205,29/07/26 08:23
148563606275,23332,210168559,29/07/26 08:23
148558245059,181742,265109829,29/07/26 08:23
148563536134,190381,129704640,29/07/26 08:23
148564035367,212142,272452437,29/07/26 08:23
148557820867,180438,136471832,29/07/26 08:23
148564260385,186367,266254874,29/07/26 08:23
148557236267,43850,216719405,29/07/26 08:23
148557253563,13018,225130708,29/07/26 08:23
148557456985,21080,72612526,29/07/26 08:23
148557233846,84218,53566628,29/07/26 08:23
148557723095,334,246791135,29/07/26 08:23
148557163585,444582,15975498,29/07/26 08:23
148557808667,446174,253718108,29/07/26 08:23
148563621113,13287,114782215,29/07/26 08:23
148563617375,6051,142779753,29/07/26 08:23
148557151213,24145,85568988,29/07/26 08:23
148557444985,192770,76014519,29/07/26 08:23
148559484334,167060,214103841,29/07/26 08:23
148564106459,1383,43669731,29/07/26 08:23
148557762795,204044,244958454,29/07/26 08:23
148556486034,105403,246850310,29/07/26 08:23
148557255952,43681,89179215,29/07/26 08:23
148557317434,187834,68186372,29/07/26 08:23
148557245846,257702,21015373,29/07/26 08:23
148559919734,96181,648382,29/07/26 08:23
148563927663,205607,89741474,29/07/26 08:23
148557214534,193157,115117366,29/07/26 08:23
148557145395,445774,142263420,29/07/26 08:23
148557778495,215336,246575915,29/07/26 08:23
148557184234,31273,109821313,29/07/26 08:23
148557254059,6062,54439199,29/07/26 08:23
148563332785,190266,9469235,29/07/26 08:23
148555850985,172377,64890655,29/07/26 08:23
148564211159,120835,267102533,29/07/26 08:23
148557716163,146942,272446610,29/07/26 08:23
148557200175,441935,66871821,29/07/26 08:23
148564151059,229366,265520611,29/07/26 08:23
148563830234,185921,189954253,29/07/26 08:23
148556480775,49941,92351840,29/07/26 08:23
148557798467,73316,272446632,29/07/26 08:23
148557727885,911,59095274,29/07/26 08:23
148563617667,102077,71129125,29/07/26 08:23
148563613834,3606,149478932,29/07/26 08:23
148558204675,18779,119057299,29/07/26 08:23
148563627334,178052,138883240,29/07/26 08:23
148557266763,179513,57241334,29/07/26 08:23
148563613975,178926,97038108,29/07/26 08:23
148563927013,350375,272452316,29/07/26 08:23
148563922813,22096,266309591,29/07/26 08:23
148557126759,43849,272446178,29/07/26 08:23
148564266834,80821,272452640,29/07/26 08:23
148563920363,21757,192255380,29/07/26 08:23
148563614259,84153,220433463,29/07/26 08:23
148563616734,18682,2426298,29/07/26 08:23
148563108685,177482,96265056,29/07/26 08:23
148557703513,3063,84337307,29/07/26 08:23
148557784485,38845,196929379,29/07/26 08:23
148563614534,50466,129091708,29/07/26 08:23
148564039152,157631,157468600,29/07/26 08:23
148564036513,134193,268784619,29/07/26 08:23
148564272385,184125,139862859,29/07/26 08:23
148557228434,37426,137072746,29/07/26 08:23
148557960263,20777,272446768,29/07/26 08:23
148559341495,119118,25279354,29/07/26 08:23
148564271475,152881,39160111,29/07/26 08:23
148563615175,386935,89087487,29/07/26 08:23
148563760134,69553,224008447,29/07/26 08:23
148563616513,78263,64466189,29/07/26 08:23
148564233385,95633,58469050,29/07/26 08:23
148563922346,166290,272452282,29/07/26 08:23
148564262063,161718,15476621,29/07/26 08:23
148564285213,182284,89053403,29/07/26 08:23
148564154163,50310,121713062,29/07/26 08:23
148564262152,37238,133033895,29/07/26 08:23
148564278775,43605,8843564,29/07/26 08:23
148564271275,1825,149858994,29/07/26 08:23
148564268113,73034,107267465,29/07/26 08:23
148564269563,222754,163754569,29/07/26 08:23
148564267113,445058,183532097,29/07/26 08:23
148564282352,34327,97731465,29/07/26 08:23
148564263685,155214,272452631,29/07/26 08:23
148563820713,445917,271578405,29/07/26 08:23
148564174059,190966,272452589,29/07/26 08:24
148564281513,227154,38102209,29/07/26 08:24
148547380159,146448,106376763,29/07/26 08:24
148502631385,132637,245914221,29/07/26 08:24
148564267367,214437,272452642,29/07/26 08:24
148564272134,139284,93635156,29/07/26 08:24
148564267434,31960,194379719,29/07/26 08:24
148564264163,55186,237335126,29/07/26 08:24
148564279575,182624,103495546,29/07/26 08:24
148564268795,25965,188958613,29/07/26 08:24
148564159463,88030,30078717,29/07/26 08:24
148564266459,177431,271570154,29/07/26 08:24
148558213295,85379,257766996,29/07/26 08:24
148557943963,38054,84645627,29/07/26 08:24
148557948959,154338,136929403,29/07/26 08:24
148558192795,178388,103873065,29/07/26 08:24
148557881463,5068,272446745,29/07/26 08:24
148558194146,162486,202225300,29/07/26 08:24
148558209334,94797,15996657,29/07/26 08:24
148558199967,24064,272446986,29/07/26 08:24
148557826034,182666,121452048,29/07/26 08:24
148558187552,445988,195896251,29/07/26 08:24
148558329552,1903,272446951,29/07/26 08:24
148558189185,12050,264018163,29/07/26 08:24
148557699695,32440,257950124,29/07/26 08:24
148558192113,28702,272446966,29/07/26 08:24
148544950034,4070,137502221,29/07/26 08:24
148558643985,41856,10703166,29/07/26 08:24
148558177446,186111,242239788,29/07/26 08:24
148557875959,184972,272446738,29/07/26 08:24
148545211495,178874,272436050,29/07/26 08:24
148564274034,194982,225381646,29/07/26 08:24
148564040859,41268,62188561,29/07/26 08:24
148558197267,569,272446977,29/07/26 08:24
148564275485,194286,89835178,29/07/26 08:24
148558197134,156212,73558164,29/07/26 08:24
148558210852,207557,106255285,29/07/26 08:24
148558194934,2293,54721622,29/07/26 08:24
148557913675,178773,94510451,29/07/26 08:24
148558207885,143742,201764514,29/07/26 08:24
148545341775,87669,272436240,29/07/26 08:24
148558212863,215977,27986541,29/07/26 08:24
148564276167,69553,80585736,29/07/26 08:24
148558197434,178549,272446975,29/07/26 08:24
148564246034,34133,128686020,29/07/26 08:24
148557123995,656470,45281207,29/07/26 08:24
148564262885,184299,8275176,29/07/26 08:24
148557113552,177730,272446174,29/07/26 08:24
148557506752,28161,269584892,29/07/26 08:24
148557688563,88026,268198299,29/07/26 08:24
148563336375,21908,110075627,29/07/26 08:24
148544346785,183064,107451609,29/07/26 08:24
148564268859,178884,91019063,29/07/26 08:24
148557122975,181912,198794875,29/07/26 08:24
148557115685,42526,115852598,29/07/26 08:24
148557121875,142603,20839371,29/07/26 08:24
148557287146,651829,240679234,29/07/26 08:24
148544130967,443019,272435182,29/07/26 08:24
148557495163,49941,50900452,29/07/26 08:24
148563345675,445004,272445026,29/07/26 08:24
148557125167,33699,233762931,29/07/26 08:24
148563930467,215041,218855737,29/07/26 08:24
148544352263,29930,243300415,29/07/26 08:24
148557112959,72904,272446176,29/07/26 08:24
148563933585,39305,52559749,29/07/26 08:24
148564268913,184488,262827004,29/07/26 08:24
148563340446,213409,10842954,29/07/26 08:24
148557118263,2583,95302747,29/07/26 08:24
148557127846,6042,116938943,29/07/26 08:24
148557127785,402,180300716,29/07/26 08:24
148564275334,191395,224028067,29/07/26 08:24
148557134046,105916,21920132,29/07/26 08:24
148564159375,64786,78643064,29/07/26 08:24
148563929846,188018,272452332,29/07/26 08:24
148557120134,153879,144791378,29/07/26 08:24
148557688159,215549,129970972,29/07/26 08:24
148563930552,650199,226410312,29/07/26 08:24
148560663734,39263,236902683,29/07/26 08:24
148557121013,139069,80519857,29/07/26 08:24
148563938085,160791,65259331,29/07/26 08:24
148557123646,24107,143646094,29/07/26 08:24
148557693759,159120,81621705,29/07/26 08:24
148557132659,43171,271226828,29/07/26 08:24
148563932152,190897,59024790,29/07/26 08:24
148557124734,208853,15839054,29/07/26 08:24
148563840652,165541,160611935,29/07/26 08:24
148564284095,27990,46476648,29/07/26 08:24
148564294734,658874,98134739,29/07/26 08:24
148557121534,3396,272445849,29/07/26 08:24
148557688252,236886,234694930,29/07/26 08:24
148557695913,163938,184280876,29/07/26 08:24
148557134367,190597,64854230,29/07/26 08:24
148557694495,9100,155398844,29/07/26 08:24
148557114263,30955,80574191,29/07/26 08:24
148561546213,657085,235114769,29/07/26 08:24
148564273352,118728,254357727,29/07/26 08:24
148563670985,161586,265326926,29/07/26 08:24
148563340559,182129,115080275,29/07/26 08:24
148563936659,189059,68624902,29/07/26 08:24
148557131252,216186,138435500,29/07/26 08:24
148563935475,6463,194835373,29/07/26 08:24
148557127359,137799,271912859,29/07/26 08:24
148544376767,38315,267929173,29/07/26 08:24
148564162663,31069,115959703,29/07/26 08:24
148563938313,223336,65732149,29/07/26 08:24
148563116185,167795,116369505,29/07/26 08:24
148564268352,43519,272452621,29/07/26 08:24
148564282846,222298,100724095,29/07/26 08:24
148544954459,203694,36417060,29/07/26 08:24
148564262259,3367,272452617,29/07/26 08:24
148564058313,42854,211889315,29/07/26 08:24
148564273252,33550,115211723,29/07/26 08:24
148564178475,87581,272452333,29/07/26 08:24
148564285775,227968,189193579,29/07/26 08:24
148564295095,13467,92004581,29/07/26 08:24
148564262413,98859,272452626,29/07/26 08:24
148544302863,38154,180342854,29/07/26 08:24
148564288746,149070,214086002,29/07/26 08:24
148564291334,19092,2373661,29/07/26 08:24
148564290846,9174,272452692,29/07/26 08:24
148564261275,154583,190146328,29/07/26 08:24
148564256575,184939,103552696,29/07/26 08:25
148564283734,73122,89465708,29/07/26 08:25
148564276313,117947,229583602,29/07/26 08:25
148564282552,1318,270013929,29/07/26 08:25
148533713546,3198,219320979,29/07/26 08:25
148564292475,5845,73367827,29/07/26 08:25
148564276634,650097,272452661,29/07/26 08:25
148564274863,216322,10945049,29/07/26 08:25
148564280975,69543,272452672,29/07/26 08:25
148564163975,80295,114977835,29/07/26 08:25
148514004385,137999,272411190,29/07/26 08:25
148564273052,442901,109504040,29/07/26 08:25
148564289867,4178,22731408,29/07/26 08:25
148564269285,29429,272452644,29/07/26 08:25
148561869485,1533,64909026,29/07/26 08:25
148564283285,9505,239596590,29/07/26 08:25
148560479046,1236,272448695,29/07/26 08:25
148564285375,217145,272452681,29/07/26 08:25
148564285063,5745,218735739,29/07/26 08:25
148564279659,184152,118039710,29/07/26 08:25
148564294163,191177,270490489,29/07/26 08:25
148563629175,20189,15678050,29/07/26 08:25
148564080085,188320,221876922,29/07/26 08:25
148563725775,168363,19128982,29/07/26 08:25
148564173446,55570,10313567,29/07/26 08:25
148564077075,70080,98378152,29/07/26 08:25
148564078767,148015,119038589,29/07/26 08:25
148563619885,7306,97417954,29/07/26 08:25
148563937259,445309,272452300,29/07/26 08:25
148563939463,95027,201531123,29/07/26 08:25
148563631567,442488,40600249,29/07/26 08:25
148563631795,27304,39211222,29/07/26 08:25
148563625867,147510,154562986,29/07/26 08:25
148563718413,8732,13060973,29/07/26 08:25
148563623595,105901,272451999,29/07/26 08:25
148564276067,122229,221923729,29/07/26 08:25
148547886885,42759,54112678,29/07/26 08:25
148564295952,158654,240796053,29/07/26 08:25
148564278559,135647,217247157,29/07/26 08:25
148519433567,11936,131683605,29/07/26 08:25
148564062385,165272,272452479,29/07/26 08:25
148564067352,181081,132411873,29/07/26 08:25
148563620646,445774,112094166,29/07/26 08:25
148563937185,188512,272452348,29/07/26 08:25
148564273875,216905,156712563,29/07/26 08:25
148564295234,182096,68035203,29/07/26 08:25
148563633575,444778,57664611,29/07/26 08:25
148564299059,30209,81686644,29/07/26 08:25
148564203795,31026,272452524,29/07/26 08:25
148564270075,28231,272452647,29/07/26 08:25
148564283585,215345,272452678,29/07/26 08:25
148564055359,42601,271895318,29/07/26 08:25
148563943563,27328,200099108,29/07/26 08:25
148564176659,122570,64482817,29/07/26 08:25
148564286846,20515,73062230,29/07/26 08:25
148564302613,42773,85692766,29/07/26 08:25
148564274959,39444,128471914,29/07/26 08:25
148564297759,154417,53342188,29/07/26 08:25
148564290167,184283,106809756,29/07/26 08:25
148564298713,23753,55044440,29/07/26 08:25
148564299795,33651,159753797,29/07/26 08:25
148564088163,115,270827260,29/07/26 08:25
148564249734,167035,256623275,29/07/26 08:26
148564295795,35250,271191778,29/07/26 08:26
148548323185,185304,267921964,29/07/26 08:26
148564028795,722,1731509,29/07/26 08:26
148564289059,1689,242739031,29/07/26 08:26
148564292763,130026,263109610,29/07/26 08:26
148564039763,104038,266459464,29/07/26 08:26
148563635075,182459,266884372,29/07/26 08:26
148563628667,42584,272452044,29/07/26 08:26
148564137359,167604,216674051,29/07/26 08:26
148564364046,167090,189609302,29/07/26 08:26
148563634634,127377,202794181,29/07/26 08:26
148564214663,43236,272452604,29/07/26 08:26
148564260834,72920,272452624,29/07/26 08:26
148564364552,126590,263398365,29/07/26 08:26
148563631885,179728,202505519,29/07/26 08:26
148563629767,46030,159539682,29/07/26 08:26
148563631963,161617,63173510,29/07/26 08:26
148564363995,5680,261357273,29/07/26 08:26
148545340885,113880,105702473,29/07/26 08:26
148564364495,24207,265253348,29/07/26 08:26
148564289534,136166,196377032,29/07/26 08:26
148563631013,658350,139784308,29/07/26 08:26
148563629985,224700,112130252,29/07/26 08:26
148563633495,35371,111426600,29/07/26 08:26
148563632785,179583,272046828,29/07/26 08:26
148563626775,34259,96561834,29/07/26 08:26
148564297913,445774,212436555,29/07/26 08:26
148564137059,143774,272452502,29/07/26 08:26
148563634213,22770,233493570,29/07/26 08:26
148564226634,26941,267907825,29/07/26 08:26
148564247159,444635,238885724,29/07/26 08:26
148563626546,445664,272452028,29/07/26 08:26
148563635285,184215,272452035,29/07/26 08:26
148563971046,179509,140253396,29/07/26 08:26
148564276534,21161,75526883,29/07/26 08:26
148563730775,167035,272452040,29/07/26 08:26
148564177385,4923,272452595,29/07/26 08:26
148564063095,179089,58335794,29/07/26 08:26
148563715859,445774,91579166,29/07/26 08:26
148564279052,149091,270802830,29/07/26 08:26
148564286252,139916,272452682,29/07/26 08:26
148564372385,65645,157859411,29/07/26 08:26
148564017595,191056,272452378,29/07/26 08:26
148564015785,73999,272452372,29/07/26 08:26
148563707285,121185,67814902,29/07/26 08:26
148563744759,114087,67072397,29/07/26 08:26
148563927867,20717,272452328,29/07/26 08:26
148564017075,168166,48046712,29/07/26 08:26
148564016263,43667,270057160,29/07/26 08:26
148563705867,38818,271612352,29/07/26 08:26
148563715163,183235,80716099,29/07/26 08:26
148563673159,658523,11061013,29/07/26 08:26
148564012213,183524,76755568,29/07/26 08:26
148563954552,28880,99650074,29/07/26 08:26
148564282034,101803,100005165,29/07/26 08:26
148563708295,2603,63215094,29/07/26 08:26
148564016067,69248,76143313,29/07/26 08:26
148564062085,182718,235669210,29/07/26 08:26
148563164159,4462,161829987,29/07/26 08:26
148564294852,185520,246100390,29/07/26 08:26
148564003313,194933,240623900,29/07/26 08:26
148563721995,208778,272452054,29/07/26 08:26
148564136363,216416,267220999,29/07/26 08:26
148563707434,111539,257654214,29/07/26 08:26
148563404759,122834,83779672,29/07/26 08:26
148563655746,184938,133127304,29/07/26 08:26
148564231552,193999,90388297,29/07/26 08:26
148564233967,135895,272452547,29/07/26 08:26
148563716095,180331,272451835,29/07/26 08:26
148564232995,21207,97174429,29/07/26 08:26
148564250163,146607,121519073,29/07/26 08:26
148564342013,2299,57490077,29/07/26 08:26
148564299967,187064,37001182,29/07/26 08:27
148564247663,25924,117219309,29/07/26 08:27
148564283859,89864,265511557,29/07/26 08:27
148564274146,181037,272452654,29/07/26 08:27
148564365595,177411,28816295,29/07/26 08:27
148564249346,217304,248686663,29/07/26 08:27
148564298246,84003,242456306,29/07/26 08:27
148564377346,176115,36449246,29/07/26 08:27
148564297246,69312,272452698,29/07/26 08:27
148564166313,194617,272452567,29/07/26 08:27
148512612746,74951,88598119,29/07/26 08:27
148564024613,1427,90765097,29/07/26 08:27
148564266667,443072,8062869,29/07/26 08:27
148564020746,184215,146770773,29/07/26 08:27
148563412252,182135,267923575,29/07/26 08:27
148563724234,214583,236730883,29/07/26 08:27
148564208563,224512,61904000,29/07/26 08:27
148564022134,43613,217942055,29/07/26 08:27
148563909052,181105,6414300,29/07/26 08:27
148563724513,7238,84362183,29/07/26 08:27
148564023185,180204,272452400,29/07/26 08:27
148564372163,42703,233136421,29/07/26 08:27
148560695352,443896,272448787,29/07/26 08:27
148564149463,5103,7028673,29/07/26 08:27
148564020513,220244,271678067,29/07/26 08:27
148563999375,27221,10546913,29/07/26 08:27
148564023363,189532,272452408,29/07/26 08:27
148563718013,1740,4149587,29/07/26 08:27
148564018567,1336,181481684,29/07/26 08:27
148563723646,140832,63905535,29/07/26 08:27
148564315995,3176,152545003,29/07/26 08:27
148564268634,68392,266771900,29/07/26 08:27
148564191485,7701,98087501,29/07/26 08:27
148564297559,143956,272263331,29/07/26 08:27
148564292213,26731,272452665,29/07/26 08:27
148564152867,145135,5274892,29/07/26 08:27
148564152975,346977,272318097,29/07/26 08:27
148564370859,25893,272452735,29/07/26 08:27
148564136246,140396,180492302,29/07/26 08:27
148564043946,6240,217843716,29/07/26 08:27
148564272667,127564,71164076,29/07/26 08:28
148564370134,179502,127504292,29/07/26 08:28
148564290434,191690,120401505,29/07/26 08:28
148563721485,219000,272452021,29/07/26 08:28
148564373534,184857,71920968,29/07/26 08:28
148564230885,147252,184256825,29/07/26 08:28
148564159146,166974,14854012,29/07/26 08:28
148564275585,445384,94651573,29/07/26 08:28
148564368175,167780,3009551,29/07/26 08:28
148564373385,16357,272452701,29/07/26 08:28
148563721667,216559,233739703,29/07/26 08:28
148563720263,39112,184217278,29/07/26 08:28
148564160452,25795,22714414,29/07/26 08:28
148550449195,113798,118683114,29/07/26 08:28
148564373452,721,189260668,29/07/26 08:28
148564379695,181573,135553463,29/07/26 08:28
148564029713,161373,58417114,29/07/26 08:28
148564029952,40384,100368733,29/07/26 08:28
148564158685,214456,156764213,29/07/26 08:28
148563730575,193418,153405623,29/07/26 08:28
148564030995,126362,4938486,29/07/26 08:28
148563738567,404300,222209234,29/07/26 08:28
148563732885,41453,189074398,29/07/26 08:28
148563510295,95505,162894402,29/07/26 08:28
148563725034,214430,272392956,29/07/26 08:28
148563836052,193804,137573676,29/07/26 08:28
148563729752,205241,160350991,29/07/26 08:28
148563731459,73158,48271514,29/07/26 08:28
148563728195,29988,2355846,29/07/26 08:28
148564031375,183956,13589001,29/07/26 08:28
148563721052,2083,185225618,29/07/26 08:28
148564293375,38389,50640727,29/07/26 08:28
148563733663,28937,55933609,29/07/26 08:28
148564293959,138477,272452695,29/07/26 08:28
148564292867,652349,272452688,29/07/26 08:28
148564274659,101859,44741082,29/07/26 08:28
148563732067,105906,272452092,29/07/26 08:28
148564369685,37943,272452551,29/07/26 08:28
148564153759,35673,137206833,29/07/26 08:28
148564153867,188676,155711714,29/07/26 08:28
148564294334,140251,643600,29/07/26 08:28
148493092159,180848,136642634,29/07/26 08:28
148564363395,25874,135572141,29/07/26 08:28
148564376713,159669,51197001,29/07/26 08:28
148550428295,110006,91304075,29/07/26 08:28
148563731263,184886,7370781,29/07/26 08:28
148564298485,133916,157804348,29/07/26 08:28
148564374085,214922,232933629,29/07/26 08:28
148564376675,5146,21567889,29/07/26 08:28
148564249585,136973,200336845,29/07/26 08:28
148560464452,64790,148465591,29/07/26 08:28
148564384263,43508,272452768,29/07/26 08:28
148564379295,49915,272452752,29/07/26 08:28
148564382834,235740,184439623,29/07/26 08:28
148564387163,177456,22033325,29/07/26 08:28
148564277459,88195,191138398,29/07/26 08:29
148508583995,142579,197845672,29/07/26 08:29
148564277146,181778,64165358,29/07/26 08:29
148564284795,178475,184602075,29/07/26 08:29
148564280685,9758,127752659,29/07/26 08:29
148564387995,27304,264848302,29/07/26 08:29
148563742634,655827,2021663,29/07/26 08:29
148564165785,139029,33338413,29/07/26 08:29
148564384575,154681,148247296,29/07/26 08:29
148564401946,179307,222554000,29/07/26 08:29
148564169846,35666,3862589,29/07/26 08:29
148564036613,181785,24440601,29/07/26 08:29
148564040613,34275,11052955,29/07/26 08:29
148563734813,36429,259196447,29/07/26 08:29
148564372567,178145,138009112,29/07/26 08:29
148532516559,135972,14635275,29/07/26 08:29
148563743013,151511,20643176,29/07/26 08:29
148563731585,190038,251938998,29/07/26 08:29
148564167952,21808,272452570,29/07/26 08:29
148564369252,208497,272452726,29/07/26 08:29
148564041695,189780,11685138,29/07/26 08:29
148563739334,194747,121973262,29/07/26 08:29
148560462813,30154,101624008,29/07/26 08:29
148564036467,184879,272452429,29/07/26 08:29
148563739034,107244,206825032,29/07/26 08:29
148563744085,96212,240950355,29/07/26 08:29
148563736785,653159,203269221,29/07/26 08:29
148563742334,190153,180612201,29/07/26 08:29
148564370213,23348,66696771,29/07/26 08:29
148564155759,23977,222165541,29/07/26 08:29
148563192195,7623,222051436,29/07/26 08:29
148564170963,180968,74592593,29/07/26 08:29
148563739146,656235,34228522,29/07/26 08:29
148563899734,654976,236300431,29/07/26 08:29
148564038285,871,155141779,29/07/26 08:29
148564046759,178108,18825461,29/07/26 08:29
148563737846,134146,220645919,29/07/26 08:29
148563744546,623,272452078,29/07/26 08:29
148563747567,26180,161317786,29/07/26 08:29
148563737713,215682,264422118,29/07/26 08:29
148564026867,203218,246758296,29/07/26 08:29
148564039413,55643,263674783,29/07/26 08:29
148564039934,29479,202819594,29/07/26 08:29
148564375952,5129,157586355,29/07/26 08:29
148563741195,35016,66717815,29/07/26 08:29
148563743267,5560,244041877,29/07/26 08:29
148563734185,445004,225670645,29/07/26 08:29
148564171813,39129,12095432,29/07/26 08:29
148564170413,3041,230981309,29/07/26 08:29
148564270713,151122,38221521,29/07/26 08:29
148564289259,135599,214464178,29/07/26 08:29
148564172413,21812,33315770,29/07/26 08:29
148564371563,30955,272452737,29/07/26 08:29
148564278375,156361,272452664,29/07/26 08:29
148564405659,40115,256841727,29/07/26 08:29
148564044575,24152,61717312,29/07/26 08:29
148564391463,141677,66896760,29/07/26 08:29
148559938652,29694,272448278,29/07/26 08:29
148564168059,43171,272452528,29/07/26 08:29
148564384659,70089,37503648,29/07/26 08:29
148564407459,7635,269726323,29/07/26 08:29
148564292152,43555,29377523,29/07/26 08:29
148564387375,12546,3643103,29/07/26 08:29
148564174885,43607,152634472,29/07/26 08:29
148564039646,215118,221822496,29/07/26 08:29
148564372213,656964,272452739,29/07/26 08:29
148564378852,89628,14341338,29/07/26 08:29
148564386363,221074,272452777,29/07/26 08:30
148564375167,88223,46191541,29/07/26 08:30
148564176285,20757,74707352,29/07/26 08:30
148564383346,43837,236089724,29/07/26 08:30
148564381946,139284,81833900,29/07/26 08:30
148564165275,117133,52139799,29/07/26 08:30
148564387213,11959,130067801,29/07/26 08:30
148564403934,191137,270182855,29/07/26 08:30
148535046013,73887,28669638,29/07/26 08:30
148507070459,36704,21696520,29/07/26 08:30
148564387659,4666,23264801,29/07/26 08:30
148564385513,16228,193182585,29/07/26 08:30
148564411759,12345,272452766,29/07/26 08:30
148564284175,127308,186463367,29/07/26 08:30
148564058546,183839,3785045,29/07/26 08:30
148564060985,188610,131094561,29/07/26 08:30
148564062485,147360,272405090,29/07/26 08:30
148564057567,167833,272452454,29/07/26 08:30
148564056485,113695,25194816,29/07/26 08:30
148564393967,105912,272452784,29/07/26 08:30
148564391395,194076,272452772,29/07/26 08:30
148563758095,279470,55097600,29/07/26 08:30
148564416995,113776,129840065,29/07/26 08:30
148563740734,6537,45592259,29/07/26 08:30
148563752846,20200,31211896,29/07/26 08:30
148564401359,7373,272452778,29/07/26 08:30
148564062259,145631,143682285,29/07/26 08:30
148564408075,80525,38680985,29/07/26 08:30
148563827913,1824,80774518,29/07/26 08:30
148564210052,80967,223145607,29/07/26 08:30
148563752659,101734,21645464,29/07/26 08:30
148563747995,2567,76101535,29/07/26 08:30
148564411085,146448,272452803,29/07/26 08:30
148563752263,50390,50594966,29/07/26 08:30
148563751752,193420,125509769,29/07/26 08:30
148563753034,656406,42433105,29/07/26 08:30
148564404246,350698,272452781,29/07/26 08:30
148564186375,184605,272452599,29/07/26 08:30
148564406595,163634,29235223,29/07/26 08:30
148564187752,223158,272452600,29/07/26 08:30
148520013813,28048,64740022,29/07/26 08:30
148564394613,146577,35761544,29/07/26 08:30
148564385085,183159,50811943,29/07/26 08:30
148564055713,42501,137300475,29/07/26 08:30
148493048385,181458,46585915,29/07/26 08:30
148563745475,650587,272452104,29/07/26 08:30
148560297563,26837,272448179,29/07/26 08:30
148564061775,223208,63924655,29/07/26 08:30
148564058859,50217,272452458,29/07/26 08:30
148564402359,177904,202280678,29/07/26 08:30
148564384952,189727,62155562,29/07/26 08:30
148560402975,205581,272448624,29/07/26 08:30
148563745546,188676,241117197,29/07/26 08:30
148564059713,7720,272452447,29/07/26 08:30
148547704467,69443,239622800,29/07/26 08:30
148564172867,21046,258062202,29/07/26 08:30
148563750259,184062,257549277,29/07/26 08:30
148564404475,139294,89429352,29/07/26 08:30
148564406052,143124,183929743,29/07/26 08:30
148564222334,442256,272452609,29/07/26 08:30
148564407795,3791,79242010,29/07/26 08:30
148564417467,96124,65003418,29/07/26 08:30
148564395113,166899,207674557,29/07/26 08:30
148564156875,185010,228500374,29/07/26 08:30
148564408695,187607,253221029,29/07/26 08:30
148564248252,35371,134688679,29/07/26 08:31
148564417863,177711,45059422,29/07/26 08:31
148564057634,3196,272452464,29/07/26 08:31
148564409995,38647,272250042,29/07/26 08:31
148564199475,25203,91693275,29/07/26 08:31
148564410052,6168,272452798,29/07/26 08:31
148564375252,215772,4289300,29/07/26 08:31
148563819034,40544,224679202,29/07/26 08:31
148563506446,17073,69500131,29/07/26 08:31
148563942013,5527,247163964,29/07/26 08:31
148563752763,38495,218356806,29/07/26 08:31
148556770046,0,256252290,29/07/26 08:31
148563814052,205302,145180989,29/07/26 08:31
148564412313,42952,71340111,29/07/26 08:31
148564417795,2265,106049235,29/07/26 08:31
148564413595,164530,46386069,29/07/26 08:31
148563480046,11992,272451865,29/07/26 08:31
148563436859,6542,272451847,29/07/26 08:31
148564291159,7336,226728069,29/07/26 08:31
148564197895,15391,272452603,29/07/26 08:31
148563941152,226880,138445502,29/07/26 08:31
148564380146,39019,131472567,29/07/26 08:31
148564404852,187261,201738146,29/07/26 08:31
148564404767,8352,257276433,29/07/26 08:31
148564291995,186326,23384817,29/07/26 08:31
148564154885,5123,130112149,29/07/26 08:31
148564431885,3904,272452827,29/07/26 08:31
148564505663,55943,264474481,29/07/26 08:31
148559207659,0,88681246,29/07/26 08:31
148564438346,210022,30164103,29/07/26 08:31
148564404934,204648,51079903,29/07/26 08:31
148564304575,122724,250954650,29/07/26 08:31
148563815413,141382,268756895,29/07/26 08:31
148564368675,116808,235178319,29/07/26 08:31
148563823313,95841,41804662,29/07/26 08:31
148564405334,135826,60792197,29/07/26 08:31
148564368046,445520,95053648,29/07/26 08:31
148564436795,9898,164127980,29/07/26 08:31
148563814375,136594,65056306,29/07/26 08:31
148563837559,188468,60006599,29/07/26 08:31
148564137695,445746,29195646,29/07/26 08:31
148564418934,166108,272452425,29/07/26 08:31
148564088834,166031,241746641,29/07/26 08:31
148562042934,220569,272450187,29/07/26 08:31
148563816185,186116,117509391,29/07/26 08:31
148563812613,15212,267110652,29/07/26 08:31
148564412895,194461,266158168,29/07/26 08:31
148564114246,42491,48775776,29/07/26 08:31
148563813367,73496,267629463,29/07/26 08:31
148563817546,84514,257096188,29/07/26 08:31
148564133259,222855,13530104,29/07/26 08:31
148564092259,180006,272452441,29/07/26 08:31
148564135513,106134,135009328,29/07/26 08:31
148564174495,5848,66164617,29/07/26 08:31
148564265585,117179,272053647,29/07/26 08:31
148495025663,88026,14503299,29/07/26 08:31
148564134746,95575,226021704,29/07/26 08:31
148564507859,169385,208410021,29/07/26 08:31
148564412952,184905,138264376,29/07/26 08:31
148564135246,21781,266714926,29/07/26 08:31
148564448946,205397,107934819,29/07/26 08:31
148563797459,40885,251475821,29/07/26 08:31
148563815652,445309,129582240,29/07/26 08:31
148563775446,145347,272452031,29/07/26 08:31
148563750846,15205,35182333,29/07/26 08:31
148563775734,141321,4173673,29/07/26 08:31
148564133775,654003,257332571,29/07/26 08:31
148564261785,182464,35727080,29/07/26 08:32
148564138075,184519,251180829,29/07/26 08:32
148562301695,0,272450360,29/07/26 08:32
148564140413,178726,263116418,29/07/26 08:32
148563599085,5280,105993755,29/07/26 08:32
148564283663,126173,85196982,29/07/26 08:32
148564435346,64889,120116358,29/07/26 08:32
148563751413,5884,130715143,29/07/26 08:32
148564373834,151241,13445970,29/07/26 08:32
148564256746,22970,264933781,29/07/26 08:32
148564432075,123865,157206797,29/07/26 08:32
148504424259,21558,226816344,29/07/26 08:32
148564510152,34419,229916479,29/07/26 08:32
148564510695,158834,160161908,29/07/26 08:32
148564400646,180582,272347568,29/07/26 08:32
148564492267,220386,264120634,29/07/26 08:32
148564429795,78108,272452729,29/07/26 08:32
148547033463,137709,64265663,29/07/26 08:32
148564467152,160308,156963121,29/07/26 08:32
148564507746,25965,2827799,29/07/26 08:32
148561425934,116717,272449517,29/07/26 08:32
148563814163,40678,272452159,29/07/26 08:32
148564462867,445774,193744849,29/07/26 08:32
148511532195,6042,241565230,29/07/26 08:32
148564146263,20566,272452523,29/07/26 08:32
148564265152,5261,123488290,29/07/26 08:32
148563820952,679,272452158,29/07/26 08:32
148563820113,143585,163358141,29/07/26 08:32
148564506752,36247,56981392,29/07/26 08:32
148563821846,68843,18957172,29/07/26 08:32
148564146967,764,209027853,29/07/26 08:32
148564271875,178133,7850572,29/07/26 08:32
148563846146,85180,272452168,29/07/26 08:32
148563511113,208737,84190494,29/07/26 08:32
148564142763,55725,94822271,29/07/26 08:32
148564293234,184962,253779659,29/07/26 08:32
148563820463,439,134701529,29/07/26 08:32
148564376113,26493,151700521,29/07/26 08:32
148564273995,24514,13596257,29/07/26 08:32
148564415985,135973,115437208,29/07/26 08:32
148564420713,39129,134570925,29/07/26 08:32
148563830913,191234,88685727,29/07/26 08:32
148564419013,17654,240479377,29/07/26 08:32
148564416459,85224,272452758,29/07/26 08:32
148564496713,189819,257338867,29/07/26 08:32
148540388413,43829,219495582,29/07/26 08:32
148564455263,138691,253663730,29/07/26 08:32
148564467095,651858,94840043,29/07/26 08:32
148564382546,7718,33093667,29/07/26 08:32
148564499246,193471,201332505,29/07/26 08:32
148564374546,181087,24545032,29/07/26 08:32
148564035695,190752,272452438,29/07/26 08:32
148564277085,20240,137580035,29/07/26 08:32
148564509675,105359,272452861,29/07/26 08:32
148564490852,7463,75577878,29/07/26 08:32
148564380585,151952,106197507,29/07/26 08:32
148564471646,142224,272452836,29/07/26 08:32
148564276734,22970,105957261,29/07/26 08:32
148564408485,188461,149597926,29/07/26 08:33
148564453346,186749,26724733,29/07/26 08:33
148564507285,26733,272452851,29/07/26 08:33
148561821985,141966,239693574,29/07/26 08:33
148564507459,95554,252406498,29/07/26 08:33
148564380946,68865,70603156,29/07/26 08:33
148564515713,188706,272452873,29/07/26 08:33
148560476652,39831,264558549,29/07/26 08:33
148564158134,160831,36917546,29/07/26 08:33
148564418585,1021,272452811,29/07/26 08:33
148564380613,133097,20385025,29/07/26 08:33
148564269075,34115,272452645,29/07/26 08:33
148564530013,169391,42748862,29/07/26 08:33
148564143467,33355,272452503,29/07/26 08:33
148563823513,143679,272452183,29/07/26 08:33
148564152152,35424,272452498,29/07/26 08:33
148564153395,32806,247101433,29/07/26 08:33
148563828134,176586,272452149,29/07/26 08:33
148564155834,177408,154806015,29/07/26 08:33
148564156785,29076,90703270,29/07/26 08:33
148564510413,150489,8135003,29/07/26 08:33
148564152463,10791,212836165,29/07/26 08:33
148564158959,31131,214391098,29/07/26 08:33
148563824685,136988,92499417,29/07/26 08:33
148564508463,70089,272452856,29/07/26 08:33
148564150113,36637,272452507,29/07/26 08:33
148564157534,650707,241800056,29/07/26 08:33
148564373934,33933,149233772,29/07/26 08:33
148564148459,143358,272452516,29/07/26 08:33
148549588259,208737,52741355,29/07/26 08:33
148564265252,53134,272452637,29/07/26 08:33
148564512667,144093,136592428,29/07/26 08:33
148564056252,187642,272452455,29/07/26 08:33
148563828395,25119,272440608,29/07/26 08:33
148564156213,78276,89506049,29/07/26 08:33
148561226167,25853,272449305,29/07/26 08:33
148563828263,157749,211929555,29/07/26 08:33
148564482485,6029,47535956,29/07/26 08:33
148564355852,151050,14042278,29/07/26 08:33
148525262059,181106,256686102,29/07/26 08:33
148563827259,149698,74072649,29/07/26 08:33
148564529385,25518,119557651,29/07/26 08:33
148527923934,80641,247080806,29/07/26 08:33
148564281785,186693,235888460,29/07/26 08:33
148564521013,181249,89246393,29/07/26 08:33
148564481263,186241,108923038,29/07/26 08:33
148564379785,28786,272452754,29/07/26 08:33
148564527085,78124,225278034,29/07/26 08:33
148560611495,37049,272448773,29/07/26 08:33
148564288585,65501,37144612,29/07/26 08:33
148564529895,177106,68156825,29/07/26 08:33
148563831367,129552,38652065,29/07/26 08:33
148564274467,101827,255363188,29/07/26 08:34
148564366863,2820,272452723,29/07/26 08:34
148564523213,5521,9499115,29/07/26 08:34
148564172034,157271,36464324,29/07/26 08:34
148564144167,140953,254176828,29/07/26 08:34
148564538167,121143,108825190,29/07/26 08:34
148564386113,12570,76194005,29/07/26 08:34
148564515575,36866,272452872,29/07/26 08:34
148564525852,182751,272452899,29/07/26 08:34
148564285167,203637,65631876,29/07/26 08:34
148564532085,69948,272452880,29/07/26 08:34
148563826834,4402,272452199,29/07/26 08:34
148563831252,167265,272452196,29/07/26 08:34
148564516667,84172,158212425,29/07/26 08:34
148563829875,216973,271114499,29/07/26 08:34
148564518259,137418,71565869,29/07/26 08:34
148564536859,20890,161359485,29/07/26 08:34
148563825434,179822,272452162,29/07/26 08:34
148563841295,41759,105035707,29/07/26 08:34
148563931313,191963,46777679,29/07/26 08:34
148564403585,190942,94709992,29/07/26 08:34
148563829159,156460,138856441,29/07/26 08:34
148563826659,214838,272452173,29/07/26 08:34
148564300585,37455,251073265,29/07/26 08:34
148563826767,227092,144275995,29/07/26 08:34
148563936213,132913,8732556,29/07/26 08:34
148563832734,160949,162019383,29/07/26 08:34
148563838813,445776,181157559,29/07/26 08:34
148564293513,50579,69109641,29/07/26 08:34
148564380375,43795,272452755,29/07/26 08:34
148564159985,225991,272452545,29/07/26 08:34
148563832313,2198,107843828,29/07/26 08:34
148564163467,11068,205119591,29/07/26 08:34
148563825695,191107,126368137,29/07/26 08:34
148563836659,184064,46337525,29/07/26 08:34
148563837452,24508,67319988,29/07/26 08:34
148563837259,213478,139282640,29/07/26 08:34
148564166075,444900,272452531,29/07/26 08:34
148563832675,182644,253928586,29/07/26 08:34
148564420375,2475,239111376,29/07/26 08:34
148563830163,145470,144912260,29/07/26 08:34
148564164413,225991,272452558,29/07/26 08:34
148564017152,6039,132240710,29/07/26 08:34
148563829067,442901,272452186,29/07/26 08:34
148564166167,21351,132890968,29/07/26 08:34
148564164785,5884,272452553,29/07/26 08:34
148564165352,179366,69349933,29/07/26 08:34
148564161046,29840,66939070,29/07/26 08:34
148560605434,650012,145078202,29/07/26 08:34
148563839234,64802,32456092,29/07/26 08:34
148563842234,182096,28650614,29/07/26 08:34
148564293046,12196,141279051,29/07/26 08:34
148564295459,141599,126061958,29/07/26 08:34
148564519075,194452,272452867,29/07/26 08:34
148564534795,183865,271625933,29/07/26 08:34
148564296059,42658,272262253,29/07/26 08:34
148564510334,23928,217443047,29/07/26 08:34
148563826159,33003,272452148,29/07/26 08:34
148564286046,9,250540113,29/07/26 08:34
148564161475,182678,143839545,29/07/26 08:34
148564517546,180534,272452727,29/07/26 08:34
148542555252,193231,53493731,29/07/26 08:34
148564287285,9497,272452685,29/07/26 08:34
148564396067,180896,72547181,29/07/26 08:34
148564527185,4860,118580215,29/07/26 08:34
148564294995,192685,55850487,29/07/26 08:34
148564520567,108093,30760812,29/07/26 08:34
148564298885,42495,207142070,29/07/26 08:34
148564299252,8067,91418279,29/07/26 08:34
148564534067,40700,3786412,29/07/26 08:34
148564296713,156579,272452697,29/07/26 08:34
148564294034,656066,272452596,29/07/26 08:35
148563901885,2123,9315264,29/07/26 08:35
148542746234,147291,146041163,29/07/26 08:35
148564411213,216128,258404954,29/07/26 08:35
148564167795,136100,272452569,29/07/26 08:35
148564535446,1021,272452922,29/07/26 08:35
148563840063,118282,253348190,29/07/26 08:35
148564414152,138928,39689700,29/07/26 08:35
148564531395,189683,45978122,29/07/26 08:35
148563521234,21501,70997643,29/07/26 08:35
148563221252,186632,235094071,29/07/26 08:35
148563910275,279058,272452205,29/07/26 08:35
148563837152,443277,185652910,29/07/26 08:35
148563911675,442407,149133580,29/07/26 08:35
148563841313,192640,188544142,29/07/26 08:35
148563838946,34995,242032296,29/07/26 08:35
148563839013,140973,272309436,29/07/26 08:35
148564171967,185594,263202963,29/07/26 08:35
148564170763,21485,119064169,29/07/26 08:35
148563841585,4502,272452165,29/07/26 08:35
148547962085,95589,201541258,29/07/26 08:35
148564321067,151727,122316977,29/07/26 08:35
148564574667,122663,224571501,29/07/26 08:35
148564170067,224797,272452565,29/07/26 08:35
148564324552,21887,236416835,29/07/26 08:35
148564174352,5521,74543755,29/07/26 08:35
148564175952,214695,69157873,29/07/26 08:35
148563524085,179239,89948686,29/07/26 08:35
148561349146,0,270094359,29/07/26 08:35
148563860663,194832,29154127,29/07/26 08:35
148544106763,100715,47810579,29/07/26 08:35
148564172167,167035,272452532,29/07/26 08:35
148564171159,179584,203130606,29/07/26 08:35
148564174767,33751,95913747,29/07/26 08:35
148564173052,445918,201655025,29/07/26 08:35
148564540363,191880,263066627,29/07/26 08:35
148564171613,154969,17928415,29/07/26 08:35
148564413434,178046,86746631,29/07/26 08:35
148563835913,216416,150800334,29/07/26 08:35
148564532385,35589,272452917,29/07/26 08:35
148564536259,80156,45939820,29/07/26 08:35
148563835663,144516,271530346,29/07/26 08:35
148564540946,443739,144341658,29/07/26 08:35
148564510975,192267,264297992,29/07/26 08:35
148564322613,74973,241756174,29/07/26 08:35
148564539913,186036,252771863,29/07/26 08:35
148564542663,30710,21432041,29/07/26 08:35
148564483785,132574,272452839,29/07/26 08:35
148564529159,68444,272452895,29/07/26 08:35
148564508546,136119,146695165,29/07/26 08:35
148564532867,179259,129052425,29/07/26 08:35
148564356085,95808,16378506,29/07/26 08:35
148510767713,224218,181920009,29/07/26 08:35
148564169795,650479,134738622,29/07/26 08:35
148564533852,147114,59256462,29/07/26 08:35
148491512246,74326,238267299,29/07/26 08:35
148564541052,95808,271345814,29/07/26 08:35
148564405952,107070,220213932,29/07/26 08:35
148564536913,85179,159438998,29/07/26 08:35
148564550852,2380,97706185,29/07/26 08:35
148564546934,17341,74979543,29/07/26 08:35
148564535159,95986,37490146,29/07/26 08:35
148564542859,84651,118659244,29/07/26 08:35
148564405834,191468,272452792,29/07/26 08:35
148564415646,68665,272452814,29/07/26 08:35
148564545813,180908,69137034,29/07/26 08:35
148540408795,156361,245701151,29/07/26 08:35
148561384963,10956,238658887,29/07/26 08:35
148564543485,36196,235804875,29/07/26 08:35
148564366967,203344,22710610,29/07/26 08:36
148564545152,184663,145058551,29/07/26 08:36
148564533367,33485,134253544,29/07/26 08:36
148564533175,74880,213741841,29/07/26 08:36
148563270295,216804,255461314,29/07/26 08:36
148564369595,8163,135077715,29/07/26 08:36
148564369446,25666,29870688,29/07/26 08:36
148564515246,189657,3934393,29/07/26 08:36
148564454663,69611,75756374,29/07/26 08:36
148564136775,1689,144787495,29/07/26 08:36
148564487075,1580,272452842,29/07/26 08:36
148564555946,108093,264633135,29/07/26 08:36
148563847995,194052,204102119,29/07/26 08:36
148502222785,444855,13346515,29/07/26 08:36
148563845034,156787,87539921,29/07/26 08:36
148563273252,181151,249461486,29/07/26 08:36
148564550185,180548,272452963,29/07/26 08:36
148563846675,207570,272452240,29/07/26 08:36
148563844485,179372,207250894,29/07/26 08:36
148564034959,30266,184153553,29/07/26 08:36
148564337585,43930,145105102,29/07/26 08:36
148563843067,445988,250171918,29/07/26 08:36
148564636667,164001,272038195,29/07/26 08:36
148564639667,652461,188533187,29/07/26 08:36
148563708159,165647,53210478,29/07/26 08:36
148564512859,35794,43449789,29/07/26 08:36
148564636975,444899,272452379,29/07/26 08:36
148502950495,44727,83466069,29/07/26 08:36
148563925195,52927,131211413,29/07/26 08:36
148564541959,227000,113326015,29/07/26 08:36
148561411452,445775,229250816,29/07/26 08:36
148564637875,166614,10393367,29/07/26 08:36
148564260263,13704,3288965,29/07/26 08:36
148563902413,7512,272452217,29/07/26 08:36
148563902159,12767,37194136,29/07/26 08:36
148563901585,65628,250428295,29/07/26 08:36
148563871352,53234,23635877,29/07/26 08:36
148563899275,41770,119077081,29/07/26 08:36
148564210913,216678,247168999,29/07/26 08:36
148564374352,114244,63830069,29/07/26 08:36
148563903059,657326,268368351,29/07/26 08:36
148563906467,68665,112670197,29/07/26 08:36
148563904959,20428,76817927,29/07/26 08:36
148563599463,138054,64624837,29/07/26 08:36
148564626813,6397,107277596,29/07/26 08:36
148564249834,29411,272452610,29/07/26 08:36
148563324946,8161,272451614,29/07/26 08:36
148564544075,24064,249144566,29/07/26 08:36
148564246513,43,261673774,29/07/26 08:36
148564540259,3341,272452937,29/07/26 08:36
148564535667,208737,272452921,29/07/26 08:36
148564215363,98859,267773234,29/07/26 08:36
148564245946,212142,40994377,29/07/26 08:36
148563604313,154386,114878949,29/07/26 08:36
148564249295,72925,82179375,29/07/26 08:36
148564245734,83937,12175258,29/07/26 08:36
148563900246,1025,272452261,29/07/26 08:36
148564024363,208738,210793263,29/07/26 08:36
148563620475,80439,272450834,29/07/26 08:36
148563898885,164904,82316823,29/07/26 08:36
148563602852,99170,191094250,29/07/26 08:36
148564547346,115,136832857,29/07/26 08:36
148564203175,85927,118652552,29/07/26 08:36
148564253263,139167,271471938,29/07/26 08:36
148563899052,191486,69522276,29/07/26 08:36
148564035752,28086,80609619,29/07/26 08:36
148564557559,184711,261219501,29/07/26 08:36
148563902559,207570,113573500,29/07/26 08:36
148563899352,9792,272452198,29/07/26 08:36
148564546195,159070,272452949,29/07/26 08:36
148564554659,90475,272452970,29/07/26 08:36
148564548775,226925,163703645,29/07/26 08:36
148564550913,445774,193558644,29/07/26 08:36
148564552734,221241,72571345,29/07/26 08:37
148564544152,258721,272452935,29/07/26 08:37
148501000652,84651,8309539,29/07/26 08:37
148564640152,652461,47435561,29/07/26 08:37
148560627475,30144,257231018,29/07/26 08:37
148564559652,74039,105796362,29/07/26 08:37
148564552634,55694,241524759,29/07/26 08:37
148564028685,6633,272452421,29/07/26 08:37
148564508675,445947,59592177,29/07/26 08:37
148564291675,184527,272452671,29/07/26 08:37
148564368275,184228,272451996,29/07/26 08:37
148564372885,35548,193839639,29/07/26 08:37
148564517352,187156,187453567,29/07/26 08:37
148564654167,27245,122513011,29/07/26 08:37
148564510059,87668,241142869,29/07/26 08:37
148564639534,108117,151352225,29/07/26 08:37
148564263875,42882,83232380,29/07/26 08:37
148564381134,217930,135113078,29/07/26 08:37
148564544363,203640,14633916,29/07/26 08:37
148564262685,137207,24733317,29/07/26 08:37
148564644367,126691,156606740,29/07/26 08:37
148560762413,0,37523745,29/07/26 08:37
148564533946,43941,54443742,29/07/26 08:37
148564264785,277365,72881568,29/07/26 08:37
148541645795,182091,103006613,29/07/26 08:37
148564571852,9113,239067240,29/07/26 08:37
148564544675,147368,191450098,29/07/26 08:37
148564175167,180509,272452298,29/07/26 08:37
148548831634,40886,246638991,29/07/26 08:37
148564646063,230189,224849263,29/07/26 08:37
148564647563,69242,60045262,29/07/26 08:37
148564642459,28692,272452991,29/07/26 08:37
148564553763,6641,272452965,29/07/26 08:37
148564282234,44264,272452674,29/07/26 08:37
148564537846,21513,188796695,29/07/26 08:37
148564598985,208861,98540616,29/07/26 08:37
148564539085,182473,140136358,29/07/26 08:37
148564652052,226783,89696128,29/07/26 08:37
148564644167,85179,98626488,29/07/26 08:37
148564640395,86170,272452986,29/07/26 08:37
148564549367,69337,272452945,29/07/26 08:37
148564548567,167387,147501167,29/07/26 08:37
148564538059,5681,272452930,29/07/26 08:37
148564641767,42639,272264783,29/07/26 08:37
148564549859,27304,272452962,29/07/26 08:37
148564638685,36293,272452984,29/07/26 08:37
148564651085,176586,272453007,29/07/26 08:37
148564520746,612,272452887,29/07/26 08:37
148564617163,132960,85458814,29/07/26 08:37
148564410946,181086,99205694,29/07/26 08:37
148564524134,41414,103232185,29/07/26 08:37
148564610195,78020,6070344,29/07/26 08:37
148564638946,2020,213477227,29/07/26 08:38
148564537413,3694,235524476,29/07/26 08:38
148564637095,44158,271817769,29/07/26 08:38
148564519313,88217,92498846,29/07/26 08:38
148548579685,35003,244880814,29/07/26 08:38
148564559485,182246,188653261,29/07/26 08:38
148564641075,65193,272452987,29/07/26 08:38
148564661667,179337,55278178,29/07/26 08:38
148496468085,27304,20210169,29/07/26 08:38
148564656695,26545,137445853,29/07/26 08:38
148564665975,168363,185344395,29/07/26 08:38
148564541575,65761,272452941,29/07/26 08:38
148563907963,654926,86251175,29/07/26 08:38
148564654846,151069,224303685,29/07/26 08:38
148563910063,152852,265217519,29/07/26 08:38
148564548313,156556,153420331,29/07/26 08:38
148552424895,726,107956693,29/07/26 08:38
148564027467,84928,272452292,29/07/26 08:38
148563908195,40396,106426590,29/07/26 08:38
148564025313,40638,271531278,29/07/26 08:38
148564169685,69958,247041202,29/07/26 08:38
148563907746,190344,272452277,29/07/26 08:38
148563926275,27542,226165003,29/07/26 08:38
148564653952,151328,252570412,29/07/26 08:38
148563923334,84905,272452312,29/07/26 08:38
148564265846,3264,272452634,29/07/26 08:38
148563920634,43237,272452202,29/07/26 08:38
148563927259,30668,253349540,29/07/26 08:38
148564014085,458,272451984,29/07/26 08:38
148563911295,143492,272452293,29/07/26 08:38
148551348363,16309,25541341,29/07/26 08:38
148564277334,11198,221648774,29/07/26 08:38
148564263367,656973,225732278,29/07/26 08:38
148563907459,165059,246899591,29/07/26 08:38
148563926113,6138,127437808,29/07/26 08:38
148564274746,172280,272452371,29/07/26 08:38
148564651895,113714,238822567,29/07/26 08:38
148563921852,40042,76658736,29/07/26 08:38
148564402475,37474,270786986,29/07/26 08:38
148563922495,161759,156539019,29/07/26 08:38
148564276813,445774,272452622,29/07/26 08:38
148564271734,445774,109265496,29/07/26 08:38
148563921667,135869,47610177,29/07/26 08:38
148564402067,27362,269014322,29/07/26 08:38
148564279346,204978,197748281,29/07/26 08:38
148563923167,108093,49075875,29/07/26 08:38
148563924052,182928,4626591,29/07/26 08:38
148564638546,215426,49844558,29/07/26 08:38
148563924559,651281,272154143,29/07/26 08:38
148564648767,191481,105419661,29/07/26 08:38
148564393595,90477,141673624,29/07/26 08:38
148564519234,221090,42397575,29/07/26 08:38
148564541334,176309,272452744,29/07/26 08:38
148564018963,29276,5296616,29/07/26 08:38
148563928113,1941,264296774,29/07/26 08:38
148564262734,95208,272096108,29/07/26 08:38
148563911513,147604,38850413,29/07/26 08:38
148564403185,650366,97227279,29/07/26 08:38
148564614667,77893,51419363,29/07/26 08:38
148563923234,650199,186019510,29/07/26 08:38
148563922252,165696,272452287,29/07/26 08:38
148548743667,171063,64258271,29/07/26 08:38
148563923895,10149,272452313,29/07/26 08:38
148564177563,41451,180596443,29/07/26 08:38
148564589634,27304,268105115,29/07/26 08:38
148547325175,123824,270122658,29/07/26 08:38
148564263746,95269,129534457,29/07/26 08:38
148564646485,185559,272452996,29/07/26 08:38
148528931413,32243,71048395,29/07/26 08:38
148564667059,187105,196077160,29/07/26 08:39
148564539385,5190,91287606,29/07/26 08:39
148560476334,189677,255034469,29/07/26 08:39
148564406967,168546,272452795,29/07/26 08:39
148564404375,105903,272452790,29/07/26 08:39
148564662663,181778,89512210,29/07/26 08:39
148564647634,24768,272453001,29/07/26 08:39
148564661967,121005,270905380,29/07/26 08:39
148564648363,4199,136833267,29/07/26 08:39
148560459567,108093,93826975,29/07/26 08:39
148564646852,8816,265340322,29/07/26 08:39
148560465559,182293,76674096,29/07/26 08:39
148564652367,136756,211385797,29/07/26 08:39
148564538359,179822,272452907,29/07/26 08:39
148564276434,7745,68222153,29/07/26 08:39
148564363895,181189,74335612,29/07/26 08:39
148564290034,193149,264751260,29/07/26 08:39
148564288913,189657,164349910,29/07/26 08:39
148564412063,88527,68716941,29/07/26 08:39
148564643613,90470,7997533,29/07/26 08:39
148564287759,10219,214432000,29/07/26 08:39
148564283952,69269,74735415,29/07/26 08:39
148563933434,141966,109514144,29/07/26 08:39
148564637359,180802,83457311,29/07/26 08:39
148564283095,445774,108313340,29/07/26 08:39
148564285846,10615,205928352,29/07/26 08:39
148563936395,139828,126355556,29/07/26 08:39
148563931285,10822,80065486,29/07/26 08:39
148560701667,0,86700324,29/07/26 08:39
148564287113,193424,187752796,29/07/26 08:39
148564282113,20672,43994342,29/07/26 08:39
148563928346,162869,272452310,29/07/26 08:39
148564647234,444916,123646583,29/07/26 08:39
148564287067,365259,263239501,29/07/26 08:39
148564655967,445356,117626192,29/07/26 08:39
148564374967,32749,236619671,29/07/26 08:39
148564534246,152016,62857473,29/07/26 08:39
148563935146,180686,151129302,29/07/26 08:39
148564539663,20968,118939279,29/07/26 08:39
148564660675,182763,108081085,29/07/26 08:39
148563992813,765,36449828,29/07/26 08:39
148564522752,2266,91291230,29/07/26 08:39
148564670246,217812,137373178,29/07/26 08:39
148552401413,74917,272442347,29/07/26 08:39
148564538695,227398,145192512,29/07/26 08:39
148564528159,218452,109857402,29/07/26 08:39
148564414559,165696,160026927,29/07/26 08:39
148564656475,179522,29191876,29/07/26 08:39
148564519946,33463,21148791,29/07/26 08:39
148564681034,8135,18862457,29/07/26 08:39
148564029167,445926,272452306,29/07/26 08:39
148564656775,184905,272333016,29/07/26 08:39
148564413185,36196,272452807,29/07/26 08:39
148564647413,38944,74162353,29/07/26 08:39
148564531652,193418,195631851,29/07/26 08:39
148564642134,20720,142547142,29/07/26 08:39
148564639063,16228,250606804,29/07/26 08:39
148564665146,2819,120906310,29/07/26 08:39
148564532634,212142,272452918,29/07/26 08:39
148564660067,80689,29505631,29/07/26 08:39
148564661163,207463,55904136,29/07/26 08:39
148564653875,134146,264663953,29/07/26 08:40
148564646263,12391,272452995,29/07/26 08:40
148564538952,2562,96077064,29/07/26 08:40
148564673775,107159,118979740,29/07/26 08:40
148564646375,8688,92731125,29/07/26 08:40
148564650667,138405,185518452,29/07/26 08:40
148564674663,653147,261812018,29/07/26 08:40
148552427985,2646,98616891,29/07/26 08:40
148550847452,6954,243234868,29/07/26 08:40
148564378752,3092,272038695,29/07/26 08:40
148560228667,74162,268751103,29/07/26 08:40
148547055685,80758,101669384,29/07/26 08:40
148564418052,154371,272452819,29/07/26 08:40
148564677252,152943,272453064,29/07/26 08:40
148564667375,194452,272453037,29/07/26 08:40
148564139946,444900,272452357,29/07/26 08:40
148563934575,121244,188172739,29/07/26 08:40
148564295575,158524,67944379,29/07/26 08:40
148564681859,445844,54813093,29/07/26 08:40
148564540052,10430,272452936,29/07/26 08:40
148564678963,113722,266145658,29/07/26 08:40
148563943213,182623,156648106,29/07/26 08:40
148564688175,157621,136872076,29/07/26 08:40
148564293752,180207,26116122,29/07/26 08:40
148563944763,141758,113786357,29/07/26 08:40
148563936195,141886,249151660,29/07/26 08:40
148563941659,52927,234056841,29/07/26 08:40
148563941585,44914,103186614,29/07/26 08:40
148563944113,650212,122164626,29/07/26 08:40
148564643775,145419,272452992,29/07/26 08:40
148564643467,96496,7974204,29/07/26 08:40
148563937052,68958,240326520,29/07/26 08:40
148563935613,216598,269176504,29/07/26 08:40
148564282495,64988,272452676,29/07/26 08:40
148563944995,24145,75735136,29/07/26 08:40
148563925934,11938,272452029,29/07/26 08:40
148563941467,5521,83871650,29/07/26 08:40
148564299334,650418,77394416,29/07/26 08:40
148563932763,223229,151906612,29/07/26 08:40
148563940967,658461,145469260,29/07/26 08:40
148564299195,190028,272452675,29/07/26 08:40
148564292352,655417,53050460,29/07/26 08:40
148563943685,151432,109222590,29/07/26 08:40
148563934475,445774,272452299,29/07/26 08:40
148564296952,163160,213010877,29/07/26 08:40
148563941234,37184,4322493,29/07/26 08:40
148564301034,10183,187050503,29/07/26 08:40
148563751185,87697,249817209,29/07/26 08:40
148552578795,188933,188093595,29/07/26 08:40
148564677352,41769,36763731,29/07/26 08:40
148564661885,443944,197213062,29/07/26 08:40
148563934767,181606,272144974,29/07/26 08:40
148564661559,157529,272453024,29/07/26 08:40
148564450846,148508,67730563,29/07/26 08:40
148564679534,8439,189693572,29/07/26 08:40
148564685763,185180,38578683,29/07/26 08:40
148560553359,55180,272448745,29/07/26 08:40
148564680695,65522,255340692,29/07/26 08:40
148563932859,123996,272452327,29/07/26 08:40
148564669946,189459,270863000,29/07/26 08:40
148564659734,9084,123961289,29/07/26 08:40
148560468352,108963,270282696,29/07/26 08:40
148564416234,121202,247939745,29/07/26 08:40
148564686434,181634,254335162,29/07/26 08:40
148564677985,183367,246624498,29/07/26 08:40
148564431963,84651,42353955,29/07/26 08:40
148564549434,118962,83707498,29/07/26 08:40
148564672934,218070,120616638,29/07/26 08:40
148564667495,5145,200072937,29/07/26 08:40
148549966285,154972,252600739,29/07/26 08:40
148564671652,658878,246320075,29/07/26 08:40
148564545763,28751,51091714,29/07/26 08:40
148564664867,220929,87383551,29/07/26 08:40
148564669446,185011,163139845,29/07/26 08:40
148564679367,215117,15800457,29/07/26 08:40
148564536485,20429,182841020,29/07/26 08:41
148564656252,212142,37965076,29/07/26 08:41
148564652263,194409,272453008,29/07/26 08:41
148559928585,0,272448273,29/07/26 08:41
148564762785,122683,11595476,29/07/26 08:41
148564682367,181160,208104784,29/07/26 08:41
148563940075,107952,272452356,29/07/26 08:41
148560301385,159168,272448528,29/07/26 08:41
148564664785,68241,272453033,29/07/26 08:41
148564683867,150067,100613939,29/07/26 08:41
148563801752,189559,263224753,29/07/26 08:41
148564761085,446144,38996804,29/07/26 08:41
148563630752,185173,244210110,29/07/26 08:41
148563627595,6095,236259868,29/07/26 08:41
148563638652,34329,271841976,29/07/26 08:41
148563940475,203811,191319346,29/07/26 08:41
148563943763,173147,191375865,29/07/26 08:41
148563941013,21590,152015935,29/07/26 08:41
148563635195,154644,229607230,29/07/26 08:41
148563939285,928,191614454,29/07/26 08:41
148563634434,2581,98329381,29/07/26 08:41
148564505046,3323,272452848,29/07/26 08:41
148564505395,146774,226671085,29/07/26 08:41
148564506634,179257,42532117,29/07/26 08:41
148564296195,12085,272452662,29/07/26 08:41
148564525352,203998,35484625,29/07/26 08:41
148564509334,185997,81458369,29/07/26 08:41
148564685167,28754,213811049,29/07/26 08:41
148564687613,29806,23972163,29/07/26 08:41
148564015259,120988,272452366,29/07/26 08:41
148564510213,85409,101163263,29/07/26 08:41
148560265952,257702,272448515,29/07/26 08:41
148564763175,118475,272453095,29/07/26 08:41
148564369046,9151,272452725,29/07/26 08:41
148563939767,191467,13024525,29/07/26 08:41
148564355695,193188,63283798,29/07/26 08:41
148564368385,37285,35720022,29/07/26 08:41
148564743613,179187,122101962,29/07/26 08:41
148564367034,444855,90474785,29/07/26 08:41
148564313295,178951,5524030,29/07/26 08:41
148564014813,182058,145884002,29/07/26 08:41
148563666985,183235,270647314,29/07/26 08:41
148564366613,41556,40132911,29/07/26 08:41
148563676767,19463,217127594,29/07/26 08:41
148563968259,156538,42677314,29/07/26 08:41
148564370595,41062,238995705,29/07/26 08:41
148564364685,445369,272452691,29/07/26 08:41
148564320746,53773,245937727,29/07/26 08:41
148564674246,35655,223715804,29/07/26 08:41
148564655259,171,14985175,29/07/26 08:41
148563954663,85053,87985738,29/07/26 08:41
148564365167,202039,91794379,29/07/26 08:41
148564340259,163764,272452651,29/07/26 08:41
148564025013,16068,74605081,29/07/26 08:41
148564014195,105901,272452376,29/07/26 08:41
148564365375,203752,78503128,29/07/26 08:41
148564364285,126590,272452705,29/07/26 08:41
148564013459,5145,268176034,29/07/26 08:41
148564771234,215236,146277312,29/07/26 08:41
148564639934,143826,144225296,29/07/26 08:41
148564686963,6041,110625935,29/07/26 08:41
148563992013,126362,25284540,29/07/26 08:41
148564638895,5740,57771190,29/07/26 08:41
148564012759,42044,193084273,29/07/26 08:41
148564458113,9095,203721481,29/07/26 08:41
148563959452,183257,77151586,29/07/26 08:41
148564676546,236896,21689582,29/07/26 08:41
148505949085,86028,225178716,29/07/26 08:41
148563716213,96523,228220974,29/07/26 08:41
148564764059,133047,9127410,29/07/26 08:41
148564632585,179959,226515644,29/07/26 08:41
148564588763,36756,192858731,29/07/26 08:41
148564013967,123850,272451873,29/07/26 08:41
148563717195,114396,187577676,29/07/26 08:42
148564024075,189365,150657681,29/07/26 08:42
148528708375,3323,270716800,29/07/26 08:42
148564516963,161038,243026311,29/07/26 08:42
148560242975,17372,272448509,29/07/26 08:42
148552498067,106650,90082956,29/07/26 08:42
148564769159,138166,272453108,29/07/26 08:42
148564676852,74917,272453062,29/07/26 08:42
148564517646,139607,249484294,29/07/26 08:42
148564584759,142285,108709721,29/07/26 08:42
148564687063,852,4771293,29/07/26 08:42
148564771663,167035,272453111,29/07/26 08:42
148564506163,659014,78734319,29/07/26 08:42
148564769885,84463,98192097,29/07/26 08:42
148564519795,155694,244008518,29/07/26 08:42
148564516885,55993,234217195,29/07/26 08:42
148560034595,3493,272448343,29/07/26 08:42
148564376863,69926,135123745,29/07/26 08:42
148564372034,1472,270769912,29/07/26 08:42
148564650413,215236,209223419,29/07/26 08:42
148564373146,149199,9821252,29/07/26 08:42
148564765663,3323,158823660,29/07/26 08:42
148564379134,32608,86069838,29/07/26 08:42
148564374234,179860,272452733,29/07/26 08:42
148564024952,111362,65769772,29/07/26 08:42
148552548059,188676,78856975,29/07/26 08:42
148564371863,650606,266306746,29/07/26 08:42
148564378085,34721,123212344,29/07/26 08:42
148564026395,159239,151565028,29/07/26 08:42
148564376534,194221,272452742,29/07/26 08:42
148504547059,120852,13044007,29/07/26 08:42
148564701763,29031,90593554,29/07/26 08:42
148489963959,190520,77458369,29/07/26 08:42
148564517467,656894,272452877,29/07/26 08:42
148564377995,188647,109112543,29/07/26 08:42
148564026475,34465,85117840,29/07/26 08:42
148564023275,177391,183929212,29/07/26 08:42
148564522575,45789,268787376,29/07/26 08:42
148564523085,116804,61837154,29/07/26 08:42
148564511275,84907,93950831,29/07/26 08:42
148564677075,217154,74029448,29/07/26 08:42
148508031234,39182,14348993,29/07/26 08:42
148564719534,177154,18348612,29/07/26 08:42
148564022652,223215,140431712,29/07/26 08:42
148564738663,114266,205525626,29/07/26 08:42
148564519163,21753,7225006,29/07/26 08:42
148564668195,5308,49244835,29/07/26 08:42
148564767252,9564,62459512,29/07/26 08:42
148564772275,18299,139810290,29/07/26 08:42
148564552559,44781,257289661,29/07/26 08:42
148564679085,174025,252188241,29/07/26 08:42
148564525213,5827,25204120,29/07/26 08:42
148564675446,114113,182210886,29/07/26 08:42
148564774485,9618,272453116,29/07/26 08:42
148564508052,84889,48069690,29/07/26 08:42
148564775995,27258,26786807,29/07/26 08:42
148564524263,142081,249900321,29/07/26 08:42
148564770913,159162,267745103,29/07/26 08:42
148564772167,259131,271351277,29/07/26 08:42
148564522859,40114,44198602,29/07/26 08:42
148564678646,49922,272262632,29/07/26 08:42
148564767063,175055,70285947,29/07/26 08:42
148564767159,911,159459288,29/07/26 08:42
148564649559,41550,272453005,29/07/26 08:42
148564655534,78827,54916312,29/07/26 08:42
148564687995,184342,163402692,29/07/26 08:42
148564491995,21276,249052807,29/07/26 08:42
148564651546,155463,257876887,29/07/26 08:42
148564699885,5093,152666439,29/07/26 08:42
148564684213,107952,272453066,29/07/26 08:42
148564767652,215112,272452075,29/07/26 08:42
148564769613,35137,272453109,29/07/26 08:42
148559601475,0,158952185,29/07/26 08:42
148564716134,654350,264420626,29/07/26 08:43
148564767446,208983,215080644,29/07/26 08:43
148564690095,28692,272453084,29/07/26 08:43
148564526767,19129,190160760,29/07/26 08:43
148564525446,192867,242601786,29/07/26 08:43
148564758585,208664,243425128,29/07/26 08:43
148564774159,43769,272453113,29/07/26 08:43
148564772446,111362,272363340,29/07/26 08:43
148564026295,42302,272452420,29/07/26 08:43
148564681146,152232,272453076,29/07/26 08:43
148564673685,188364,26681628,29/07/26 08:43
148564773913,651654,272453112,29/07/26 08:43
148564025663,157960,272452407,29/07/26 08:43
148564653359,83914,123178546,29/07/26 08:43
148564022713,207901,203454546,29/07/26 08:43
148564021934,25525,221515855,29/07/26 08:43
148552925359,41931,210561570,29/07/26 08:43
148564531413,147360,147545955,29/07/26 08:43
148524201346,2198,115212017,29/07/26 08:43
148564382659,15566,251146677,29/07/26 08:43
148564385663,184215,245080222,29/07/26 08:43
148564380795,186116,272452724,29/07/26 08:43
148564027985,38000,160260956,29/07/26 08:43
148564381459,179475,267018065,29/07/26 08:43
148564032359,154662,22445279,29/07/26 08:43
148564528867,9722,205316658,29/07/26 08:43
148564387475,143149,272452776,29/07/26 08:43
148564383795,84153,24799727,29/07/26 08:43
148564514613,74969,270909218,29/07/26 08:43
148564036913,29930,107330718,29/07/26 08:43
148564386463,49986,51240984,29/07/26 08:43
148564383975,185942,45482088,29/07/26 08:43
148564022563,6542,263356139,29/07/26 08:43
148564385963,119284,213919978,29/07/26 08:43
148564109063,183527,59330991,29/07/26 08:43
148563732434,21188,101350260,29/07/26 08:43
148564525959,183931,84904790,29/07/26 08:43
148564798575,173281,25833973,29/07/26 08:43
148564038652,151432,64477195,29/07/26 08:43
148564678152,150002,139540337,29/07/26 08:43
148564030246,28434,268094978,29/07/26 08:43
148564035934,442999,87440480,29/07/26 08:43
148564533467,187629,158853428,29/07/26 08:43
148564385767,43237,108362686,29/07/26 08:43
148564383195,153411,272452746,29/07/26 08:43
148564386595,70000,13251732,29/07/26 08:43
148564028875,69017,53210367,29/07/26 08:43
148564267667,130018,252779514,29/07/26 08:43
148564034875,11234,86484243,29/07/26 08:43
148564042385,181551,124650978,29/07/26 08:43
148564034334,123996,93786217,29/07/26 08:43
148563737585,185338,71190929,29/07/26 08:43
148564150313,84153,66840868,29/07/26 08:43
148564768895,217498,135975516,29/07/26 08:43
148564028146,85370,38541495,29/07/26 08:43
148564386967,6479,72942637,29/07/26 08:43
148564027046,3791,202725413,29/07/26 08:43
148564035413,165696,272452413,29/07/26 08:43
148564386634,10548,125938479,29/07/26 08:43
148564384067,78267,272452757,29/07/26 08:43
148564147563,20471,187637043,29/07/26 08:43
148564035195,138673,103031758,29/07/26 08:43
148564032613,65366,272452426,29/07/26 08:43
148564033159,3179,108946682,29/07/26 08:43
148538956985,27828,43673152,29/07/26 08:43
148563821063,149091,214061011,29/07/26 08:43
148564788885,188496,249631948,29/07/26 08:43
148564387846,26942,90797951,29/07/26 08:43
148563760234,219289,157182302,29/07/26 08:43
148564808534,146561,264677578,29/07/26 08:43
148564535367,2970,111486155,29/07/26 08:43
148564789252,10409,272453131,29/07/26 08:43
148564686063,26943,272453079,29/07/26 08:43
148564531575,140256,18799191,29/07/26 08:43
148564798313,4127,272453143,29/07/26 08:43
148564777963,156798,182089398,29/07/26 08:43
148564798963,650642,272439162,29/07/26 08:43
148564771485,153483,268351868,29/07/26 08:43
148564811075,154942,37693240,29/07/26 08:43
148564033959,188479,272452405,29/07/26 08:43
148564803759,184628,146685946,29/07/26 08:43
148564802152,181099,180113876,29/07/26 08:43
148564028075,10011,209281962,29/07/26 08:43
148564769713,190860,264814553,29/07/26 08:43
148564799459,10218,250253157,29/07/26 08:43
148560404075,181341,272448373,29/07/26 08:43
148564537259,32455,93022298,29/07/26 08:43
148536763934,184934,151453588,29/07/26 08:43
148564516352,181778,122803343,29/07/26 08:43
148564027159,825,79489009,29/07/26 08:43
148564663785,6169,13999766,29/07/26 08:43
148564385434,107088,272452774,29/07/26 08:43
148564765259,25884,143618982,29/07/26 08:43
148564671552,49778,59800843,29/07/26 08:44
148564800759,25062,188282783,29/07/26 08:44
148564766159,219289,75891846,29/07/26 08:44
148564689134,55906,124630101,29/07/26 08:44
148564542095,3064,264082297,29/07/26 08:44
148564807467,143248,215867023,29/07/26 08:44
148552302763,279058,253763823,29/07/26 08:44
148564796559,68169,27682708,29/07/26 08:44
148564803959,29427,9568229,29/07/26 08:44
148564673963,6699,75927465,29/07/26 08:44
148564412663,7635,27096308,29/07/26 08:44
148564802659,445709,272453152,29/07/26 08:44
148564401667,148703,70745501,29/07/26 08:44
148564811685,140875,66871912,29/07/26 08:44
148564406167,117947,152892282,29/07/26 08:44
148564404685,81273,47061287,29/07/26 08:44
148564173695,69957,477462,29/07/26 08:44
148564040252,216577,122889356,29/07/26 08:44
148564037634,80641,265462668,29/07/26 08:44
148564402613,55993,147210522,29/07/26 08:44
148564408867,167035,272452765,29/07/26 08:44
148564043895,224543,272304727,29/07/26 08:44
148564041352,20717,225631740,29/07/26 08:44
148564511746,55555,139277048,29/07/26 08:44
148564040746,179822,130479164,29/07/26 08:44
148564041763,30697,272139891,29/07/26 08:44
148564047459,35285,64258868,29/07/26 08:44
148564403867,169036,247464837,29/07/26 08:44
148564038013,3159,271990784,29/07/26 08:44
148564406285,179669,271997583,29/07/26 08:44
148564401552,88170,23425243,29/07/26 08:44
148564410485,193149,59813778,29/07/26 08:44
148564045163,182677,124939886,29/07/26 08:44
148564808313,445774,64642003,29/07/26 08:44
148564406759,181027,271842663,29/07/26 08:44
148564159634,374193,81853624,29/07/26 08:44
148564040946,12196,155741447,29/07/26 08:44
148564037195,73309,33052672,29/07/26 08:44
148564044746,37701,223754747,29/07/26 08:44
148564540767,37238,146792583,29/07/26 08:44
148564410646,180898,51817689,29/07/26 08:44
148564043795,4089,224262650,29/07/26 08:44
148564672695,184342,22947498,29/07/26 08:44
148564050775,179286,207593255,29/07/26 08:44
148564038875,192246,271499670,29/07/26 08:44
148564805667,109909,229429466,29/07/26 08:44
148562102846,178946,272448414,29/07/26 08:44
148564808434,444843,133821880,29/07/26 08:44
148564799595,72754,10422451,29/07/26 08:44
148564674995,184972,61943127,29/07/26 08:44
148564413846,183235,272452810,29/07/26 08:44
148552325413,2812,27543052,29/07/26 08:44
148564776146,222429,272453119,29/07/26 08:44
148564776267,317377,213154862,29/07/26 08:44
148564765167,39444,272453097,29/07/26 08:44
148564673546,217092,156549871,29/07/26 08:44
148564806395,84571,198721837,29/07/26 08:44
148564043075,33007,198866766,29/07/26 08:44
148564546213,114130,272452915,29/07/26 08:44
148564544852,8297,272452946,29/07/26 08:44
148564678563,181579,272453069,29/07/26 08:44
148564801134,184961,24863267,29/07/26 08:44
148564796067,21819,64140164,29/07/26 08:44
148564667252,151212,272453040,29/07/26 08:44
148564673259,42103,10099913,29/07/26 08:44
148564805167,258164,272300493,29/07/26 08:44
148564797952,203416,272453142,29/07/26 08:44
148564374175,167574,270202906,29/07/26 08:45
148551992263,215016,8919089,29/07/26 08:45
148564699095,193973,242485592,29/07/26 08:45
148564784359,156560,272338416,29/07/26 08:45
148564822985,139057,258391528,29/07/26 08:45
148564663475,3712,272453030,29/07/26 08:45
148564554867,186825,37451201,29/07/26 08:45
148564050634,1647,272452453,29/07/26 08:45
148561955985,651481,243196899,29/07/26 08:45
148564541646,121200,272452942,29/07/26 08:45
148493737595,184267,94503255,29/07/26 08:45
148564160595,106031,272452470,29/07/26 08:45
148500783063,144938,18977469,29/07/26 08:45
148564767963,191106,15889733,29/07/26 08:45
148564167552,69690,259836161,29/07/26 08:45
148540383595,141067,205894770,29/07/26 08:45
148564547846,104917,217545738,29/07/26 08:45
148564418152,43595,217183572,29/07/26 08:45
148564416375,182144,239229805,29/07/26 08:45
148564059685,167147,4437069,29/07/26 08:45
148564819334,87609,82738315,29/07/26 08:45
148564414275,20692,271224087,29/07/26 08:45
148564066685,205581,24724604,29/07/26 08:45
148564415546,168873,183250071,29/07/26 08:45
148564416659,2295,87420742,29/07/26 08:45
148564419875,279058,272452796,29/07/26 08:45
148564414375,18592,67683806,29/07/26 08:45
148564592334,153086,263845238,29/07/26 08:45
148564679759,143826,220593948,29/07/26 08:45
148564420663,163020,242850385,29/07/26 08:45
148564174246,80957,272452432,29/07/26 08:45
148564415067,168703,148062741,29/07/26 08:45
148564807363,42103,250445883,29/07/26 08:45
148564413695,650291,272352853,29/07/26 08:45
148564420175,654134,183340129,29/07/26 08:45
148564807859,193014,32327776,29/07/26 08:45
148564523975,151529,272452893,29/07/26 08:45
148564802759,656455,272453154,29/07/26 08:45
148564676152,136185,271077385,29/07/26 08:45
148564812585,136242,81485557,29/07/26 08:45
148564810459,4011,223489262,29/07/26 08:45
148564817975,177,95346586,29/07/26 08:45
148564687595,178355,18461531,29/07/26 08:45
148564677159,10360,68509578,29/07/26 08:45
148564799652,1056,100037961,29/07/26 08:45
148564818013,168414,271235968,29/07/26 08:45
148511366095,184157,14334367,29/07/26 08:45
148564821085,22324,163644835,29/07/26 08:45
148564677659,41373,98589042,29/07/26 08:45
148564808813,29171,272453163,29/07/26 08:45
148564801367,183031,103704617,29/07/26 08:45
148564824167,43552,26308829,29/07/26 08:45
148564802375,33998,272453151,29/07/26 08:45
148564546046,153122,272452948,29/07/26 08:45
148564765875,652395,37415436,29/07/26 08:45
148564809095,156699,164147572,29/07/26 08:45
148560049659,259131,272448385,29/07/26 08:45
148564826259,32829,31990156,29/07/26 08:45
148564801563,25680,191142270,29/07/26 08:45
148564636875,204451,242322605,29/07/26 08:45
148564575052,13467,228174204,29/07/26 08:46
148564822785,34432,184336045,29/07/26 08:46
148564802095,37776,227425184,29/07/26 08:46
148564797234,176223,234752672,29/07/26 08:46
148564818734,164232,18359792,29/07/26 08:46
148564641352,183472,129809839,29/07/26 08:46
148506863175,101983,136454661,29/07/26 08:46
148564819752,131556,247021108,29/07/26 08:46
148564841963,11969,272453172,29/07/26 08:46
148564686363,41373,272309679,29/07/26 08:46
148564803263,194657,272453150,29/07/26 08:46
148564805095,180855,57263236,29/07/26 08:46
148564167395,179367,134202729,29/07/26 08:46
148564817646,221163,193272352,29/07/26 08:46
148564059895,105926,272452462,29/07/26 08:46
148564643563,6042,23857731,29/07/26 08:46
148564290285,111362,13856383,29/07/26 08:46
148564060634,185871,272452434,29/07/26 08:46
148564644552,64732,182302531,29/07/26 08:46
148564058759,15212,98928515,29/07/26 08:46
148564061059,81076,39871840,29/07/26 08:46
148564644013,214458,209243674,29/07/26 08:46
148564059959,181437,272452467,29/07/26 08:46
148564067259,13190,89002238,29/07/26 08:46
148564269652,166089,263035473,29/07/26 08:46
148564057252,18121,82369790,29/07/26 08:46
148564142052,26420,181308156,29/07/26 08:46
148564816863,22128,272453178,29/07/26 08:46
148564898213,78390,268817974,29/07/26 08:46
148564801652,178215,272453147,29/07/26 08:46
148564830375,150523,266593481,29/07/26 08:46
148564824446,28704,153312926,29/07/26 08:46
148564637267,138514,33989103,29/07/26 08:46
148564807952,28880,272430078,29/07/26 08:46
148564147052,20985,32948355,29/07/26 08:46
148564168663,107031,198133574,29/07/26 08:46
148564837313,16740,23304121,29/07/26 08:46
148564817075,22772,200404998,29/07/26 08:46
148564062663,43849,244401540,29/07/26 08:46
148564810752,113712,87431730,29/07/26 08:46
148564423913,78241,249082271,29/07/26 08:46
148564452759,73160,183173250,29/07/26 08:46
148564509975,147472,58971656,29/07/26 08:46
148564269867,173065,9725055,29/07/26 08:46
148564493459,192460,31965656,29/07/26 08:46
148564770413,20757,108951990,29/07/26 08:46
148564138759,166960,255550757,29/07/26 08:46
148564491695,279135,156807923,29/07/26 08:46
148564838385,85211,38028744,29/07/26 08:46
148564445313,5471,111071891,29/07/26 08:46
148564132667,172377,265722526,29/07/26 08:46
148564278252,84772,61338768,29/07/26 08:46
148564133134,164911,41255794,29/07/26 08:46
148564147163,39983,65396166,29/07/26 08:46
148564509452,145343,66992495,29/07/26 08:46
148564088395,205098,51710724,29/07/26 08:46
148564134852,186825,223694669,29/07/26 08:46
148564135846,1997,142679317,29/07/26 08:46
148564505167,650540,271952336,29/07/26 08:46
148564505767,68836,39756093,29/07/26 08:46
148564501646,179668,246538285,29/07/26 08:46
148564116585,24047,18643764,29/07/26 08:46
148564134013,137820,80892655,29/07/26 08:46
148564477485,26662,248366006,29/07/26 08:46
148564288285,166407,87963178,29/07/26 08:46
148564116634,95677,7240531,29/07/26 08:46
148564475113,219613,95859546,29/07/26 08:46
148564133313,445004,225931138,29/07/26 08:46
148564071313,445729,211374471,29/07/26 08:46
148564648834,652461,147159725,29/07/26 08:46
148564804895,218452,182978268,29/07/26 08:46
148564073059,100674,52974740,29/07/26 08:46
148564444959,177154,98443960,29/07/26 08:46
148564649134,185147,18951849,29/07/26 08:46
148564648959,122834,59887706,29/07/26 08:46
148564508113,5523,104135345,29/07/26 08:46
148564447446,445380,255393959,29/07/26 08:46
148564136567,186370,266741051,29/07/26 08:46
148563848046,5789,26250209,29/07/26 08:46
148564456313,442996,133636950,29/07/26 08:46
148564440452,445988,236504127,29/07/26 08:46
148564798685,185997,272453144,29/07/26 08:46
148564275134,656235,99881494,29/07/26 08:46
148564139352,214971,15612517,29/07/26 08:46
148564472367,191027,37161710,29/07/26 08:46
148564139759,23761,226263124,29/07/26 08:46
148563812967,218488,229016577,29/07/26 08:46
148564787163,181791,272453128,29/07/26 08:46
148564140259,168677,156070157,29/07/26 08:46
148564126195,183631,272452475,29/07/26 08:46
148564430167,185664,21317458,29/07/26 08:46
148564914513,226811,207695674,29/07/26 08:46
148564920363,18299,129111202,29/07/26 08:46
148564917952,147066,272453227,29/07/26 08:46
148564859975,23424,201742408,29/07/26 08:46
148564808175,84905,144251380,29/07/26 08:46
148564075013,39361,94961611,29/07/26 08:46
148564886852,178824,272452920,29/07/26 08:46
148503342267,16476,136689301,29/07/26 08:47
148564809234,172864,126166479,29/07/26 08:47
148564917167,137164,263598710,29/07/26 08:47
148564650734,343,91928555,29/07/26 08:47
148564775746,215750,24577707,29/07/26 08:47
148564833234,8967,249020848,29/07/26 08:47
148564768485,31348,79170329,29/07/26 08:47
148564652775,2992,185077548,29/07/26 08:47
148564816952,25481,221244244,29/07/26 08:47
148564925913,87717,272453244,29/07/26 08:47
148529709275,140375,135915819,29/07/26 08:47
148564454734,7579,272452831,29/07/26 08:47
148564830459,184852,272453181,29/07/26 08:47
148564891767,183207,130947132,29/07/26 08:47
148564655095,193445,45191058,29/07/26 08:47
148564518495,2475,243194184,29/07/26 08:47
148564515159,651762,272220078,29/07/26 08:47
148563820063,183295,121707004,29/07/26 08:47
148564772346,12698,203087755,29/07/26 08:47
148564517713,167035,272452865,29/07/26 08:47
148564812413,32022,130039453,29/07/26 08:47
148564512395,26144,72680055,29/07/26 08:47
148564144695,136721,49503700,29/07/26 08:47
148564821313,35226,45817201,29/07/26 08:47
148564514246,225991,268992018,29/07/26 08:47
148564820034,168595,272453176,29/07/26 08:47
148564510867,55643,76591364,29/07/26 08:47
148564935195,108093,270158891,29/07/26 08:47
148564518895,219130,203541007,29/07/26 08:47
148564513095,315608,253858378,29/07/26 08:47
148564867385,26352,272453215,29/07/26 08:47
148564143713,20200,11158019,29/07/26 08:47
148564813175,188560,126099954,29/07/26 08:47
148504377763,80113,93994545,29/07/26 08:47
148564509834,167035,272452833,29/07/26 08:47
148564831175,173726,77822628,29/07/26 08:47
148564546675,1740,113410755,29/07/26 08:47
148503104713,15327,36387199,29/07/26 08:47
148564915867,31236,51590613,29/07/26 08:47
148564511163,332,76128753,29/07/26 08:47
148564939759,165921,88319882,29/07/26 08:47
148564640667,8732,30385282,29/07/26 08:47
148564827952,42705,9079867,29/07/26 08:47
148537718759,189133,272142135,29/07/26 08:47
148564884934,181551,188356806,29/07/26 08:47
148564942613,656030,272453196,29/07/26 08:47
148564921434,151173,248783567,29/07/26 08:47
148564930134,3175,62556371,29/07/26 08:47
148564922146,182738,93105875,29/07/26 08:47
148564768995,162653,272453107,29/07/26 08:48
148564827846,9496,227990099,29/07/26 08:48
148564922359,186126,67062250,29/07/26 08:48
148564664246,9499,78398330,29/07/26 08:48
148564818867,9211,272453180,29/07/26 08:48
148564928559,186978,102524453,29/07/26 08:48
148564924885,158376,234224837,29/07/26 08:48
148564926334,5523,93923292,29/07/26 08:48
148564925759,155388,151146402,29/07/26 08:48
148564914967,442620,196990765,29/07/26 08:48
148564829246,187209,35442050,29/07/26 08:48
148525037685,181150,272419578,29/07/26 08:48
148564935785,8732,85773206,29/07/26 08:48
148564153513,69345,272452519,29/07/26 08:48
148564891085,65796,14469904,29/07/26 08:48
148564917695,69543,272420070,29/07/26 08:48
148564659134,118728,236352560,29/07/26 08:48
148564939663,55653,84690654,29/07/26 08:48
148564664659,8068,269224832,29/07/26 08:48
148564918467,215831,192198352,29/07/26 08:48
148564654295,116631,131186640,29/07/26 08:48
148564146834,445863,130782885,29/07/26 08:48
148564144459,656244,129305629,29/07/26 08:48
148564144552,133883,53930339,29/07/26 08:48
148564522459,172900,272452883,29/07/26 08:48
148564527985,444688,148681090,29/07/26 08:48
148564918595,2432,272453229,29/07/26 08:48
148564922213,183635,272168137,29/07/26 08:48
148564148295,656257,237791653,29/07/26 08:48
148563830552,191056,272176976,29/07/26 08:48
148564527567,88371,222637596,29/07/26 08:48
148564526995,5805,12054887,29/07/26 08:48
148564146613,34747,59168861,29/07/26 08:48
148564520459,87733,249548090,29/07/26 08:48
148564778295,34485,133719604,29/07/26 08:48
148564157395,167035,272452539,29/07/26 08:48
148552393663,184620,52878832,29/07/26 08:48
148564376013,3092,183230224,29/07/26 08:48
148564285946,176143,103340192,29/07/26 08:48
148564512195,55772,223951704,29/07/26 08:48
148564153913,217174,92402642,29/07/26 08:48
148564153295,1543,86065769,29/07/26 08:48
148563821585,30769,97735929,29/07/26 08:48
148564154667,22932,272452529,29/07/26 08:48
148564142463,217442,115241196,29/07/26 08:48
148564141613,140973,183369796,29/07/26 08:48
148564143585,3179,272452501,29/07/26 08:48
148564523795,142688,238506634,29/07/26 08:48
148564661295,35298,272453021,29/07/26 08:48
148564524575,6705,47482864,29/07/26 08:48
148564148663,74962,49348409,29/07/26 08:48
148564935975,90035,79973616,29/07/26 08:48
148564158495,184189,91417329,29/07/26 08:48
148564666052,188625,272453035,29/07/26 08:48
148564154367,172377,68670159,29/07/26 08:48
148564914434,178319,15205874,29/07/26 08:48
148564523485,135695,272452820,29/07/26 08:48
148562935595,659187,190231969,29/07/26 08:48
148564152367,6039,9190120,29/07/26 08:48
148564145485,183140,36877629,29/07/26 08:48
148564158052,139323,38399449,29/07/26 08:48
148564932663,9043,191446606,29/07/26 08:48
148564521334,183360,148034121,29/07/26 08:48
148564149085,180802,29841541,29/07/26 08:48
148564522675,187442,272452791,29/07/26 08:48
148564530146,158120,53936654,29/07/26 08:48
148564797175,40440,69467576,29/07/26 08:48
148564923085,187950,272453238,29/07/26 08:48
148564674413,24406,145536183,29/07/26 08:48
148547390595,182664,122571746,29/07/26 08:48
148564946095,95338,54618840,29/07/26 08:48
148546292963,31020,267622634,29/07/26 08:48
148564774785,2432,51667597,29/07/26 08:48
148564672134,209041,32431107,29/07/26 08:48
148564923659,186214,182603425,29/07/26 08:48
148564688452,12581,119265211,29/07/26 08:48
148564940646,43029,252396587,29/07/26 08:48
148564937759,56178,246856866,29/07/26 08:48
148564850867,651010,47865359,29/07/26 08:48
148564672413,183032,250753355,29/07/26 08:48
148564921667,121149,272453232,29/07/26 08:48
148564674567,50321,146883597,29/07/26 08:48
148564920863,5522,75747348,29/07/26 08:48
148564934646,193973,35706032,29/07/26 08:48
148564818275,150357,192434635,29/07/26 08:48
148564675063,134193,66566193,29/07/26 08:48
148564942413,142116,75263800,29/07/26 08:48
148564668734,7874,240606699,29/07/26 08:48
148564813359,68147,137113463,29/07/26 08:48
148562608667,0,18947813,29/07/26 08:49
148564919463,158870,272453230,29/07/26 08:49
148564954563,152189,218714611,29/07/26 08:49
148564675867,444344,85839589,29/07/26 08:49
148564916313,5758,77154006,29/07/26 08:49
148564811885,2078,106541983,29/07/26 08:49
148564676095,36589,6557494,29/07/26 08:49
148564915713,94835,272153813,29/07/26 08:49
148564937195,73486,153530418,29/07/26 08:49
148564941367,279058,245750781,29/07/26 08:49
148564649034,32877,272453004,29/07/26 08:49
148564514352,166710,128131651,29/07/26 08:49
148564668334,123794,272453043,29/07/26 08:49
148564935685,656030,272453260,29/07/26 08:49
148564666359,180658,109165308,29/07/26 08:49
148564941975,147558,110345140,29/07/26 08:49
148564159285,182798,84825144,29/07/26 08:49
148514594095,6042,10889779,29/07/26 08:49
148564926652,151173,272453201,29/07/26 08:49
148564939113,168390,85505736,29/07/26 08:49
148564671167,1691,122746918,29/07/26 08:49
148564918846,7742,112913025,29/07/26 08:49
148564816163,141662,266183838,29/07/26 08:49
148564661467,8558,272453023,29/07/26 08:49
148564158513,116782,239832561,29/07/26 08:49
148564942285,50705,272453276,29/07/26 08:49
148516857134,190087,222411123,29/07/26 08:49
148564163852,37866,72168050,29/07/26 08:49
148499161295,35293,50474904,29/07/26 08:49
148564162413,99729,33393305,29/07/26 08:49
148564150859,36983,272452493,29/07/26 08:49
148564157767,107088,272451970,29/07/26 08:49
148564806659,10002,106039293,29/07/26 08:49
148563512734,25982,249172871,29/07/26 08:49
148564520263,192100,272451747,29/07/26 08:49
148564162267,221292,272452492,29/07/26 08:49
148564157495,69279,272452394,29/07/26 08:49
148564158852,9191,272452537,29/07/26 08:49
148564679175,219280,200388638,29/07/26 08:49
148564149259,3466,269017323,29/07/26 08:49
148564152634,445988,211562971,29/07/26 08:49
148564533613,41222,232443989,29/07/26 08:49
148564133485,191953,272452451,29/07/26 08:49
148564243363,203913,56422083,29/07/26 08:49
148564172275,4475,139985722,29/07/26 08:49
148564536775,210022,269141251,29/07/26 08:49
148564929959,119118,115037895,29/07/26 08:49
148564288834,122191,272440178,29/07/26 08:49
148564537546,187074,119087072,29/07/26 08:49
148564168275,654003,3607187,29/07/26 08:49
148564168552,2728,66066656,29/07/26 08:49
148564161146,107088,71386825,29/07/26 08:49
148564166813,41607,53316559,29/07/26 08:49
148564151959,163059,272452264,29/07/26 08:49
148564953034,8677,47591656,29/07/26 08:49
148564166752,137953,78449252,29/07/26 08:49
148564936252,26659,16090905,29/07/26 08:49
148562949995,0,4375130,29/07/26 08:49
148564926846,2979,272453245,29/07/26 08:49
148564536695,114180,25259049,29/07/26 08:49
148564532995,194114,272452852,29/07/26 08:49
148564156952,25646,147035242,29/07/26 08:49
148533819546,177603,270080930,29/07/26 08:49
148564210746,101961,272452543,29/07/26 08:49
148564946434,143414,42132250,29/07/26 08:49
148552701446,30643,40677633,29/07/26 08:49
148564928185,187050,35033080,29/07/26 08:49
148564941446,154471,161851100,29/07/26 08:49
148564679852,111983,272453072,29/07/26 08:49
148564931746,209073,272453254,29/07/26 08:49
148564927934,155694,272244829,29/07/26 08:49
148564682834,33546,135498235,29/07/26 08:49
148564916513,3723,272397539,29/07/26 08:49
148564935846,145657,272453261,29/07/26 08:49
148564683575,182627,164044109,29/07/26 08:49
148564937413,187044,217277382,29/07/26 08:49
148521989552,655622,272417329,29/07/26 08:49
148564948663,36177,32375072,29/07/26 08:49
148564804146,69611,56925207,29/07/26 08:49
148564950567,187942,94891010,29/07/26 08:49
148495439975,89918,271784185,29/07/26 08:49
148564941713,191607,272453274,29/07/26 08:49
148564943152,11200,98467198,29/07/26 08:50
148564822152,84397,43486507,29/07/26 08:50
148564538763,165460,265144412,29/07/26 08:50
148552894913,28638,83414962,29/07/26 08:50
148564954063,445999,65763207,29/07/26 08:50
148564936467,110288,98784126,29/07/26 08:50
148564947834,31380,253879185,29/07/26 08:50
148564953163,31807,272453298,29/07/26 08:50
148564829813,37066,199202171,29/07/26 08:50
148564957559,36357,196669209,29/07/26 08:50
148564823046,142745,78159453,29/07/26 08:50
148559940659,2198,272448296,29/07/26 08:50
148564272495,34445,108974710,29/07/26 08:50
148515577467,186929,101428064,29/07/26 08:50
148564574063,216874,272260375,29/07/26 08:50
148564692795,150472,51366205,29/07/26 08:50
148564161663,36887,244610538,29/07/26 08:50
148564956013,18984,117329867,29/07/26 08:50
148564091485,176585,256241541,29/07/26 08:50
148564302759,186762,231544129,29/07/26 08:50
148564165667,186472,229518317,29/07/26 08:50
148564161946,279058,272452548,29/07/26 08:50
148564167167,189185,241403319,29/07/26 08:50
148564168913,138969,149764821,29/07/26 08:50
148564245846,35404,272452587,29/07/26 08:50
148564717713,94911,4381536,29/07/26 08:50
148564543613,181394,78215618,29/07/26 08:50
148564934763,20595,58583660,29/07/26 08:50
148564177767,56263,3933907,29/07/26 08:50
148564166552,5052,100755195,29/07/26 08:50
148564573095,167035,272452960,29/07/26 08:50
148564543059,150663,153283253,29/07/26 08:50
148564574334,39901,272452953,29/07/26 08:50
148564173359,26086,44986441,29/07/26 08:50
148564182559,158308,189059195,29/07/26 08:50
148564545663,43849,110963544,29/07/26 08:50
148564177459,11675,184885119,29/07/26 08:50
148564184046,655622,272452592,29/07/26 08:50
148564171375,203893,235044277,29/07/26 08:50
148564728463,191475,140776415,29/07/26 08:50
148564548275,159844,51088971,29/07/26 08:50
148564545334,38637,57922872,29/07/26 08:50
148564549175,179505,272452843,29/07/26 08:50
148564543375,37265,122357272,29/07/26 08:50
148564550663,190544,272452955,29/07/26 08:50
148564928385,27304,152223397,29/07/26 08:50
148564183363,187593,61621462,29/07/26 08:50
148564161859,177886,272452541,29/07/26 08:50
148564548013,221003,86371306,29/07/26 08:50
148564273552,3840,213370863,29/07/26 08:50
148564813046,99828,271463382,29/07/26 08:50
148564176063,445988,83205962,29/07/26 08:50
148564172363,152819,134258024,29/07/26 08:50
148564951413,84694,81145631,29/07/26 08:50
148564175695,659145,117226995,29/07/26 08:50
148564170646,36357,215223067,29/07/26 08:50
148564560552,84003,195552373,29/07/26 08:50
148564929567,658426,21261039,29/07/26 08:50
148559728934,167035,272448120,29/07/26 08:50
148547929763,179003,124201706,29/07/26 08:50
148564928952,120995,43819096,29/07/26 08:50
148564929013,940,145012167,29/07/26 08:50
148565046967,4725,74114392,29/07/26 08:50
148564973695,180898,106859408,29/07/26 08:50
148513857746,203907,140440786,29/07/26 08:50
148564281895,651858,144686936,29/07/26 08:50
148564793885,204776,272056201,29/07/26 08:50
148564926763,5577,272453246,29/07/26 08:50
148564763667,1968,55934268,29/07/26 08:50
148564717159,164889,85354917,29/07/26 08:50
148564981363,160093,110656357,29/07/26 08:50
148564989313,9142,128769865,29/07/26 08:50
148565018113,122215,18903819,29/07/26 08:50
148564764913,188255,10198546,29/07/26 08:50
148564765046,186821,22175053,29/07/26 08:50
148564829152,121040,272453200,29/07/26 08:50
148564955213,181297,62882573,29/07/26 08:50
148564956852,4187,272453300,29/07/26 08:50
148559690867,177370,272448070,29/07/26 08:50
148564301459,167587,21526112,29/07/26 08:50
148564912113,85843,137985376,29/07/26 08:51
148564849952,189643,17834917,29/07/26 08:51
148564959159,69025,54161303,29/07/26 08:51
148564826546,194993,251979507,29/07/26 08:51
148564720434,29058,97171735,29/07/26 08:51
148564981195,84907,43439901,29/07/26 08:51
148564811413,206852,1093944,29/07/26 08:51
148564952846,181085,22923467,29/07/26 08:51
148564767552,181227,27932563,29/07/26 08:51
148564714763,236896,272453091,29/07/26 08:51
148564974834,108093,272453309,29/07/26 08:51
148564945363,188119,6275969,29/07/26 08:51
148564768034,1826,272452929,29/07/26 08:51
148564947167,21353,159909783,29/07/26 08:51
148565028046,178449,21928564,29/07/26 08:51
148564953434,160353,266811642,29/07/26 08:51
148564687446,9203,272453082,29/07/26 08:51
148564904263,154902,84501649,29/07/26 08:51
148564801763,6059,272452904,29/07/26 08:51
148564946234,12767,152387696,29/07/26 08:51
148564924534,192606,92352867,29/07/26 08:51
148564706359,31190,123609977,29/07/26 08:51
148565005163,2376,60266092,29/07/26 08:51
148564819575,223182,222628568,29/07/26 08:51
148565070685,9501,152445691,29/07/26 08:51
148564945275,19037,93597634,29/07/26 08:51
148564864395,113727,235288479,29/07/26 08:51
148514734063,27304,14065176,29/07/26 08:51
148565037363,42103,182054837,29/07/26 08:51
148564975267,112511,24195427,29/07/26 08:51
148565070863,414,191890337,29/07/26 08:51
148511057813,37078,155079201,29/07/26 08:51
148564983152,1726,207482527,29/07/26 08:51
148564646795,183833,30358761,29/07/26 08:51
148564977695,659337,254336180,29/07/26 08:51
148564936113,114209,244109225,29/07/26 08:51
148564959213,127455,196039468,29/07/26 08:51
148564949752,121041,62556117,29/07/26 08:51
148565070967,77693,272452773,29/07/26 08:51
148559606185,547,272448018,29/07/26 08:51
148564933346,167041,90297597,29/07/26 08:51
148564945663,10908,272453281,29/07/26 08:51
148565078563,44158,271468900,29/07/26 08:51
148564281185,445774,132729018,29/07/26 08:51
148564992685,218482,109990693,29/07/26 08:51
148564236285,42903,65818728,29/07/26 08:51
148564980667,138349,247900656,29/07/26 08:51
148564618885,36049,272452972,29/07/26 08:51
148564249952,65643,268926731,29/07/26 08:51
148564812646,144190,142262624,29/07/26 08:51
148564976034,151112,272453321,29/07/26 08:51
148564913434,25141,150778844,29/07/26 08:51
148564246113,45498,150361168,29/07/26 08:51
148564585434,7242,112067260,29/07/26 08:51
148564946367,181759,91236103,29/07/26 08:51
148564946959,189725,99149813,29/07/26 08:51
148564260995,186240,25139782,29/07/26 08:51
148564200467,216789,91142497,29/07/26 08:51
148564640859,445774,25025310,29/07/26 08:51
148564644975,182129,88540925,29/07/26 08:51
148564201752,114113,62553491,29/07/26 08:51
148564261946,652802,272452618,29/07/26 08:51
148564642259,33385,160963294,29/07/26 08:51
148564641875,167511,106223195,29/07/26 08:51
148564933063,214689,272453257,29/07/26 08:51
148559377195,149617,272447864,29/07/26 08:51
148564232252,142233,253888437,29/07/26 08:51
148564981695,73261,27846886,29/07/26 08:51
148564282667,80965,77787084,29/07/26 08:51
148564245485,444900,272452605,29/07/26 08:51
148564639413,178449,272452958,29/07/26 08:51
148564810095,80872,253671953,29/07/26 08:51
148564376313,2646,75456576,29/07/26 08:51
148564774575,186261,239645875,29/07/26 08:51
148564602885,633,80909677,29/07/26 08:51
148564247775,178344,269865463,29/07/26 08:51
148564299459,20945,230167846,29/07/26 08:51
148564450234,33078,6113458,29/07/26 08:51
148564774895,43861,138854302,29/07/26 08:51
148564261059,443010,270647436,29/07/26 08:51
148564775346,220268,148404370,29/07/26 08:51
148551437752,178108,138091621,29/07/26 08:51
148564983659,74802,254664785,29/07/26 08:51
148565083534,126319,264612405,29/07/26 08:51
148564255513,2998,30673832,29/07/26 08:51
148564918013,7560,93731348,29/07/26 08:51
148564770385,132832,272453013,29/07/26 08:51
148564918367,119106,235413034,29/07/26 08:51
148564956695,32822,265340090,29/07/26 08:51
148564915646,108093,110757615,29/07/26 08:51
148565005475,21731,21892664,29/07/26 08:51
148564868046,32570,100904586,29/07/26 08:51
148565075067,177800,5766284,29/07/26 08:51
148565075652,653837,218185874,29/07/26 08:51
148565072275,176183,194347552,29/07/26 08:51
148564914885,6138,63047909,29/07/26 08:51
148564974995,42509,272453317,29/07/26 08:52
148565039867,26940,253557209,29/07/26 08:52
148564980446,27726,13370636,29/07/26 08:52
148564992159,1262,222098085,29/07/26 08:52
148552957946,208737,112698889,29/07/26 08:52
148564645234,84260,159801523,29/07/26 08:52
148564947963,140884,56073870,29/07/26 08:52
148565071559,96046,207802315,29/07/26 08:52
148564776475,20757,239184147,29/07/26 08:52
148564976575,119242,72410461,29/07/26 08:52
148564674067,185679,65183357,29/07/26 08:52
148564644213,141380,272452994,29/07/26 08:52
148565078067,147502,101744386,29/07/26 08:52
148564260734,192266,45243334,29/07/26 08:52
148564770263,113922,189419818,29/07/26 08:52
148564521652,654145,272452465,29/07/26 08:52
148492872167,36247,132532322,29/07/26 08:52
148565021313,3921,234871985,29/07/26 08:52
148565072363,23951,271461853,29/07/26 08:52
148564647395,146519,237714965,29/07/26 08:52
148564942746,202022,183828389,29/07/26 08:52
148492752213,0,272394590,29/07/26 08:52
148548144252,166857,121411674,29/07/26 08:52
148564650267,30137,5470398,29/07/26 08:52
148564263234,43237,89070554,29/07/26 08:52
148564265363,38572,71056781,29/07/26 08:52
148564985185,156686,13543416,29/07/26 08:52
148564370959,2646,68998338,29/07/26 08:52
148564262934,88465,119669624,29/07/26 08:52
148564403459,42364,103093732,29/07/26 08:52
148564264875,202001,30071908,29/07/26 08:52
148564651359,43216,182668977,29/07/26 08:52
148552954513,36182,32607490,29/07/26 08:52
148563981163,243899,69349837,29/07/26 08:52
148564654359,656434,238448580,29/07/26 08:52
148564265667,190361,121824812,29/07/26 08:52
148564418295,33043,84058137,29/07/26 08:52
148564645567,209095,15981841,29/07/26 08:52
148565074163,180618,208871283,29/07/26 08:52
148564654046,180908,118157983,29/07/26 08:52
148564649785,592,220638112,29/07/26 08:52
148565071963,68958,199253055,29/07/26 08:52
148565077775,94902,185686838,29/07/26 08:52
148565011434,87744,40485666,29/07/26 08:52
148516081752,74449,205818157,29/07/26 08:52
148564798046,33863,125320485,29/07/26 08:52
148564268534,186114,126500309,29/07/26 08:52
148564940234,70094,53160253,29/07/26 08:52
148564652595,25062,240795663,29/07/26 08:52
148564995352,142498,272453327,29/07/26 08:52
148564799946,77908,248351185,29/07/26 08:52
148552699934,43609,86340368,29/07/26 08:52
148565072495,155975,272453359,29/07/26 08:52
148564771034,193973,71540049,29/07/26 08:52
148565077013,106959,272355968,29/07/26 08:52
148565078859,84075,123370064,29/07/26 08:52
148564970385,654396,33882448,29/07/26 08:52
148564942163,99362,61061748,29/07/26 08:52
148564798485,65800,74692579,29/07/26 08:52
148564916975,443173,142960005,29/07/26 08:52
148564871713,88386,12743050,29/07/26 08:52
148565087567,5896,109758000,29/07/26 08:53
148565082959,655740,231546067,29/07/26 08:53
148565076195,149941,155936027,29/07/26 08:53
148564842185,38527,187521365,29/07/26 08:53
148564985352,442169,271827091,29/07/26 08:53
148564803659,42981,13893344,29/07/26 08:53
148565099763,31433,101749340,29/07/26 08:53
148564928263,183568,155541964,29/07/26 08:53
148564955985,30668,137935775,29/07/26 08:53
148565075167,157822,272453158,29/07/26 08:53
148565078275,37653,141626902,29/07/26 08:53
148565074259,650973,62221147,29/07/26 08:53
148565082167,106646,249560953,29/07/26 08:53
148565079175,185926,130015843,29/07/26 08:53
148565094434,149941,227518531,29/07/26 08:53
148564278034,182280,226580130,29/07/26 08:53
148565081859,44914,70569355,29/07/26 08:53
148546445695,223232,12751970,29/07/26 08:53
148565079285,11715,272453369,29/07/26 08:53
148564656059,214433,135989483,29/07/26 08:53
148564659013,214442,83724209,29/07/26 08:53
148559839846,0,272447809,29/07/26 08:53
148564269152,187661,185136959,29/07/26 08:53
148564657795,179280,50573937,29/07/26 08:53
148564273667,194939,57126012,29/07/26 08:53
148564267034,222817,222978973,29/07/26 08:53
148564939095,658810,142799112,29/07/26 08:53
148564663967,138746,71755012,29/07/26 08:53
148564925075,191133,138879748,29/07/26 08:53
148564663575,89562,133190660,29/07/26 08:53
148564662759,181028,266988891,29/07/26 08:53
148564662367,181136,267284205,29/07/26 08:53
148564662434,20240,28794005,29/07/26 08:53
148564984567,36637,272453340,29/07/26 08:53
148564952552,143364,269903125,29/07/26 08:53
148563920552,653910,96906386,29/07/26 08:53
148564655834,21601,13749529,29/07/26 08:53
148564268063,189881,270740955,29/07/26 08:53
148564807785,1416,29679386,29/07/26 08:53
148564987652,20863,8034699,29/07/26 08:53
148564277852,178059,211557767,29/07/26 08:53
148564280134,650582,126822601,29/07/26 08:53
148565028613,17194,20882249,29/07/26 08:53
148564990346,113722,207977639,29/07/26 08:53
148564660375,22760,159185004,29/07/26 08:53
148565092334,445774,272453404,29/07/26 08:53
148564279285,445084,270315495,29/07/26 08:53
148559459785,0,272447877,29/07/26 08:53
148564275752,184527,212726469,29/07/26 08:53
148564270659,180509,270797529,29/07/26 08:53
148565072959,180898,272453141,29/07/26 08:53
148564665859,443197,110529540,29/07/26 08:53
148564275046,27642,269080671,29/07/26 08:53
148564279934,107,80693240,29/07/26 08:53
148564270163,84711,8428724,29/07/26 08:53
148565086975,31598,272453363,29/07/26 08:53
148565085752,99831,152593521,29/07/26 08:53
148565073967,181143,243186814,29/07/26 08:53
148565093185,7240,31327485,29/07/26 08:53
148564263563,158217,265938173,29/07/26 08:53
148565071367,177610,34094238,29/07/26 08:53
148564662585,259131,271350905,29/07/26 08:53
148564273495,178449,72510528,29/07/26 08:53
148502928352,123850,33291038,29/07/26 08:53
148564654646,84725,99876592,29/07/26 08:53
148564931975,53225,70585687,29/07/26 08:53
148564271985,29485,271995840,29/07/26 08:53
148565098613,152744,270432452,29/07/26 08:53
148564658285,137515,40677896,29/07/26 08:53
148565087663,95337,22098309,29/07/26 08:53
148564810234,16924,87867627,29/07/26 08:53
148564659546,167035,272453012,29/07/26 08:53
148559074234,0,130160723,29/07/26 08:53
148564281085,26566,159325787,29/07/26 08:53
148565092995,37119,84171983,29/07/26 08:53
148564983546,6242,272013432,29/07/26 08:53
148564950275,29947,92170039,29/07/26 08:53
148564274385,193593,74978318,29/07/26 08:53
148564933895,157579,116392076,29/07/26 08:53
148565088213,42493,238435174,29/07/26 08:53
148564272213,194452,27928207,29/07/26 08:53
148565084775,184425,31923370,29/07/26 08:53
148525014095,80496,268027035,29/07/26 08:53
148565094063,33552,11251098,29/07/26 08:53
148565073459,2489,180864556,29/07/26 08:53
148564981852,142606,272453331,29/07/26 08:53
148565080163,443944,53215117,29/07/26 08:53
148564813246,136700,183489470,29/07/26 08:53
148548821767,205419,230171405,29/07/26 08:53
148564956975,152189,272453290,29/07/26 08:53
148565087446,42703,132741648,29/07/26 08:53
148565091346,167035,271718653,29/07/26 08:53
148564814113,6721,82393439,29/07/26 08:53
148565090013,183235,94107480,29/07/26 08:53
148545168346,174878,221138413,29/07/26 08:54
148565091763,137657,254363352,29/07/26 08:54
148564998885,204535,222170149,29/07/26 08:54
148565106913,179592,272453393,29/07/26 08:54
148564816375,444509,7324890,29/07/26 08:54
148564949567,3363,22788008,29/07/26 08:54
148564817267,653860,263785919,29/07/26 08:54
148564982063,183305,205241685,29/07/26 08:54
148565094867,21127,154897929,29/07/26 08:54
148565103075,142285,24433925,29/07/26 08:54
148565104975,161505,130384547,29/07/26 08:54
148565074375,383,272453361,29/07/26 08:54
148565100967,229692,272453430,29/07/26 08:54
148565080259,72740,77880819,29/07/26 08:54
148565101413,20466,272453351,29/07/26 08:54
148565109059,181745,71761461,29/07/26 08:54
148564671867,10431,233681140,29/07/26 08:54
148565103775,24164,76609020,29/07/26 08:54
148564671713,626,155012664,29/07/26 08:54
148564284685,152826,18967254,29/07/26 08:54
148565015363,28706,210138864,29/07/26 08:54
148564668952,72926,272453041,29/07/26 08:54
148564284367,136575,48241277,29/07/26 08:54
148564670675,25965,121520090,29/07/26 08:54
148564292052,442756,248065188,29/07/26 08:54
148564284967,8732,272452641,29/07/26 08:54
148564282995,89864,272452517,29/07/26 08:54
148563616185,68073,13804787,29/07/26 08:54
148564475234,143193,138059098,29/07/26 08:54
148564288134,5632,61969709,29/07/26 08:54
148564287895,102006,54648500,29/07/26 08:54
148564301346,9338,272381085,29/07/26 08:54
148564284867,184996,140132760,29/07/26 08:54
148564416059,68727,272452639,29/07/26 08:54
148564667152,33998,272453025,29/07/26 08:54
148564291452,110148,204085148,29/07/26 08:54
148563924952,654461,92691249,29/07/26 08:54
148564291567,205063,86898184,29/07/26 08:54
148564286367,35497,100629548,29/07/26 08:54
148565116395,100036,110940051,29/07/26 08:54
148564289313,1425,37838156,29/07/26 08:54
148563625185,31332,145535806,29/07/26 08:54
148564285575,6837,151907814,29/07/26 08:54
148564368546,20565,149882949,29/07/26 08:54
148564365413,183361,144997107,29/07/26 08:54
148564296463,164973,272261205,29/07/26 08:54
148564578034,167035,272452961,29/07/26 08:54
148564289185,64804,272452679,29/07/26 08:54
148564272995,655726,272452625,29/07/26 08:54
148564520846,9501,123626301,29/07/26 08:54
148564953667,219884,47268038,29/07/26 08:54
148565101913,20416,224089583,29/07/26 08:54
148553148095,2047,212238665,29/07/26 08:54
148565114813,8196,26603978,29/07/26 08:54
148563929767,141966,115328399,29/07/26 08:54
148564979152,180957,272453326,29/07/26 08:54
148564950846,33853,180831977,29/07/26 08:54
148565091034,74802,37634015,29/07/26 08:54
148565105552,170302,47067553,29/07/26 08:54
148564992475,132223,98617742,29/07/26 08:54
148564810867,222955,186578735,29/07/26 08:54
148564668634,208666,272453010,29/07/26 08:54
148503931934,49,118025259,29/07/26 08:54
148565072085,652395,271270152,29/07/26 08:54
148532431634,33142,74180698,29/07/26 08:54
148565107313,140720,31639552,29/07/26 08:54
148564980552,39732,188665551,29/07/26 08:54
148565085013,167346,272453383,29/07/26 08:54
148565094613,142745,272453409,29/07/26 08:54
148565076952,194906,114621515,29/07/26 08:54
148565086334,156361,147352113,29/07/26 08:54
148565108534,142266,263437727,29/07/26 08:54
148564826695,178873,244940930,29/07/26 08:54
148565105734,27806,127375564,29/07/26 08:54
148564827013,3196,155039558,29/07/26 08:54
148564923446,25666,272453239,29/07/26 08:54
148553041895,162071,96187523,29/07/26 08:55
148565093952,166432,139194545,29/07/26 08:55
148564975495,183886,155368574,29/07/26 08:55
148564828046,9708,42341241,29/07/26 08:55
148565103646,106475,71154402,29/07/26 08:55
148564974585,182112,194013669,29/07/26 08:55
148565117885,167035,271581610,29/07/26 08:55
148565107734,26972,11500050,29/07/26 08:55
148564815334,215042,92943590,29/07/26 08:55
148565079363,181744,115527450,29/07/26 08:55
148565098352,165537,69686606,29/07/26 08:55
148491213313,155712,100284418,29/07/26 08:55
148564955495,8717,104239863,29/07/26 08:55
148564947585,216590,29442139,29/07/26 08:55
148565087285,83914,272453390,29/07/26 08:55
148565114552,164007,272227089,29/07/26 08:55
148565077659,138643,52774385,29/07/26 08:55
148561976267,445100,79442414,29/07/26 08:55
148565114185,217093,7083954,29/07/26 08:55
148565096859,68518,189063700,29/07/26 08:55
148561995063,73221,246547829,29/07/26 08:55
148565107695,139254,79451323,29/07/26 08:55
148565110663,2045,70456406,29/07/26 08:55
148565108846,194457,181172639,29/07/26 08:55
148565103146,35659,269706751,29/07/26 08:55
148565056034,215254,272453354,29/07/26 08:55
148559356475,7304,272447819,29/07/26 08:55
148565073546,9029,272453350,29/07/26 08:55
148522664985,143187,34701473,29/07/26 08:55
148564684075,84888,151060806,29/07/26 08:55
148522703252,108300,271697516,29/07/26 08:55
148564383446,68001,45199059,29/07/26 08:55
148565143163,654653,189684234,29/07/26 08:55
148564364795,217427,13277356,29/07/26 08:55
148564683659,4225,159784436,29/07/26 08:55
148564295175,36838,45108318,29/07/26 08:55
148564294259,28206,38153224,29/07/26 08:55
148565085863,167035,272453353,29/07/26 08:55
148564682952,11126,26495816,29/07/26 08:55
148564683795,102218,47051988,29/07/26 08:55
148564687867,140996,53614517,29/07/26 08:55
148564300085,94835,24908213,29/07/26 08:55
148564829959,153546,272453189,29/07/26 08:55
148564678713,108117,272453049,29/07/26 08:55
148565095334,45893,272453413,29/07/26 08:55
148565097085,32416,228355606,29/07/26 08:55
148565115113,226936,80406968,29/07/26 08:55
148564686834,144865,5728409,29/07/26 08:55
148564686667,23505,272453075,29/07/26 08:55
148564304463,177127,68336183,29/07/26 08:55
148564682434,176586,272453074,29/07/26 08:55
148564693352,161896,66175924,29/07/26 08:55
148564859634,223272,137629049,29/07/26 08:55
148565089395,3175,272453380,29/07/26 08:55
148565080634,20559,272453377,29/07/26 08:55
148564975113,188933,189378543,29/07/26 08:55
148565112263,653812,113673833,29/07/26 08:55
148564301746,69394,66783408,29/07/26 08:55
148564837552,34379,190747692,29/07/26 08:55
148565093552,8812,215316182,29/07/26 08:55
148542580995,446018,92954582,29/07/26 08:55
148564763095,166960,272301283,29/07/26 08:55
148565116513,105912,245030242,29/07/26 08:55
148565123363,35106,138690266,29/07/26 08:55
148564947685,221422,87429247,29/07/26 08:55
148565109234,21051,191792954,29/07/26 08:55
148564982613,150032,6791609,29/07/26 08:55
148564679663,80760,244296940,29/07/26 08:55
148564680875,217154,26833441,29/07/26 08:55
148565111634,137897,62629819,29/07/26 08:55
148565004795,113727,272453345,29/07/26 08:55
148564648513,177573,272453003,29/07/26 08:55
148537336595,26545,265473206,29/07/26 08:55
148565102946,39089,99145336,29/07/26 08:55
148565089863,34911,217611436,29/07/26 08:55
148565122795,44026,53647176,29/07/26 08:55
148553151013,21812,256432313,29/07/26 08:55
148565095975,189360,225871972,29/07/26 08:55
148565125395,10937,131867183,29/07/26 08:56
148564857267,182293,272453197,29/07/26 08:56
148565111234,102218,102200585,29/07/26 08:56
148565112475,160555,17759870,29/07/26 08:56
148565119395,39082,234708370,29/07/26 08:56
148564916434,139629,139082691,29/07/26 08:56
148564916746,13286,227323543,29/07/26 08:56
148564925559,22939,199086637,29/07/26 08:56
148564930346,182502,115124364,29/07/26 08:56
148565113746,887,272453447,29/07/26 08:56
148497056867,445384,257801140,29/07/26 08:56
148564806246,132913,60433432,29/07/26 08:56
148565035234,174025,46765583,29/07/26 08:56
148565124034,31433,272453477,29/07/26 08:56
148565117595,221354,145688973,29/07/26 08:56
148564882875,184485,237172467,29/07/26 08:56
148565115685,258721,157487993,29/07/26 08:56
148564297346,10595,272452700,29/07/26 08:56
148565160367,33193,132678500,29/07/26 08:56
148564978559,72714,140404887,29/07/26 08:56
148564411185,216973,253883046,29/07/26 08:56
148564915275,159095,63391763,29/07/26 08:56
148512195134,20921,8388583,29/07/26 08:56
148563950952,11878,134272578,29/07/26 08:56
148565087775,191716,125673037,29/07/26 08:56
148564379813,12031,157588598,29/07/26 08:56
148565117785,50075,11770707,29/07/26 08:56
148564297052,158821,96723520,29/07/26 08:56
148565129567,77693,272453483,29/07/26 08:56
148552645034,5199,149532607,29/07/26 08:56
148565080995,115662,68504969,29/07/26 08:56
148564914613,134126,245816397,29/07/26 08:56
148564378913,650606,270958284,29/07/26 08:56
148564041963,157027,159908478,29/07/26 08:56
148565104213,655562,272451456,29/07/26 08:56
148565129252,34989,264848526,29/07/26 08:56
148565120434,80141,65257993,29/07/26 08:56
148564303495,161774,272452687,29/07/26 08:56
148565039934,36119,272377819,29/07/26 08:56
148564921034,166974,263540652,29/07/26 08:56
148565123995,5260,101963385,29/07/26 08:56
148564921134,85957,268300872,29/07/26 08:56
148564301552,482,99598030,29/07/26 08:56
148564296585,55657,255165374,29/07/26 08:56
148564298063,5681,105732556,29/07/26 08:56
148565071013,35121,194659400,29/07/26 08:56
148565200246,49895,272268229,29/07/26 08:56
148565200459,445084,272453174,29/07/26 08:56
148564921952,30344,215642840,29/07/26 08:56
148565119734,181436,272453469,29/07/26 08:56
148565202346,40141,123809085,29/07/26 08:56
148564824846,181774,272453188,29/07/26 08:56
148564300867,43930,250255552,29/07/26 08:56
148564923863,50075,212575379,29/07/26 08:56
148564297134,84025,104067312,29/07/26 08:56
148565104575,213411,12085622,29/07/26 08:56
148564015159,20692,272130389,29/07/26 08:56
148565178652,21087,272453492,29/07/26 08:56
148564763559,2626,90668841,29/07/26 08:56
148564709913,180661,54156414,29/07/26 08:56
148564366095,86280,272452709,29/07/26 08:56
148564651985,181579,272452911,29/07/26 08:56
148564885667,96092,185809031,29/07/26 08:56
148564762859,56014,82375582,29/07/26 08:56
148565179395,656691,11528285,29/07/26 08:56
148564370795,192225,143342596,29/07/26 08:56
148564827175,194327,126693640,29/07/26 08:56
148565088167,1126,189798824,29/07/26 08:56
148565072795,220252,124105370,29/07/26 08:56
148564770167,167090,271430822,29/07/26 08:56
148564718646,182096,227683542,29/07/26 08:56
148564371346,11135,90031654,29/07/26 08:56
148565119075,10967,45694693,29/07/26 08:56
148564335863,204462,243760352,29/07/26 08:56
148564369734,14164,222696643,29/07/26 08:56
148565113646,145081,272453433,29/07/26 08:56
148564390375,72904,52713176,29/07/26 08:56
148565112663,31924,157857762,29/07/26 08:56
148564764685,143840,115030121,29/07/26 08:56
148564367685,27304,142701744,29/07/26 08:56
148565137795,55140,272453486,29/07/26 08:56
148564366195,229366,125519027,29/07/26 08:56
148564768663,179987,272453089,29/07/26 08:56
148564763963,189893,138064619,29/07/26 08:56
148564764567,144165,139056777,29/07/26 08:56
148565125513,22950,270249034,29/07/26 08:56
148564763485,43606,7474071,29/07/26 08:56
148565202559,7238,67453475,29/07/26 08:56
148564368859,33980,269283791,29/07/26 08:56
148553171085,192645,272443014,29/07/26 08:56
148564763846,149129,11714943,29/07/26 08:56
148565217063,188922,202324559,29/07/26 08:56
148565185859,226063,230368113,29/07/26 08:56
