eto_ofr_display_id,eto_ofr_mcat_id,fk_glusr_usr_id,eto_ofr_approv_date_orig
148558225567,654451,272445406,29/07/26 00:00
148558219013,11363,272447020,29/07/26 00:00
148558213995,444900,272447000,29/07/26 00:00
148558479263,25131,272447156,29/07/26 00:01
148557718267,183016,272446607,29/07/26 00:01
148557875413,176676,231378886,29/07/26 00:01
148558797846,167035,272447092,29/07/26 00:02
148558797546,4805,271576026,29/07/26 00:02
148558797775,209057,271218881,29/07/26 00:02
148558694367,179270,272447380,29/07/26 00:02
148558334195,120988,272447028,29/07/26 00:02
148558797359,21037,258062528,29/07/26 00:02
148558502963,85924,38565735,29/07/26 00:02
148557863352,157258,272446658,29/07/26 00:03
148558503985,446170,272447204,29/07/26 00:03
148558822313,191056,272447405,29/07/26 00:04
148558354375,20416,185831857,29/07/26 00:04
148557853375,167035,272446696,29/07/26 00:04
148558360752,166960,272447063,29/07/26 00:04
148558680452,7070,271348680,29/07/26 00:04
148558515063,108117,272447224,29/07/26 00:04
148558525446,36393,272447247,29/07/26 00:05
148558825563,191377,272447453,29/07/26 00:05
148558890367,4767,255923065,29/07/26 00:06
148557416413,150939,272445701,29/07/26 00:06
148558829746,179724,271252091,29/07/26 00:06
148558440063,650293,271951374,29/07/26 00:06
148558405813,41711,269441225,29/07/26 00:06
148558451452,167035,272447143,29/07/26 00:06
148558870175,167035,272447486,29/07/26 00:06
148558878575,259131,264126994,29/07/26 00:07
148558931052,158222,270246561,29/07/26 00:07
148558930863,8267,272447513,29/07/26 00:07
148558018885,177058,272446761,29/07/26 00:07
148558051734,50179,268648979,29/07/26 00:07
148558933285,167035,272447450,29/07/26 00:08
148558208367,20692,269692302,29/07/26 00:09
148558680963,1879,272447376,29/07/26 00:10
148558526467,73870,272447238,29/07/26 00:10
148558676367,189860,272447365,29/07/26 00:10
148558358495,194108,236977418,29/07/26 00:10
148558542467,15697,272447246,29/07/26 00:10
148558055167,31597,111451007,29/07/26 00:10
148558783859,215266,272447392,29/07/26 00:11
148559062495,142169,51631877,29/07/26 00:11
148558994846,7226,19339514,29/07/26 00:11
148559062885,188122,265084198,29/07/26 00:11
148559062767,167035,271631489,29/07/26 00:11
148558575134,150409,272447206,29/07/26 00:11
148558640167,101760,272447262,29/07/26 00:11
148558971952,442370,268820452,29/07/26 00:12
148559067059,925,116768970,29/07/26 00:12
148558816852,204273,35187019,29/07/26 00:13
148558630246,10091,272446946,29/07/26 00:13
148558822852,89719,216914374,29/07/26 00:13
148558818752,20717,272447441,29/07/26 00:13
148558196534,147397,272446972,29/07/26 00:14
148558201734,35062,272446188,29/07/26 00:14
148558684285,153456,257569530,29/07/26 00:15
148558212134,179270,272446999,29/07/26 00:15
148559100295,158948,118985838,29/07/26 00:15
148559129167,167035,272447663,29/07/26 00:16
148558742867,2732,104393217,29/07/26 00:16
148483489213,177867,272342335,29/07/26 00:16
148557864085,192096,202765903,29/07/26 00:16
148558806459,182849,272447389,29/07/26 00:17
148558802946,650012,272447328,29/07/26 00:17
148558804546,126590,272447397,29/07/26 00:17
148558357075,167035,272447047,29/07/26 00:17
148558812963,167035,272447420,29/07/26 00:18
148558341113,191177,272447060,29/07/26 00:18
148558829546,189036,124139133,29/07/26 00:19
148558826763,26255,272445769,29/07/26 00:19
148559236575,182261,272447716,29/07/26 00:20
148559233013,156035,270534477,29/07/26 00:20
148558834775,259131,272446082,29/07/26 00:20
148559330795,365230,28256210,29/07/26 00:21
148559053267,20717,272447583,29/07/26 00:21
148559331052,176586,271998128,29/07/26 00:21
148559331213,179475,272447511,29/07/26 00:21
148559331313,167035,272447515,29/07/26 00:21
148559331113,24449,272447485,29/07/26 00:21
148558483146,151247,272106101,29/07/26 00:21
148558927652,180204,272447500,29/07/26 00:21
148558926652,144832,159911882,29/07/26 00:21
148558470167,21088,43601240,29/07/26 00:21
148559296163,183854,272447769,29/07/26 00:22
148558493695,653301,272447127,29/07/26 00:22
148558487459,167035,269696183,29/07/26 00:22
148558939195,4805,272446945,29/07/26 00:22
148552227175,180875,247383609,29/07/26 00:22
148551916595,8149,65105472,29/07/26 00:23
148558941963,225044,271468907,29/07/26 00:23
148558507575,278130,272447099,29/07/26 00:23
148558959475,214931,271676096,29/07/26 00:23
148558964552,195027,122540047,29/07/26 00:24
148558954163,167060,272447488,29/07/26 00:24
148558954563,225991,270811879,29/07/26 00:24
148559135852,167035,272447665,29/07/26 00:25
148559208346,20717,272447675,29/07/26 00:26
148559066152,176586,272447584,29/07/26 00:26
148559063434,120988,272447548,29/07/26 00:26
148558586475,167035,271480186,29/07/26 00:26
148559064895,190145,272447575,29/07/26 00:26
148559075252,650291,244004054,29/07/26 00:27
148559467459,29697,272447893,29/07/26 00:28
148559231285,56202,272447724,29/07/26 00:28
148559095813,29322,272447574,29/07/26 00:29
148559089085,180509,272447620,29/07/26 00:29
148559487759,657288,272447931,29/07/26 00:30
148559486885,68741,272181404,29/07/26 00:31
148559287946,3089,272447766,29/07/26 00:31
148559244785,186293,251198043,29/07/26 00:31
148558971395,20536,269701737,29/07/26 00:31
148559342063,68848,272447789,29/07/26 00:31
148559591763,972,78694008,29/07/26 00:32
148559591534,216875,270902810,29/07/26 00:32
148559591659,180204,272172749,29/07/26 00:32
148559591875,45521,272447565,29/07/26 00:32
148559482234,65498,272447922,29/07/26 00:32
148558801659,444900,98853690,29/07/26 00:32
148559215275,38833,251352798,29/07/26 00:32
148559219075,157258,272447688,29/07/26 00:32
148558867385,39868,272447372,29/07/26 00:32
148551182185,11992,194302450,29/07/26 00:32
148557931167,445935,145848715,29/07/26 00:33
148552413613,43238,246425183,29/07/26 00:33
148552392085,177872,226640819,29/07/26 00:34
148552330867,2663,157582726,29/07/26 00:34
148549181075,350304,248012831,29/07/26 00:35
148559239567,167035,272447733,29/07/26 00:35
148549181352,187050,267730230,29/07/26 00:35
148559238052,224598,272447717,29/07/26 00:35
148549181152,187171,267616150,29/07/26 00:35
148559429634,181914,272447870,29/07/26 00:35
148559701513,145575,271038527,29/07/26 00:36
148559701675,217129,272118853,29/07/26 00:36
148559701763,25603,272447828,29/07/26 00:36
148559701346,166960,270889344,29/07/26 00:36
148559370563,170776,272447851,29/07/26 00:36
148559359695,167035,272447752,29/07/26 00:38
148559247946,180204,272447432,29/07/26 00:38
148558942063,164001,266725564,29/07/26 00:38
148559363463,445956,270496221,29/07/26 00:39
148559721995,183008,271425166,29/07/26 00:39
148559374059,30733,263778907,29/07/26 00:40
148559709485,441911,272448084,29/07/26 00:40
148559482952,139874,272447925,29/07/26 00:40
148559810034,189860,68801385,29/07/26 00:41
148559462367,154801,272447740,29/07/26 00:41
148559458859,36448,163691586,29/07/26 00:41
148559595346,137795,272447998,29/07/26 00:41
148559596034,443045,272448000,29/07/26 00:41
148559469634,167035,272447897,29/07/26 00:42
148559332967,650293,272447608,29/07/26 00:43
148559617413,259131,272037612,29/07/26 00:44
148559484534,20717,272447857,29/07/26 00:44
148559090795,442034,247167358,29/07/26 00:44
148559833559,164815,272448189,29/07/26 00:45
148559496195,1236,272447939,29/07/26 00:45
148559915246,126590,272189485,29/07/26 00:46
148559915159,191056,272395834,29/07/26 00:46
148559915359,656517,272447966,29/07/26 00:46
148559510463,4579,272214527,29/07/26 00:46
148559577375,167035,272447972,29/07/26 00:46
148559844263,30669,250577076,29/07/26 00:46
148559211313,120988,241125951,29/07/26 00:46
148559542159,39305,272447953,29/07/26 00:46
148559545046,29697,271487579,29/07/26 00:46
148559218085,180113,272447690,29/07/26 00:47
148559596767,187171,272447981,29/07/26 00:47
148558341063,659080,73769466,29/07/26 00:47
148559736175,167035,272448032,29/07/26 00:48
148558813813,167035,272447422,29/07/26 00:48
148559613946,191056,272082129,29/07/26 00:49
148558835813,445761,190758611,29/07/26 00:50
148559521013,190902,220442346,29/07/26 00:50
148559624967,4805,267436012,29/07/26 00:50
148559629452,162019,272447579,29/07/26 00:50
148559621634,191056,272390629,29/07/26 00:50
148560017467,109984,271804867,29/07/26 00:51
148559703595,177689,144436484,29/07/26 00:51
148559701263,215922,272448064,29/07/26 00:51
148559703313,176586,272448071,29/07/26 00:51
148559681975,22208,272448068,29/07/26 00:51
148559707359,167035,272448074,29/07/26 00:51
148559709285,151067,272447950,29/07/26 00:52
148559365567,444899,272447794,29/07/26 00:52
148559711885,4805,272448083,29/07/26 00:52
148559724775,230107,267538496,29/07/26 00:53
148559356775,177058,272447813,29/07/26 00:53
148559731067,126377,272448121,29/07/26 00:54
148559725863,179475,266525045,29/07/26 00:54
148558512163,95082,233491088,29/07/26 00:54
148550291195,193157,145096142,29/07/26 00:55
148550291213,28861,254387602,29/07/26 00:55
148559741663,167035,272448146,29/07/26 00:55
148549944852,141568,67363519,29/07/26 00:55
148559738295,257683,272448110,29/07/26 00:55
148559856046,96513,270764720,29/07/26 00:55
148560047946,752,250503597,29/07/26 00:55
148560114495,180509,268562801,29/07/26 00:56
148560040795,170776,272448370,29/07/26 00:56
148559466246,20717,270435922,29/07/26 00:57
148559817159,216875,257515774,29/07/26 00:57
148560033834,178946,272448356,29/07/26 00:58
148559829863,444900,272448178,29/07/26 00:58
148560128267,167035,272448416,29/07/26 00:58
148559841785,215772,272448227,29/07/26 00:58
148559836695,144907,255283745,29/07/26 00:59
148559836485,111123,144807224,29/07/26 00:59
148559830846,180204,272448187,29/07/26 00:59
148559839334,20692,272448157,29/07/26 01:00
148559839952,279293,262878587,29/07/26 01:00
148485802846,137781,20581384,29/07/26 01:00
148485484775,4322,199379860,29/07/26 01:00
148485308446,56248,8105155,29/07/26 01:00
148484321775,205250,110642251,29/07/26 01:01
148484138913,3419,160466135,29/07/26 01:01
148484406663,4828,5969966,29/07/26 01:01
148485229785,178045,198850633,29/07/26 01:01
148560159352,167035,269225328,29/07/26 01:01
148498742559,156035,272399562,29/07/26 01:02
148498742446,144835,249054656,29/07/26 01:02
148498722485,259131,272399675,29/07/26 01:02
148560228467,123951,197283133,29/07/26 01:03
148510912434,439,239624944,29/07/26 01:05
148560221075,482,272448464,29/07/26 01:05
148560099967,81092,271341452,29/07/26 01:05
148516616959,86094,239563445,29/07/26 01:06
148560301859,64921,233291542,29/07/26 01:07
148560305385,7978,192445062,29/07/26 01:08
148527352246,114325,272172673,29/07/26 01:08
148560303746,259131,272448536,29/07/26 01:08
148560298175,654451,265425672,29/07/26 01:11
148548418659,10123,269754215,29/07/26 01:13
148502636152,84153,146842408,29/07/26 01:13
148560393213,179475,272448620,29/07/26 01:14
148560298834,179475,256454806,29/07/26 01:15
148559614934,177663,272448040,29/07/26 01:15
148559500795,922,272447951,29/07/26 01:15
148559579195,650106,272447979,29/07/26 01:15
148559595285,650106,272447984,29/07/26 01:16
148559345452,167035,272447779,29/07/26 01:16
148559723934,179475,272448097,29/07/26 01:16
148559842113,445774,272448213,29/07/26 01:16
148559891234,34444,272448238,29/07/26 01:16
148559828495,446136,272447982,29/07/26 01:16
148559838213,180854,153492213,29/07/26 01:16
148559935552,72977,259916441,29/07/26 01:16
148559854785,184850,272448235,29/07/26 01:16
148559917734,178946,270580815,29/07/26 01:16
148559928363,654169,272448256,29/07/26 01:16
148560021046,158780,272448318,29/07/26 01:16
148560018259,4805,272448315,29/07/26 01:16
148559945413,20717,272448295,29/07/26 01:16
148560041167,167035,272448366,29/07/26 01:16
148559936763,29567,272448269,29/07/26 01:16
148560035075,3865,272448357,29/07/26 01:16
148559809834,167035,266774259,29/07/26 01:16
148560049163,167714,272448377,29/07/26 01:16
148559927167,444742,272448247,29/07/26 01:16
148560019752,225991,266513620,29/07/26 01:16
148560145746,186497,14372420,29/07/26 01:17
148560311275,35316,52785223,29/07/26 01:17
148560394875,187936,65846370,29/07/26 01:17
148560464052,165698,257141583,29/07/26 01:18
148560244159,216770,94864426,29/07/26 01:18
148560218185,650106,118817674,29/07/26 01:18
148560237959,224733,112727657,29/07/26 01:18
148560454785,10500,154315624,29/07/26 01:18
148560306975,217129,200093062,29/07/26 01:18
148560164559,187983,224976988,29/07/26 01:18
148560377167,176586,257381942,29/07/26 01:18
148560157885,35622,246089219,29/07/26 01:18
148560297367,156035,265612558,29/07/26 01:18
148560454675,442334,267089478,29/07/26 01:18
148560297485,180523,268355669,29/07/26 01:18
148560454875,650012,269959943,29/07/26 01:18
148560234746,224009,256989966,29/07/26 01:18
148560455259,126590,272319978,29/07/26 01:18
148560454959,179475,272216746,29/07/26 01:18
148560403052,445917,263446844,29/07/26 01:18
148560218234,167035,272448216,29/07/26 01:18
148560238734,36254,267875610,29/07/26 01:19
148560313534,167035,270088151,29/07/26 01:19
148560137034,167035,269554485,29/07/26 01:19
148560301967,123794,271815088,29/07/26 01:19
148560386834,166463,272448608,29/07/26 01:19
148560123559,166960,272305602,29/07/26 01:19
148560310652,216875,271264812,29/07/26 01:19
148560229285,179254,271628471,29/07/26 01:19
148560385046,176586,269841901,29/07/26 01:19
148560233034,653529,272448476,29/07/26 01:19
148560239846,167035,272448465,29/07/26 01:19
148560141867,167035,272448430,29/07/26 01:19
148560233834,167035,272448483,29/07/26 01:19
148560232452,4836,272448472,29/07/26 01:19
148560144063,650291,272448432,29/07/26 01:19
148560240652,167035,272448496,29/07/26 01:19
148560198195,225337,272448395,29/07/26 01:19
148560311885,167035,272448543,29/07/26 01:19
148560274846,137561,272448522,29/07/26 01:19
148560390785,167035,272448601,29/07/26 01:19
148560243567,257966,272448505,29/07/26 01:19
148560385513,191056,272448600,29/07/26 01:19
148560306463,25484,272448538,29/07/26 01:19
148560215567,279058,272448449,29/07/26 01:19
148560182746,121362,272448413,29/07/26 01:19
148560319246,11206,272448562,29/07/26 01:19
148560383452,167035,272448595,29/07/26 01:19
148560311963,139144,272448544,29/07/26 01:19
148560318559,176598,272448531,29/07/26 01:19
148560379467,20717,272448520,29/07/26 01:19
148560306659,445776,272448545,29/07/26 01:19
148560529746,445926,103769815,29/07/26 01:21
148560530085,184953,272448553,29/07/26 01:21
148560529963,4988,270615780,29/07/26 01:21
148560479995,259131,272448707,29/07/26 01:21
148560548075,659202,272379753,29/07/26 01:24
148551028195,216770,272440566,29/07/26 01:25
148551027275,81212,161758949,29/07/26 01:25
148551027685,157279,246948639,29/07/26 01:25
148560605685,139578,211539631,29/07/26 01:26
148560493275,659602,272448711,29/07/26 01:26
148560605963,215883,272448066,29/07/26 01:26
148560619552,179475,272448791,29/07/26 01:28
148560625685,177959,268890086,29/07/26 01:30
148560401685,69951,266296196,29/07/26 01:30
148560614895,191309,271756023,29/07/26 01:30
148560686752,7016,158798698,29/07/26 01:31
148560686585,145574,57935910,29/07/26 01:31
148560438146,167035,272448643,29/07/26 01:31
148560459275,11926,272448655,29/07/26 01:31
148560533985,119307,251797927,29/07/26 01:32
148560461713,167035,264514529,29/07/26 01:32
148560464846,159168,272448666,29/07/26 01:33
148560470185,4805,272448672,29/07/26 01:33
148560546313,15489,148361093,29/07/26 01:33
148560703752,259131,272399660,29/07/26 01:34
148552121013,55371,272440990,29/07/26 01:35
148552120759,153546,13024985,29/07/26 01:35
148560478252,191056,272448697,29/07/26 01:35
148552119895,84345,136651442,29/07/26 01:35
148560480585,216875,272448702,29/07/26 01:35
148552275634,7090,272099917,29/07/26 01:35
148552275534,136566,86522445,29/07/26 01:35
148560761367,156035,272448887,29/07/26 01:37
148560536552,167035,272448626,29/07/26 01:37
148560762167,193035,270518795,29/07/26 01:37
148560542095,191056,272448731,29/07/26 01:38
148560543775,105919,272448693,29/07/26 01:39
148560547967,25484,239345580,29/07/26 01:39
148560631067,190292,272448812,29/07/26 01:39
148560546734,650106,235744954,29/07/26 01:39
148560547763,3326,268460265,29/07/26 01:39
148560770459,20240,250019558,29/07/26 01:39
148560632667,12333,272448814,29/07/26 01:40
148560771834,224008,272448906,29/07/26 01:40
148560556246,49843,7896286,29/07/26 01:40
148560765146,100700,272448894,29/07/26 01:40
148560815252,164001,128060812,29/07/26 01:41
148560582834,441998,41932191,29/07/26 01:41
148560817285,180204,272448899,29/07/26 01:42
148560612513,176586,272091815,29/07/26 01:42
148560612995,445659,272448764,29/07/26 01:42
148560818585,185558,272448929,29/07/26 01:42
148560774852,167035,272448914,29/07/26 01:42
148560622952,4937,271685382,29/07/26 01:43
148560692795,119194,113301477,29/07/26 01:43
148560620885,176598,251198294,29/07/26 01:43
148560626285,653200,269322182,29/07/26 01:44
148560628675,167035,256310446,29/07/26 01:44
148560689795,182787,272448815,29/07/26 01:44
148560709885,4949,272448875,29/07/26 01:44
148552630046,406563,55378064,29/07/26 01:45
148560838452,167035,272448956,29/07/26 01:45
148560634159,167035,204585053,29/07/26 01:45
148552629895,9633,156926352,29/07/26 01:45
148552630285,87683,266659971,29/07/26 01:45
148560462375,190997,268922726,29/07/26 01:45
148560879213,31104,190728860,29/07/26 01:46
148560879352,4802,272395131,29/07/26 01:46
148560687367,2607,272448795,29/07/26 01:46
148560661885,650012,269600442,29/07/26 01:46
148560757867,650020,272448830,29/07/26 01:46
148560694467,180204,272448838,29/07/26 01:47
148560690795,164687,272448829,29/07/26 01:47
148560692963,42328,79551760,29/07/26 01:47
148560885059,167035,272448992,29/07/26 01:47
148560707075,43170,272448865,29/07/26 01:47
148560465385,442330,272448459,29/07/26 01:48
148560631667,137561,272448677,29/07/26 01:48
148560465763,650106,272448663,29/07/26 01:48
148560890375,167035,272449011,29/07/26 01:48
148560700963,225991,272448846,29/07/26 01:49
148560899059,167035,272449030,29/07/26 01:49
148560709234,65239,270574125,29/07/26 01:50
148560705552,167035,272448856,29/07/26 01:50
148560793159,36864,186206154,29/07/26 01:50
148560710813,145293,215298991,29/07/26 01:50
148560806934,44665,218287967,29/07/26 01:50
148560891259,193584,272448950,29/07/26 01:50
148560934646,259131,271225012,29/07/26 01:51
148560756963,152971,241266913,29/07/26 01:51
148560610852,167035,272448724,29/07/26 01:52
148560535395,2893,237205460,29/07/26 01:52
148560763185,659202,268805550,29/07/26 01:52
148560900263,653654,272449031,29/07/26 01:52
148560940752,133121,249336979,29/07/26 01:53
148560765367,166960,266366911,29/07/26 01:53
148560765985,120988,265729278,29/07/26 01:53
148560772563,167035,272305605,29/07/26 01:54
148553135552,42946,195012160,29/07/26 01:55
148560455085,219130,272126796,29/07/26 01:55
148553334895,136744,23677691,29/07/26 01:55
148553334746,31232,11038309,29/07/26 01:55
148560555885,650291,272448747,29/07/26 01:55
148560985852,216875,152859478,29/07/26 01:56
148560817495,179987,272398774,29/07/26 01:56
148560815967,96548,272448917,29/07/26 01:56
148560986413,650291,272449090,29/07/26 01:56
148560885159,167035,272448993,29/07/26 01:57
148560885263,164803,272448995,29/07/26 01:58
148560628967,184985,198811634,29/07/26 01:58
148560830163,153116,239162985,29/07/26 01:58
148560829813,224733,272448786,29/07/26 01:58
148561818434,653200,272449950,29/07/26 04:04
148560605846,20958,268415968,29/07/26 04:05
148554129167,21642,10251993,29/07/26 04:05
148554129375,121200,147815359,29/07/26 04:05
148554238075,105916,272092851,29/07/26 04:05
148554847195,166128,265963523,29/07/26 04:05
148554846659,11506,2809908,29/07/26 04:05
148555564652,50762,36487810,29/07/26 04:05
148555564367,27170,153223721,29/07/26 04:05
148561817346,177058,264496636,29/07/26 04:05
148557053946,6222,271434715,29/07/26 04:05
148556770663,10414,272445550,29/07/26 04:05
148558002785,74137,253537339,29/07/26 04:05
148558158959,13083,272446503,29/07/26 04:05
148558328463,114027,106098118,29/07/26 04:05
148561826363,167035,272246207,29/07/26 04:06
148561826046,180204,270725872,29/07/26 04:06
148561826495,120988,272449882,29/07/26 04:06
148561826285,20717,272449727,29/07/26 04:06
148561761263,143073,29770558,29/07/26 04:06
148561780775,191056,270949424,29/07/26 04:06
148561785013,214904,110792371,29/07/26 04:07
148561785746,180025,267713128,29/07/26 04:07
148561832595,191056,265903357,29/07/26 04:08
148561835767,650012,272396159,29/07/26 04:10
148561847452,180517,262959990,29/07/26 04:11
148561847395,20717,268341406,29/07/26 04:11
148561847613,180257,272449930,29/07/26 04:11
148561847795,180257,272449926,29/07/26 04:11
148561847567,138260,240994651,29/07/26 04:11
148561224767,752,81667246,29/07/26 04:11
148558890546,149118,272232449,29/07/26 04:15
148561789946,180203,272082943,29/07/26 04:15
148561790885,176586,272449938,29/07/26 04:15
148561869285,179724,271174121,29/07/26 04:16
148561869352,650528,244209555,29/07/26 04:16
148561871985,246112,272449514,29/07/26 04:17
148561817295,445606,230430955,29/07/26 04:18
148561871895,166766,270430233,29/07/26 04:18
148561851959,191056,272450002,29/07/26 04:18
148561873175,109984,270149132,29/07/26 04:19
148561820046,120988,210572280,29/07/26 04:19
148561874134,191056,272450028,29/07/26 04:19
148561819667,167360,268570843,29/07/26 04:19
148561819875,167035,272449949,29/07/26 04:19
148561821063,160024,272449954,29/07/26 04:20
148561820546,167035,272449958,29/07/26 04:20
148561856295,656893,272450010,29/07/26 04:20
148561820463,191056,272449940,29/07/26 04:20
148561827359,180204,272449960,29/07/26 04:21
148561885646,167652,220934100,29/07/26 04:21
148561885852,135826,271265359,29/07/26 04:21
148561847263,105660,199744374,29/07/26 04:21
148561888395,205290,272450037,29/07/26 04:22
148561893313,179475,272450054,29/07/26 04:23
148561833563,191056,270577593,29/07/26 04:24
148561834046,95299,122185197,29/07/26 04:24
148561834563,225991,272449978,29/07/26 04:24
148561834467,257717,272449979,29/07/26 04:24
148561834767,5830,268993937,29/07/26 04:25
148561835913,225337,272449986,29/07/26 04:25
148561904395,42152,272173066,29/07/26 04:26
148561904146,26375,268562532,29/07/26 04:26
148561840995,650360,272449989,29/07/26 04:26
148561850959,104659,260130810,29/07/26 04:27
148561907795,72918,272450070,29/07/26 04:28
148561852934,650012,87185676,29/07/26 04:28
148561834875,24020,264262002,29/07/26 04:28
148561852559,154801,257540136,29/07/26 04:28
148561905685,224733,272217552,29/07/26 04:28
148561855259,167035,272450009,29/07/26 04:29
148561853995,278486,272450005,29/07/26 04:29
148561909495,161118,272450058,29/07/26 04:29
148561857867,224700,272450000,29/07/26 04:30
148561910263,654169,272450075,29/07/26 04:30
148561921695,70082,272304799,29/07/26 04:31
148561921463,70082,272039619,29/07/26 04:31
148561921734,164808,272449974,29/07/26 04:31
148561888434,182592,272449953,29/07/26 04:31
148561871113,223127,272450019,29/07/26 04:32
148561871795,167035,272450020,29/07/26 04:32
148561816075,655668,269917335,29/07/26 04:32
148561873485,1612,229107587,29/07/26 04:33
148559456613,191405,233945718,29/07/26 04:35
148561877095,74377,272449944,29/07/26 04:35
148561876867,179669,272450030,29/07/26 04:35
148561876059,138829,272450018,29/07/26 04:35
148561904513,138371,272450061,29/07/26 04:35
148561939646,444900,272305259,29/07/26 04:36
148561939713,105912,268001475,29/07/26 04:36
148561826575,650291,271371779,29/07/26 04:36
148561888213,659485,272450039,29/07/26 04:36
148561827885,445084,272219360,29/07/26 04:36
148561905285,4805,272450063,29/07/26 04:37
148561889913,259131,272450043,29/07/26 04:37
148561890195,120988,272450038,29/07/26 04:37
148561941875,167035,272450101,29/07/26 04:37
148561906152,222684,250148666,29/07/26 04:37
148561891713,179475,272450031,29/07/26 04:38
148561891263,167035,272450042,29/07/26 04:38
148561893552,191056,272450050,29/07/26 04:39
148561944213,118092,272450115,29/07/26 04:39
148561895467,441911,241378875,29/07/26 04:40
148561896352,225991,272447756,29/07/26 04:40
148561895246,445227,229540603,29/07/26 04:40
148561835367,654169,272449984,29/07/26 04:40
148561921859,42491,272450080,29/07/26 04:40
148561944995,180204,272081406,29/07/26 04:40
148561955785,5680,246545355,29/07/26 04:41
148561925163,167035,272450083,29/07/26 04:42
148561873895,225991,272449996,29/07/26 04:42
148561905334,444900,272450062,29/07/26 04:42
148561906059,191056,272450064,29/07/26 04:42
148561854352,70082,271951007,29/07/26 04:43
148561890213,168485,32014106,29/07/26 04:43
148561906675,126590,270609789,29/07/26 04:43
148561923834,21277,254879947,29/07/26 04:43
148561908863,235555,272450072,29/07/26 04:44
148561958159,41177,272450133,29/07/26 04:44
148561872995,180523,269495727,29/07/26 04:45
148561976334,153539,250595784,29/07/26 04:46
148561976413,29286,269732736,29/07/26 04:46
148561976634,204346,272450048,29/07/26 04:46
148561976559,650097,272450011,29/07/26 04:46
148561872195,25484,268066641,29/07/26 04:46
148561925752,4805,271577193,29/07/26 04:47
148561978213,42489,272450154,29/07/26 04:48
148561943785,188122,264852997,29/07/26 04:48
148561926467,167035,272450084,29/07/26 04:48
148561962795,5680,272128191,29/07/26 04:49
148561928659,191056,272450093,29/07/26 04:49
148561929467,167035,272450094,29/07/26 04:50
148561930563,186199,272450096,29/07/26 04:50
148561984067,147972,272450168,29/07/26 04:51
148561995134,33829,272450119,29/07/26 04:51
148561994934,185237,266099945,29/07/26 04:51
148561940467,180025,237865584,29/07/26 04:51
148561892952,192317,272450035,29/07/26 04:51
148561940852,191056,265652258,29/07/26 04:51
148561886413,162869,272450024,29/07/26 04:51
148561995267,189363,272450114,29/07/26 04:53
148561943146,2607,251301783,29/07/26 04:53
148561946167,167035,272450103,29/07/26 04:54
148561946495,650293,272450117,29/07/26 04:54
148561945963,650293,272348073,29/07/26 04:54
148561946075,176586,272450118,29/07/26 04:54
148561895085,444900,272450056,29/07/26 04:54
148561964652,89844,272450147,29/07/26 04:54
148560017134,21077,104059161,29/07/26 04:55
148562008063,23111,18893772,29/07/26 04:56
148561904646,126721,247561340,29/07/26 04:56
148561957167,167035,272450130,29/07/26 04:56
148561980334,167035,270813230,29/07/26 04:57
148562001652,180204,272450189,29/07/26 04:57
148561958746,72664,272450135,29/07/26 04:57
148561958563,191056,271478985,29/07/26 04:57
148561961375,4805,272093064,29/07/26 04:58
148561961052,179724,272450139,29/07/26 04:58
148561960746,444900,272450138,29/07/26 04:58
148561962252,24862,272350087,29/07/26 04:59
148561962059,167035,272450131,29/07/26 04:59
148561964952,180034,272450124,29/07/26 05:00
148561996595,8417,245977465,29/07/26 05:01
148562033946,120988,128477174,29/07/26 05:01
148562033846,445935,218125157,29/07/26 05:01
148562034813,180801,265355852,29/07/26 05:01
148561978913,164687,264902418,29/07/26 05:02
148561924313,185237,229635816,29/07/26 05:02
148561997367,38833,272450178,29/07/26 05:02
148561996334,148752,272450176,29/07/26 05:02
148561998146,55750,272450179,29/07/26 05:02
148562014546,167035,272413829,29/07/26 05:03
148561979495,445774,272450157,29/07/26 05:03
148562000359,139000,4174184,29/07/26 05:03
148561928852,177059,272450090,29/07/26 05:04
148561941463,156035,272450091,29/07/26 05:04
148562038485,35005,255928337,29/07/26 05:04
148561927034,225913,272160062,29/07/26 05:04
148561929752,167035,272450097,29/07/26 05:05
148561983785,191056,271391735,29/07/26 05:05
148561977075,191565,272450151,29/07/26 05:05
148562043075,180509,272450181,29/07/26 05:06
148561995575,167035,272450170,29/07/26 05:06
148561998585,9501,87582808,29/07/26 05:07
148562001152,162127,150776154,29/07/26 05:09
148562000985,225991,272450183,29/07/26 05:09
148562049275,137820,272450268,29/07/26 05:09
148562002034,167035,272450188,29/07/26 05:10
148562002475,136067,46075956,29/07/26 05:10
148562061185,650293,272260207,29/07/26 05:11
148562008467,257702,271765837,29/07/26 05:11
148562008759,650585,271009346,29/07/26 05:11
148562009167,441909,204633700,29/07/26 05:11
148562036159,12788,272450231,29/07/26 05:11
148562012346,126590,272142117,29/07/26 05:12
148562036975,5830,264599394,29/07/26 05:13
148562013713,167035,272217866,29/07/26 05:13
148562039267,224564,272450242,29/07/26 05:13
148562016659,442034,272450198,29/07/26 05:15
148562040675,126609,272450246,29/07/26 05:15
148562017113,650291,272450215,29/07/26 05:15
148562016475,2739,272450216,29/07/26 05:15
148562035659,167035,272450225,29/07/26 05:16
148562046152,187022,248222362,29/07/26 05:16
148561978863,39868,272450155,29/07/26 05:17
148562063246,166111,268345665,29/07/26 05:17
148562037795,176586,272450232,29/07/26 05:18
148562087434,22775,272450319,29/07/26 05:18
148562038952,278486,272039082,29/07/26 05:19
148562039752,180801,271217391,29/07/26 05:19
148562038813,444742,272450240,29/07/26 05:19
148561997995,164001,272450160,29/07/26 05:19
148561981852,167387,272450163,29/07/26 05:19
148562049995,180204,272450270,29/07/26 05:19
148562100563,442334,272170160,29/07/26 05:21
148562100885,167035,272450277,29/07/26 05:21
148562100685,136064,272364009,29/07/26 05:21
148562044452,650291,272450252,29/07/26 05:21
148562063934,8833,272450287,29/07/26 05:21
148562045352,167035,272450256,29/07/26 05:22
148562045463,4941,255934342,29/07/26 05:22
148562049167,191056,272450266,29/07/26 05:23
148562048367,167035,272450245,29/07/26 05:23
148562047067,6059,272450260,29/07/26 05:23
148562048167,177609,272450265,29/07/26 05:23
148562048459,179475,115203448,29/07/26 05:23
148562048785,444900,243719566,29/07/26 05:23
148562047985,180204,272450261,29/07/26 05:23
148560218385,22092,91247431,29/07/26 05:25
148562051734,70082,272450275,29/07/26 05:25
148562051159,650291,272450272,29/07/26 05:25
148562109659,183235,246231208,29/07/26 05:25
148562124275,225991,255522032,29/07/26 05:26
148562124167,40310,271746533,29/07/26 05:26
148562061563,220550,272450282,29/07/26 05:26
148562124563,180509,272450349,29/07/26 05:26
148562061667,179987,249677958,29/07/26 05:26
148562017785,156337,272450200,29/07/26 05:27
148562011252,444900,272450185,29/07/26 05:27
148562127513,15729,272450364,29/07/26 05:27
148562064059,167158,88017164,29/07/26 05:28
148562036846,192287,257144434,29/07/26 05:29
148562052295,30476,272450190,29/07/26 05:30
148562149146,189183,157029260,29/07/26 05:31
148562149585,445084,272244024,29/07/26 05:31
148562149652,138647,272450334,29/07/26 05:31
148562034934,178946,272450222,29/07/26 05:31
148562149467,177372,267482225,29/07/26 05:31
148562027846,444900,234509423,29/07/26 05:31
148562088659,167035,272450320,29/07/26 05:32
148562040495,50599,272450238,29/07/26 05:33
148562038746,120988,272450109,29/07/26 05:33
148562090346,166960,272450322,29/07/26 05:33
148562089646,138829,272450296,29/07/26 05:33
148562091059,382,272450328,29/07/26 05:34
148562157585,279058,251976740,29/07/26 05:34
148560605575,7210,71566961,29/07/26 05:35
148562095013,442334,272450335,29/07/26 05:35
148562159759,168595,114545044,29/07/26 05:36
148562170263,179475,272217128,29/07/26 05:36
148562170485,167035,272450350,29/07/26 05:36
148562170334,167387,272450336,29/07/26 05:36
148562170167,164001,271222680,29/07/26 05:36
148562102175,654451,272450338,29/07/26 05:36
148562103652,180517,272449791,29/07/26 05:36
148562102746,192139,160010173,29/07/26 05:36
148562043452,650106,188425117,29/07/26 05:36
148562103095,187907,272450339,29/07/26 05:36
148562104785,224733,272450340,29/07/26 05:37
148562127013,180204,272450363,29/07/26 05:37
148562046352,180472,272354031,29/07/26 05:37
148562108213,167035,272450346,29/07/26 05:39
148562108359,180204,272450345,29/07/26 05:39
148562178634,157258,271529262,29/07/26 05:39
148562051867,650106,272450276,29/07/26 05:40
148562111052,179475,272304936,29/07/26 05:40
148562190295,4805,272218364,29/07/26 05:41
148562190334,4805,267553965,29/07/26 05:41
148562187234,167035,272450436,29/07/26 05:41
148562153275,167035,272306431,29/07/26 05:42
148562126252,180509,267498764,29/07/26 05:42
148562170875,176586,272450403,29/07/26 05:42
148562111413,10694,272217299,29/07/26 05:43
148562156734,278130,271750253,29/07/26 05:43
148562066695,650293,272450291,29/07/26 05:44
148560756346,185440,236028650,29/07/26 05:45
148562133695,167035,272450370,29/07/26 05:45
148560756234,105825,153988906,29/07/26 05:45
148562107959,180204,272450303,29/07/26 05:45
148562134313,446237,272399830,29/07/26 05:45
148562196134,167647,272450454,29/07/26 05:45
148562200013,176586,272450465,29/07/26 05:46
148562214959,259131,271350934,29/07/26 05:46
148562214713,20717,262874439,29/07/26 05:46
148562143263,33476,256308761,29/07/26 05:46
148562151213,167035,272450378,29/07/26 05:46
148562201859,188018,272450429,29/07/26 05:47
148562152595,180204,272450380,29/07/26 05:47
148562218475,167035,272450487,29/07/26 05:48
148562154463,4805,272450383,29/07/26 05:48
148562219567,259131,269046100,29/07/26 05:48
148562201567,226859,272450472,29/07/26 05:49
148562156985,144458,272349914,29/07/26 05:49
148562161034,654565,272365568,29/07/26 05:50
148562160575,187360,38222748,29/07/26 05:50
148562158646,179475,272450392,29/07/26 05:50
148562109313,94528,243907856,29/07/26 05:50
148562222552,36293,272450499,29/07/26 05:50
148562133285,650293,272450371,29/07/26 05:50
148562105385,650106,223780710,29/07/26 05:51
148562193385,20717,272450446,29/07/26 05:52
148562105434,167035,272450342,29/07/26 05:52
148562243385,167035,270483308,29/07/26 05:52
148562177713,43216,9685021,29/07/26 05:53
148562178163,4805,272450413,29/07/26 05:53
148562044659,11992,272450249,29/07/26 05:53
148562225495,2732,272450508,29/07/26 05:53
148561742913,126590,272449081,29/07/26 05:54
148562245467,108453,272450522,29/07/26 05:54
148562155475,180226,254766732,29/07/26 05:54
148562109034,184194,272450344,29/07/26 05:54
148562243952,167035,269139721,29/07/26 05:54
148560879459,194028,267676649,29/07/26 05:55
148562202434,20717,272450474,29/07/26 05:55
148562199863,167035,272450441,29/07/26 05:55
148562250095,180523,272450541,29/07/26 05:56
148562263895,220501,251171060,29/07/26 05:56
148562264075,191056,270766008,29/07/26 05:56
148562264152,650291,264431150,29/07/26 05:56
148562155034,40822,272450389,29/07/26 05:56
148562192475,167035,272450425,29/07/26 05:56
148562263967,16510,272083484,29/07/26 05:56
148562066252,279058,251711222,29/07/26 05:57
148562126434,650291,272450286,29/07/26 05:57
148562193585,152649,272450447,29/07/26 05:57
148562196785,14280,272450453,29/07/26 05:58
148562129752,126321,133173866,29/07/26 05:58
148562110013,180034,272450353,29/07/26 05:58
148562198052,209179,272354252,29/07/26 05:58
148560605363,12345,249392681,29/07/26 05:59
148562224013,77612,272450503,29/07/26 05:59
148562219875,182718,246482232,29/07/26 05:59
148562272863,5830,227274262,29/07/26 05:59
148562200367,179475,272450461,29/07/26 05:59
148562112875,191014,222204956,29/07/26 05:59
148562125585,132673,272450359,29/07/26 05:59
148562274695,173575,25246223,29/07/26 06:00
148562248552,223250,14194573,29/07/26 06:00
148562202175,20717,272450466,29/07/26 06:00
148562158113,182770,272450374,29/07/26 06:00
148562202795,445774,272450473,29/07/26 06:00
148562196652,38667,6851181,29/07/26 06:00
148562131934,11126,254307988,29/07/26 06:00
148562129095,205428,128318339,29/07/26 06:00
148562131195,10872,263074177,29/07/26 06:00
148562196359,24186,97061050,29/07/26 06:00
148562201113,445934,272450464,29/07/26 06:00
148562128134,153076,5426649,29/07/26 06:00
148562128859,89698,272450366,29/07/26 06:00
148562276485,68713,75138517,29/07/26 06:00
148562132567,188649,208472661,29/07/26 06:00
148562150263,36329,40642793,29/07/26 06:00
148562225746,205301,272450509,29/07/26 06:00
148549288546,38128,161252315,29/07/26 06:00
148562133495,127308,191881923,29/07/26 06:00
148562302234,28638,126877316,29/07/26 06:00
148562129563,215994,77396731,29/07/26 06:00
148562247859,41438,26973313,29/07/26 06:00
148562132434,208737,191049372,29/07/26 06:00
148562302313,167035,272450432,29/07/26 06:01
148562271746,179987,272450559,29/07/26 06:01
148562277359,186620,74995841,29/07/26 06:01
148562302846,43200,138008527,29/07/26 06:01
148562292246,11910,82436445,29/07/26 06:01
148562267963,205459,112935654,29/07/26 06:01
148562063446,24329,92293034,29/07/26 06:01
148562303795,73443,191334903,29/07/26 06:01
148562276734,192855,201443338,29/07/26 06:01
148562270295,185062,185340013,29/07/26 06:01
148562008113,43398,264908051,29/07/26 06:01
148544541534,650458,267224781,29/07/26 06:01
148562239346,214728,134613294,29/07/26 06:01
148562267575,138960,63832915,29/07/26 06:01
148562301552,365166,269743063,29/07/26 06:02
148562301767,279058,272450497,29/07/26 06:02
148562264867,3180,272450544,29/07/26 06:02
148562245546,186113,216977780,29/07/26 06:02
148562224285,174025,67644710,29/07/26 06:02
148562271895,155950,212730766,29/07/26 06:02
148549150659,36163,247925622,29/07/26 06:02
148489668852,7663,20435854,29/07/26 06:02
148562221913,220532,30680414,29/07/26 06:02
148562248834,136142,272450533,29/07/26 06:02
148562244534,153744,49349126,29/07/26 06:02
148531486352,445863,60837401,29/07/26 06:02
148562241246,445988,272450484,29/07/26 06:02
148562264559,5132,85487613,29/07/26 06:02
148562249667,41705,77795175,29/07/26 06:02
148562265834,142786,131704775,29/07/26 06:02
148562215563,145108,70064328,29/07/26 06:02
148562249367,220514,256457976,29/07/26 06:02
148562215295,39907,164214016,29/07/26 06:02
148562269213,182614,185484361,29/07/26 06:02
148562269434,183305,55690893,29/07/26 06:02
148562199995,42658,205392833,29/07/26 06:02
148562201759,1732,154841082,29/07/26 06:02
148562240285,183031,143530888,29/07/26 06:02
148562243885,166173,272450511,29/07/26 06:02
148562248113,204166,149142683,29/07/26 06:02
148562247167,150851,146717877,29/07/26 06:02
148562220413,178362,108896720,29/07/26 06:02
148562270546,207486,220295520,29/07/26 06:02
148562199685,8149,6007628,29/07/26 06:02
148562270763,12154,4304387,29/07/26 06:02
148562174067,32609,236133196,29/07/26 06:02
148562197946,215836,248447637,29/07/26 06:02
148562202263,180855,244454198,29/07/26 06:02
148562239959,83979,56233507,29/07/26 06:02
148562220552,1491,272450494,29/07/26 06:02
148562224859,26063,254548579,29/07/26 06:02
148562126595,149048,189480217,29/07/26 06:02
148562225552,177829,239274542,29/07/26 06:02
148562111795,28197,68749186,29/07/26 06:02
148562272695,181637,26539294,29/07/26 06:02
148562246095,214553,54698292,29/07/26 06:02
148562181175,179929,151152158,29/07/26 06:02
148543345752,147677,272225645,29/07/26 06:02
148492808213,177759,10970116,29/07/26 06:02
148562240485,7836,138380381,29/07/26 06:02
148562124685,10007,205051670,29/07/26 06:02
148562192852,189369,66983861,29/07/26 06:02
148562112267,155378,41328172,29/07/26 06:02
148562219446,41842,272450455,29/07/26 06:02
148528495513,152221,69239407,29/07/26 06:02
148562214685,26545,42365259,29/07/26 06:02
148562048246,74022,73077536,29/07/26 06:02
148562111252,179959,201376619,29/07/26 06:02
148562218746,20692,265849463,29/07/26 06:02
148562109759,22211,128838845,29/07/26 06:02
148562127467,22970,21721283,29/07/26 06:02
148562219046,167035,272450485,29/07/26 06:02
148562216259,4805,272450435,29/07/26 06:02
148562106913,37861,145751622,29/07/26 06:02
148562268352,68865,79178981,29/07/26 06:02
148562304275,189133,199107825,29/07/26 06:02
148510319913,187315,149364618,29/07/26 06:02
148562194252,29031,22618889,29/07/26 06:02
148562087046,1576,272450317,29/07/26 06:02
148562126713,186352,205783961,29/07/26 06:02
148562107163,180740,223102576,29/07/26 06:02
148562126952,650653,272450362,29/07/26 06:02
148562180663,7578,51101709,29/07/26 06:02
148562110652,157167,99662716,29/07/26 06:02
148562264913,41297,271210461,29/07/26 06:02
148562134652,12812,272450372,29/07/26 06:02
148548291434,39849,227855269,29/07/26 06:02
148562243663,194546,83759011,29/07/26 06:02
148562174795,35345,113719270,29/07/26 06:02
148562241634,29411,158985780,29/07/26 06:02
148562104263,150359,89106097,29/07/26 06:02
148562180534,217678,228772788,29/07/26 06:02
148562125875,147318,272450358,29/07/26 06:02
148562180395,445986,130704674,29/07/26 06:02
148562127834,155161,10306095,29/07/26 06:02
148562179313,87883,272450407,29/07/26 06:02
148562107663,193818,99511622,29/07/26 06:02
148562191095,166723,1487332,29/07/26 06:02
148562109446,2016,202670788,29/07/26 06:02
148562102963,223127,232268946,29/07/26 06:02
148562105285,113670,237953132,29/07/26 06:02
148562107546,188205,108207985,29/07/26 06:02
148562195663,84108,105909561,29/07/26 06:02
148562193495,174415,143257454,29/07/26 06:02
148562110967,165735,272450337,29/07/26 06:02
148562193875,84052,12877517,29/07/26 06:02
148562174813,215336,120093865,29/07/26 06:02
148562243195,20465,63996857,29/07/26 06:02
148562128252,20240,234153938,29/07/26 06:02
148562106813,149998,108091084,29/07/26 06:02
148562215134,69786,90707825,29/07/26 06:02
148562192585,123851,199173621,29/07/26 06:02
148562103985,191281,3249869,29/07/26 06:02
148509277152,34898,258143788,29/07/26 06:02
148562176085,180902,268606044,29/07/26 06:02
148562113546,4133,108448115,29/07/26 06:02
148562303652,181095,130420408,29/07/26 06:02
148562150885,86309,257819823,29/07/26 06:03
148537995767,34345,143317163,29/07/26 06:03
148562191585,113963,33771818,29/07/26 06:03
148562191895,112252,120595518,29/07/26 06:03
148562201667,37119,242137740,29/07/26 06:03
148562220613,153641,272450495,29/07/26 06:03
148562193185,88491,24483729,29/07/26 06:03
148562219152,32174,7669927,29/07/26 06:03
148538042195,217920,235559542,29/07/26 06:03
148562177895,45821,14560776,29/07/26 06:03
148562199334,17137,130707903,29/07/26 06:03
148562176295,23326,185933212,29/07/26 06:03
148562174185,651405,160133938,29/07/26 06:03
148493162334,186745,272394349,29/07/26 06:03
148562222946,193098,58673954,29/07/26 06:03
148562199034,42831,43489170,29/07/26 06:03
148562190713,137479,212680718,29/07/26 06:03
148562220063,126652,108357510,29/07/26 06:03
148562216967,162461,183842136,29/07/26 06:03
148562062267,7218,272450284,29/07/26 06:03
148562013363,192966,272450204,29/07/26 06:03
148562177667,28991,30450824,29/07/26 06:03
148562192195,186459,132236116,29/07/26 06:03
148562193759,184861,272450449,29/07/26 06:03
148562202575,204040,33255288,29/07/26 06:03
148562199795,33324,33836163,29/07/26 06:03
148562176734,7252,186145151,29/07/26 06:03
148562101534,146600,51278680,29/07/26 06:03
148562245959,37635,15676568,29/07/26 06:03
148541638063,32753,92215528,29/07/26 06:03
148562155767,94803,38368733,29/07/26 06:03
148562158446,137578,100931609,29/07/26 06:03
148562201475,138734,241086199,29/07/26 06:03
148562200595,18682,121437215,29/07/26 06:03
148562094585,147406,38869536,29/07/26 06:03
148562157952,39397,88836676,29/07/26 06:03
148562274575,188557,237702935,29/07/26 06:03
148562179595,55577,97804637,29/07/26 06:03
148562197195,41600,272450457,29/07/26 06:03
148562105546,18187,80606827,29/07/26 06:03
148562088485,186113,222481086,29/07/26 06:03
148562150613,9,109797659,29/07/26 06:03
148562064295,215028,107431128,29/07/26 06:03
148562220775,208737,69617530,29/07/26 06:03
148562152867,3179,138636102,29/07/26 06:03
148562153895,28702,53446884,29/07/26 06:03
148562158052,442356,156908848,29/07/26 06:03
148562094313,20595,34079856,29/07/26 06:03
148562171259,185723,54704582,29/07/26 06:03
148562217652,39466,205327427,29/07/26 06:03
148562195946,123794,146738734,29/07/26 06:03
148562085995,137820,272450283,29/07/26 06:03
148562220852,146070,23476132,29/07/26 06:03
148562089513,190433,234667507,29/07/26 06:03
148562274175,194330,250463835,29/07/26 06:03
148562069267,657155,253542152,29/07/26 06:03
148562159046,31989,25698508,29/07/26 06:03
148562067046,136740,272450288,29/07/26 06:03
148562194167,9202,25673836,29/07/26 06:03
148562154075,9275,251411165,29/07/26 06:03
148562307485,181454,68505077,29/07/26 06:03
148562144359,441912,225334419,29/07/26 06:03
148562091252,156787,272333850,29/07/26 06:03
148562084952,39408,54544659,29/07/26 06:03
148562172467,182638,272450406,29/07/26 06:03
148562155985,194940,24417346,29/07/26 06:03
148562064963,137799,8646342,29/07/26 06:03
148562157634,445376,272450393,29/07/26 06:03
148562150575,68826,73644701,29/07/26 06:03
148562066746,183925,204038365,29/07/26 06:03
148562132359,181778,60578442,29/07/26 06:03
148562085885,142377,46496014,29/07/26 06:03
148562067546,38250,205934780,29/07/26 06:03
148562086795,192131,248433149,29/07/26 06:03
148562218659,227014,183777787,29/07/26 06:03
148562087852,15927,271673779,29/07/26 06:03
148562091159,180555,6928917,29/07/26 06:03
148562090746,279058,108523638,29/07/26 06:03
148562155634,5315,10765858,29/07/26 06:03
148562125213,30088,272450310,29/07/26 06:03
148562065534,78521,11203145,29/07/26 06:03
148562156213,140291,182195950,29/07/26 06:03
148562215967,223886,272450478,29/07/26 06:03
148562066459,182331,162216921,29/07/26 06:03
148562173234,113859,46893469,29/07/26 06:03
148562158263,382,3410196,29/07/26 06:03
148562093852,29411,56268099,29/07/26 06:03
148562086867,18623,102296725,29/07/26 06:03
148562091375,179504,214286455,29/07/26 06:03
148562085585,655066,266091882,29/07/26 06:03
148562131046,168563,92409837,29/07/26 06:03
148562221413,223889,57673100,29/07/26 06:03
148562065967,72904,52780504,29/07/26 06:03
148562219263,225991,272450490,29/07/26 06:03
148562101695,150472,16598176,29/07/26 06:03
148562304785,190522,272450583,29/07/26 06:03
148562064152,180855,272450236,29/07/26 06:03
148562153059,43849,150401401,29/07/26 06:03
148562152313,188518,83014280,29/07/26 06:03
148562063034,5817,40749738,29/07/26 06:03
148562216113,139328,208429248,29/07/26 06:03
148562155875,12779,272086141,29/07/26 06:03
148562134875,216488,94200317,29/07/26 06:03
148562150146,651454,86746134,29/07/26 06:03
148562090213,8435,225805932,29/07/26 06:03
148562216713,24146,272450458,29/07/26 06:03
148562155559,31500,192848569,29/07/26 06:03
148562302413,142530,220814795,29/07/26 06:03
148562156367,164419,180925912,29/07/26 06:03
148541194234,152882,13465482,29/07/26 06:03
148562308495,1140,9897029,29/07/26 06:04
148562308575,31597,264681094,29/07/26 06:04
148562305613,2812,272450587,29/07/26 06:04
148562271967,7662,102101960,29/07/26 06:04
148562307367,29161,229634980,29/07/26 06:04
148562309285,43406,83567566,29/07/26 06:04
148562265759,41454,272450423,29/07/26 06:04
148562153475,85927,89278972,29/07/26 06:04
148562151352,151041,272450379,29/07/26 06:04
148562153967,1903,76498073,29/07/26 06:04
148562151546,35400,200405919,29/07/26 06:04
148562172313,205605,112706672,29/07/26 06:04
148562182734,68789,184046274,29/07/26 06:04
148562194685,56006,122429470,29/07/26 06:04
148562194759,1318,272450415,29/07/26 06:04
148562159246,157085,192931726,29/07/26 06:04
148562178975,1823,148331086,29/07/26 06:04
148510758146,83929,154066273,29/07/26 06:04
148562177963,38827,267351069,29/07/26 06:04
148513806246,1705,19216405,29/07/26 06:04
148562180067,650199,252371414,29/07/26 06:04
148562132659,142579,58521877,29/07/26 06:04
148508388759,70032,43016224,29/07/26 06:04
148562190863,4236,117853083,29/07/26 06:04
148547915463,28267,100740109,29/07/26 06:04
148549044146,50090,64350618,29/07/26 06:04
148562044367,1941,272450254,29/07/26 06:04
148561998352,176586,272450169,29/07/26 06:04
148562173052,179849,239266613,29/07/26 06:04
148562126152,95649,272450361,29/07/26 06:04
148562128059,20176,269200627,29/07/26 06:04
148562150352,190283,272243102,29/07/26 06:04
148562170652,184353,272450395,29/07/26 06:04
148530342213,28382,57515250,29/07/26 06:04
148562131575,18016,21800224,29/07/26 06:04
148532695263,8781,266471924,29/07/26 06:04
148562158534,56226,238460286,29/07/26 06:04
148562134067,217427,27080558,29/07/26 06:04
148562132095,159770,85920334,29/07/26 06:04
148562124913,145136,92621195,29/07/26 06:04
148561995946,443445,88187493,29/07/26 06:04
148562154534,84569,111610590,29/07/26 06:04
148544493946,6048,183058798,29/07/26 06:04
148562152934,154371,272450384,29/07/26 06:04
148562156452,658857,114845690,29/07/26 06:04
148562134546,156845,272124974,29/07/26 06:04
148562176167,4122,272450409,29/07/26 06:04
148562173146,33675,272450408,29/07/26 06:04
148544749834,153357,78346806,29/07/26 06:04
148562130552,123873,272450369,29/07/26 06:04
148562066967,30710,247320253,29/07/26 06:04
148562160046,74478,272450401,29/07/26 06:04
148562179785,658857,264323917,29/07/26 06:04
148562155352,37137,32969952,29/07/26 06:04
148562049395,142190,269364542,29/07/26 06:04
148562179646,29161,64211608,29/07/26 06:04
148562157134,127388,215102768,29/07/26 06:04
148562062052,206540,229364669,29/07/26 06:04
148562046095,20958,46823517,29/07/26 06:04
148562110267,178221,62480826,29/07/26 06:04
148562172152,2091,236220792,29/07/26 06:04
148562035413,187183,109146815,29/07/26 06:04
148562151746,95031,108478152,29/07/26 06:04
148562159813,186206,69141772,29/07/26 06:04
148562173663,34571,62594893,29/07/26 06:04
148562171934,20945,186612824,29/07/26 06:04
148562061959,157772,121475488,29/07/26 06:04
148562110759,217595,117716612,29/07/26 06:04
148562087134,178259,272450258,29/07/26 06:04
148562040085,33021,123136688,29/07/26 06:04
148562172585,188601,47269870,29/07/26 06:04
148562048646,23241,107246453,29/07/26 06:04
148562176575,37678,252629201,29/07/26 06:04
148562051575,177578,41123817,29/07/26 06:04
148562174475,89982,25755770,29/07/26 06:04
148562092867,42067,86103160,29/07/26 06:04
148562043552,138668,134768828,29/07/26 06:04
148562113113,30353,101761941,29/07/26 06:04
148562094013,190543,241094025,29/07/26 06:04
148562047867,37070,82312913,29/07/26 06:04
148562092146,157621,111533311,29/07/26 06:04
148562052952,179634,131945098,29/07/26 06:04
148562101985,182728,213021626,29/07/26 06:04
148562043175,650203,272450199,29/07/26 06:04
148562273675,141969,162324937,29/07/26 06:04
148562107485,178221,124547182,29/07/26 06:04
148562041352,90476,242686388,29/07/26 06:04
148562102234,284815,213336872,29/07/26 06:04
148562108985,225969,272450343,29/07/26 06:04
148562112434,180204,84499009,29/07/26 06:04
148562102013,34404,37527011,29/07/26 06:04
148562101852,209053,13311623,29/07/26 06:04
148562044113,445988,147967296,29/07/26 06:04
148562045859,138050,272450226,29/07/26 06:04
148562275413,188254,137622261,29/07/26 06:04
148562239267,9220,265839572,29/07/26 06:04
148562101485,226811,6100501,29/07/26 06:04
148562248763,21758,235885603,29/07/26 06:04
148562048567,184483,50409927,29/07/26 06:04
148562156613,271284,254421953,29/07/26 06:04
148562312813,175886,240546402,29/07/26 06:04
148562274052,191539,61225614,29/07/26 06:04
148534033063,19463,248114268,29/07/26 06:04
148561980946,654145,272450156,29/07/26 06:04
148562310163,164203,20939326,29/07/26 06:04
148562274895,143636,97184426,29/07/26 06:05
148562084785,179494,272259335,29/07/26 06:05
148562249846,50254,155806631,29/07/26 06:05
148507081895,2113,34912856,29/07/26 06:05
148562107213,445779,102865074,29/07/26 06:05
148562107785,182832,150388718,29/07/26 06:05
148543982434,443638,269992930,29/07/26 06:05
148562157859,38068,271822664,29/07/26 06:05
148562133167,5596,84154560,29/07/26 06:05
148562151652,179585,120456069,29/07/26 06:05
148562152013,135908,269360394,29/07/26 06:05
148562152134,140965,18010977,29/07/26 06:05
148562155185,34109,272450375,29/07/26 06:05
148562101152,214458,95970427,29/07/26 06:05
148562133967,114182,39568336,29/07/26 06:05
148533295195,33204,118831893,29/07/26 06:05
148562107359,203473,59585094,29/07/26 06:05
148550161452,29337,59290765,29/07/26 06:05
148562132846,185490,92606607,29/07/26 06:05
148562101363,88436,96304028,29/07/26 06:05
148562093363,35794,12766483,29/07/26 06:05
148562091746,131680,267009434,29/07/26 06:05
148562151885,157346,193003094,29/07/26 06:05
148562069059,177517,33754588,29/07/26 06:05
148562127246,135895,34200147,29/07/26 06:05
148562088746,101773,263630429,29/07/26 06:05
148562128959,90221,114471397,29/07/26 06:05
148562089267,12767,252670921,29/07/26 06:05
148562124352,655024,109210891,29/07/26 06:05
148562038252,31028,140971929,29/07/26 06:05
148562153667,157243,21746674,29/07/26 06:05
148547625763,28678,102424543,29/07/26 06:05
148562131267,220939,86155381,29/07/26 06:05
148562093267,31639,153390361,29/07/26 06:05
148562090813,132032,20558075,29/07/26 06:05
148562107059,26466,210461748,29/07/26 06:05
148562124713,148381,111318259,29/07/26 06:05
148562016795,165450,272450220,29/07/26 06:05
148562119575,23627,122848880,29/07/26 06:05
148562090585,50214,265867228,29/07/26 06:05
148562087252,216322,157552286,29/07/26 06:05
148562126875,217871,2340241,29/07/26 06:05
148562125634,187983,42111286,29/07/26 06:05
148562112013,74848,234653405,29/07/26 06:05
148540427759,204184,267116000,29/07/26 06:05
148562133867,7610,195444356,29/07/26 06:05
148562194434,4402,27653477,29/07/26 06:05
148562156563,7253,105120030,29/07/26 06:05
148562132734,6059,272450373,29/07/26 06:05
148540276785,21081,29350226,29/07/26 06:05
148562035134,3092,253847621,29/07/26 06:05
148562153595,192606,257847635,29/07/26 06:05
148562094734,1167,272450327,29/07/26 06:05
148562085285,193123,190218519,29/07/26 06:05
148562242759,131697,221915734,29/07/26 06:05
148562111985,33675,12769756,29/07/26 06:05
148562064485,24768,236493978,29/07/26 06:05
148562089075,36095,73386089,29/07/26 06:05
148562210659,127557,246721782,29/07/26 06:05
148562111546,41694,34636343,29/07/26 06:05
148521989067,163158,272417269,29/07/26 06:05
148562112959,2798,245474862,29/07/26 06:05
148562109852,108093,247950216,29/07/26 06:05
148561977934,24146,190557929,29/07/26 06:05
148562110163,159024,121029439,29/07/26 06:05
148562038159,442488,41158059,29/07/26 06:05
148562086352,180830,37035303,29/07/26 06:05
148562061375,21244,272450279,29/07/26 06:05
148562311846,73676,66978397,29/07/26 06:05
148561981463,652737,107889590,29/07/26 06:05
148562001252,39444,31989213,29/07/26 06:05
148562034413,216149,116521559,29/07/26 06:05
148562038675,183257,151167339,29/07/26 06:05
148562068652,188229,272450298,29/07/26 06:05
148562311167,182546,238307853,29/07/26 06:05
148562015152,279058,272450205,29/07/26 06:05
148562008346,20656,92300544,29/07/26 06:05
148562066163,1030,120776172,29/07/26 06:05
148562045634,204776,272450255,29/07/26 06:05
148562014359,152021,61038422,29/07/26 06:05
148562047146,101925,272450259,29/07/26 06:05
148562091595,279058,190341303,29/07/26 06:05
148562089959,191474,242644308,29/07/26 06:05
148562086452,8292,39978102,29/07/26 06:05
148562047259,650199,272450223,29/07/26 06:05
148562046695,192429,94753788,29/07/26 06:05
148562045159,116490,239261519,29/07/26 06:05
148561945675,656865,147193830,29/07/26 06:05
148562000034,222196,145209629,29/07/26 06:05
148562065763,121257,182728981,29/07/26 06:05
148562002185,215274,185495703,29/07/26 06:05
148562264767,167035,272450543,29/07/26 06:05
148562008895,64928,2247238,29/07/26 06:05
148561997763,181579,272450172,29/07/26 06:05
148562156195,143492,234577055,29/07/26 06:05
148562002213,35731,269329913,29/07/26 06:05
148562047563,55584,272450127,29/07/26 06:05
148561994213,650293,272450148,29/07/26 06:05
148562016213,29405,195179600,29/07/26 06:05
148562009475,167380,192217978,29/07/26 06:05
148562274259,50699,32189276,29/07/26 06:05
148561999475,181425,240639342,29/07/26 06:05
148562276646,118158,10178969,29/07/26 06:05
148562090485,12847,221811680,29/07/26 06:05
148430173059,151348,238414639,29/07/26 06:05
148562011875,81105,272270630,29/07/26 06:05
148562320934,157659,104934803,29/07/26 06:05
148562311063,39958,272254844,29/07/26 06:05
148562226252,100076,244868132,29/07/26 06:06
148562264434,184128,86926546,29/07/26 06:06
148562322046,444900,223329642,29/07/26 06:06
148562321975,180204,272082942,29/07/26 06:06
148562321867,180202,271798746,29/07/26 06:06
148562068475,29337,272450301,29/07/26 06:06
148515066734,190390,35425339,29/07/26 06:06
148511246163,2562,272407881,29/07/26 06:06
148562090985,21244,195404709,29/07/26 06:06
148562110395,179190,211517690,29/07/26 06:06
148562106659,26247,38758251,29/07/26 06:06
148562066034,8318,189802921,29/07/26 06:06
148546340567,186316,62840654,29/07/26 06:06
148562104452,28880,107246715,29/07/26 06:06
148562052452,173398,137014756,29/07/26 06:06
148547984852,42586,243927472,29/07/26 06:06
148550290059,121040,272439263,29/07/26 06:06
148516490113,32753,267491653,29/07/26 06:06
148562088295,3791,272450308,29/07/26 06:06
148501850085,192683,271638235,29/07/26 06:06
148562068975,113954,65582230,29/07/26 06:06
148562104052,144793,182320529,29/07/26 06:06
148562061452,99360,109406488,29/07/26 06:06
148562051685,142287,5348585,29/07/26 06:06
148550426285,35540,88813712,29/07/26 06:06
148562093446,3769,123637314,29/07/26 06:06
148562101746,216788,80539522,29/07/26 06:06
148562052163,40874,210936385,29/07/26 06:06
148550405546,191806,54396220,29/07/26 06:06
148562088563,167174,77937454,29/07/26 06:06
148562092575,224295,55697336,29/07/26 06:06
148550273167,189482,268374882,29/07/26 06:06
148507529775,26955,248607151,29/07/26 06:06
148562044585,164382,51957784,29/07/26 06:06
148562065834,382,272450294,29/07/26 06:06
148562088846,55620,272450323,29/07/26 06:06
148562084846,223190,67785808,29/07/26 06:06
148562085067,13467,107159897,29/07/26 06:06
148562041146,55577,149472072,29/07/26 06:06
148562070052,16620,272450280,29/07/26 06:06
148562065275,140973,70747570,29/07/26 06:06
148562041534,656418,12360814,29/07/26 06:06
148562048095,186426,93297893,29/07/26 06:06
148562085195,169900,236176110,29/07/26 06:06
148562191746,31122,272450397,29/07/26 06:06
148562104913,176429,267712317,29/07/26 06:06
148562240113,167035,272296178,29/07/26 06:06
148562107846,6672,235151437,29/07/26 06:06
148562065685,90364,247478843,29/07/26 06:06
148562069563,41414,92967695,29/07/26 06:06
148561983867,42545,264366642,29/07/26 06:06
148562159595,56263,242088345,29/07/26 06:06
148562159475,167481,184781366,29/07/26 06:06
148562052752,29379,216168632,29/07/26 06:06
148561982252,46044,270148464,29/07/26 06:06
148562089852,2915,51762099,29/07/26 06:06
148562068552,38818,158291236,29/07/26 06:06
148562067295,154371,29490468,29/07/26 06:06
148562105695,205416,244755263,29/07/26 06:06
148562067463,204427,82701084,29/07/26 06:06
148562041463,151014,21433189,29/07/26 06:06
148562064775,184888,272450289,29/07/26 06:06
148562086234,3839,89467008,29/07/26 06:06
148562039159,9073,183008186,29/07/26 06:06
148562047663,25828,133055713,29/07/26 06:06
148562239759,445774,272288106,29/07/26 06:06
148562225259,181865,108081222,29/07/26 06:06
148562063559,11120,60477354,29/07/26 06:06
148562065352,6240,185065986,29/07/26 06:06
148561925346,149181,95246802,29/07/26 06:06
148562225052,289004,187344338,29/07/26 06:06
148562037513,29878,97551181,29/07/26 06:06
148562160263,365,146966033,29/07/26 06:06
148562067663,4946,110537714,29/07/26 06:06
148561964775,180326,272446556,29/07/26 06:06
148562040252,99922,272450235,29/07/26 06:06
148561977667,44091,60898951,29/07/26 06:06
148562044767,2296,239154409,29/07/26 06:06
148561956746,184984,76143839,29/07/26 06:06
148561984467,445326,66994847,29/07/26 06:06
148562047313,129609,233226790,29/07/26 06:06
148561956675,180382,96732712,29/07/26 06:06
148561983934,187419,163447122,29/07/26 06:06
148561960563,10479,146585693,29/07/26 06:06
148562302946,42812,272450581,29/07/26 06:06
148561946552,10805,105455399,29/07/26 06:06
148561964234,192447,127765488,29/07/26 06:06
148561977359,10108,191525352,29/07/26 06:06
148561979934,26710,122252575,29/07/26 06:06
148561982367,189268,64912181,29/07/26 06:06
148561979575,159816,272450153,29/07/26 06:06
148561980559,445935,267148565,29/07/26 06:06
148561964446,136958,245488114,29/07/26 06:06
148561939852,444742,272450077,29/07/26 06:06
148561977795,188048,133637934,29/07/26 06:06
148562101295,650606,223227579,29/07/26 06:06
148562069146,7751,272450304,29/07/26 06:06
148561977595,279058,17750487,29/07/26 06:06
148561962567,34077,272082503,29/07/26 06:06
148561908767,182638,272182988,29/07/26 06:06
148561962952,203852,88375025,29/07/26 06:06
148562276846,180654,36071564,29/07/26 06:06
148562108863,441811,198872621,29/07/26 06:06
148562313695,184971,272450605,29/07/26 06:06
148562013295,127348,272450195,29/07/26 06:06
148562064834,443408,272450290,29/07/26 06:06
148562311463,78089,39799878,29/07/26 06:06
148561978352,19385,241379316,29/07/26 06:06
148561948052,650291,272450112,29/07/26 06:06
148562314252,655700,107848846,29/07/26 06:06
148548194285,120869,68333454,29/07/26 06:07
148562171185,119257,272450405,29/07/26 06:07
148562061759,151473,163649620,29/07/26 06:07
148562049595,445988,229376909,29/07/26 06:07
148562108067,171569,272450134,29/07/26 06:07
148562050975,36058,243705877,29/07/26 06:07
148562036052,80348,272450229,29/07/26 06:07
148540124246,6030,242474390,29/07/26 06:07
148522003334,1252,143916335,29/07/26 06:07
148562015252,77730,272450213,29/07/26 06:07
148562039513,121361,131694386,29/07/26 06:07
148562063695,194140,272450271,29/07/26 06:07
148562041095,176731,141279167,29/07/26 06:07
148561931085,26169,269596943,29/07/26 06:07
148562050746,65588,272450273,29/07/26 06:07
148562049075,651481,39271592,29/07/26 06:07
148562010852,142158,33704892,29/07/26 06:07
148562050846,8731,272450202,29/07/26 06:07
148562050267,56258,269976231,29/07/26 06:07
148562013595,68958,241200906,29/07/26 06:07
148546302295,180898,272188998,29/07/26 06:07
148562010785,19844,84417537,29/07/26 06:07
148562050034,42620,25404975,29/07/26 06:07
148562046234,659940,196843246,29/07/26 06:07
148538774295,34867,36938725,29/07/26 06:07
148562039452,180839,272450244,29/07/26 06:07
148562011546,192225,110437811,29/07/26 06:07
148562034013,181435,272450224,29/07/26 06:07
148562036285,181713,30633735,29/07/26 06:07
148561999734,9579,75459750,29/07/26 06:07
148561999334,68270,102761642,29/07/26 06:07
148546306595,656030,272435697,29/07/26 06:07
148494488659,180898,19093131,29/07/26 06:07
148562015763,5422,45920266,29/07/26 06:07
148562021452,13038,64844255,29/07/26 06:07
148562172913,182035,266568131,29/07/26 06:07
148562040375,188827,233352896,29/07/26 06:07
148562012895,184933,66370961,29/07/26 06:07
148562040195,8336,159817974,29/07/26 06:07
148562034367,27304,108398843,29/07/26 06:07
148562040567,21254,272450208,29/07/26 06:07
148561959695,80957,267483506,29/07/26 06:07
148562014759,207315,272450211,29/07/26 06:07
148562315695,87980,81106520,29/07/26 06:07
148561996013,24019,91472726,29/07/26 06:07
148562242475,179475,272348308,29/07/26 06:07
148562034734,189133,237055364,29/07/26 06:07
148562013959,184905,249682801,29/07/26 06:07
148562198813,195041,253801247,29/07/26 06:07
148561944367,120988,272450106,29/07/26 06:07
148562014046,30957,212975216,29/07/26 06:07
148561957067,229807,223349390,29/07/26 06:07
148562043259,182975,91099913,29/07/26 06:07
148562086685,90018,127898365,29/07/26 06:07
148561997875,96295,25399766,29/07/26 06:07
148562014452,182830,272450209,29/07/26 06:07
148547010352,164099,28772353,29/07/26 06:07
148562013885,1425,85856221,29/07/26 06:07
148562239634,20182,64940079,29/07/26 06:07
148561948585,77730,272450120,29/07/26 06:07
148562046575,105987,121964295,29/07/26 06:07
148561961634,185012,272450136,29/07/26 06:07
148562001713,20720,258158004,29/07/26 06:07
148562036763,150378,243199578,29/07/26 06:07
148562239159,182929,21344017,29/07/26 06:07
148562015459,94912,247625601,29/07/26 06:07
148562037252,78355,257617585,29/07/26 06:07
148562174385,442034,272450411,29/07/26 06:07
148561944585,12118,13295600,29/07/26 06:07
148561982152,132778,150055518,29/07/26 06:07
148561889046,148317,73106222,29/07/26 06:07
148561907467,8485,270813325,29/07/26 06:07
148561983152,208047,73443940,29/07/26 06:07
148561891867,4786,18437802,29/07/26 06:07
148561927163,80957,114395188,29/07/26 06:07
148561971713,188857,272450146,29/07/26 06:07
148561976759,193149,210462841,29/07/26 06:07
148561984359,41423,268850997,29/07/26 06:07
148561984759,445774,121278284,29/07/26 06:07
148561910975,87669,48479493,29/07/26 06:07
148562000567,146227,161063568,29/07/26 06:07
148561957952,1964,131946376,29/07/26 06:07
148562312067,655418,272258851,29/07/26 06:07
148562038346,1466,255733653,29/07/26 06:07
148561930259,105916,47489426,29/07/26 06:07
148561946875,653147,131399329,29/07/26 06:07
148561958667,179668,12991536,29/07/26 06:07
148561940259,147509,124947268,29/07/26 06:07
148562275167,78395,272450567,29/07/26 06:07
148562171452,157085,151455831,29/07/26 06:07
148561946263,3217,92006350,29/07/26 06:07
148561924034,146503,83980123,29/07/26 06:07
148561927695,29145,4687478,29/07/26 06:07
148561960159,26266,149468497,29/07/26 06:07
148561923375,109739,54305063,29/07/26 06:07
148562242675,1952,443333,29/07/26 06:07
148561957785,279058,219806526,29/07/26 06:07
148561929063,445935,115132303,29/07/26 06:07
148561926275,157349,69933345,29/07/26 06:07
148561926646,184711,181975841,29/07/26 06:07
148560114659,85957,262920495,29/07/26 06:07
148561997575,182269,122553920,29/07/26 06:07
148562326152,119257,257736531,29/07/26 06:07
148562315559,182766,257120306,29/07/26 06:07
148561928413,181653,245306897,29/07/26 06:07
148552405385,189356,231969989,29/07/26 06:07
148562304559,167158,41795350,29/07/26 06:07
148562331152,39305,134833695,29/07/26 06:07
148519667085,3940,140039929,29/07/26 06:08
148561996295,5523,252151147,29/07/26 06:08
148518186513,10950,62412082,29/07/26 06:08
148561978752,187830,103385061,29/07/26 06:08
148562001595,69909,3584025,29/07/26 06:08
148561979185,169195,100699913,29/07/26 06:08
148562012452,142149,271726287,29/07/26 06:08
148561944059,7170,158030417,29/07/26 06:08
148498771485,43951,122447482,29/07/26 06:08
148561999513,224700,60166482,29/07/26 06:08
148562009285,208399,54473760,29/07/26 06:08
148562008975,127316,59486142,29/07/26 06:08
148561963475,37701,51451913,29/07/26 06:08
148562014885,35404,249800938,29/07/26 06:08
148561980652,69249,66195438,29/07/26 06:08
148562002534,214839,56720149,29/07/26 06:08
148562000167,3382,191159900,29/07/26 06:08
148561983267,3865,272450167,29/07/26 06:08
148561959863,39911,88799188,29/07/26 06:08
148562000752,65295,272450184,29/07/26 06:08
148561998995,444843,132737539,29/07/26 06:08
148561964185,186064,209291712,29/07/26 06:08
148561981734,50022,69733478,29/07/26 06:08
148561999685,181435,112158049,29/07/26 06:08
148561983613,111257,44103727,29/07/26 06:08
148561963695,194993,272450144,29/07/26 06:08
148561999113,154327,10913035,29/07/26 06:08
148561947213,176451,240173907,29/07/26 06:08
148561944652,134127,272450116,29/07/26 06:08
148561942134,655866,111147113,29/07/26 06:08
148561996459,191789,78401348,29/07/26 06:08
148561943267,142579,119719388,29/07/26 06:08
148561959275,177381,268472392,29/07/26 06:08
148562323034,53341,272450616,29/07/26 06:08
148561979713,445651,267822990,29/07/26 06:08
148561963834,41556,272450142,29/07/26 06:08
148561981334,50179,160613406,29/07/26 06:08
148546188085,87733,61864355,29/07/26 06:08
148561892263,30957,272442085,29/07/26 06:08
148561978146,180779,199881068,29/07/26 06:08
148561995395,183187,120462308,29/07/26 06:08
148561981567,184605,86677792,29/07/26 06:08
148561980185,108622,58941450,29/07/26 06:08
148561957685,445774,272450123,29/07/26 06:08
148561910334,12795,76123650,29/07/26 06:08
148561957495,235633,272128612,29/07/26 06:08
148561926075,1252,21475288,29/07/26 06:08
148561962375,445774,161503369,29/07/26 06:08
148561981075,53234,272450162,29/07/26 06:08
148561983575,188649,76122363,29/07/26 06:08
148562015985,30775,77504585,29/07/26 06:08
148561963095,177923,49174383,29/07/26 06:08
148562273063,35264,49826744,29/07/26 06:08
148562016313,4752,126461031,29/07/26 06:08
148561960385,136575,251609505,29/07/26 06:08
148561893834,22515,198417623,29/07/26 06:08
148561909246,186608,272450022,29/07/26 06:08
148561873259,658857,243391009,29/07/26 06:08
148561947185,146003,119639370,29/07/26 06:08
148562181559,2209,102456253,29/07/26 06:08
148561998875,88026,209602008,29/07/26 06:08
148561894459,2475,139151427,29/07/26 06:08
148561816834,182471,194364395,29/07/26 06:08
148562001485,20958,159210355,29/07/26 06:08
148561977852,444870,31295229,29/07/26 06:08
148561947813,22887,138252250,29/07/26 06:08
148562008663,25062,272450194,29/07/26 06:08
148561872575,2646,225576823,29/07/26 06:08
148561928063,96272,216076117,29/07/26 06:08
148561889852,9911,267194831,29/07/26 06:08
148561958275,64867,143035456,29/07/26 06:08
148562308752,138050,264610118,29/07/26 06:08
148561956295,6015,97016162,29/07/26 06:08
148562016595,3223,223459809,29/07/26 06:08
148561961946,186214,109540547,29/07/26 06:08
148561948475,36196,66541742,29/07/26 06:08
148562173359,216424,76294494,29/07/26 06:08
148562177546,166857,93631269,29/07/26 06:08
148561927585,186426,272450081,29/07/26 06:08
148561923934,13675,272449961,29/07/26 06:08
148561960885,86309,41394244,29/07/26 06:08
148561927434,150680,243420634,29/07/26 06:08
148562241359,35928,13651485,29/07/26 06:08
148562177246,235533,112869761,29/07/26 06:08
148561891085,23326,51907721,29/07/26 06:08
148562241463,650199,190308130,29/07/26 06:08
148561999867,179669,272048680,29/07/26 06:08
148562197585,86224,6268575,29/07/26 06:08
148561947967,20465,55659833,29/07/26 06:08
148561925995,53037,224055312,29/07/26 06:08
148561875367,179822,243764301,29/07/26 06:08
148562244752,190765,51130067,29/07/26 06:08
148561904746,86180,12331047,29/07/26 06:08
148561956846,116631,6578395,29/07/26 06:08
148562243052,20774,160009411,29/07/26 06:08
148562175313,650203,185821883,29/07/26 06:08
148562000263,12271,143333227,29/07/26 06:08
148561874552,22111,92464010,29/07/26 06:08
148562240859,16620,251525594,29/07/26 06:08
148561872646,208183,249864139,29/07/26 06:08
148561871613,650293,87044812,29/07/26 06:08
148561910795,181713,244705967,29/07/26 06:08
148561927334,106945,156707131,29/07/26 06:08
148562178213,101955,244651800,29/07/26 06:08
148562240652,181458,201948760,29/07/26 06:08
148561942859,442756,272450108,29/07/26 06:08
148561849663,20595,272449939,29/07/26 06:08
148562177085,177154,24008632,29/07/26 06:08
148561946713,6583,8441095,29/07/26 06:08
148561940995,23505,193267623,29/07/26 06:08
148562329959,5896,23341446,29/07/26 06:08
148561888852,157346,13742542,29/07/26 06:08
148562033746,444900,223991788,29/07/26 06:08
148562309559,214583,25596789,29/07/26 06:08
148546546267,226802,191274787,29/07/26 06:08
148561415846,185729,47920515,29/07/26 06:08
148561904475,20956,270952637,29/07/26 06:08
148561895746,126721,258389710,29/07/26 06:08
148562333734,346811,270307625,29/07/26 06:08
148552433046,11395,223975611,29/07/26 06:09
148561939913,183732,2984725,29/07/26 06:09
148561963559,180204,272450143,29/07/26 06:09
148561947613,27304,112244722,29/07/26 06:09
148561956346,73523,199669031,29/07/26 06:09
148561979352,26856,37950689,29/07/26 06:09
148561962485,26495,42676703,29/07/26 06:09
148561960263,43804,85796832,29/07/26 06:09
148561964585,156043,14234091,29/07/26 06:09
148561853163,382,17845764,29/07/26 06:09
148561956913,527,246771222,29/07/26 06:09
148561945595,104906,121351126,29/07/26 06:09
148561943913,145350,122840708,29/07/26 06:09
148561931585,182100,12640251,29/07/26 06:09
148561924967,183911,148447606,29/07/26 06:09
148561940663,154644,130092738,29/07/26 06:09
148561945113,142595,267024424,29/07/26 06:09
148542055975,4166,205610098,29/07/26 06:09
148561851085,145630,272450001,29/07/26 06:09
148561930985,45922,272450104,29/07/26 06:09
148499139885,137217,25152498,29/07/26 06:09
148561959313,18226,77285141,29/07/26 06:09
148561929995,136750,257897862,29/07/26 06:09
148561947313,4267,263916675,29/07/26 06:09
148561929395,180370,60765901,29/07/26 06:09
148561907567,111935,226114543,29/07/26 06:09
148561941267,80941,43073100,29/07/26 06:09
148561929646,222136,89315947,29/07/26 06:09
148511188685,64988,120803351,29/07/26 06:09
148561907667,219280,30369449,29/07/26 06:09
148561892859,12080,151596487,29/07/26 06:09
148561905785,5758,264833298,29/07/26 06:09
148561817146,141,272449947,29/07/26 06:09
148561821663,224145,147470704,29/07/26 06:09
148561895934,180662,272450055,29/07/26 06:09
148549445895,655562,265609759,29/07/26 06:09
148561927275,85340,271392122,29/07/26 06:09
148561930759,68665,64822466,29/07/26 06:09
148561851534,27828,56497312,29/07/26 06:09
148561835585,445774,257976082,29/07/26 06:09
148561927995,190291,266325508,29/07/26 06:09
148561943846,187084,43535631,29/07/26 06:09
148561943585,9908,258279327,29/07/26 06:09
148561835852,99321,114089110,29/07/26 06:09
148562323252,147604,220535408,29/07/26 06:09
148561835634,178839,222390961,29/07/26 06:09
148561852759,28389,211654454,29/07/26 06:09
148561895659,70082,252507130,29/07/26 06:09
148561909663,40939,25835447,29/07/26 06:09
148561907246,27068,54828965,29/07/26 06:09
148561849563,192225,86488525,29/07/26 06:09
148561896095,20408,145905268,29/07/26 06:09
148561906752,178995,124780755,29/07/26 06:09
148561827195,182279,54507235,29/07/26 06:09
148561852875,315637,183273090,29/07/26 06:09
148561909034,650097,272450069,29/07/26 06:09
148561894775,64988,272178908,29/07/26 06:09
148561815067,444857,272449943,29/07/26 06:09
148561826934,656434,123666136,29/07/26 06:09
148561957585,204096,106453753,29/07/26 06:09
148561830567,362799,9818367,29/07/26 06:09
148561908613,74234,222445292,29/07/26 06:09
148561889259,187511,94850398,29/07/26 06:09
148561889375,78563,154394867,29/07/26 06:09
148561853734,9202,97322915,29/07/26 06:09
148561886567,184317,157319381,29/07/26 06:09
148562178834,120988,272450424,29/07/26 06:09
148561909875,2931,86580159,29/07/26 06:09
148561870263,2037,226392954,29/07/26 06:09
148562248252,95031,272450528,29/07/26 06:09
148561833463,137608,120821694,29/07/26 06:09
148561930834,183886,113319236,29/07/26 06:09
148561818075,8687,272323883,29/07/26 06:09
148561894346,5308,146536812,29/07/26 06:09
148561827795,5557,23220341,29/07/26 06:09
148561851334,73340,272449998,29/07/26 06:09
148561959967,184938,272450132,29/07/26 06:09
148561906963,218668,44568037,29/07/26 06:09
148561833175,137551,263709500,29/07/26 06:09
148561876346,224543,92919098,29/07/26 06:09
148561907852,279058,156277218,29/07/26 06:09
148561821575,73795,105770722,29/07/26 06:09
148561852667,655437,8375477,29/07/26 06:09
148561893763,73521,69277508,29/07/26 06:09
148561826713,36835,8731696,29/07/26 06:09
148561940059,30192,54405005,29/07/26 06:09
148561887152,177381,87013972,29/07/26 06:09
148562310695,162488,151954661,29/07/26 06:09
148561830013,650154,272449971,29/07/26 06:09
148561830463,150554,272449962,29/07/26 06:09
148561942585,215255,232606457,29/07/26 06:09
148562332159,36448,271996040,29/07/26 06:09
148561829434,146638,234443541,29/07/26 06:09
148561909513,154471,44724916,29/07/26 06:09
148561829646,235569,227999575,29/07/26 06:09
148541346295,146876,101767833,29/07/26 06:09
148561857546,4132,268006752,29/07/26 06:09
148531976775,43017,163247936,29/07/26 06:09
148562246267,120988,272450514,29/07/26 06:09
148562334995,134086,49991920,29/07/26 06:09
148562336163,36202,270731265,29/07/26 06:09
148562276959,33197,108152957,29/07/26 06:09
148561964375,185559,138827980,29/07/26 06:10
148562311552,659096,129245886,29/07/26 06:10
148561916634,114113,272450078,29/07/26 06:10
148561905595,148736,132514251,29/07/26 06:10
148561890513,12085,14418994,29/07/26 06:10
148561926895,342,270765816,29/07/26 06:10
148561890434,30344,272450046,29/07/26 06:10
148561892146,30407,272450014,29/07/26 06:10
148561885963,147558,227744038,29/07/26 06:10
148561891913,102147,272449977,29/07/26 06:10
148561871285,177456,130702667,29/07/26 06:10
148561876267,192771,188382195,29/07/26 06:10
148561876985,10108,125351095,29/07/26 06:10
148561906452,184735,100234496,29/07/26 06:10
148498984646,216736,272399873,29/07/26 06:10
148561922763,122219,200207320,29/07/26 06:10
148561912859,442740,57061761,29/07/26 06:10
148561873375,652085,272450026,29/07/26 06:10
148561886367,141929,124779321,29/07/26 06:10
148561894159,155712,51536108,29/07/26 06:10
148561855167,148444,94241380,29/07/26 06:10
148561869646,157442,145543384,29/07/26 06:10
148561852452,101848,213736072,29/07/26 06:10
148561851863,8810,98093817,29/07/26 06:10
148561870452,111747,252106839,29/07/26 06:10
148561856985,84377,64703378,29/07/26 06:10
148561870813,445050,266449333,29/07/26 06:10
148561892734,189532,134073960,29/07/26 06:10
148561890895,21244,213630897,29/07/26 06:10
148562015895,13824,272450049,29/07/26 06:10
148561849185,192136,272449992,29/07/26 06:10
148561850567,32986,60680913,29/07/26 06:10
148561875285,21582,15327179,29/07/26 06:10
148561888167,39099,160729181,29/07/26 06:10
148561890659,207564,272450047,29/07/26 06:10
148561889185,69021,265189212,29/07/26 06:10
148561888552,2233,54026958,29/07/26 06:10
148490040252,143585,238738540,29/07/26 06:10
148561894067,189133,9000823,29/07/26 06:10
148561852375,2457,246681261,29/07/26 06:10
148561891359,651481,243243823,29/07/26 06:10
148561890359,42392,212608960,29/07/26 06:10
148561886967,86320,220087302,29/07/26 06:10
148561873695,42582,49818415,29/07/26 06:10
148561848763,22324,118670823,29/07/26 06:10
148550189263,50490,105372372,29/07/26 06:10
148561827934,190985,153604220,29/07/26 06:10
148562323963,35225,90962240,29/07/26 06:10
148561910195,189071,45631577,29/07/26 06:10
148561925434,74968,131858880,29/07/26 06:10
148561895867,193415,272450057,29/07/26 06:10
148561817552,86323,219736238,29/07/26 06:10
148561910595,5735,253549886,29/07/26 06:10
148561848446,875,195857033,29/07/26 06:10
148561923613,23332,122394043,29/07/26 06:10
148562335846,279058,272450635,29/07/26 06:10
148561870146,85002,205285588,29/07/26 06:10
148561894934,189657,93354907,29/07/26 06:10
148561849775,20851,89676318,29/07/26 06:10
148561896513,8816,42905168,29/07/26 06:10
148561874234,137011,15048648,29/07/26 06:10
148561834295,32785,240006746,29/07/26 06:10
148561820767,157315,99197952,29/07/26 06:10
148561817895,153868,33429713,29/07/26 06:10
148561857767,650291,185886961,29/07/26 06:10
148561869975,143452,148844734,29/07/26 06:10
148561791967,650202,267841267,29/07/26 06:10
148561875563,27703,272450032,29/07/26 06:10
148561852046,24552,272172334,29/07/26 06:10
148561788634,229366,272449934,29/07/26 06:10
148561856759,179357,59223965,29/07/26 06:10
148561851146,6797,272449997,29/07/26 06:10
148561816646,28733,267942617,29/07/26 06:10
148561815785,50179,214168347,29/07/26 06:10
148561815646,190985,153637245,29/07/26 06:10
148561869859,20516,272450017,29/07/26 06:10
148561819275,5590,270193845,29/07/26 06:10
148561819013,1832,271606269,29/07/26 06:10
148561872275,180331,129414487,29/07/26 06:10
148561835475,22763,242002756,29/07/26 06:10
148561889785,227154,272450045,29/07/26 06:10
148561850634,39637,55136572,29/07/26 06:10
148561788752,213809,266231730,29/07/26 06:10
148562179934,222328,263233978,29/07/26 06:10
148561816952,25484,74274227,29/07/26 06:10
148561827513,178174,45644802,29/07/26 06:10
148561850759,5207,29733208,29/07/26 06:10
148561922675,142479,199416466,29/07/26 06:10
148562338067,188162,217469934,29/07/26 06:10
148561871013,20233,127106682,29/07/26 06:10
148561815285,445774,40792408,29/07/26 06:10
148562315046,194076,105915364,29/07/26 06:10
148531259485,167916,255845875,29/07/26 06:10
148561787852,187509,81008590,29/07/26 06:10
148562333585,189175,158503083,29/07/26 06:10
148562303185,73990,39277803,29/07/26 06:10
148561810659,163720,21934309,29/07/26 06:10
148562336934,163602,224769193,29/07/26 06:10
148562303359,40700,209147457,29/07/26 06:10
148510305859,151531,132423292,29/07/26 06:10
148562335975,27276,272450648,29/07/26 06:10
148561984159,192674,272198771,29/07/26 06:11
148562338967,443934,257098020,29/07/26 06:11
148562315395,77636,51450878,29/07/26 06:11
148562109185,101983,246927827,29/07/26 06:11
148544407734,102035,25892740,29/07/26 06:11
148561873952,183006,29796504,29/07/26 06:11
148561836863,73877,210763569,29/07/26 06:11
148561874663,39762,254311344,29/07/26 06:11
148561870752,20720,243404866,29/07/26 06:11
148562089163,104054,253199689,29/07/26 06:11
148561875675,3267,76454755,29/07/26 06:11
148561827234,166635,232164029,29/07/26 06:11
148561828313,10395,135599000,29/07/26 06:11
148561854213,106219,134853174,29/07/26 06:11
148561874067,6138,34786374,29/07/26 06:11
148561822352,37874,246567017,29/07/26 06:11
148561821167,55759,252627474,29/07/26 06:11
148561829575,182075,122794849,29/07/26 06:11
148561875113,218070,213141908,29/07/26 06:11
148499006159,194982,265921145,29/07/26 06:11
148561848813,139569,37182652,29/07/26 06:11
148561890095,141759,103429545,29/07/26 06:11
148561853495,192498,186645078,29/07/26 06:11
148561788163,20757,272449936,29/07/26 06:11
148561847913,178456,40693383,29/07/26 06:11
148561848234,98859,272449990,29/07/26 06:11
148561836363,203830,225714979,29/07/26 06:11
148561835234,27220,272449987,29/07/26 06:11
148561857285,134107,272450013,29/07/26 06:11
148561829952,194866,118784024,29/07/26 06:11
148561832485,72707,263248284,29/07/26 06:11
148561834646,182495,95224314,29/07/26 06:11
148561839295,442406,113971486,29/07/26 06:11
148544303167,2046,183608607,29/07/26 06:11
148561788075,177942,272449935,29/07/26 06:11
148561831863,142495,272449973,29/07/26 06:11
148511470485,166899,133897080,29/07/26 06:11
148561828946,8082,55551718,29/07/26 06:11
148561815463,655512,196165036,29/07/26 06:11
148561832759,32930,88887333,29/07/26 06:11
148561821846,147593,240383872,29/07/26 06:11
148561524795,40701,272449608,29/07/26 06:11
148562337159,191056,272450631,29/07/26 06:11
148561871334,184637,9094134,29/07/26 06:11
148561832159,4673,12631195,29/07/26 06:11
148561853246,209097,272449709,29/07/26 06:11
148561832995,32470,272449976,29/07/26 06:11
148561870663,650587,272450021,29/07/26 06:11
148561858234,114,272450016,29/07/26 06:11
148561820252,153085,119298904,29/07/26 06:11
148548262259,35424,272437264,29/07/26 06:11
148561483675,1799,272449569,29/07/26 06:11
148561789675,224564,18735351,29/07/26 06:11
148561821413,39922,31299978,29/07/26 06:11
148561301252,21434,272449387,29/07/26 06:11
148560996913,182410,272449104,29/07/26 06:11
148561828852,137709,48907180,29/07/26 06:11
148561547346,126779,272449604,29/07/26 06:11
148560953113,220386,272449083,29/07/26 06:11
148562267013,77829,239591871,29/07/26 06:11
148560996313,194982,272449085,29/07/26 06:11
148561525859,7336,272449612,29/07/26 06:11
148561828185,14645,204192833,29/07/26 06:11
148561814163,186459,183996563,29/07/26 06:11
148561097934,2567,272449183,29/07/26 06:11
148562176863,35735,113264208,29/07/26 06:11
148560988575,12747,272449084,29/07/26 06:11
148561057463,32311,272449142,29/07/26 06:11
148562178775,186472,241735740,29/07/26 06:11
148562247713,146732,272450523,29/07/26 06:11
148561812759,193161,44777634,29/07/26 06:11
148561787995,445774,270555431,29/07/26 06:11
148561790585,21808,218135323,29/07/26 06:11
148561814059,23948,84856858,29/07/26 06:11
148561790752,78355,221976244,29/07/26 06:11
148561789267,1649,40376893,29/07/26 06:11
148561791085,184228,219636160,29/07/26 06:11
148561818213,445004,272449891,29/07/26 06:11
148562112667,69957,272450352,29/07/26 06:11
148561849959,655056,8871878,29/07/26 06:11
148561004834,65522,272449125,29/07/26 06:11
148562178067,25506,272450418,29/07/26 06:11
148562246367,77924,133769421,29/07/26 06:11
148562198563,123794,272450417,29/07/26 06:11
148562198234,120988,272447378,29/07/26 06:11
148562180475,442300,107750821,29/07/26 06:11
148561816234,43768,30102313,29/07/26 06:11
148561790246,69191,163193930,29/07/26 06:11
148562265275,84770,90760080,29/07/26 06:11
148560774334,139807,272448911,29/07/26 06:11
148562064313,134178,60646132,29/07/26 06:11
148562249975,164001,272400041,29/07/26 06:11
148562265946,107791,8622028,29/07/26 06:11
148562313746,44757,267838258,29/07/26 06:11
148561723095,74080,272449840,29/07/26 06:11
148562266185,7823,43784371,29/07/26 06:11
148561761613,78516,272449894,29/07/26 06:11
148561485685,205577,272449568,29/07/26 06:11
148561479059,96242,272449552,29/07/26 06:11
148560837413,132686,272448952,29/07/26 06:11
148561744946,190544,272449868,29/07/26 06:11
148562181459,443272,248169132,29/07/26 06:11
148562262852,180331,272450538,29/07/26 06:11
148561726363,6217,272449857,29/07/26 06:11
148562265613,36528,255372037,29/07/26 06:11
148561721246,36186,272449838,29/07/26 06:11
148562191634,445040,138306472,29/07/26 06:11
148561791846,126805,123341341,29/07/26 06:11
148562179052,138690,1187172,29/07/26 06:11
148561653467,139794,272449738,29/07/26 06:11
148561726646,100715,272449856,29/07/26 06:11
148561764863,189447,272449900,29/07/26 06:11
148562305459,36270,12199925,29/07/26 06:11
148562197734,658692,193899084,29/07/26 06:11
148562305852,183437,54739457,29/07/26 06:11
148562358146,188649,113233221,29/07/26 06:11
148562246434,2020,270826503,29/07/26 06:11
148561785595,650291,272449921,29/07/26 06:12
148562362367,132790,271187146,29/07/26 06:12
148562307263,184656,23469993,29/07/26 06:12
148562306759,154572,162797794,29/07/26 06:12
148562344113,122158,99617085,29/07/26 06:12
148560638185,213506,272448823,29/07/26 06:12
148561484567,35446,272449570,29/07/26 06:12
148561484246,181819,272449563,29/07/26 06:12
148561740313,35137,272449824,29/07/26 06:12
148562336763,4673,272450652,29/07/26 06:12
148561719934,23877,272449819,29/07/26 06:12
148562267895,204976,272450545,29/07/26 06:12
148561661595,188336,272449775,29/07/26 06:12
148561482413,40874,272449543,29/07/26 06:12
148562358775,214690,67480469,29/07/26 06:12
148561659763,106611,272449764,29/07/26 06:12
148561544713,78256,272449597,29/07/26 06:12
148560991963,138969,272449087,29/07/26 06:12
148561415967,113937,272449501,29/07/26 06:12
148561706063,216615,272449826,29/07/26 06:12
148561652946,185649,272449752,29/07/26 06:12
148561309852,129099,272449361,29/07/26 06:12
148561604259,39922,272449682,29/07/26 06:12
148561544263,1382,272449614,29/07/26 06:12
148561686563,119284,272449798,29/07/26 06:12
148561636346,10950,272449683,29/07/26 06:12
148561780985,41222,272449922,29/07/26 06:12
148561635763,190874,272449736,29/07/26 06:12
148561526595,2026,272449611,29/07/26 06:12
148561276852,84153,272449330,29/07/26 06:12
148561415134,39408,272449470,29/07/26 06:12
148561415352,55781,272449498,29/07/26 06:12
148561238795,43484,272449328,29/07/26 06:12
148561425013,442674,272449513,29/07/26 06:12
148561235475,189133,272449321,29/07/26 06:12
148561552595,11351,272449643,29/07/26 06:12
148561688852,78320,272449808,29/07/26 06:12
148561413675,183722,272449491,29/07/26 06:12
148561660385,444899,272449773,29/07/26 06:12
148561523352,179822,272449591,29/07/26 06:12
148561339675,177043,272449423,29/07/26 06:12
148561685475,214483,272449797,29/07/26 06:12
148561658759,16389,272449768,29/07/26 06:12
148561625952,192537,272449717,29/07/26 06:12
148561673759,9158,272449777,29/07/26 06:12
148561302859,87980,272449388,29/07/26 06:12
148561347163,445935,272449436,29/07/26 06:12
148561605652,656169,272449693,29/07/26 06:12
148561420095,11665,272449459,29/07/26 06:12
148561343252,4937,272449429,29/07/26 06:12
148561269434,12972,272449351,29/07/26 06:12
148561523667,34248,272449600,29/07/26 06:12
148561239313,36835,272449331,29/07/26 06:12
148561459567,181885,272449540,29/07/26 06:12
148561703895,87871,272449818,29/07/26 06:12
148561349595,8082,272449431,29/07/26 06:12
148561227152,95576,272449304,29/07/26 06:12
148561197652,193386,272449287,29/07/26 06:12
148561480734,177542,272449558,29/07/26 06:12
148561629085,30613,272449650,29/07/26 06:12
148561352075,163327,272449453,29/07/26 06:12
148561426567,40874,272449503,29/07/26 06:12
148561652363,3254,272449750,29/07/26 06:12
148561453695,21554,272449528,29/07/26 06:12
148561683346,25024,272449785,29/07/26 06:12
148561572775,73758,272449652,29/07/26 06:12
148561653034,13101,272449745,29/07/26 06:12
148561354075,84559,272449440,29/07/26 06:12
148561680434,185012,272449780,29/07/26 06:12
148561683234,189102,272449769,29/07/26 06:12
148561305985,183472,272449395,29/07/26 06:12
148561263867,133793,272449347,29/07/26 06:12
148561263334,108117,272449346,29/07/26 06:12
148561197085,222368,272449295,29/07/26 06:12
148561193867,178247,272449293,29/07/26 06:12
148561490195,442475,272449538,29/07/26 06:12
148561652163,179030,272449712,29/07/26 06:12
148561146475,29460,272449229,29/07/26 06:12
148561386467,446164,272449466,29/07/26 06:12
148561601475,5521,272449686,29/07/26 06:12
148561183975,605,272449261,29/07/26 06:12
148561187534,77790,272449240,29/07/26 06:12
148561152159,437067,272449250,29/07/26 06:12
148561482985,136148,272449564,29/07/26 06:12
148561576613,40216,272449651,29/07/26 06:12
148561411185,151330,272449472,29/07/26 06:12
148561516295,652669,272449583,29/07/26 06:12
148561145934,105908,272449165,29/07/26 06:12
148561636813,40511,272449726,29/07/26 06:12
148561378875,191215,272449303,29/07/26 06:12
148561147152,203823,272449237,29/07/26 06:12
148561231359,34213,272449306,29/07/26 06:12
148561146246,650199,272449232,29/07/26 06:12
148561153085,100639,272449241,29/07/26 06:12
148562361667,35137,111570075,29/07/26 06:12
148561232985,445988,272449257,29/07/26 06:12
148561145334,4167,272449231,29/07/26 06:12
148561306334,174576,272449386,29/07/26 06:12
148562362513,229904,271648554,29/07/26 06:12
148561197463,147527,272449273,29/07/26 06:12
148561378185,650573,272449355,29/07/26 06:12
148561527595,650199,272449610,29/07/26 06:12
148561158146,36205,272449253,29/07/26 06:12
148561143046,137952,272449228,29/07/26 06:12
148561184013,121255,272449255,29/07/26 06:12
148562362775,167035,272450560,29/07/26 06:12
148562309034,7836,12428234,29/07/26 06:12
148562330095,5308,245151443,29/07/26 06:12
148561980063,88093,272450159,29/07/26 06:12
148562359967,17156,246359942,29/07/26 06:12
148562359113,88520,272450663,29/07/26 06:12
148562338234,95438,42218362,29/07/26 06:12
148562362434,167035,272450672,29/07/26 06:13
148562366846,12196,77933377,29/07/26 06:13
148561136867,163764,272449170,29/07/26 06:13
148561184952,74604,272449071,29/07/26 06:13
148560880159,178634,272448968,29/07/26 06:13
148560883446,21061,272448981,29/07/26 06:13
148561150275,64988,272449151,29/07/26 06:13
148560995585,88195,272449078,29/07/26 06:13
148560838134,43237,272448931,29/07/26 06:13
148560891167,1223,272448879,29/07/26 06:13
148560829663,137799,272448884,29/07/26 06:13
148561102063,177195,272449174,29/07/26 06:13
148562308367,178220,272450531,29/07/26 06:13
148561062846,163602,272449150,29/07/26 06:13
148542557413,74331,55033089,29/07/26 06:13
148560952846,113937,272449064,29/07/26 06:13
148561001813,30353,272449115,29/07/26 06:13
148561186963,5738,272448891,29/07/26 06:13
148560701175,178199,272448848,29/07/26 06:13
148561066975,26169,272449152,29/07/26 06:13
148561049813,180741,272449121,29/07/26 06:13
148560901813,39114,272448986,29/07/26 06:13
148560886867,445774,272448970,29/07/26 06:13
148561093459,144869,272449169,29/07/26 06:13
148560698463,2822,272448843,29/07/26 06:13
148560885659,652645,272448978,29/07/26 06:13
148560944252,162255,272449044,29/07/26 06:13
148560894185,118955,272449010,29/07/26 06:13
148561060359,40642,272449147,29/07/26 06:13
148561093867,159794,272449171,29/07/26 06:13
148560899495,52927,272449023,29/07/26 06:13
148560633452,657180,272448797,29/07/26 06:13
148560891667,28085,272448999,29/07/26 06:13
148561086763,112888,272448975,29/07/26 06:13
148561052813,185930,272449127,29/07/26 06:13
148561061134,39239,272449060,29/07/26 06:13
148560881646,142424,272448976,29/07/26 06:13
148561135095,24121,272449213,29/07/26 06:13
148560609346,10616,272448752,29/07/26 06:13
148562334659,136011,272450646,29/07/26 06:13
148560693913,44880,272448792,29/07/26 06:13
148560823413,2209,272448895,29/07/26 06:13
148561001446,21859,272449112,29/07/26 06:13
148561054785,70082,272448577,29/07/26 06:13
148560691895,650587,272448821,29/07/26 06:13
148561095395,656964,272449164,29/07/26 06:13
148560832452,96335,272448936,29/07/26 06:13
148560819252,215208,272448926,29/07/26 06:13
148560709495,177579,272448867,29/07/26 06:13
148560774734,39384,272448909,29/07/26 06:13
148560549795,167387,272448712,29/07/26 06:13
148561151013,13101,272449227,29/07/26 06:13
148560815163,98621,272441524,29/07/26 06:13
148560954175,126590,272449058,29/07/26 06:13
148561135213,24121,272449216,29/07/26 06:13
148560998934,3328,272449105,29/07/26 06:13
148560693734,2296,272448781,29/07/26 06:13
148561107167,36361,272449203,29/07/26 06:13
148560690359,179622,272448819,29/07/26 06:13
148560938595,121161,272449039,29/07/26 06:13
148561459463,182185,272230104,29/07/26 06:13
148561186195,653976,271860708,29/07/26 06:13
148561519785,184913,271906242,29/07/26 06:13
148561237585,184578,272449182,29/07/26 06:13
148561451834,652645,272395546,29/07/26 06:13
148562271685,7000,272450551,29/07/26 06:13
148560893713,74917,272449013,29/07/26 06:13
148561001752,151550,272449109,29/07/26 06:13
148562011367,167035,272450196,29/07/26 06:13
148560935867,43068,272448939,29/07/26 06:13
148560947367,195020,272336863,29/07/26 06:13
148560639313,185053,272448816,29/07/26 06:13
148560765795,4187,272448849,29/07/26 06:13
148562192063,99620,228083554,29/07/26 06:13
148560845259,78827,272448913,29/07/26 06:13
148561106052,53075,272449204,29/07/26 06:13
148560957285,152974,272449080,29/07/26 06:13
148561105885,73646,272449116,29/07/26 06:13
148560816746,161007,272448905,29/07/26 06:13
148561265595,195,272304531,29/07/26 06:13
148561183167,43850,272304552,29/07/26 06:13
148560836795,10958,272398017,29/07/26 06:13
148560767313,20595,272448714,29/07/26 06:13
148560687085,217315,272345127,29/07/26 06:13
148560831785,55993,272448933,29/07/26 06:13
148561388975,386935,272424667,29/07/26 06:13
148562269613,134229,213693015,29/07/26 06:13
148562195034,1416,123965448,29/07/26 06:13
148561702334,257861,272434909,29/07/26 06:13
148561149934,182487,272295285,29/07/26 06:13
148562196546,167387,264126841,29/07/26 06:13
148562197659,74917,219338184,29/07/26 06:13
148561526834,96541,272328017,29/07/26 06:13
148561135575,105095,271941293,29/07/26 06:13
148562194863,2078,128193578,29/07/26 06:13
148561462067,12074,272447248,29/07/26 06:13
148561527034,177984,272368055,29/07/26 06:13
148561236963,350375,271717550,29/07/26 06:13
148562269175,167121,223514950,29/07/26 06:13
148560892159,194457,272335511,29/07/26 06:13
148560771646,4227,272448841,29/07/26 06:13
148560943485,108412,272449029,29/07/26 06:13
148560883352,111456,272448863,29/07/26 06:13
148561388334,42096,272449143,29/07/26 06:13
148561343734,1879,271326896,29/07/26 06:13
148561610034,30613,272218898,29/07/26 06:13
148561061846,9894,272347336,29/07/26 06:13
148562065452,167478,40767457,29/07/26 06:13
148562196252,180512,272450444,29/07/26 06:13
148562195467,205397,160538207,29/07/26 06:13
148562272167,655418,249496733,29/07/26 06:13
148560901952,180896,272395804,29/07/26 06:13
148561113363,445774,272449205,29/07/26 06:13
148562360685,176582,239939481,29/07/26 06:13
148562330734,194982,50384095,29/07/26 06:13
148562011175,28953,12400886,29/07/26 06:13
148562366034,182719,89675340,29/07/26 06:13
148562312352,218545,21820297,29/07/26 06:13
148561767246,653160,272449896,29/07/26 06:14
148561192175,190781,271452848,29/07/26 06:14
148560892552,217174,267173057,29/07/26 06:14
148561788559,445369,267283105,29/07/26 06:14
148560707563,7046,270387562,29/07/26 06:14
148560471795,655846,272055476,29/07/26 06:14
148561181746,144093,270544409,29/07/26 06:14
148561820834,28678,83782293,29/07/26 06:14
148561789159,1492,245826752,29/07/26 06:14
148560993159,53306,269362506,29/07/26 06:14
148561102334,41694,271715308,29/07/26 06:14
148561376613,24230,266773448,29/07/26 06:14
148560704767,167429,267207849,29/07/26 06:14
148561340752,1416,271264263,29/07/26 06:14
148560945267,84685,270468354,29/07/26 06:14
148560833363,80967,268623083,29/07/26 06:14
148561483534,105912,271431751,29/07/26 06:14
148561065513,22835,270263893,29/07/26 06:14
148561581659,162937,270911477,29/07/26 06:14
148561497663,204503,271759409,29/07/26 06:14
148560688775,172839,264285047,29/07/26 06:14
148560886452,40214,270606051,29/07/26 06:14
148561196485,223231,265736284,29/07/26 06:14
148561653175,23893,271406265,29/07/26 06:14
148561604767,37790,265418035,29/07/26 06:14
148560695967,177908,263731591,29/07/26 06:14
148561630685,149091,268249646,29/07/26 06:14
148561601767,33003,264620510,29/07/26 06:14
148561661395,31979,258304368,29/07/26 06:14
148561514175,32060,268654033,29/07/26 06:14
148561703275,445918,269117476,29/07/26 06:14
148560761067,55441,263230540,29/07/26 06:14
148561153146,208853,265012749,29/07/26 06:14
148561488459,23241,271615791,29/07/26 06:14
148561305895,159247,256073626,29/07/26 06:14
148561069113,3404,271309255,29/07/26 06:14
148561652763,651886,269998091,29/07/26 06:14
148561215495,50247,272035869,29/07/26 06:14
148561996775,167035,272450177,29/07/26 06:14
148561494675,1211,268737233,29/07/26 06:14
148561067285,70082,257692179,29/07/26 06:14
148562333895,445513,87443192,29/07/26 06:14
148561479946,151173,266379617,29/07/26 06:14
148561064634,117687,264252412,29/07/26 06:14
148561742359,213749,267379392,29/07/26 06:14
148561492167,26294,260161362,29/07/26 06:14
148562312659,147582,24307108,29/07/26 06:14
148561066495,204984,257744002,29/07/26 06:14
148561637195,166960,265551473,29/07/26 06:14
148562198785,22540,244186992,29/07/26 06:14
148561067459,184920,271809264,29/07/26 06:14
148560635613,108288,266509225,29/07/26 06:14
148561340046,651231,266525330,29/07/26 06:14
148560834252,6472,271173812,29/07/26 06:14
148561337467,69544,270095769,29/07/26 06:14
148561572667,21601,263389608,29/07/26 06:14
148560475363,401709,264521430,29/07/26 06:14
148560996452,7336,271711668,29/07/26 06:14
148532650213,30613,206349731,29/07/26 06:14
148561135167,156642,262983603,29/07/26 06:14
148561684163,70082,272449787,29/07/26 06:14
148561517452,35223,269407089,29/07/26 06:14
148560758067,45805,260120855,29/07/26 06:14
148561485163,7991,269892207,29/07/26 06:14
148560772663,45883,269929556,29/07/26 06:14
148560943613,445774,268092545,29/07/26 06:14
148561608159,190519,266620626,29/07/26 06:14
148561144475,208183,265175702,29/07/26 06:14
148561339334,43854,258069385,29/07/26 06:14
148561457013,162260,265727650,29/07/26 06:14
148561241752,182630,256098672,29/07/26 06:14
148560820595,4408,256018242,29/07/26 06:14
148561452963,64848,271577462,29/07/26 06:14
148561550259,36205,266856017,29/07/26 06:14
148561631646,10816,255163198,29/07/26 06:14
148560941952,180773,257827135,29/07/26 06:14
148560822552,650587,268651345,29/07/26 06:14
148562215652,4057,132770827,29/07/26 06:14
148561688485,190732,258013841,29/07/26 06:14
148560710263,656169,271717026,29/07/26 06:14
148562272734,166177,59134081,29/07/26 06:14
148560689585,184284,256356233,29/07/26 06:14
148561348685,42035,271284157,29/07/26 06:14
148560884534,1647,258471865,29/07/26 06:14
148562315159,143900,113631109,29/07/26 06:14
148561627634,178221,257996137,29/07/26 06:14
148561491775,163751,257666050,29/07/26 06:14
148561385713,37776,269020724,29/07/26 06:14
148561104475,50141,271031661,29/07/26 06:14
148562274713,8912,136978199,29/07/26 06:14
148561347485,129916,256202991,29/07/26 06:14
148561494852,184926,263043274,29/07/26 06:14
148561554634,209020,268908741,29/07/26 06:14
148561230295,32848,271545313,29/07/26 06:14
148562335546,1056,202127030,29/07/26 06:14
148561631763,35137,256369918,29/07/26 06:14
148560586459,30613,269183797,29/07/26 06:14
148561699595,17353,263884267,29/07/26 06:14
148561238685,181574,270247503,29/07/26 06:14
148541247646,39841,24552009,29/07/26 06:14
148562335763,187983,240669159,29/07/26 06:14
148561964063,45790,234502077,29/07/26 06:14
148562368013,2091,90893781,29/07/26 06:15
148561379613,181812,215067705,29/07/26 06:15
148561820659,44109,148711478,29/07/26 06:15
148501641175,140750,185127070,29/07/26 06:15
148562367613,208737,272450686,29/07/26 06:15
148562274934,166960,272450566,29/07/26 06:15
148561704546,20956,244839995,29/07/26 06:15
148561829052,225991,272449948,29/07/26 06:15
148561526795,138217,249382737,29/07/26 06:15
148561303575,180895,250243583,29/07/26 06:15
148561788985,194316,253703621,29/07/26 06:15
148561090359,28389,253969793,29/07/26 06:15
148561745252,180898,257144000,29/07/26 06:15
148561609334,138734,252670287,29/07/26 06:15
148561655013,55643,254397830,29/07/26 06:15
148561187046,33622,255199352,29/07/26 06:15
148561492052,3092,252473065,29/07/26 06:15
148561518895,14213,254802869,29/07/26 06:15
148561523752,658579,245804703,29/07/26 06:15
148561546863,146978,244835364,29/07/26 06:15
148561725785,445774,257432517,29/07/26 06:15
148561310995,29582,243547630,29/07/26 06:15
148561306059,5850,253120743,29/07/26 06:15
148561410885,94530,252033662,29/07/26 06:15
148561139052,64988,254707214,29/07/26 06:15
148561525795,121122,248994432,29/07/26 06:15
148560681195,182163,252597489,29/07/26 06:15
148561637567,652861,251146393,29/07/26 06:15
148562277046,10803,272450570,29/07/26 06:15
148561637485,188702,239349623,29/07/26 06:15
148561525546,32244,248500578,29/07/26 06:15
148560837652,182790,238533846,29/07/26 06:15
148561303767,36118,244041503,29/07/26 06:15
148561633334,424,244652222,29/07/26 06:15
148561091775,182307,252212295,29/07/26 06:15
148561602263,137561,255229224,29/07/26 06:15
148561234813,145508,243463458,29/07/26 06:15
148561414975,26561,253786410,29/07/26 06:15
148560639585,80510,246515773,29/07/26 06:15
148560895213,193160,248688053,29/07/26 06:15
148561068095,172377,245741627,29/07/26 06:15
148560902559,80348,251982722,29/07/26 06:15
148562277167,191056,272450571,29/07/26 06:15
148561185452,20420,242590174,29/07/26 06:15
148561549463,445178,240786821,29/07/26 06:15
148561454646,184920,245314209,29/07/26 06:15
148561450752,152882,242021113,29/07/26 06:15
148561058246,21213,252906200,29/07/26 06:15
148561137634,32785,253078528,29/07/26 06:15
148560893885,64786,239301864,29/07/26 06:15
148561760867,189881,240770651,29/07/26 06:15
148561704759,6217,242134106,29/07/26 06:15
148560947767,181341,250951090,29/07/26 06:15
148561572867,190544,242014816,29/07/26 06:15
148561137746,173609,247589479,29/07/26 06:15
148561553159,194982,256299950,29/07/26 06:15
148561454034,30717,238729989,29/07/26 06:15
148561450967,192699,240340081,29/07/26 06:15
148561219067,13824,245670090,29/07/26 06:15
148561308652,24121,247489264,29/07/26 06:15
148561706195,65761,242210276,29/07/26 06:15
148561418385,445988,249426701,29/07/26 06:15
148561002785,650587,244466430,29/07/26 06:15
148561521452,444742,248465525,29/07/26 06:15
148561033334,3936,240219079,29/07/26 06:15
148561525434,28608,250708721,29/07/26 06:15
148561225513,168563,247589479,29/07/26 06:15
148560530852,5735,234401821,29/07/26 06:15
148562322263,134193,272450612,29/07/26 06:15
148560632752,1262,257266144,29/07/26 06:15
148561236575,166672,245095057,29/07/26 06:15
148561487663,101861,235217839,29/07/26 06:15
148521669867,148360,75963078,29/07/26 06:15
148562367834,177542,272450687,29/07/26 06:15
148561375363,4358,249033181,29/07/26 06:15
148561095685,18339,237979629,29/07/26 06:15
148561002675,40700,236989534,29/07/26 06:15
148561418095,202031,252356512,29/07/26 06:15
148561684395,147110,257083429,29/07/26 06:15
148561267546,12767,236278907,29/07/26 06:15
148560701746,654745,242830634,29/07/26 06:15
148560894359,2218,237554167,29/07/26 06:15
148561234967,85987,238616626,29/07/26 06:15
148561345085,939,240059451,29/07/26 06:15
148561740259,20595,255862114,29/07/26 06:15
148561521134,18673,241910087,29/07/26 06:15
148561747213,25377,236952096,29/07/26 06:15
148561748175,177537,240788670,29/07/26 06:15
148561483267,41835,240293799,29/07/26 06:15
148560887834,114286,236098413,29/07/26 06:15
148561521813,29938,237623072,29/07/26 06:15
148561611959,32848,257051388,29/07/26 06:15
148561383167,153411,234581563,29/07/26 06:15
148561266567,122215,235119840,29/07/26 06:15
148561229485,26585,237936387,29/07/26 06:15
148561310846,216871,240622889,29/07/26 06:15
148561237767,22315,239249873,29/07/26 06:15
148560827952,178076,236621081,29/07/26 06:15
148562372134,193975,250030250,29/07/26 06:15
148561687913,43850,237577326,29/07/26 06:15
148561575775,9030,238562006,29/07/26 06:15
148562368113,221293,93867060,29/07/26 06:15
148562372285,144499,248774219,29/07/26 06:15
148562373613,165696,246778783,29/07/26 06:16
148562201313,182952,272450470,29/07/26 06:16
148562393463,180204,271813733,29/07/26 06:16
148562202659,126301,272450475,29/07/26 06:16
148562200963,68727,272450460,29/07/26 06:16
148561787646,18116,31392050,29/07/26 06:16
148561791563,5308,223829696,29/07/26 06:16
148561628934,74043,272449720,29/07/26 06:16
148561814267,195041,11484639,29/07/26 06:16
148562277252,33283,272450569,29/07/26 06:16
148562275259,6033,24096535,29/07/26 06:16
148562275585,445774,163536008,29/07/26 06:16
148562200763,2653,157727066,29/07/26 06:16
148561489134,4714,231039849,29/07/26 06:16
148560841813,23220,229306190,29/07/26 06:16
148561354259,39959,226398442,29/07/26 06:16
148561768259,191056,272449312,29/07/26 06:16
148561781085,4805,272449918,29/07/26 06:16
148560994275,653829,228628216,29/07/26 06:16
148560893313,95031,225465953,29/07/26 06:16
148562198946,20454,202003463,29/07/26 06:16
148562303534,154773,272450579,29/07/26 06:16
148561766475,180509,272449879,29/07/26 06:16
148561725285,167035,272449855,29/07/26 06:16
148562292913,107049,272450576,29/07/26 06:16
148561606485,21207,231679291,29/07/26 06:16
148561532134,209057,228268544,29/07/26 06:16
148561745313,20717,272449851,29/07/26 06:16
148561461695,208499,225741754,29/07/26 06:16
148561723834,225991,272449854,29/07/26 06:16
148561784095,109984,272449865,29/07/26 06:16
148562201275,136878,188009041,29/07/26 06:16
148562394867,44943,271808905,29/07/26 06:16
148561780052,11200,226838491,29/07/26 06:16
148560937585,101824,223065022,29/07/26 06:16
148561761059,191056,272449889,29/07/26 06:16
148560941675,158953,227524684,29/07/26 06:16
148561609959,12085,225548901,29/07/26 06:16
148561345134,650097,221385680,29/07/26 06:16
148561488775,172377,233411713,29/07/26 06:16
148561740195,170776,272449858,29/07/26 06:16
148562219946,6745,272450477,29/07/26 06:16
148561783985,176586,272449927,29/07/26 06:16
148561740567,50141,232159116,29/07/26 06:16
148561722167,126590,272449847,29/07/26 06:16
148561101313,87883,235402576,29/07/26 06:16
148560635095,119118,227281775,29/07/26 06:16
148561720834,126590,272449833,29/07/26 06:16
148561767585,180204,272449872,29/07/26 06:16
148561276585,191127,233808953,29/07/26 06:16
148561344495,164973,231925702,29/07/26 06:16
148561225985,143148,223016113,29/07/26 06:16
148560692534,442756,225383699,29/07/26 06:16
148561722434,167035,272449848,29/07/26 06:16
148561098985,223884,235722951,29/07/26 06:16
148561744667,38833,272449870,29/07/26 06:16
148561659867,167035,272449772,29/07/26 06:16
148562366795,42658,272450684,29/07/26 06:16
148561341152,7070,226197150,29/07/26 06:16
148560853734,4167,226073220,29/07/26 06:16
148562201975,651313,162692951,29/07/26 06:16
148561554163,181436,226085109,29/07/26 06:16
148561410759,41695,229647205,29/07/26 06:16
148561785159,180509,272449912,29/07/26 06:16
148561401585,444900,233044219,29/07/26 06:16
148561060867,183418,229155239,29/07/26 06:16
148561681075,3782,272449759,29/07/26 06:16
148561681534,650012,272449788,29/07/26 06:16
148561000513,11425,226520803,29/07/26 06:16
148561234685,29050,228251235,29/07/26 06:16
148561762313,166540,272449886,29/07/26 06:16
148561061067,6240,223192076,29/07/26 06:16
148561389675,43850,224603631,29/07/26 06:16
148561739152,259131,272449859,29/07/26 06:16
148561784595,163489,272449924,29/07/26 06:16
148560885395,215997,223063770,29/07/26 06:16
148561682895,179475,272449789,29/07/26 06:16
148561139552,154968,222996405,29/07/26 06:16
148561660534,209099,272449744,29/07/26 06:16
148561654875,187920,272449761,29/07/26 06:16
148561421052,25061,223664337,29/07/26 06:16
148561634975,651102,272449739,29/07/26 06:16
148561145034,27304,232650362,29/07/26 06:16
148561343875,33324,229030267,29/07/26 06:16
148561766734,104097,225203379,29/07/26 06:16
148560893467,15246,233812489,29/07/26 06:16
148561304913,650573,224413625,29/07/26 06:16
148561603852,22626,227150327,29/07/26 06:16
148562217175,190157,272450480,29/07/26 06:16
148561660267,181392,223429054,29/07/26 06:16
148560831813,221789,222379510,29/07/26 06:16
148561682113,651672,272449786,29/07/26 06:16
148561680346,180204,272449770,29/07/26 06:16
148561635263,102080,272449733,29/07/26 06:16
148561634495,116425,272449732,29/07/26 06:16
148561479659,138217,223763785,29/07/26 06:16
148561653667,179475,272449741,29/07/26 06:16
148561671563,179669,272449718,29/07/26 06:16
148561606059,259131,272449681,29/07/26 06:16
148561053813,4575,222490284,29/07/26 06:16
148561170734,38602,223695074,29/07/26 06:16
148562326846,443000,264736283,29/07/26 06:16
148561653834,18091,272449760,29/07/26 06:16
148562369346,208861,94944949,29/07/26 06:16
148561652867,225991,272449756,29/07/26 06:16
148561604195,20717,272449691,29/07/26 06:16
148561236785,100674,229085140,29/07/26 06:16
148562327113,32519,5754868,29/07/26 06:16
148561625063,126590,272449711,29/07/26 06:16
148520292085,44209,243612651,29/07/26 06:16
148562376863,235740,140406217,29/07/26 06:16
148562393575,156787,46363207,29/07/26 06:16
148562374352,35667,272450700,29/07/26 06:16
148562367152,207565,272450685,29/07/26 06:16
148562327785,179265,18495723,29/07/26 06:16
148562326985,114183,272450626,29/07/26 06:17
148505709375,22408,253336653,29/07/26 06:17
148562393652,177,67151352,29/07/26 06:17
148547157063,27304,271631332,29/07/26 06:17
148561515852,21568,272449391,29/07/26 06:17
148562369146,187130,272450691,29/07/26 06:17
148561490363,167035,272449578,29/07/26 06:17
148561578913,445774,272449665,29/07/26 06:17
148561577252,167035,272449659,29/07/26 06:17
148561570846,163764,272449642,29/07/26 06:17
148561451763,21384,222257671,29/07/26 06:17
148561460167,151173,272449529,29/07/26 06:17
148561553513,105912,272449645,29/07/26 06:17
148562306385,167035,272450521,29/07/26 06:17
148561554559,650293,272449545,29/07/26 06:17
148561658363,4358,221877870,29/07/26 06:17
148561522263,78395,272449509,29/07/26 06:17
148561581259,445774,272449675,29/07/26 06:17
148561603313,650203,272449668,29/07/26 06:17
148561375975,179669,272449462,29/07/26 06:17
148562396395,163187,255172387,29/07/26 06:17
148561520459,70082,272449595,29/07/26 06:17
148561573346,120988,272449637,29/07/26 06:17
148562306413,21280,257038280,29/07/26 06:17
148561418259,444743,272449495,29/07/26 06:17
148562327995,167035,270007285,29/07/26 06:17
148561452846,278866,272449527,29/07/26 06:17
148561303452,20717,272449389,29/07/26 06:17
148561575367,120988,272449660,29/07/26 06:17
148561489663,167035,272449575,29/07/26 06:17
148561517159,180204,272449561,29/07/26 06:17
148561301434,9497,272449380,29/07/26 06:17
148560945467,1068,219179934,29/07/26 06:17
148561313567,167035,272449412,29/07/26 06:17
148561578495,179724,272449617,29/07/26 06:17
148561267285,178541,272449324,29/07/26 06:17
148561522546,122637,272449590,29/07/26 06:17
148561452067,166960,272449507,29/07/26 06:17
148561458785,142535,216027180,29/07/26 06:17
148561381946,126590,272449471,29/07/26 06:17
148561195246,259131,272449299,29/07/26 06:17
148561411834,650106,272449494,29/07/26 06:17
148561549585,191056,272449635,29/07/26 06:17
148561147895,3323,220782876,29/07/26 06:17
148561314052,216903,272449415,29/07/26 06:17
148561740075,24453,217983178,29/07/26 06:17
148561763834,5509,217178775,29/07/26 06:17
148561346285,137687,272449439,29/07/26 06:17
148561747675,158095,218903295,29/07/26 06:17
148561311252,176586,272449408,29/07/26 06:17
148561493613,153131,272449586,29/07/26 06:17
148561546185,225991,272449623,29/07/26 06:17
148561510975,178199,218467328,29/07/26 06:17
148561425675,96525,218980258,29/07/26 06:17
148561494975,4805,272449581,29/07/26 06:17
148561195413,235442,272449286,29/07/26 06:17
148561602552,444900,272449510,29/07/26 06:17
