user_glid,user_role,src_mcat_id,llm_extracted_json_masked,fel.created_at,eto_ofr_display_id,eto_ofr_approv_date_orig
110856589,BUYER,16374,"{""payment"": {}, ""callback"": ""callback by Today - Discuss further (Aaj call karta hoon)"", ""lead_tag"": {""deal_blockers"": [{""detail"": ""Buyer is seeking a regular supplier for resale"", ""category"": ""Other""}], ""deal_readiness"": ""Warm"", ""deal_readiness_reason"": ""Interested in purchasing after receiving product photos""}, ""metadata"": {""call_type"": {""type"": ""B2B"", ""reason"": ""The buyer owns a shop and is looking for a manufacturer to source sports wear regularly for resale."", ""evidence"": {""keywords"": [""Sports Wear"", ""Lower"", ""Direct Manufacturer""], ""order_type"": [""recurring"", ""commercial""], ""repeat_buyer"": true, ""buyer_persona"": {""persona_detail"": ""Clothing Shop Owner"", ""persona_category"": ""retailer""}, ""quantity_scale"": ""High""}}, ""buyer_intent"": {""narrative"": ""Wants repetitive supply of sports shorts and lowers for retail sale"", ""reasoning"": ""Inquiring about factory location and requesting photos for quality check"", ""intent_level"": ""Medium""}, ""call_outcome"": {""category"": ""Follow-up"", ""conclusion_notes"": ""Seller will share photos on WhatsApp (WhatsApp par photo daal do)""}, ""call_purpose"": ""requirement"", ""all_languages"": [""Hindi"", ""English""], ""primary_language"": ""Hindi"", ""additional_details"": {""buyer_queries"": [{""query"": ""Where is your factory located?"", ""category"": ""Specifications"", ""sequence"": 1}], ""seller_queries"": [{""query"": ""What items do you need?"", ""category"": ""Availability"", ""sequence"": 2}]}, ""intended_application"": ""Retail Resale""}, ""products"": [{""in_stock"": ""in stock"", ""product_name"": ""NS Shorts"", ""specifications"": [{""name"": ""Material"", ""value"": ""NS"", ""buyer_requested"": false, ""seller_mentioned"": true}], ""related_categories"": [{""name"": ""Men Shorts"", ""reason"": ""General category for the shorts mentioned""}, {""name"": ""Athletic Shorts"", ""reason"": ""Suitable for sports activities""}], ""is_buyer_interested"": true, ""most_specific_category"": {""name"": ""Men Sports Shorts"", ""reason"": ""Discussed in the context of sports wear manufacturing""}}, {""in_stock"": ""in stock"", ""product_name"": ""Sports Lower"", ""specifications"": [{""name"": ""Category"", ""value"": ""Sports"", ""buyer_requested"": false, ""seller_mentioned"": true}], ""related_categories"": [{""name"": ""Men Knit Shorts"", ""reason"": ""Common material used for sports lower garments""}], ""is_buyer_interested"": true, ""most_specific_category"": {""name"": ""Men Shorts"", ""reason"": ""Buyer specifically asked for sports lowers and shorts""}}], ""next_steps"": {""buyer_next_steps"": [""To check product photos on WhatsApp""], ""seller_next_steps"": [""To share product photos of shorts and lowers on WhatsApp""]}, ""buyer_details"": {""buyer_name"": ""33c2d98af7a0097eb2c2483b2f8ebea407e340d0172fa7b53e7acc6496706c7a"", ""buyer_mobile_number"": ""fcc08bdf99913bcccad114d4ffbdb9b3f14042e41953754b6f0ee2e245e89101""}, ""seller_details"": {""seller_name"": ""742abc8dbbe64738ca5b2d3def1f9da6319401cd9abe7e4ff74229f3847fa8bf"", ""seller_location"": {""seller_city"": ""Bulandshahr""}}}",2026-07-30 10:23:40.078,148560697995,29/07/26
272132301,BUYER,40991,"{""lead_tag"": {""deal_blockers"": [{""detail"": ""Seller does not sell ESAB brand products; only sells their own brand named Sabu."", ""category"": ""Availability""}], ""deal_readiness"": ""Cold"", ""deal_readiness_reason"": ""The seller does not deal in the specific brand requested by the buyer, leading to a quick disengagement.""}, ""metadata"": {""call_type"": {""type"": ""B2B"", ""reason"": ""The call was a brief inquiry about specific industrial safety products (welding gloves). Although it ended quickly due to brand unavailability, the nature of the product is industrial."", ""evidence"": {""keywords"": [""Welding hand gloves"", ""Safety gloves""]}}, ""buyer_intent"": {""narrative"": ""The buyer is looking for ESAB brand safety and welding hand gloves."", ""reasoning"": ""The buyer inquired about a specific brand which the seller did not have, leading to an immediate end of the call."", ""intent_level"": ""Low""}, ""call_outcome"": {""category"": ""Lost"", ""conclusion_notes"": ""The seller does not stock the requested brand ESAB (Esab ka toh hum log nahi rakhte).""}, ""call_purpose"": ""requirement"", ""all_languages"": [""Hindi"", ""English""], ""primary_language"": ""Hindi"", ""additional_details"": {""buyer_queries"": [{""query"": ""Do you have ESAB safety and welding hand gloves?"", ""category"": ""Availability"", ""sequence"": 1, ""answer_by_seller"": ""We do not keep ESAB; we have our own brand called Sabu.""}], ""seller_queries"": []}}, ""products"": [{""product_name"": ""Sabu (ESAB)"", ""specifications"": [{""name"": ""Brand"", ""value"": ""Sabu"", ""buyer_requested"": true, ""seller_mentioned"": true}], ""related_categories"": [{""name"": ""Industrial Gloves"", ""reason"": ""Welding gloves are a subset of industrial safety equipment used for protection.""}, {""name"": ""Safety Gloves"", ""reason"": ""The buyer explicitly mentioned safety hand gloves.""}], ""is_buyer_interested"": true, ""most_specific_category"": {""name"": ""Welding Gloves"", ""reason"": ""The buyer specifically asked for welding hand gloves and ESAB safety equipment.""}}], ""next_steps"": {""buyer_next_steps"": [], ""seller_next_steps"": []}, ""buyer_details"": {""buyer_name"": ""1f34503f65b4a355a94ee54da8e34541007cc66ec548c61b8dafbea21a1a0787""}, ""seller_details"": {""seller_name"": ""45fab2fd52dcaa7d97b18a1762af1f2d63d2e54b607521ed83768317c7b3257c""}}",2026-07-30 09:37:18.921,148527346334,29/07/26
272132301,BUYER,40991,"{""payment"": {}, ""callback"": """", ""lead_tag"": {""deal_blockers"": [{""detail"": ""Seller does not deal in the requested brand (Esab)"", ""category"": ""Availability""}], ""deal_readiness"": ""Cold"", ""deal_readiness_reason"": ""Seller does not supply the specific brand requested by the buyer""}, ""metadata"": {""call_type"": {""type"": ""B2B"", ""reason"": ""The buyer was seeking a specific brand of safety equipment for welding, but the seller clarified they only trade and do not stock that specific brand, leading to a dead end."", ""evidence"": {""keywords"": [""Welding Hand Gloves"", ""Esab Brand"", ""Trading""], ""order_type"": [""other""], ""repeat_buyer"": false, ""quantity_scale"": ""Low""}}, ""buyer_intent"": {""narrative"": ""Buyer is looking for Esab brand welding hand gloves."", ""reasoning"": ""The buyer specifically asked for Esab brand welding hand gloves but the seller confirmed they do not deal in this brand."", ""intent_level"": ""Medium""}, ""call_outcome"": {""category"": ""Lost"", ""conclusion_notes"": ""Seller does not have the requested brand (Esab ka nahi milega)""}, ""call_purpose"": ""requirement"", ""all_languages"": [""Hindi"", ""English""], ""primary_language"": ""Hindi"", ""additional_details"": {""buyer_queries"": [{""query"": ""Do you have Esab welding hand gloves?"", ""category"": ""Availability"", ""sequence"": 1, ""answer_by_seller"": ""No we do not have Esab brand.""}, {""query"": ""Are you a manufacturer?"", ""category"": ""Other"", ""sequence"": 2, ""answer_by_seller"": ""No, we are into trading.""}, {""query"": ""So what do you supply?"", ""category"": ""Other"", ""sequence"": 3, ""answer_by_seller"": ""We don't supply Esab.""}], ""seller_queries"": []}}, ""products"": [{""in_stock"": ""not sold"", ""product_name"": ""Esab Welding Hand Gloves"", ""specifications"": [{""name"": ""Brand"", ""value"": ""Esab"", ""buyer_requested"": true, ""seller_mentioned"": true}], ""related_categories"": [{""name"": ""Safety Gloves"", ""reason"": ""Welding gloves are a specialized type of safety gloves used for industrial protection.""}, {""name"": ""Industrial Gloves"", ""reason"": ""These gloves are used in industrial welding applications.""}], ""is_buyer_interested"": true, ""most_specific_category"": {""name"": ""Welding Gloves"", ""reason"": ""The buyer specifically asked for welding hand gloves.""}}], ""next_steps"": {""buyer_next_steps"": [], ""seller_next_steps"": []}, ""buyer_details"": {""buyer_name"": ""1f34503f65b4a355a94ee54da8e34541007cc66ec548c61b8dafbea21a1a0787""}, ""seller_details"": {}}",2026-07-30 09:36:47.653,148527346334,29/07/26
110856589,BUYER,16374,"{""payment"": {}, ""callback"": ""callback by Tomorrow 5 PM - To finalize (Kal 5 baje call karta hoon)"", ""lead_tag"": {""deal_blockers"": [], ""deal_readiness"": ""Warm"", ""deal_readiness_reason"": ""Buyer inquired about specific rates for different types of NS shorts showing genuine interest in pricing.""}, ""metadata"": {""call_type"": {""type"": ""B2B"", ""reason"": ""The conversation focuses on manufacturing, wholesale rates (100-110 INR), and the possibility of supply/procurement, which are typical of B2B trade."", ""evidence"": {""order_type"": [""bulk"", ""commercial""]}}, ""buyer_intent"": {""narrative"": ""Buyer is checking wholesale rates for different varieties of NS shorts, including plain and striped designs."", ""reasoning"": ""The buyer asked for specific price points for various designs (plain vs. striped) and also inquired if the seller procures products from others, suggesting a business-to-business context."", ""intent_level"": ""Medium""}, ""call_outcome"": {""category"": ""Follow-up"", ""conclusion_notes"": ""The buyer inquired about rates and the seller shared pricing, with an implied callback to finalize details (Kal 5 baje call karta hoon).""}, ""call_purpose"": ""requirement"", ""all_languages"": [""Hindi"", ""English""], ""primary_language"": ""Hindi"", ""additional_details"": {""buyer_queries"": [{""query"": ""What is the rate for NS shorts?"", ""category"": ""Pricing"", ""sequence"": 1, ""answer_by_seller"": ""The rate for NS shorts is 100 rupees.""}, {""query"": ""Is the rate for plain shorts also 100 rupees?"", ""category"": ""Pricing"", ""sequence"": 2, ""answer_by_seller"": ""Yes, plain shorts are also 100 rupees.""}, {""query"": ""What is the price for basic two or three-stripe shorts?"", ""category"": ""Pricing"", ""sequence"": 3, ""answer_by_seller"": ""The three-stripe shorts are 110 rupees.""}, {""query"": ""Do you also buy shorts if I provide them to you?"", ""category"": ""Other"", ""sequence"": 4, ""answer_by_seller"": ""No, I have my own manufacturing unit and I make them myself.""}], ""seller_queries"": []}}, ""products"": [{""price"": {""value"": 100, ""currency"": ""INR"", ""price_unit"": ""piece""}, ""in_stock"": ""in stock"", ""product_name"": ""NS Plain Shorts"", ""specifications"": [{""name"": ""Material"", ""value"": ""NS"", ""buyer_requested"": false, ""seller_mentioned"": true}, {""name"": ""Design"", ""value"": ""Plain"", ""buyer_requested"": true, ""seller_mentioned"": true}], ""related_categories"": [{""name"": ""Men Sports Shorts"", ""reason"": ""NS fabric is commonly used in athletic and sports shorts.""}], ""is_buyer_interested"": true, ""most_specific_category"": {""name"": ""Men Shorts"", ""reason"": ""The products discussed are shorts made of NS fabric, categorized generally as men's shorts.""}}, {""price"": {""value"": 110, ""currency"": ""INR"", ""price_unit"": ""piece""}, ""in_stock"": ""in stock"", ""product_name"": ""NS 3-Stripe Shorts (Teen Patti)"", ""specifications"": [{""name"": ""Material"", ""value"": ""NS"", ""buyer_requested"": false, ""seller_mentioned"": true}, {""name"": ""Design"", ""value"": ""3-Stripe (Teen Patti)"", ""buyer_requested"": true, ""seller_mentioned"": true}], ""related_categories"": [{""name"": ""Men Sports Shorts"", ""reason"": ""Striped NS shorts are typically marketed as sportswear.""}], ""is_buyer_interested"": true, ""most_specific_category"": {""name"": ""Men Shorts"", ""reason"": ""The product is a variation of NS shorts with a striped design.""}}, {""in_stock"": ""in stock"", ""product_name"": ""NS 2-Stripe Shorts (Do Patti)"", ""specifications"": [{""name"": ""Material"", ""value"": ""NS"", ""buyer_requested"": false, ""seller_mentioned"": true}, {""name"": ""Design"", ""value"": ""2-Stripe (Do Patti)"", ""buyer_requested"": true, ""seller_mentioned"": false}], ""related_categories"": [{""name"": ""Men Sports Shorts"", ""reason"": ""NS fabric shorts with stripes are used in sports and athletic contexts.""}], ""is_buyer_interested"": true, ""most_specific_category"": {""name"": ""Men Shorts"", ""reason"": ""Buyer specifically asked for 'do patti' (2-stripe) variations of NS shorts.""}}], ""next_steps"": {""buyer_next_steps"": [""To call back at 5 PM tomorrow to finalize the deal""], ""seller_next_steps"": []}, ""buyer_details"": {}, ""seller_details"": {}}",2026-07-30 08:53:07.237,148560697995,29/07/26
20625028,BUYER,149776,"{""callback"": ""callback by Today - To share technical specifications and requirement details on WhatsApp (WhatsApp number hai to main aapko WhatsApp karta hoon uspe mujhe woh bhej dijiye)"", ""lead_tag"": {""deal_blockers"": [], ""deal_readiness"": ""Hot"", ""deal_readiness_reason"": ""Wants a complete setup and is sharing specifications immediately on WhatsApp for a quote. ""}, ""metadata"": {""call_type"": {""type"": ""B2B"", ""reason"": ""Discussing industrial machinery (Filter Press) for used oil processing in a commercial context."", ""evidence"": {""keywords"": [""Used Engine Oil"", ""Black Oil"", ""Filter Press"", ""MS Plate Tie Bar""], ""order_type"": [""commercial"", ""bulk""], ""repeat_buyer"": false, ""quantity_scale"": ""High""}}, ""buyer_intent"": {""narrative"": ""Wants a 36x36 Filter Press setup for filtering used engine oil and is sharing details for a quote."", ""reasoning"": ""Knows specific size requirement (36x36), has a clear use case (engine oil filtration), and is providing technical details for a formal quotation."", ""intent_level"": ""High""}, ""call_outcome"": {""category"": ""Follow-up"", ""conclusion_notes"": ""Sharing details on WhatsApp (WhatsApp kijiye main specifications bhejta hoon)""}, ""call_purpose"": ""requirement"", ""all_languages"": [""Hindi"", ""English""], ""primary_language"": ""Hindi"", ""additional_details"": {""buyer_queries"": [{""query"": ""What will you provide in this (Filter)?"", ""category"": ""Specifications"", ""sequence"": 2}, {""query"": ""I need 36x36 filter?"", ""category"": ""Specifications"", ""sequence"": 3}], ""seller_queries"": [{""query"": ""What product needs to be filtered?"", ""category"": ""Specifications"", ""sequence"": 1}, {""query"": ""Where are you calling from?"", ""category"": ""Location"", ""sequence"": 4}]}}, ""products"": [{""in_stock"": ""in stock"", ""product_name"": ""Filter Press"", ""specifications"": [{""name"": ""Size"", ""unit"": ""inch"", ""value"": ""36x36"", ""buyer_requested"": true, ""seller_mentioned"": false}, {""name"": ""Application"", ""value"": ""Engine Oil Filtration"", ""buyer_requested"": false, ""seller_mentioned"": false}, {""name"": ""Color Modification"", ""value"": ""No color change only particle separation"", ""buyer_requested"": false, ""seller_mentioned"": true}], ""related_categories"": [{""name"": ""Oil Filter Press"", ""reason"": ""Explicitly discussed for filtering used engine oil.""}, {""name"": ""Hydraulic Filter Press"", ""reason"": ""Mentioned as a complete setup including MS plates and tie bars typical of industrial filter presses.""}], ""is_buyer_interested"": true, ""most_specific_category"": {""name"": ""Filter Press"", ""reason"": ""General term used for the filtration equipment discussed for oil processing.""}}, {""in_stock"": ""in stock"", ""product_name"": ""Filter Cloth"", ""specifications"": [{""name"": ""Included In Package"", ""value"": ""Yes"", ""buyer_requested"": false, ""seller_mentioned"": true}], ""is_buyer_interested"": true, ""most_specific_category"": {""name"": ""Filter Press Cloth"", ""reason"": ""Specifically mentioned as part of the filter press package.""}}], ""next_steps"": {""buyer_next_steps"": [""To share detailed specifications of required components on WhatsApp""], ""seller_next_steps"": [""To provide a formal quotation after receiving details on WhatsApp""]}, ""buyer_details"": {""buyer_name"": ""b06514d8bc65875cc670a226aa945c492c126ef2da71f226c3ed938aacb27f30""}, ""seller_details"": {""seller_name"": ""52ed093a2b6dec6a84bd663a68a4d664088549b3494e29b8ddaeac90dea52543""}}",2026-07-30 05:20:32.825,148561414867,29/07/26
125423377,BUYER,50414,"{""callback"": ""callback by Tomorrow 5 PM - to discuss the price details (Nale 5 mani call cheyam)"", ""lead_tag"": {""deal_blockers"": [], ""deal_readiness"": ""Warm"", ""deal_readiness_reason"": ""Buyer is genuinely interested in the product but needs to confirm pricing and finalize the order details.""}, ""metadata"": {""call_type"": {""type"": ""B2B"", ""reason"": ""The buyer is inquiring about a bulk pack of 48 pulling toys, which suggests intent for commercial resale."", ""evidence"": {""keywords"": [""Retail Shop""], ""order_type"": [""bulk"", ""commercial""], ""repeat_buyer"": false, ""buyer_persona"": {""persona_category"": ""retailer""}, ""quantity_scale"": ""High""}}, ""buyer_intent"": {""narrative"": ""Buyer is trying to purchase a pulling toy set of 48 pieces and is seeking help for the order process."", ""reasoning"": ""Buyer expressed strong interest by stating they tried booking online and specifically requested pricing to proceed."", ""intent_level"": ""High""}, ""call_outcome"": {""category"": ""Follow-up"", ""conclusion_notes"": ""The buyer and seller agreed to a follow-up call at 5 PM the next day to discuss the price. (Nale 5 mani call cheyam)""}, ""call_purpose"": ""requirement"", ""all_languages"": [""Malayalam"", ""English""], ""primary_language"": ""Malayalam"", ""additional_details"": {""buyer_queries"": [{""query"": ""Where is the location?"", ""category"": ""Other"", ""sequence"": 1}, {""query"": ""I am unable to book the product."", ""category"": ""Other"", ""sequence"": 2}], ""seller_queries"": [{""query"": ""Which product do you need?"", ""category"": ""Specifications"", ""sequence"": 3}]}}, ""products"": [{""in_stock"": ""in stock"", ""product_name"": ""Pulling Toy Set"", ""specifications"": [{""name"": ""Quantity Per Pack"", ""unit"": ""pieces"", ""value"": ""48"", ""buyer_requested"": false, ""seller_mentioned"": true}], ""quantity_required"": {""unit"": ""pack"", ""value"": 1}, ""related_categories"": [{""name"": ""Kids Toys"", ""reason"": ""Pulling toys are a standard category within general kids' toys.""}, {""name"": ""Toy Vehicles"", ""reason"": ""Commonly, these sets consist of various toy vehicles.""}], ""is_buyer_interested"": true, ""most_specific_category"": {""name"": ""Pull Back Toy"", ""reason"": ""The product is described as a pulling toy set, specifically a '48 piece pull pack'.""}, ""seller_accepts_quantity"": true}], ""next_steps"": {""buyer_next_steps"": [""To call the seller at 5 PM tomorrow""], ""seller_next_steps"": [""To share product price and catalog over phone""]}, ""buyer_details"": {""buyer_name"": ""0522a55e2d5f0993a3d66d28864b2862a7218a75ea7968b075333434404485c3""}, ""seller_details"": {""seller_name"": ""3728a121efabad8dd43c044d9832ca3b8d79fe3d14055613dfdcce96c9405710""}}",2026-07-30 05:19:23.389,148561103863,29/07/26
272132301,BUYER,40991,"{""payment"": {}, ""callback"": """", ""lead_tag"": {""deal_blockers"": [], ""deal_readiness"": ""Warm"", ""deal_readiness_reason"": ""Business use requirement expressed but waiting for specifications and images to confirm.""}, ""metadata"": {""call_type"": {""type"": ""B2B"", ""reason"": ""Buyer is seeking safety gloves for their business use in Pune, indicating a B2B requirement for operational safety."", ""evidence"": {""keywords"": [""Business Use""], ""order_type"": [""commercial""], ""buyer_persona"": {""persona_detail"": ""Business Owner"", ""persona_category"": ""other""}}}, ""buyer_intent"": {""narrative"": ""Wants ESAB brand safety hand gloves for their own business use in Pune."", ""reasoning"": ""Clarified brand preference and stated use for their own business, with specific location and contact details shared."", ""intent_level"": ""High""}, ""call_outcome"": {""category"": ""Follow-up"", ""conclusion_notes"": ""Images and price will be shared on WhatsApp (Images bhejti hoon fir price check karte hain)""}, ""call_purpose"": ""requirement"", ""all_languages"": [""Hindi"", ""English""], ""primary_language"": ""Hindi"", ""additional_details"": {""buyer_queries"": [{""query"": ""Do you have ESAB safety hand gloves?"", ""category"": ""Availability"", ""sequence"": 1}, {""query"": ""What is the price of the available gloves?"", ""category"": ""Pricing"", ""sequence"": 2}], ""seller_queries"": [{""query"": ""How many inches do you want and which type?"", ""category"": ""Specifications"", ""sequence"": 3}, {""query"": ""Do you need these for reselling?"", ""category"": ""Specifications"", ""sequence"": 4}, {""query"": ""From where are you calling?"", ""category"": ""Location"", ""sequence"": 5}, {""query"": ""Can you share your WhatsApp number?"", ""category"": ""Other"", ""sequence"": 6}]}, ""intended_application"": ""Business Use""}, ""products"": [{""product_name"": ""ESAB Safety Hand Gloves"", ""specifications"": [{""name"": ""Brand"", ""value"": ""ESAB"", ""buyer_requested"": true, ""seller_mentioned"": false}], ""related_categories"": [{""name"": ""Industrial Gloves"", ""reason"": ""Safety gloves used for business/industrial operations.""}, {""name"": ""Hand Gloves"", ""reason"": ""General product category for the requested item.""}], ""is_buyer_interested"": true, ""most_specific_category"": {""name"": ""Safety Gloves"", ""reason"": ""The buyer specifically asked for safety hand gloves for business use.""}}], ""next_steps"": {""buyer_next_steps"": [""To share reference image of the required glove on WhatsApp""], ""seller_next_steps"": [""To share available glove pictures and prices on WhatsApp""]}, ""buyer_details"": {""buyer_name"": ""1f34503f65b4a355a94ee54da8e34541007cc66ec548c61b8dafbea21a1a0787"", ""buyer_location"": {""buyer_city"": ""Pune""}, ""buyer_mobile_number"": ""07a9518e4856078f0a7bedadf808efa3b6a8631844081996315c394b61114cdd""}, ""seller_details"": {""seller_name"": ""794cea7c87046fedabea96159b5a575f95f3c71f488728d4fb82354e2f443dec""}}",2026-07-30 05:10:29.188,148527346334,29/07/26
106164548,BUYER,189973,"{""payment"": {}, ""callback"": ""callback by Tomorrow - To send the invoice (Kal main aapko bhej dungi invoice)"", ""lead_tag"": {""deal_blockers"": [], ""deal_readiness"": ""Hot"", ""deal_readiness_reason"": ""The buyer has a specific requirement and is awaiting the invoice for payment tomorrow.""}, ""metadata"": {""call_type"": {""type"": ""B2C"", ""reason"": ""The buyer is ordering single units for demo purposes, indicating a potential professional or small-scale testing requirement."", ""evidence"": {""keywords"": [""NodeMCU"", ""OLED Display"", ""Demo""], ""order_type"": [""trial"", ""sample""], ""quantity_scale"": ""Low""}}, ""buyer_intent"": {""narrative"": ""Wants single units of NodeMCU and OLED display for demo purposes."", ""reasoning"": ""The buyer knew the exact part numbers and confirmed their demo requirement."", ""intent_level"": ""High""}, ""call_outcome"": {""category"": ""Follow-up"", ""conclusion_notes"": ""The seller will send the invoice tomorrow for further processing (Kal main aapko bhej dungi invoice).""}, ""call_purpose"": ""requirement"", ""all_languages"": [""Hindi"", ""English""], ""primary_language"": ""Hindi"", ""additional_details"": {""buyer_queries"": [{""query"": ""Can I order a NodeMCU ESP8266?"", ""category"": ""Availability"", ""sequence"": 1}], ""seller_queries"": [{""query"": ""How many pieces do you need?"", ""category"": ""Quantity"", ""sequence"": 2}]}}, ""products"": [{""in_stock"": ""in stock"", ""product_name"": ""OLED Display"", ""quantity_required"": {""unit"": ""piece"", ""value"": 1}, ""related_categories"": [{""name"": ""Character Displays"", ""reason"": ""OLED displays are often used for character and graphic display applications.""}, {""name"": ""Monochrome LED Display"", ""reason"": ""Many small OLED modules are monochrome.""}], ""is_buyer_interested"": true, ""most_specific_category"": {""name"": ""LED Displays"", ""reason"": ""The buyer explicitly asked for an OLED display commonly categorized under LED displays.""}, ""seller_accepts_quantity"": true}, {""in_stock"": ""in stock"", ""product_name"": ""NodeMCU ESP8266"", ""quantity_required"": {""unit"": ""piece"", ""value"": 1}, ""related_categories"": [{""name"": ""Display Systems"", ""reason"": ""Used as a controller for various display systems.""}], ""is_buyer_interested"": true, ""most_specific_category"": {""name"": ""Industrial LED Display"", ""reason"": ""NodeMCU units are frequently used in industrial monitoring and display systems.""}, ""seller_accepts_quantity"": true}], ""next_steps"": {""buyer_next_steps"": [""To message the seller on WhatsApp.""], ""seller_next_steps"": [""To send the invoice on WhatsApp tomorrow.""]}, ""buyer_details"": {""buyer_name"": ""68dfe54a15c594cb490b04fb74716bdd3a4c67f0dc8fba3e46beba8a369f2216""}, ""seller_details"": {""seller_location"": {""seller_city"": ""Jaipur""}}}",2026-07-29 15:39:22.522,148561182246,29/07/26
154639904,BUYER,190099,"{""callback"": ""callback by Tomorrow - To discuss Pune outlet possibility (Kal call karta hoon)"", ""lead_tag"": {""deal_blockers"": [{""detail"": ""Seller only has outlet in Mumbai, buyer is looking for a Pune outlet."", ""category"": ""Location""}], ""deal_readiness"": ""Cold"", ""deal_readiness_reason"": ""The buyer was specifically looking for a Pune location which the seller does not have.""}, ""metadata"": {""call_type"": {""type"": ""B2C"", ""reason"": ""The call was a brief inquiry about shop location and did not progress to any commercial or bulk discussion."", ""evidence"": {""keywords"": [""Shop Location"", ""Pune Outlet""], ""order_type"": [""other""]}}, ""buyer_intent"": {""narrative"": ""The buyer was inquiring about the seller's shop location, specifically looking for an outlet in Pune."", ""reasoning"": ""The conversation was very brief and focused only on location without discussing any specific product details or quantities."", ""intent_level"": ""Low""}, ""call_outcome"": {""category"": ""Lost"", ""conclusion_notes"": ""The buyer was looking for a shop in Pune which the seller does not have (Pune mein outlet nahi hai).""}, ""call_purpose"": ""requirement"", ""all_languages"": [""Hindi"", ""English""], ""primary_language"": ""Hindi"", ""additional_details"": {""buyer_queries"": [{""query"": ""Where is your shop located?"", ""category"": ""Location"", ""sequence"": 1}, {""query"": ""Do you have an outlet in Pune?"", ""category"": ""Location"", ""sequence"": 2}], ""seller_queries"": []}}, ""products"": [{""product_name"": ""Hangers"", ""is_buyer_interested"": true, ""most_specific_category"": {""name"": ""Hangers"", ""reason"": ""The seller is identified as The Sony Products who deals in hangers, and the call was initiated from category context.""}}], ""next_steps"": {""buyer_next_steps"": [], ""seller_next_steps"": []}, ""buyer_details"": {""buyer_mobile_number"": ""a1382dd513decf7909683f3a55ae9fe17fe4b320d7735ea0d73e0047414282e3""}, ""seller_details"": {""seller_name"": ""22912c6c990ca05aa7d7fb8e46e8e175b3d13210b96c5e82c952558ec1d585fc"", ""seller_mobile_number"": ""5feceb66ffc86f38d952786c6d696c79c2dbc239dd4e91b46729d73a27fb57e9""}}",2026-07-29 13:31:56.870,148561489967,29/07/26
62792573,BUYER,88203,"{""callback"": ""callback by Tomorrow - To share catalog and price details (Main aapko ye number pe detail dalta hoon)"", ""lead_tag"": {""deal_blockers"": [], ""deal_readiness"": ""Warm"", ""deal_readiness_reason"": ""Buyer is inquiring about chips for potential purchase with a low MOQ of 1kg but waiting for catalog details.""}, ""metadata"": {""call_type"": {""type"": ""B2B"", ""reason"": ""Buyer is seeking products via B2B platform and asking for rate cards and portfolios, suggesting potential resale even if quantity starts low."", ""evidence"": {""order_type"": [""commercial""], ""buyer_persona"": {""persona_category"": ""retailer""}, ""quantity_scale"": ""Low""}}, ""buyer_intent"": {""narrative"": ""Wants to buy chips and is inquiring about product range and MOQ."", ""reasoning"": ""Buyer is clear about what they want (chips) and has asked for MOQ and catalog details."", ""intent_level"": ""Medium""}, ""call_outcome"": {""category"": ""Follow-up"", ""conclusion_notes"": ""Seller will share product details and rate card on WhatsApp (Main aapko ye number pe detail dalta hoon rate card aur product portfolio ka).""}, ""call_purpose"": ""requirement"", ""all_languages"": [""Hindi"", ""English""], ""primary_language"": ""Hindi"", ""additional_details"": {""buyer_queries"": [{""query"": ""What are your products?"", ""category"": ""Specifications"", ""sequence"": 2, ""answer_by_seller"": ""I will send the detail on this number Aryan. Last 1403. I will send you the rate card and product portfolio.""}, {""query"": ""What is your MOQ?"", ""category"": ""Quantity"", ""sequence"": 3, ""answer_by_seller"": ""The MOQ is nothing, you can start with minimum 1kg.""}], ""seller_queries"": [{""query"": ""Where are you calling from?"", ""category"": ""Location"", ""sequence"": 1, ""answer_by_buyer"": ""I am calling from Siliguri.""}]}, ""intended_application"": ""Retail Resale""}, ""products"": [{""in_stock"": ""in stock"", ""product_name"": ""Chips"", ""related_categories"": [{""name"": ""Snack Foods"", ""reason"": ""Chips are a sub-category of broader snack foods.""}, {""name"": ""Roasted Snack"", ""reason"": ""Many chips fall under the category of roasted or fried snacks.""}], ""is_buyer_interested"": true, ""minimum_order_quantity"": {""unit"": ""kg"", ""value"": 1}, ""most_specific_category"": {""name"": ""Chips"", ""reason"": ""The buyer explicitly asked for 'chips' and is inquiring about snack products.""}}], ""next_steps"": {""buyer_next_steps"": [""To check catalogs and rate cards shared by seller.""], ""seller_next_steps"": [""To share product portfolio on WhatsApp."", ""To send rate card for chips.""]}, ""buyer_details"": {""buyer_name"": ""f177e7f92ca0491c7b15e54133fe430b1cb90bf169fd433f15d4b29dfcdef33d""}, ""seller_details"": {""seller_name"": ""a6b988796bd91c209657d13fc7c14b8a7c9652cec0232f97046adb2e916ed5cc""}}",2026-07-29 13:16:01.839,148562514059,29/07/26
209388292,BUYER,110457,"{""callback"": ""callback by Today - To share catalog on WhatsApp after checking photos (Ha/Haan, photo bhejta hoon)"", ""lead_tag"": {""deal_blockers"": [], ""deal_readiness"": ""Warm"", ""deal_readiness_reason"": ""Ready to purchase after checking the shared photos and verifying the product quality. ""}, ""metadata"": {""call_type"": {""type"": ""B2C"", ""reason"": ""The buyer wants a single unit for personal use, which signifies a B2C transaction."", ""evidence"": {""keywords"": [""Home use"", ""Single piece""], ""order_type"": [""one-time""], ""repeat_buyer"": false, ""buyer_persona"": {""persona_category"": ""end_consumer""}, ""quantity_scale"": ""Low""}}, ""buyer_intent"": {""narrative"": ""Wants to buy one metal gun stapler for 750 INR."", ""reasoning"": ""Knows the product well and is ready to buy a single unit. Matches price and material expectations."", ""intent_level"": ""High""}, ""call_outcome"": {""category"": ""Follow-up"", ""conclusion_notes"": ""Will check the shared photos and then decide (Ha/Haan, photo bhejta hoon)""}, ""call_purpose"": ""requirement"", ""all_languages"": [""Marathi"", ""Hindi""], ""primary_language"": ""Marathi"", ""additional_details"": {""buyer_queries"": [{""query"": ""What is the price of the gun stapler?"", ""category"": ""Pricing"", ""sequence"": 1, ""answer_by_seller"": ""It is available for 750 INR.""}, {""query"": ""Is it exactly the same as the photo I sent?"", ""category"": ""Specifications"", ""sequence"": 2, ""answer_by_seller"": ""The Kemo company model is made of metal, while the Miles one is in fiber.""}, {""query"": ""Can I get a single piece?"", ""category"": ""Quantity"", ""sequence"": 3, ""answer_by_seller"": ""Yes, a single piece is available.""}], ""seller_queries"": [{""query"": ""Are you speaking from Dhankawadi?"", ""category"": ""Location"", ""sequence"": 4, ""answer_by_buyer"": ""Yes, correct.""}]}}, ""products"": [{""price"": {""value"": 750, ""currency"": ""INR"", ""price_unit"": ""piece"", ""buyer_price_reaction"": {""quote"": ""Theek hai (Okay)"", ""category"": ""Accepted""}}, ""in_stock"": ""in stock"", ""product_name"": ""Kemo Gun Stapler (Hand Tacker)"", ""specifications"": [{""name"": ""Material"", ""value"": ""Metal"", ""buyer_requested"": false, ""seller_mentioned"": true}, {""name"": ""Brand"", ""value"": ""Kemo"", ""buyer_requested"": false, ""seller_mentioned"": true}], ""quantity_required"": {""unit"": ""piece"", ""value"": 1}, ""related_categories"": [{""name"": ""Staplers"", ""reason"": ""A staple gun is a type of heavy-duty stapler used in manufacturing and construction.""}, {""name"": ""Hand Tools"", ""reason"": ""It is a manual hand-operated tool used for stapling materials.""}], ""is_buyer_interested"": true, ""most_specific_category"": {""name"": ""Staple Gun"", ""reason"": ""The conversation confirms the product as a gun stapler, which belongs to this category.""}, ""seller_accepts_quantity"": true}, {""in_stock"": ""in stock"", ""product_name"": ""Miles Gun Stapler (Hand Tacker)"", ""specifications"": [{""name"": ""Material"", ""value"": ""Fiber"", ""buyer_requested"": true, ""seller_mentioned"": true}, {""name"": ""Brand"", ""value"": ""Miles"", ""buyer_requested"": true, ""seller_mentioned"": false}], ""related_categories"": [{""name"": ""Staplers"", ""reason"": ""It is a device used to drive metal staples into surfaces.""}], ""is_buyer_interested"": false, ""most_specific_category"": {""name"": ""Staple Gun"", ""reason"": ""The buyer asked about this specific brand's staple gun.""}}], ""next_steps"": {""buyer_next_steps"": [""To check the catalog and photos of the Kemo metal gun stapler""], ""seller_next_steps"": [""To share the product catalog and photos of the Kemo metal gun stapler on WhatsApp""]}, ""buyer_details"": {""buyer_name"": ""45aecbb0f3e5b9b04a14f9175c0e63a9900377024ae89507110cc18d238c2f95""}, ""seller_details"": {""seller_name"": ""82d67710b3e2d59ab8cdb2248f83f9717162ad6d6e7cf800bcde114593986711"", ""seller_location"": {""seller_city"": ""Pune"", ""seller_locality"": ""Dhankawadi""}}}",2026-07-29 12:44:59.121,148560631163,29/07/26
196633881,BUYER,126246,"{""payment"": {}, ""callback"": ""callback by Tomorrow - To discuss GI Pipe rates (Kal tak rates confirm karne ke liye call karenge)"", ""lead_tag"": {""deal_blockers"": [], ""deal_readiness"": ""Warm"", ""deal_readiness_reason"": ""Buyer has expressed interest in high volume and shared the requirement for GI pipes for their hardware store.""}, ""metadata"": {""call_type"": {""type"": ""B2B"", ""reason"": ""The buyer is looking to stock GI pipes for their hardware shop, which is a B2B transaction."", ""evidence"": {""order_type"": [""bulk"", ""commercial"", ""recurring""], ""repeat_buyer"": true, ""quantity_scale"": ""High""}}, ""buyer_intent"": {""narrative"": ""The buyer is interested in purchasing a high volume of GI pipes for their hardware shop."", ""reasoning"": ""The buyer has a clear business requirement and is actively seeking pricing and availability for a bulk order."", ""intent_level"": ""High""}, ""call_outcome"": {""category"": ""Follow-up"", ""conclusion_notes"": ""The buyer will share their specific requirements and the seller will provide pricing details (Requirement bhejo aur rate batate hain).""}, ""call_purpose"": ""requirement"", ""all_languages"": [""Hindi"", ""English""], ""primary_language"": ""Hindi"", ""additional_details"": {""buyer_queries"": [{""query"": ""Where will the GI Pipe be dispatched from?"", ""category"": ""Availability"", ""sequence"": 3}], ""seller_queries"": [{""query"": ""How much quantity is required?"", ""category"": ""Quantity"", ""sequence"": 1}, {""query"": ""Where are you calling from?"", ""category"": ""Location"", ""sequence"": 2}]}, ""intended_application"": ""Hardware Store Inventory""}, ""products"": [{""in_stock"": ""in stock"", ""product_name"": ""GI Pipe"", ""specifications"": [], ""related_categories"": [{""name"": ""GI Angle"", ""reason"": ""GI pipes are often associated with GI products like angles.""}, {""name"": ""Steel Angles"", ""reason"": ""Steel products like pipes and angles are often sold together in hardware stores.""}], ""is_buyer_interested"": true, ""most_specific_category"": {""name"": ""Mild Steel Round Pipe"", ""reason"": ""The buyer specifically mentioned GI Pipes, and MS round pipes are commonly used as GI Pipes.""}}, {""in_stock"": ""in stock"", ""product_name"": ""Tin Set"", ""specifications"": [], ""related_categories"": [{""name"": ""Iron Angle"", ""reason"": ""Structural components like tin sets often require iron angles for support.""}], ""is_buyer_interested"": true, ""most_specific_category"": {""name"": ""Mild Steel Beam"", ""reason"": ""Tin sets and structural components often include MS beams.""}}], ""next_steps"": {""buyer_next_steps"": [""To share the specific product requirement and quantity details via WhatsApp.""], ""seller_next_steps"": [""To share the pricing and delivery details once the requirement is received.""]}, ""buyer_details"": {""buyer_name"": ""da2c2e313c5ff21714d7aea6eca91ad4d915f5a226f862dc46f5145b1e87ccf4"", ""buyer_location"": {""buyer_city"": ""Kawardha"", ""buyer_state"": ""Chhattisgarh""}}, ""seller_details"": {""seller_name"": ""a86d61e4c4516ca829dfb5a3b31186e0b2c11268b2d2a225384df86f71b72944""}}",2026-07-29 12:05:32.945,148560629567,29/07/26
144039955,BUYER,9068,"{""callback"": ""callback by Today 10 PM - To review the product photo share (Aaj 10 baje photo bhejo fir review karte hain)"", ""lead_tag"": {""deal_blockers"": [], ""deal_readiness"": ""Hot"", ""deal_readiness_reason"": ""Requirement is for immediate retail resale and buyer is sending photo to finalize.""}, ""metadata"": {""call_type"": {""type"": ""B2B"", ""reason"": ""Buyer explicitly mentioned the requirement is for retail sale, although the quantity requested (2 bolls) is relatively small."", ""evidence"": {""keywords"": [""Retail Sale"", ""8mm Monofilament"", ""Double Twist""], ""order_type"": [""commercial""], ""repeat_buyer"": false, ""buyer_persona"": {""persona_detail"": ""Retailer in Junagadh"", ""persona_category"": ""retailer""}, ""quantity_scale"": ""Low""}}, ""buyer_intent"": {""narrative"": ""Wants 2 bolls (bags) of 8mm monofilament rope for retail resale in Junagadh."", ""reasoning"": ""Buyer specifies exact weight (8mm), type (monofilament), and color (double color, double twist) for an immediate retail purpose."", ""intent_level"": ""High""}, ""call_outcome"": {""category"": ""Follow-up"", ""conclusion_notes"": ""Buyer will send product photos on WhatsApp for confirmation (WhatsApp par photo bhejta hun).""}, ""call_purpose"": ""requirement"", ""all_languages"": [""Gujarati"", ""English""], ""primary_language"": ""Gujarati"", ""additional_details"": {""buyer_queries"": [{""query"": ""What is the price of the 8mm monofilament rope?"", ""category"": ""Pricing"", ""sequence"": 1, ""answer_by_seller"": ""Current rate is ₹140 plus GST, which totals to ₹147 per kg.""}, {""query"": ""Do you have the 8mm monofilament rope in double twist and double color?"", ""category"": ""Specifications"", ""sequence"": 3, ""answer_by_seller"": ""8mm monofilament rope is available in double twist and double color as requested.""}], ""seller_queries"": [{""query"": ""Where are you calling from?"", ""category"": ""Location"", ""sequence"": 2, ""answer_by_buyer"": ""Visavadar, Junagadh.""}, {""query"": ""What quantity do you need?"", ""category"": ""Quantity"", ""sequence"": 4, ""answer_by_buyer"": ""Need 2 bolls (bags) for retail resale.""}]}, ""intended_application"": ""Retail Resale""}, ""products"": [{""price"": {""gst"": {""value"": 18, ""details"": ""GST extra, total price is 147"", ""is_gst_included"": false}, ""value"": 140, ""currency"": ""INR"", ""price_unit"": ""kg"", ""negotiation_notes"": ""Seller mentioned the 140 rate was for 3-4 tons but agreed to supply 2 bolls at a slightly higher markup."", ""buyer_price_reaction"": {""quote"": ""Can the price be adjusted a bit?"", ""category"": ""Negotiating""}}, ""in_stock"": ""in stock"", ""product_name"": ""8mm Monofilament Rope"", ""specifications"": [{""name"": ""Size"", ""unit"": ""mm"", ""value"": ""8"", ""buyer_requested"": false, ""seller_mentioned"": true}, {""name"": ""Material"", ""value"": ""Monofilament"", ""buyer_requested"": true, ""seller_mentioned"": true}, {""name"": ""Type"", ""value"": ""Double Twist"", ""buyer_requested"": true, ""seller_mentioned"": true}, {""name"": ""Color"", ""value"": ""Double Color"", ""buyer_requested"": true, ""seller_mentioned"": true}], ""quantity_required"": {""unit"": ""bolls"", ""value"": 2}, ""related_categories"": [{""name"": ""Plastic Ropes"", ""reason"": ""Monofilament ropes are predominantly made of plastic materials.""}, {""name"": ""Twisted Rope"", ""reason"": ""The seller specifically mentioned it as 'Double Twist' which falls under twisted ropes.""}], ""is_buyer_interested"": true, ""most_specific_category"": {""name"": ""Rope"", ""reason"": ""Mentioned as '8mm Monofilament Rope' in the conversation.""}, ""seller_accepts_quantity"": true}], ""next_steps"": {""buyer_next_steps"": [""To send product photo on WhatsApp"", ""To confirm order after seeing seller's reaction to photo""], ""seller_next_steps"": [""To review the photo sent by buyer"", ""To share bank details for advance payment if photo matches""]}, ""buyer_details"": {""buyer_mobile_number"": ""fb060055ab0e0cdbaa0b97ea0efeecaed6fba663b0c84578fb32e19dc429dcfa""}, ""seller_details"": {""seller_mobile_number"": ""60fadacf880ce9253560f136f5ddd0f75f9544e9d454bbb43bea5a99a90263ad""}}",2026-07-29 11:37:35.364,148533127785,29/07/26
264431649,BUYER,159723,"{""callback"": ""callback by Tomorrow 5 PM - To finalize (Kal 5 baje call karta hoon)"", ""lead_tag"": {""deal_blockers"": [], ""deal_readiness"": ""Warm"", ""deal_readiness_reason"": ""Buyer is actively inquiring about an incubator for his requirement in Hyderabad.""}, ""metadata"": {""call_type"": {""type"": ""B2C"", ""reason"": ""The call involves a specific product enquiry for an egg incubator, likely for small-scale or personal use, but insufficient context to definitively tag as B2B."", ""evidence"": {""keywords"": [""Egg Incubator""], ""order_type"": [""one-time""], ""buyer_persona"": {""persona_category"": ""other""}}}, ""buyer_intent"": {""narrative"": ""Looking for an egg incubator for use in Hyderabad."", ""reasoning"": ""Buyer initiated contact via IndiaMART specifically for an incubator and confirmed his location for delivery feasibility."", ""intent_level"": ""Medium""}, ""call_outcome"": {""category"": ""Follow-up"", ""conclusion_notes"": ""The buyer shared his location as Hyderabad and the seller confirmed being from Delhi, implying further discussion is needed for shipping (Hyderabad se hoon)""}, ""call_purpose"": ""requirement"", ""all_languages"": [""Hindi"", ""English""], ""primary_language"": ""Hindi"", ""additional_details"": {""buyer_queries"": [{""query"": ""Do you have an incubator?"", ""category"": ""Availability"", ""sequence"": 1}], ""seller_queries"": [{""query"": ""Where are you from?"", ""category"": ""Location"", ""sequence"": 2}]}, ""intended_application"": ""Egg Hatching""}, ""products"": [{""in_stock"": ""in stock"", ""product_name"": ""Egg Incubator"", ""specifications"": [], ""related_categories"": [{""name"": ""Poultry Equipment"", ""reason"": ""Egg incubators are essential poultry farming equipment used for hatching.""}], ""is_buyer_interested"": true, ""most_specific_category"": {""name"": ""Egg Incubator"", ""reason"": ""The buyer explicitly asked for an incubator via an IndiaMART lead.""}}], ""next_steps"": {""buyer_next_steps"": [""To share specific capacity requirements for the incubator""], ""seller_next_steps"": [""To provide shipping details and costs from Delhi to Hyderabad""]}, ""buyer_details"": {""buyer_name"": ""829e9e3522f76ebc72717b72a9dff26cfa5a85bf58bcd54d5bc02808f11a7d5b""}, ""seller_details"": {""seller_name"": ""93103fb2d198f21a7ec9e25883a3078974b9508ccfe5160cab0c7dc7297cf351""}}",2026-07-29 11:33:41.765,148560302634,29/07/26
272449036,BUYER,139611,"{""callback"": ""callback by Today - To send video and quotation (Aapke number pe whatsapp karta hoon)"", ""lead_tag"": {""deal_blockers"": [], ""deal_readiness"": ""Warm"", ""deal_readiness_reason"": ""The buyer has a specific requirement and is awaiting a quotation and videos to proceed.""}, ""metadata"": {""call_type"": {""type"": ""B2B"", ""reason"": ""The buyer is setting up a spice manufacturing unit with industrial-scale requirements (100kg/hr) and 6000 sq ft space."", ""evidence"": {""keywords"": [""Spice Manufacturing"", ""Complete Plant"", ""SS304"", ""100 kg per hour""], ""order_type"": [""commercial"", ""bulk""], ""buyer_persona"": {""persona_detail"": ""Spice Producer"", ""persona_category"": ""manufacturer""}, ""quantity_scale"": ""High""}}, ""buyer_intent"": {""narrative"": ""Wants a complete spice processing plant with a 100 kg/hour capacity for a new setup in Kanpur."", ""reasoning"": ""The buyer specified the capacity (100 kg/hr), specific spices (haldi, mirch), material (SS304), and mentioned having a 6,000 sq ft factory space ready."", ""intent_level"": ""High""}, ""call_outcome"": {""category"": ""Follow-up"", ""conclusion_notes"": ""Seller will share the quotation and product videos on WhatsApp (Aapke number pe whatsapp karta hoon).""}, ""call_purpose"": ""requirement"", ""all_languages"": [""Hindi"", ""English""], ""primary_language"": ""Hindi"", ""additional_details"": {""buyer_queries"": [{""query"": ""Do you manufacture spice machinery?"", ""category"": ""Specifications"", ""sequence"": 1, ""answer_by_seller"": ""Yes, we manufacture spice grinding machines.""}, {""query"": ""Do you also have packaging machines?"", ""category"": ""Availability"", ""sequence"": 3, ""answer_by_seller"": ""We don't manufacture them, but we have associates in Delhi and Gujarat who do. I can provide their contact numbers.""}, {""query"": ""Can you provide a quotation for a 100 kg/hour capacity?"", ""category"": ""Pricing"", ""sequence"": 4, ""answer_by_seller"": ""Sure, I will send it to you.""}, {""query"": ""Is the machine made of Stainless Steel SS304?"", ""category"": ""Specifications"", ""sequence"": 6, ""answer_by_seller"": ""We use Stainless Steel SS304 for contact parts.""}], ""seller_queries"": [{""query"": ""Do you need a 100 kg capacity machine?"", ""category"": ""Quantity"", ""sequence"": 2, ""answer_by_buyer"": ""Yes, 100 kg per hour.""}, {""query"": ""Do you need just the grinding machine or the entire plant including roasting, drying, mixing, and sieving?"", ""category"": ""Specifications"", ""sequence"": 5, ""answer_by_buyer"": ""I need the entire setup from cleaning to grinding (haldi, mirchi, etc.).""}, {""query"": ""Do you have enough space for the setup?"", ""category"": ""Specifications"", ""sequence"": 7, ""answer_by_buyer"": ""I have around 6,000 sq ft space.""}]}, ""intended_application"": ""Spice Manufacturing""}, ""products"": [{""in_stock"": ""in stock"", ""product_name"": ""Spice Processing Plant (Masala Making Machine)"", ""specifications"": [{""name"": ""Capacity"", ""unit"": ""kg/hour"", ""value"": ""100"", ""buyer_requested"": true, ""seller_mentioned"": true}, {""name"": ""Material"", ""value"": ""Stainless Steel SS304"", ""buyer_requested"": true, ""seller_mentioned"": true}, {""name"": ""Process"", ""value"": ""Cleaning to Grinding"", ""buyer_requested"": false, ""seller_mentioned"": true}, {""name"": ""Components"", ""value"": ""Roasting, Drying, Grinding, Mixing, Sieving"", ""buyer_requested"": false, ""seller_mentioned"": true}], ""quantity_required"": {""unit"": ""kg/hour"", ""value"": 100}, ""related_categories"": [{""name"": ""Chilli Grinding Machine"", ""reason"": ""The buyer specifically mentioned processing chilli (mirch).""}, {""name"": ""Haldi Processing Plant"", ""reason"": ""The buyer specifically mentioned processing turmeric (haldi).""}, {""name"": ""Spice Mixing Machine"", ""reason"": ""Mixing is included as part of the complete spice plant requirements discussed.""}], ""is_buyer_interested"": true, ""most_specific_category"": {""name"": ""Masala Processing Plant"", ""reason"": ""The buyer requested a complete setup including cleaning, roasting, drying, grinding, and mixing for multiple spices.""}, ""seller_accepts_quantity"": true}], ""next_steps"": {""buyer_next_steps"": [""To review the quotation and product videos sent by the seller"", ""To confirm specifications for the 100 kg/hr plant""], ""seller_next_steps"": [""To share the spice processing plant quotation on WhatsApp"", ""To send product demonstration videos to the buyer"", ""To provide contact details for packaging machine manufacturers""]}, ""buyer_details"": {""buyer_name"": ""44104fcaef8476724152090d6d7bd9afa8ca5b385f6a99d3c6cf36b943b9872d""}, ""seller_details"": {""seller_name"": ""b042a4dc5e9054f9866a499af6eb830edfe5c905ed4c953740b8cf8b07e6424e""}}",2026-07-29 10:38:02.787,148560945352,29/07/26
5503070,BUYER,187422,"{""callback"": ""callback by Monday 1 PM - To confirm stock"", ""lead_tag"": {""deal_blockers"": [], ""deal_readiness"": ""Warm"", ""deal_readiness_reason"": ""The buyer has a specific product and size requirement but needs to connect with another representative for procurement.""}, ""metadata"": {""call_type"": {""type"": ""B2B"", ""reason"": ""The buyer is inquiring about components for 5-liter industrial containers used in the shoe manufacturing process, indicating a B2B transaction."", ""evidence"": {""keywords"": [""Inner Plug"", ""Shoe Industry"", ""5 Liter Jar""], ""order_type"": [""commercial""], ""buyer_persona"": {""persona_detail"": ""Shoe Industry Professional"", ""persona_category"": ""manufacturer""}, ""quantity_scale"": ""High""}}, ""buyer_intent"": {""narrative"": ""Wants 32mm inner plugs for 5L oil/water jars for latex filling for the shoe industry."", ""reasoning"": ""Buyer provided precise specifications including size (32mm), application (latex for shoes), and container type (5L jar)."", ""intent_level"": ""High""}, ""call_outcome"": {""category"": ""Follow-up"", ""conclusion_notes"": ""Buyer was given another representative's number to coordinate further (Number pe connect karke baat karta hoon).""}, ""call_purpose"": ""requirement"", ""all_languages"": [""Hindi"", ""English""], ""primary_language"": ""Hindi"", ""additional_details"": {""buyer_queries"": [{""query"": ""Who is the person at this number and is he based in Delhi?"", ""category"": ""Other"", ""sequence"": 2, ""answer_by_seller"": ""9811577938 (Ankit in Delhi)""}], ""seller_queries"": [{""query"": ""What is the filling product and its use?"", ""category"": ""Specifications"", ""sequence"": 1, ""answer_by_buyer"": ""It is a liquid latex used in the shoe industry.""}]}}, ""products"": [{""in_stock"": ""in stock"", ""product_name"": ""Inner Plug (Inner Dot)"", ""specifications"": [{""name"": ""Size"", ""unit"": ""mm"", ""value"": ""32"", ""buyer_requested"": true, ""seller_mentioned"": false}, {""name"": ""Compatible Bottle Size"", ""unit"": ""L"", ""value"": ""5"", ""buyer_requested"": false, ""seller_mentioned"": false}, {""name"": ""Application"", ""value"": ""Latex for shoes"", ""buyer_requested"": false, ""seller_mentioned"": false}], ""related_categories"": [{""name"": ""Cap Closures"", ""reason"": ""Inner plugs are a type of closure used within caps for sealing.""}], ""is_buyer_interested"": true, ""most_specific_category"": {""name"": ""Inner Plug"", ""reason"": ""The buyer explicitly asked for 'inner dots' or 'inner plugs' for container openings.""}}], ""next_steps"": {""buyer_next_steps"": [""To connect with Ankit at the shared mobile number for the requirement.""], ""seller_next_steps"": []}, ""buyer_details"": {""buyer_name"": ""ba83f79d43537a525eb5a38096b56f2fbee05fffdacb6ec9271b0c24b08dce24"", ""buyer_location"": {""buyer_city"": ""Agra""}}, ""seller_details"": {""seller_name"": ""8e1722caeb55b2c1f966b4546259b5b7de003be08835a4502199db85646b876f"", ""seller_location"": {""seller_city"": ""New Delhi""}}}",2026-07-29 10:32:11.040,148560945659,29/07/26
272449097,BUYER,221392,"{""callback"": ""callback by [Not stated] - To discuss further (N/A)"", ""lead_tag"": {""deal_blockers"": [], ""deal_readiness"": ""Warm"", ""deal_readiness_reason"": ""Buyer has specified a concrete quantity of 500 units and is waiting for price details via WhatsApp.""}, ""metadata"": {""call_type"": {""type"": ""B2B"", ""reason"": ""The buyer's requirement of 500 pieces indicates a bulk or industrial scale, making it a B2B call."", ""evidence"": {""order_type"": [""bulk""], ""quantity_scale"": ""High""}}, ""buyer_intent"": {""narrative"": ""Wants 500 units of foot paper and is ready for price details."", ""reasoning"": ""The buyer has specified a clear quantity requirement and is following up on availability."", ""intent_level"": ""High""}, ""call_outcome"": {""category"": ""Follow-up"", ""conclusion_notes"": ""Seller will share the rates on WhatsApp and the buyer will check them (Main WhatsApp kar rahi hoon, aap rate check kar lena).""}, ""call_purpose"": ""requirement"", ""all_languages"": [""Hindi"", ""English""], ""primary_language"": ""Hindi"", ""additional_details"": {""buyer_queries"": [{""query"": ""Is foot paper available?"", ""category"": ""Availability"", ""sequence"": 1}], ""seller_queries"": [{""query"": ""What quantity do you need?"", ""category"": ""Quantity"", ""sequence"": 2}, {""query"": ""What is your name?"", ""category"": ""Other"", ""sequence"": 3}]}}, ""products"": [{""in_stock"": ""in stock"", ""product_name"": ""Foot Paper [Footpaper]"", ""specifications"": [], ""quantity_required"": {""unit"": ""pieces"", ""value"": 500}, ""related_categories"": [{""name"": ""Car Paper Foot Mat"", ""reason"": ""Foot paper is commonly used as car floor protection in showrooms/service centers.""}, {""name"": ""Paper Mat"", ""reason"": ""The core material discussed is paper.""}], ""is_buyer_interested"": true, ""seller_accepts_quantity"": true}], ""next_steps"": {""buyer_next_steps"": [""To check the rates once shared on WhatsApp""], ""seller_next_steps"": [""To share the rates on WhatsApp for foot paper""]}, ""buyer_details"": {""buyer_name"": ""c4b3f2107f84739165b76dc7797a3c2f8e9a51b58a92dc65248b5c343e8d4728""}, ""seller_details"": {""seller_name"": ""ff0a24b630a7a85dfea1060267308ea9ba2f4310a8b2b1b58d209c093ab5125a""}}",2026-07-29 10:25:43.374,148561006667,29/07/26
180301518,BUYER,140407,"{""callback"": ""callback by Today Morning - To share rates and photos on WhatsApp (theek hai sir mein aapko pic aur rate share karti hoon)"", ""lead_tag"": {""deal_blockers"": [], ""deal_readiness"": ""Hot"", ""deal_readiness_reason"": ""The buyer has a specific and urgent requirement for a single unit. They are already engaging on WhatsApp, indicating a high readiness to proceed. ""}, ""metadata"": {""call_type"": {""type"": ""B2C"", ""reason"": ""The buyer is looking for a single unit of the product for personal or small-scale use, which is typical of a B2C interaction."", ""evidence"": {""order_type"": [""one-time""], ""repeat_buyer"": false, ""buyer_persona"": {""persona_category"": ""end_consumer""}, ""quantity_scale"": ""Low""}}, ""buyer_intent"": {""narrative"": ""Wants to buy one double-phase auto-switcher for a motor."", ""reasoning"": ""The buyer has a clear requirement for a specific product and has already connected with the seller on WhatsApp for further details."", ""intent_level"": ""High""}, ""call_outcome"": {""category"": ""Follow-up"", ""conclusion_notes"": ""The seller will share product rates and photos on WhatsApp. (theek hai sir mein aapko pic aur rate share karti hoon)""}, ""call_purpose"": ""requirement"", ""all_languages"": [""Hindi"", ""English""], ""primary_language"": ""Hindi"", ""additional_details"": {""buyer_queries"": [{""query"": ""Are auto switchers available?"", ""category"": ""Availability"", ""sequence"": 1, ""answer_by_seller"": ""Yes, it is available.""}, {""query"": ""What is the price of the product?"", ""category"": ""Pricing"", ""sequence"": 3}], ""seller_queries"": [{""query"": ""Do you want the auto switch for a single phase or a double phase?"", ""category"": ""Specifications"", ""sequence"": 2, ""answer_by_buyer"": ""I need it for a double phase line.""}, {""query"": ""How many pieces do you need?"", ""category"": ""Quantity"", ""sequence"": 4, ""answer_by_buyer"": ""I need only one piece for one motor.""}]}}, ""products"": [{""price"": {""currency"": ""INR"", ""buyer_price_reaction"": {""quote"": ""Theek hai sir"", ""category"": ""Accepted""}}, ""in_stock"": ""in stock"", ""product_name"": ""Auto Switcher"", ""specifications"": [{""name"": ""Phase"", ""value"": ""Double phase"", ""buyer_requested"": false, ""seller_mentioned"": false}, {""name"": ""Compatible with"", ""value"": ""Motor"", ""buyer_requested"": false, ""seller_mentioned"": false}], ""quantity_required"": {""unit"": ""piece"", ""value"": 1}, ""related_categories"": [{""name"": ""Motor Switches"", ""reason"": ""As this is a switch used to control a motor.""}, {""name"": ""Single Phase Motor Starter"", ""reason"": ""As it is often used in conjunction with motor starters.""}], ""is_buyer_interested"": true, ""most_specific_category"": {""name"": ""Single Phase Switch"", ""reason"": ""The buyer specified a requirement for an auto-switch to be used with a double-phase line for a single motor, which falls under the category of motor switches.""}}], ""next_steps"": {""buyer_next_steps"": [""To check the product rates and photos on WhatsApp.""], ""seller_next_steps"": [""To share the product rates and photos on WhatsApp.""]}, ""buyer_details"": {""buyer_name"": ""3262c6e05cbc9ef595611489a25839139c26b38e16381172171adb1c7aafecc8""}, ""seller_details"": {""seller_name"": ""ff6d7f82993715a1435537a1b9edabc19dcc77bed4ea0ae244f98e36bdca3b6f""}}",2026-07-29 10:25:41.148,148562706975,29/07/26
24000006,BUYER,31598,"{""callback"": ""callback by Today 1 PM - To finalize the order details for the library furniture (Abhi 1 baje call karta hoon)"", ""lead_tag"": {""deal_blockers"": [], ""deal_readiness"": ""Warm"", ""deal_readiness_reason"": ""Showed genuine intent to purchase for a project in Patna and took down the seller's contact details to continue the discussion.""}, ""metadata"": {""call_type"": {""type"": ""B2B"", ""reason"": ""The requirement for library furniture for a project in Patna suggest a professional or institutional setup, making it a B2B enquiry."", ""evidence"": {""keywords"": [""Library Furniture"", ""Patna Project""], ""order_type"": [""commercial""]}}, ""buyer_intent"": {""narrative"": ""Interested in library furniture for a project in Patna."", ""reasoning"": ""Provided a clear location (Patna) and a specific product type (Library Furniture) for his requirement."", ""intent_level"": ""Medium""}, ""call_outcome"": {""category"": ""Follow-up"", ""conclusion_notes"": ""Wants to discuss further after recording the seller's number (Number lijiye fir aage baat karte hai).""}, ""call_purpose"": ""requirement"", ""all_languages"": [""Hindi""], ""primary_language"": ""Hindi"", ""additional_details"": {""buyer_queries"": [{""query"": ""I need library furniture commissioned for my project in Patna."", ""category"": ""Specifications"", ""sequence"": 1}], ""seller_queries"": []}, ""intended_application"": ""Library Project""}, ""products"": [{""in_stock"": ""in stock"", ""product_name"": ""Library Furniture"", ""specifications"": [], ""related_categories"": [{""name"": ""Library Rack"", ""reason"": ""An essential part of any library furniture setup.""}, {""name"": ""Library Almirah"", ""reason"": ""Frequently used in library settings.""}, {""name"": ""Institutional Furniture"", ""reason"": ""Broad category that includes library furniture.""}], ""is_buyer_interested"": true, ""most_specific_category"": {""name"": ""Library Furniture"", ""reason"": ""Explicitly mentioned by the buyer for his project requirement.""}}], ""next_steps"": {""buyer_next_steps"": [""To call back at 1 PM to discuss the details.""], ""seller_next_steps"": [""To discuss specific requirements and provide a quote for the library furniture.""]}, ""buyer_details"": {""buyer_name"": ""42b5bf6a3fa51849bc05c7050141a81591133b5f470cdef4ff6628e1222ff0a1"", ""buyer_mobile_number"": ""d002782cf6f2390ae0b1dd6d7da4e1f43d1a5a02b54e9f5163dea9b60e163f7e""}, ""seller_details"": {""seller_name"": ""9671f8128b2f7094c2444768179788f3407169683a33d8bcb5db7250fbdc36d8"", ""seller_mobile_number"": ""7819dd0078e82353aa1eb57fbf6ffc0a566ed15c175fd68684a23d6c14be842c""}}",2026-07-29 10:25:14.449,148559824313,29/07/26
84280536,BUYER,9443,"{""payment"": {}, ""callback"": ""callback by Soon - To share product photos on WhatsApp (Aap mujhe WhatsApp text kar den, main bhej deta hoon)"", ""lead_tag"": {""deal_blockers"": [], ""deal_readiness"": ""Warm"", ""deal_readiness_reason"": ""The buyer has clear product interest and is actively sharing details to get pricing.""}, ""metadata"": {""call_type"": {""type"": ""B2B"", ""reason"": ""The buyer is inquiring about product rates after seeing a listing on a B2B platform like IndiaMART, indicating commercial interest."", ""evidence"": {""order_type"": [""commercial""], ""repeat_buyer"": false}}, ""buyer_intent"": {""narrative"": ""Wants to know the price of silver-coated bracelets seen on IndiaMART."", ""reasoning"": ""The buyer called specifically for a product seen online and exchanged contact details for a catalog."", ""intent_level"": ""Medium""}, ""call_outcome"": {""category"": ""Follow-up"", ""conclusion_notes"": ""Buyer will share photos on WhatsApp to get the price (Aap mujhe WhatsApp text kar den, main bhej deta hoon).""}, ""call_purpose"": ""requirement"", ""all_languages"": [""Hindi"", ""English""], ""primary_language"": ""Hindi"", ""additional_details"": {""buyer_queries"": [{""query"": ""What will be the rate for the silver-coated bracelet?"", ""category"": ""Pricing"", ""sequence"": 1}], ""seller_queries"": [{""query"": ""Is this your WhatsApp number?"", ""category"": ""Other"", ""sequence"": 2, ""answer_by_buyer"": ""Yes, it is 9111118320.""}, {""query"": ""Can you share a photo of the bracelet?"", ""category"": ""Specifications"", ""sequence"": 3}, {""query"": ""Where are you calling from?"", ""category"": ""Location"", ""sequence"": 4, ""answer_by_buyer"": ""From Mumbai.""}]}}, ""products"": [{""product_name"": ""Silver coated bracelet (Silver coated bracelet)"", ""specifications"": [{""name"": ""Coating"", ""value"": ""Silver"", ""buyer_requested"": false, ""seller_mentioned"": false}], ""related_categories"": [{""name"": ""Fashion Bracelets"", ""reason"": ""Standard accessory category.""}, {""name"": ""Metal Bracelet"", ""reason"": ""Since it is silver coated, it is likely a metal base.""}], ""is_buyer_interested"": true, ""most_specific_category"": {""name"": ""Silver Plated Bracelets"", ""reason"": ""The buyer explicitly mentioned 'silver coated bracelet' which directly maps to silver plated category.""}}], ""next_steps"": {""buyer_next_steps"": [""To share product photos on WhatsApp""], ""seller_next_steps"": [""To provide pricing after receiving photos""]}, ""buyer_details"": {""buyer_mobile_number"": ""4e4329e15b1779e7453f66a508f136d38f3b667d20d0ec474b1b9a2c5cec3bab""}, ""seller_details"": {""seller_location"": {""seller_city"": ""Mumbai""}}}",2026-07-29 09:13:39.955,148560462667,29/07/26
46042848,BUYER,150642,"{""payment"": {}, ""callback"": ""None"", ""lead_tag"": {""deal_blockers"": [{""detail"": ""Seller only provides services in Mumbai and does not serve Pune"", ""category"": ""Location""}], ""deal_readiness"": ""Cold"", ""deal_readiness_reason"": ""Seller does not provide service in the buyer's location""}, ""metadata"": {""call_type"": {""type"": ""B2C"", ""reason"": ""The buyer is inquiring about balcony doors for a personal/residential requirement, and the conversation ended quickly due to location mismatch."", ""evidence"": {""order_type"": [""one-time""], ""repeat_buyer"": false, ""buyer_persona"": {""persona_category"": ""end_consumer""}}}, ""buyer_intent"": {""narrative"": ""Wants sliding or foldable balcony doors for a location in Pune"", ""reasoning"": ""Buyer specifically asked for balcony doors and inquired about service availability in Pune"", ""intent_level"": ""Medium""}, ""call_outcome"": {""category"": ""Lost"", ""conclusion_notes"": ""Seller does not provide service in Pune (Mera Mumbai hai, Pune mein service nahi hai)""}, ""call_purpose"": ""requirement"", ""all_languages"": [""Hindi"", ""English""], ""primary_language"": ""Hindi"", ""additional_details"": {""buyer_queries"": [{""query"": ""Do you have balcony doors like sliding or foldable?"", ""category"": ""Availability"", ""sequence"": 1}, {""query"": ""Where are you located?"", ""category"": ""Location"", ""sequence"": 3}, {""query"": ""Do you have service in Pune?"", ""category"": ""Location"", ""sequence"": 4}], ""seller_queries"": [{""query"": ""From where are you calling?"", ""category"": ""Location"", ""sequence"": 2}]}}, ""products"": [{""in_stock"": ""in stock"", ""product_name"": ""Sliding Balcony Door"", ""specifications"": [{""name"": ""Type"", ""value"": ""Sliding"", ""buyer_requested"": true, ""seller_mentioned"": true}], ""related_categories"": [{""name"": ""Sliding Glass Door"", ""reason"": ""Balcony doors are commonly made of glass for visibility.""}, {""name"": ""Aluminium Sliding Window"", ""reason"": ""Sliding doors often use similar mechanisms and materials as sliding windows.""}], ""is_buyer_interested"": true, ""most_specific_category"": {""name"": ""Sliding Doors"", ""reason"": ""The buyer specifically asked for sliding balcony doors.""}}], ""next_steps"": {""buyer_next_steps"": [], ""seller_next_steps"": []}, ""buyer_details"": {""buyer_name"": ""d9becfca41ed8d07a394cf422e945eb6c0f87dcc5c07d463be47bdd19546bdfd"", ""buyer_location"": {""buyer_city"": ""Pune""}, ""buyer_mobile_number"": ""db41282e102b4b1c712a629aee945879a5a77dfa02f66c780d942c024219dde9""}, ""seller_details"": {""seller_name"": ""abe52c9021ffbd51a8e0da8a3056b0eca2030bb2f11d38fa67605eebdfbf8bdb"", ""seller_location"": {""seller_city"": ""Mumbai""}}}",2026-07-29 09:12:33.457,148561387967,29/07/26
3117618,BUYER,28914,"{""callback"": ""callback by Today Afternoon - To share rates after lunch (Khaana khaake aapko rate daal deta hoon)"", ""lead_tag"": {""deal_blockers"": [], ""deal_readiness"": ""Warm"", ""deal_readiness_reason"": ""Wants to purchase for resale and is waiting for price details over WhatsApp.""}, ""metadata"": {""call_type"": {""type"": ""B2B"", ""reason"": ""The buyer is from 'A.K. Tools' and explicitly mentioned the intention to 'resale', indicating a B2B relationship."", ""evidence"": {""keywords"": [""Resale"", ""Hammer Machine""], ""order_type"": [""commercial""], ""repeat_buyer"": true, ""buyer_persona"": {""persona_detail"": ""Tool Shop Owner"", ""persona_category"": ""retailer""}}}, ""buyer_intent"": {""narrative"": ""Wants a 35 kg hammer machine for resale purposes in Cuttack."", ""reasoning"": ""The buyer specifically mentioned the weight capacity and identified their business (A.K. Tools) for resale intent."", ""intent_level"": ""High""}, ""call_outcome"": {""category"": ""Follow-up"", ""conclusion_notes"": ""Rates will be shared on WhatsApp after the seller finishes lunch (Khaana khaake aapko rate daal deta hoon).""}, ""call_purpose"": ""requirement"", ""all_languages"": [""Hindi"", ""English""], ""primary_language"": ""Hindi"", ""additional_details"": {""buyer_queries"": [{""query"": ""Do you have a 35 kg hammer machine?"", ""category"": ""Availability"", ""sequence"": 1, ""answer_by_seller"": ""Yes, it is available.""}, {""query"": ""What is the rate for resale?"", ""category"": ""Pricing"", ""sequence"": 2, ""answer_by_seller"": ""I will send you the rate after having lunch.""}], ""seller_queries"": [{""query"": ""Do you have my WhatsApp number?"", ""category"": ""Other"", ""sequence"": 3, ""answer_by_buyer"": ""No, I don't have it.""}, {""query"": ""Note down my number."", ""category"": ""Other"", ""sequence"": 4, ""answer_by_buyer"": ""The number was noted as 98142 81712.""}]}, ""intended_application"": ""Retail Resale""}, ""products"": [{""in_stock"": ""in stock"", ""product_name"": ""35 kg Hammer Machine"", ""specifications"": [{""name"": ""Weight"", ""unit"": ""kg"", ""value"": ""35"", ""buyer_requested"": true, ""seller_mentioned"": true}], ""related_categories"": [{""name"": ""Power Hammer"", ""reason"": ""These machines are often powered and categorized as power hammers.""}, {""name"": ""Forging Machinery"", ""reason"": ""It belongs to the broader category of machinery used for forging metal.""}], ""is_buyer_interested"": true, ""most_specific_category"": {""name"": ""Forging Hammer"", ""reason"": ""The requirement is for a heavy industrial hammer machine weighing 35 kg used in forging processes.""}, ""seller_accepts_quantity"": true}], ""next_steps"": {""buyer_next_steps"": [""To message the seller on WhatsApp""], ""seller_next_steps"": [""To share rates for the 35 kg machine after lunch""]}, ""buyer_details"": {""buyer_location"": {""buyer_city"": ""Cuttack""}}, ""seller_details"": {""seller_mobile_number"": ""9127b45a94306ef8f5f50eaf4573d6a391ea260e55767a6e78ed3f62326886a5""}}",2026-07-29 09:11:21.503,148533661859,29/07/26
46042848,BUYER,150642,"{""callback"": """", ""lead_tag"": {""deal_blockers"": [{""detail"": ""Seller explicitly states they do not have folding doors"", ""category"": ""Availability""}], ""deal_readiness"": ""Cold"", ""deal_readiness_reason"": ""The item requested by the buyer is not available with the seller.""}, ""metadata"": {""call_type"": {""type"": ""B2C"", ""reason"": ""The buyer was making a simple inquiry for a single product type which was unavailable. No business context or bulk intent was discussed."", ""evidence"": {""keywords"": [""Folding Door""], ""order_type"": [""one-time""]}}, ""buyer_intent"": {""narrative"": ""Looking for folding doors."", ""reasoning"": ""The buyer specifically asked for folding doors but the call ended immediately after the seller denied availability."", ""intent_level"": ""Low""}, ""call_outcome"": {""category"": ""Lost"", ""conclusion_notes"": ""The seller does not have the product. (Nahi sir, folding door nahi rehte)""}, ""call_purpose"": ""requirement"", ""all_languages"": [""Hindi"", ""English""], ""primary_language"": ""Hindi"", ""additional_details"": {""buyer_queries"": [{""query"": ""Do you have folding doors?"", ""category"": ""Availability"", ""sequence"": 1}], ""seller_queries"": []}}, ""products"": [{""in_stock"": ""not sold"", ""product_name"": ""Folding Door"", ""specifications"": [], ""related_categories"": [{""name"": ""Aluminum Folding Door"", ""reason"": ""Folding doors in این Indian context often refer to aluminum-based folding systems.""}], ""is_buyer_interested"": true, ""most_specific_category"": {""name"": ""Folding Doors"", ""reason"": ""The buyer explicitly inquired about 'folding doors' which is the primary product discussed.""}}], ""next_steps"": {""buyer_next_steps"": [], ""seller_next_steps"": []}, ""buyer_details"": {""buyer_name"": ""d9becfca41ed8d07a394cf422e945eb6c0f87dcc5c07d463be47bdd19546bdfd"", ""buyer_mobile_number"": ""db41282e102b4b1c712a629aee945879a5a77dfa02f66c780d942c024219dde9""}, ""seller_details"": {}}",2026-07-29 09:05:35.562,148561387967,29/07/26
46042848,BUYER,150642,"{""payment"": {}, ""callback"": ""None"", ""lead_tag"": {""deal_blockers"": [{""detail"": ""Seller explicitly stated they do not have the requested product"", ""category"": ""Availability""}], ""deal_readiness"": ""Cold"", ""deal_readiness_reason"": ""Seller does not deal in the requested product, leading to an immediate end of the conversation.""}, ""metadata"": {""call_type"": {""type"": ""B2C"", ""reason"": ""The buyer is inquiring for a specific architectural feature (folding doors) which is common in both residential and commercial projects, but the seller's lack of stock makes it a lost business lead."", ""evidence"": {""order_type"": [""commercial""], ""repeat_buyer"": false}}, ""buyer_intent"": {""narrative"": ""Wants balcony folding doors."", ""reasoning"": ""The buyer has a specific requirement for balcony folding doors but the seller does not provide them."", ""intent_level"": ""High""}, ""call_outcome"": {""category"": ""Lost"", ""conclusion_notes"": ""The seller does not provide the requested product (Nahi sir woh nahi hai).""}, ""call_purpose"": ""requirement"", ""all_languages"": [""Hindi"", ""English""], ""primary_language"": ""Hindi"", ""additional_details"": {""buyer_queries"": [{""query"": ""Do you have balcony folding doors?"", ""category"": ""Availability"", ""sequence"": 1}], ""seller_queries"": []}, ""intended_application"": ""Balcony door""}, ""products"": [{""in_stock"": ""not sold"", ""product_name"": ""Folding Door"", ""specifications"": [{""name"": ""Application"", ""value"": ""Balcony"", ""buyer_requested"": true, ""seller_mentioned"": false}], ""related_categories"": [{""name"": ""Aluminum Folding Door"", ""reason"": ""Folding doors are often made of aluminum as a primary material.""}, {""name"": ""Aluminium Door"", ""reason"": ""Folding doors are a variation of aluminum doors.""}], ""is_buyer_interested"": true, ""most_specific_category"": {""name"": ""Folding Doors"", ""reason"": ""The buyer explicitly asked for folding doors (balcony ki folding door).""}}], ""next_steps"": {""buyer_next_steps"": [], ""seller_next_steps"": []}, ""buyer_details"": {""buyer_name"": ""d9becfca41ed8d07a394cf422e945eb6c0f87dcc5c07d463be47bdd19546bdfd""}, ""seller_details"": {}}",2026-07-29 09:04:54.910,148561387967,29/07/26
129864921,BUYER,6204,"{""callback"": ""callback by [No specific time/day mentioned] - [Not a phone call commitment]"", ""lead_tag"": {""deal_blockers"": [{""detail"": ""Stock availability confirmed but specs not yet finalized"", ""category"": ""Availability""}], ""deal_readiness"": ""Warm"", ""deal_readiness_reason"": ""The buyer has shared their WhatsApp number and requires photos and prices for specific 3-ton and 5-ton products.""}, ""metadata"": {""call_type"": {""type"": ""B2B"", ""reason"": ""The requirement for 3-ton and 5-ton lifting equipment suggests industrial or commercial B2B usage."", ""evidence"": {""keywords"": [""Stainless Steel"", ""3 Ton"", ""5 Ton"", ""SS""], ""order_type"": [""commercial""], ""quantity_scale"": ""High""}}, ""buyer_intent"": {""narrative"": ""Wants to purchase 3-ton and 5-ton SS eye hooks and shackles."", ""reasoning"": ""The buyer has specific capacity requirements (3 ton/5 ton) and material preferences (stainless steel), and has exchanged contact details to receive a quote."", ""intent_level"": ""High""}, ""call_outcome"": {""category"": ""Follow-up"", ""conclusion_notes"": ""Seller will send prices and photos on WhatsApp (WhatsApp number lo, photo aur price bhejunga)""}, ""call_purpose"": ""requirement"", ""all_languages"": [""Hindi"", ""English""], ""primary_language"": ""Hindi"", ""additional_details"": {""buyer_queries"": [{""query"": ""Do you have stainless steel eye hooks and shackles?"", ""category"": ""Specifications"", ""sequence"": 1}, {""query"": ""Can you send photos and prices for 3 ton and 5 ton variants?"", ""category"": ""Pricing"", ""sequence"": 2}], ""seller_queries"": [{""query"": ""What is your WhatsApp number?"", ""category"": ""Other"", ""sequence"": 3}]}}, ""products"": [{""in_stock"": ""in stock"", ""product_name"": ""SS Eye Hook"", ""specifications"": [{""name"": ""Material"", ""value"": ""SS"", ""buyer_requested"": true, ""seller_mentioned"": true}, {""name"": ""Capacity"", ""unit"": ""ton"", ""value"": ""3"", ""buyer_requested"": true, ""seller_mentioned"": false}], ""related_categories"": [{""name"": ""Stainless Steel Hooks"", ""reason"": ""The hook is requested specifically in stainless steel.""}, {""name"": ""Lifting Hooks"", ""reason"": ""A 3-ton/5-ton capacity hook is used for lifting operations.""}], ""is_buyer_interested"": true, ""most_specific_category"": {""name"": ""Eye Hooks"", ""reason"": ""The buyer explicitly asked for 'Eye Hooks' in stainless steel.""}}, {""in_stock"": ""in stock"", ""product_name"": ""SS Eye Hook"", ""specifications"": [{""name"": ""Material"", ""value"": ""SS"", ""buyer_requested"": true, ""seller_mentioned"": true}, {""name"": ""Capacity"", ""unit"": ""ton"", ""value"": ""5"", ""buyer_requested"": true, ""seller_mentioned"": false}], ""related_categories"": [{""name"": ""Stainless Steel Hooks"", ""reason"": ""Product material is stainless steel.""}, {""name"": ""Lifting Hooks"", ""reason"": ""Heavy capacity lifting equipment.""}], ""is_buyer_interested"": true, ""most_specific_category"": {""name"": ""Eye Hooks"", ""reason"": ""The buyer explicitly mentioned Eye Hooks with a 5-ton capacity requirement.""}}, {""in_stock"": ""in stock"", ""product_name"": ""SS Shackle"", ""specifications"": [{""name"": ""Material"", ""value"": ""SS"", ""buyer_requested"": true, ""seller_mentioned"": true}, {""name"": ""Capacity"", ""unit"": ""ton"", ""value"": ""3"", ""buyer_requested"": true, ""seller_mentioned"": false}], ""related_categories"": [{""name"": ""Stainless Steel Shackles"", ""reason"": ""The requested material is stainless steel.""}, {""name"": ""Lifting Shackles"", ""reason"": ""Designed for 3-ton/5-ton lifting capacities.""}], ""is_buyer_interested"": true, ""most_specific_category"": {""name"": ""Shackle"", ""reason"": ""The buyer explicitly requested 'Shackles' in stainless steel.""}}, {""in_stock"": ""in stock"", ""product_name"": ""SS Shackle"", ""specifications"": [{""name"": ""Material"", ""value"": ""SS"", ""buyer_requested"": true, ""seller_mentioned"": true}, {""name"": ""Capacity"", ""unit"": ""ton"", ""value"": ""5"", ""buyer_requested"": true, ""seller_mentioned"": false}], ""related_categories"": [{""name"": ""Stainless Steel Shackles"", ""reason"": ""Specified as SS (Stainless Steel).""}, {""name"": ""Lifting Shackles"", ""reason"": ""Used for heavy lifting applications.""}], ""is_buyer_interested"": true, ""most_specific_category"": {""name"": ""Shackle"", ""reason"": ""Requirement for shackles with 5-ton load capacity.""}}], ""next_steps"": {""buyer_next_steps"": [""To message the seller on WhatsApp to receive the catalog""], ""seller_next_steps"": [""To send photos and pricing for 3-ton and 5-ton SS Eye Hooks and Shackles on WhatsApp""]}, ""buyer_details"": {""buyer_mobile_number"": ""2666cf504acd813683d7912c1ae3ceee17be7fdf92eb66df97c5ab7c45015cda""}, ""seller_details"": {""seller_name"": ""8ddaa61646a4e54169bd0ed6241413024af3bf15a16fa36c4009c53c97d4cf6d""}}",2026-07-29 08:59:28.924,148559819285,29/07/26
46042848,BUYER,150642,"{""callback"": ""callback by Monday 1 PM - To confirm stock"", ""lead_tag"": {""deal_blockers"": [], ""deal_readiness"": ""Warm"", ""deal_readiness_reason"": ""Buyer is actively seeking product details and has committed to a specific callback on Monday to proceed.""}, ""metadata"": {""call_type"": {""type"": ""B2C"", ""reason"": ""The buyer is inquiring for a specific site requirement for sliding doors."", ""evidence"": {""order_type"": [""one-time""], ""buyer_persona"": {""persona_category"": ""end_consumer""}}}, ""buyer_intent"": {""narrative"": ""Buyer is inquiring about Geeta brand sliding doors for a project in Pune."", ""reasoning"": ""Buyer specifically mentioned a brand and track configuration, showing high technical intent."", ""intent_level"": ""High""}, ""call_outcome"": {""category"": ""Follow-up"", ""conclusion_notes"": ""A callback is scheduled for Monday at 1 PM to confirm stock availability (Monday ko call karke confirm karta hoon).""}, ""call_purpose"": ""requirement"", ""all_languages"": [""Hindi"", ""English""], ""primary_language"": ""Hindi"", ""additional_details"": {""buyer_queries"": [{""query"": ""What is the price of the Geeta sliding door?"", ""category"": ""Pricing"", ""sequence"": 1}, {""query"": ""Is it a 2 track or 3 track door?"", ""category"": ""Specifications"", ""sequence"": 2}], ""seller_queries"": [{""query"": ""Where is your site located?"", ""category"": ""Location"", ""sequence"": 3}]}}, ""products"": [{""product_name"": ""Geeta Sliding Door"", ""specifications"": [{""name"": ""Tracks"", ""value"": ""2"", ""buyer_requested"": true, ""seller_mentioned"": false}, {""name"": ""Brand"", ""value"": ""Geeta"", ""buyer_requested"": false, ""seller_mentioned"": true}], ""related_categories"": [{""name"": ""Sliding Doors"", ""reason"": ""The product is a type of sliding door.""}, {""name"": ""Aluminium Sliding Window"", ""reason"": ""Geeta series is often used for aluminium sliding systems.""}], ""is_buyer_interested"": true, ""most_specific_category"": {""name"": ""Geeta Sliding Doors"", ""reason"": ""The buyer explicitly mentioned Geeta brand sliding doors during the call.""}}], ""next_steps"": {""buyer_next_steps"": [""To call back on Monday at 1 PM""], ""seller_next_steps"": [""To check and confirm stock for Geeta sliding doors""]}, ""buyer_details"": {""buyer_name"": ""d9becfca41ed8d07a394cf422e945eb6c0f87dcc5c07d463be47bdd19546bdfd""}, ""seller_details"": {""seller_name"": ""abe52c9021ffbd51a8e0da8a3056b0eca2030bb2f11d38fa67605eebdfbf8bdb""}}",2026-07-29 08:48:45.634,148561387967,29/07/26
6743138,BUYER,215002,"{""callback"": ""callback by Tomorrow 10 AM - To discuss specification (Kal subah 10 baje call karke detail puchenge)"", ""lead_tag"": {""deal_blockers"": [], ""deal_readiness"": ""Warm"", ""deal_readiness_reason"": ""The caller expressed clear interest but needs to discuss technical details tomorrow morning.""}, ""metadata"": {""call_type"": {""type"": ""B2B"", ""reason"": ""The call involves a business-grade equipment (cold storage) indicating a commercial or industrial requirement."", ""evidence"": {""keywords"": [""Cold Storage""], ""repeat_buyer"": false}}, ""buyer_intent"": {""narrative"": ""Interested in cold storage solutions but deferred the discussion to the next day."", ""reasoning"": ""The caller specifically called for cold storage and agreed to a follow-up call to discuss requirements in detail."", ""intent_level"": ""Medium""}, ""call_outcome"": {""category"": ""Follow-up"", ""conclusion_notes"": ""Agreed to talk tomorrow morning at 10 AM (Kal subah 10 baje baat karte hain)""}, ""call_purpose"": ""requirement"", ""all_languages"": [""Hindi"", ""English""], ""primary_language"": ""Hindi"", ""additional_details"": {""buyer_queries"": [], ""seller_queries"": []}}, ""products"": [{""in_stock"": ""in stock"", ""product_name"": ""Cold Storage"", ""related_categories"": [{""name"": ""Cold Storage System"", ""reason"": ""Broad category for temperature-controlled storage solutions.""}, {""name"": ""Cold Storage Plant"", ""reason"": ""Large scale storage facilities often referred to as plants.""}], ""is_buyer_interested"": true, ""most_specific_category"": {""name"": ""Cold Storage Rooms"", ""reason"": ""The buyer explicitly inquired about cold storage solutions.""}}], ""next_steps"": {""buyer_next_steps"": [""To take a call tomorrow at 10 AM for further discussion""], ""seller_next_steps"": [""To call back tomorrow morning at 10 AM to gather specifications""]}, ""buyer_details"": {""buyer_name"": ""e32886e80f581657956a5038ad847e76e352822243e06e4037d019494d098ee4"", ""buyer_mobile_number"": ""20114b291cbd123aa592ac4fa38fef13eda864ea9a5c8a83c111f1b84d0a438e""}, ""seller_details"": {""seller_name"": ""190150b9ca1e24b67b736efb98b85c206cbba5f62f4ab6aecc1c8eec9416577f""}}",2026-07-29 08:33:05.635,148562717834,29/07/26
46042848,BUYER,150642,"{""callback"": ""callback by Today - To discuss pricing (Bavde bolto)"", ""lead_tag"": {""deal_blockers"": [], ""deal_readiness"": ""Warm"", ""deal_readiness_reason"": ""The buyer has a specific product in mind and will look into more details via WhatsApp.""}, ""metadata"": {""call_type"": {""type"": ""B2B"", ""reason"": ""The buyer has a specific industrial or commercial product requirement."", ""evidence"": {""keywords"": [""Gallery Foldable Door""], ""order_type"": [""recurring""], ""repeat_buyer"": true}}, ""buyer_intent"": {""narrative"": ""Looking for gallery foldable doors."", ""reasoning"": ""The buyer has a specific requirement for balcony foldable doors and is ready to check the catalog over WhatsApp."", ""intent_level"": ""Medium""}, ""call_outcome"": {""category"": ""Follow-up"", ""conclusion_notes"": ""Will send catalog on WhatsApp for further discussion. (theek hai me whatsapp karte)""}, ""call_purpose"": ""requirement"", ""all_languages"": [""Marathi"", ""English""], ""primary_language"": ""Marathi"", ""additional_details"": {""buyer_queries"": [{""query"": ""Do you have gallery foldable doors?"", ""category"": ""Availability"", ""sequence"": 1}], ""seller_queries"": [{""query"": ""What is your WhatsApp number?"", ""category"": ""Other"", ""sequence"": 2}]}}, ""products"": [{""in_stock"": ""in stock"", ""product_name"": ""Gallery Foldable Doors"", ""specifications"": [{""name"": ""Type"", ""value"": ""Foldable"", ""buyer_requested"": true, ""seller_mentioned"": false}, {""name"": ""Application"", ""value"": ""Gallery"", ""buyer_requested"": true, ""seller_mentioned"": false}], ""related_categories"": [{""name"": ""Sliding Doors"", ""reason"": ""Foldable doors are a type of sliding door mechanism.""}], ""is_buyer_interested"": true, ""most_specific_category"": {""name"": ""Folding Doors"", ""reason"": ""The buyer specifically asked for foldable doors for a gallery.""}}], ""next_steps"": {""buyer_next_steps"": [""To check catalog and confirm the requirement""], ""seller_next_steps"": [""To share catalog/images on WhatsApp""]}, ""buyer_details"": {""buyer_mobile_number"": ""db41282e102b4b1c712a629aee945879a5a77dfa02f66c780d942c024219dde9""}, ""seller_details"": {""seller_name"": ""6e8a711100d962e74a18ad58a2d9e82c305bb56486e23cb873abe28d2b225074""}}",2026-07-29 08:33:02.390,148561387967,29/07/26
6743138,BUYER,215002,"{""callback"": ""callback by Tomorrow 5 PM - To finalize price and specs (Kal 5 baje call karta hoon)"", ""lead_tag"": {""deal_blockers"": [{""detail"": ""The price for lemon-specific cold storage is significantly higher than standard units."", ""category"": ""Price""}], ""deal_readiness"": ""Warm"", ""deal_readiness_reason"": ""Buyer has shared contact details and requested videos/details to finalize the deal though there is a price gap for non-citrus fruits.""}, ""metadata"": {""call_type"": {""type"": ""B2B"", ""reason"": ""The conversation involves large-scale industrial cold storage systems, mentions of government subsidies for high-capacity units (30 ton), and business-to-business discussions about commercial installation."", ""evidence"": {""keywords"": [""Cold Storage"", ""Subsidy"", ""Blue Star Machine"", ""PUF Panel""], ""order_type"": [""commercial""], ""repeat_buyer"": false, ""buyer_persona"": {""persona_detail"": ""Cold Storage Operator"", ""persona_category"": ""other""}, ""quantity_scale"": ""High""}}, ""buyer_intent"": {""narrative"": ""Wants a 2 MT cold storage for lemon and ginger in Chhattisgarh."", ""reasoning"": ""Buyer provided specific capacity (2 ton), mentioned targeted products (lemon/ginger), and provided his mobile number for further details."", ""intent_level"": ""High""}, ""call_outcome"": {""category"": ""Follow-up"", ""conclusion_notes"": ""Seller will share videos and details on WhatsApp for the single-phase unit (Video bhej deta hoon WhatsApp pe).""}, ""call_purpose"": ""requirement"", ""all_languages"": [""Hindi"", ""English""], ""primary_language"": ""Hindi"", ""additional_details"": {""buyer_queries"": [{""query"": ""What is the cost for a 2 metric ton cold storage?"", ""category"": ""Pricing"", ""sequence"": 1}, {""query"": ""How long can lemon and ginger be stored in it?"", ""category"": ""Specifications"", ""sequence"": 2}, {""query"": ""What is the difference between the 2 ton and 4.5 lakh unit?"", ""category"": ""Specifications"", ""sequence"": 3}, {""query"": ""Does it include a humidifier?"", ""category"": ""Specifications"", ""sequence"": 4}, {""query"": ""Can you send a video or photos of the setup?"", ""category"": ""Availability"", ""sequence"": 5}, {""query"": ""What is the guarantee or warranty?"", ""category"": ""Other"", ""sequence"": 6}, {""query"": ""What is the structure made of?"", ""category"": ""Specifications"", ""sequence"": 7}, {""query"": ""Is there any subsidy available?"", ""category"": ""Other"", ""sequence"": 8}, {""query"": ""How much space is needed for a 30 ton project?"", ""category"": ""Specifications"", ""sequence"": 9}], ""seller_queries"": [{""query"": ""How many metric tons of storage are you looking for?"", ""category"": ""Quantity"", ""sequence"": 10}, {""query"": ""Where are you located?"", ""category"": ""Location"", ""sequence"": 11}]}}, ""products"": [{""price"": {""gst"": {""value"": 18, ""details"": ""GST details not explicitly shared but overall project cost mentioned.""}, ""value"": 300000, ""currency"": ""INR"", ""negotiation_notes"": ""Buyer noted that the lemon-specific unit cost (4.5 lakh) is high compared to the general unit (3-3.5 lakh)."", ""buyer_price_reaction"": {""quote"": ""Lemon ke liye toh mahnga hai"", ""category"": ""Negotiating""}}, ""in_stock"": ""in stock"", ""product_name"": ""2 Metric Ton Cold Storage (2000kg)"", ""specifications"": [{""name"": ""Capacity"", ""unit"": ""kg"", ""value"": ""2000"", ""buyer_requested"": false, ""seller_mentioned"": true}, {""name"": ""Size"", ""value"": ""10x10"", ""buyer_requested"": true, ""seller_mentioned"": true}, {""name"": ""Pull down time for vegetables"", ""unit"": ""hours"", ""value"": ""24"", ""buyer_requested"": false, ""seller_mentioned"": true}, {""name"": ""Backup time"", ""unit"": ""hours"", ""value"": ""8"", ""buyer_requested"": true, ""seller_mentioned"": true}, {""name"": ""Brand (Machine)"", ""value"": ""Blue Star"", ""buyer_requested"": true, ""seller_mentioned"": true}, {""name"": ""Material"", ""value"": ""GI (Zinc Coated Iron)"", ""buyer_requested"": true, ""seller_mentioned"": true}, {""name"": ""Phase"", ""value"": ""Single Phase"", ""buyer_requested"": true, ""seller_mentioned"": true}], ""quantity_required"": {""unit"": ""pieces"", ""value"": 1}, ""related_categories"": [{""name"": ""Modular Cold Rooms"", ""reason"": ""Small capacity units are often modular in nature for easy assembly.""}], ""is_buyer_interested"": true, ""most_specific_category"": {""name"": ""Portable Cold Storage"", ""reason"": ""The 2 metric ton capacity and 10x10 size indicate a small, portable or modular cold storage unit.""}, ""seller_accepts_quantity"": true}, {""price"": {""value"": 450000, ""currency"": ""INR""}, ""in_stock"": ""in stock"", ""product_name"": ""Lemon Cold Storage"", ""specifications"": [{""name"": ""Pull down time"", ""unit"": ""hours"", ""value"": ""4"", ""buyer_requested"": false, ""seller_mentioned"": true}, {""name"": ""Target Temperature"", ""unit"": ""degree"", ""value"": ""2"", ""buyer_requested"": false, ""seller_mentioned"": true}, {""name"": ""Storage Temperature"", ""unit"": ""degree"", ""value"": ""0 to 4"", ""buyer_requested"": false, ""seller_mentioned"": true}], ""quantity_required"": {""unit"": ""pieces"", ""value"": 1}, ""related_categories"": [{""name"": ""Cold Storage Chamber"", ""reason"": ""Used for temperature-controlled storage of perishables.""}], ""is_buyer_interested"": true, ""most_specific_category"": {""name"": ""Vegetable Cold Storage"", ""reason"": ""Specifically discussed for quick cooling of lemons.""}, ""seller_accepts_quantity"": true}, {""price"": {""value"": 2000000, ""currency"": ""INR"", ""offer_details"": ""10-12 Lakh subsidy mentioned""}, ""in_stock"": ""in stock"", ""product_name"": ""30 Ton Cold Storage"", ""specifications"": [{""name"": ""Capacity"", ""unit"": ""ton"", ""value"": ""30"", ""buyer_requested"": true, ""seller_mentioned"": true}, {""name"": ""Phase"", ""value"": ""Three Phase"", ""buyer_requested"": false, ""seller_mentioned"": true}, {""name"": ""Area Required"", ""unit"": ""feet"", ""value"": ""40x20"", ""buyer_requested"": false, ""seller_mentioned"": true}], ""related_categories"": [{""name"": ""Commercial Cold Storage"", ""reason"": ""High capacity intended for commercial/industrial use.""}], ""is_buyer_interested"": false, ""most_specific_category"": {""name"": ""Cold Storage Plant"", ""reason"": ""Large capacity unit typically used in plant/commercial settings.""}}], ""next_steps"": {""buyer_next_steps"": [""To review the videos and catalog shared on WhatsApp"", ""To confirm structural material preference""], ""seller_next_steps"": [""To share cold storage videos and technical specifications on WhatsApp"", ""To provide a final quote for a single-phase unit""]}, ""buyer_details"": {""buyer_name"": ""e32886e80f581657956a5038ad847e76e352822243e06e4037d019494d098ee4"", ""buyer_mobile_number"": ""20114b291cbd123aa592ac4fa38fef13eda864ea9a5c8a83c111f1b84d0a438e""}, ""seller_details"": {""seller_location"": {""seller_city"": ""Delhi""}}}",2026-07-29 08:29:41.095,148562717834,29/07/26
3117618,BUYER,28914,"{""payment"": {}, ""callback"": ""callback by Tomorrow PM - To share quote on WhatsApp"", ""lead_tag"": {""deal_blockers"": [], ""deal_readiness"": ""Hot"", ""deal_readiness_reason"": ""Wants the quote immediately and has shared location and specific requirements.""}, ""metadata"": {""call_type"": {""type"": ""B2B"", ""reason"": ""Buyer is seeking industrial forging equipment (35kg hammer) for a tools manufacturing business, indicating a B2B transaction."", ""evidence"": {""keywords"": [""Spring type"", ""35 kg"", ""Pneumatic hammer""], ""order_type"": [""commercial""], ""repeat_buyer"": false, ""buyer_persona"": {""persona_detail"": ""Tools manufacturer"", ""persona_category"": ""manufacturer""}, ""quantity_scale"": ""High""}}, ""buyer_intent"": {""narrative"": ""Looking for 35 kg Spring/Pneumatic Hammer for tools manufacturing in Cuttack."", ""reasoning"": ""Specific weight requirement mentioned and asked for formal quote after discussing price and GST."", ""intent_level"": ""High""}, ""call_outcome"": {""category"": ""Follow-up"", ""conclusion_notes"": ""Wants a quotation on WhatsApp (Hisab kitab WhatsApp pe bhejo).""}, ""call_purpose"": ""requirement"", ""all_languages"": [""Hindi"", ""English""], ""primary_language"": ""Hindi"", ""additional_details"": {""buyer_queries"": [{""query"": ""What is the rate for a 35 kg hammer?"", ""category"": ""Pricing"", ""sequence"": 1, ""answer_by_seller"": ""1.80 lakhs with motor.""}, {""query"": ""Is GST included or extra?"", ""category"": ""Pricing"", ""sequence"": 2, ""answer_by_seller"": ""35,000 for GST billing.""}], ""seller_queries"": [{""query"": ""Where are you calling from?"", ""category"": ""Location"", ""sequence"": 3, ""answer_by_buyer"": ""Odisha, Cuttack.""}]}, ""intended_application"": ""Tools Forging""}, ""products"": [{""price"": {""gst"": {""value"": 19, ""details"": ""GST billing about 35000""}, ""value"": 180000, ""price_unit"": ""piece"", ""buyer_price_reaction"": {""quote"": ""Rates with GST?"", ""category"": ""Negotiating""}}, ""in_stock"": ""in stock"", ""product_name"": ""35 kg Hammer (Spring/Pneumatic)"", ""specifications"": [{""name"": ""Weight"", ""unit"": ""kg"", ""value"": ""35"", ""buyer_requested"": true, ""seller_mentioned"": true}, {""name"": ""Type"", ""value"": ""Spring/Pneumatic"", ""buyer_requested"": true, ""seller_mentioned"": true}, {""name"": ""Motor"", ""value"": ""Included"", ""buyer_requested"": false, ""seller_mentioned"": true}], ""quantity_required"": {""unit"": ""piece"", ""value"": 1}, ""related_categories"": [{""name"": ""Power Hammer"", ""reason"": ""This is a powered forging device for metal shaping.""}, {""name"": ""Forging Equipment"", ""reason"": ""General industrial forging tool category.""}], ""is_buyer_interested"": true, ""most_specific_category"": {""name"": ""Forging Hammer"", ""reason"": ""The discussion is specifically about a 35kg spring/pneumatic forging hammer.""}, ""seller_accepts_quantity"": true}], ""next_steps"": {""buyer_next_steps"": [""To review the quotation sent by the seller""], ""seller_next_steps"": [""To share the quotation for the 35kg hammer with motor on WhatsApp""]}, ""buyer_details"": {""buyer_name"": ""7f093592aebbb47767b5655699cdab8c86c4b24f5c93e3b22a3c2538856e9bf1"", ""buyer_location"": {""buyer_city"": ""Cuttack"", ""buyer_state"": ""Odisha""}}, ""seller_details"": {""seller_name"": ""d9becfca41ed8d07a394cf422e945eb6c0f87dcc5c07d463be47bdd19546bdfd""}}",2026-07-29 08:23:09.973,148533661859,29/07/26
55332271,BUYER,53319,"{""payment"": {}, ""callback"": """", ""lead_tag"": {""deal_blockers"": [{""detail"": ""Seller is in Mumbai and buyer is in Delhi"", ""category"": ""Location""}], ""deal_readiness"": ""Cold"", ""deal_readiness_reason"": ""The seller is located in Mumbai and the buyer is in Delhi, with no next steps established.""}, ""metadata"": {""call_type"": {""type"": ""B2B"", ""reason"": ""The buyer inquired about a specific brand and type of socket for a potential purchase, but the deal was lost due to location differences."", ""evidence"": {""keywords"": [""5 Pin Socket"", ""Paras Socket"", ""Shahdara"", ""Delhi""], ""order_type"": [""commercial""], ""buyer_persona"": {""persona_detail"": ""Buyer's specific business is not explicitly stated, but looking for specific brand sockets."", ""persona_category"": ""retailer""}, ""quantity_scale"": ""Low""}}, ""buyer_intent"": {""narrative"": ""The buyer is looking for 5-pin Paras sockets and inquired if they were available."", ""reasoning"": ""The buyer specifically mentioned the brand and the number of pins for the socket, showing clear interest."", ""intent_level"": ""Medium""}, ""call_outcome"": {""category"": ""Lost"", ""conclusion_notes"": ""The seller is based in Mumbai while the buyer is in Delhi, and the seller suggested the buyer could find the product in Delhi (Dilli mein mil jayega aapko)""}, ""call_purpose"": ""requirement"", ""all_languages"": [""Hindi"", ""English""], ""primary_language"": ""Hindi"", ""additional_details"": {""buyer_queries"": [{""query"": ""Do you have 5 Pin Paras Socket?"", ""category"": ""Specifications"", ""sequence"": 1}], ""seller_queries"": [{""query"": ""Where are you calling from?"", ""category"": ""Location"", ""sequence"": 2}]}}, ""products"": [{""in_stock"": ""not sold"", ""product_name"": ""5 Pin Paras Socket"", ""specifications"": [{""name"": ""Brand"", ""value"": ""Paras"", ""buyer_requested"": true, ""seller_mentioned"": false}, {""name"": ""Pin Configuration"", ""value"": ""5 Pin"", ""buyer_requested"": true, ""seller_mentioned"": false}], ""related_categories"": [{""name"": ""Power Sockets"", ""reason"": ""Sockets are used to provide electrical power in various applications.""}, {""name"": ""Electrical Sockets"", ""reason"": ""The 5-pin Paras socket is an electrical component.""}], ""is_buyer_interested"": true, ""most_specific_category"": {""name"": ""5 Pin Socket"", ""reason"": ""The buyer specifically asked for a 5-pin socket.""}}], ""next_steps"": {""buyer_next_steps"": [], ""seller_next_steps"": []}, ""buyer_details"": {""buyer_location"": {""buyer_city"": ""Delhi"", ""buyer_state"": ""Delhi"", ""buyer_locality"": ""Shahdara""}}, ""seller_details"": {""seller_location"": {""seller_city"": ""Mumbai""}}}",2026-07-29 08:15:28.478,148561354163,29/07/26
55332271,BUYER,53319,"{""callback"": ""callback by Soon - After sharing photos on WhatsApp (theek hai sir main abhi aapko hello bhejta hoon)"", ""lead_tag"": {""deal_blockers"": [{""detail"": ""Seller does not have Havells or Paras products"", ""category"": ""Availability""}], ""deal_readiness"": ""Warm"", ""deal_readiness_reason"": ""Buyer is actively checking for photos and price for a specific socket type for potential purchase.""}, ""metadata"": {""call_type"": {""type"": ""B2B"", ""reason"": ""The conversation involves simple product inquiry and price per piece in a standard B2B style call for small components."", ""evidence"": {""order_type"": [""commercial""], ""repeat_buyer"": false, ""quantity_scale"": ""Low""}}, ""buyer_intent"": {""narrative"": ""Buyer is looking for Phillips sockets after being told Paras and Havells are unavailable."", ""reasoning"": ""Buyer specifically asked for multiple brands, checked price, and requested photos on WhatsApp, showing genuine interest."", ""intent_level"": ""Medium""}, ""call_outcome"": {""category"": ""Follow-up"", ""conclusion_notes"": ""Seller shared WhatsApp number for sending photos; deal continuation depends on product photos (Saath sau gyaarah karke number hai, mere ko hello bhej dena)""}, ""call_purpose"": ""requirement"", ""all_languages"": [""Hindi"", ""English""], ""primary_language"": ""Hindi"", ""additional_details"": {""buyer_queries"": [{""query"": ""Do you have Paras or Havells sockets?"", ""category"": ""Availability"", ""sequence"": 1}, {""query"": ""How much will the Phillips socket cost?"", ""category"": ""Pricing"", ""sequence"": 2, ""answer_by_seller"": ""3.50 rupees""}, {""query"": ""Can you share a photo of the Phillips socket?"", ""category"": ""Specifications"", ""sequence"": 3, ""answer_by_seller"": ""7011147550. Save this number and message on WhatsApp to get the photos.""}], ""seller_queries"": []}}, ""products"": [{""price"": {""value"": 3.5, ""currency"": ""INR"", ""price_unit"": ""piece""}, ""in_stock"": ""in stock"", ""product_name"": ""Phillips Socket"", ""specifications"": [{""name"": ""Brand"", ""value"": ""Phillips"", ""buyer_requested"": true, ""seller_mentioned"": true}], ""related_categories"": [{""name"": ""Power Sockets"", ""reason"": ""Sockets are used to deliver electric power to devices.""}], ""is_buyer_interested"": true, ""most_specific_category"": {""name"": ""Electric Socket"", ""reason"": ""The buyer specifically asks for Phillips sockets, which fall under the electrical socket category.""}}, {""in_stock"": ""not sold"", ""product_name"": ""Paras Socket"", ""is_buyer_interested"": false}, {""in_stock"": ""not sold"", ""product_name"": ""Havells Socket"", ""is_buyer_interested"": false}], ""next_steps"": {""buyer_next_steps"": [""To send a hello message on the seller's WhatsApp number for getting photos""], ""seller_next_steps"": [""To share Phillips socket photos on WhatsApp once the buyer messages""]}, ""buyer_details"": {""buyer_name"": ""9d9414cbd35e10a2b1f889dc820ec7a91d6b272d78917ade61111cedf997ff77"", ""buyer_mobile_number"": ""30f7acdfefffd41ab4f320e1211868da026aec0fcec43938833d07915e72cf91""}, ""seller_details"": {""seller_name"": ""3c0659694cffad060a286a768a6a60d699676c8dc7696630b9247afcf0aa8262"", ""seller_mobile_number"": ""133e37b69908a8c836abd3aebfd84fcf2fbf3ebb277c75431ea90f0cded1f3b8""}}",2026-07-29 08:12:32.488,148561354163,29/07/26
22107394,BUYER,188971,"{""payment"": {""payment_mode"": ""bank transfer""}, ""lead_tag"": {""deal_blockers"": [{""detail"": ""Product currently out of stock on Amazon"", ""category"": ""Availability""}], ""deal_readiness"": ""Warm"", ""deal_readiness_reason"": ""Waiting for Amazon restock within 2 days before deciding on direct purchase.""}, ""metadata"": {""call_type"": {""type"": ""B2C"", ""reason"": ""The buyer is looking for a single TV stand for personal use, indicated by the low quantity and specific size requirement."", ""evidence"": {""order_type"": [""one-time""], ""buyer_persona"": {""persona_category"": ""end_consumer""}, ""quantity_scale"": ""Low""}}, ""buyer_intent"": {""narrative"": ""Seeking a 32-inch table top metal TV stand previously seen on Amazon for 999 INR."", ""reasoning"": ""Buyer has specific part number/brand knowledge (Risachi) and is checking availability for a specific size."", ""intent_level"": ""High""}, ""call_outcome"": {""category"": ""Follow-up"", ""conclusion_notes"": ""Will wait for two days for Amazon restock, else will contact directly (Do din baad nahi aaya toh aapse contact karunga)""}, ""call_purpose"": ""requirement"", ""all_languages"": [""Hindi"", ""English""], ""primary_language"": ""Hindi"", ""additional_details"": {""buyer_queries"": [{""query"": ""What is the price of the metal TV stand?"", ""category"": ""Pricing"", ""sequence"": 2}, {""query"": ""How can I purchase the product?"", ""category"": ""Availability"", ""sequence"": 3}, {""query"": ""Why has the price on Amazon increased to 1700 rupees?"", ""category"": ""Pricing"", ""sequence"": 5}, {""query"": ""What will be the price when it is listed again on Amazon?"", ""category"": ""Availability"", ""sequence"": 6}, {""query"": ""How can I buy directly from you?"", ""category"": ""Availability"", ""sequence"": 7}], ""seller_queries"": [{""query"": ""Which stand are you looking for?"", ""category"": ""Specifications"", ""sequence"": 1}, {""query"": ""For which size TV do you need the stand?"", ""category"": ""Quantity"", ""sequence"": 4}]}}, ""products"": [{""price"": {""value"": 999, ""currency"": ""INR"", ""buyer_price_reaction"": {""quote"": ""999 ki dikha rahe the Amazon pe"", ""category"": ""Accepted""}}, ""in_stock"": ""out of stock"", ""product_name"": ""Risachi Table Top TV Stand"", ""specifications"": [{""name"": ""Material"", ""value"": ""Metal"", ""buyer_requested"": true, ""seller_mentioned"": true}, {""name"": ""Supported TV Size"", ""unit"": ""inches"", ""value"": ""32"", ""buyer_requested"": false, ""seller_mentioned"": true}, {""name"": ""Brand"", ""value"": ""Risachi"", ""buyer_requested"": false, ""seller_mentioned"": true}], ""quantity_required"": {""unit"": ""pieces"", ""value"": 1}, ""related_categories"": [{""name"": ""Table Top Display"", ""reason"": ""It is a stand designed for table-top mounting of displays.""}], ""is_buyer_interested"": true, ""most_specific_category"": {""name"": ""Table Top Display Stand"", ""reason"": ""The buyer explicitly asked for a 'table top base' stand for a 32-inch TV.""}, ""seller_accepts_quantity"": true}], ""next_steps"": {""buyer_next_steps"": [""To check Amazon for restock in 2 days"", ""To contact seller for direct purchase if not available on Amazon""], ""seller_next_steps"": [""To ensure product is restocked on Amazon"", ""To share catalog on WhatsApp""]}, ""buyer_details"": {""buyer_location"": {""buyer_city"": ""Delhi""}, ""buyer_mobile_number"": ""36f576c3b14ffaca77e654197931d5457ad3f9bc734bee8e6a2f5d7e248e93c9""}, ""seller_details"": {""seller_name"": ""f5cb9433ec112d7ae21755021b6da655953a6ca5e79d04e143ff54709fddbd8b""}}",2026-07-29 08:02:06.100,148560466175,29/07/26
6743138,BUYER,215002,"{""callback"": ""callback by Tomorrow - To discuss subsidy and loan details from the SBI executive with the seller's reference."", ""lead_tag"": {""deal_blockers"": [{""detail"": ""Concern over shelf life of lemon and ginger in cold storage."", ""category"": ""Other""}], ""deal_readiness"": ""Warm"", ""deal_readiness_reason"": ""Interested in a 2-metric ton cold room but needs confirmation on product shelf life and financing options before proceeding.""}, ""metadata"": {""call_type"": {""type"": ""B2B"", ""reason"": ""The buyer is inquiring for industrial cold storage equipment for a business venture, discussing tonnage and commercial pricing."", ""evidence"": {""keywords"": [""Solar Cold Storage"", ""Metric Ton"", ""Subsidy"", ""Commercial Use""], ""order_type"": [""commercial""], ""repeat_buyer"": false, ""buyer_persona"": {""persona_detail"": ""Part-time entrepreneur/Sevadar"", ""persona_category"": ""other""}, ""quantity_scale"": ""High""}}, ""buyer_intent"": {""narrative"": ""Wants a 2-metric ton solar cold storage for lemon and ginger in Korba."", ""reasoning"": ""Buyer has specific capacity needs (2MT), product applications (lemon/ginger), and is inquiring about size, price, and financing."", ""intent_level"": ""High""}, ""call_outcome"": {""category"": ""Follow-up"", ""conclusion_notes"": ""Seller will share a quotation and contact details of a financing agent (Loan details share karta hoon).""}, ""call_purpose"": ""requirement"", ""all_languages"": [""Hindi"", ""English""], ""primary_language"": ""Hindi"", ""additional_details"": {""buyer_queries"": [{""query"": ""What is the cost of a 2-metric ton solar cold storage?"", ""category"": ""Pricing"", ""sequence"": 1, ""answer_by_seller"": ""Costs 3 lakhs with GST for a plus temperature room.""}, {""query"": ""What is the size of the 2-ton unit?"", ""category"": ""Specifications"", ""sequence"": 2, ""answer_by_seller"": ""A 2-ton unit is 8x8x8 feet, and a 3 to 3.5-ton unit is 10x10x10 feet.""}, {""query"": ""What is the warranty on the product?"", ""category"": ""Certification"", ""sequence"": 3, ""answer_by_seller"": ""The machine has a 1-year warranty with a piece-to-piece replacement for the compressor.""}, {""query"": ""Is there any subsidy available?"", ""category"": ""Other"", ""sequence"": 4, ""answer_by_seller"": ""35% subsidy is available for large projects, but it involves a lengthy process. Financing can be arranged through SBI.""}], ""seller_queries"": [{""query"": ""Where are you calling from?"", ""category"": ""Location"", ""sequence"": 5, ""answer_by_buyer"": ""Chhattisgarh.""}, {""query"": ""Which city specifically?"", ""category"": ""Location"", ""sequence"": 6, ""answer_by_buyer"": ""Korba.""}, {""query"": ""What products do you intend to store?"", ""category"": ""Specifications"", ""sequence"": 7, ""answer_by_buyer"": ""Mainly lemon and ginger.""}]}}, ""products"": [{""price"": {""gst"": {""is_gst_included"": true}, ""value"": 300000, ""currency"": ""INR"", ""price_unit"": ""unit""}, ""in_stock"": ""in stock"", ""product_name"": ""Cold Storage (Solar Cold Room)"", ""specifications"": [{""name"": ""Capacity"", ""unit"": ""metric ton"", ""value"": ""2"", ""buyer_requested"": true, ""seller_mentioned"": true}, {""name"": ""Dimensions"", ""unit"": ""feet"", ""value"": ""8x8x8"", ""buyer_requested"": false, ""seller_mentioned"": true}, {""name"": ""Temperature Range"", ""unit"": ""degree Celsius"", ""value"": ""2 to 8"", ""buyer_requested"": false, ""seller_mentioned"": true}, {""name"": ""Warranty"", ""unit"": ""year"", ""value"": ""1"", ""buyer_requested"": true, ""seller_mentioned"": true}, {""name"": ""Compressor Brand"", ""value"": ""Emerson"", ""buyer_requested"": false, ""seller_mentioned"": true}], ""quantity_required"": {""unit"": ""metric ton"", ""value"": 2}, ""related_categories"": [{""name"": ""Vegetable Cold Storage"", ""reason"": ""Used for storing lemon and ginger.""}, {""name"": ""Cold Storage Rooms"", ""reason"": ""This is a prefabricated room setup.""}], ""is_buyer_interested"": true, ""most_specific_category"": {""name"": ""Solar Cold Storage"", ""reason"": ""The buyer explicitly asked for a solar-powered cold storage unit for vegetables.""}, ""seller_accepts_quantity"": true}], ""next_steps"": {""buyer_next_steps"": [""To message on WhatsApp with name and required product details."", ""To check local government schemes for cold storage subsidies in Chhattisgarh.""], ""seller_next_steps"": [""To share the quotation for a 2-metric ton cold room on WhatsApp."", ""To share contact details of the SBI executive for loan and subsidy assistance.""]}, ""buyer_details"": {""buyer_name"": ""e32886e80f581657956a5038ad847e76e352822243e06e4037d019494d098ee4""}, ""seller_details"": {""seller_name"": ""ca2f376078b130893ad74cceebb093d96d70c1778fd28c7574e83c53271f73d5""}}",2026-07-29 08:01:06.994,148562717834,29/07/26
156695162,BUYER,1318,"{""payment"": {}, ""callback"": ""callback by Today - To confirm order after checking photos (Aaj hi karte hain bhej do photos)"", ""lead_tag"": {""deal_blockers"": [{""detail"": ""The buyer is currently budget-constrained at 58 and the seller is asking for 60 for the stock lot."", ""category"": ""Price""}], ""deal_readiness"": ""Hot"", ""deal_readiness_reason"": ""The buyer asked to finalize the deal today after receiving photos.""}, ""metadata"": {""call_type"": {""type"": ""B2B"", ""reason"": ""The buyer requires 2000-2500 meters of fabric monthly for business use, indicating a B2B relationship."", ""evidence"": {""keywords"": [""Export Quality"", ""60x60 Cotton"", ""Top Bottom Matching""], ""order_type"": [""bulk"", ""recurring"", ""commercial""], ""repeat_buyer"": true, ""buyer_persona"": {""persona_detail"": ""Apparel Manufacturer"", ""persona_category"": ""manufacturer""}, ""quantity_scale"": ""High""}}, ""buyer_intent"": {""narrative"": ""Wants to buy 2000-2500 meters of cotton 60x60 fabric for recurring business."", ""reasoning"": ""The buyer mentioned a specific requirement of 2000-2500 meters per month and is actively negotiating price for ready stock."", ""intent_level"": ""High""}, ""call_outcome"": {""category"": ""Follow-up"", ""conclusion_notes"": ""The seller will send photos of 4 designs and the buyer will finalize today (Aaj hi photos bhej do aaj hi done karte hain).""}, ""call_purpose"": ""requirement"", ""all_languages"": [""Hindi"", ""English""], ""primary_language"": ""Hindi"", ""additional_details"": {""buyer_queries"": [{""query"": ""What is the width (panna) of the fabric?"", ""category"": ""Specifications"", ""sequence"": 3}, {""query"": ""Do you have around 1000 meters of ready stock at a cheaper rate?"", ""category"": ""Quantity"", ""sequence"": 4}, {""query"": ""Will I get color matching for the top and bottom in these prints?"", ""category"": ""Specifications"", ""sequence"": 7}], ""seller_queries"": [{""query"": ""Which fabric do you need?"", ""category"": ""Specifications"", ""sequence"": 1}, {""query"": ""Where are you from?"", ""category"": ""Location"", ""sequence"": 2}, {""query"": ""How many meters do you need?"", ""category"": ""Quantity"", ""sequence"": 5}, {""query"": ""Can you do 60 per meter for some 1500-1600 meters of export quality 60x60 cotton?"", ""category"": ""Pricing"", ""sequence"": 6}]}, ""intended_application"": ""Apparel Manufacturing""}, ""products"": [{""price"": {""value"": 60, ""currency"": ""INR"", ""price_unit"": ""meter"", ""buyer_price_reaction"": {""quote"": ""Can we do it at 58? (58 mein dekh lenge)"", ""category"": ""Negotiating""}}, ""in_stock"": ""in stock"", ""product_name"": ""Cotton 60x60 Fabric"", ""specifications"": [{""name"": ""Thread Count"", ""value"": ""60x60"", ""buyer_requested"": false, ""seller_mentioned"": true}, {""name"": ""Panna (Width)"", ""value"": ""42 plus"", ""buyer_requested"": true, ""seller_mentioned"": true}, {""name"": ""Quality"", ""value"": ""Export Quality"", ""buyer_requested"": false, ""seller_mentioned"": true}, {""name"": ""Matching"", ""value"": ""Top Bottom Matching"", ""buyer_requested"": true, ""seller_mentioned"": true}], ""quantity_required"": {""unit"": ""meters"", ""value"": 2500}, ""related_categories"": [{""name"": ""Printed Cotton Fabric"", ""reason"": ""The seller mentioned available prints and top-bottom matching.""}, {""name"": ""Cotton Textile"", ""reason"": ""It is a bulk textile requirement for industrial use.""}], ""is_buyer_interested"": true, ""most_specific_category"": {""name"": ""Cotton Fabric"", ""reason"": ""The buyer explicitly asked for 60X60 cotton fabric for manufacturing.""}, ""seller_accepts_quantity"": true}, {""price"": {""value"": 72, ""currency"": ""INR"", ""price_unit"": ""meter""}, ""in_stock"": ""in stock"", ""product_name"": ""Cotton 60x60 Fabric (Standard)"", ""specifications"": [{""name"": ""Fast Color"", ""value"": ""Yes"", ""buyer_requested"": false, ""seller_mentioned"": true}], ""related_categories"": [{""name"": ""Cotton Textile"", ""reason"": ""Standard industrial grade cotton fabric.""}], ""is_buyer_interested"": true, ""most_specific_category"": {""name"": ""Cotton Fabric"", ""reason"": ""Standard cotton 60x60 fabric quoted by the seller.""}}], ""next_steps"": {""buyer_next_steps"": [""To check photos of the available fabric designs"", ""To finalize the deal for 1500-1600 meters if designs are suitable""], ""seller_next_steps"": [""To share photos of the 4 available designs on WhatsApp""]}, ""buyer_details"": {""buyer_name"": ""2415f50d4aa44c1aeefdee019793fce717601a184ab1f140c0af1a03c2e4b8ac"", ""buyer_mobile_number"": ""46d24d880652e2c8f35079dead23b195e29a76b85fecc4b0072fb3945e48c3ce""}, ""seller_details"": {""seller_name"": ""5ec6881ba42f261646c989c418aa6d1eab40276e67c703a1edad399624628d2a"", ""seller_location"": {""seller_city"": ""Jaipur"", ""seller_locality"": ""Sitapura""}}}",2026-07-29 07:48:57.790,148561460295,29/07/26
142562528,BUYER,20757,"{""lead_tag"": {""deal_blockers"": [], ""deal_readiness"": ""Warm"", ""deal_readiness_reason"": ""Buyer provided specific dimensions and shared business details for a sales follow-up.""}, ""metadata"": {""call_type"": {""type"": ""B2B"", ""reason"": ""The buyer mentioned his company name, Raya Exim, and plans to use the mezzanine floor for commercial exhibition events across different cities."", ""evidence"": {""keywords"": [""Exhibition Use"", ""Reusable"", ""Nut-Bolt System"", ""Pre-fabricated""], ""order_type"": [""commercial""], ""repeat_buyer"": false, ""buyer_persona"": {""persona_detail"": ""Exhibition and Event Contractor"", ""persona_category"": ""contractor""}, ""quantity_scale"": ""Low""}}, ""buyer_intent"": {""narrative"": ""Wants a reusable pre-fabricated nut-bolt system mezzanine floor for exhibition use."", ""reasoning"": ""Buyer provided specific dimensions (12-15ft x 15-20ft), stated the exact intended application (exhibitions), and shared his company name."", ""intent_level"": ""High""}, ""call_outcome"": {""category"": ""Follow-up"", ""conclusion_notes"": ""Will connect with the sales person for further discussion (Sales person er sathe apnar jogajog koriye dichchi).""}, ""call_purpose"": ""requirement"", ""all_languages"": [""Bengali"", ""Hindi""], ""primary_language"": ""Bengali"", ""additional_details"": {""buyer_queries"": [{""query"": ""Do you make mezzanine floors?"", ""category"": ""Availability"", ""sequence"": 1, ""answer_by_seller"": ""Yes, we make all types of mezzanine floors.""}, {""query"": ""Do you have pre-fabricated nut-bolt system mezzanine floors for easy reuse?"", ""category"": ""Specifications"", ""sequence"": 2, ""answer_by_seller"": ""Yes, we manufacture sheet metal and beam type mezzanine floors at our factory.""}, {""query"": ""Do I need to put beams in the middle?"", ""category"": ""Specifications"", ""sequence"": 4, ""answer_by_seller"": ""Yes, beams will be required for the structure.""}, {""query"": ""How many beams will be needed?"", ""category"": ""Specifications"", ""sequence"": 5, ""answer_by_seller"": ""The number of beams can only be determined after a site visit.""}], ""seller_queries"": [{""query"": ""Where are you located?"", ""category"": ""Location"", ""sequence"": 3, ""answer_by_buyer"": ""I am calling from Kolkata.""}, {""query"": ""What is your phone number?"", ""category"": ""Other"", ""sequence"": 6, ""answer_by_buyer"": ""My phone number is 7003546138.""}, {""query"": ""What is your company name?"", ""category"": ""Other"", ""sequence"": 7, ""answer_by_buyer"": ""My company name is Raya Exim.""}]}, ""intended_application"": ""Exhibition Floor""}, ""products"": [{""in_stock"": ""in stock"", ""product_name"": ""Pre-fabricated Nut-Bolt System Mezzanine Floor"", ""specifications"": [{""name"": ""System"", ""value"": ""Nut-Bolt"", ""buyer_requested"": true, ""seller_mentioned"": true}, {""name"": ""Feature"", ""value"": ""Reusable"", ""buyer_requested"": true, ""seller_mentioned"": false}, {""name"": ""Material"", ""value"": ""Sheet Metal"", ""buyer_requested"": false, ""seller_mentioned"": true}, {""name"": ""Type"", ""value"": ""Beam Type"", ""buyer_requested"": false, ""seller_mentioned"": true}, {""name"": ""Length"", ""unit"": ""ft"", ""value"": ""12"", ""buyer_requested"": true}, {""name"": ""Width"", ""unit"": ""ft"", ""value"": ""15"", ""buyer_requested"": true}], ""quantity_required"": {""unit"": ""piece"", ""value"": 1}, ""related_categories"": [{""name"": ""Mezzanine Fabrication"", ""reason"": ""The product requires custom sheet metal fabrication as mentioned by the seller.""}, {""name"": ""Modular Mezzanines"", ""reason"": ""The buyer requested a pre-fabricated nut-bolt system which is inherently modular for reuse.""}], ""is_buyer_interested"": true, ""most_specific_category"": {""name"": ""Mezzanine Floor"", ""reason"": ""The buyer explicitly requested a mezzanine floor structure for his exhibition events.""}, ""seller_accepts_quantity"": true}], ""next_steps"": {""buyer_next_steps"": [""To discuss technical details and site visit with the sales person.""], ""seller_next_steps"": [""To share the buyer's contact with the sales department for further follow-up.""]}, ""buyer_details"": {""buyer_location"": {""buyer_city"": ""Kolkata""}, ""buyer_mobile_number"": ""31f03912cca5623e8a65872f1f33a0499d312eea46c561d07f59d6c524f6f37b""}, ""seller_details"": {""seller_location"": {""seller_locality"": ""Ranihati, Panchla""}}}",2026-07-29 07:44:29.708,148561350767,29/07/26
106288744,BUYER,221282,"{""callback"": ""callback by Tomorrow 10 AM - To discuss (Kal subah 10 baje call karega)"", ""lead_tag"": {""deal_blockers"": [{""detail"": ""Stock not available with the seller"", ""category"": ""Availability""}], ""deal_readiness"": ""Cold"", ""deal_readiness_reason"": ""The requested product is not available with the seller.""}, ""metadata"": {""call_type"": {""type"": ""B2C"", ""reason"": ""The buyer was looking for a specific printer spare part for likely personal or small office use and the conversation was brief without any bulk indicators."", ""evidence"": {""order_type"": [""one-time""], ""repeat_buyer"": false, ""buyer_persona"": {""persona_category"": ""end_consumer""}, ""quantity_scale"": ""Low""}}, ""buyer_intent"": {""narrative"": ""Looking for an Epson L520 printer head in Mumbai."", ""reasoning"": ""The buyer has a specific model (Epson L520) and product (printer head) requirement and was inquiring about the location for a possible visit."", ""intent_level"": ""High""}, ""call_outcome"": {""category"": ""Lost"", ""conclusion_notes"": ""Seller does not have the product in stock (Stock nahi hai mere paas)""}, ""call_purpose"": ""requirement"", ""all_languages"": [""Hindi"", ""English""], ""primary_language"": ""Hindi"", ""additional_details"": {""buyer_queries"": [{""query"": ""Where is your shop located in Mumbai?"", ""category"": ""Location"", ""sequence"": 1}, {""query"": ""What is the price of the Epson L520 printer head?"", ""category"": ""Pricing"", ""sequence"": 2}], ""seller_queries"": []}}, ""products"": [{""in_stock"": ""out of stock"", ""product_name"": ""Epson L520 Printer Head"", ""specifications"": [{""name"": ""Model Name"", ""value"": ""L520"", ""buyer_requested"": true, ""seller_mentioned"": false}, {""name"": ""Brand"", ""value"": ""Epson"", ""buyer_requested"": true, ""seller_mentioned"": false}], ""related_categories"": [{""name"": ""Printer Head"", ""reason"": ""It is a specific type of printer head and can be categorized under the broader category.""}, {""name"": ""Printer Spare Parts"", ""reason"": ""Printer heads are considered critical spare parts for inkjet printers.""}], ""is_buyer_interested"": true, ""most_specific_category"": {""name"": ""Epson Printer Head"", ""reason"": ""The buyer specifically asked for an Epson L520 printer head.""}}], ""next_steps"": {""buyer_next_steps"": [], ""seller_next_steps"": []}, ""buyer_details"": {""buyer_name"": ""623f0b5584eb86d9f905e52679a9ce3bca0bd91a950a03e0eaa1b2f8bb3e9908"", ""buyer_mobile_number"": ""2516e686a318219bdeed5a3aeffdc23eb254e7e5e585c509aaa4746c0026f050""}, ""seller_details"": {""seller_name"": ""b10331ccefe94749553681574c0849231d86f369d07a63550139defcbf949033"", ""seller_location"": {""seller_city"": ""Mumbai"", ""seller_locality"": ""Bhiwandi""}, ""seller_mobile_number"": ""d0b8557eee701567111ae026fc93166b34078ab9008aeb93c45e610eceb0b6ce""}}",2026-07-29 07:32:14.350,148560285595,29/07/26
272449036,BUYER,139611,"{""callback"": ""callback by Tomorrow - To send quotes (Kal bhejwa deta hoon)"", ""lead_tag"": {""deal_blockers"": [{""detail"": ""Packing machine not available"", ""category"": ""Availability""}], ""deal_readiness"": ""Warm"", ""deal_readiness_reason"": ""Wants to set up a spice plant and requested a formal quotation after discussing machine details.""}, ""metadata"": {""call_type"": {""type"": ""B2B"", ""reason"": ""The buyer is looking for an industrial-scale spice processing plant (100 kg/hour) which indicates B2B manufacturing intent."", ""evidence"": {""keywords"": [""German Technology"", ""SS304"", ""100kg/hr""], ""order_type"": [""commercial"", ""bulk""], ""buyer_persona"": {""persona_detail"": ""Spice Production Unit Owner"", ""persona_category"": ""manufacturer""}, ""quantity_scale"": ""High""}}, ""buyer_intent"": {""narrative"": ""Seeking 100 kg/hour spice plant in Kanpur with high technical awareness."", ""reasoning"": ""Buyer specifically requested 100 kg/hour capacity and inquired about SS304 material and automated controls."", ""intent_level"": ""High""}, ""call_outcome"": {""category"": ""Follow-up"", ""conclusion_notes"": ""Quotation will be shared by tomorrow (Kal tak bhejwa dunga).""}, ""call_purpose"": ""requirement"", ""all_languages"": [""Hindi"", ""English""], ""primary_language"": ""Hindi"", ""additional_details"": {""buyer_queries"": [{""query"": ""What are the specifications and what is it made of?"", ""category"": ""Specifications"", ""sequence"": 2, ""answer_by_seller"": ""The contact part of the machine is stainless steel (SS304) and is fully automated.""}, {""query"": ""Do you also provide packing machines?"", ""category"": ""Availability"", ""sequence"": 3, ""answer_by_seller"": ""We don't manufacture packing machines.""}], ""seller_queries"": [{""query"": ""What is your name?"", ""category"": ""Other"", ""sequence"": 1, ""answer_by_buyer"": ""Gaurav Jain""}]}, ""intended_application"": ""Industrial Spice Production""}, ""products"": [{""in_stock"": ""in stock"", ""product_name"": ""Spice Grinding Machine (Spice plant)"", ""specifications"": [{""name"": ""Capacity"", ""unit"": ""kg/hour"", ""value"": ""100"", ""buyer_requested"": true, ""seller_mentioned"": true}, {""name"": ""Technology"", ""value"": ""German technology"", ""buyer_requested"": false, ""seller_mentioned"": true}, {""name"": ""Material"", ""value"": ""SS304"", ""buyer_requested"": true, ""seller_mentioned"": true}], ""quantity_required"": {""unit"": ""plant"", ""value"": 1}, ""related_categories"": [{""name"": ""Masala Processing Plant"", ""reason"": ""Suitable for grinding various spices.""}], ""is_buyer_interested"": true, ""most_specific_category"": {""name"": ""Spice Processing Machines and Plants"", ""reason"": ""Machine used for grinding spices with German technology and automation.""}, ""seller_accepts_quantity"": true}], ""next_steps"": {""buyer_next_steps"": [""To review the quotation once received""], ""seller_next_steps"": [""To send quotation for 100kg/hr spice plant"", ""To share contact details if needed""]}, ""buyer_details"": {""buyer_name"": ""63306acfb31bc4969e6691abdd41de087d93157f60e84fd8c7c2d53a7d4c3e08""}, ""seller_details"": {}}",2026-07-29 07:09:20.328,148560945352,29/07/26
272449036,BUYER,139611,"{""callback"": ""callback by Tomorrow 10 AM - To discuss the plant details (Kal subah 10 baje call karta hoon)"", ""lead_tag"": {""deal_blockers"": [], ""deal_readiness"": ""Warm"", ""deal_readiness_reason"": ""Buyer is actively seeking a quotation for a complete 100 kg/hr spice processing plant for a new factory setup.""}, ""metadata"": {""call_type"": {""type"": ""B2B"", ""reason"": ""The buyer is inquiring about purchasing an entire spice processing plant for a 100 kg/hr factory, indicating a B2B manufacturing context."", ""evidence"": {""keywords"": [""Spice factory"", ""Per hour capacity"", ""Processing plant""], ""order_type"": [""commercial"", ""bulk""], ""repeat_buyer"": false, ""buyer_persona"": {""persona_detail"": ""Spice Factory Owner"", ""persona_category"": ""manufacturer""}, ""quantity_scale"": ""High""}}, ""buyer_intent"": {""narrative"": ""Gaurav from Kanpur is looking to set up a spice factory and needs a quotation for a complete processing plant with 100 kg/hr capacity."", ""reasoning"": ""The buyer specifies the exact capacity (100 kg/hr) and lists components like cleaning, sorting, and grinding machines for a new factory setup."", ""intent_level"": ""High""}, ""call_outcome"": {""category"": ""Follow-up"", ""conclusion_notes"": ""Seller will call back tomorrow morning to discuss the plant details further (Kal subah connect karte hain details ke liye).""}, ""call_purpose"": ""requirement"", ""all_languages"": [""Hindi"", ""English""], ""primary_language"": ""Hindi"", ""additional_details"": {""buyer_queries"": [{""query"": ""Can you provide machinery for a spice factory?"", ""category"": ""Availability"", ""sequence"": 1}, {""query"": ""Can you provide a quotation for the entire plant including cleaning, sorting, and grinding machines?"", ""category"": ""Pricing"", ""sequence"": 2}], ""seller_queries"": [{""query"": ""What is the per hour capacity required?"", ""category"": ""Specifications"", ""sequence"": 3, ""answer_by_buyer"": ""100 kg per hour.""}]}, ""intended_application"": ""Spice Factory Production""}, ""products"": [{""in_stock"": ""in stock"", ""product_name"": ""Spice Processing Plant (Spice Factory Machinery)"", ""specifications"": [{""name"": ""Capacity"", ""unit"": ""kg/hr"", ""value"": ""100"", ""buyer_requested"": true, ""seller_mentioned"": false}, {""name"": ""Components"", ""value"": ""Cleaning, Sorting, Grinding"", ""buyer_requested"": true, ""seller_mentioned"": false}], ""related_categories"": [{""name"": ""Spice Processing Machines and Plants"", ""reason"": ""General category for industrial equipment used in spice manufacturing.""}], ""is_buyer_interested"": true, ""most_specific_category"": {""name"": ""Masala Processing Plant"", ""reason"": ""The buyer explicitly asked for a full spice (masala) processing factory setup including cleaning, sorting, and grinding.""}}], ""next_steps"": {""buyer_next_steps"": [""To discuss specific plant requirements during the callback""], ""seller_next_steps"": [""To call the buyer tomorrow at 10 AM to discuss details"", ""To prepare and share a quotation for a 100 kg/hr spice plant""]}, ""buyer_details"": {""buyer_name"": ""44104fcaef8476724152090d6d7bd9afa8ca5b385f6a99d3c6cf36b943b9872d""}, ""seller_details"": {""seller_name"": ""1c7272b3cb1d980b7701040e8afd537af886a437cd718ffdaf7c49c41171e11c""}}",2026-07-29 07:06:39.434,148560945352,29/07/26
93866727,BUYER,184663,"{""callback"": ""callback by Tomorrow 10 AM - To discuss rates with the boss (Kal 10 baje call karta hoon)"", ""lead_tag"": {""deal_blockers"": [], ""deal_readiness"": ""Warm"", ""deal_readiness_reason"": ""Interested in 40 tons of river sand and waiting to discuss rates with the owner.""}, ""metadata"": {""call_type"": {""type"": ""B2B"", ""reason"": ""The requirement is for 40 tons of construction sand involving a 16-wheeler truck, indicating industrial or bulk business use."", ""evidence"": {""order_type"": [""bulk"", ""commercial""], ""quantity_scale"": ""High""}}, ""buyer_intent"": {""narrative"": ""Wants to purchase 40 tons of river sand for delivery in Barrackpore."", ""reasoning"": ""Buyer specified exact quantity (40 tons) and truck type (16-wheeler) for delivery."", ""intent_level"": ""High""}, ""call_outcome"": {""category"": ""Follow-up"", ""conclusion_notes"": ""Seller provided another number to discuss direct rates with the boss (Ek number note kariye boss ka, rate wahi denge)""}, ""call_purpose"": ""requirement"", ""all_languages"": [""Hindi"", ""Bengali""], ""primary_language"": ""Hindi"", ""additional_details"": {""buyer_queries"": [{""query"": ""Will I get river sand - white sand?"", ""category"": ""Availability"", ""sequence"": 1}], ""seller_queries"": [{""query"": ""How much quantity do you need?"", ""category"": ""Quantity"", ""sequence"": 2, ""answer_by_buyer"": ""40 tons""}]}}, ""products"": [{""in_stock"": ""in stock"", ""product_name"": ""River Sand (Sada Bali)"", ""specifications"": [{""name"": ""Type"", ""value"": ""River"", ""buyer_requested"": true, ""seller_mentioned"": false}, {""name"": ""Color"", ""value"": ""White"", ""buyer_requested"": true, ""seller_mentioned"": false}], ""quantity_required"": {""unit"": ""tons"", ""value"": 40}, ""related_categories"": [{""name"": ""Construction Sand"", ""reason"": ""River sand is a primary type of sand used in construction.""}, {""name"": ""Building Construction Material"", ""reason"": ""Sand is an essential raw material for building construction.""}], ""is_buyer_interested"": true, ""most_specific_category"": {""name"": ""River Sand"", ""reason"": ""Buyer explicitly asked for 'River Sand' (Sada Bali/River Bali).""}, ""seller_accepts_quantity"": true}], ""next_steps"": {""buyer_next_steps"": [""To call the provided number to speak with Arun Kumar Gupta regarding rates""], ""seller_next_steps"": [""To provide product rates and transit details from the factory""]}, ""buyer_details"": {""buyer_name"": ""22b91144cd86ad7f21f30e005010d6ef3c1833cd93397952a1b8d5e4ec6e5d43"", ""buyer_location"": {""buyer_city"": ""Barrackpore""}}, ""seller_details"": {""seller_name"": ""af674ed66a726918583170c53c585b02055e388d07642154616e10d0bd04fc63""}}",2026-07-29 07:03:36.545,148561060585,29/07/26
93866727,BUYER,184663,"{""callback"": ""callback by Tomorrow 10 AM - To discuss Patna delivery"", ""lead_tag"": {""deal_blockers"": [{""detail"": ""Seller is in Patna and buyer is in Barrackpore"", ""category"": ""Location""}], ""deal_readiness"": ""Cold"", ""deal_readiness_reason"": ""The distance between Patna and Barrackpore is too high for this product""}, ""metadata"": {""call_type"": {""type"": ""B2B"", ""reason"": ""The buyer asks for 40 units of filling sand, suggest industrial or construction use, but since it is for a specific location one-time, it is classified B2B."", ""evidence"": {""keywords"": [""Filling Sand"", ""Barrackpore"", ""Patna""], ""order_type"": [""one-time""], ""repeat_buyer"": false, ""buyer_persona"": {""persona_category"": ""end_consumer""}, ""quantity_scale"": ""High""}}, ""buyer_intent"": {""narrative"": ""Wants 40 units of filling sand in Barrackpore"", ""reasoning"": ""Buyer specifies a location and quantity for the purchase"", ""intent_level"": ""High""}, ""call_outcome"": {""category"": ""Lost"", ""conclusion_notes"": ""Seller is unable to deliver to Barrackpore from Patna""}, ""call_purpose"": ""requirement"", ""all_languages"": [""Hindi"", ""English""], ""primary_language"": ""Hindi"", ""additional_details"": {""buyer_queries"": [{""query"": ""Is it coarse or fine sand?"", ""category"": ""Specifications"", ""sequence"": 3}], ""seller_queries"": [{""query"": ""What is your location?"", ""category"": ""Location"", ""sequence"": 1}, {""query"": ""How much quantity is needed?"", ""category"": ""Quantity"", ""sequence"": 2}]}}, ""products"": [{""price"": {""value"": 1100, ""currency"": ""INR"", ""price_unit"": ""ton""}, ""in_stock"": ""in stock"", ""product_name"": ""Filling Sand"", ""specifications"": [{""name"": ""Type"", ""value"": ""Fine (Plaster sand)"", ""buyer_requested"": true, ""seller_mentioned"": true}], ""quantity_required"": {""unit"": ""units"", ""value"": 40}, ""related_categories"": [{""name"": ""Construction Sand"", ""reason"": ""Filling sand is commonly used as construction sand.""}], ""is_buyer_interested"": true, ""most_specific_category"": {""name"": ""Sand"", ""reason"": ""The buyer asks for filling sand, a type of sand used in construction.""}, ""seller_accepts_quantity"": true}], ""next_steps"": {""buyer_next_steps"": [], ""seller_next_steps"": []}, ""buyer_details"": {""buyer_name"": ""22b91144cd86ad7f21f30e005010d6ef3c1833cd93397952a1b8d5e4ec6e5d43"", ""buyer_location"": {""buyer_city"": ""Barrackpore"", ""buyer_state"": ""West Bengal""}}, ""seller_details"": {""seller_name"": ""17f2f99c91d245107857ab4c40bc7b8799571d0d42fe3d0e881e5773940b9dec"", ""seller_location"": {""seller_city"": ""Patna"", ""seller_state"": ""Bihar""}}}",2026-07-29 06:58:43.068,148561060585,29/07/26
27665162,BUYER,2445,"{""payment"": {}, ""callback"": ""callback by Tomorrow - To discuss the catalog and finalize (Kal batata hoon)"", ""lead_tag"": {""deal_blockers"": [{""detail"": ""Buyer is asking for a lower price per piece"", ""category"": ""Price""}], ""deal_readiness"": ""Warm"", ""deal_readiness_reason"": ""Buyer expressed specific interest in the 200-250g size but wants to compare rates or think before proceeding.""}, ""metadata"": {""call_type"": {""type"": ""B2B"", ""reason"": ""Buyer is inquiring about bulk quantities of tin cans for packaging dry fruits, indicating a commercial or resale intent."", ""evidence"": {""keywords"": [""Dry Fruit Packaging"", ""Traders"", ""Tin Cans""], ""order_type"": [""bulk"", ""commercial""], ""repeat_buyer"": true, ""buyer_persona"": {""persona_category"": ""retailer""}, ""quantity_scale"": ""High""}}, ""buyer_intent"": {""narrative"": ""Wants to buy tin cans for dry fruit packaging weighing around 200-250g."", ""reasoning"": ""Very specific about size and quantity, and is actively negotiating price per unit."", ""intent_level"": ""High""}, ""call_outcome"": {""category"": ""Follow-up"", ""conclusion_notes"": ""Buyer will check and get back after reviewing the shared catalog (Theek hai check karke batata hoon)""}, ""call_purpose"": ""requirement"", ""all_languages"": [""Hindi"", ""English""], ""primary_language"": ""Hindi"", ""additional_details"": {""buyer_queries"": [{""query"": ""How much dry fruit can fit in this size?"", ""category"": ""Specifications"", ""sequence"": 1}, {""query"": ""Can you reduce the price further?"", ""category"": ""Pricing"", ""sequence"": 2}, {""query"": ""Do you provide custom printing or labeling on the cans?"", ""category"": ""Specifications"", ""sequence"": 3}], ""seller_queries"": [{""query"": ""How many pieces do you require?"", ""category"": ""Quantity"", ""sequence"": 4}]}, ""intended_application"": ""Dry Fruit Packaging""}, ""products"": [{""price"": {""value"": 27, ""currency"": ""INR"", ""price_unit"": ""piece"", ""offer_details"": ""2 rupees discount for orders above 500 pieces"", ""negotiation_notes"": ""Seller offered to reduce the price by 2 rupees if the quantity exceeds 500 pieces."", ""buyer_price_reaction"": {""quote"": ""Rate thoda zyada hai, thoda kam karo"", ""category"": ""Negotiating""}}, ""in_stock"": ""in stock"", ""product_name"": ""Tin Cans (200-250g size)"", ""specifications"": [{""name"": ""Capacity"", ""unit"": ""g"", ""value"": ""200"", ""buyer_requested"": true, ""seller_mentioned"": true}, {""name"": ""Material"", ""value"": ""Tin"", ""buyer_requested"": false, ""seller_mentioned"": true}], ""quantity_required"": {""unit"": ""pieces"", ""value"": 250}, ""related_categories"": [{""name"": ""Packaging Tin"", ""reason"": ""Used for packaging dry fruit products.""}, {""name"": ""Round Tin Box"", ""reason"": ""Cans are typically round in shape for dry fruit storage.""}], ""is_buyer_interested"": true, ""minimum_order_quantity"": {""unit"": ""pieces"", ""value"": 196}, ""most_specific_category"": {""name"": ""Tin Cans"", ""reason"": ""The products discussed are explicitly described as tin containers for dry fruits, which falls under the Tin Cans category.""}, ""seller_accepts_quantity"": true}, {""price"": {""value"": 23, ""currency"": ""INR"", ""price_unit"": ""piece""}, ""in_stock"": ""in stock"", ""product_name"": ""Tin Cans (100-150g size)"", ""specifications"": [{""name"": ""Capacity"", ""unit"": ""g"", ""value"": ""100"", ""buyer_requested"": true, ""seller_mentioned"": true}], ""related_categories"": [{""name"": ""Packaging Tin"", ""reason"": ""Alternative packaging option.""}], ""is_buyer_interested"": true, ""most_specific_category"": {""name"": ""Tin Cans"", ""reason"": ""Alternative size discussed for smaller dry fruit portions.""}}], ""next_steps"": {""buyer_next_steps"": [""To review the catalog shared on WhatsApp"", ""To confirm the final quantity for the 250g tin cans""], ""seller_next_steps"": [""To follow up with the buyer regarding the pricing for 500+ pieces""]}, ""buyer_details"": {""buyer_mobile_number"": ""d27757ddef9fc7239279820f65ad99a4d28d0afe5c943977e7a03d751c1309a6""}, ""seller_details"": {""seller_location"": {""seller_city"": ""Ghaziabad"", ""seller_locality"": ""Shalimar Garden""}}}",2026-07-29 06:55:37.660,148561419785,29/07/26
253233802,BUYER,52858,"{""payment"": {}, ""callback"": ""callback by Tomorrow - To discuss with Sunil (Kal call karke Sunil se baat karta hoon)"", ""lead_tag"": {""deal_blockers"": [], ""deal_readiness"": ""Warm"", ""deal_readiness_reason"": ""Specific requirement expressed and a callback was scheduled to discuss with the dedicated person for the product tomorrow. ""}, ""metadata"": {""call_type"": {""type"": ""B2B"", ""reason"": ""The call is classified as B2B as it deals with specific industrial product, Raychem termination kits, typically used in commercial/industrial projects. "", ""evidence"": {""order_type"": [""commercial""], ""repeat_buyer"": false}}, ""buyer_intent"": {""narrative"": ""Seeking Raychem termination kits."", ""reasoning"": ""The buyer specifies the brand and product directly, having a clear objective."", ""intent_level"": ""High""}, ""call_outcome"": {""category"": ""Follow-up"", ""conclusion_notes"": ""A contact number was shared and the buyer will call tomorrow (Number de diya hai kal call karke baat karega)""}, ""call_purpose"": ""requirement"", ""all_languages"": [""Hindi"", ""English""], ""primary_language"": ""Hindi"", ""additional_details"": {""buyer_queries"": [{""query"": ""Is Raychem termination kits available? "", ""category"": ""Other"", ""sequence"": 1}], ""seller_queries"": []}}, ""products"": [{""in_stock"": ""in stock"", ""product_name"": ""Raychem Termination Kit"", ""specifications"": [{""name"": ""Brand"", ""value"": ""Raychem"", ""buyer_requested"": false, ""seller_mentioned"": false}], ""related_categories"": [{""name"": ""Cable Accessories"", ""reason"": ""Termination kits are a subset of cable accessories used in electrical installations.""}], ""is_buyer_interested"": true, ""most_specific_category"": {""name"": ""Heat Shrinkable Terminal"", ""reason"": ""Termination kits are explicitly mentioned in the call and usually come in heat shrinkable formats for power cables.""}}], ""next_steps"": {""buyer_next_steps"": [""To call on the shared number tomorrow""], ""seller_next_steps"": [""To share product details if the buyer calls back""]}, ""buyer_details"": {""buyer_name"": ""75511f585bab6c574b89b2b97804e9c1c15902dc924beaf394ed102c5b7bcf8a""}, ""seller_details"": {""seller_mobile_number"": ""4642cc6b9eb6357b3e9d9910cbf1bcdbdd549964ca2afaa1ec187f52e19a36e6""}}",2026-07-29 06:54:06.260,148562667934,29/07/26
36358806,BUYER,183956,"{""callback"": ""callback by Tomorrow 5 PM - to coordinate further regarding the shared requirement (Kal 5 baje call karta hoon)"", ""lead_tag"": {""deal_blockers"": [], ""deal_readiness"": ""Warm"", ""deal_readiness_reason"": ""Requirement shared but waiting for details/quotation from the seller""}, ""metadata"": {""call_type"": {""type"": ""B2B"", ""reason"": ""The buyer's focus on varied rice types (Idli, Sona Masoori, Steam rice) for a business requirement with an established follow-up signals a B2B transaction type."", ""evidence"": {""keywords"": [""Idli Rice"", ""Sona Masoori"", ""Steam Rice""], ""order_type"": [""commercial""], ""repeat_buyer"": false}}, ""buyer_intent"": {""narrative"": ""The buyer is looking for a variety of rice like Idly, Sona Masoori, and Steam Rice and also followed up for not receiving response to previous inquiries."", ""reasoning"": ""The buyer specifically mentioned multiple rice varieties like Idli, Sona Masoori, and Steam Rice, indicating clear intent."", ""intent_level"": ""High""}, ""call_outcome"": {""category"": ""Follow-up"", ""conclusion_notes"": ""Seller asked to share requirement on the new number provided (Number pe requirement dal dijiye)""}, ""call_purpose"": ""requirement"", ""all_languages"": [""Hindi"", ""English""], ""primary_language"": ""Hindi"", ""additional_details"": {""buyer_queries"": [{""query"": ""I have put a requirement for Idli rice on WhatsApp, but I haven't received any reply yet. Do you have any other number?"", ""category"": ""Availability"", ""sequence"": 1}], ""seller_queries"": [{""query"": ""From where are you calling?"", ""category"": ""Specifications"", ""sequence"": 2}]}}, ""products"": [{""product_name"": ""Rice (Idly Rice, Sona Masuri, Steam Rice)"", ""related_categories"": [{""name"": ""Steam Rice"", ""reason"": ""The buyer explicitly mentioned steam rice in the requirement.""}, {""name"": ""Samba Rice"", ""reason"": ""Idly rice is frequently categorized as samba rice in some regions.""}], ""is_buyer_interested"": true, ""most_specific_category"": {""name"": ""Rice"", ""reason"": ""The buyer inquired about multiple types of rice like Idly Rice, Sona Masuri, and Steam Rice.""}}], ""next_steps"": {""buyer_next_steps"": [""To share requirements on the new number provided""], ""seller_next_steps"": [""To check the requirement once received""]}, ""buyer_details"": {""buyer_location"": {""buyer_city"": ""Jaipur"", ""buyer_state"": ""Rajasthan""}}, ""seller_details"": {""seller_name"": ""8448ac134969e89d99f512feed1a3beb50b343e21cc771a3ecc03feff205cdbe""}}",2026-07-29 06:52:58.411,148549962863,29/07/26
6724688,BUYER,6529,"{""payment"": {}, ""callback"": ""callback by Friday 1 PM - To confirm stock"", ""lead_tag"": {""deal_blockers"": [], ""deal_readiness"": ""Hot"", ""deal_readiness_reason"": ""Planning to launch product and urgently needs to get pricing and catalog details""}, ""metadata"": {""call_type"": {""type"": ""B2B"", ""reason"": ""The buyer owns a D2C brand and is looking for a supplier of industrial flavors for their product and will have a recurring monthly requirement."", ""evidence"": {""keywords"": [""Matcha tea"", ""Flavored matcha"", ""Industrial flavors""], ""order_type"": [""bulk"", ""commercial"", ""recurring""], ""repeat_buyer"": true, ""buyer_persona"": {""persona_detail"": ""D2C tea brand owner"", ""persona_category"": ""manufacturer""}, ""quantity_scale"": ""High""}}, ""buyer_intent"": {""narrative"": ""Wants flavor for their matcha product"", ""reasoning"": ""Planning to launch a D2C matcha brand and needs flavors to add to their matcha powder."", ""intent_level"": ""High""}, ""call_outcome"": {""category"": ""Follow-up"", ""conclusion_notes"": ""Will provide the product list and connect to the nearby Delhi distributor.(Product list share kar dunga and pass ke distributor se connect karwa dunga)""}, ""call_purpose"": ""requirement"", ""all_languages"": [""Hindi"", ""English""], ""primary_language"": ""English"", ""additional_details"": {""buyer_queries"": [{""query"": ""Do you have flavored matcha?"", ""category"": ""Availability"", ""sequence"": 1}, {""query"": ""What is the MOQ?"", ""category"": ""Quantity"", ""sequence"": 2}], ""seller_queries"": []}, ""intended_application"": ""Industrial Production""}, ""products"": [{""in_stock"": ""in stock"", ""product_name"": ""Industrial Flavors"", ""specifications"": [{""name"": ""Form"", ""value"": ""Industrial flavoring essence"", ""buyer_requested"": false, ""seller_mentioned"": true}], ""quantity_required"": {""unit"": ""kg"", ""value"": 5}, ""related_categories"": [{""name"": ""Beverage Flavors"", ""reason"": ""The buyer wants flavors to add to their matcha project.""}], ""is_buyer_interested"": true, ""minimum_order_quantity"": {""unit"": ""kg"", ""value"": 5}, ""most_specific_category"": {""name"": ""Food Flavour"", ""reason"": ""The buyer mentioned he's planning to launch ready-to-drink flavored matcha tea sachets.""}, ""seller_accepts_quantity"": true}, {""in_stock"": ""not sold"", ""product_name"": ""Flavored matcha"", ""specifications"": [], ""related_categories"": [{""name"": ""Food Flavour"", ""reason"": ""The manufacturer sells food flavors.""}], ""is_buyer_interested"": false, ""most_specific_category"": {""name"": ""Beverage Flavors"", ""reason"": ""The buyer wants food flavoring for their beverages.""}}], ""next_steps"": {""buyer_next_steps"": [""To review the product catalog and connect with the distributor""], ""seller_next_steps"": [""To share the product list over WhatsApp"", ""To connect the distributor with the buyer""]}, ""buyer_details"": {""buyer_mobile_number"": ""3649d0d8c8a7a2cd028c3c63c51a01219e6f357e7a1f5136f32a0d382647303b""}, ""seller_details"": {""seller_name"": ""e444bd3bca2736f39ca65d53853891a6b0f553b8def766531fbbd6d1b8800521"", ""seller_location"": {""seller_city"": ""Dhanaura"", ""seller_locality"": ""Noida Sector 63""}}}",2026-07-29 06:50:00.176,148560694952,29/07/26
6724688,BUYER,6529,"{""callback"": ""callback by in 5 to 10 minutes - To share the product list (5 se 10 minute ka time dijiye main share karti hoon)"", ""lead_tag"": {""deal_blockers"": [], ""deal_readiness"": ""Warm"", ""deal_readiness_reason"": ""Interested in recurring monthly orders of 10-15kg per flavor after sampling.""}, ""metadata"": {""call_type"": {""type"": ""B2B"", ""reason"": ""The buyer is starting a brand and requires bulk supplies of 10-15kg per flavor on a recurring monthly basis for production."", ""evidence"": {""keywords"": [""Food Flavoring"", ""Powder Form"", ""Matcha Tea"", ""Manufacturing""], ""order_type"": [""bulk"", ""recurring"", ""commercial"", ""trial""], ""repeat_buyer"": true, ""buyer_persona"": {""persona_detail"": ""Matcha Tea Brand Owner"", ""persona_category"": ""manufacturer""}, ""quantity_scale"": ""High""}}, ""buyer_intent"": {""narrative"": ""Wants 10-15kg of food flavoring powder per month for a new matcha tea brand."", ""reasoning"": ""Buyer shared specific monthly requirement scale and intended application for a new business venture."", ""intent_level"": ""High""}, ""call_outcome"": {""category"": ""Follow-up"", ""conclusion_notes"": ""Seller will share product details via WhatsApp in 10 minutes (5-10 minutes dijiye main share karti hoon)""}, ""call_purpose"": ""requirement"", ""all_languages"": [""Hindi"", ""English""], ""primary_language"": ""Hindi"", ""additional_details"": {""buyer_queries"": [{""query"": ""Do you supply food flavorings in powder form?"", ""category"": ""Availability"", ""sequence"": 1, ""answer_by_seller"": ""Yes, we supply food flavorings in powder form.""}, {""query"": ""What is your minimum order quantity?"", ""category"": ""Quantity"", ""sequence"": 3, ""answer_by_seller"": ""The minimum order quantity for flavors is 1kg. For WPC bags, it is one bag of 20kg, 25kg, or 15kg.""}, {""query"": ""Can these be mixed with matcha tea?"", ""category"": ""Specifications"", ""sequence"": 4, ""answer_by_seller"": ""I do not have an idea about matcha tea.""}, {""query"": ""Can you send samples for testing?"", ""category"": ""Other"", ""sequence"": 5, ""answer_by_seller"": ""We can provide samples where possible, but not for all products.""}], ""seller_queries"": [{""query"": ""Where are you based?"", ""category"": ""Location"", ""sequence"": 2, ""answer_by_buyer"": ""I am calling from Gurgaon.""}]}, ""intended_application"": ""Matcha Tea Production""}, ""products"": [{""in_stock"": ""in stock"", ""product_name"": ""Food Flavoring Powder"", ""specifications"": [{""name"": ""Form"", ""value"": ""Powder"", ""buyer_requested"": false, ""seller_mentioned"": true}], ""quantity_required"": {""unit"": ""kg"", ""value"": 10}, ""related_categories"": [{""name"": ""Dry Powder Flavours"", ""reason"": ""The product is specifically discussed as being in powder form.""}, {""name"": ""Flavoring Extracts"", ""reason"": ""Food flavorings are often categorized under flavoring extracts.""}], ""is_buyer_interested"": true, ""minimum_order_quantity"": {""unit"": ""kg"", ""value"": 1}, ""most_specific_category"": {""name"": ""Food Flavour"", ""reason"": ""The conversation explicitly mentions supplying food flavoring in powder form.""}, ""seller_accepts_quantity"": true}, {""in_stock"": ""in stock"", ""product_name"": ""WPC"", ""specifications"": [{""name"": ""Packaging Size"", ""unit"": ""kg"", ""value"": ""15"", ""buyer_requested"": false, ""seller_mentioned"": true}, {""name"": ""Packaging Size"", ""unit"": ""kg"", ""value"": ""20"", ""buyer_requested"": false, ""seller_mentioned"": true}, {""name"": ""Packaging Size"", ""unit"": ""kg"", ""value"": ""25"", ""buyer_requested"": false, ""seller_mentioned"": true}], ""related_categories"": [{""name"": ""Food Stabilizer"", ""reason"": ""WPC often acts as a stabilizer in food formulations.""}], ""is_buyer_interested"": false, ""minimum_order_quantity"": {""unit"": ""Bag"", ""value"": 1}, ""most_specific_category"": {""name"": ""Food Additive"", ""reason"": ""WPC (Whey Protein Concentrate) is a common food additive and stabilizer.""}}], ""next_steps"": {""buyer_next_steps"": [""To review the product list shared by the seller on WhatsApp""], ""seller_next_steps"": [""To share the product list on WhatsApp"", ""To confirm which samples can be provided""]}, ""buyer_details"": {""buyer_name"": ""d99da12b403f07f79288a88c81e3b7f0d6481ff191a55b80e559e4dad3b991d9"", ""buyer_mobile_number"": ""3649d0d8c8a7a2cd028c3c63c51a01219e6f357e7a1f5136f32a0d382647303b""}, ""seller_details"": {""seller_location"": {""seller_city"": ""Delhi"", ""seller_locality"": ""Wazirabad""}}}",2026-07-29 06:47:01.584,148560694952,29/07/26
31290669,BUYER,31157,"{""payment"": {}, ""callback"": ""callback by Tomorrow 5 PM - To finalize (Kal 5 baje call karta hoon)"", ""lead_tag"": {""deal_blockers"": [], ""deal_readiness"": ""Warm"", ""deal_readiness_reason"": ""Buyer has expressed interest and is expected to share more soon""}, ""metadata"": {""call_type"": {""type"": ""B2B"", ""reason"": ""The buyer requires high concentrations of alcohol for perfume manufacturing, which is clearly a B2B requirement."", ""evidence"": {""keywords"": [""commercial project"", ""industrial use""], ""order_type"": [""commercial"", ""bulk""], ""repeat_buyer"": true, ""buyer_persona"": {""persona_detail"": ""Perfume Manufacturer"", ""persona_category"": ""manufacturer""}, ""quantity_scale"": ""High""}}, ""buyer_intent"": {""narrative"": ""Looking for 70% alcohol for perfume manufacturing."", ""reasoning"": ""The buyer has a specific use case and concentration in mind."", ""intent_level"": ""Medium""}, ""call_outcome"": {""category"": ""Follow-up"", ""conclusion_notes"": ""The seller shared a number of the person who will be able to help (9331038441)""}, ""call_purpose"": ""requirement"", ""all_languages"": [""Bengali"", ""English""], ""primary_language"": ""Bengali"", ""additional_details"": {""buyer_queries"": [{""query"": ""What is the alcohol concentration in the perfume?"", ""category"": ""Specifications"", ""sequence"": 1}], ""seller_queries"": []}, ""intended_application"": ""Perfume manufacturing""}, ""products"": [{""in_stock"": ""in stock"", ""product_name"": ""70% Alcohol (for Perfume)"", ""specifications"": [{""name"": ""Alcohol Concentration"", ""unit"": ""%"", ""value"": ""70"", ""buyer_requested"": true, ""seller_mentioned"": true}], ""related_categories"": [{""name"": ""Alcohol Solvents"", ""reason"": ""Alcohol is a primary solvent in perfume making.""}, {""name"": ""Industrial Solvents"", ""reason"": ""High concentration alcohol is used as an industrial solvent.""}], ""is_buyer_interested"": true, ""most_specific_category"": {""name"": ""Alcohol Based Chemicals"", ""reason"": ""The buyer is looking for high concentration alcohol for perfume manufacturing.""}}], ""next_steps"": {""buyer_next_steps"": [""To connect with the person whose number was shared""], ""seller_next_steps"": [""To share the contact number on WhatsApp if requested""]}, ""buyer_details"": {""buyer_name"": ""8e61de673227c5faee02bb9624074e95596c5d3b550cc29f998b76949f637693""}, ""seller_details"": {""seller_name"": ""b321cc2ff7415360a6c8a9d34bb52db010e6e0748feef4928266e698e9dbda93""}}",2026-07-29 06:37:00.803,148561487034,29/07/26
24000006,BUYER,31598,"{""payment"": {}, ""callback"": ""callback by Monday afternoon - To discuss finalized pricing and library rack specifications after checking sample photos (Monday dopahar mein call karke final rate aur designs finalize karenge)"", ""lead_tag"": {""deal_blockers"": [{""detail"": ""Delivery to Biharsharif needs to be coordinated via local transport"", ""category"": ""Location""}], ""deal_readiness"": ""Warm"", ""deal_readiness_reason"": ""The buyer has a specific requirement for 25 library racks and is awaiting images to finalize the design before ordering.""}, ""metadata"": {""call_type"": {""type"": ""B2B"", ""reason"": ""The requirement is for 25 units of library racks, which indicates a professional/commercial setup rather than personal home use."", ""evidence"": {""keywords"": [""Library Setup"", ""Bulk Order"", ""Industrial Racks""], ""order_type"": [""bulk"", ""commercial""], ""repeat_buyer"": false, ""buyer_persona"": {""persona_detail"": ""Library Owner/Manager"", ""persona_category"": ""service_provider""}, ""quantity_scale"": ""High""}}, ""buyer_intent"": {""narrative"": ""Looking for 25 units of library racks for a setup in Biharsharif."", ""reasoning"": ""The buyer has specified a clear quantity (25 pieces), a specific product (library racks), and a defined location, indicating a professional requirement."", ""intent_level"": ""High""}, ""call_outcome"": {""category"": ""Follow-up"", ""conclusion_notes"": ""The buyer will review the catalog on WhatsApp and a follow-up call is scheduled for Monday (Photos bhej dijiye, Monday ko call pe baat karke finalize karenge).""}, ""call_purpose"": ""requirement"", ""all_languages"": [""Hindi"", ""English""], ""primary_language"": ""Hindi"", ""additional_details"": {""buyer_queries"": [{""query"": ""Can you send some sample photos or a catalog of the library racks?"", ""category"": ""Specifications"", ""sequence"": 2}, {""query"": ""What is the price per rack for a 25-piece order?"", ""category"": ""Pricing"", ""sequence"": 3}], ""seller_queries"": [{""query"": ""What is the exact quantity you require?"", ""category"": ""Quantity"", ""sequence"": 1}, {""query"": ""Where is the delivery location in Bihar?"", ""category"": ""Location"", ""sequence"": 4}]}, ""intended_application"": ""Library Setup""}, ""products"": [{""price"": {""price_unit"": ""piece"", ""buyer_price_reaction"": {""quote"": ""Thoda rate mein dekh lijiye bulk quantity hai"", ""category"": ""Negotiating""}}, ""in_stock"": ""in stock"", ""product_name"": ""Library Rack"", ""specifications"": [{""name"": ""Catalog/Photos"", ""value"": ""Available on WhatsApp"", ""buyer_requested"": true, ""seller_mentioned"": true}], ""quantity_required"": {""unit"": ""pieces"", ""value"": 25}, ""related_categories"": [{""name"": ""Library Furniture"", ""reason"": ""Library racks are a primary component of library furniture.""}, {""name"": ""Steel Almirah"", ""reason"": ""Industrial library racks are often made of steel and categorized under storage solutions.""}], ""is_buyer_interested"": true, ""most_specific_category"": {""name"": ""Library Rack"", ""reason"": ""The buyer explicitly asked for a 'library setup' and 'library racks' (Library racks chahiye 25 piece).""}, ""seller_accepts_quantity"": true}], ""next_steps"": {""buyer_next_steps"": [""To review the catalog and photos sent on WhatsApp"", ""To confirm the final design and specification of the racks""], ""seller_next_steps"": [""To share the library rack catalog and photos on WhatsApp"", ""To calculate and provide a formal quotation for 25 units including transport to Biharsharif""]}, ""buyer_details"": {""buyer_name"": ""42b5bf6a3fa51849bc05c7050141a81591133b5f470cdef4ff6628e1222ff0a1""}, ""seller_details"": {""seller_name"": ""eb2a27e815933025f8a75e760a2efd847ebf3889d302e155efaa98bee577c379""}}",2026-07-29 06:34:39.033,148559824313,29/07/26
61087520,BUYER,55062,"{""callback"": ""callback by Tomorrow 10 AM - To discuss quantity and final pricing (Kal subah 10 baje call karke finalize karte hain)"", ""lead_tag"": {""deal_blockers"": [{""detail"": ""The required quantity is lower than the seller's MOQ of 20,000 units."", ""category"": ""MOQ""}], ""deal_readiness"": ""Warm"", ""deal_readiness_reason"": ""Specific product size and quantity were discussed, but next steps are based on a return call to finalize terms.""}, ""metadata"": {""call_type"": {""type"": ""B2B"", ""reason"": ""The buyer is inquiring about bulk quantities (10,000+ units) and the seller provided a high MOQ (20,000 units), indicating an industrial/B2B transaction."", ""evidence"": {""keywords"": [""20ml tube"", ""Bulk quantity"", ""MOQ""], ""order_type"": [""bulk"", ""commercial""], ""repeat_buyer"": false, ""buyer_persona"": {""persona_detail"": ""Bulk buyer of industrial/stationary supplies"", ""persona_category"": ""wholesaler""}, ""quantity_scale"": ""High""}}, ""buyer_intent"": {""narrative"": ""Seeking to purchase 10,000 to 12,000 units of 20ml glue tubes."", ""reasoning"": ""The buyer specified the exact size (20ml) and quantity and inquired about bulk pricing."", ""intent_level"": ""High""}, ""call_outcome"": {""category"": ""Follow-up"", ""conclusion_notes"": ""A return call is scheduled for tomorrow to finalize the quantity and deal (Kal subah 10 baje call karke finalize karte hain).""}, ""call_purpose"": ""requirement"", ""all_languages"": [""Hindi"", ""English""], ""primary_language"": ""Hindi"", ""additional_details"": {""buyer_queries"": [{""query"": ""What is your minimum order quantity?"", ""category"": ""Quantity"", ""sequence"": 2, ""answer_by_seller"": ""The minimum order quantity is 20,000 pieces.""}, {""query"": ""What will be the rate for 20,000 pieces?"", ""category"": ""Pricing"", ""sequence"": 3, ""answer_by_seller"": ""Send a message to my WhatsApp number and I will share the rates there.""}, {""query"": ""I need around 10,000 to 12,000 units. Can you provide that?"", ""category"": ""Quantity"", ""sequence"": 5, ""answer_by_seller"": ""Our MOQ is strict at 20,000 units. If you can take this volume, we can proceed.""}], ""seller_queries"": [{""query"": ""Which size and quantity are you looking for?"", ""category"": ""Specifications"", ""sequence"": 1, ""answer_by_buyer"": ""I need 20 ml tubes of glue.""}, {""query"": ""How many units do you need?"", ""category"": ""Quantity"", ""sequence"": 4, ""answer_by_buyer"": ""I actually need about 10,000 to 12,000 pieces.""}]}}, ""products"": [{""in_stock"": ""in stock"", ""product_name"": ""20ml Glue Tube (Gum)"", ""specifications"": [{""name"": ""Capacity"", ""unit"": ""ml"", ""value"": ""20"", ""buyer_requested"": false, ""seller_mentioned"": true}], ""quantity_required"": {""unit"": ""pieces"", ""value"": 10000}, ""related_categories"": [{""name"": ""Adhesive Gum"", ""reason"": ""Referred to as gum during the call.""}, {""name"": ""Synthetic Gum"", ""reason"": ""Common classification for tube-based adhesives.""}], ""is_buyer_interested"": true, ""minimum_order_quantity"": {""unit"": ""pieces"", ""value"": 20000}, ""most_specific_category"": {""name"": ""Liquid Glue"", ""reason"": ""The product is a 20ml tube specifically described as a 'gum' or 'glue' tube.""}, ""seller_accepts_quantity"": false}], ""next_steps"": {""buyer_next_steps"": [""To confirm the final quantity for the 20,000 unit order."", ""To call back at 10 AM tomorrow.""], ""seller_next_steps"": [""To share the rate list on WhatsApp."", ""To finalize the order terms during the scheduled callback.""]}, ""buyer_details"": {""buyer_name"": ""7a37da88ade07dac25e766269720f5331c4e082c8270a6c94d81e225ccee3ed8""}, ""seller_details"": {""seller_name"": ""dd755a7783db10ba91a912d3856304cac8eafdd08be09b1ed12a7eb3e9d66864""}}",2026-07-29 06:24:50.477,148559732185,29/07/26
43739997,BUYER,96517,"{""lead_tag"": {""deal_blockers"": [], ""deal_readiness"": ""Cold"", ""deal_readiness_reason"": ""The call disconnected almost immediately without any business conversation.""}, ""metadata"": {""call_type"": {""type"": ""B2C"", ""reason"": ""The call was disconnected immediately with no business discussion, making it impossible to classify as B2B or B2C."", ""evidence"": {""repeat_buyer"": false}}, ""buyer_intent"": {""narrative"": ""Buyer connected via IVR but the call ended before any requirement could be stated."", ""reasoning"": ""No details were exchanged as the call was very short and ended prematurely."", ""intent_level"": ""Low""}, ""call_outcome"": {""category"": ""Lost"", ""conclusion_notes"": ""The call was disconnected after only a hello was exchanged (Hello bolne ke baad call cut ho gayi).""}, ""call_purpose"": ""irrelevant"", ""all_languages"": [""English""], ""primary_language"": ""English"", ""additional_details"": {""buyer_queries"": [], ""seller_queries"": []}}, ""products"": [], ""next_steps"": {""buyer_next_steps"": [], ""seller_next_steps"": []}, ""buyer_details"": {""buyer_name"": ""310fbf88a1c795591e58f6a2c7a6dd5635e3477a84912ac20af85a1a4380bcea"", ""buyer_mobile_number"": ""fb9b2105b88c1a376109419aa622b9428289e109bec212f5d3869a09cb3e5868""}, ""seller_details"": {""seller_name"": ""95eceab3471b067f54f7f24733f4c2306c7608ff493ed2a44f87d2824f0639ec""}}",2026-07-29 06:23:40.534,148562614767,29/07/26
27665162,BUYER,2445,"{""payment"": {}, ""callback"": ""callback by [Time/Date IST] - [Context]"", ""lead_tag"": {""deal_blockers"": [], ""deal_readiness"": ""Warm"", ""deal_readiness_reason"": ""Buyer has clear specifications and is requesting a catalog for a potential bulk order of 1000 units.""}, ""metadata"": {""call_type"": {""type"": ""B2B"", ""reason"": ""The buyer's requirement for 1000 units and the application for herbal powder packaging suggest a business use case."", ""evidence"": {""keywords"": [""250g herbal powder packaging"", ""Standard size"", ""Golden tin"", ""Air tight""], ""order_type"": [""bulk"", ""commercial""], ""repeat_buyer"": false, ""quantity_scale"": ""High""}}, ""buyer_intent"": {""narrative"": ""Wants to buy 1000 air tight tin containers for herbal powder packaging."", ""reasoning"": ""The buyer has specific product requirements (air tight, 73mm diameter) and a commercial use case (herbal powder)."", ""intent_level"": ""High""}, ""call_outcome"": {""category"": ""Follow-up"", ""conclusion_notes"": ""Seller will send a catalog over WhatsApp (Isi number par ek baar aap catalogue bhej denge).""}, ""call_purpose"": ""requirement"", ""all_languages"": [""Hindi"", ""English""], ""primary_language"": ""Hindi"", ""additional_details"": {""buyer_queries"": [{""query"": ""Are you a manufacturer of tin containers?"", ""category"": ""Other"", ""sequence"": 1, ""answer_by_seller"": ""Yes, we are manufacturers of tin containers.""}, {""query"": ""What is the rate per piece for 1000 units?"", ""category"": ""Quantity"", ""sequence"": 4, ""answer_by_seller"": ""Minimum order is 1000 units. We cannot provide less than that.""}, {""query"": ""What is the per piece price?"", ""category"": ""Pricing"", ""sequence"": 6, ""answer_by_seller"": ""Price per piece would be INR 27 for a standard 73mm diameter container.""}, {""query"": ""Are different colors available?"", ""category"": ""Availability"", ""sequence"": 7}], ""seller_queries"": [{""query"": ""What is your quantity requirement?"", ""category"": ""Quantity"", ""sequence"": 2, ""answer_by_buyer"": ""My requirement is 200 to 250 pieces.""}, {""query"": ""What is the application?"", ""category"": ""Other"", ""sequence"": 3, ""answer_by_buyer"": ""I need it for a herbal powder.""}, {""query"": ""What is the diameter and height?"", ""category"": ""Specifications"", ""sequence"": 5}, {""query"": ""Do you need air tight containers?"", ""category"": ""Specifications"", ""sequence"": 8, ""answer_by_buyer"": ""Yes, I need air tight containers.""}]}}, ""products"": [{""price"": {""value"": 27, ""currency"": ""INR"", ""price_unit"": ""piece""}, ""in_stock"": ""in stock"", ""product_name"": ""Tin Container [Airtight Tin Container]"", ""specifications"": [{""name"": ""Application"", ""value"": ""Herbal powder"", ""buyer_requested"": false, ""seller_mentioned"": false}, {""name"": ""Type"", ""value"": ""Air tight"", ""buyer_requested"": false, ""seller_mentioned"": true}, {""name"": ""Diameter"", ""unit"": ""mm"", ""value"": ""73"", ""buyer_requested"": true, ""seller_mentioned"": true}, {""name"": ""Capacity"", ""unit"": ""g"", ""value"": ""250"", ""buyer_requested"": true, ""seller_mentioned"": false}, {""name"": ""Color"", ""value"": ""Golden"", ""buyer_requested"": false, ""seller_mentioned"": true}], ""quantity_required"": {""unit"": ""pieces"", ""value"": 1000}, ""related_categories"": [{""name"": ""Food Cans"", ""reason"": ""Herbal powder is a food/supplement product, making food cans a relevant related category.""}, {""name"": ""Round Tin Box"", ""reason"": ""Standard tin containers of 73mm diameter are typically round.""}], ""is_buyer_interested"": true, ""minimum_order_quantity"": {""unit"": ""pieces"", ""value"": 1000}, ""most_specific_category"": {""name"": ""Tin Containers"", ""reason"": ""The buyer specifically asks for tin containers for herbal powder packaging.""}, ""seller_accepts_quantity"": true}], ""next_steps"": {""buyer_next_steps"": [""To review the catalog once shared by the seller.""], ""seller_next_steps"": [""To share the product catalog on the buyer's WhatsApp number.""]}, ""buyer_details"": {""buyer_name"": ""1ff27e6e2bbe6166f3e8054e819732b0b173f02ff52a7f5353abe8e8f3647a1d""}, ""seller_details"": {""seller_name"": ""ede9e1b25652708dcfa0273ca93c69ad9bb23d72f41e7fd524ae1a781187f130""}}",2026-07-29 06:23:12.361,148561419785,29/07/26
27665162,BUYER,2445,"{""payment"": {}, ""callback"": ""callback by Saturday 1 PM - Follow up after sharing details (Kal 1 baje call karta hoon)"", ""lead_tag"": {""deal_blockers"": [], ""deal_readiness"": ""Hot"", ""deal_readiness_reason"": ""Ready to move forward today upon receiving catalog and price list""}, ""metadata"": {""call_type"": {""type"": ""B2B"", ""reason"": ""The buyer is inquiring about bulk airtight containers for product packaging (herbal powder), indicating a commercial manufacturing or retail context."", ""evidence"": {""keywords"": [""Herbal Powder"", ""Airtight Containers"", ""Catalog"", ""Price List""], ""order_type"": [""commercial"", ""bulk""], ""repeat_buyer"": true, ""quantity_scale"": ""High""}}, ""buyer_intent"": {""narrative"": ""Wants airtight tin containers for herbal powder packaging with a 200-250 gram capacity."", ""reasoning"": ""Specified clear usage, weight capacity, and requested immediate pricing and catalog details."", ""intent_level"": ""High""}, ""call_outcome"": {""category"": ""Follow-up"", ""conclusion_notes"": ""Catalog and price list to be shared on WhatsApp for finalization (WhatsApp kar deta hoon catalog pricing ke saath)""}, ""call_purpose"": ""requirement"", ""all_languages"": [""Hindi"", ""English""], ""primary_language"": ""Hindi"", ""additional_details"": {""buyer_queries"": [{""query"": ""Do you have airtight containers for herbal powder?"", ""category"": ""Availability"", ""sequence"": 1}, {""query"": ""What is the price per piece?"", ""category"": ""Pricing"", ""sequence"": 3}, {""query"": ""What is your MOQ?"", ""category"": ""Quantity"", ""sequence"": 5}, {""query"": ""Where is your shop located?"", ""category"": ""Location"", ""sequence"": 7}], ""seller_queries"": [{""query"": ""What size do you need?"", ""category"": ""Specifications"", ""sequence"": 2}]}, ""intended_application"": ""Herbal Powder Packaging""}, ""products"": [{""price"": {""gst"": {}, ""value"": 27, ""currency"": ""INR"", ""price_unit"": ""piece""}, ""in_stock"": ""in stock"", ""product_name"": ""Airtight Tin Container (Tin ke dibbe)"", ""specifications"": [{""name"": ""Capacity"", ""unit"": ""gram"", ""value"": ""200"", ""buyer_requested"": false, ""seller_mentioned"": true}, {""name"": ""Feature"", ""value"": ""Airtight"", ""buyer_requested"": true, ""seller_mentioned"": false}], ""quantity_required"": {}, ""related_categories"": [{""name"": ""Packaging Tin"", ""reason"": ""Used for packaging herbal powders.""}, {""name"": ""Round Tin Box"", ""reason"": ""Common shape for powder packaging tins.""}], ""is_buyer_interested"": true, ""minimum_order_quantity"": {""unit"": ""pieces"", ""value"": 98}, ""most_specific_category"": {""name"": ""Tin Containers"", ""reason"": ""Buyer is looking for airtight tin containers for herbal powders.""}, ""seller_accepts_quantity"": true}], ""next_steps"": {""buyer_next_steps"": [""To review catalog and price list on WhatsApp""], ""seller_next_steps"": [""To share catalog and price list on WhatsApp"", ""To follow up on WhatsApp regarding the order""]}, ""buyer_details"": {""buyer_name"": ""1ff27e6e2bbe6166f3e8054e819732b0b173f02ff52a7f5353abe8e8f3647a1d""}, ""seller_details"": {""seller_name"": ""5cb229f524c356cb6f436496abd0252f1a5f953d217a745ebbc8d2c82dc0ef6d"", ""seller_location"": {""seller_city"": ""Ghaziabad"", ""seller_locality"": ""Shalimar Garden""}}}",2026-07-29 06:19:54.605,148561419785,29/07/26
23330037,BUYER,4604,"{""callback"": ""callback by Today - To send catalogs and discuss further requirements (Aapka jo bhi requirement hoga wo mujhe dal dijiye main aapko bande se connect karwata hoon)"", ""lead_tag"": {""deal_blockers"": [], ""deal_readiness"": ""Warm"", ""deal_readiness_reason"": ""Interested in products and requested catalog for selection.""}, ""metadata"": {""call_type"": {""type"": ""B2B"", ""reason"": ""The buyer asked for specific industrial-grade rubber lining for business purposes but initial quantity discussed is small."", ""evidence"": {""keywords"": [""Rubber Molded Roll Lining"", ""10 Meter Roll""], ""order_type"": [""commercial""], ""quantity_scale"": ""Low""}}, ""buyer_intent"": {""narrative"": ""Wants rubber molded roll lining in specific sizes (2\"" width, 1/4\"" thickness) in 10m rolls."", ""reasoning"": ""Provided very specific size and thickness requirements."", ""intent_level"": ""High""}, ""call_outcome"": {""category"": ""Follow-up"", ""conclusion_notes"": ""Requested catalog on WhatsApp to finalize requirements (Mujhe saara catalog sab bhej dijiye main dekh ke batata hoon).""}, ""call_purpose"": ""requirement"", ""all_languages"": [""Hindi"", ""English""], ""primary_language"": ""Hindi"", ""additional_details"": {""buyer_queries"": [{""query"": ""Do you have rubber molded roll lining?"", ""category"": ""Availability"", ""sequence"": 1}, {""query"": ""I need 2 inch width and 1/4 inch thickness in 10-10m rolls, do you have that?"", ""category"": ""Availability"", ""sequence"": 2}], ""seller_queries"": [{""query"": ""Can you share your mobile number?"", ""category"": ""Specifications"", ""sequence"": 3}]}}, ""products"": [{""in_stock"": ""in stock"", ""product_name"": ""Rubber Molded Roll Lining"", ""specifications"": [{""name"": ""Material"", ""value"": ""Rubber"", ""buyer_requested"": false, ""seller_mentioned"": false}, {""name"": ""Width"", ""unit"": ""inch"", ""value"": ""2"", ""buyer_requested"": true, ""seller_mentioned"": false}, {""name"": ""Thickness"", ""unit"": ""inch"", ""value"": ""1/4"", ""buyer_requested"": true, ""seller_mentioned"": false}, {""name"": ""Roll Length"", ""unit"": ""meter"", ""value"": ""10"", ""buyer_requested"": false, ""seller_mentioned"": false}], ""related_categories"": [{""name"": ""Rubber Brake Lining"", ""reason"": ""The product is confirmed to be made of rubber material.""}, {""name"": ""Asbestos Free Brake Linings"", ""reason"": ""Modern rubber-based linings are typically asbestos-free.""}], ""is_buyer_interested"": true, ""most_specific_category"": {""name"": ""Roll Brake Linings"", ""reason"": ""The buyer specifically asked for roll lining for rubber molded products.""}}], ""next_steps"": {""buyer_next_steps"": [""To share requirements on WhatsApp"", ""To check catalog and select required products""], ""seller_next_steps"": [""To share complete catalog on WhatsApp"", ""To connect with a team member for further processing""]}, ""buyer_details"": {""buyer_name"": ""edc8125feb5604dac724bec1d75d5f2d9d972c6c60a44162c4f43fbd695a3807"", ""buyer_mobile_number"": ""add212e7989e9eff4c54fe787272a7b7ddad53e6727abc46a4334948ce5cc2c9""}, ""seller_details"": {""seller_name"": ""40e59bfae87d196e26e72a0b267def882b797a1a591c6168acc7503057f7c828""}}",2026-07-29 06:19:53.913,148542172585,29/07/26
260183186,BUYER,15893,"{""callback"": ""callback by Monday 1 PM - To confirm stock"", ""lead_tag"": {""deal_blockers"": [{""detail"": ""Buyer found IndiaMart prices for similar products to be lower than the seller's quote."", ""category"": ""Price""}], ""deal_readiness"": ""Warm"", ""deal_readiness_reason"": ""The buyer has a specific use case and is serious about quality but comparing with online prices.""}, ""metadata"": {""call_type"": {""type"": ""B2B"", ""reason"": ""The buyer's requirement for concrete, pillars, and flooring indicates a commercial construction project."", ""evidence"": {""keywords"": [""Plastering"", ""Flooring"", ""Construction Material""], ""order_type"": [""commercial""], ""quantity_scale"": ""High""}}, ""buyer_intent"": {""narrative"": ""Looking for 12mm glass fiber for construction applications like plastering and flooring."", ""reasoning"": ""The buyer has specific application needs and is comparing specifications, showing high product knowledge."", ""intent_level"": ""High""}, ""call_outcome"": {""category"": ""Follow-up"", ""conclusion_notes"": ""The buyer took the seller's number and will call back after consideration (Ninu num heli call madtini).""}, ""call_purpose"": ""requirement"", ""all_languages"": [""Kannada"", ""English""], ""primary_language"": ""Kannada"", ""additional_details"": {""buyer_queries"": [{""query"": ""What is the price of the glass fiber?"", ""category"": ""Pricing"", ""sequence"": 1, ""answer_by_seller"": ""The price is 490 rupees per KG plus GST.""}, {""query"": ""What are its applications?"", ""category"": ""Specifications"", ""sequence"": 3, ""answer_by_seller"": ""This glass fiber is used for plastering, flooring, concrete, and pillars.""}, {""query"": ""Why is it listed at a lower price elsewhere?"", ""category"": ""Pricing"", ""sequence"": 4, ""answer_by_seller"": ""Other products listed at 200 may be Recron or steel fiber; this is pure glass fiber, which opens up in water unlike others.""}], ""seller_queries"": [{""query"": ""What is your contact number?"", ""category"": ""Other"", ""sequence"": 2, ""answer_by_buyer"": ""7259835330""}]}, ""intended_application"": ""Construction Reinforcement""}, ""products"": [{""price"": {""gst"": {""is_gst_included"": false}, ""value"": 490, ""currency"": ""INR"", ""price_unit"": ""kg"", ""negotiation_notes"": ""Buyer mentioned seeing prices as low as 200 on IndiaMart."", ""buyer_price_reaction"": {""quote"": ""IndiaMart alli kadme torsutte (It shows less on IndiaMart)"", ""category"": ""Negotiating""}}, ""in_stock"": ""in stock"", ""product_name"": ""Glass Fiber"", ""specifications"": [{""name"": ""Length"", ""unit"": ""mm"", ""value"": ""12"", ""buyer_requested"": false, ""seller_mentioned"": true}, {""name"": ""Usage per Bag"", ""unit"": ""g"", ""value"": ""85"", ""buyer_requested"": false, ""seller_mentioned"": true}, {""name"": ""Application"", ""value"": ""Plastering, Flooring, Concrete, Pillar"", ""buyer_requested"": false, ""seller_mentioned"": true}], ""related_categories"": [{""name"": ""Concrete Fiber"", ""reason"": ""Used for concrete and plastering reinforcement.""}, {""name"": ""Construction Fibre"", ""reason"": ""Used in various construction applications like flooring and pillars.""}], ""is_buyer_interested"": true, ""most_specific_category"": {""name"": ""Glass Fiber"", ""reason"": ""The product discussed is explicitly mentioned as glass fiber used for reinforcing plaster and concrete.""}}], ""next_steps"": {""buyer_next_steps"": [""To call back the seller on the provided contact number.""], ""seller_next_steps"": [""To provide further product details or samples if requested during follow-up.""]}, ""buyer_details"": {""buyer_name"": ""089bbc5f7a9ac7b3a3fed85b1bf01aa04f306ddd9356e785ccf452ebc55a1532"", ""buyer_mobile_number"": ""0c353f7e68040787d4aee670f33dbdddc8d9d6d64f95325f8ec943959a8dc70e""}, ""seller_details"": {""seller_name"": ""dd3a8880587d88ffd6e543aded54abed0d54abfd6b30887e501b2b0f0e67ebad"", ""seller_mobile_number"": ""831bd1dfc737a6cfc1591daaa6df6a80264eabca3c40d7f87ac381c57cab9825""}}",2026-07-29 06:19:49.636,148561092163,29/07/26
137969016,BUYER,99248,"{""callback"": ""callback by Today In 30 minutes - To send the location and details (Mein card bheje haan aadhe ghante mein bhejte haan)"", ""lead_tag"": {""deal_blockers"": [], ""deal_readiness"": ""Warm"", ""deal_readiness_reason"": ""Wants to visit the shop and check product details on WhatsApp before finalizing.""}, ""metadata"": {""call_type"": {""type"": ""B2B"", ""reason"": ""The buyer owns a restaurant and is inquiring about commercial LED display boards for his business premises."", ""evidence"": {""keywords"": [""Restaurant Use"", ""Scrolling Board"", ""Video Board""], ""order_type"": [""commercial""], ""repeat_buyer"": false, ""buyer_persona"": {""persona_detail"": ""Restaurant Owner"", ""persona_category"": ""service_provider""}}}, ""buyer_intent"": {""narrative"": ""Wants scrolling and video LED boards for a restaurant in Hyderabad and plans to visit the seller's shop."", ""reasoning"": ""Specific application (restaurant) mentioned, asked for location to visit, and requested multiple product types."", ""intent_level"": ""High""}, ""call_outcome"": {""category"": ""Follow-up"", ""conclusion_notes"": ""Seller will share location and product details on WhatsApp for a visit (Address bhejti hoon aap aake dekh lijiye).""}, ""call_purpose"": ""requirement"", ""all_languages"": [""Hindi"", ""English""], ""primary_language"": ""Hindi"", ""additional_details"": {""buyer_queries"": [{""query"": ""Where is your office or shop in Hyderabad?"", ""category"": ""Specifications"", ""sequence"": 1}, {""query"": ""What is the price per square foot?"", ""category"": ""Pricing"", ""sequence"": 2}], ""seller_queries"": [{""query"": ""Do you need a scrolling board or a video board?"", ""category"": ""Specifications"", ""sequence"": 3}]}, ""intended_application"": ""Restaurant Display""}, ""products"": [{""in_stock"": ""in stock"", ""product_name"": ""Scrolling Board"", ""related_categories"": [{""name"": ""Advertising Displays"", ""reason"": ""Used for commercial advertising and display purposes.""}, {""name"": ""LED Screen"", ""reason"": ""Scrolling boards typically use LED technology for display.""}], ""is_buyer_interested"": true, ""most_specific_category"": {""name"": ""LED Display Board"", ""reason"": ""The buyer specifically asked for a scrolling board which is a type of LED display board used for advertising.""}}, {""in_stock"": ""in stock"", ""product_name"": ""Video Board"", ""related_categories"": [{""name"": ""LED Video Screen"", ""reason"": ""Used for displaying video content in commercial settings.""}, {""name"": ""Video Screens"", ""reason"": ""General category for any display screen capable of playing video.""}], ""is_buyer_interested"": true, ""most_specific_category"": {""name"": ""LED Video Wall"", ""reason"": ""The buyer inquired about a video board for a restaurant, which usually refers to an LED video wall or screen.""}}], ""next_steps"": {""buyer_next_steps"": [""To check the product details and location on WhatsApp"", ""To visit the seller's shop at Shivam Road, Amberpet""], ""seller_next_steps"": [""To share the office location on WhatsApp"", ""To send product details and catalogs to the buyer on WhatsApp""]}, ""buyer_details"": {""buyer_name"": ""23f8205d8af26e35591b1c763896b96c7853214ed7be1c47fb4ac2f6f423eb2d""}, ""seller_details"": {""seller_name"": ""97125be9fda0731587e9266c30f2c01d2afc6f2f0e8e16ae5498c1bcd725e279"", ""seller_location"": {""seller_city"": ""Hyderabad"", ""seller_locality"": ""Shivam Road, Amberpet""}}}",2026-07-29 06:18:25.926,148560461559,29/07/26
224159766,BUYER,2365,"{""callback"": ""callback by Tomorrow - To discuss the logic of enzyme application (Kal call karta hoon)"", ""lead_tag"": {""deal_blockers"": [{""detail"": ""Technical application clarity missing"", ""category"": ""Other""}], ""deal_readiness"": ""Warm"", ""deal_readiness_reason"": ""Interpreted as a genuine research-led inquiry for a specific project with technical discussion.""}, ""metadata"": {""call_type"": {""type"": ""B2B"", ""reason"": ""The requirement is for a dyeing unit (manufacturing context) involving industrial textile chemical application."", ""evidence"": {""keywords"": [""Dyeing Unit"", ""Polyester Dyeing"", ""Energy Saving"", ""Sustainable Project""], ""order_type"": [""commercial"", ""trial""], ""buyer_persona"": {""persona_detail"": ""Dyeing Unit Owner"", ""persona_category"": ""manufacturer""}, ""quantity_scale"": ""High""}}, ""buyer_intent"": {""narrative"": ""Seeking Esterase enzyme for a polyester dyeing project to save energy."", ""reasoning"": ""Buyer specifically asked for Esterase enzyme and explained its use in sustainable dyeing, showing technical interest."", ""intent_level"": ""Medium""}, ""call_outcome"": {""category"": ""Follow-up"", ""conclusion_notes"": ""Both parties agreed to share technical notes and connect again to discuss the application logic (Note bhejta hoon logic ke liye).""}, ""call_purpose"": ""requirement"", ""all_languages"": [""Hindi"", ""English""], ""primary_language"": ""Hindi"", ""additional_details"": {""buyer_queries"": [{""query"": ""Is Esterase enzyme available?"", ""category"": ""Availability"", ""sequence"": 1}, {""query"": ""Do you have Esterase enzyme in stock?"", ""category"": ""Availability"", ""sequence"": 2, ""answer_by_seller"": ""Yes, it is available.""}], ""seller_queries"": [{""query"": ""What is the purpose or application for this enzyme?"", ""category"": ""Specifications"", ""sequence"": 3, ""answer_by_buyer"": ""It is needed for a dyeing unit, specifically for polyester dyeing to reduce energy consumption.""}]}, ""intended_application"": ""Polyester Dyeing""}, ""products"": [{""in_stock"": ""in stock"", ""product_name"": ""Esterase Enzyme"", ""specifications"": [{""name"": ""Application"", ""value"": ""Polyester Dyeing"", ""buyer_requested"": false, ""seller_mentioned"": false}, {""name"": ""Function"", ""value"": ""Energy Saving"", ""buyer_requested"": true, ""seller_mentioned"": false}], ""related_categories"": [{""name"": ""Textile Processing Chemicals"", ""reason"": ""Enzymes used in dyeing are part of textile processing.""}], ""is_buyer_interested"": true, ""most_specific_category"": {""name"": ""Textile Enzymes"", ""reason"": ""The buyer specifically requested Esterase enzyme for use in a textile dyeing process.""}}], ""next_steps"": {""buyer_next_steps"": [""To send technical application notes to the professional.""], ""seller_next_steps"": [""To review the technical application and provide logic for use.""]}, ""buyer_details"": {""buyer_name"": ""90474aa0a3d37583c0537f0d4ab8d802532bd1c1621de1be31b5e7bb0d53f753""}, ""seller_details"": {""seller_name"": ""a2acfac793fcfd3ced6506d76fabfcaea56fcb07d59a173663f003b85465a18f"", ""seller_mobile_number"": ""9118607d841616e47b16ed80fc86455379729bc9e17fb16b9a1aa4d72586f5c4""}}",2026-07-29 06:12:47.313,148562653959,29/07/26
31290669,BUYER,31157,"{""payment"": {}, ""callback"": ""callback by Tomorrow 11:30 AM - To discuss alternatives (Kal 11:30 baje dekhte hobe)"", ""lead_tag"": {""deal_blockers"": [{""detail"": ""Buyer needs 5 liters, Seller's MOQ is 20 liters"", ""category"": ""MOQ""}, {""detail"": ""Buyer does not have a license, Seller requires one"", ""category"": ""Other""}], ""deal_readiness"": ""Cold"", ""deal_readiness_reason"": ""Hard blocker due to MOQ mismatch and license requirement.""}, ""metadata"": {""call_type"": {""type"": ""B2C"", ""reason"": ""The buyer asked for a very small quantity (5L), but the seller's minimum is 20L and requires a license, suggesting a retail or small-scale attempt."", ""evidence"": {""keywords"": [""5 Litres"", ""20 Litres"", ""License""], ""order_type"": [""one-time""], ""repeat_buyer"": false, ""quantity_scale"": ""Low""}}, ""buyer_intent"": {""narrative"": ""Buyer was looking for 5 liters of Ethyl alcohol but lacks the required license."", ""reasoning"": ""The buyer inquired about a small quantity (5L) and does not possess the mandatory license required by the seller, leading to a quick termination of interest."", ""intent_level"": ""Low""}, ""call_outcome"": {""category"": ""Lost"", ""conclusion_notes"": ""Seller refused to provide quantity below 20L and requires a license which the buyer lacks (20 litre nichu deyi na... license ache?)""}, ""call_purpose"": ""requirement"", ""all_languages"": [""Bengali"", ""Hindi""], ""primary_language"": ""Bengali"", ""additional_details"": {""buyer_queries"": [{""query"": ""Is 5 liters available?"", ""category"": ""Availability"", ""sequence"": 1}], ""seller_queries"": [{""query"": ""Do you have a license?"", ""category"": ""Certification"", ""sequence"": 2}]}}, ""products"": [{""price"": {}, ""in_stock"": ""in stock"", ""product_name"": ""Ethyl Alcohol"", ""specifications"": [{""name"": ""Volume"", ""unit"": ""liters"", ""value"": ""5"", ""buyer_requested"": true, ""seller_mentioned"": true}], ""quantity_required"": {""unit"": ""liters"", ""value"": 5}, ""related_categories"": [{""name"": ""Alcohol Solvents"", ""reason"": ""Ethanol is a widely used alcohol-based solvent.""}, {""name"": ""Industrial Solvents"", ""reason"": ""Ethanol is frequently used in industrial applications as a solvent.""}], ""is_buyer_interested"": true, ""minimum_order_quantity"": {""unit"": ""liters"", ""value"": 20}, ""most_specific_category"": {""name"": ""Ethanol"", ""reason"": ""Ethyl alcohol is the common name for Ethanol.""}, ""seller_accepts_quantity"": false}], ""next_steps"": {""buyer_next_steps"": [], ""seller_next_steps"": []}, ""buyer_details"": {}, ""seller_details"": {""seller_name"": ""90c5bc16cb06e34ce74ef5c264f6e0b4bebd6e1c83a3f1b75fe20f0186f99bd7""}}",2026-07-29 06:08:50.749,148561487034,29/07/26
272447312,BUYER,187983,"{""callback"": ""callback by Tomorrow 10 AM - To discuss rates (Kal Subah 10 baje call kare)"", ""lead_tag"": {""deal_blockers"": [{""detail"": ""Referance images and specifications not shared by the buyer"", ""category"": ""Other""}], ""deal_readiness"": ""Warm"", ""deal_readiness_reason"": ""Buyer is actively enquiring about rates and has promised to share details and discuss tomorrow morning.""}, ""metadata"": {""call_type"": {""type"": ""B2B"", ""reason"": ""The buyer is enquiring about racks which are typically used for commercial storage or retail display."", ""evidence"": {""order_type"": [""commercial""], ""repeat_buyer"": false}}, ""buyer_intent"": {""narrative"": ""Wants to know the price of racks for his requirement."", ""reasoning"": ""Buyer is asking for product rates and is willing to share images and specs for a quote."", ""intent_level"": ""Medium""}, ""call_outcome"": {""category"": ""Follow-up"", ""conclusion_notes"": ""Will talk tomorrow morning at 10 AM (Kal subah 10 baje baat karte hai)""}, ""call_purpose"": ""requirement"", ""all_languages"": [""Hindi"", ""English""], ""primary_language"": ""Hindi"", ""additional_details"": {""buyer_queries"": [{""query"": ""What is the price of the rack?"", ""category"": ""Pricing"", ""sequence"": 1}], ""seller_queries"": [{""query"": ""Can you share the reference image, pieces, and dimensions on WhatsApp?"", ""category"": ""Specifications"", ""sequence"": 2, ""answer_by_buyer"": ""I am not able to see the option to share""}]}}, ""products"": [{""product_name"": ""Rack"", ""related_categories"": [{""name"": ""Supermarket Display Rack"", ""reason"": ""Racks are commonly used as display units in retail environments""}, {""name"": ""Metal Display Rack"", ""reason"": ""Commercial racks are frequently made of metal for durability""}], ""is_buyer_interested"": true, ""most_specific_category"": {""name"": ""Display Rack"", ""reason"": ""The buyer is inquiring generally about 'racks' for pricing.""}}], ""next_steps"": {""buyer_next_steps"": [""To share reference images of the rack on WhatsApp"", ""To share dimensions and quantity required on WhatsApp""], ""seller_next_steps"": [""To call back the buyer tomorrow at 10 AM"", ""To provide a price quote once details are received""]}, ""buyer_details"": {""buyer_name"": ""3728a121efabad8dd43c044d9832ca3b8d79fe3d14055613dfdcce96c9405710""}, ""seller_details"": {""seller_location"": {""seller_city"": ""New Delhi""}}}",2026-07-29 06:03:21.871,148558773352,29/07/26
120559056,BUYER,163464,"{""callback"": ""callback by Tonight - To share details (Aaj raat mein share karta hoon)"", ""lead_tag"": {""deal_blockers"": [{""detail"": ""Seller does not sell Autel Kess3/OBD II Scanner but deals in Launch brand scanners"", ""category"": ""Availability""}], ""deal_readiness"": ""Cold"", ""deal_readiness_reason"": ""The seller does not supply the requested brand (Autel/Kess3) and only deals in Launch brand scanners.""}, ""metadata"": {""call_type"": {""type"": ""B2B"", ""reason"": ""The buyer owns a car garage/workshop and needs the scanner for business operations, although the specific brand was unavailable with this seller."", ""evidence"": {""keywords"": [""Car Workshop"", ""Car Scanner"", ""Garage""], ""order_type"": [""commercial""], ""repeat_buyer"": false, ""buyer_persona"": {""persona_detail"": ""Garage Owner"", ""persona_category"": ""service_provider""}}}, ""buyer_intent"": {""narrative"": ""Wants an Autel Kess3 scanner for his car garage/workshop."", ""reasoning"": ""The buyer specified a particular model (Kess3) and stated his professional use-case (garage owner), showing clear product knowledge."", ""intent_level"": ""High""}, ""call_outcome"": {""category"": ""Lost"", ""conclusion_notes"": ""Seller does not deal in the requested brand and only sells Launch scanners (Launch ka rakhte hain sir).""}, ""call_purpose"": ""requirement"", ""all_languages"": [""Hindi"", ""English""], ""primary_language"": ""Hindi"", ""additional_details"": {""buyer_queries"": [{""query"": ""Are you providing Autel Kess3 scanner?"", ""category"": ""Availability"", ""sequence"": 1}], ""seller_queries"": [{""query"": ""What specific product are you looking for?"", ""category"": ""Specifications"", ""sequence"": 2, ""answer_by_buyer"": ""I need an Autel Kess3 scanner for my car garage workshop.""}]}, ""intended_application"": ""Garage Workshop Use""}, ""products"": [{""in_stock"": ""not sold"", ""product_name"": ""Autel Kess3 (Kess 3)"", ""specifications"": [{""name"": ""Brand"", ""value"": ""Autel"", ""buyer_requested"": true, ""seller_mentioned"": false}], ""related_categories"": [{""name"": ""Diagnostic Scan Tools"", ""reason"": ""Kess3 is a tool used for engine diagnostics and ECU programming.""}, {""name"": ""Car Scanner"", ""reason"": ""It is used by garage owners for scanning car systems.""}], ""is_buyer_interested"": true, ""most_specific_category"": {""name"": ""OBD Scanner"", ""reason"": ""The buyer specifically asked for a Kess3 scanner which is used for vehicle diagnostics and programming.""}}, {""in_stock"": ""in stock"", ""product_name"": ""Launch Scanner"", ""specifications"": [{""name"": ""Brand"", ""value"": ""Launch"", ""buyer_requested"": false, ""seller_mentioned"": true}], ""related_categories"": [{""name"": ""Diagnostic Scan Tools"", ""reason"": ""Launch brand provides a wide range of automotive diagnostic tools.""}, {""name"": ""Auto Diagnostic Tools"", ""reason"": ""Launch is a prominent brand in the auto diagnostic market.""}], ""is_buyer_interested"": false, ""most_specific_category"": {""name"": ""Launch Scanner"", ""reason"": ""The seller explicitly mentioned they deal in Launch brand scanners.""}}], ""next_steps"": {""buyer_next_steps"": [], ""seller_next_steps"": []}, ""buyer_details"": {""buyer_name"": ""c05be5ea0883448dc766da99db898f69c114bc59c102f389ece99386773c4c11""}, ""seller_details"": {}}",2026-07-29 05:54:10.505,148560474046,29/07/26
218906198,BUYER,22643,"{""callback"": ""callback by Tomorrow 10 AM - To confirm stock (Kal 10 baje batata hoon check karke)"", ""lead_tag"": {""deal_blockers"": [], ""deal_readiness"": ""Hot"", ""deal_readiness_reason"": ""The buyer has specified the variety and quantity required, indicating a high level of purchase intent for the product.""}, ""metadata"": {""call_type"": {""type"": ""B2B"", ""reason"": ""The buyer mentioned a bulk quantity of 200 kg, which indicates a B2B transaction."", ""evidence"": {""keywords"": [""200 kg""], ""order_type"": [""bulk""], ""quantity_scale"": ""High""}}, ""buyer_intent"": {""narrative"": ""The buyer wants 200 kg of Vachras supari for delivery in Jamnagar."", ""reasoning"": ""The buyer shared specific quantity and variety requirements, showing high intent to purchase."", ""intent_level"": ""High""}, ""call_outcome"": {""category"": ""Follow-up"", ""conclusion_notes"": ""The seller will share details on WhatsApp (WhatsApp par details bhejta hoon).""}, ""call_purpose"": ""requirement"", ""all_languages"": [""Hindi"", ""Gujarati""], ""primary_language"": ""Hindi"", ""additional_details"": {""buyer_queries"": [{""query"": ""What varieties of supari are available?"", ""category"": ""Specifications"", ""sequence"": 1, ""answer_by_seller"": ""The seller has varieties from Karnataka and Assam.""}, {""query"": ""Can you deliver the supari to Jamnagar?"", ""category"": ""Delivery"", ""sequence"": 2, ""answer_by_seller"": ""The seller said transportation to Jamnagar is possible.""}, {""query"": ""What is the price of supari?"", ""category"": ""Pricing"", ""sequence"": 3, ""answer_by_seller"": ""The price depends on the quantity required.""}], ""seller_queries"": [{""query"": ""How much quantity of supari is needed?"", ""category"": ""Quantity"", ""sequence"": 4, ""answer_by_buyer"": ""The buyer needs 200 kg of supari.""}, {""query"": ""Which variety of supari do you need?"", ""category"": ""Specifications"", ""sequence"": 5, ""answer_by_buyer"": ""The buyer is looking for the Vachras variety of supari.""}]}}, ""products"": [{""in_stock"": ""in stock"", ""product_name"": ""Vachras Supari (Betel Nuts)"", ""specifications"": [{""name"": ""Variety"", ""value"": ""Vachras"", ""buyer_requested"": false, ""seller_mentioned"": true}], ""quantity_required"": {""unit"": ""kg"", ""value"": 200}, ""related_categories"": [{""name"": ""Areca Nut"", ""reason"": ""Betel nut is the seed of the areca palm, thus it falls under areca nut.""}, {""name"": ""Mixed Nuts"", ""reason"": ""Some varieties of betel nuts are sold in mixed nut categories.""}], ""is_buyer_interested"": true, ""most_specific_category"": {""name"": ""Betel Nuts"", ""reason"": ""The buyer and seller specifically talked about supari, which is commonly known as betel nuts.""}, ""seller_accepts_quantity"": true}, {""in_stock"": ""in stock"", ""product_name"": ""Karnataka Supari (Areca Nut)"", ""specifications"": [{""name"": ""Origin"", ""value"": ""Karnataka"", ""buyer_requested"": false, ""seller_mentioned"": true}], ""related_categories"": [{""name"": ""Betel Nuts"", ""reason"": ""Supari is commonly known as betel nut.""}], ""is_buyer_interested"": true, ""most_specific_category"": {""name"": ""Areca Nut"", ""reason"": ""The seller mentioned Karnataka and Assam varieties of supari/areca nut.""}}, {""in_stock"": ""in stock"", ""product_name"": ""Assam Supari (Areca Nut)"", ""specifications"": [{""name"": ""Origin"", ""value"": ""Assam"", ""buyer_requested"": false, ""seller_mentioned"": true}], ""related_categories"": [{""name"": ""Betel Nuts"", ""reason"": ""Supari is commonly known as betel nut.""}], ""is_buyer_interested"": true, ""most_specific_category"": {""name"": ""Areca Nut"", ""reason"": ""The seller mentioned Karnataka and Assam varieties of supari/areca nut.""}}], ""next_steps"": {""buyer_next_steps"": [""To review the details and photos shared by the seller on WhatsApp.""], ""seller_next_steps"": [""To share product photos and details of the Vachras supari on WhatsApp.""]}, ""buyer_details"": {""buyer_name"": ""397fe068bca282ee624bcc107b239239a58859096d212932e7efc25f14ddb5e1"", ""buyer_location"": {""buyer_city"": ""Jamnagar""}}, ""seller_details"": {""seller_name"": ""9ebc59c1af67d0dd352755e4c71e2e42b767ff8c5907485542bfd135935a8084""}}",2026-07-29 05:51:50.352,148560701852,29/07/26
272447312,BUYER,187983,"{""payment"": {}, ""lead_tag"": {""deal_blockers"": [], ""deal_readiness"": ""Warm"", ""deal_readiness_reason"": ""The next step is for details to be shared on WhatsApp for a bulk requirement of 50 pieces.""}, ""metadata"": {""call_type"": {""type"": ""B2B"", ""reason"": ""The seller specified a minimum order quantity of 50 pieces, which indicates a B2B transaction for a retail or distribution business."", ""evidence"": {""order_type"": [""bulk""], ""buyer_persona"": {""persona_category"": ""retailer""}, ""quantity_scale"": ""High""}}, ""buyer_intent"": {""narrative"": ""Buyer is inquiring about the price and minimum order quantity for Bingo Kurkure racks."", ""reasoning"": ""The buyer has identified a specific product from IndiaMART and is inquiring about bulk pricing and MOQ."", ""intent_level"": ""Medium""}, ""call_outcome"": {""category"": ""Follow-up"", ""conclusion_notes"": ""The seller will message the buyer on WhatsApp to share details and price (WhatsApp par message karti hoon).""}, ""call_purpose"": ""requirement"", ""all_languages"": [""Hindi"", ""English""], ""primary_language"": ""Hindi"", ""additional_details"": {""buyer_queries"": [{""query"": ""What is the minimum quantity of pieces I should take?"", ""category"": ""Quantity"", ""sequence"": 2}, {""query"": ""What is the price per piece?"", ""category"": ""Pricing"", ""sequence"": 3}], ""seller_queries"": [{""query"": ""How many pieces do you need?"", ""category"": ""Quantity"", ""sequence"": 1}]}, ""intended_application"": ""Retail Display""}, ""products"": [{""in_stock"": ""in stock"", ""product_name"": ""Bingo Kurkure Rack"", ""specifications"": [], ""related_categories"": [{""name"": ""Retail Display Rack"", ""reason"": ""These racks are used in retail stores for product visibility.""}, {""name"": ""Display Rack"", ""reason"": ""Generic category for stands used to showcase merchandise.""}], ""is_buyer_interested"": true, ""minimum_order_quantity"": {""unit"": ""pieces"", ""value"": 50}, ""most_specific_category"": {""name"": ""Snacks Display Rack"", ""reason"": ""The product mentioned is a Bingo Kurkure rack, which is specifically designed for displaying snack items.""}}], ""next_steps"": {""buyer_next_steps"": [""To share product requirements on WhatsApp""], ""seller_next_steps"": [""To message the buyer on WhatsApp with pricing and product details""]}, ""buyer_details"": {}, ""seller_details"": {}}",2026-07-29 05:48:23.542,148558773352,29/07/26
223412132,BUYER,74056,"{""callback"": ""callback by Today afternoon - To discuss requirement via WhatsApp"", ""lead_tag"": {""deal_blockers"": [], ""deal_readiness"": ""Warm"", ""deal_readiness_reason"": ""Shadab showed genuine interest in Kashmir Willow bats and shared contact details for further discussion.""}, ""metadata"": {""call_type"": {""type"": ""B2B"", ""reason"": ""The conversation about the price and willow indicate a bulk order for a sports equipment vendor."", ""evidence"": {""keywords"": [""Kashmir Willow"", ""IndiaMART price""], ""order_type"": [""bulk""], ""repeat_buyer"": false, ""quantity_scale"": ""High""}}, ""buyer_intent"": {""narrative"": ""Shadab is looking for Kashmir Willow bats and has a reference price from IndiaMART."", ""reasoning"": ""The buyer has a specific product (Kashmir Willow bats) and pricing (520) in mind, but the requirements are yet to be fully specified."", ""intent_level"": ""Medium""}, ""call_outcome"": {""category"": ""Follow-up"", ""conclusion_notes"": ""Shadab will share details via WhatsApp (WhatsApp pe share kar do).""}, ""call_purpose"": ""requirement"", ""all_languages"": [""Hindi"", ""English""], ""primary_language"": ""Hindi"", ""additional_details"": {""buyer_queries"": [{""query"": ""Can you provide Kashmir Willow bats?"", ""category"": ""Specifications"", ""sequence"": 1}], ""seller_queries"": [{""query"": ""Is it for wood or leather?"", ""category"": ""Specifications"", ""sequence"": 2}, {""query"": ""Which willow do you need?"", ""category"": ""Specifications"", ""sequence"": 3}, {""query"": ""What size do you need?"", ""category"": ""Specifications"", ""sequence"": 4}]}}, ""products"": [{""price"": {""value"": 520, ""buyer_price_reaction"": {""quote"": ""The price on IndiaMART was 520."", ""category"": ""Negotiating""}}, ""in_stock"": ""in stock"", ""product_name"": ""Kashmir Willow Cricket Bat"", ""specifications"": [{""name"": ""Willow type"", ""value"": ""Kashmir Willow"", ""buyer_requested"": true, ""seller_mentioned"": true}], ""related_categories"": [{""name"": ""Cricket Bat"", ""reason"": ""The primary product is a cricket bat made of Kashmir Willow.""}], ""is_buyer_interested"": true, ""most_specific_category"": {""name"": ""Kashmir Willow Cricket Bat"", ""reason"": ""Shadab specifically asked for Kashmir Willow bats.""}}], ""next_steps"": {""buyer_next_steps"": [""To share details via WhatsApp""], ""seller_next_steps"": [""To share product catalog over WhatsApp""]}, ""buyer_details"": {""buyer_name"": ""f1c551cfe9c317601862c343a86ee957d6935a431eb8a1bfc1cbcf4cba9446da"", ""buyer_mobile_number"": ""b456d15d805c76244dedece1b53f80c96744e0099e69aa34892630b56f5b5d02""}, ""seller_details"": {""seller_name"": ""8b5a08e9aaed258b25dee81598aca4f26461999c1fe0a449ecc72057adcb3a2e""}}",2026-07-29 05:43:13.802,148562612767,29/07/26
29712540,BUYER,203207,"{""payment"": {}, ""callback"": ""callback by Tomorrow 12 PM - To share product and pricing details on WhatsApp"", ""lead_tag"": {""deal_blockers"": [{""detail"": ""Seller check for stock availability "", ""category"": ""Availability""}], ""deal_readiness"": ""Warm"", ""deal_readiness_reason"": ""Buyer is ready to buy the product after checking the specifications and details. ""}, ""metadata"": {""call_type"": {""type"": ""B2C"", ""reason"": ""The buyer wants to buy a motherboard for personal use. "", ""evidence"": {""keywords"": [""Motherboard"", ""Begsurai"", ""Bihar"", ""WhatsApp""], ""order_type"": [""one-time""], ""repeat_buyer"": false, ""buyer_persona"": {""persona_category"": ""end_consumer""}, ""quantity_scale"": ""Low""}}, ""buyer_intent"": {""narrative"": ""Buyer wants to buy a motherboard and the seller is looking for the stock availability for the same. "", ""reasoning"": ""The buyer wants to buy the product and has clear specifications for the motherboard and the location as well. "", ""intent_level"": ""High""}, ""call_outcome"": {""category"": ""Follow-up"", ""conclusion_notes"": ""The seller will share the product details and the pricing tomorrow. ""}, ""call_purpose"": ""requirement"", ""all_languages"": [""Hindi"", ""English""], ""primary_language"": ""Hindi"", ""additional_details"": {""buyer_queries"": [{""query"": ""Is shipping available for Bihar location? "", ""category"": ""Specifications"", ""sequence"": 1}, {""query"": ""What is the price of the motherboard? "", ""category"": ""Pricing"", ""sequence"": 2}], ""seller_queries"": [{""query"": ""Where do you want the delivery? "", ""category"": ""Location"", ""sequence"": 3, ""answer_by_buyer"": ""Begusarai, Bihar. ""}]}, ""intended_application"": ""Personal computer motherboard""}, ""products"": [{""price"": {}, ""in_stock"": ""in stock"", ""product_name"": ""Motherboard"", ""specifications"": [{""name"": ""Motherboard Type"", ""value"": ""S series motherboard"", ""buyer_requested"": true, ""seller_mentioned"": false}], ""related_categories"": [{""name"": ""Gaming Motherboard"", ""reason"": ""The buyer is looking for a motherboard that can be used for gaming and general purpose as well. ""}], ""is_buyer_interested"": true, ""most_specific_category"": {""name"": ""Motherboard"", ""reason"": ""The buyer is specifically looking for a motherboard for the personal computer. ""}}, {""price"": {}, ""in_stock"": ""in stock"", ""product_name"": ""290x Motherboard"", ""specifications"": [{""name"": ""Series"", ""value"": ""290x"", ""buyer_requested"": true, ""seller_mentioned"": false}], ""related_categories"": [{""name"": ""Gaming Motherboard"", ""reason"": ""The motherboard has gaming capabilities as well. ""}], ""is_buyer_interested"": true, ""most_specific_category"": {""name"": ""Motherboard"", ""reason"": ""The motherboard is required for the personal computer. ""}}], ""next_steps"": {""buyer_next_steps"": [""To share the location details of the seller. ""], ""seller_next_steps"": [""To check the stock availability of the motherboards and share the same with the buyer. ""]}, ""buyer_details"": {""buyer_mobile_number"": ""35bb0d65549c57587e2e49f6b7f4303230d62355af269de1ee226a874edfdde4""}, ""seller_details"": {""seller_name"": ""f6ed0b8548ea29fa7fd65869c35655f5bd1b26138c1829e10689176a4677743f"", ""seller_mobile_number"": ""82861953fc985ff93b5770ff2e2a3b10dbef3aa4828090fd2f04c0cca818528f""}}",2026-07-29 05:39:44.855,148561235175,29/07/26
91922955,BUYER,190390,"{""callback"": ""callback by None - Not applicable (Call concluded with no specific callback commitment)"", ""lead_tag"": {""deal_blockers"": [{""detail"": ""Seller only deals in Hyderabad area"", ""category"": ""Location""}], ""deal_readiness"": ""Cold"", ""deal_readiness_reason"": ""Seller does not deliver to Bangalore and has no dealer contact to share.""}, ""metadata"": {""call_type"": {""type"": ""B2C"", ""reason"": ""The buyer was looking for a single brand of motors and the call was terminated quickly due to location mismatch."", ""evidence"": {""order_type"": [""one-time""], ""buyer_persona"": {""persona_category"": ""end_consumer""}}}, ""buyer_intent"": {""narrative"": ""Looking for Techno motors in Bangalore."", ""reasoning"": ""Buyer had a specific location requirement that the seller could not fulfill."", ""intent_level"": ""Low""}, ""call_outcome"": {""category"": ""Lost"", ""conclusion_notes"": ""Seller only deals in Hyderabad and could not provide a Bangalore contact (Not available sir, only Hyderabad).""}, ""call_purpose"": ""requirement"", ""all_languages"": [""Telugu"", ""English"", ""Hindi""], ""primary_language"": ""Telugu"", ""additional_details"": {""buyer_queries"": [{""query"": ""Is this Techno Motor company?"", ""category"": ""Availability"", ""sequence"": 1}, {""query"": ""Do you have a dealer in Bangalore?"", ""category"": ""Availability"", ""sequence"": 3}], ""seller_queries"": [{""query"": ""What do you need?"", ""category"": ""Specifications"", ""sequence"": 2}, {""query"": ""Where do you need the delivery?"", ""category"": ""Location"", ""sequence"": 4}]}}, ""products"": [{""in_stock"": ""not sold"", ""product_name"": ""Techno Motor"", ""related_categories"": [{""name"": ""Submersible Pump"", ""reason"": ""Motors are integral components of submersible pump systems.""}], ""is_buyer_interested"": true, ""most_specific_category"": {""name"": ""Submersible Motors"", ""reason"": ""The buyer explicitly asked for 'Techno Motor' which is a brand variant of motors often used in submersible sets.""}}], ""next_steps"": {""buyer_next_steps"": [], ""seller_next_steps"": []}, ""buyer_details"": {""buyer_name"": ""af674ed66a726918583170c53c585b02055e388d07642154616e10d0bd04fc63""}, ""seller_details"": {""seller_name"": ""e3b98a4da31a127d4bde6e43033f66ba274cab0eb7eb1c70ec41402bf6273dd8""}}",2026-07-29 05:34:41.658,148562849152,29/07/26
11324650,BUYER,3451,"{""callback"": ""callback by Tomorrow 5 PM - To finalize"", ""lead_tag"": {""deal_blockers"": [{""detail"": ""Seller requires minimum order quantity as the item is made to order"", ""category"": ""MOQ""}], ""deal_readiness"": ""Warm"", ""deal_readiness_reason"": ""Buyer is currently researching for a quotation but mentions potential for high quantity bulk orders later.""}, ""metadata"": {""call_type"": {""type"": ""B2B"", ""reason"": ""The buyer mentioned that the requirement will eventually be in thousands, indicating a B2B bulk or recurring purchase scenario."", ""evidence"": {""keywords"": [""Silicon Coated"", ""Power Wire Wound Resistor"", ""Quotation"", ""Bulk Order""], ""order_type"": [""bulk"", ""sample""], ""repeat_buyer"": true, ""buyer_persona"": {""persona_category"": ""other""}, ""quantity_scale"": ""High""}}, ""buyer_intent"": {""narrative"": ""Wants a quotation for 10 units of resistors with potential for bulk orders in the thousands."", ""reasoning"": ""The buyer provided specific product names and discussed future bulk quantities despite only needing 10 for an initial quote."", ""intent_level"": ""Medium""}, ""call_outcome"": {""category"": ""Follow-up"", ""conclusion_notes"": ""Proceeding with price sharing via email (Isi number pe mail kar dijiye price batla dijiye)""}, ""call_purpose"": ""requirement"", ""all_languages"": [""English"", ""Hindi""], ""primary_language"": ""Hindi"", ""additional_details"": {""buyer_queries"": [{""query"": ""Is this Control Device?"", ""category"": ""Other"", ""sequence"": 1}, {""query"": ""I need a resistor, specifically silicone coated power wire wound resistor."", ""category"": ""Specifications"", ""sequence"": 2}], ""seller_queries"": [{""query"": ""What is the company name?"", ""category"": ""Specifications"", ""sequence"": 3, ""answer_by_buyer"": ""Silicon coated power wire wound resistor""}, {""query"": ""How many pieces do you need?"", ""category"": ""Quantity"", ""sequence"": 4, ""answer_by_buyer"": ""10 pieces for quotation, but actual requirement is in thousands""}]}, ""intended_application"": ""Product Quotation""}, ""products"": [{""product_name"": ""Silicone Coated Power Wire Wound Resistor"", ""specifications"": [{""name"": ""Coating"", ""value"": ""Silicone"", ""buyer_requested"": true, ""seller_mentioned"": false}], ""quantity_required"": {""unit"": ""pieces"", ""value"": 10}, ""related_categories"": [{""name"": ""Wire Wound Power Resistor"", ""reason"": ""The product is described as a wire wound resistor.""}], ""is_buyer_interested"": true, ""most_specific_category"": {""name"": ""Silicone Coated Power Resistors"", ""reason"": ""The buyer explicitly asked for silicone coated power wire wound resistor.""}, ""seller_accepts_quantity"": true}], ""next_steps"": {""buyer_next_steps"": [""To check the quotation sent by email""], ""seller_next_steps"": [""To share price/quotation via email""]}, ""buyer_details"": {""buyer_name"": ""043a718774c572bd8a25adbeb1bfcd5c0256ae11cecf9f9c3f925d0e52beaf89""}, ""seller_details"": {}}",2026-07-29 05:33:21.987,148535304367,29/07/26
162732888,BUYER,936,"{""callback"": ""callback by Tomorrow 12 PM - To discuss machine specifications in person"", ""lead_tag"": {""deal_blockers"": [], ""deal_readiness"": ""Hot"", ""deal_readiness_reason"": ""Buyer is ready to meet tomorrow to finalize specifications and pricing.""}, ""metadata"": {""call_type"": {""type"": ""B2B"", ""reason"": ""The buyer is inquiring about industrial machinery for manufacturing purposes, which is a typical B2B transaction."", ""evidence"": {""order_type"": [""commercial""], ""repeat_buyer"": false}}, ""buyer_intent"": {""narrative"": ""Seeking a plastic injection molding machine for production and scheduled a meeting to finalize."", ""reasoning"": ""The buyer asked specific technical questions and agreed to a workshop visit the next day."", ""intent_level"": ""High""}, ""call_outcome"": {""category"": ""Follow-up"", ""conclusion_notes"": ""A meeting is scheduled for tomorrow at 12 PM at the seller's workshop (Kal 12 baje workshop pe milte hai).""}, ""call_purpose"": ""requirement"", ""all_languages"": [""Hindi"", ""English""], ""primary_language"": ""Hindi"", ""additional_details"": {""buyer_queries"": [{""query"": ""What is the price of the plastic injection molding machine?"", ""category"": ""Pricing"", ""sequence"": 1}, {""query"": ""Is the machine manual or semi-automatic?"", ""category"": ""Specifications"", ""sequence"": 2}], ""seller_queries"": [{""query"": ""Can you come to our workshop to see the machine and discuss further?"", ""category"": ""Location"", ""sequence"": 3, ""answer_by_buyer"": ""Tomorrow at 12 PM.""}]}, ""intended_application"": ""Plastic Product Manufacturing""}, ""products"": [{""price"": {""negotiation_notes"": ""Price to be discussed final during in-person meeting.""}, ""in_stock"": ""in stock"", ""product_name"": ""Plastic Injection Moulding Machine"", ""specifications"": [{""name"": ""Operation Type"", ""value"": ""Semi-Automatic"", ""buyer_requested"": true, ""seller_mentioned"": true}], ""related_categories"": [{""name"": ""Semi Automatic Moulding Machines"", ""reason"": ""The machine discussed is mentioned to have semi-automatic capabilities.""}], ""is_buyer_interested"": true, ""most_specific_category"": {""name"": ""Plastic Injection Moulding Machine"", ""reason"": ""The conversation specifically focuses on acquiring a machine for plastic injection molding.""}}], ""next_steps"": {""buyer_next_steps"": [""To visit the seller's workshop tomorrow at 12 PM""], ""seller_next_steps"": [""To show the machine and discuss pricing during the meeting""]}, ""buyer_details"": {""buyer_name"": ""853f8f143bc3108bfa84e9dba2272668904212da1d743b5cb0e0fa9f8aa103b6""}, ""seller_details"": {""seller_location"": {""seller_city"": ""New Delhi""}}}",2026-07-29 05:32:30.602,148560046575,29/07/26
268522962,BUYER,5817,"{""payment"": {}, ""callback"": ""callback by Today afternoon - To send photo of product (Office pahunch ke photo bhejta hoon)"", ""lead_tag"": {""deal_blockers"": [], ""deal_readiness"": ""Warm"", ""deal_readiness_reason"": ""Looking to review product photos before confirming the order today.""}, ""metadata"": {""call_type"": {""type"": ""B2B"", ""reason"": ""The buyer contacted the seller specifically for a product requirement originating from IndiaMART, a common B2B/commercial channel, though the scale remains unclear."", ""evidence"": {""keywords"": [""IndiaMART Lead""], ""repeat_buyer"": false}}, ""buyer_intent"": {""narrative"": ""Seeking pen stands and wants to see product photos via WhatsApp."", ""reasoning"": ""The buyer proactively asked for availability and shared their number specifically to receive a catalog or photos, showing genuine search intent."", ""intent_level"": ""Medium""}, ""call_outcome"": {""category"": ""Follow-up"", ""conclusion_notes"": ""Seller will send photos of the pen stand from office (Office pahunch ke photo bhejta hoon)""}, ""call_purpose"": ""requirement"", ""all_languages"": [""Hindi"", ""English""], ""primary_language"": ""Hindi"", ""additional_details"": {""buyer_queries"": [{""query"": ""Do you have pen stands available?"", ""category"": ""Availability"", ""sequence"": 1, ""answer_by_seller"": ""Yes, we have pen stands. I will send you photos via WhatsApp once I reach the office.""}], ""seller_queries"": [{""query"": ""What is your WhatsApp number?"", ""category"": ""Other"", ""sequence"": 2}]}}, ""products"": [{""in_stock"": ""in stock"", ""product_name"": ""Pen Stand"", ""related_categories"": [{""name"": ""Desk Accessories"", ""reason"": ""Pen stands are a primary type of desk accessory used in offices.""}, {""name"": ""Office Stationery"", ""reason"": ""Commonly used as stationery item in professional work environments.""}], ""is_buyer_interested"": true, ""most_specific_category"": {""name"": ""Pen Stand"", ""reason"": ""Both parties explicitly discussed 'pen stands' as the required item.""}}], ""next_steps"": {""buyer_next_steps"": [""To check the product photos on WhatsApp""], ""seller_next_steps"": [""To send pen stand photos to the buyer's WhatsApp number"", ""To save the buyer's contact as Surya Infratech""]}, ""buyer_details"": {""buyer_name"": ""0f08f9b1135b56df656dd7d10dd29972466d39deb68627327d4cd776105851b9""}, ""seller_details"": {""seller_mobile_number"": ""34b491a5fc2e156fa335ba88f9e7c9fee3a32937226a5093e8f675a67e5cd049""}}",2026-07-29 05:21:37.166,148562248452,29/07/26
129489001,BUYER,111935,"{""callback"": ""callback by Tomorrow Morning - To discuss after seeing photos (Sakal bollo hoto tumhala)"", ""lead_tag"": {""deal_blockers"": [], ""deal_readiness"": ""Warm"", ""deal_readiness_reason"": ""Buyer had earlier discussed requirements and is now waiting for product photos to confirm interest and proceed.""}, ""metadata"": {""call_type"": {""type"": ""B2B"", ""reason"": ""The call is a follow-up to a B2B inquiry where specifications and visuals are being exchanged before a purchase decision."", ""evidence"": {""order_type"": [""other""]}}, ""buyer_intent"": {""narrative"": ""Buyer is waiting to receive and review product photos from the seller after a previous morning call."", ""reasoning"": ""The buyer followed up on a prior conversation specifically asking for visual details (photos) to gain a better idea of the product."", ""intent_level"": ""Medium""}, ""call_outcome"": {""category"": ""Follow-up"", ""conclusion_notes"": ""Seller committed to sharing product photos on WhatsApp for the buyer's review (Hoo, pathavto pathavto).""}, ""call_purpose"": ""followup"", ""all_languages"": [""Marathi"", ""English""], ""primary_language"": ""Marathi"", ""additional_details"": {""buyer_queries"": [{""query"": ""Can you share the photos of the product?"", ""category"": ""Specifications"", ""sequence"": 1, ""answer_by_seller"": ""I'll send across the photos as we discussed this morning.""}], ""seller_queries"": []}}, ""products"": [{""product_name"": ""Printing Services (Photo)"", ""specifications"": [{""name"": ""Photos"", ""value"": ""To be shared"", ""buyer_requested"": true, ""seller_mentioned"": true}], ""related_categories"": [{""name"": ""Digital Printing Service"", ""reason"": ""The request for sharing photos for a printing-related business context involves digital printing capabilities.""}], ""is_buyer_interested"": true}], ""next_steps"": {""buyer_next_steps"": [""To review the photos shared by the seller""], ""seller_next_steps"": [""To share product photos on WhatsApp""]}, ""buyer_details"": {""buyer_name"": ""9ea0784153d27e6a21eaf87207a82cd4ee42a14c23acb5ac8328b49f2556a2ba""}, ""seller_details"": {}}",2026-07-29 05:17:00.888,148562827075,29/07/26
270916373,BUYER,167125,"{""payment"": {}, ""callback"": ""callback by Tomorrow 12 PM - To send details"", ""lead_tag"": {""deal_blockers"": [{""detail"": ""Seller does not manufacture extension tanks"", ""category"": ""Availability""}], ""deal_readiness"": ""Cold"", ""deal_readiness_reason"": ""Seller explicitly stated they do not make the requested product.""}, ""metadata"": {""call_type"": {""type"": ""B2B"", ""reason"": ""The buyer represents a business (AF Perfections) looking for industrial components (extension tank), indicating a B2B enquiry, though no transaction was possible."", ""evidence"": {""buyer_persona"": {""persona_detail"": ""Buyer mentioned calling from AF Perfections"", ""persona_category"": ""manufacturer""}}}, ""buyer_intent"": {""narrative"": ""Buyer is looking for an extension tank for their business in Jabalpur."", ""reasoning"": ""The buyer shared their company name and specific product requirement immediately."", ""intent_level"": ""High""}, ""call_outcome"": {""category"": ""Lost"", ""conclusion_notes"": ""Seller confirmed they don't manufacture extension tanks (Nahin banate).""}, ""call_purpose"": ""requirement"", ""all_languages"": [""Hindi"", ""English""], ""primary_language"": ""Hindi"", ""additional_details"": {""buyer_queries"": [{""query"": ""Do you have extension tanks?"", ""category"": ""Availability"", ""sequence"": 1, ""answer_by_seller"": ""We don’t make them.""}], ""seller_queries"": []}}, ""products"": [{""in_stock"": ""not sold"", ""product_name"": ""Extension Tank"", ""specifications"": [], ""related_categories"": [{""name"": ""Water Tanks"", ""reason"": ""Broader category for storage and pressure vessels.""}], ""is_buyer_interested"": true, ""most_specific_category"": {""name"": ""Industrial Water Tanks"", ""reason"": ""Extension tanks are a specialized type of industrial tank used for pressure control.""}}], ""next_steps"": {""buyer_next_steps"": [], ""seller_next_steps"": []}, ""buyer_details"": {""buyer_name"": ""47a79db8dc3b54364ae66f657f1c6f0fd6153e8295e2b2b7afe06cba17474897""}, ""seller_details"": {}}",2026-07-29 05:16:05.283,148540413195,29/07/26
272282224,BUYER,219289,"{""callback"": ""callback by [No specific time/day provided]"", ""lead_tag"": {""deal_blockers"": [], ""deal_readiness"": ""Warm"", ""deal_readiness_reason"": ""The buyer has specified bottle sizes and delivery location and is waiting for design options on WhatsApp.""}, ""metadata"": {""call_type"": {""type"": ""B2B"", ""reason"": ""The buyer is inquiring about specific bottle sizes (200ml and 300ml) from a manufacturer located in an industrial area, suggesting a commercial/B2B context."", ""evidence"": {""keywords"": [""Glass Bottles"", ""Industrial Area""], ""order_type"": [""bulk"", ""commercial""], ""quantity_scale"": ""High""}}, ""buyer_intent"": {""narrative"": ""The buyer is looking for 200ml and 300ml glass bottles for delivery in Baroda."", ""reasoning"": ""The buyer specifically mentions sizes (200ml, 300ml) and has already confirmed the delivery location."", ""intent_level"": ""High""}, ""call_outcome"": {""category"": ""Follow-up"", ""conclusion_notes"": ""The seller will send designs on WhatsApp (WhatsApp pe designs bhej do).""}, ""call_purpose"": ""requirement"", ""all_languages"": [""Hindi"", ""English""], ""primary_language"": ""Hindi"", ""additional_details"": {""buyer_queries"": [{""query"": ""Where is your office located?"", ""category"": ""Location"", ""sequence"": 2}, {""query"": ""Is delivery available in Baroda?"", ""category"": ""Delivery"", ""sequence"": 3}, {""query"": ""Can you send the bottle sizes and designs to my number?"", ""category"": ""Specifications"", ""sequence"": 4}], ""seller_queries"": [{""query"": ""Where is the material required?"", ""category"": ""Location"", ""sequence"": 1}, {""query"": ""Is this your WhatsApp number?"", ""category"": ""Other"", ""sequence"": 5}]}}, ""products"": [{""in_stock"": ""in stock"", ""product_name"": ""Glass Bottle"", ""specifications"": [{""name"": ""Size"", ""unit"": ""ml"", ""value"": ""200"", ""buyer_requested"": true, ""seller_mentioned"": false}, {""name"": ""Size"", ""unit"": ""ml"", ""value"": ""300"", ""buyer_requested"": true, ""seller_mentioned"": false}], ""quantity_required"": {""unit"": ""pieces""}, ""related_categories"": [{""name"": ""Beverage Glass Bottle"", ""reason"": ""Glass bottles of these sizes are commonly used for beverages.""}], ""is_buyer_interested"": true, ""most_specific_category"": {""name"": ""Glass Bottles"", ""reason"": ""The buyer explicitly asked for glass bottles of 200ml and 300ml.""}}, {""in_stock"": ""in stock"", ""product_name"": ""Glass Bottle"", ""specifications"": [{""name"": ""Size"", ""unit"": ""ml"", ""value"": ""300"", ""buyer_requested"": true, ""seller_mentioned"": false}], ""quantity_required"": {""unit"": ""pieces""}, ""related_categories"": [{""name"": ""Beverage Glass Bottle"", ""reason"": ""Common application for 300ml glass bottles.""}], ""is_buyer_interested"": true, ""most_specific_category"": {""name"": ""Glass Bottles"", ""reason"": ""The buyer explicitly requested glass bottles in 300ml size.""}}], ""next_steps"": {""buyer_next_steps"": [""To review the bottle designs and sizes shared on WhatsApp.""], ""seller_next_steps"": [""To share glass bottle designs and size catalogs on WhatsApp.""]}, ""buyer_details"": {""buyer_name"": ""3d8b2d252744a9711cc39af307f02d2226a440cedfbabbe6e9afacfbf725a29d"", ""buyer_location"": {""buyer_city"": ""Baroda""}}, ""seller_details"": {""seller_name"": ""44d976e71de96697f3a8d523b64925fd33fdc072b70ca624d3ba112016d46ce9"", ""seller_location"": {""seller_city"": ""Delhi"", ""seller_locality"": ""Okhla Industrial Area""}}}",2026-07-29 05:15:32.919,148549547563,29/07/26
43685132,BUYER,191486,"{""callback"": ""callback by Tomorrow evening - To confirm regional pricing and shipping (Kal shaam ko call karta hoon)"", ""lead_tag"": {""deal_blockers"": [{""detail"": ""Buyer found the current quote slightly high and asked for a discount"", ""category"": ""Price""}], ""deal_readiness"": ""Warm"", ""deal_readiness_reason"": ""Buyer is actively comparing prices and requested a follow-up call tomorrow once the catalogue and final quotes are reviewed on WhatsApp.""}, ""metadata"": {""call_type"": {""type"": ""B2B"", ""reason"": ""The buyer is inquiring for a specific industrial machine for food production, signifying a B2B requirement for business operations."", ""evidence"": {""keywords"": [""Semi-automatic"", ""Papad Making"", ""Labor Saving"", ""Factory Use""], ""order_type"": [""commercial""], ""repeat_buyer"": false, ""buyer_persona"": {""persona_detail"": ""Food Production Unit Operator"", ""persona_category"": ""manufacturer""}, ""quantity_scale"": ""Low""}}, ""buyer_intent"": {""narrative"": ""Seeking a semi-automatic papad making machine for a small-scale facility in Kancheepuram."", ""reasoning"": ""The buyer has clear specifications (semi-automatic) and usage (labor-saving) in mind but is hesitant on the initial price quote."", ""intent_level"": ""Medium""}, ""call_outcome"": {""category"": ""Follow-up"", ""conclusion_notes"": ""Will call back after reviewing the catalogue and final price (Catalogue dekh kar kal shaam ko call karta hoon).""}, ""call_purpose"": ""requirement"", ""all_languages"": [""Hindi"", ""Tamil"", ""English""], ""primary_language"": ""Hindi"", ""additional_details"": {""buyer_queries"": [{""query"": ""Is there any scope for discount on the semi-automatic model?"", ""category"": ""Pricing"", ""sequence"": 1}, {""query"": ""What is the delivery time to Kancheepuram?"", ""category"": ""Delivery"", ""sequence"": 2}], ""seller_queries"": [{""query"": ""Are you looking for the manual machine or the fully automatic one?"", ""category"": ""Specifications"", ""sequence"": 3, ""answer_by_buyer"": ""I have seen the manual model but I am more interested in the semi-automatic one to save on labor costs.""}]}, ""intended_application"": ""Papad Production""}, ""products"": [{""in_stock"": ""in stock"", ""product_name"": ""Semi-Automatic Papad Making Machine"", ""specifications"": [{""name"": ""Operation Type"", ""value"": ""Semi-Automatic"", ""buyer_requested"": true, ""seller_mentioned"": true}], ""related_categories"": [{""name"": ""Food Processing Machine"", ""reason"": ""Papad making is a form of industrial food processing.""}], ""is_buyer_interested"": true, ""most_specific_category"": {""name"": ""Automatic Papad Making Machine"", ""reason"": ""The product is explicitly discussed as a machine for making papads.""}}], ""next_steps"": {""buyer_next_steps"": [""To review the machine catalogue sent on WhatsApp"", ""To call back by tomorrow evening""], ""seller_next_steps"": [""To share product catalogue and photos on WhatsApp"", ""To confirm final discounted price""]}, ""buyer_details"": {""buyer_name"": ""62c66a7a5dd70c3146618063c344e531e6d4b59e379808443ce962b3abd63c5a""}, ""seller_details"": {""seller_name"": ""262cc47030b1803064844b94c1cb0054a247d1e550e26bb33f215149d8b2c72e""}}",2026-07-29 05:11:51.111,148560232167,29/07/26
108973708,BUYER,27320,"{""payment"": {""payment_details"": ""Price quoted is Rs. 28 plus GST for bulk orders""}, ""callback"": ""callback by Today - To share weight and and check if 32 inch variant is available (Main weight karke batati hoon)"", ""lead_tag"": {""deal_blockers"": [{""detail"": ""32 inch feather duster not currently available"", ""category"": ""Availability""}], ""deal_readiness"": ""Warm"", ""deal_readiness_reason"": ""The buyer has a bulk requirement and is waiting for weight details and size availability to proceed.""}, ""metadata"": {""call_type"": {""type"": ""B2B"", ""reason"": ""The conversation involves bulk quantities (up to 10k units), GST discussions, and industrial/commercial scale supply needs."", ""evidence"": {""keywords"": [""Bulk requirement"", ""GST"", ""MOQ""], ""order_type"": [""bulk"", ""commercial"", ""recurring""], ""repeat_buyer"": true, ""buyer_persona"": {""persona_category"": ""retailer""}, ""quantity_scale"": ""High""}}, ""buyer_intent"": {""narrative"": ""Wants bulk quantity (up to 10,000 pieces) of 32-inch or 23-inch feather dusters."", ""reasoning"": ""The buyer is asking for very large quantities (4,000-10,000 units) and has specific weight and length requirements for the product."", ""intent_level"": ""High""}, ""call_outcome"": {""category"": ""Follow-up"", ""conclusion_notes"": ""Seller will check weight and availability of 32 inch variant and share details on WhatsApp (Main weight karke batati hoon)""}, ""call_purpose"": ""requirement"", ""all_languages"": [""Hindi"", ""English""], ""primary_language"": ""Hindi"", ""additional_details"": {""buyer_queries"": [{""query"": ""What is the weight of the yellow stick feather duster?"", ""category"": ""Specifications"", ""sequence"": 1, ""answer_by_seller"": ""90 grams""}, {""query"": ""What are the size options?"", ""category"": ""Specifications"", ""sequence"": 2, ""answer_by_seller"": ""7.5 inch handle and 23 inch total length""}, {""query"": ""What is the box packing quantity?"", ""category"": ""Quantity"", ""sequence"": 3, ""answer_by_seller"": ""200 pieces per box""}, {""query"": ""What is the price for the 23 inch variant?"", ""category"": ""Pricing"", ""sequence"": 4}, {""query"": ""What is the minimum order quantity?"", ""category"": ""Quantity"", ""sequence"": 5, ""answer_by_seller"": ""One box""}, {""query"": ""What is the price if I take full box?"", ""category"": ""Pricing"", ""sequence"": 6, ""answer_by_seller"": ""Rs. 28 plus GST for bulk orders""}, {""query"": ""Will it be available in the future for 4,000-10,000 pieces?"", ""category"": ""Availability"", ""sequence"": 7, ""answer_by_seller"": ""It is usually available in stock""}, {""query"": ""How many days for delivery?"", ""category"": ""Delivery"", ""sequence"": 8, ""answer_by_seller"": ""Delivery takes 2-3 days from order placement""}], ""seller_queries"": [{""query"": ""How much quantity do you need?"", ""category"": ""Quantity"", ""sequence"": 9}, {""query"": ""Where is your location?"", ""category"": ""Location"", ""sequence"": 10, ""answer_by_buyer"": ""Andheri""}]}}, ""products"": [{""price"": {""gst"": {""is_gst_included"": false}, ""value"": 28, ""currency"": ""INR"", ""price_unit"": ""piece""}, ""in_stock"": ""in stock"", ""product_name"": ""Yellow Stick Feather Duster"", ""specifications"": [{""name"": ""Total Length"", ""unit"": ""inch"", ""value"": ""23"", ""buyer_requested"": false, ""seller_mentioned"": true}, {""name"": ""Handle Length"", ""unit"": ""inch"", ""value"": ""7.5"", ""buyer_requested"": false, ""seller_mentioned"": true}, {""name"": ""Color"", ""value"": ""Yellow"", ""buyer_requested"": true, ""seller_mentioned"": true}], ""quantity_required"": {""unit"": ""pieces"", ""value"": 4000}, ""related_categories"": [{""name"": ""Cleaning Dusters"", ""reason"": ""Feather dusters are a type of cleaning duster.""}], ""is_buyer_interested"": true, ""minimum_order_quantity"": {""unit"": ""pieces"", ""value"": 200}, ""most_specific_category"": {""name"": ""Feather Dusters"", ""reason"": ""The speakers explicitly refer to the product as a 'Feather Duster'.""}, ""seller_accepts_quantity"": true}, {""in_stock"": ""not sold"", ""product_name"": ""32 inch Feather Duster"", ""specifications"": [{""name"": ""Total Length"", ""unit"": ""inch"", ""value"": ""32"", ""buyer_requested"": true, ""seller_mentioned"": false}, {""name"": ""Weight"", ""unit"": ""grams"", ""value"": ""200"", ""buyer_requested"": true, ""seller_mentioned"": false}], ""quantity_required"": {""unit"": ""pieces"", ""value"": 4000}, ""is_buyer_interested"": true, ""most_specific_category"": {""name"": ""Feather Dusters"", ""reason"": ""The buyer specifically asked for this as a variant of the feather duster.""}, ""seller_accepts_quantity"": false}], ""next_steps"": {""buyer_next_steps"": [""To review weight and size details on WhatsApp""], ""seller_next_steps"": [""To share product weight and check for 32 inch variant availability"", ""To contact the buyer on WhatsApp with details""]}, ""buyer_details"": {""buyer_name"": ""ed2e0f5a60fde23dd18a1c262595db9f5b34060c161c6ac3e9e2afc76577a232""}, ""seller_details"": {""seller_location"": {""seller_locality"": ""Mahakali Road""}}}",2026-07-29 05:06:35.449,148560014134,29/07/26
218067453,BUYER,174025,"{""payment"": {}, ""callback"": ""callback by Monday 1 PM - To confirm stock"", ""lead_tag"": {""deal_blockers"": [], ""deal_readiness"": ""Warm"", ""deal_readiness_reason"": ""Buyer is seeking services and confirmed next contact on Monday for further discussion.""}, ""metadata"": {""call_type"": {""type"": ""B2B"", ""reason"": ""The buyer is inquiring about garment stitching services listed on B2B marketplace for potential business work."", ""evidence"": {""order_type"": [""commercial""], ""buyer_persona"": {""persona_detail"": ""Service seeker"", ""persona_category"": ""other""}}}, ""buyer_intent"": {""narrative"": ""Seeking a service provider for garment stitching work."", ""reasoning"": ""The buyer contacted after seeing a listing for stitching services and confirmed the seller takes such work."", ""intent_level"": ""Medium""}, ""call_outcome"": {""category"": ""Follow-up"", ""conclusion_notes"": ""Agreed to speak again on Monday (Theek hai Monday bolte hain).""}, ""call_purpose"": ""requirement"", ""all_languages"": [""Hindi"", ""English""], ""primary_language"": ""Hindi"", ""additional_details"": {""buyer_queries"": [{""query"": ""Do you provide stitching work or take it?"", ""category"": ""Specifications"", ""sequence"": 1, ""answer_by_seller"": ""I take garment stitching work.""}], ""seller_queries"": []}}, ""products"": [{""product_name"": ""Garment Stitching Service (Ladies Clothes Stitching Services)"", ""specifications"": [{""name"": ""Work Type"", ""value"": ""Garment Stitching"", ""buyer_requested"": true, ""seller_mentioned"": true}], ""related_categories"": [{""name"": ""Ladies Clothes Stitching Services"", ""reason"": ""Stitching services for garments often involve ladies' clothing.""}, {""name"": ""Tailors"", ""reason"": ""Stitching work is the primary function of tailoring services.""}], ""is_buyer_interested"": true, ""most_specific_category"": {""name"": ""Garment Stitching Service"", ""reason"": ""The conversation specifically asks about stitching work and services.""}}], ""next_steps"": {""buyer_next_steps"": [""To call back on Monday to discuss details""], ""seller_next_steps"": []}, ""buyer_details"": {}, ""seller_details"": {""seller_name"": ""4b123651b2f734b2e37911fa46fcd206521a578fed0ac7f04a5af2864370a4de""}}",2026-07-29 05:05:50.757,148560764985,29/07/26
127120803,BUYER,185201,"{""callback"": ""callback by Tomorrow - To send the quotation since the seller is on a bike (Bike pe hoon pen nahi hai)"", ""lead_tag"": {""deal_blockers"": [], ""deal_readiness"": ""Hot"", ""deal_readiness_reason"": ""Immediate requirement for a rubber bale cutter with quotation requested urgently via WhatsApp.""}, ""metadata"": {""call_type"": {""type"": ""B2B"", ""reason"": ""The buyer represents a rubber manufacturing factory and is inquiring about industrial machinery (rubber bale cutter) for business operations."", ""evidence"": {""keywords"": [""Bale Cutter"", ""Rubber Factory"", ""Quotation"", ""Industrial Equipment""], ""order_type"": [""commercial""], ""buyer_persona"": {""persona_detail"": ""Balaji Rubber Factory Manager"", ""persona_category"": ""manufacturer""}}}, ""buyer_intent"": {""narrative"": ""Wants a rubber bale cutter for Balaji Rubber Factory in Mumbai."", ""reasoning"": ""The buyer provided his company name, location, and specific product requirement while requesting a formal quotation."", ""intent_level"": ""High""}, ""call_outcome"": {""category"": ""Follow-up"", ""conclusion_notes"": ""Sellers will send the quotation on WhatsApp as soon as possible (WhatsApp pe bhej do quotation).""}, ""call_purpose"": ""requirement"", ""all_languages"": [""Hindi"", ""English""], ""primary_language"": ""Hindi"", ""additional_details"": {""buyer_queries"": [{""query"": ""Please send the quotation for the rubber bale cutter on my WhatsApp number."", ""category"": ""Pricing"", ""sequence"": 1}, {""query"": ""Where is your company located?"", ""category"": ""Location"", ""sequence"": 2}], ""seller_queries"": [{""query"": ""Where is your company located?"", ""category"": ""Specifications"", ""sequence"": 3}]}, ""intended_application"": ""Rubber Production""}, ""products"": [{""in_stock"": ""in stock"", ""product_name"": ""Rubber Bale Cutter"", ""specifications"": [], ""related_categories"": [{""name"": ""Bale Cutter"", ""reason"": ""It is a specific type of bale cutter used for industrial materials.""}, {""name"": ""Rubber Cutting Machine"", ""reason"": ""It is used for cutting rubber slabs or bales into smaller pieces.""}], ""is_buyer_interested"": true, ""most_specific_category"": {""name"": ""Rubber Bale Cutters"", ""reason"": ""The product explicitly mentioned is a rubber bale cutter and its application is in a rubber factory.""}}], ""next_steps"": {""buyer_next_steps"": [""To check the quotation once received on WhatsApp""], ""seller_next_steps"": [""To send the product quotation to the buyer's WhatsApp number""]}, ""buyer_details"": {""buyer_name"": ""3c05ee429205f3740918322fec464e2977e79f2e78351b6901f929845e83a1ca""}, ""seller_details"": {""seller_location"": {""seller_city"": ""Mumbai"", ""seller_locality"": ""Sakinaka""}}}",2026-07-29 05:05:08.095,148562610113,29/07/26
268522962,BUYER,5817,"{""callback"": ""callback by Monday 1 PM - To confirm stock"", ""lead_tag"": {""deal_blockers"": [], ""deal_readiness"": ""Hot"", ""deal_readiness_reason"": ""The buyer has a bulk requirement of 100 units and is looking for immediate details to proceed.""}, ""metadata"": {""call_type"": {""type"": ""B2B"", ""reason"": ""The buyer is inquiring for a bulk quantity of 100 units for commercial use and is contacting a manufacturer directly."", ""evidence"": {""keywords"": [""Plastic Pen Stand"", ""Okhla Industrial Area"", ""Manufacturer""], ""order_type"": [""bulk"", ""commercial""], ""repeat_buyer"": false, ""buyer_persona"": {""persona_category"": ""retailer""}, ""quantity_scale"": ""High""}}, ""buyer_intent"": {""narrative"": ""The buyer is looking for 100 pieces of plastic pen stands and is locally based in Delhi."", ""reasoning"": ""The buyer has a specific quantity (100 pieces) and specific product type (plastic pen stand) and is interested in the seller's manufacturing details."", ""intent_level"": ""High""}, ""call_outcome"": {""category"": ""Follow-up"", ""conclusion_notes"": ""The buyer will share requirements on WhatsApp and the seller will send the catalog (Abhi forward kar deta hoon catalogue).""}, ""call_purpose"": ""requirement"", ""all_languages"": [""Hindi"", ""English""], ""primary_language"": ""Hindi"", ""additional_details"": {""buyer_queries"": [{""query"": ""Do you have pen stands?"", ""category"": ""Availability"", ""sequence"": 1}, {""query"": ""Where is your shop located?"", ""category"": ""Location"", ""sequence"": 3}], ""seller_queries"": [{""query"": ""Which pen stands? Plastic ones with glass?"", ""category"": ""Specifications"", ""sequence"": 2}, {""query"": ""What is the quantity?"", ""category"": ""Quantity"", ""sequence"": 4}, {""query"": ""Where are you calling from?"", ""category"": ""Location"", ""sequence"": 5}]}}, ""products"": [{""in_stock"": ""in stock"", ""product_name"": ""Plastic Pen Stand"", ""specifications"": [{""name"": ""Material"", ""value"": ""Plastic"", ""buyer_requested"": true, ""seller_mentioned"": true}], ""quantity_required"": {""unit"": ""pieces"", ""value"": 100}, ""related_categories"": [{""name"": ""Pen Stand"", ""reason"": ""It is a generic category for the requested product.""}, {""name"": ""Desk Organizer"", ""reason"": ""Pen stands are commonly used as desk organizers in offices.""}], ""is_buyer_interested"": true, ""most_specific_category"": {""name"": ""Plastic Pen Holder"", ""reason"": ""The buyer specifically asked for pen stands made of plastic.""}, ""seller_accepts_quantity"": true}], ""next_steps"": {""buyer_next_steps"": [""To share details and requirement on the provided WhatsApp number""], ""seller_next_steps"": [""To share the product catalog on WhatsApp"", ""To provide manufacturing details of available models""]}, ""buyer_details"": {""buyer_name"": ""0f08f9b1135b56df656dd7d10dd29972466d39deb68627327d4cd776105851b9"", ""buyer_location"": {""buyer_city"": ""New Delhi""}}, ""seller_details"": {""seller_name"": ""3e5027e17719cb6d6811462456d9d8f0e81609d2c9d30f0a0507ff2f3b8c32e3"", ""seller_location"": {""seller_city"": ""New Delhi"", ""seller_locality"": ""Okhla Industrial Area""}}}",2026-07-29 05:02:42.642,148562248452,29/07/26
187830181,BUYER,658430,"{""callback"": ""callback by Tomorrow 10 AM - To discuss final quote"", ""lead_tag"": {""deal_blockers"": [], ""deal_readiness"": ""Hot"", ""deal_readiness_reason"": ""High quantity requirement with immediate follow-up to share product model.""}, ""metadata"": {""call_type"": {""type"": ""B2B"", ""reason"": ""The requirement is for a very high quantity (10,000 pieces), indicating a B2B commercial transaction for resale or industrial use."", ""evidence"": {""order_type"": [""bulk"", ""commercial""], ""quantity_scale"": ""High""}}, ""buyer_intent"": {""narrative"": ""Wants to purchase 10,000 units of tumbler mugs."", ""reasoning"": ""Buyer specifies a large bulk quantity and is ready to share product images immediately on WhatsApp for a quote."", ""intent_level"": ""High""}, ""call_outcome"": {""category"": ""Follow-up"", ""conclusion_notes"": ""Buyer will share the model on WhatsApp for pricing (WhatsApp pe hi share karta hoon model).""}, ""call_purpose"": ""requirement"", ""all_languages"": [""English"", ""Hindi""], ""primary_language"": ""Hindi"", ""additional_details"": {""buyer_queries"": [{""query"": ""What is the price of the tumbler mug?"", ""category"": ""Pricing"", ""sequence"": 1}], ""seller_queries"": [{""query"": ""How much quantity do you need?"", ""category"": ""Quantity"", ""sequence"": 2, ""answer_by_buyer"": ""I need 10,000 pieces.""}, {""query"": ""Can you share the model on WhatsApp?"", ""category"": ""Specifications"", ""sequence"": 3, ""answer_by_buyer"": ""I am sending the model image on WhatsApp now.""}]}}, ""products"": [{""product_name"": ""Tony Tumbler"", ""specifications"": [], ""quantity_required"": {""unit"": ""pieces"", ""value"": 10000}, ""related_categories"": [{""name"": ""Coffee Mugs"", ""reason"": ""Tumblers are often used and categorized similarly to coffee mugs for travel.""}], ""is_buyer_interested"": true, ""most_specific_category"": {""name"": ""Stainless Steel Tumbler"", ""reason"": ""The buyer explicitly mentioned a 'tumbler' as the product of interest.""}, ""seller_accepts_quantity"": true}], ""next_steps"": {""buyer_next_steps"": [""To share product model images on WhatsApp""], ""seller_next_steps"": [""To provide a quotation after receiving the product model""]}, ""buyer_details"": {""buyer_name"": ""c8fa7f0c5cf700a88043b06dc8d9ba31b2d0e156195e3c5faf001e08ab261759""}, ""seller_details"": {}}",2026-07-29 05:02:06.709,148560988934,29/07/26
58987693,BUYER,43203,"{""lead_tag"": {""deal_blockers"": [], ""deal_readiness"": ""Warm"", ""deal_readiness_reason"": ""Buyer owns a shop and has a genuine interest in specific premix flavors, awaiting the brochure to finalize requirements.""}, ""metadata"": {""call_type"": {""type"": ""B2B"", ""reason"": ""The buyer owns a Boba tea shop and is looking for premixes to sell in his shop, indicating a commercial B2B relationship."", ""evidence"": {""keywords"": [""Boba Tea Shop"", ""Commercial use"", ""Pack size"", ""Wholesale supply""], ""order_type"": [""commercial"", ""bulk""], ""repeat_buyer"": true, ""buyer_persona"": {""persona_detail"": ""Boba Tea Shop Owner"", ""persona_category"": ""retailer""}, ""quantity_scale"": ""High""}}, ""buyer_intent"": {""narrative"": ""Buyer runs a Boba tea shop in Navi Mumbai and is looking for coffee and tea premixes like Vietnam coffee, Mocha, and Matcha for his commercial use."", ""reasoning"": ""Buyer provided specific location details for his shop and asked technical questions regarding flavor availability and pack sizes."", ""intent_level"": ""High""}, ""call_outcome"": {""category"": ""Follow-up"", ""conclusion_notes"": ""Seller will share the product brochure on WhatsApp for the buyer to review and share specific requirements (Main aapko hamara brochure bhejta hoon).""}, ""call_purpose"": ""requirement"", ""all_languages"": [""English"", ""Hindi""], ""primary_language"": ""English"", ""additional_details"": {""buyer_queries"": [{""query"": ""Which flavors of coffee premixes do you have available?"", ""category"": ""Specifications"", ""sequence"": 1, ""answer_by_seller"": ""We have Vietnam coffee, Mocha, and Cappuccino. We also have Thai tea and Matcha tea.""}, {""query"": ""Do you have Hazelnut or Vanilla flavors?"", ""category"": ""Specifications"", ""sequence"": 2, ""answer_by_seller"": ""No, we don't have Hazelnut flavor.""}, {""query"": ""How many grams are in one packet?"", ""category"": ""Specifications"", ""sequence"": 4, ""answer_by_seller"": ""The pack size is one kilogram.""}], ""seller_queries"": [{""query"": ""Do you have WhatsApp on the number you called from?"", ""category"": ""Other"", ""sequence"": 3, ""answer_by_buyer"": ""Yes, I have WhatsApp on this number.""}, {""query"": ""Do you have a shop or what is your business?"", ""category"": ""Other"", ""sequence"": 5, ""answer_by_buyer"": ""I have a Boba tea shop in Kharghar, Navi Mumbai, where we also sell cold coffee and coffee frappes.""}]}, ""intended_application"": ""Retail Resale""}, ""products"": [{""in_stock"": ""in stock"", ""product_name"": ""Vietnam Coffee Premix"", ""specifications"": [{""name"": ""Flavor"", ""value"": ""Vietnam Coffee"", ""buyer_requested"": true, ""seller_mentioned"": true}, {""name"": ""Pack Size"", ""unit"": ""kg"", ""value"": ""1"", ""buyer_requested"": true, ""seller_mentioned"": true}], ""related_categories"": [{""name"": ""Flavored Coffee"", ""reason"": ""It is a coffee product with a specific flavor profile.""}], ""is_buyer_interested"": true, ""most_specific_category"": {""name"": ""Coffee Premix"", ""reason"": ""The seller explicitly describes the product as a coffee premix in Vietnam flavor.""}}, {""in_stock"": ""in stock"", ""product_name"": ""Mocha Coffee Premix"", ""specifications"": [{""name"": ""Flavor"", ""value"": ""Mocha"", ""buyer_requested"": true, ""seller_mentioned"": true}, {""name"": ""Pack Size"", ""unit"": ""kg"", ""value"": ""1"", ""buyer_requested"": true, ""seller_mentioned"": true}], ""related_categories"": [{""name"": ""Flavored Coffee"", ""reason"": ""Mocha is a flavor added to coffee premixes.""}], ""is_buyer_interested"": true, ""most_specific_category"": {""name"": ""Coffee Premix"", ""reason"": ""The seller mentions Mocha as one of the available coffee premix variants.""}}, {""in_stock"": ""in stock"", ""product_name"": ""Cappuccino Coffee Premix"", ""specifications"": [{""name"": ""Flavor"", ""value"": ""Cappuccino"", ""buyer_requested"": true, ""seller_mentioned"": true}, {""name"": ""Pack Size"", ""unit"": ""kg"", ""value"": ""1"", ""buyer_requested"": true, ""seller_mentioned"": true}], ""related_categories"": [{""name"": ""Coffee Premix"", ""reason"": ""It is a premix used for making cappuccino coffee.""}], ""is_buyer_interested"": true, ""most_specific_category"": {""name"": ""Cappuccino Coffee Powder"", ""reason"": ""Seller explicitly mentions Cappuccino as a coffee variant available in powder/premix form.""}}, {""in_stock"": ""in stock"", ""product_name"": ""Thai Tea Premix"", ""specifications"": [{""name"": ""Flavor"", ""value"": ""Thai Tea"", ""buyer_requested"": false, ""seller_mentioned"": true}, {""name"": ""Pack Size"", ""unit"": ""kg"", ""value"": ""1"", ""buyer_requested"": true, ""seller_mentioned"": true}], ""is_buyer_interested"": true, ""most_specific_category"": {""name"": ""Tea Premix"", ""reason"": ""Seller mentions Thai Tea as part of their Boba tea related premix range.""}}, {""in_stock"": ""in stock"", ""product_name"": ""Matcha Tea Premix"", ""specifications"": [{""name"": ""Flavor"", ""value"": ""Matcha Tea"", ""buyer_requested"": false, ""seller_mentioned"": true}, {""name"": ""Pack Size"", ""unit"": ""kg"", ""value"": ""1"", ""buyer_requested"": true, ""seller_mentioned"": true}], ""is_buyer_interested"": true, ""most_specific_category"": {""name"": ""Tea Premix"", ""reason"": ""Matcha tea is a specialized tea product mentioned as a premix by the seller.""}}], ""next_steps"": {""buyer_next_steps"": [""To check the brochure on WhatsApp"", ""To share specific requirements after reviewing the catalog""], ""seller_next_steps"": [""To share the product brochure on WhatsApp""]}, ""buyer_details"": {""buyer_location"": {""buyer_city"": ""Navi Mumbai"", ""buyer_locality"": ""Kharghar""}}, ""seller_details"": {""seller_location"": {""seller_city"": ""Pune""}}}",2026-07-29 04:55:14.364,148560226446,29/07/26
145185033,BUYER,184320,"{""payment"": {}, ""callback"": """", ""lead_tag"": {""deal_blockers"": [], ""deal_readiness"": ""Warm"", ""deal_readiness_reason"": ""The buyer has expressed interest in specific sizes and is awaiting price and availability confirmation through WhatsApp.""}, ""metadata"": {""call_type"": {""type"": ""B2C"", ""reason"": ""The buyer is looking for common household or construction-use sieves for sand, which suggests a small-scale or individual requirement."", ""evidence"": {""keywords"": [""Sand filtration""], ""order_type"": [""other""], ""repeat_buyer"": false, ""quantity_scale"": ""Low""}}, ""buyer_intent"": {""narrative"": ""The buyer is looking for 12 and 14-inch sieves for sand filtration and is inquiring about prices."", ""reasoning"": ""The buyer has specific size requirements and a clear application but is currently in the price-checking phase."", ""intent_level"": ""Medium""}, ""call_outcome"": {""category"": ""Follow-up"", ""conclusion_notes"": ""The seller asked the buyer to share images of the requested sieves on WhatsApp to confirm availability and price. (Sieve ke sizes aur photo WhatsApp par bhej do, fir main rate bata sakta hoon)""}, ""call_purpose"": ""requirement"", ""all_languages"": [""Hindi""], ""primary_language"": ""Hindi"", ""additional_details"": {""buyer_queries"": [{""query"": ""Do you have 12 and 14-inch sieves?"", ""category"": ""Specifications"", ""sequence"": 1}, {""query"": ""What is the price for the 12 and 14-inch sieves?"", ""category"": ""Pricing"", ""sequence"": 2}], ""seller_queries"": [{""query"": ""Where are you calling from?"", ""category"": ""Location"", ""sequence"": 3}, {""query"": ""What will you use these sieves for?"", ""category"": ""Specifications"", ""sequence"": 4}]}, ""intended_application"": ""Sand filtration""}, ""products"": [{""in_stock"": ""in stock"", ""product_name"": ""Sieve (Jali)"", ""specifications"": [{""name"": ""Size"", ""unit"": ""inch"", ""value"": ""12"", ""buyer_requested"": true, ""seller_mentioned"": false}, {""name"": ""Size"", ""unit"": ""inch"", ""value"": ""14"", ""buyer_requested"": true, ""seller_mentioned"": false}, {""name"": ""Application"", ""value"": ""Sand filtration"", ""buyer_requested"": false, ""seller_mentioned"": false}], ""related_categories"": [{""name"": ""Hand Sieve"", ""reason"": ""These sieves are typically used manually for tasks like sand filtration.""}, {""name"": ""Perforated Sieves"", ""reason"": ""Many sand-sieving meshes use a perforated or wire-mesh design.""}], ""is_buyer_interested"": true, ""most_specific_category"": {""name"": ""GI Sieve"", ""reason"": ""The buyer specified the use of these sieves for sand filtration, which is a common application for GI sieves.""}}, {""in_stock"": ""in stock"", ""product_name"": ""Sieve (Jali)"", ""specifications"": [{""name"": ""Size"", ""unit"": ""inch"", ""value"": ""14"", ""buyer_requested"": true, ""seller_mentioned"": false}], ""related_categories"": [{""name"": ""Hand Sieve"", ""reason"": ""Commonly used in hand-held form for sand filtering.""}], ""is_buyer_interested"": true, ""most_specific_category"": {""name"": ""GI Sieve"", ""reason"": ""Commonly used for outdoor tasks like sand filtering.""}}], ""next_steps"": {""buyer_next_steps"": [""To share images and sizes of the required sieves on WhatsApp""], ""seller_next_steps"": [""To check availability and provide prices for the 12 and 14-inch sieves once details are received""]}, ""buyer_details"": {""buyer_location"": {""buyer_city"": ""Araria"", ""buyer_state"": ""Bihar""}}, ""seller_details"": {""seller_location"": {""seller_city"": ""Mumbai""}}}",2026-07-29 04:53:22.334,148562770385,29/07/26
58987693,BUYER,43203,"{""lead_tag"": {""deal_blockers"": [], ""deal_readiness"": ""Cold"", ""deal_readiness_reason"": ""No conversation was recorded in the provided transcript, indicating no intent or timeline.""}, ""metadata"": {""call_type"": {""type"": ""B2C"", ""reason"": ""Lack of conversation prevents classification of the business nature or persona.""}, ""buyer_intent"": {""narrative"": ""No requirement was discussed during the call."", ""reasoning"": ""The transcript provided contains only timestamps without any spoken dialogue between the parties."", ""intent_level"": ""Low""}, ""call_outcome"": {""category"": ""Lost"", ""conclusion_notes"": ""The call appears to have been silent or disconnected immediately as no spoken words were captured.""}, ""call_purpose"": ""irrelevant"", ""all_languages"": [], ""primary_language"": ""English"", ""additional_details"": {""buyer_queries"": [], ""seller_queries"": []}}, ""products"": [], ""next_steps"": {""buyer_next_steps"": [], ""seller_next_steps"": []}, ""buyer_details"": {}, ""seller_details"": {}}",2026-07-29 04:52:05.268,148560226446,29/07/26
35622833,BUYER,3910,"{""lead_tag"": {""deal_blockers"": [{""detail"": ""Large price gap between seller's 190 INR and buyer's 76 INR reference."", ""category"": ""Price""}], ""deal_readiness"": ""Warm"", ""deal_readiness_reason"": ""Buyer is actively comparing prices and sharing reference photos to negotiate.""}, ""metadata"": {""call_type"": {""type"": ""B2B"", ""reason"": ""The buyer is inquiring about MOQ (10 pieces) and comparing business-to-business rates, suggesting a resale or commercial intent."", ""evidence"": {""keywords"": [""MOQ"", ""Price Comparison"", ""Smart Mug""], ""order_type"": [""bulk"", ""commercial""], ""repeat_buyer"": false, ""buyer_persona"": {""persona_category"": ""wholesaler""}, ""quantity_scale"": ""Low""}}, ""buyer_intent"": {""narrative"": ""Wants to purchase Smart Temperature Display Coffee Mugs and is comparing prices for bulk purchase."", ""reasoning"": ""Buyer has clear knowledge of market rates (mentions 76 INR + GST) and is inquiring about MOQ."", ""intent_level"": ""High""}, ""call_outcome"": {""category"": ""Follow-up"", ""conclusion_notes"": ""The buyer will send reference photos and price details on WhatsApp (Photo bhejiye, main WhatsApp pe hi kar deti hoon).""}, ""call_purpose"": ""requirement"", ""all_languages"": [""Hindi""], ""primary_language"": ""Hindi"", ""additional_details"": {""buyer_queries"": [{""query"": ""What is the minimum number of pieces you supply?"", ""category"": ""Quantity"", ""sequence"": 1, ""answer_by_seller"": ""Minimum order is 10 pieces.""}, {""query"": ""Where are you speaking from?"", ""category"": ""Location"", ""sequence"": 2}, {""query"": ""What will be the final price?"", ""category"": ""Pricing"", ""sequence"": 3, ""answer_by_seller"": ""The final price is 190.""}], ""seller_queries"": [{""query"": ""Where are you from?"", ""category"": ""Location"", ""sequence"": 4, ""answer_by_buyer"": ""I am speaking from Surat.""}]}}, ""products"": [{""price"": {""value"": 190, ""currency"": ""INR"", ""price_unit"": ""piece"", ""negotiation_notes"": ""Buyer mentions having a source at 76 INR + GST."", ""buyer_price_reaction"": {""quote"": ""Madam bahut costly actually pad raha hai"", ""category"": ""Rejected""}}, ""in_stock"": ""in stock"", ""product_name"": ""Smart Temperature Display Coffee Mug"", ""specifications"": [{""name"": ""Feature"", ""value"": ""Smart Temperature Display"", ""buyer_requested"": false, ""seller_mentioned"": true}], ""related_categories"": [{""name"": ""Coffee Mugs"", ""reason"": ""It is a specialized type of coffee mug.""}, {""name"": ""Insulated Mug"", ""reason"": ""Smart temperature mugs are usually vacuum insulated.""}], ""is_buyer_interested"": true, ""minimum_order_quantity"": {""unit"": ""pieces"", ""value"": 10}, ""most_specific_category"": {""name"": ""Stainless Steel Coffee Mug"", ""reason"": ""The product is a coffee mug with a smart temperature display, which typically features a stainless steel body.""}}], ""next_steps"": {""buyer_next_steps"": [""To share photos and price reference on WhatsApp""], ""seller_next_steps"": [""To send a 'Hi' message on WhatsApp to the buyer""]}, ""buyer_details"": {""buyer_location"": {""buyer_city"": ""Surat""}}, ""seller_details"": {""seller_location"": {""seller_city"": ""Surat""}}}",2026-07-29 04:51:47.210,148562655475,29/07/26
220713925,BUYER,184232,"{""callback"": ""callback by Vikram - To discuss requirement later (Main aapko callback karta hoon)"", ""lead_tag"": {""deal_blockers"": [], ""deal_readiness"": ""Warm"", ""deal_readiness_reason"": ""Interested in L3 Max combo and clarified specs, promised to call back later.""}, ""metadata"": {""call_type"": {""type"": ""B2C"", ""reason"": ""Retail inquiry for a single unit for personal use."", ""evidence"": {""order_type"": [""one-time""], ""repeat_buyer"": false, ""buyer_persona"": {""persona_category"": ""end_consumer""}, ""quantity_scale"": ""Low""}}, ""buyer_intent"": {""narrative"": ""Inquiring about L3 Max drone price and features."", ""reasoning"": ""Buyer had specific price references and asked detailed spec questions about batteries and sensors."", ""intent_level"": ""Medium""}, ""call_outcome"": {""category"": ""Follow-up"", ""conclusion_notes"": ""Promised to call back (Main aapko callback karta hoon)""}, ""call_purpose"": ""requirement"", ""all_languages"": [""Hindi"", ""English""], ""primary_language"": ""Hindi"", ""additional_details"": {""buyer_queries"": [{""query"": ""Is L3 Max available for 14500 as listed on IndiaMART?"", ""category"": ""Pricing"", ""sequence"": 1, ""answer_by_seller"": ""The drone alone is 14500, but it does not include remote/entry. Full combo is 17500.""}, {""query"": ""Does it come with a dual battery?"", ""category"": ""Specifications"", ""sequence"": 2, ""answer_by_seller"": ""Yes, it comes with a dual battery.""}, {""query"": ""Does it have sensors?"", ""category"": ""Specifications"", ""sequence"": 3, ""answer_by_seller"": ""It doesn't have sensors, instead it has laser sensors on top and sides.""}, {""query"": ""Where is your shop located?"", ""category"": ""Location"", ""sequence"": 4, ""answer_by_seller"": ""The shop is located in Jaipur.""}], ""seller_queries"": []}, ""intended_application"": ""Drone Photography""}, ""products"": [{""price"": {""value"": 17500, ""currency"": ""INR"", ""price_unit"": ""piece"", ""buyer_price_reaction"": {""quote"": ""Theek hai"", ""category"": ""Accepted""}}, ""in_stock"": ""in stock"", ""product_name"": ""L3 Max Drone Combo"", ""specifications"": [{""name"": ""Battery"", ""value"": ""Dual Battery"", ""buyer_requested"": true, ""seller_mentioned"": true}, {""name"": ""Sensor"", ""value"": ""Laser Sensor"", ""buyer_requested"": true, ""seller_mentioned"": true}], ""quantity_required"": {""unit"": ""piece"", ""value"": 1}, ""related_categories"": [{""name"": ""Quadcopter"", ""reason"": ""Drone models like L3 Max are typically quadcopters.""}], ""is_buyer_interested"": true, ""most_specific_category"": {""name"": ""Drones"", ""reason"": ""General drone category for L3 Max model discussed.""}, ""seller_accepts_quantity"": true}], ""next_steps"": {""buyer_next_steps"": [""To call back the seller""], ""seller_next_steps"": []}, ""buyer_details"": {""buyer_name"": ""4b7bb8c301065be38ebed64ed1e85e4ef6f6a06210b6c29abc5919619819b7c0""}, ""seller_details"": {""seller_location"": {""seller_city"": ""Jaipur""}}}",2026-07-29 04:33:54.374,148560531663,29/07/26
129489001,BUYER,111935,"{""payment"": {}, ""callback"": ""callback by Today 10:30 AM - To speak with Mr. (Das baje pucho tab tak aa jayenge)"", ""lead_tag"": {""deal_blockers"": [], ""deal_readiness"": ""Warm"", ""deal_readiness_reason"": ""The person who could fulfill the query was expected at 10:30 AM, following which details would be provided.""}, ""metadata"": {""call_type"": {""type"": ""B2B"", ""reason"": ""The call was a follow-up inquiry regarding the availability of a person to discuss a requirement. No specific product or quantity was mentioned to classify it as B2B or B2C."", ""evidence"": {""order_type"": [""other""]}}, ""buyer_intent"": {""narrative"": ""The buyer was checking on the availability of a person to discuss a requirement."", ""reasoning"": ""The call was very brief and only focused on whether the concerned person was available to talk about the inquiry."", ""intent_level"": ""Low""}, ""call_outcome"": {""category"": ""Follow-up"", ""conclusion_notes"": ""The seller asked the buyer to call back around 10:30 AM when the concerned person arrives. (Das baje pucho tab tak aa jayenge)""}, ""call_purpose"": ""followup"", ""all_languages"": [""Marathi"", ""Hindi""], ""primary_language"": ""Marathi"", ""additional_details"": {""buyer_queries"": [], ""seller_queries"": [{""query"": ""Has sir arrived? (Sir aaye kya?)"", ""category"": ""Availability"", ""sequence"": 1}]}}, ""products"": [], ""next_steps"": {""buyer_next_steps"": [""To call back at 10:30 AM to speak with the concerned person""], ""seller_next_steps"": []}, ""buyer_details"": {""buyer_name"": ""9ea0784153d27e6a21eaf87207a82cd4ee42a14c23acb5ac8328b49f2556a2ba""}, ""seller_details"": {""seller_location"": {""seller_city"": ""Pune""}}}",2026-07-29 04:27:49.619,148562827075,29/07/26
103955789,BUYER,187739,"{""callback"": ""callback by Tomorrow - To discuss WhatsApp quote (Kal call karta hoon)"", ""lead_tag"": {""deal_blockers"": [], ""deal_readiness"": ""Warm"", ""deal_readiness_reason"": ""Specific wood and size confirmed, waiting for price quote on WhatsApp.""}, ""metadata"": {""call_type"": {""type"": ""B2C"", ""reason"": ""The buyer is inquiring about a single bed for personal use in specific dimensions and material."", ""evidence"": {""order_type"": [""one-time""], ""quantity_scale"": ""Low""}}, ""buyer_intent"": {""narrative"": ""Wants a Sheesham wood bed in 6 x 6.5 ft size."", ""reasoning"": ""Buyer has already shared photos on WhatsApp and confirmed specific material (Sheesham) and dimensions."", ""intent_level"": ""High""}, ""call_outcome"": {""category"": ""Follow-up"", ""conclusion_notes"": ""Seller will check WhatsApp and provide quote (WhatsApp check kariye main rate batati hoon).""}, ""call_purpose"": ""requirement"", ""all_languages"": [""Hindi"", ""English""], ""primary_language"": ""Hindi"", ""additional_details"": {""buyer_queries"": [{""query"": ""What is the price of the bed for which I sent the photo on WhatsApp?"", ""category"": ""Pricing"", ""sequence"": 1, ""answer_by_seller"": ""I will check the photo and provide the price on WhatsApp.""}], ""seller_queries"": [{""query"": ""Do you want it in Teak wood or Sheesham wood?"", ""category"": ""Specifications"", ""sequence"": 2, ""answer_by_buyer"": ""I want it in Sheesham wood.""}, {""query"": ""What size do you need, 6 by 6.5?"", ""category"": ""Specifications"", ""sequence"": 3, ""answer_by_buyer"": ""Yes, 6 by 6.5 size.""}]}, ""intended_application"": ""Home Use""}, ""products"": [{""in_stock"": ""in stock"", ""product_name"": ""Sheesham Wood Bed"", ""specifications"": [{""name"": ""Material"", ""value"": ""Sheesham Wood"", ""buyer_requested"": true, ""seller_mentioned"": false}, {""name"": ""Size"", ""unit"": ""ft"", ""value"": ""6 x 6.5"", ""buyer_requested"": false, ""seller_mentioned"": true}], ""related_categories"": [{""name"": ""Double Bed"", ""reason"": ""The dimensions 6 x 6.5 ft correspond to a double bed size.""}, {""name"": ""King Size Bed"", ""reason"": ""The 6 x 6.5 ft size is standard for King size beds in India.""}], ""is_buyer_interested"": true, ""most_specific_category"": {""name"": ""Sheesham Wood Bed"", ""reason"": ""Buyer specifically requested a bed made of Sheesham Wood.""}}], ""next_steps"": {""buyer_next_steps"": [""To check price quote on WhatsApp""], ""seller_next_steps"": [""To check buyer's photo on WhatsApp"", ""To share price for Sheesham wood bed""]}, ""buyer_details"": {""buyer_name"": ""797be128c5f0ffc733dc4a6a2ad77b9ecbcc70a099dc40214e0617726fe6c5c2""}, ""seller_details"": {""seller_name"": ""cad2b6eb5b2f2deaf6172b4cf14afa67fb891e570f0ed001fd6760a0b470d3ab""}}",2026-07-29 04:22:46.789,148562780652,29/07/26
253372269,BUYER,108879,"{""payment"": {}, ""callback"": """", ""lead_tag"": {""deal_blockers"": [], ""deal_readiness"": ""Warm"", ""deal_readiness_reason"": ""Wants to see the catalog on WhatsApp first to finalize the designs for his silver jewelry business.""}, ""metadata"": {""call_type"": {""type"": ""B2B"", ""reason"": ""The buyer owns a jewelry business and is looking for packaging boxes for his products, indicating a B2B relationship for commercial use."", ""evidence"": {""keywords"": [""Silver Jewelry"", ""Rigid Box"", ""Cardboard Box""], ""order_type"": [""commercial"", ""bulk""], ""repeat_buyer"": true, ""buyer_persona"": {""persona_detail"": ""Silver Jewelry Business Owner"", ""persona_category"": ""manufacturer""}, ""quantity_scale"": ""High""}}, ""buyer_intent"": {""narrative"": ""Owner of a silver jewelry business looking for rigid boxes for various jewelry items like rings, earrings, bracelets, and necklaces."", ""reasoning"": ""The buyer specifically mentioned his business and the exact range of products he needs packaging for, showing professional intent."", ""intent_level"": ""High""}, ""call_outcome"": {""category"": ""Follow-up"", ""conclusion_notes"": ""Will share catalog on WhatsApp for further discussion (WhatsApp me bhejo, fir batata hoon).""}, ""call_purpose"": ""requirement"", ""all_languages"": [""Hindi"", ""Gujarati"", ""English""], ""primary_language"": ""Hindi"", ""additional_details"": {""buyer_queries"": [{""query"": ""Can you send me 2-3 images of the boxes on WhatsApp?"", ""category"": ""Specifications"", ""sequence"": 1}], ""seller_queries"": [{""query"": ""What kind of boxes do you need?"", ""category"": ""Specifications"", ""sequence"": 2}, {""query"": ""Where are you located?"", ""category"": ""Location"", ""sequence"": 3, ""answer_by_buyer"": ""Navi Mumbai.""}]}, ""intended_application"": ""Jewelry Packaging""}, ""products"": [{""in_stock"": ""in stock"", ""product_name"": ""Rigid Box (Hard Box)"", ""specifications"": [{""name"": ""Material"", ""value"": ""Cardboard"", ""buyer_requested"": false, ""seller_mentioned"": true}, {""name"": ""Suitability"", ""value"": ""Ring, Earring, Bracelet, Necklace"", ""buyer_requested"": false, ""seller_mentioned"": true}], ""related_categories"": [{""name"": ""Jewelry Packaging Box"", ""reason"": ""The buyer explicitly stated these boxes are for his silver jewelry business for rings, earrings, etc.""}], ""is_buyer_interested"": true, ""most_specific_category"": {""name"": ""Rigid Boxes"", ""reason"": ""The seller specifically mentioned 'Hard Box' or 'Rigid Box' and the buyer agreed, which is typically used for premium jewelry packaging.""}}, {""in_stock"": ""in stock"", ""product_name"": ""Ring Box"", ""specifications"": [], ""related_categories"": [{""name"": ""Jewelry Box"", ""reason"": ""Used for individual jewelry pieces.""}], ""is_buyer_interested"": true, ""most_specific_category"": {""name"": ""Ring Box"", ""reason"": ""The buyer specifically mentioned needing boxes for rings as part of his jewelry packaging requirement.""}}, {""in_stock"": ""in stock"", ""product_name"": ""Earring Box"", ""specifications"": [], ""related_categories"": [{""name"": ""Jewelry Gift Box"", ""reason"": ""Premium packaging for earrings.""}], ""is_buyer_interested"": true, ""most_specific_category"": {""name"": ""Earring Jewelry Box"", ""reason"": ""Specifically requested by the buyer for earrings.""}}, {""in_stock"": ""in stock"", ""product_name"": ""Bracelet Box"", ""specifications"": [], ""related_categories"": [{""name"": ""Jewelry Packaging Case"", ""reason"": ""Standard B2B term for bracelet storage.""}], ""is_buyer_interested"": true, ""most_specific_category"": {""name"": ""Bracelet Jewelry Box"", ""reason"": ""Specifically requested by the buyer for bracelets.""}}, {""in_stock"": ""in stock"", ""product_name"": ""Necklace Box"", ""specifications"": [], ""related_categories"": [{""name"": ""Jewelry Box"", ""reason"": ""Boxes designed for necklace sets.""}], ""is_buyer_interested"": true, ""most_specific_category"": {""name"": ""Necklace Jewelry Boxes"", ""reason"": ""Specifically requested by the buyer for necklaces.""}}], ""next_steps"": {""buyer_next_steps"": [""To review the images/catalog sent on WhatsApp""], ""seller_next_steps"": [""To share product images and catalog on the buyer's WhatsApp number""]}, ""buyer_details"": {""buyer_mobile_number"": ""8807a84936ff61e0c74891663e3c26a32142f80e39351e03142a4d6b744d106f""}, ""seller_details"": {""seller_location"": {""seller_city"": ""Navi Mumbai""}}}",2026-07-29 04:07:55.267,148560995413,29/07/26
73829026,BUYER,68976,"{""callback"": ""callback by Tomorrow - To discuss the list of surgical items"", ""lead_tag"": {""deal_blockers"": [], ""deal_readiness"": ""Warm"", ""deal_readiness_reason"": ""Buyer has a generalized interest in nursing items and has agreed to provide a list of requirements.""}, ""metadata"": {""call_type"": {""type"": ""B2B"", ""reason"": ""Buyer is inquiring about a range of nursing and surgical supplies, suggesting a professional or commercial application rather than personal use."", ""evidence"": {""keywords"": [""Surgical Items"", ""Nursing Items""], ""order_type"": [""commercial""]}}, ""buyer_intent"": {""narrative"": ""Wants to buy surgical items for nursing."", ""reasoning"": ""Buyer is inquiring about multiple nursing products but has not yet shared a specific list or quantities."", ""intent_level"": ""Medium""}, ""call_outcome"": {""category"": ""Follow-up"", ""conclusion_notes"": ""Will share list of surgical items tomorrow (Kal list bhejunga).""}, ""call_purpose"": ""requirement"", ""all_languages"": [""Hindi"", ""English""], ""primary_language"": ""Hindi"", ""additional_details"": {""buyer_queries"": [], ""seller_queries"": [{""query"": ""What items are needed?"", ""category"": ""Specifications"", ""sequence"": 1}]}, ""intended_application"": ""Nursing Care""}, ""products"": [{""in_stock"": ""in stock"", ""product_name"": ""Nursing Items (Surgical Items)"", ""related_categories"": [{""name"": ""Medical Instruments"", ""reason"": ""Nursing items often include basic medical tools and instruments.""}, {""name"": ""Surgical Tools"", ""reason"": ""General surgical items fall under the broad category of surgical tools.""}], ""is_buyer_interested"": true, ""most_specific_category"": {""name"": ""Surgical Instruments"", ""reason"": ""The buyer generalises the requirement as 'Nursing items' which falls under surgical instruments.""}}], ""next_steps"": {""buyer_next_steps"": [""To provide a list of required surgical items""], ""seller_next_steps"": [""To share product list or catalog if available""]}, ""buyer_details"": {""buyer_name"": ""fc902c216945282ab5949a0fd6ee5be177f5085d46651fb46647bac375069214"", ""buyer_location"": {""buyer_city"": ""Ambala""}}, ""seller_details"": {""seller_name"": ""6e2403383a151b190c7b71cea3b60f7012a246a63a31cbf8607bc084b721eca2"", ""seller_location"": {""seller_city"": ""Jalandhar""}}}",2026-07-29 04:06:20.045,148533589463,29/07/26
50776967,BUYER,160822,"{""payment"": {}, ""callback"": ""callback by Tomorrow 10 AM - To discuss next steps (Kal subah 10 baje call karta hoon)"", ""lead_tag"": {""deal_blockers"": [{""detail"": ""Buyer mentioned seeing lower prices online."", ""category"": ""Price""}], ""deal_readiness"": ""Warm"", ""deal_readiness_reason"": ""Buyer is evaluating catalogs and pricing before finalizing bulk order for his farm.""}, ""metadata"": {""call_type"": {""type"": ""B2C"", ""reason"": ""The buyer is a farmer purchasing for his own one-acre field (end-use), though for commercial agricultural production."", ""evidence"": {""keywords"": [""One Acre"", ""Brinjal Crop"", ""Solar Trap"", ""Manufacturer"", ""Hyderabad""], ""order_type"": [""commercial""], ""repeat_buyer"": false, ""buyer_persona"": {""persona_detail"": ""Farmer"", ""persona_category"": ""end_consumer""}, ""quantity_scale"": ""Low""}}, ""buyer_intent"": {""narrative"": ""Wants to purchase solar insect traps for a one-acre brinjal farm in Andhra Pradesh."", ""reasoning"": ""Buyer provided specific crop details and location, and actively compared prices while seeking technical details."", ""intent_level"": ""High""}, ""call_outcome"": {""category"": ""Follow-up"", ""conclusion_notes"": ""Seller will share catalog and details, buyer will review and call back (Details bhejo dekh kar call karta hoon).""}, ""call_purpose"": ""requirement"", ""all_languages"": [""Telugu"", ""English""], ""primary_language"": ""Telugu"", ""additional_details"": {""buyer_queries"": [{""query"": ""How does the solar insect trap work?"", ""category"": ""Specifications"", ""sequence"": 1, ""answer_by_seller"": ""This is a solar light trap that automatically turns on after dark for three and a half hours then turns off. It includes a water tray.""}, {""query"": ""What is the price of the solar trap?"", ""category"": ""Pricing"", ""sequence"": 2, ""answer_by_seller"": ""The price is 1200 per piece with a six-month warranty.""}, {""query"": ""Why is it listed for 600 elsewhere?"", ""category"": ""Pricing"", ""sequence"": 3, ""answer_by_seller"": ""We are manufacturers from Hyderabad and our product quality and warranty differ from other online listings.""}], ""seller_queries"": [{""query"": ""Where are you calling from?"", ""category"": ""Location"", ""sequence"": 4, ""answer_by_buyer"": ""I am calling from Satya Sai district, Andhra Pradesh.""}, {""query"": ""What is your crop and area?"", ""category"": ""Quantity"", ""sequence"": 5, ""answer_by_buyer"": ""I have one acre of brinjal crop.""}]}, ""intended_application"": ""Agricultural Pest Control""}, ""products"": [{""price"": {""value"": 1200, ""currency"": ""INR"", ""price_unit"": ""piece"", ""buyer_price_reaction"": {""quote"": ""600 mein IndiaMART pe dikhaya hai"", ""category"": ""Negotiating""}}, ""in_stock"": ""in stock"", ""product_name"": ""Mini Solar Trap"", ""specifications"": [{""name"": ""Type"", ""value"": ""Solar Light Trap"", ""buyer_requested"": false, ""seller_mentioned"": true}, {""name"": ""Functionality"", ""value"": ""Automatic On/Off"", ""buyer_requested"": false, ""seller_mentioned"": true}, {""name"": ""Warranty"", ""unit"": ""Months"", ""value"": ""6"", ""buyer_requested"": false, ""seller_mentioned"": true}, {""name"": ""Components"", ""value"": ""Water tray included"", ""buyer_requested"": false, ""seller_mentioned"": true}], ""related_categories"": [{""name"": ""Insect Trap"", ""reason"": ""It is a device used to catch and kill insects.""}], ""is_buyer_interested"": true, ""most_specific_category"": {""name"": ""Solar Insect Trap"", ""reason"": ""The product is explicitly described as a solar-powered insect trap with automatic lighting.""}}, {""product_name"": ""Water Trap"", ""is_buyer_interested"": true, ""most_specific_category"": {""name"": ""Insect Trap"", ""reason"": ""Mentioned as an alternative water-based trap.""}}, {""product_name"": ""Sticky Pads"", ""is_buyer_interested"": true, ""most_specific_category"": {""name"": ""Yellow Sticky Trap"", ""reason"": ""Explicitly mentioned as sticky pads for pest control.""}}], ""next_steps"": {""buyer_next_steps"": [""To check the catalog shared by the seller"", ""To confirm final quantity and place order""], ""seller_next_steps"": [""To share product catalog and technical details on WhatsApp""]}, ""buyer_details"": {""buyer_name"": ""9e681630f917327445198eac1ea4a14c57a2092839c7b54c08a8d599c0c52c89""}, ""seller_details"": {""seller_location"": {""seller_city"": ""Hyderabad"", ""seller_locality"": ""Chellapalli""}}}",2026-07-29 04:03:07.848,148561338413,29/07/26
270901296,BUYER,43795,"{""callback"": ""callback by Tomorrow 10 AM - To visit the showroom (Kal 10 baje showroom par aunga)"", ""lead_tag"": {""deal_blockers"": [], ""deal_readiness"": ""Hot"", ""deal_readiness_reason"": ""Expressing interest to visit the showroom tomorrow at 10 AM. ""}, ""metadata"": {""call_type"": {""type"": ""B2B"", ""reason"": ""Discussed high-value glass railing and a visit to the showroom. "", ""evidence"": {""order_type"": [""commercial""], ""repeat_buyer"": false}}, ""buyer_intent"": {""narrative"": ""Wants to visit and check out glass railings."", ""reasoning"": ""Expressing interest and fixing a time to visit the showroom."", ""intent_level"": ""High""}, ""call_outcome"": {""category"": ""Follow-up"", ""conclusion_notes"": ""Confirmed showroom visit tomorrow at 10 AM (Theek hai kal 10 baje milte hain showroom par).""}, ""call_purpose"": ""requirement"", ""all_languages"": [""Hindi"", ""English""], ""primary_language"": ""Hindi"", ""additional_details"": {""buyer_queries"": [{""query"": ""Do you have steel railing or glass railing?"", ""category"": ""Availability"", ""sequence"": 1}], ""seller_queries"": [{""query"": ""What do you need specifically?"", ""category"": ""Availability"", ""sequence"": 2}]}, ""intended_application"": ""Commercial Installation""}, ""products"": [{""in_stock"": ""in stock"", ""product_name"": ""Glass Railing"", ""specifications"": [{""name"": ""Material"", ""value"": ""Glass"", ""buyer_requested"": true, ""seller_mentioned"": true}], ""related_categories"": [{""name"": ""Stainless Steel Railing Accessories"", ""reason"": ""Commonly used with glass railings.""}, {""name"": ""SS Railing Ball"", ""reason"": ""A common accessory for railing systems.""}], ""is_buyer_interested"": true, ""most_specific_category"": {""name"": ""Glass Railing"", ""reason"": ""Specifically asked about glass railings and mentioned checking them out in the showroom.""}}, {""in_stock"": ""in stock"", ""product_name"": ""Steel Railing"", ""specifications"": [{""name"": ""Material"", ""value"": ""Steel"", ""buyer_requested"": true, ""seller_mentioned"": true}], ""related_categories"": [{""name"": ""Stainless Steel Railings"", ""reason"": ""A common type of steel railing.""}], ""is_buyer_interested"": false, ""most_specific_category"": {""name"": ""Steel Railings"", ""reason"": ""The buyer asked if the seller deals in steel railings.""}}], ""next_steps"": {""buyer_next_steps"": [""To visit the showroom tomorrow at 10 AM""], ""seller_next_steps"": [""To share showroom location on WhatsApp""]}, ""buyer_details"": {""buyer_name"": ""7c1ac5b2113c242a83fa8cef1ca03b9f6c8073f4b910f6dfe31d802da6338ec3""}, ""seller_details"": {""seller_name"": ""ce8ff7dc1b2bcfabc6ee57b6eaa12ecefb1be783b8b8b8304992aa32eac8d784""}}",2026-07-29 03:48:02.498,148548012546,29/07/26
209568314,BUYER,142745,"{""payment"": {}, ""callback"": ""callback by Monday 1 PM - To confirm stock"", ""lead_tag"": {""deal_blockers"": [], ""deal_readiness"": ""Warm"", ""deal_readiness_reason"": ""The buyer has general interest in 0.5HP and 1HP motors and has been provided with pricing for various variations.""}, ""metadata"": {""call_type"": {""type"": ""B2B"", ""reason"": ""The buyer is looking for a chicken plucking machine for his business, as the quantity of chickens discussed and the specifications of the machine suggests that he is a retailer."", ""evidence"": {""keywords"": [""Chicken machines"", ""Half HP motor"", ""One HP motor""], ""order_type"": [""commercial""], ""repeat_buyer"": false, ""buyer_persona"": {""persona_category"": ""retailer""}, ""quantity_scale"": ""Low""}}, ""buyer_intent"": {""narrative"": ""The buyer is looking for a chicken plucking machine for about 3 chickens with a specific motor capacity."", ""reasoning"": ""The buyer has clear requirements for the machines and has asked for the price and the specifications of the machine."", ""intent_level"": ""Medium""}, ""call_outcome"": {""category"": ""Follow-up"", ""conclusion_notes"": ""The buyer is interested and will follow up after checking the details provided. (Chustanu)""}, ""call_purpose"": ""requirement"", ""all_languages"": [""Telugu"", ""English""], ""primary_language"": ""Telugu"", ""additional_details"": {""buyer_queries"": [{""query"": ""Do you have chicken machines?"", ""category"": ""Other"", ""sequence"": 1, ""answer_by_seller"": ""I'll give you a number, please note it down.""}, {""query"": ""How many chickens does it take?"", ""category"": ""Pricing"", ""sequence"": 4, ""answer_by_seller"": ""For 3 chickens, with a lower motor it's 19,500 INR and with a top motor it's 23,500 INR.""}, {""query"": ""The price is shown as 15,000 INR on the internet?"", ""category"": ""Pricing"", ""sequence"": 10, ""answer_by_seller"": ""The 15,000 INR price is fake promotion. My firm is search-able on Google with many reviews and we've sold hundreds of machines in Khammam.""}], ""seller_queries"": [{""query"": ""Which city are you from?"", ""category"": ""Location"", ""sequence"": 2, ""answer_by_buyer"": ""Khammam.""}, {""query"": ""How many machines do you need?"", ""category"": ""Quantity"", ""sequence"": 3}, {""query"": ""How many chickens will you process on Sundays?"", ""category"": ""Specifications"", ""sequence"": 5, ""answer_by_buyer"": ""3 chickens.""}, {""query"": ""Can you note down this number?"", ""category"": ""Other"", ""sequence"": 8, ""answer_by_buyer"": ""8125632153.""}]}, ""intended_application"": ""Retail Resale""}, ""products"": [{""price"": {""value"": 19500, ""currency"": ""INR"", ""buyer_price_reaction"": {""quote"": ""The price is shown as 15,000 on the internet"", ""category"": ""Negotiating""}}, ""in_stock"": ""in stock"", ""product_name"": ""Chicken Feather Plucker (0.5 HP Motor)"", ""specifications"": [{""name"": ""Motor Capacity"", ""unit"": ""HP"", ""value"": ""0.5"", ""buyer_requested"": false, ""seller_mentioned"": true}, {""name"": ""Capacity"", ""unit"": ""Chickens"", ""value"": ""3"", ""buyer_requested"": true, ""seller_mentioned"": true}], ""quantity_required"": {""unit"": ""pieces"", ""value"": 1}, ""related_categories"": [{""name"": ""Poultry Equipment"", ""reason"": ""This is a general category for all poultry related equipment.""}], ""is_buyer_interested"": true, ""most_specific_category"": {""name"": ""Chicken Feather Plucking Machine"", ""reason"": ""The buyer is looking for chicken machines, specifically those used for plucking feathers.""}, ""seller_accepts_quantity"": true}, {""price"": {""value"": 26500, ""currency"": ""INR""}, ""in_stock"": ""in stock"", ""product_name"": ""Chicken Feather Plucker (1 HP Motor)"", ""specifications"": [{""name"": ""Motor Capacity"", ""unit"": ""HP"", ""value"": ""1"", ""buyer_requested"": false, ""seller_mentioned"": true}, {""name"": ""Capacity"", ""unit"": ""Chickens"", ""value"": ""6"", ""buyer_requested"": false, ""seller_mentioned"": true}], ""quantity_required"": {""unit"": ""pieces"", ""value"": 1}, ""related_categories"": [{""name"": ""Poultry Equipment"", ""reason"": ""The product is used in the poultry industry.""}], ""is_buyer_interested"": true, ""most_specific_category"": {""name"": ""Chicken Feather Plucking Machine"", ""reason"": ""The product is a chicken feather plucking machine with a 1HP motor.""}, ""seller_accepts_quantity"": true}], ""next_steps"": {""buyer_next_steps"": [""To check the details and follow up.""], ""seller_next_steps"": [""To provide more information as needed.""]}, ""buyer_details"": {""buyer_location"": {""buyer_city"": ""Khammam""}}, ""seller_details"": {""seller_location"": {""seller_city"": ""Vijayawada""}}}",2026-07-29 03:42:15.259,148561307559,29/07/26
128189916,BUYER,4236,"{""callback"": ""callback by Monday 1 PM - To confirm stock (Somwar 1 baje call karta hoon)"", ""lead_tag"": {""deal_blockers"": [{""detail"": ""Seller does not have A4 sheet stickers in stock"", ""category"": ""Availability""}], ""deal_readiness"": ""Cold"", ""deal_readiness_reason"": ""Product requested is not available with the seller""}, ""metadata"": {""call_type"": {""type"": ""B2C"", ""reason"": ""The buyer was looking for a specific retail-sized product (A4 stickers) which the seller does not stock, leading to a quick conclusion."", ""evidence"": {""keywords"": [""A4 size"", ""Stickers""], ""order_type"": [""one-time""], ""repeat_buyer"": false}}, ""buyer_intent"": {""narrative"": ""Buyer is looking for A4 sheet stickers."", ""reasoning"": ""Buyer specifically asked for A4 size stickers but the seller confirmed they are not available."", ""intent_level"": ""Medium""}, ""call_outcome"": {""category"": ""Lost"", ""conclusion_notes"": ""Seller does not sell A4 stickers (A4 nahi hai)""}, ""call_purpose"": ""requirement"", ""all_languages"": [""Kannada""], ""primary_language"": ""Kannada"", ""additional_details"": {""buyer_queries"": [{""query"": ""Do you have A4 sheet stickers?"", ""category"": ""Availability"", ""sequence"": 1}], ""seller_queries"": []}}, ""products"": [{""in_stock"": ""not sold"", ""product_name"": ""A4 Sheet Stickers"", ""specifications"": [{""name"": ""Size"", ""value"": ""A4"", ""buyer_requested"": true, ""seller_mentioned"": false}], ""related_categories"": [{""name"": ""Label Sticker"", ""reason"": ""Stickers are a form of labels used for various applications.""}, {""name"": ""Self Adhesive Labels"", ""reason"": ""A4 stickers are typically self-adhesive in nature.""}], ""is_buyer_interested"": true, ""most_specific_category"": {""name"": ""Barcode Stickers"", ""reason"": ""The buyer requested A4 sheet stickers, which belongs to the category of barcode/adhesive stickers.""}}], ""next_steps"": {""buyer_next_steps"": [], ""seller_next_steps"": []}, ""buyer_details"": {""buyer_name"": ""b41c67d88e1931dc614eaba9c076698b758195d82b7d795bccc1666dcbd8d730""}, ""seller_details"": {""seller_name"": ""eba6fd0e1aec9c8bda8e4b8f7e4e540bf0bdd03a1e95217a2f096ac66a7fa1ae""}}",2026-07-29 03:42:11.346,148544293346,29/07/26
187996837,BUYER,52930,"{""payment"": {}, ""callback"": ""callback by Tomorrow 12 PM - To send details (12 baje tak bhej dena)"", ""lead_tag"": {""deal_blockers"": [], ""deal_readiness"": ""Warm"", ""deal_readiness_reason"": ""Discussed specific motor pricing and requested quotation""}, ""metadata"": {""call_type"": {""type"": ""B2C"", ""reason"": ""Buyer is looking for single phase motors for agricultural use on a chaff cutter, indicating retail or small scale application."", ""evidence"": {""keywords"": [""Chaff cutter"", ""Heavy Duty"", ""Crompton""], ""order_type"": [""one-time""], ""buyer_persona"": {""persona_category"": ""end_consumer""}, ""quantity_scale"": ""Low""}}, ""buyer_intent"": {""narrative"": ""Wants quotation for 2HP and 3HP Crompton single phase motors for chaff cutter use"", ""reasoning"": ""Inquired for specific motors for chaff cutter application and requested price quotes"", ""intent_level"": ""High""}, ""call_outcome"": {""category"": ""Follow-up"", ""conclusion_notes"": ""Requested quotation to be sent (bhej dena)""}, ""call_purpose"": ""requirement"", ""all_languages"": [""Hindi"", ""English""], ""primary_language"": ""Hindi"", ""additional_details"": {""buyer_queries"": [{""query"": ""What is the price of a 3HP single phase motor?"", ""category"": ""Pricing"", ""sequence"": 1, ""answer_by_seller"": ""Crompton heavy duty for 16,500 rupees""}, {""query"": ""What is the price of the 2HP motor?"", ""category"": ""Pricing"", ""sequence"": 2, ""answer_by_seller"": ""13,500 rupees""}, {""query"": ""Will 2HP be sufficient for a chaff cutter?"", ""category"": ""Specifications"", ""sequence"": 3, ""answer_by_seller"": ""Yes, it will work on chaff cutter""}], ""seller_queries"": []}, ""intended_application"": ""Chaff Cutter""}, ""products"": [{""price"": {""value"": 16500, ""currency"": ""INR""}, ""in_stock"": ""in stock"", ""product_name"": ""Crompton 3HP Single Phase Motor"", ""specifications"": [{""name"": ""Power"", ""unit"": ""HP"", ""value"": ""3"", ""buyer_requested"": true, ""seller_mentioned"": true}, {""name"": ""Phase"", ""value"": ""Single Phase"", ""buyer_requested"": false, ""seller_mentioned"": true}, {""name"": ""Brand"", ""value"": ""Crompton"", ""buyer_requested"": false, ""seller_mentioned"": true}, {""name"": ""Type"", ""value"": ""Heavy Duty"", ""buyer_requested"": false, ""seller_mentioned"": true}], ""related_categories"": [{""name"": ""Single Phase Electric Motor"", ""reason"": ""Specified as single phase in call""}, {""name"": ""Industrial Motors"", ""reason"": ""Used in agricultural/production machinery""}], ""is_buyer_interested"": true, ""most_specific_category"": {""name"": ""Crompton Induction Motors"", ""reason"": ""Explicitly mentioned Crompton brand and motor for mechanical application""}}, {""price"": {""value"": 13500, ""currency"": ""INR""}, ""in_stock"": ""in stock"", ""product_name"": ""Crompton 2HP Single Phase Motor"", ""specifications"": [{""name"": ""Power"", ""unit"": ""HP"", ""value"": ""2"", ""buyer_requested"": true, ""seller_mentioned"": true}, {""name"": ""Phase"", ""value"": ""Single Phase"", ""buyer_requested"": false, ""seller_mentioned"": true}, {""name"": ""Brand"", ""value"": ""Crompton"", ""buyer_requested"": false, ""seller_mentioned"": true}], ""related_categories"": [{""name"": ""Single Phase Electric Motor"", ""reason"": ""Identified as single phase""}, {""name"": ""Industrial Motors"", ""reason"": ""Used for chaff cutters""}], ""is_buyer_interested"": true, ""most_specific_category"": {""name"": ""Crompton Induction Motors"", ""reason"": ""Sourced from Crompton brand for motor needs""}}], ""next_steps"": {""buyer_next_steps"": [""To review the quotation""], ""seller_next_steps"": [""To share quotation for 2HP and 3HP motors on WhatsApp""]}, ""buyer_details"": {""buyer_mobile_number"": ""0d2ad913a4dade54b2f9225420ca3a21f72326a7f62ec84cb960a16b4c3a11ff""}, ""seller_details"": {""seller_location"": {""seller_city"": ""Jaipur""}}}",2026-07-29 03:33:29.916,148562757934,29/07/26
182546631,BUYER,21244,"{""payment"": {}, ""callback"": ""callback by Tomorrow 10 AM - To confirm the sheet's price and details after checking the photos. (Kal subah 10 baje call kar lena, tab tak photos bhi dekh lunga aur deal final karenge.)"", ""lead_tag"": {""deal_blockers"": [], ""deal_readiness"": ""Hot"", ""deal_readiness_reason"": ""Buyer has a specific event in 2 months and wants to finalize the deal immediately after seeing photos.""}, ""metadata"": {""call_type"": {""type"": ""B2B"", ""reason"": ""The buyer's requirement is for a commercial event, indicating a B2B transaction."", ""evidence"": {""keywords"": [""Echo reduction"", ""Acoustic sheets"", ""Event use""], ""order_type"": [""commercial"", ""bulk""], ""repeat_buyer"": false, ""buyer_persona"": {""persona_detail"": ""Event Organizer"", ""persona_category"": ""contractor""}, ""quantity_scale"": ""High""}}, ""buyer_intent"": {""narrative"": ""Wants acoustic sheets for an event starting in two months in Ahmedabad."", ""reasoning"": ""Buyer had specific technical requirements for soundproofing and urgency due to an upcoming event."", ""intent_level"": ""High""}, ""call_outcome"": {""category"": ""Follow-up"", ""conclusion_notes"": ""Seller will send photos and details on WhatsApp for further discussion. (WhatsApp mein sheet ka photo aur detail bhej do.)""}, ""call_purpose"": ""requirement"", ""all_languages"": [""Hindi"", ""English""], ""primary_language"": ""Hindi"", ""additional_details"": {""buyer_queries"": [{""query"": ""What is the square foot rate for the sheets?"", ""category"": ""Pricing"", ""sequence"": 2}, {""query"": ""Do you have foam sheets for echo reduction?"", ""category"": ""Specifications"", ""sequence"": 1}], ""seller_queries"": [{""query"": ""Where do you need the sheets delivered?"", ""category"": ""Location"", ""sequence"": 3}]}, ""intended_application"": ""Event Soundproofing""}, ""products"": [{""price"": {""gst"": {""value"": 18, ""is_gst_included"": false}, ""value"": 60, ""currency"": ""INR"", ""price_unit"": ""sq ft"", ""buyer_price_reaction"": {""quote"": ""Thoda rate kam nahi ho payega?"", ""category"": ""Negotiating""}}, ""in_stock"": ""in stock"", ""product_name"": ""Acoustic Sheets"", ""specifications"": [{""name"": ""Application"", ""value"": ""Echo reduction"", ""buyer_requested"": true, ""seller_mentioned"": false}, {""name"": ""Material"", ""value"": ""Acoustic"", ""buyer_requested"": false, ""seller_mentioned"": true}], ""related_categories"": [{""name"": ""Sound Insulation Material"", ""reason"": ""The sheets are intended for sound insulation and echo control.""}], ""is_buyer_interested"": true, ""most_specific_category"": {""name"": ""Acoustical Panels"", ""reason"": ""The product is specifically mentioned for echo reduction and soundproofing in a commercial event setting.""}}, {""in_stock"": ""not sold"", ""product_name"": ""Foam Sheets"", ""specifications"": [{""name"": ""Use Case"", ""value"": ""Soundproofing"", ""buyer_requested"": true, ""seller_mentioned"": false}], ""related_categories"": [{""name"": ""Soundproofing Equipment"", ""reason"": ""Foam sheets are a common type of soundproofing equipment.""}], ""is_buyer_interested"": false, ""most_specific_category"": {""name"": ""Acoustic Foam"", ""reason"": ""The buyer initially inquired about foam sheets for soundproofing.""}}], ""next_steps"": {""buyer_next_steps"": [""To review product photos on WhatsApp"", ""To confirm order quantity""], ""seller_next_steps"": [""To share product photos and details on WhatsApp""]}, ""buyer_details"": {""buyer_name"": ""b36721253a9a1a0fb1bd295d919195f66ce89044520fbbdd4fbdab39b6b13b89""}, ""seller_details"": {""seller_name"": ""ee83336a33ae8fa987305dd123ff95ec664a5e3bfaf163b41b1f415c98841ad9"", ""seller_location"": {""seller_city"": ""Ahmedabad"", ""seller_locality"": ""Sarkhej""}}}",2026-07-29 03:13:50.740,148562772146,29/07/26
268093424,BUYER,187585,"{""callback"": ""callback by Tomorrow 11:30 AM - To confirm if there is any supplier for rolls in Kadipur"", ""lead_tag"": {""deal_blockers"": [], ""deal_readiness"": ""Warm"", ""deal_readiness_reason"": ""Specific location-based inquiry for rolls with a confirmed follow-up time.""}, ""metadata"": {""call_type"": {""type"": ""B2B"", ""reason"": ""The call is regarding a product requirement for rolls in a specific region."", ""evidence"": {""keywords"": [""Paper Rolls"", ""Kadipur Supplier""]}}, ""buyer_intent"": {""narrative"": ""Buyer is looking for paper rolls specifically in the Kadipur area."", ""reasoning"": ""The buyer identified a specific product (rolls) and a specific location (Kadipur), indicating a genuine need but is still in the inquiry stage."", ""intent_level"": ""Medium""}, ""call_outcome"": {""category"": ""Follow-up"", ""conclusion_notes"": ""Sellers will check the local availability and call back tomorrow at 11:30 AM (Kal 11:30 baje office time par phone karti hoon).""}, ""call_purpose"": ""requirement"", ""all_languages"": [""Hindi"", ""English""], ""primary_language"": ""Hindi"", ""additional_details"": {""buyer_queries"": [{""query"": ""Is there any supplier for rolls in Kadipur?"", ""category"": ""Availability"", ""sequence"": 1}], ""seller_queries"": [{""query"": ""Where are you from?"", ""category"": ""Location"", ""sequence"": 2, ""answer_by_buyer"": ""I am from Sultanpur.""}]}}, ""products"": [{""product_name"": ""Rolls"", ""related_categories"": [{""name"": ""Silver Paper Roll"", ""reason"": ""Laminated or silver rolls are common sub-categories for paper products in B2B contexts.""}, {""name"": ""Dona Paper Roll"", ""reason"": ""Rolls are often used as raw material for Dona making.""}], ""is_buyer_interested"": true, ""most_specific_category"": {""name"": ""Paper Rolls"", ""reason"": ""The buyer explicitly asked for 'rolls' which in this business context refers to paper rolls.""}}], ""next_steps"": {""buyer_next_steps"": [""To wait for a call back from the seller around 11:30 AM.""], ""seller_next_steps"": [""To check for a roll supplier or delivery options in Kadipur"", ""To call back at 11:30 AM to update the buyer""]}, ""buyer_details"": {""buyer_location"": {""buyer_city"": ""Sultanpur"", ""buyer_locality"": ""Kadipur""}}, ""seller_details"": {}}",2026-07-29 03:00:44.787,148562839259,29/07/26
60213924,BUYER,30009,"{""callback"": ""callback by [Time/Date IST] - [Context]"", ""lead_tag"": {""deal_blockers"": [{""detail"": ""Transportation cost for single unit"", ""category"": ""Other""}], ""deal_readiness"": ""Hot"", ""deal_readiness_reason"": ""Buyer requested a quotation and is ready to place the order today after seeing details.""}, ""metadata"": {""call_type"": {""type"": ""B2B"", ""reason"": ""Buyer is purchasing for a professional entity (JVI) for commercial use."", ""evidence"": {""keywords"": [""3 TON"", ""Hand Pallet Truck"", ""Quotation""], ""order_type"": [""one-time"", ""commercial""], ""buyer_persona"": {""persona_detail"": ""Professional Business Entity (JVI)"", ""persona_category"": ""other""}, ""quantity_scale"": ""Low""}}, ""buyer_intent"": {""narrative"": ""Wants a 3-ton hand pallet truck for delivery in Vadodara."", ""reasoning"": ""Buyer provided specific capacity requirements, location details, and asked for a professional quotation to finalize the order today."", ""intent_level"": ""High""}, ""call_outcome"": {""category"": ""Follow-up"", ""conclusion_notes"": ""Will send quotation and product details on WhatsApp (Quotation de do roughty us hisab se order karta hoon)""}, ""call_purpose"": ""requirement"", ""all_languages"": [""Hindi"", ""English""], ""primary_language"": ""Hindi"", ""additional_details"": {""buyer_queries"": [{""query"": ""How soon can you provide delivery?"", ""category"": ""Delivery"", ""sequence"": 1, ""answer_by_seller"": ""It can be delivered on the same day via direct vehicle or by tomorrow if sent through transport services.""}, {""query"": ""Will the same-day delivery be more costly?"", ""category"": ""Pricing"", ""sequence"": 3, ""answer_by_seller"": ""Direct delivery via vehicle will be more expensive for a single unit. Transport via Kabra Travels would cost around 500-600 INR.""}], ""seller_queries"": [{""query"": ""Do you need only one unit?"", ""category"": ""Quantity"", ""sequence"": 2, ""answer_by_buyer"": ""Yes, I need only one unit.""}, {""query"": ""What capacity do you need?"", ""category"": ""Specifications"", ""sequence"": 4, ""answer_by_buyer"": ""I need three tons.""}]}, ""intended_application"": ""Commercial Use""}, ""products"": [{""in_stock"": ""in stock"", ""product_name"": ""Hand Pallet Truck"", ""specifications"": [{""name"": ""Capacity"", ""unit"": ""ton"", ""value"": ""3"", ""buyer_requested"": false, ""seller_mentioned"": true}], ""quantity_required"": {""unit"": ""pieces"", ""value"": 1}, ""related_categories"": [{""name"": ""Hydraulic Pallet Truck"", ""reason"": ""Hand pallet trucks typically operate on hydraulic mechanisms.""}, {""name"": ""Manual Stacker"", ""reason"": ""Similar material handling equipment category.""}], ""is_buyer_interested"": true, ""most_specific_category"": {""name"": ""Hand Pallet Truck"", ""reason"": ""The buyer explicitly requested a 'Hand Pallet Truck' of 3-ton capacity.""}, ""seller_accepts_quantity"": true}], ""next_steps"": {""buyer_next_steps"": [""To share company details for quotation"", ""To confirm order after reviewing the quote""], ""seller_next_steps"": [""To send hand pallet truck photos and rates on WhatsApp"", ""To provide quotation in the name of JVI""]}, ""buyer_details"": {""buyer_name"": ""7b56b05177753a706ceca0b95ad9c9ce90fa0922b1aecd3ab50636632481cd5a"", ""buyer_location"": {""buyer_city"": ""Vadodara""}}, ""seller_details"": {""seller_name"": ""8ccb033c0e48b27ff91e1ab948367e3bbc6921487c97624ed7ad064025e3dc99"", ""seller_location"": {""seller_city"": ""Ahmedabad""}}}",2026-07-29 02:57:33.927,148561452213,29/07/26
82738312,BUYER,32243,"{""callback"": ""callback by Monday 10 AM - To discuss requirements (Monday subah 10 baje call karenge)"", ""lead_tag"": {""deal_blockers"": [], ""deal_readiness"": ""Warm"", ""deal_readiness_reason"": ""Buyer is researching products and pricing on the website but needs a follow-up call during office hours.""}, ""metadata"": {""call_type"": {""type"": ""B2B"", ""reason"": ""The call is an inquiry into a business (ARB Accessories Private Limited) for product information and pricing, which is typical for B2B procurement processes."", ""evidence"": {""keywords"": [""Product Information"", ""Pricing"", ""WhatsApp Message""]}}, ""buyer_intent"": {""narrative"": ""Seeking product information and pricing from ARB Accessories."", ""reasoning"": ""The caller is following the automated system's instructions to obtain pricing and product details, indicating a genuine interest in the company's offerings."", ""intent_level"": ""Medium""}, ""call_outcome"": {""category"": ""Follow-up"", ""conclusion_notes"": ""Automated response redirected the caller to the website and provided office hours for a callback (Visit store.arbaccessories.in for pricing).""}, ""call_purpose"": ""requirement"", ""all_languages"": [""English""], ""primary_language"": ""English"", ""additional_details"": {""buyer_queries"": [], ""seller_queries"": []}}, ""products"": [{""product_name"": ""ARB Accessories Products"", ""is_buyer_interested"": true}], ""next_steps"": {""buyer_next_steps"": [""To visit store.arbaccessories.in for product information and pricing"", ""To send a WhatsApp message to the seller's number"", ""To call back between Monday to Saturday, 10 AM to 7 PM""], ""seller_next_steps"": [""To respond to any incoming WhatsApp messages during working hours""]}, ""buyer_details"": {""buyer_name"": ""863498dfa3f35f634f532b3cab89b0f8b6baaf9a2a94722c52ca2ef44377efc2"", ""buyer_mobile_number"": ""5ae56aac645a80f4c9b6bac578cb94e12aeb5d59218d21560126316f8d682d99""}, ""seller_details"": {""seller_name"": ""6bc9e70e253bcf5fa268b4cb73ac02604897a0008528229d3ac280dee5d023e5""}}",2026-07-29 02:56:20.497,148562481885,29/07/26
185030928,BUYER,104878,"{""payment"": {}, ""callback"": """", ""lead_tag"": {""deal_blockers"": [{""detail"": ""Product not available (pas available hai: Nahi)"", ""category"": ""Availability""}], ""deal_readiness"": ""Cold"", ""deal_readiness_reason"": ""The product is not available with the seller.""}, ""metadata"": {""call_type"": {""type"": ""B2B"", ""reason"": ""The call is about a specific industrial cutting tool inquiry, though duration is too short to determine the full persona."", ""evidence"": {""keywords"": [""G-Type Blade"", ""3mm Blade""]}}, ""buyer_intent"": {""narrative"": ""Looking for G-Type 3mm blades."", ""reasoning"": ""The buyer specifies both the type (G-Type) and the size (3mm)."", ""intent_level"": ""High""}, ""call_outcome"": {""category"": ""Lost"", ""conclusion_notes"": ""Seller does not have the product (Nahi).""}, ""call_purpose"": ""requirement"", ""all_languages"": [""Hindi""], ""primary_language"": ""Hindi"", ""additional_details"": {""buyer_queries"": [{""query"": ""Do you have G-Type 3mm blades available? (G-type mein 3mm ka blade chahiye, aapke paas available hai?)"", ""category"": ""Availability"", ""sequence"": 1}], ""seller_queries"": []}, ""intended_application"": ""Cutting Operations""}, ""products"": [{""in_stock"": ""out of stock"", ""product_name"": ""G-Type Blade"", ""specifications"": [{""name"": ""Type"", ""value"": ""G-Type"", ""buyer_requested"": true, ""seller_mentioned"": false}, {""name"": ""Size"", ""unit"": ""mm"", ""value"": ""3"", ""buyer_requested"": true, ""seller_mentioned"": false}], ""related_categories"": [{""name"": ""Machine Blades"", ""reason"": ""Blades are part of machine-based cutting operations.""}, {""name"": ""Diamond Saw Blades"", ""reason"": ""G-type blades often fall under diamond or stone cutting tool categories.""}], ""is_buyer_interested"": true, ""most_specific_category"": {""name"": ""Stone Cutting Blade"", ""reason"": ""The 3mm G-type blade is typically used for stone or masonry cutting.""}, ""seller_accepts_quantity"": false}], ""next_steps"": {""buyer_next_steps"": [], ""seller_next_steps"": []}, ""buyer_details"": {}, ""seller_details"": {}}",2026-07-29 02:50:58.314,148561348795,29/07/26
145185033,BUYER,184320,"{""callback"": ""callback by Tomorrow 10 AM - To discuss alternative shipping options (Kal subah dus baje call karta hoon)"", ""lead_tag"": {""deal_blockers"": [{""detail"": ""Buyer feels Mumbai is too far for delivery to Bihar and concerned about transport cost"", ""category"": ""Location""}], ""deal_readiness"": ""Warm"", ""deal_readiness_reason"": ""Buyer has a specific bulk requirement but is hesitant due to logistical distance and transport costs.""}, ""metadata"": {""call_type"": {""type"": ""B2B"", ""reason"": ""The buyer is inquiring for a bulk quantity of 150 pieces of industrial sieves, indicating a commercial or resale context."", ""evidence"": {""keywords"": [""Bulk requirement"", ""Transport cost"", ""40 mesh""], ""order_type"": [""bulk"", ""commercial""], ""repeat_buyer"": true, ""buyer_persona"": {""persona_category"": ""retailer""}, ""quantity_scale"": ""High""}}, ""buyer_intent"": {""narrative"": ""Buyer needs 150 pieces of 12-inch mesh sieves with 40 mesh size."", ""reasoning"": ""Buyer stated a specific quantity (150 pieces) and clearly defined specifications (12 inch, 40 mesh)."", ""intent_level"": ""High""}, ""call_outcome"": {""category"": ""Follow-up"", ""conclusion_notes"": ""Seller will check transport costs and call back tomorrow (Kal batata hoon).""}, ""call_purpose"": ""requirement"", ""all_languages"": [""Hindi"", ""English""], ""primary_language"": ""Hindi"", ""additional_details"": {""buyer_queries"": [{""query"": ""Do you have mesh sieves?"", ""category"": ""Specifications"", ""sequence"": 1}, {""query"": ""Where are you located?"", ""category"": ""Location"", ""sequence"": 3}], ""seller_queries"": [{""query"": ""Where are you calling from?"", ""category"": ""Location"", ""sequence"": 2}, {""query"": ""Do you need any specific number of pieces?"", ""category"": ""Quantity"", ""sequence"": 4}]}, ""intended_application"": ""Commercial Resale""}, ""products"": [{""price"": {""negotiation_notes"": ""Buyer is concerned about the high shipping cost from Mumbai to Bihar."", ""buyer_price_reaction"": {""quote"": ""Transport cost will be too high from Mumbai"", ""category"": ""Negotiating""}}, ""in_stock"": ""in stock"", ""product_name"": ""Mesh Sieves (Jali Vale)"", ""specifications"": [{""name"": ""Size"", ""unit"": ""inch"", ""value"": ""12"", ""buyer_requested"": false, ""seller_mentioned"": true}, {""name"": ""Mesh Count"", ""value"": ""40"", ""buyer_requested"": false, ""seller_mentioned"": true}], ""quantity_required"": {""unit"": ""pieces"", ""value"": 150}, ""related_categories"": [{""name"": ""Laboratory Sieves"", ""reason"": ""The 12-inch diameter is a common standard for lab testing sieves.""}, {""name"": ""GI Sieve"", ""reason"": ""Standard mesh sieves often fall under the GI or SS sieve category.""}], ""is_buyer_interested"": true, ""most_specific_category"": {""name"": ""Stainless Steel Sieves"", ""reason"": ""The discussion is about mesh sieves of 12 inch diameter with 40 mesh count, commonly made of steel.""}, ""seller_accepts_quantity"": true}], ""next_steps"": {""buyer_next_steps"": [""To consider the quote if transport cost is feasible""], ""seller_next_steps"": [""To calculate transport charges to Araria, Bihar"", ""To call the buyer at 10 AM tomorrow""]}, ""buyer_details"": {""buyer_name"": ""e20383708e67d5f9bf1c03944bf191d1d5bee069e05d9dff453cbfdbcb37de02"", ""buyer_location"": {""buyer_city"": ""Araria"", ""buyer_state"": ""Bihar""}}, ""seller_details"": {""seller_name"": ""be31c53f4a6ca4be9956ee8e730a0c1996b65933c2af88554ae5ad3177f7d824"", ""seller_location"": {""seller_city"": ""Mumbai""}}}",2026-07-29 02:45:51.059,148562770385,29/07/26
209187045,BUYER,182763,"{""callback"": ""callback by Tomorrow - To finalize price details and check availability. (Kal batata hun)"", ""lead_tag"": {""deal_blockers"": [], ""deal_readiness"": ""Warm"", ""deal_readiness_reason"": ""The buyer has a specific requirement for a 100kg scale in Madhubani but is still negotiating and hasn't committed yet.""}, ""metadata"": {""call_type"": {""type"": ""B2B"", ""reason"": ""The buyer inquired about a single weighing scale for his business and the volume was low, but since it's for commercial use, it's classified as B2B."", ""evidence"": {""keywords"": [""Nishan brand"", ""100kg scale"", ""courier delivery""], ""order_type"": [""one-time""], ""repeat_buyer"": false, ""buyer_persona"": {""persona_category"": ""retailer""}, ""quantity_scale"": ""Low""}}, ""buyer_intent"": {""narrative"": ""Wants a 100kg weighing scale of Nishan brand for Madhubani, Bihar."", ""reasoning"": ""The buyer specifically asked for a Nishan brand 100kg weighing scale and was ready to share address for courier delivery."", ""intent_level"": ""High""}, ""call_outcome"": {""category"": ""Follow-up"", ""conclusion_notes"": ""The buyer was asked to share his address on WhatsApp to proceed further (WhatsApp pe address bhej do).""}, ""call_purpose"": ""requirement"", ""all_languages"": [""Hindi"", ""English""], ""primary_language"": ""Hindi"", ""additional_details"": {""buyer_queries"": [{""query"": ""Do you have Nishan weighing scales?"", ""category"": ""Availability"", ""sequence"": 1}, {""query"": ""What is the price of the 100kg model?"", ""category"": ""Pricing"", ""sequence"": 3}, {""query"": ""Can you reduce the price further?"", ""category"": ""Pricing"", ""sequence"": 4}, {""query"": ""Can you deliver it to Madhubani, Bihar?"", ""category"": ""Delivery"", ""sequence"": 5}], ""seller_queries"": [{""query"": ""How many kilograms capacity do you need?"", ""category"": ""Quantity"", ""sequence"": 2}]}}, ""products"": [{""price"": {""value"": 1820, ""currency"": ""INR"", ""delivery_charge"": {""is_delivery_charge_included"": false}, ""negotiation_notes"": ""The buyer asked for a reduction in price but the seller claimed it's a fixed company price."", ""buyer_price_reaction"": {""quote"": ""Thoda kam hona chahiye"", ""category"": ""Negotiating""}}, ""in_stock"": ""in stock"", ""product_name"": ""Nishan Weighing Scale"", ""specifications"": [{""name"": ""Brand"", ""value"": ""Nishan"", ""buyer_requested"": true, ""seller_mentioned"": true}, {""name"": ""Capacity"", ""unit"": ""kg"", ""value"": ""100"", ""buyer_requested"": false, ""seller_mentioned"": true}], ""related_categories"": [{""name"": ""Electronic Weighing Scales"", ""reason"": ""It's a digital scale used for weighing up to 100kg.""}], ""is_buyer_interested"": true, ""most_specific_category"": {""name"": ""Weighing Machines"", ""reason"": ""The buyer is inquiring specifically about a device meant for weighing objects up to 100kg.""}}], ""next_steps"": {""buyer_next_steps"": [""To share address on WhatsApp""], ""seller_next_steps"": [""To check courier charges and share total price""]}, ""buyer_details"": {""buyer_name"": ""4e04d109a3a7a0460ad2dfd95a4f0faa145f3249bee9f371f8204d16c01d4921"", ""buyer_location"": {""buyer_city"": ""Madhubani"", ""buyer_state"": ""Bihar""}}, ""seller_details"": {""seller_name"": ""79032b8a85663acddd601fd25371b7cb91f3ee6fbe68215f3cf6d4736bcbeea9""}}",2026-07-29 02:20:53.626,148562715446,29/07/26
91922955,BUYER,190390,"{""lead_tag"": {""deal_blockers"": [], ""deal_readiness"": ""Cold"", ""deal_readiness_reason"": ""No conversation took place as the call was silent and disconnected immediately.""}, ""metadata"": {""call_type"": {""reason"": ""The call was empty with no conversation, making it impossible to classify intent or business context.""}, ""buyer_intent"": {""narrative"": ""Buyer connected but no conversation occurred."", ""reasoning"": ""The call was silent for 15 seconds and ended without any exchange of information."", ""intent_level"": ""Low""}, ""call_outcome"": {""category"": ""Lost"", ""conclusion_notes"": ""Silent call/Disconnected (No audio exchange occurred).""}, ""call_purpose"": ""irrelevant"", ""all_languages"": [], ""primary_language"": ""English"", ""additional_details"": {""buyer_queries"": [], ""seller_queries"": []}}, ""products"": [], ""next_steps"": {""buyer_next_steps"": [], ""seller_next_steps"": []}, ""buyer_details"": {""buyer_name"": ""af674ed66a726918583170c53c585b02055e388d07642154616e10d0bd04fc63""}, ""seller_details"": {""seller_name"": ""e3b98a4da31a127d4bde6e43033f66ba274cab0eb7eb1c70ec41402bf6273dd8""}}",2026-07-29 01:48:13.491,148562849152,29/07/26
129489001,BUYER,111935,"{""payment"": {}, ""callback"": ""callback by Tomorrow 9 AM - To send photos (9 baje bhejta hoon)"", ""lead_tag"": {""deal_blockers"": [{""detail"": ""Need to check if the quality allows for over-painting"", ""category"": ""Other""}], ""deal_readiness"": ""Warm"", ""deal_readiness_reason"": ""Buyer has a recurring weekly requirement and is awaiting photos to confirm quality suitability for painting over the prints.""}, ""metadata"": {""call_type"": {""type"": ""B2B"", ""reason"": ""Buyer is an artist or professional requiring weekly prints for further art work, indicating a business-to-business recurring service relationship."", ""evidence"": {""keywords"": [""Canvas Printing"", ""Recurring Requirement"", ""Art Work""], ""order_type"": [""recurring"", ""commercial""], ""repeat_buyer"": true, ""buyer_persona"": {""persona_detail"": ""Artist/Art Studio"", ""persona_category"": ""other""}, ""quantity_scale"": ""Low""}}, ""buyer_intent"": {""narrative"": ""Wants recurring canvas printing services (2-3 units per week) for over-painting art projects."", ""reasoning"": ""Buyer has a clear recurring business need and specific technical requirements about being able to paint over the digital print."", ""intent_level"": ""High""}, ""call_outcome"": {""category"": ""Follow-up"", ""conclusion_notes"": ""Awaiting photos of the sample products tomorrow morning (9 baje bhejta hoon).""}, ""call_purpose"": ""requirement"", ""all_languages"": [""Marathi"", ""Hindi"", ""English""], ""primary_language"": ""Marathi"", ""additional_details"": {""buyer_queries"": [{""query"": ""Do you do canvas printing?"", ""category"": ""Availability"", ""sequence"": 1, ""answer_by_seller"": ""Yes we do canvas printing.""}, {""query"": ""What is the price per square foot?"", ""category"": ""Specifications"", ""sequence"": 2}, {""query"": ""What are the rates?"", ""category"": ""Pricing"", ""sequence"": 5, ""answer_by_seller"": ""We have three quality levels at 60, 80, and 100 rupees.""}, {""query"": ""What is the minimum quantity?"", ""category"": ""Quantity"", ""sequence"": 6, ""answer_by_seller"": ""For higher quality like the 80 and 100 rupees ones, we need at least 6 square feet.""}, {""query"": ""What is the difference between the three qualities?"", ""category"": ""Specifications"", ""sequence"": 7, ""answer_by_seller"": ""The difference is in the depth and quality of printing. If you want to paint over it, the 60 rupees one is best.""}, {""query"": ""Can you show me photos of all three?"", ""category"": ""Specifications"", ""sequence"": 10, ""answer_by_seller"": ""I am currently out for a walk and the shop is closed. I will send them around 9 AM tomorrow.""}], ""seller_queries"": [{""query"": ""Where are you calling from?"", ""category"": ""Location"", ""sequence"": 3, ""answer_by_buyer"": ""I am from Ahmednagar.""}, {""query"": ""How many pieces do you need?"", ""category"": ""Quantity"", ""sequence"": 4, ""answer_by_buyer"": ""I need 1-2 or 2-3 pieces every week on a recurring basis.""}, {""query"": ""What kind of work do you need to do on the print?"", ""category"": ""Specifications"", ""sequence"": 8, ""answer_by_buyer"": ""I need a print on which I can do double painting work.""}, {""query"": ""Why not use the 80 rupee one?"", ""category"": ""Specifications"", ""sequence"": 9, ""answer_by_buyer"": ""Can I work on the 80 rupee one?""}]}, ""intended_application"": ""Art Work Over-painting""}, ""products"": [{""price"": {""value"": 60, ""currency"": ""INR"", ""price_unit"": ""square foot""}, ""in_stock"": ""in stock"", ""product_name"": ""Canvas Print (60 Quality)"", ""specifications"": [{""name"": ""Base Price"", ""unit"": ""square foot"", ""value"": ""60"", ""buyer_requested"": false, ""seller_mentioned"": true}], ""quantity_required"": {""unit"": ""pieces"", ""value"": 2}, ""related_categories"": [{""name"": ""Digital Printing Service"", ""reason"": ""Canvas printing is a sub-type of digital printing services.""}, {""name"": ""Printed Canvas"", ""reason"": ""The end result is a printed canvas fabric.""}], ""is_buyer_interested"": true, ""most_specific_category"": {""name"": ""Canvas Printing"", ""reason"": ""The conversation specifically revolves around digital printing on canvas material.""}, ""seller_accepts_quantity"": true}, {""price"": {""value"": 80, ""currency"": ""INR"", ""price_unit"": ""square foot""}, ""in_stock"": ""in stock"", ""product_name"": ""Canvas Print (80 Quality)"", ""specifications"": [{""name"": ""Mid-range Price"", ""unit"": ""square foot"", ""value"": ""80"", ""buyer_requested"": false, ""seller_mentioned"": true}], ""quantity_required"": {""unit"": ""pieces"", ""value"": 2}, ""related_categories"": [{""name"": ""Art Digital Printing"", ""reason"": ""Discussed specifically for artistic over-painting use.""}], ""is_buyer_interested"": true, ""minimum_order_quantity"": {""unit"": ""square foot"", ""value"": 6}, ""most_specific_category"": {""name"": ""Canvas Printing"", ""reason"": ""Higher quality variant of the canvas printing service discussed.""}, ""seller_accepts_quantity"": true}, {""price"": {""value"": 100, ""currency"": ""INR"", ""price_unit"": ""square foot""}, ""in_stock"": ""in stock"", ""product_name"": ""Canvas Print (100 Quality)"", ""specifications"": [{""name"": ""Premium Price"", ""unit"": ""square foot"", ""value"": ""100"", ""buyer_requested"": false, ""seller_mentioned"": true}], ""quantity_required"": {""unit"": ""pieces"", ""value"": 2}, ""related_categories"": [{""name"": ""Canvas Art"", ""reason"": ""Premium canvas prints are often sold as art pieces.""}], ""is_buyer_interested"": true, ""minimum_order_quantity"": {""unit"": ""square foot"", ""value"": 6}, ""most_specific_category"": {""name"": ""Canvas Printing"", ""reason"": ""Premium variant of the canvas printing service.""}, ""seller_accepts_quantity"": true}], ""next_steps"": {""buyer_next_steps"": [""To check photos of samples once received""], ""seller_next_steps"": [""To send photos of the three canvas quality levels on WhatsApp by 9 AM tomorrow""]}, ""buyer_details"": {""buyer_location"": {""buyer_city"": ""Ahmednagar""}}, ""seller_details"": {""seller_location"": {""seller_city"": ""Pune""}}}",2026-07-29 01:42:32.034,148562827075,29/07/26
51794694,BUYER,527,"{""callback"": ""callback by No explicit commitment made - NA"", ""lead_tag"": {""deal_blockers"": [], ""deal_readiness"": ""Warm"", ""deal_readiness_reason"": ""Buyer is explicitly asking for product details and sharing WhatsApp for further info.""}, ""metadata"": {""call_type"": {""type"": ""B2B"", ""reason"": ""Buyer is inquiring about specific agri-input brands commonly stocked by retailers or used by professional farmers. The conversation suggests a business relationship or professional inquiry."", ""evidence"": {""keywords"": [""Multiplex"", ""Navjeevan"", ""G1"", ""C Golden""], ""order_type"": [""commercial""], ""repeat_buyer"": true}}, ""buyer_intent"": {""narrative"": ""Wants Multiplex and Navjeevan C Golden fertilizers and requested details on WhatsApp."", ""reasoning"": ""Buyer shows specific product knowledge and is looking for particular brands/variants but hasn't committed to a quantity or price yet."", ""intent_level"": ""Medium""}, ""call_outcome"": {""category"": ""Follow-up"", ""conclusion_notes"": ""Seller will send details on WhatsApp (WhatsApp madtini check madi)""}, ""call_purpose"": ""requirement"", ""all_languages"": [""Kannada"", ""English""], ""primary_language"": ""Kannada"", ""additional_details"": {""buyer_queries"": [{""query"": ""Which Multiplex products do you have?"", ""category"": ""Specifications"", ""sequence"": 1}, {""query"": ""Do you have G1 and Navjeevan?"", ""category"": ""Specifications"", ""sequence"": 3}], ""seller_queries"": [{""query"": ""Which one are you looking for?"", ""category"": ""Specifications"", ""sequence"": 2}]}}, ""products"": [{""in_stock"": ""in stock"", ""product_name"": ""Multiplex (Navjeevan)"", ""specifications"": [{""name"": ""Brand"", ""value"": ""Multiplex"", ""buyer_requested"": true, ""seller_mentioned"": true}, {""name"": ""Variant"", ""value"": ""Navjeevan"", ""buyer_requested"": true, ""seller_mentioned"": true}, {""name"": ""Type"", ""value"": ""C Golden"", ""buyer_requested"": false, ""seller_mentioned"": true}], ""related_categories"": [{""name"": ""Bio Fertilizers"", ""reason"": ""Many Multiplex products fall under bio-fertilizer and micronutrient categories.""}, {""name"": ""Plant Growth Promoters"", ""reason"": ""Navjeevan is often used as a growth regulator/stimulant.""}], ""is_buyer_interested"": true, ""most_specific_category"": {""name"": ""Agricultural Fertilizers"", ""reason"": ""The products mentioned (Multiplex, Navjeevan) are well-known fertilizer/bio-stimulant brands.""}}, {""in_stock"": ""in stock"", ""product_name"": ""G1 Fertilizer"", ""specifications"": [{""name"": ""Model"", ""value"": ""G1"", ""buyer_requested"": true, ""seller_mentioned"": true}], ""related_categories"": [{""name"": ""Bio Fertilizers"", ""reason"": ""Often sold as a bio-stimulant or organic input.""}], ""is_buyer_interested"": true, ""most_specific_category"": {""name"": ""Agricultural Fertilizers"", ""reason"": ""G1 is a type of crop input widely used in agriculture.""}}], ""next_steps"": {""buyer_next_steps"": [""To check product details and catalog on WhatsApp""], ""seller_next_steps"": [""To send catalog and details for Navjeevan C Golden and Multiplex products on WhatsApp""]}, ""buyer_details"": {""buyer_name"": ""f7b3781c5eafc2779a96bae2e4875a83ecce46f198e9f81916521d9d218c7da7""}, ""seller_details"": {""seller_name"": ""894e23820bdf854c5d84bc87ccc5b4669b146781de771837f747fd733a041027""}}",2026-07-29 01:40:16.126,148562550967,29/07/26
39175406,BUYER,150889,"{""payment"": {}, ""callback"": ""callback by Tomorrow 5 PM - To finalize (Kal 5 baje call karta hoon)"", ""lead_tag"": {""deal_blockers"": [], ""deal_readiness"": ""Cold"", ""deal_readiness_reason"": ""The call was disconnected or redirected to voicemail with no conversation taking place.""}, ""metadata"": {""call_type"": {""type"": ""B2C"", ""reason"": ""The call failed to connect and reached a voicemail system."", ""evidence"": {""repeat_buyer"": false}}, ""buyer_intent"": {""narrative"": ""Buyer call was redirected to voicemail."", ""reasoning"": ""The call did not connect to the seller and went to an automated voicemail system, indicating no business discussion occurred."", ""intent_level"": ""Low""}, ""call_outcome"": {""category"": ""Lost"", ""conclusion_notes"": ""Call went to voicemail and disconnected (The person you are trying to reach is not available).""}, ""call_purpose"": ""irrelevant"", ""all_languages"": [""English""], ""primary_language"": ""English"", ""additional_details"": {""buyer_queries"": [], ""seller_queries"": []}}, ""products"": [], ""next_steps"": {""buyer_next_steps"": [], ""seller_next_steps"": []}, ""buyer_details"": {}, ""seller_details"": {}}",2026-07-29 01:40:10.463,148562890985,29/07/26
180301518,BUYER,140407,"{""payment"": {}, ""callback"": ""callback by Today Morning - To share rates and hello on WhatsApp (Office pahunchke WhatsApp par hello karti hoon aur rates bhejti hoon)"", ""lead_tag"": {""deal_blockers"": [], ""deal_readiness"": ""Warm"", ""deal_readiness_reason"": ""Buyer has a specific product need and seller promised to send rates shortly after reaching the office.""}, ""metadata"": {""call_type"": {""type"": ""B2B"", ""reason"": ""The buyer is inquiring about an auto switch for a motor starter, typically used in agricultural or small industrial settings, but given the lack of quantity details, it is difficult to classify as high-scale bulk."", ""evidence"": {""keywords"": [""Auto switch"", ""Motor Starter""], ""order_type"": [""other""], ""repeat_buyer"": false}}, ""buyer_intent"": {""narrative"": ""Wants to purchase an auto switch for a motor starter."", ""reasoning"": ""Buyer stated a specific product need (Auto-switcher for motor starter) and exchanged contact details for pricing."", ""intent_level"": ""High""}, ""call_outcome"": {""category"": ""Follow-up"", ""conclusion_notes"": ""Seller requested the buyer to message on WhatsApp to receive rates (Office pahunchke rate share karungi).""}, ""call_purpose"": ""requirement"", ""all_languages"": [""Hindi"", ""English""], ""primary_language"": ""Hindi"", ""additional_details"": {""buyer_queries"": [], ""seller_queries"": [{""query"": ""I need an auto switch for a starter."", ""category"": ""Specifications"", ""sequence"": 1}]}}, ""products"": [{""in_stock"": ""in stock"", ""product_name"": ""Starter Auto Switcher"", ""specifications"": [{""name"": ""Product type"", ""value"": ""Auto Switcher"", ""buyer_requested"": true, ""seller_mentioned"": false}], ""related_categories"": [{""name"": ""Automatic Water Level Controller"", ""reason"": ""Often used in conjunction with auto switches for pump management.""}, {""name"": ""Motor Starter Switch"", ""reason"": ""The discussed product is an accessory for a motor starter.""}], ""is_buyer_interested"": true, ""most_specific_category"": {""name"": ""Motor Automatic Switch"", ""reason"": ""The buyer specifically asked for an 'auto switcher' for their motor starter.""}}], ""next_steps"": {""buyer_next_steps"": [""To message the seller on WhatsApp at the provided number.""], ""seller_next_steps"": [""To share the rates for the auto switch on WhatsApp once they reach the office.""]}, ""buyer_details"": {""buyer_name"": ""3262c6e05cbc9ef595611489a25839139c26b38e16381172171adb1c7aafecc8"", ""buyer_mobile_number"": ""c63ec2bc48e390071c71a9947f17eeed64adee31956eef23a7c466f94d8b8c03""}, ""seller_details"": {""seller_name"": ""ff6d7f82993715a1435537a1b9edabc19dcc77bed4ea0ae244f98e36bdca3b6f""}}",2026-07-29 01:37:24.126,148562706975,29/07/26
88328360,BUYER,147558,"{""callback"": ""callback by Today 1 PM - To discuss details (1 baje call karta hoon)"", ""lead_tag"": {""deal_blockers"": [], ""deal_readiness"": ""Warm"", ""deal_readiness_reason"": ""Buyer requested a callback at a specific time today to proceed.""}, ""metadata"": {""call_type"": {""type"": ""B2B"", ""reason"": ""The conversation is a short follow-up on a lead for an unspecified herbicide product with a commitment to speak later."", ""evidence"": {""repeat_buyer"": false}}, ""buyer_intent"": {""narrative"": ""Buyer called back to follow up on a requirement but was busy to talk in detail."", ""reasoning"": ""The buyer initiated the call based on a previous lead but requested a callback at 1 PM to discuss specifics, showing genuine interest but temporary unavailability."", ""intent_level"": ""Medium""}, ""call_outcome"": {""category"": ""Follow-up"", ""conclusion_notes"": ""Callback scheduled for 1 PM (1 baje call karta hoon)""}, ""call_purpose"": ""followup"", ""all_languages"": [""Telugu"", ""Hindi""], ""primary_language"": ""Telugu"", ""additional_details"": {""buyer_queries"": [], ""seller_queries"": [{""query"": ""Will you be available to talk?"", ""category"": ""Availability"", ""sequence"": 1}]}}, ""products"": [{""product_name"": ""Herbicide"", ""specifications"": [], ""is_buyer_interested"": true}], ""next_steps"": {""buyer_next_steps"": [""To receive the callback at 1 PM""], ""seller_next_steps"": [""To call at 1 PM to discuss the product requirement""]}, ""buyer_details"": {""buyer_name"": ""66bb9386f895a7240434a849a0550df6411e55db94aafbf2dc5f644b9f43d8d9""}, ""seller_details"": {""seller_name"": ""fdd528d8e5d6693bf688d0c9dbc057fcc03d9b47381ac39a7914eccd2c911254""}}",2026-07-29 01:35:51.338,148562768085,29/07/26
272451051,BUYER,22989,"{""callback"": ""callback by Today Evening - Will call when back to desk (Abhi thodi der mein call karta hoon)"", ""lead_tag"": {""deal_blockers"": [], ""deal_readiness"": ""Cold"", ""deal_readiness_reason"": ""The call was not attended by a representative, and the automated message implies unavailability. No product-specific info was discussed.""}, ""metadata"": {""call_type"": {""type"": ""B2C"", ""reason"": ""The call was not connected to a representative, and no business requirements were shared. Hence it is marked as B2C for single retail inquiry."", ""evidence"": {""keywords"": [""Inquiry""], ""repeat_buyer"": false}}, ""buyer_intent"": {""narrative"": ""The buyer attempted to contact Agriplex India via a call through IndiaMART."", ""reasoning"": ""The call ended with an automated message and no representative spoke to the buyer to discuss details."", ""intent_level"": ""Low""}, ""call_outcome"": {""category"": ""Lost"", ""conclusion_notes"": ""Representatives were busy and the call ended without any business discussion (All our representatives are currently attending to other customers).""}, ""call_purpose"": ""requirement"", ""all_languages"": [""English"", ""Hindi""], ""primary_language"": ""English"", ""additional_details"": {""buyer_queries"": [], ""seller_queries"": []}}, ""products"": [], ""next_steps"": {""buyer_next_steps"": [], ""seller_next_steps"": []}, ""buyer_details"": {""buyer_name"": ""d93beca6efd0421b314c081066064ac0e371b306f715cc0935b2879e249ba9df"", ""buyer_mobile_number"": ""7fd63350e792e7d85b8397ebac5b62ceeea8ffbd66641bf355aeaca111d967f9""}, ""seller_details"": {""seller_name"": ""a5515368ffb39ce1f6fa7670740d5bd345c998b43813aecf3f5c58828e54e85f"", ""seller_location"": {""seller_city"": ""Bengaluru""}}}",2026-07-29 01:35:44.886,148562717113,29/07/26
239308691,BUYER,108117,"{""payment"": {}, ""callback"": ""callback by Tomorrow 10 AM - To discuss more (Kal subah 10 baje call karenge)"", ""lead_tag"": {""deal_blockers"": [], ""deal_readiness"": ""Warm"", ""deal_readiness_reason"": ""Expressing interest and asking for WhatsApp details to proceed.""}, ""metadata"": {""call_type"": {""type"": ""B2C"", ""reason"": ""Buyer is asking for body parts of electric scooter which seems to be for personal or maintenance use, however it's also common for small repair shops or retailers to buy such parts."", ""evidence"": {""order_type"": [""other""], ""repeat_buyer"": false, ""quantity_scale"": ""Low""}}, ""buyer_intent"": {""narrative"": ""Looking to book body parts for Ampere Reo electric scooter."", ""reasoning"": ""Buyer is inquiring about body parts for a specific model of an electric scooter and confirms the booking process."", ""intent_level"": ""Medium""}, ""call_outcome"": {""category"": ""Follow-up"", ""conclusion_notes"": ""Exchanged contact details and discussed further steps over WhatsApp (WhatsApp number le liya hai)""}, ""call_purpose"": ""requirement"", ""all_languages"": [""Hindi"", ""English""], ""primary_language"": ""Hindi"", ""additional_details"": {""buyer_queries"": [{""query"": ""Is this the booking number for Ampere Reo body parts?"", ""category"": ""Availability"", ""sequence"": 1}], ""seller_queries"": [{""query"": ""Do you have WhatsApp?"", ""category"": ""Availability"", ""sequence"": 2}]}}, ""products"": [{""product_name"": ""Ampere Reo Body Parts"", ""related_categories"": [{""name"": ""Electric Scooter"", ""reason"": ""Product is a component for an electric scooter model.""}, {""name"": ""Scooter Spares"", ""reason"": ""Product consists of replacement parts for scooters.""}], ""is_buyer_interested"": true, ""most_specific_category"": {""name"": ""Scooter Body Parts"", ""reason"": ""The buyer specifically asked for body parts for the Ampere Reo scooter model.""}}], ""next_steps"": {""buyer_next_steps"": [""To message the seller on WhatsApp for further details""], ""seller_next_steps"": [""To provide more details about the product on WhatsApp""]}, ""buyer_details"": {""buyer_mobile_number"": ""3dfb3fe2bf53a8c348df25ee704c50504acfa027d1e35afe0f0f5616d5f59f4e""}, ""seller_details"": {""seller_name"": ""180d803a580fabe1a24ddfdf6bf51ecbea0eb81f256b69ee6b39b33d294f6ebf""}}",2026-07-29 01:32:39.607,148562515246,29/07/26
152853480,BUYER,68518,"{""callback"": ""callback by Tomorrow 10 AM - To provide prices and product details (Kal 10 baje batata hoon)"", ""lead_tag"": {""deal_blockers"": [], ""deal_readiness"": ""Warm"", ""deal_readiness_reason"": ""Wants to place a 50-piece order after an initial trial of 5 pieces but a concrete decision depends on the price""}, ""metadata"": {""call_type"": {""type"": ""B2B"", ""reason"": ""The buyer's potential 50-piece requirement and focus on trials suggest a retail or professional context."", ""evidence"": {""keywords"": [""JRD Blades"", ""Triall"", ""Bulk Price""], ""order_type"": [""trial"", ""bulk""], ""repeat_buyer"": true, ""buyer_persona"": {""persona_category"": ""retailer""}, ""quantity_scale"": ""High""}}, ""buyer_intent"": {""narrative"": ""Wants to buy 5 pieces as a trial and potentially 50 pieces later for wood cutting"", ""reasoning"": ""A specific brand was mentioned and there is established intent for both a trial and bulk purchase"", ""intent_level"": ""High""}, ""call_outcome"": {""category"": ""Follow-up"", ""conclusion_notes"": ""Will send product photos on WhatsApp for a price quotation (WhatsApp par photo bhejta hoon rate bata dena)""}, ""call_purpose"": ""requirement"", ""all_languages"": [""Hindi"", ""English""], ""primary_language"": ""Hindi"", ""additional_details"": {""buyer_queries"": [{""query"": ""Will you share the rates?"", ""category"": ""Pricing"", ""sequence"": 1}, {""query"": ""What time does your shop open?"", ""category"": ""Availability"", ""sequence"": 4}], ""seller_queries"": [{""query"": ""How many pieces do you need?"", ""category"": ""Quantity"", ""sequence"": 2}, {""query"": ""Which model do you want? Share a photo on WhatsApp as there are many variants."", ""category"": ""Specifications"", ""sequence"": 3}]}, ""intended_application"": ""Wood Cutting""}, ""products"": [{""in_stock"": ""in stock"", ""product_name"": ""JRD Blade (Wood Cutting Blade)"", ""specifications"": [{""name"": ""Brand"", ""value"": ""JRD"", ""buyer_requested"": false, ""seller_mentioned"": false}, {""name"": ""Application"", ""value"": ""Wood Cutting"", ""buyer_requested"": false, ""seller_mentioned"": false}], ""quantity_required"": {""unit"": ""pieces"", ""value"": 5}, ""related_categories"": [{""name"": ""TCT Saw Blade"", ""reason"": ""Wood cutting blades are often TCT tipped for precision.""}, {""name"": ""Circular Saw Blades"", ""reason"": ""Wood cutting blades commonly come in circular formats.""}], ""is_buyer_interested"": true, ""most_specific_category"": {""name"": ""Wood Cutting Blade"", ""reason"": ""The buyer specifically mentioned needing blades for cutting wood.""}, ""seller_accepts_quantity"": true}], ""next_steps"": {""buyer_next_steps"": [""To share product photos of JRD blades on WhatsApp""], ""seller_next_steps"": [""To provide price details for the specified blade models on WhatsApp tomorrow""]}, ""buyer_details"": {""buyer_name"": ""a954e93925dca619a33955a410991a9ba133bd5ea18075caf0d6849455c6537e"", ""buyer_location"": {""buyer_city"": ""Agra""}}, ""seller_details"": {""seller_location"": {""seller_city"": ""Agra""}, ""seller_mobile_number"": ""f1e737dd9bb3125290e889fe462cae7e892ff89a5f4df78fdf17acd9599fb146""}}",2026-07-28 15:47:50.105,148551223634,29/07/26
152853480,BUYER,68518,"{""payment"": {}, ""callback"": ""callback by Tomorrow 10 AM - To discuss blade pricing (Kal subah 10 baje call karega)"", ""lead_tag"": {""deal_blockers"": [], ""deal_readiness"": ""Warm"", ""deal_readiness_reason"": ""Buyer expressed specific brand interest and agreed to connect the next morning for details.""}, ""metadata"": {""call_type"": {""type"": ""B2B"", ""reason"": ""The buyer is inquiring about specific branded blades for what seems to be a commercial or local sourcing requirement."", ""evidence"": {""keywords"": [""JRD Blades""], ""order_type"": [""other""], ""repeat_buyer"": false}}, ""buyer_intent"": {""narrative"": ""Looking for JRD brand blades and will follow up for pricing tomorrow morning."", ""reasoning"": ""The buyer specifically mentioned a brand and committed to a follow-up call at a defined time."", ""intent_level"": ""High""}, ""call_outcome"": {""category"": ""Follow-up"", ""conclusion_notes"": ""Will connect tomorrow at 10 AM to discuss further (Kal subah 10 baje bat karte hain)""}, ""call_purpose"": ""requirement"", ""all_languages"": [""Hindi"", ""English""], ""primary_language"": ""Hindi"", ""additional_details"": {""buyer_queries"": [{""query"": ""Do you have JRD blades?"", ""category"": ""Availability"", ""sequence"": 1}], ""seller_queries"": [{""query"": ""Who is this?"", ""category"": ""Availability"", ""sequence"": 2}]}, ""intended_application"": ""Industrial Cutting""}, ""products"": [{""in_stock"": ""in stock"", ""product_name"": ""JRD Blade"", ""specifications"": [{""name"": ""Brand"", ""value"": ""JRD"", ""buyer_requested"": false, ""seller_mentioned"": false}], ""related_categories"": [{""name"": ""Cutting & Saw Blades"", ""reason"": ""General category for blade tools.""}], ""is_buyer_interested"": true, ""most_specific_category"": {""name"": ""Cutting Blades"", ""reason"": ""The buyer specifically asked for blades used for cutting purposes.""}}], ""next_steps"": {""buyer_next_steps"": [""To call the seller at 10 AM for further discussion""], ""seller_next_steps"": [""To provide pricing and availability details for JRD blades tomorrow""]}, ""buyer_details"": {""buyer_name"": ""a954e93925dca619a33955a410991a9ba133bd5ea18075caf0d6849455c6537e"", ""buyer_mobile_number"": ""862c38265f18adb8312c74e166f200d369621fce5eb3cb651bdac9577ccb0ce5""}, ""seller_details"": {""seller_name"": ""c2333a7e3a607935c67c1e6f6810395decc9f66f592b812aaada7db94ba215d6""}}",2026-07-28 15:45:44.158,148551223634,29/07/26
60651723,BUYER,46001,"{""callback"": ""callback by Tomorrow evening - To share price and catalogs (Kal shaam ko price or catalog bhejunga)"", ""lead_tag"": {""deal_blockers"": [], ""deal_readiness"": ""Warm"", ""deal_readiness_reason"": ""Buyer has a specific quantity requirement and will wait for details to be shared on WhatsApp.""}, ""metadata"": {""call_type"": {""type"": ""B2B"", ""reason"": ""The buyer is looking for 2-3 cartons of paper bags for a bakery business, indicating a commercial B2B requirement for resale or packaging."", ""evidence"": {""keywords"": [""Bakery"", ""Brown Cover"", ""Wholesale""], ""order_type"": [""bulk"", ""commercial""], ""repeat_buyer"": true, ""buyer_persona"": {""persona_detail"": ""Bakery Owner"", ""persona_category"": ""retailer""}, ""quantity_scale"": ""High""}}, ""buyer_intent"": {""narrative"": ""Wants to purchase 2-3 cartons of brown paper bags for a bakery."", ""reasoning"": ""The buyer specified the product type (brown cover), intended use (bakery), and specific quantity (2-3 cartons)."", ""intent_level"": ""High""}, ""call_outcome"": {""category"": ""Follow-up"", ""conclusion_notes"": ""Seller will share details on WhatsApp as they are currently outside (Bahari hain, Whatsapp pe details bhej denge)""}, ""call_purpose"": ""requirement"", ""all_languages"": [""Tamil"", ""English""], ""primary_language"": ""Tamil"", ""additional_details"": {""buyer_queries"": [{""query"": ""What is the price of the brown covers?"", ""category"": ""Pricing"", ""sequence"": 1}], ""seller_queries"": [{""query"": ""What quantity do you need?"", ""category"": ""Quantity"", ""sequence"": 2, ""answer_by_buyer"": ""I need about 2 to 3 cartons.""}, {""query"": ""What size do you need?"", ""category"": ""Specifications"", ""sequence"": 3, ""answer_by_buyer"": ""I need standard sizes for a bakery.""}]}, ""intended_application"": ""Bakery Packaging""}, ""products"": [{""in_stock"": ""in stock"", ""product_name"": ""Brown Paper Bag (Bakery Brown Cover)"", ""specifications"": [{""name"": ""Color"", ""value"": ""Brown"", ""buyer_requested"": false, ""seller_mentioned"": true}], ""quantity_required"": {""unit"": ""cartons"", ""value"": 2}, ""related_categories"": [{""name"": ""Paper Grocery Bag"", ""reason"": ""Commonly used for food and grocery items in retail.""}], ""is_buyer_interested"": true, ""most_specific_category"": {""name"": ""Brown Paper Bag"", ""reason"": ""The buyer specifically asked for 'Brown cover' which refers to brown paper bags used in bakeries.""}, ""seller_accepts_quantity"": true}], ""next_steps"": {""buyer_next_steps"": [""To check details/prices on WhatsApp once shared.""], ""seller_next_steps"": [""To share price and product catalog via WhatsApp.""]}, ""buyer_details"": {""buyer_name"": ""7fb6139f1a32a77be3ed1d2f80e7f999a20787d614602015165b25dfc84bd196""}, ""seller_details"": {""seller_name"": ""c33c1415d196678a166ce42a791af7af4679ed81df5fc1c2a455ee5a952a3b5c""}}",2026-07-28 15:19:18.061,148550066846,29/07/26
264477239,BUYER,189001,"{""callback"": ""callback by Tomorrow 10 AM - To discuss catalog (Kal subah 10 baje call karta hoon)"", ""lead_tag"": {""deal_blockers"": [], ""deal_readiness"": ""Hot"", ""deal_readiness_reason"": ""Requested catalog immediately and committed to a callback tomorrow morning.""}, ""metadata"": {""call_type"": {""type"": ""B2B"", ""reason"": ""The buyer is inquiring about product catalogs for hair accessories, typically indicating a business interest in procurement."", ""evidence"": {""keywords"": [""Ladies Clutch"", ""Catalog""]}}, ""buyer_intent"": {""narrative"": ""Seeking a product catalog for ladies' hair clutches."", ""reasoning"": ""The buyer specifically asked for a catalog related to clutches and mentioned 'ladies clutch' explicitly."", ""intent_level"": ""High""}, ""call_outcome"": {""category"": ""Follow-up"", ""conclusion_notes"": ""Agreed to follow up tomorrow after checking the catalog (Kal subah 10 baje call karta hoon).""}, ""call_purpose"": ""requirement"", ""all_languages"": [""Hindi"", ""English""], ""primary_language"": ""Hindi"", ""additional_details"": {""buyer_queries"": [{""query"": ""Can you send me the catalog for clutches?"", ""category"": ""Specifications"", ""sequence"": 1, ""answer_by_seller"": ""I will send you the catalog, please message me.""}], ""seller_queries"": [{""query"": ""Which type of clutches are you looking for?"", ""category"": ""Specifications"", ""sequence"": 2}]}, ""intended_application"": ""Retail Resale""}, ""products"": [{""product_name"": ""Ladies Clutch (Hair Clutcher)"", ""related_categories"": [{""name"": ""Hair Accessories"", ""reason"": ""Clutchers are a sub-category of general hair accessories.""}], ""is_buyer_interested"": true, ""most_specific_category"": {""name"": ""Hair Clutcher"", ""reason"": ""The buyer explicitly mentioned 'ladies clutch' and 'clutcher' multiple times.""}}], ""next_steps"": {""buyer_next_steps"": [""To send a message on WhatsApp for the catalog"", ""To call back tomorrow morning at 10 AM""], ""seller_next_steps"": [""To share the hair clutch catalog on WhatsApp""]}, ""buyer_details"": {""buyer_name"": ""c7110c8879ecb42cfb9410c63fb3f3e438aeebf65887ac7ccef921b9d1d38cf1""}, ""seller_details"": {""seller_name"": ""1a0258486d0bf25847c3981c626409677feb878009deaad8aef4228fa5f76c16""}}",2026-07-28 15:12:21.525,148560698685,29/07/26
15470509,BUYER,9758,"{""payment"": {}, ""callback"": ""callback by Tomorrow 1 PM - To confirm stock (Kal ek baje callback karta hoon stock confirm karne ke liye)"", ""lead_tag"": {""deal_blockers"": [{""detail"": ""High transportation cost from Indore to Delhi"", ""category"": ""Location""}, {""detail"": ""Transportation makes the price non-competitive"", ""category"": ""Price""}], ""deal_readiness"": ""Cold"", ""deal_readiness_reason"": ""High logistics costs from Indore to Delhi make the transaction unviable for the buyer.""}, ""metadata"": {""call_type"": {""type"": ""B2B"", ""reason"": ""The buyer mentioned a reselling business and recurring requirements, which is a clear B2B indicator."", ""evidence"": {""keywords"": [""Reselling"", ""Technical Grade"", ""Agriculture""], ""order_type"": [""bulk"", ""commercial""], ""repeat_buyer"": true, ""buyer_persona"": {""persona_detail"": ""Reselling business"", ""persona_category"": ""retailer""}, ""quantity_scale"": ""High""}}, ""buyer_intent"": {""narrative"": ""Wants Magnesium Sulphate for resale but worried about shipping costs."", ""reasoning"": ""Buyer shows technical knowledge and specific grade requirements but is hesitant due to logistics costs from Indore."", ""intent_level"": ""Medium""}, ""call_outcome"": {""category"": ""Lost"", ""conclusion_notes"": ""Price is too high including transport (Bhaada bahut zyada hai).""}, ""call_purpose"": ""requirement"", ""all_languages"": [""Hindi"", ""English""], ""primary_language"": ""Hindi"", ""additional_details"": {""buyer_queries"": [{""query"": ""Do you have Magnesium Sulphate?"", ""category"": ""Specifications"", ""sequence"": 1}, {""query"": ""What is the rate for 9.5 percent grade?"", ""category"": ""Pricing"", ""sequence"": 2}, {""query"": ""Is it moisture-free?"", ""category"": ""Specifications"", ""sequence"": 4}, {""query"": ""Do you supply to Delhi?"", ""category"": ""Availability"", ""sequence"": 6}, {""query"": ""Is it available in part load or full load?"", ""category"": ""Quantity"", ""sequence"": 8}, {""query"": ""Are there many factories in Indore for this?"", ""category"": ""Other"", ""sequence"": 10}, {""query"": ""Is it a large or fine grain?"", ""category"": ""Specifications"", ""sequence"": 12}], ""seller_queries"": [{""query"": ""How much quantity do you need?"", ""category"": ""Quantity"", ""sequence"": 3}, {""query"": ""Where is the delivery location?"", ""category"": ""Location"", ""sequence"": 5}, {""query"": ""Do you manufacture it or trade?"", ""category"": ""Other"", ""sequence"": 7}, {""query"": ""Is it used in the cosmetic or agriculture industry?"", ""category"": ""Other"", ""sequence"": 11}]}, ""intended_application"": ""Retail Resale""}, ""products"": [{""price"": {""gst"": {""value"": 18, ""is_gst_included"": false}, ""value"": 24, ""currency"": ""INR"", ""price_unit"": ""kg"", ""delivery_charge"": {""details"": ""High transport cost to Delhi""}, ""negotiation_notes"": ""Buyer mentioned rates in Meerut and Gujarat are more competitive due to transport."", ""buyer_price_reaction"": {""quote"": ""Indore mein transport hi maar degi"", ""category"": ""Negotiating""}}, ""in_stock"": ""in stock"", ""product_name"": ""Magnesium Sulphate (9.5%)"", ""specifications"": [{""name"": ""Grade"", ""value"": ""9.5%"", ""buyer_requested"": true, ""seller_mentioned"": true}, {""name"": ""Form"", ""value"": ""Granules"", ""buyer_requested"": false, ""seller_mentioned"": true}, {""name"": ""Moisture Content"", ""value"": ""Contains some moisture"", ""buyer_requested"": true, ""seller_mentioned"": true}, {""name"": ""Category"", ""value"": ""Technical Grade"", ""buyer_requested"": false, ""seller_mentioned"": true}, {""name"": ""Grain Size"", ""value"": ""Fine like sugar"", ""buyer_requested"": true, ""seller_mentioned"": true}], ""quantity_required"": {""unit"": ""tonne"", ""value"": 1}, ""related_categories"": [{""name"": ""Chemical Fertilizers"", ""reason"": ""It is used in the agriculture industry as mentioned by the seller.""}, {""name"": ""Water Soluble Fertilizers"", ""reason"": ""Magnesium sulphate is a common water-soluble fertilizer.""}], ""is_buyer_interested"": true, ""minimum_order_quantity"": {""unit"": ""tonne"", ""value"": 1}, ""most_specific_category"": {""name"": ""Magnesium Sulphate"", ""reason"": ""The conversation explicitly mentions Magnesium Sulphate 9.5% grade.""}, ""seller_accepts_quantity"": true}], ""next_steps"": {""buyer_next_steps"": [], ""seller_next_steps"": []}, ""buyer_details"": {""buyer_name"": ""a6b988796bd91c209657d13fc7c14b8a7c9652cec0232f97046adb2e916ed5cc""}, ""seller_details"": {""seller_name"": ""bd3f131a260c9e6a5089eb46ca7ea1711102540805bf9b6ccdcc6f8c0995af38"", ""seller_location"": {""seller_city"": ""Indore""}}}",2026-07-28 15:05:56.575,148549793467,29/07/26
208938440,BUYER,27941,"{""payment"": {}, ""callback"": """", ""lead_tag"": {""deal_blockers"": [{""detail"": ""Seller does not deal in the requested product."", ""category"": ""Availability""}], ""deal_readiness"": ""Cold"", ""deal_readiness_reason"": ""The seller stated they do not provide the requested product.""}, ""metadata"": {""call_type"": {""type"": ""B2B"", ""reason"": ""The buyer was looking for a specific industrial resin, but the deal could not proceed because the seller does not supply it."", ""evidence"": {""order_type"": [""other""], ""repeat_buyer"": false}}, ""buyer_intent"": {""narrative"": ""Looking for Epoxy Resin."", ""reasoning"": ""The buyer specifically searched for Epoxy Resin and contacted the seller but the conversation ended quickly as the seller does not handle that product."", ""intent_level"": ""Low""}, ""call_outcome"": {""category"": ""Lost"", ""conclusion_notes"": ""Seller does not deal in Epoxy Resin (Epoxy Resin nahi hai hamare paas).""}, ""call_purpose"": ""requirement"", ""all_languages"": [""Telugu"", ""Hindi"", ""English""], ""primary_language"": ""English"", ""additional_details"": {""buyer_queries"": [{""query"": ""I am looking for Epoxy Resin, do you have it?"", ""category"": ""Availability"", ""sequence"": 1}], ""seller_queries"": []}}, ""products"": [{""in_stock"": ""not sold"", ""product_name"": ""Epoxy Resin"", ""specifications"": [], ""related_categories"": [{""name"": ""Resins"", ""reason"": ""Broad category for resin products.""}, {""name"": ""Synthetic Resins"", ""reason"": ""Epoxy resins are a type of synthetic resin.""}], ""is_buyer_interested"": true, ""most_specific_category"": {""name"": ""Epoxy Resin Additive"", ""reason"": ""The buyer explicitly asked for Epoxy Resin.""}}], ""next_steps"": {""buyer_next_steps"": [], ""seller_next_steps"": []}, ""buyer_details"": {""buyer_name"": ""8c896ca01d5fe0880f1599ad2c74bed213f0bf75c28211fe336d501c9272b22a""}, ""seller_details"": {""seller_name"": ""004687553429516cefacdedeaf3a24ce9324d0eb0739c192e21d3ecb883aef5b""}}",2026-07-28 15:03:03.806,148548887913,29/07/26
272438239,BUYER,21006,"{""callback"": ""callback by [Not Mentioned] - Call on seller's WhatsApp number to discuss pricing and specifications (WhatsApp number par call karne ke liye bola)"", ""lead_tag"": {""deal_blockers"": [], ""deal_readiness"": ""Warm"", ""deal_readiness_reason"": ""Buyer expressed specific interest in car silencers and is moving the conversation to WhatsApp for further details.""}, ""metadata"": {""call_type"": {""type"": ""B2C"", ""reason"": ""The buyer is inquiring about the price of a silencer, likely for a personal vehicle or small-scale repair shop."", ""evidence"": {""keywords"": [""Car Silencer""], ""order_type"": [""other""], ""quantity_scale"": ""Low""}}, ""buyer_intent"": {""narrative"": ""Looking for car silencer and inquiring about price."", ""reasoning"": ""The buyer specifically called several times to ask for the price of 'silence', showing a genuine product requirement."", ""intent_level"": ""Medium""}, ""call_outcome"": {""category"": ""Follow-up"", ""conclusion_notes"": ""Follow up to discuss on WhatsApp (WhatsApp number par call karo)""}, ""call_purpose"": ""requirement"", ""all_languages"": [""Hindi"", ""English""], ""primary_language"": ""Hindi"", ""additional_details"": {""buyer_queries"": [{""query"": ""What is the price of the silencer?"", ""category"": ""Pricing"", ""sequence"": 1}], ""seller_queries"": [{""query"": ""What do you want to buy for how much?"", ""category"": ""Other"", ""sequence"": 2}]}}, ""products"": [{""in_stock"": ""in stock"", ""product_name"": ""Car Silencer (silence)"", ""related_categories"": [{""name"": ""Truck Silencer"", ""reason"": ""Related automotive exhaust component""}, {""name"": ""Four Wheeler Exhaust Pipe"", ""reason"": ""Part of the exhaust system for cars""}], ""is_buyer_interested"": true, ""most_specific_category"": {""name"": ""Car Silencer"", ""reason"": ""Buyer explicitly asked for 'silencer' for a car.""}}], ""next_steps"": {""buyer_next_steps"": [""To call the seller on the provided WhatsApp number 8810355395 for pricing and details.""], ""seller_next_steps"": [""To provide product information and pricing once the buyer calls.""]}, ""buyer_details"": {""buyer_name"": ""a8a3ea951fc539b57830bc6d611655ed6c260fab370927e50919960e6839b70d"", ""buyer_mobile_number"": ""690e8d9911d72666c8abe783edac1407a05b9ae5a5ff88760935bfae420209b1""}, ""seller_details"": {""seller_name"": ""f4482939d91a358c6f6e99f6fd9639eb7ef317fddfd196cdfc1c3e59afdc9847"", ""seller_mobile_number"": ""c2f4b5f2e344cf3435ecbd50eae77343e0878540140518baefd70573b78ef961""}}",2026-07-28 14:53:06.212,148548045963,29/07/26
121212214,BUYER,30017,"{""callback"": ""callback by Tomorrow 5 PM - To finalize"", ""lead_tag"": {""deal_blockers"": [{""detail"": ""Price increase due to material costs"", ""category"": ""Price""}], ""deal_readiness"": ""Warm"", ""deal_readiness_reason"": ""Buyer is considering the price for a temple donation and will confirm soon.""}, ""metadata"": {""call_type"": {""type"": ""B2C"", ""reason"": ""Individual buying for donation purposes, single unit discussed."", ""evidence"": {""keywords"": [""Temple Donation"", ""6ft Sink"", ""SS 304 Material""], ""order_type"": [""one-time""], ""buyer_persona"": {""persona_detail"": ""Individual buyer for donation"", ""persona_category"": ""end_consumer""}, ""quantity_scale"": ""Low""}}, ""buyer_intent"": {""narrative"": ""Wants a 6ft stainless steel hand wash sink for temple donation in Chennai."", ""reasoning"": ""Clear specs given, including size and material preference for a specific project."", ""intent_level"": ""High""}, ""call_outcome"": {""category"": ""Follow-up"", ""conclusion_notes"": ""Will confirm after checking budget for donation (Price zyada hai context)""}, ""call_purpose"": ""requirement"", ""all_languages"": [""Tamil"", ""English""], ""primary_language"": ""Tamil"", ""additional_details"": {""buyer_queries"": [{""query"": ""What is the price for a 6ft hand wash sink?"", ""category"": ""Pricing"", ""sequence"": 2}], ""seller_queries"": [{""query"": ""How did you find our contact details?"", ""category"": ""Other"", ""sequence"": 1, ""answer_by_buyer"": ""I saw your profile on WhatsApp""}]}}, ""products"": [{""price"": {""value"": 17000, ""currency"": ""INR"", ""price_unit"": ""piece"", ""buyer_price_reaction"": {""quote"": ""A 5-thousnd difference from before"", ""category"": ""Negotiating""}}, ""in_stock"": ""in stock"", ""product_name"": ""6ft Hand Wash Sink"", ""specifications"": [{""name"": ""Length"", ""unit"": ""ft"", ""value"": ""6"", ""buyer_requested"": true, ""seller_mentioned"": true}, {""name"": ""Material Grade"", ""value"": ""SS 304"", ""buyer_requested"": false, ""seller_mentioned"": true}], ""quantity_required"": {""unit"": ""pieces"", ""value"": 1}, ""related_categories"": [{""name"": ""Stainless Steel Wash Basin"", ""reason"": ""Made of SS 304 grade material.""}], ""is_buyer_interested"": true, ""most_specific_category"": {""name"": ""Hand Wash Station"", ""reason"": ""Specifically mentioned as a hand wash sink for multiple users in a temple.""}, ""seller_accepts_quantity"": true}], ""next_steps"": {""buyer_next_steps"": [""To confirm the order after final budget check""], ""seller_next_steps"": [""To follow up on the quote provided""]}, ""buyer_details"": {""buyer_name"": ""2a29b7bedbddea889d15dcedb9dd881ebf548b0adfbe76833eda214dfbef80d6""}, ""seller_details"": {""seller_location"": {""seller_city"": ""Chennai"", ""seller_locality"": ""Mughalivakkam""}}}",2026-07-28 14:45:26.968,148547665452,29/07/26
272438239,BUYER,21006,"{""callback"": ""callback by Now - Sending WhatsApp details (WhatsApp par bhej raha hoon)"", ""lead_tag"": {""deal_blockers"": [], ""deal_readiness"": ""Hot"", ""deal_readiness_reason"": ""Immediate action being taken to share product details on WhatsApp for a quick deal.""}, ""metadata"": {""call_type"": {""type"": ""B2C"", ""reason"": ""The call is a brief follow-up regarding sharing product images/details via WhatsApp. No specific quantity or business context was established to classify as B2B."", ""evidence"": {""order_type"": [""other""], ""repeat_buyer"": false}}, ""buyer_intent"": {""narrative"": ""Seeking product details and images from the seller."", ""reasoning"": ""The buyer confirmed they had not received the WhatsApp contact/images yet and prompt the seller to send them."", ""intent_level"": ""Medium""}, ""call_outcome"": {""category"": ""Follow-up"", ""conclusion_notes"": ""Seller is sending details on WhatsApp immediately after the call (WhatsApp number pe bhej raha hoon).""}, ""call_purpose"": ""followup"", ""all_languages"": [""Hindi"", ""English""], ""primary_language"": ""Hindi"", ""additional_details"": {""buyer_queries"": [], ""seller_queries"": [{""query"": ""Did you receive my photos?"", ""category"": ""Other"", ""sequence"": 1}]}}, ""products"": [{""product_name"": ""Unspecified Product (Photos/Details requested)"", ""is_buyer_interested"": true}], ""next_steps"": {""buyer_next_steps"": [""To check for the message on WhatsApp""], ""seller_next_steps"": [""To send product details and contact information on the buyer's WhatsApp""]}, ""buyer_details"": {""buyer_name"": ""a8a3ea951fc539b57830bc6d611655ed6c260fab370927e50919960e6839b70d""}, ""seller_details"": {""seller_name"": ""f4482939d91a358c6f6e99f6fd9639eb7ef317fddfd196cdfc1c3e59afdc9847""}}",2026-07-28 14:44:18.677,148548045963,29/07/26
272438239,BUYER,21006,"{""lead_tag"": {""deal_blockers"": [], ""deal_readiness"": ""Warm"", ""deal_readiness_reason"": ""Buyer shared specific model requirement and seller is sharing photos/specs on WhatsApp to proceed.""}, ""metadata"": {""call_type"": {""type"": ""B2B"", ""reason"": ""The buyer is inquiring about a specific engine silencer for commercial equipment (Deutz Kasatni)."", ""evidence"": {""order_type"": [""commercial""], ""repeat_buyer"": false}}, ""buyer_intent"": {""narrative"": ""Seeking a BS6 silencer for a Deutz Kasatni engine."", ""reasoning"": ""Buyer specified exact engine model and emission standard (BS6), showing high technical clarity."", ""intent_level"": ""High""}, ""call_outcome"": {""category"": ""Follow-up"", ""conclusion_notes"": ""Seller will share photos and specs on WhatsApp (Abhi bhej raha hoon photo aur details)""}, ""call_purpose"": ""requirement"", ""all_languages"": [""Hindi"", ""English""], ""primary_language"": ""Hindi"", ""additional_details"": {""buyer_queries"": [{""query"": ""I need a silencer for Deutz Kasatni."", ""category"": ""Availability"", ""sequence"": 1}], ""seller_queries"": [{""query"": ""Is it for BS4 or BS6?"", ""category"": ""Specifications"", ""sequence"": 2, ""answer_by_buyer"": ""BS6""}]}, ""intended_application"": ""Engine Exhaust System""}, ""products"": [{""in_stock"": ""in stock"", ""product_name"": ""Deutz Kasatni Silencer"", ""specifications"": [{""name"": ""Engine Model"", ""value"": ""Deutz Kasatni"", ""buyer_requested"": false, ""seller_mentioned"": false}, {""name"": ""Emission Standard"", ""value"": ""BS6"", ""buyer_requested"": true, ""seller_mentioned"": true}], ""related_categories"": [{""name"": ""Exhaust System and System Components"", ""reason"": ""Silencers are a primary component of the exhaust system.""}], ""is_buyer_interested"": true, ""most_specific_category"": {""name"": ""Car Silencer"", ""reason"": ""The conversation is specifically about an exhaust silencer for a Deutz engine.""}}], ""next_steps"": {""buyer_next_steps"": [""To check photos and specs on WhatsApp""], ""seller_next_steps"": [""To share product photos and specifications on WhatsApp""]}, ""buyer_details"": {""buyer_name"": ""a8a3ea951fc539b57830bc6d611655ed6c260fab370927e50919960e6839b70d""}, ""seller_details"": {""seller_name"": ""f4482939d91a358c6f6e99f6fd9639eb7ef317fddfd196cdfc1c3e59afdc9847""}}",2026-07-28 14:39:38.876,148548045963,29/07/26
32936194,BUYER,105046,"{""payment"": {}, ""callback"": ""callback by Tomorrow - To discuss tube requirements (Abhi raste mein hoon kal baat karte hai)"", ""lead_tag"": {""deal_blockers"": [], ""deal_readiness"": ""Warm"", ""deal_readiness_reason"": ""The buyer shows genuine intent and requested to connect on WhatsApp for sharing requirements and catalog.""}, ""metadata"": {""call_type"": {""type"": ""B2B"", ""reason"": ""The buyer has specific product and size requirements and is looking to connect with a potential supplier for ongoing business."", ""evidence"": {""keywords"": [""Tube"", ""Bottle"", ""Cosmetic Packaging"", ""Pharmaceutical packaging""], ""order_type"": [""bulk""], ""repeat_buyer"": true, ""buyer_persona"": {""persona_category"": ""retailer""}, ""quantity_scale"": ""High""}}, ""buyer_intent"": {""narrative"": ""The buyer is looking for 60ml and 120ml tubes for cosmetics or pharmaceutical use."", ""reasoning"": ""The buyer has specific size requirements and is actively seeking contact details to discuss and share specific needs."", ""intent_level"": ""High""}, ""call_outcome"": {""category"": ""Follow-up"", ""conclusion_notes"": ""The seller shared his contact details and the buyer agreed to send a message on WhatsApp for further discussion. (Haan done mere paas hai paper pen main abhi message drop karti hoon. Okay done.)""}, ""call_purpose"": ""requirement"", ""all_languages"": [""Hindi"", ""English""], ""primary_language"": ""Hindi"", ""additional_details"": {""buyer_queries"": [{""query"": ""I have a requirement for 60ml and 120ml tubes."", ""category"": ""Specifications"", ""sequence"": 1}], ""seller_queries"": []}}, ""products"": [{""in_stock"": ""in stock"", ""product_name"": ""60ml Tube"", ""specifications"": [{""name"": ""Size"", ""unit"": ""ml"", ""value"": ""60"", ""buyer_requested"": true, ""seller_mentioned"": false}], ""related_categories"": [{""name"": ""Laminated Tubes"", ""reason"": ""Tubes in these sizes are often laminated for better protection and display.""}, {""name"": ""Cosmetic and Pharmaceutical Packaging Tube"", ""reason"": ""These tubes are widely used for packing cosmetics and pharmaceutical products.""}], ""is_buyer_interested"": true, ""most_specific_category"": {""name"": ""Plastic Packaging Tube"", ""reason"": ""The buyer is looking for 60ml and 120ml tubes, which are commonly made of plastic used in the cosmetic and pharmaceutical industry.""}}, {""in_stock"": ""in stock"", ""product_name"": ""120ml Tube"", ""specifications"": [{""name"": ""Size"", ""unit"": ""ml"", ""value"": ""120"", ""buyer_requested"": true, ""seller_mentioned"": false}], ""related_categories"": [{""name"": ""Laminated Tubes"", ""reason"": ""Tubes in these sizes are often laminated for better protection and display.""}, {""name"": ""Cosmetic and Pharmaceutical Packaging Tube"", ""reason"": ""These tubes are widely used for packing cosmetics and pharmaceutical products.""}], ""is_buyer_interested"": true, ""most_specific_category"": {""name"": ""Plastic Packaging Tube"", ""reason"": ""The buyer is looking for 60ml and 120ml tubes, which are commonly made of plastic used in the cosmetic and pharmaceutical industry.""}}, {""in_stock"": ""in stock"", ""product_name"": ""HDPE Tube Bottle"", ""specifications"": [{""name"": ""Material"", ""value"": ""HDPE"", ""buyer_requested"": false, ""seller_mentioned"": true}], ""related_categories"": [{""name"": ""Plastic Cosmetic Jar"", ""reason"": ""HDPE bottles are often used as alternatives to jars in cosmetic packaging.""}], ""is_buyer_interested"": false, ""most_specific_category"": {""name"": ""Plastic Packaging Tube"", ""reason"": ""The seller mentioned dealing in tube bottles made of HDPE material.""}}], ""next_steps"": {""buyer_next_steps"": [""To send a message to the seller on WhatsApp.""], ""seller_next_steps"": [""To share the product catalog on WhatsApp.""]}, ""buyer_details"": {""buyer_name"": ""ecb3a79dec6f42dd46bcdab5b0f155cba6520caad9b64f99641554c24b91cbd8""}, ""seller_details"": {""seller_name"": ""667b5c111acc490a2321b96c1b8760f00aa1a62f93d55e3302be74c4d61e7c75"", ""seller_mobile_number"": ""48887e48f6a4aad2044f50ad197db918723a6b5ac56d1d6a218851ed1087761c""}}",2026-07-28 14:36:31.852,148542995167,29/07/26
220433872,BUYER,85924,"{""callback"": """", ""lead_tag"": {""deal_blockers"": [{""detail"": ""The buyer only needs 12 pieces but the seller's MOQ is 2000 pieces."", ""category"": ""MOQ""}], ""deal_readiness"": ""Cold"", ""deal_readiness_reason"": ""The buyer's requirement for 12 pieces is significantly lower than the seller's MOQ of 2000 pieces.""}, ""metadata"": {""call_type"": {""type"": ""B2C"", ""reason"": ""The buyer was looking for a very small quantity of 12 custom boxes for personal or trial use."", ""evidence"": {""keywords"": [""Custom boxes""], ""order_type"": [""other""], ""repeat_buyer"": false, ""quantity_scale"": ""Low""}}, ""buyer_intent"": {""narrative"": ""Wants 12 custom boxes."", ""reasoning"": ""The buyer has a very specific but extremely low quantity requirement of 12 pieces."", ""intent_level"": ""Low""}, ""call_outcome"": {""category"": ""Lost"", ""conclusion_notes"": ""The deal was lost due to a high MOQ mismatch (MOQ 2000 vs requirement 12).""}, ""call_purpose"": ""requirement"", ""all_languages"": [""Hindi"", ""English""], ""primary_language"": ""Hindi"", ""additional_details"": {""buyer_queries"": [{""query"": ""Do you make custom boxes?"", ""category"": ""Availability"", ""sequence"": 1}, {""query"": ""I need 12 pieces, can you do that?"", ""category"": ""Quantity"", ""sequence"": 2}], ""seller_queries"": []}}, ""products"": [{""in_stock"": ""in stock"", ""product_name"": ""Custom Box"", ""specifications"": [{""name"": ""Type"", ""value"": ""Custom"", ""buyer_requested"": true, ""seller_mentioned"": true}], ""quantity_required"": {""unit"": ""pieces"", ""value"": 12}, ""related_categories"": [{""name"": ""Gift Box"", ""reason"": ""Custom boxes are a type of gift box.""}, {""name"": ""Printed Gift Box"", ""reason"": ""Custom boxes are often printed with specific designs.""}], ""is_buyer_interested"": true, ""minimum_order_quantity"": {""unit"": ""pieces"", ""value"": 2000}, ""most_specific_category"": {""name"": ""Customized Gift Boxes"", ""reason"": ""The buyer explicitly asked for custom boxes (Custom boxes).""}, ""seller_accepts_quantity"": false}], ""next_steps"": {""buyer_next_steps"": [], ""seller_next_steps"": []}, ""buyer_details"": {""buyer_mobile_number"": ""cb1538a9c4c0403dba61cd610a72acc4cf101fbf458cb817edcdf9a0666de7f7""}, ""seller_details"": {""seller_mobile_number"": ""5feceb66ffc86f38d952786c6d696c79c2dbc239dd4e91b46729d73a27fb57e9""}}",2026-07-28 14:19:51.344,148546535359,29/07/26
196406724,BUYER,172377,"{""lead_tag"": {""deal_blockers"": [], ""deal_readiness"": ""Warm"", ""deal_readiness_reason"": ""Discussed weight and location but needs to bring parcel to the warehouse""}, ""metadata"": {""call_type"": {""type"": ""B2C"", ""reason"": ""Individual parcel delivery request for personal or small shipment from Mumbai to Kanpur."", ""evidence"": {""keywords"": [""Parcel transport"", ""Kurla West"", ""Goregaon warehouse""], ""order_type"": [""one-time""], ""quantity_scale"": ""Low""}}, ""buyer_intent"": {""narrative"": ""Wants to transport a 50kg parcel from Mumbai to Kanpur."", ""reasoning"": ""Standard parcel size (50kg) and clear route (Mumbai to Kanpur) with specific pickup and drop locations mentioned."", ""intent_level"": ""High""}, ""call_outcome"": {""category"": ""Follow-up"", ""conclusion_notes"": ""Discussed location of warehouse (Goregaon) for parcel drop off.""}, ""call_purpose"": ""requirement"", ""all_languages"": [""Hindi"", ""English""], ""primary_language"": ""Hindi"", ""additional_details"": {""buyer_queries"": [{""query"": ""How far is the warehouse from here?"", ""category"": ""Location"", ""sequence"": 4}], ""seller_queries"": [{""query"": ""Where do you want to send it?"", ""category"": ""Location"", ""sequence"": 1, ""answer_by_buyer"": ""Kanpur, Uttar Pradesh""}, {""query"": ""Where in Mumbai are you located?"", ""category"": ""Location"", ""sequence"": 2, ""answer_by_buyer"": ""Mumbai West Kurla""}, {""query"": ""Can you bring it to Goregaon warehouse?"", ""category"": ""Location"", ""sequence"": 3}]}}, ""products"": [{""in_stock"": ""in stock"", ""product_name"": ""Parcel Transport Service (50kg Parcel)"", ""specifications"": [{""name"": ""Weight"", ""unit"": ""kg"", ""value"": ""50"", ""buyer_requested"": false, ""seller_mentioned"": false}, {""name"": ""Destination"", ""value"": ""Kanpur, UP"", ""buyer_requested"": true, ""seller_mentioned"": false}, {""name"": ""Origin"", ""value"": ""Kurla, Mumbai"", ""buyer_requested"": false, ""seller_mentioned"": false}], ""quantity_required"": {""unit"": ""kg"", ""value"": 50}, ""related_categories"": [{""name"": ""Local Transport Service"", ""reason"": ""Involves local movement in Mumbai to a warehouse.""}, {""name"": ""Interstate Transportation Services"", ""reason"": ""Transport is between Maharashtra and Uttar Pradesh.""}], ""is_buyer_interested"": true, ""most_specific_category"": {""name"": ""Goods Transport Services"", ""reason"": ""The service involve transporting a 50kg parcel from Mumbai to Kanpur.""}, ""seller_accepts_quantity"": true}], ""next_steps"": {""buyer_next_steps"": [""To bring the parcel to the Goregaon warehouse""], ""seller_next_steps"": [""To provide warehouse address details""]}, ""buyer_details"": {""buyer_location"": {""buyer_city"": ""Kanpur"", ""buyer_state"": ""Uttar Pradesh""}}, ""seller_details"": {""seller_location"": {""seller_city"": ""Mumbai"", ""seller_locality"": ""Goregaon""}}}",2026-07-28 14:19:02.698,148546618959,29/07/26
246499326,BUYER,131566,"{""callback"": ""callback by Today 1 PM - To discuss requirement details and quantity (Personal number pe inquiry dal dijiye)"", ""lead_tag"": {""deal_blockers"": [], ""deal_readiness"": ""Warm"", ""deal_readiness_reason"": ""The buyer shared a specific product requirement and was asked to send details on WhatsApp for further discussion.""}, ""metadata"": {""call_type"": {""type"": ""B2B"", ""reason"": ""The conversation is around industrial chemicals and the buyer represents a business interest, typical of B2B transactions."", ""evidence"": {""keywords"": [""Chemicals""], ""order_type"": [""commercial""], ""repeat_buyer"": false}}, ""buyer_intent"": {""narrative"": ""The buyer is inquiring for Cyclohexanone and connected via IndiaMART."", ""reasoning"": ""The buyer has a specific product requirement and actively followed up on the source of the contact number."", ""intent_level"": ""High""}, ""call_outcome"": {""category"": ""Follow-up"", ""conclusion_notes"": ""The buyer will share the requirement details on WhatsApp (Personal number pe inquiry dal dijiye).""}, ""call_purpose"": ""requirement"", ""all_languages"": [""Hindi"", ""English""], ""primary_language"": ""Hindi"", ""additional_details"": {""buyer_queries"": [{""query"": ""Do you have Cyclohexanone?"", ""category"": ""Availability"", ""sequence"": 1}], ""seller_queries"": [{""query"": ""What quantity is required and where are you located?"", ""category"": ""Quantity"", ""sequence"": 2}]}}, ""products"": [{""in_stock"": ""in stock"", ""product_name"": ""Cyclohexanone"", ""specifications"": [{""name"": ""Product Name"", ""value"": ""Cyclohexanone"", ""buyer_requested"": true, ""seller_mentioned"": true}], ""related_categories"": [{""name"": ""Chemical Solvent"", ""reason"": ""Cyclohexanone is a widely used industrial chemical solvent.""}, {""name"": ""Industrial Solvents"", ""reason"": ""Cyclohexanone is utilized as an industrial-grade solvent in various processes.""}], ""is_buyer_interested"": true, ""most_specific_category"": {""name"": ""Cyclohexanone"", ""reason"": ""The buyer explicitly asked for Cyclohexanone and the seller confirmed dealing in it.""}}], ""next_steps"": {""buyer_next_steps"": [""To share requirement details and quantity on WhatsApp""], ""seller_next_steps"": [""To provide more details after receiving the WhatsApp inquiry""]}, ""buyer_details"": {""buyer_name"": ""28716f5e99d3c20d5bff5082b8fa4c7197a2360d55156f04f0302d4f7db21f0f""}, ""seller_details"": {""seller_name"": ""7d62a033b334503f7db39bd479f5589749931ce41338cde16705e363424f6b8a"", ""seller_location"": {""seller_city"": ""Surat"", ""seller_state"": ""Gujarat""}, ""seller_mobile_number"": ""b105c88fb92b1a4bea25ebd4945f46a80266a3a4329c246a2e478b1c9f6ccaa3""}}",2026-07-28 14:00:49.703,148545355885,29/07/26
246499326,BUYER,131566,"{""callback"": ""callback by Today Afternoon - To check on product availability and details (Main dopahar mein call karta hoon)"", ""lead_tag"": {""deal_blockers"": [], ""deal_readiness"": ""Warm"", ""deal_readiness_reason"": ""The caller explicitly promised to call back later today to discuss the requirement. ""}, ""metadata"": {""call_type"": {""type"": ""B2B"", ""reason"": ""The call was initiated regarding a product inquiry on IndiaMART, indicating a commercial interest."", ""evidence"": {""keywords"": [""Requirement""]}}, ""buyer_intent"": {""narrative"": ""The buyer returned a call and expressed interest in discussing a requirement later in the afternoon."", ""reasoning"": ""The buyer initiated contact by returning a missed call and confirmed he wants to discuss the requirement later today, showing genuine but not yet specified intent."", ""intent_level"": ""Medium""}, ""call_outcome"": {""category"": ""Follow-up"", ""conclusion_notes"": ""A follow-up was agreed for the afternoon (Main dopahar mein call karta hoon)""}, ""call_purpose"": ""requirement"", ""all_languages"": [""Hindi"", ""English""], ""primary_language"": ""Hindi"", ""additional_details"": {""buyer_queries"": [], ""seller_queries"": [{""query"": ""What is the requirement for?"", ""category"": ""Other"", ""sequence"": 1}]}}, ""products"": [{""product_name"": ""Chemical Solvent (Acetone)"", ""related_categories"": [{""name"": ""Acetone Solvent"", ""reason"": ""The buyer inquired through a platform for a specific chemical requirement often associated with solvents.""}, {""name"": ""Industrial Solvents"", ""reason"": ""Commonly used in wholesale and bulk B2B trades for various industrial applications.""}], ""is_buyer_interested"": true}], ""next_steps"": {""buyer_next_steps"": [""To call back in the afternoon to discuss the inquiry""], ""seller_next_steps"": [""To provide product information if initiated by the buyer later today""]}, ""buyer_details"": {""buyer_name"": ""28716f5e99d3c20d5bff5082b8fa4c7197a2360d55156f04f0302d4f7db21f0f""}, ""seller_details"": {""seller_name"": ""220bf82894968c97bbfad71c50b7d1fad6aeb9287ed873533ec38ad945f67022""}}",2026-07-28 13:57:30.526,148545355885,29/07/26
1482287,BUYER,15896,"{""callback"": ""callback by in 5-10 minutes - To discuss after checking photos (5-10 minute deejiye main check karke aapko fir call back karta hoon)"", ""lead_tag"": {""deal_blockers"": [], ""deal_readiness"": ""Hot"", ""deal_readiness_reason"": ""Specific requirement for jewelry shop display with immediate intent to share photos and receive a callback within 10 minutes.""}, ""metadata"": {""call_type"": {""type"": ""B2B"", ""reason"": ""The buyer is looking for specific display fixtures for their jewelry shop, which indicates a commercial B2B requirement for store fit-outs."", ""evidence"": {""keywords"": [""Jewelry Shop"", ""Gold Plated Jewelry"", ""Shop Display"", ""Customized Racks""], ""order_type"": [""commercial""], ""buyer_persona"": {""persona_detail"": ""Jewelry Shop Owner"", ""persona_category"": ""retailer""}, ""quantity_scale"": ""Low""}}, ""buyer_intent"": {""narrative"": ""Wants to purchase 2 movable display racks and 1 inner case for a jewelry shop in Pune."", ""reasoning"": ""The buyer provided specific application details (gold plated jewelry) and exact quantities (2 movable racks, 1 case), indicating high purchase intent."", ""intent_level"": ""High""}, ""call_outcome"": {""category"": ""Follow-up"", ""conclusion_notes"": ""Seller committed to calling back in 10 minutes after reviewing the buyer's reference photos (5-10 minute deejiye main check karke aapko fir call back karta hoon).""}, ""call_purpose"": ""requirement"", ""all_languages"": [""Hindi"", ""English""], ""primary_language"": ""Hindi"", ""additional_details"": {""buyer_queries"": [{""query"": ""How do you take measurements for the racks?"", ""category"": ""Specifications"", ""sequence"": 1}, {""query"": ""Can you send someone to take measurements?"", ""category"": ""Specifications"", ""sequence"": 2}, {""query"": ""Where exactly is your shop in Nana Peth?"", ""category"": ""Location"", ""sequence"": 3}, {""query"": ""Do you make these types of racks?"", ""category"": ""Specifications"", ""sequence"": 5}], ""seller_queries"": [{""query"": ""Where are you calling from?"", ""category"": ""Location"", ""sequence"": 4, ""answer_by_buyer"": ""Shukrawar Peth.""}, {""query"": ""What exactly do you need?"", ""category"": ""Specifications"", ""sequence"": 6, ""answer_by_buyer"": ""It is for gold plated jewelry; I need two movable display racks and one inner case for the shop.""}, {""query"": ""Do you have photos of the racks you need?"", ""category"": ""Specifications"", ""sequence"": 7}]}, ""intended_application"": ""Jewelry Shop Display""}, ""products"": [{""in_stock"": ""in stock"", ""product_name"": ""Movable Display Rack"", ""specifications"": [{""name"": ""Feature"", ""value"": ""Movable"", ""buyer_requested"": false, ""seller_mentioned"": false}], ""quantity_required"": {""unit"": ""pieces"", ""value"": 2}, ""related_categories"": [{""name"": ""Retail Store Display"", ""reason"": ""These racks are intended for use in a jewelry retail shop.""}], ""is_buyer_interested"": true, ""most_specific_category"": {""name"": ""Display Rack"", ""reason"": ""The buyer explicitly asked for display racks for gold-plated jewelry.""}, ""seller_accepts_quantity"": true}, {""in_stock"": ""in stock"", ""product_name"": ""Inner Case (Display Case)"", ""quantity_required"": {""unit"": ""piece"", ""value"": 1}, ""related_categories"": [{""name"": ""Retail Display Rack"", ""reason"": ""Used for retail jewelry presentation.""}], ""is_buyer_interested"": true, ""most_specific_category"": {""name"": ""Display Rack"", ""reason"": ""Described as an inner case for displaying jewelry inside a shop.""}, ""seller_accepts_quantity"": true}], ""next_steps"": {""buyer_next_steps"": [""To share reference photos of the required racks on WhatsApp""], ""seller_next_steps"": [""To check the photos shared by the buyer"", ""To call the buyer back within 10 minutes to discuss the requirement""]}, ""buyer_details"": {""buyer_name"": ""854e973753957848bd76991343f840b1a34784b7aac33ecb0964c89d0a6fc8cc"", ""buyer_location"": {""buyer_city"": ""Pune""}}, ""seller_details"": {""seller_name"": ""0d000d15de3b4baf792919aebe732187f83757392b19ef1dad0552cd6144869b"", ""seller_location"": {""seller_city"": ""Pune"", ""seller_locality"": ""Nana Peth""}}}",2026-07-28 13:33:17.269,148545820346,29/07/26
122949938,BUYER,951,"{""payment"": {""payment_mode"": ""net banking""}, ""callback"": ""callback by Tomorrow - To send product photos on WhatsApp (Kaal photo WhatsApp kari dais)"", ""lead_tag"": {""deal_blockers"": [], ""deal_readiness"": ""Warm"", ""deal_readiness_reason"": ""The buyer has a specific quantity and budget requirement but needs to review photos before finalizing.""}, ""metadata"": {""call_type"": {""type"": ""B2B"", ""reason"": ""The buyer is seeking a high volume of wall clocks for corporate gifting, indicating a B2B transaction."", ""evidence"": {""keywords"": [""Logo Printing"", ""Gift"", ""Bulk Quantity""], ""order_type"": [""bulk"", ""commercial""], ""quantity_scale"": ""High""}}, ""buyer_intent"": {""narrative"": ""The buyer is looking for 2000-2500 wall clocks for gifting with logo printing within a budget of 150-400 INR."", ""reasoning"": ""The buyer has a specific quantity, budget range, and end-use (gifting with brand logo)."", ""intent_level"": ""High""}, ""call_outcome"": {""category"": ""Follow-up"", ""conclusion_notes"": ""The seller will send more photos on WhatsApp for selection. (Photo WhatsApp kari dais)""}, ""call_purpose"": ""requirement"", ""all_languages"": [""Gujarati"", ""English""], ""primary_language"": ""Gujarati"", ""additional_details"": {""buyer_queries"": [{""query"": ""Do you have wall clocks?"", ""category"": ""Specifications"", ""sequence"": 1}, {""query"": ""I need around 2000 to 2500 pieces."", ""category"": ""Quantity"", ""sequence"": 2}, {""query"": ""Does that include logo printing?"", ""category"": ""Specifications"", ""sequence"": 6}, {""query"": ""Can you send me more photos across different ranges?"", ""category"": ""Specifications"", ""sequence"": 7}], ""seller_queries"": [{""query"": ""What budget are you looking for?"", ""category"": ""Specifications"", ""sequence"": 3}, {""query"": ""Do you need a single model or mixed ones?"", ""category"": ""Specifications"", ""sequence"": 4}, {""query"": ""How does this Panasonic model look to you?"", ""category"": ""Specifications"", ""sequence"": 5}]}}, ""products"": [{""price"": {""gst"": {""value"": 18, ""is_gst_included"": false}, ""value"": 150, ""currency"": ""INR"", ""price_unit"": ""piece"", ""negotiation_notes"": ""The seller quoted 250 INR plus 18% GST and 7 INR for battery."", ""buyer_price_reaction"": {""quote"": ""Can you show more options between 150 to 350-400?"", ""category"": ""Negotiating""}}, ""in_stock"": ""in stock"", ""product_name"": ""Wall Clock"", ""specifications"": [{""name"": ""Brand"", ""value"": ""Panasonic"", ""buyer_requested"": false, ""seller_mentioned"": true}, {""name"": ""Movement"", ""value"": ""Sweep Movement"", ""buyer_requested"": false, ""seller_mentioned"": true}, {""name"": ""Logo Printing"", ""value"": ""Included"", ""buyer_requested"": true, ""seller_mentioned"": true}], ""quantity_required"": {""unit"": ""pieces"", ""value"": 2000}, ""related_categories"": [{""name"": ""Gift Clock"", ""reason"": ""The buyer mentioned needing clocks for gifting with brand logos.""}, {""name"": ""Logo Wall Clock"", ""reason"": ""The buyer confirmed they need logo printing on the clocks.""}], ""is_buyer_interested"": true, ""most_specific_category"": {""name"": ""Wall Clocks"", ""reason"": ""The buyer explicitly asked for 'Wall Clocks' for gifting purposes.""}, ""seller_accepts_quantity"": true}], ""next_steps"": {""buyer_next_steps"": [""To review the product photos shared by the seller.""], ""seller_next_steps"": [""To send more wall clock photos across the 150-400 INR range on WhatsApp.""]}, ""buyer_details"": {""buyer_name"": ""a6eac1a0ae42d3e466b45dd4610e18decdb339b59bda075853ae0229fd4edc35"", ""buyer_location"": {""buyer_city"": ""Mehsana""}}, ""seller_details"": {""seller_name"": ""8d2c522230b58416e4e79abf0abd95b8c9356e88493c83eff514d6571370c8f2"", ""seller_location"": {""seller_city"": ""Vasai""}}}",2026-07-28 13:14:57.408,148544910559,29/07/26
75346022,BUYER,102077,"{""lead_tag"": {""deal_blockers"": [], ""deal_readiness"": ""Warm"", ""deal_readiness_reason"": ""The buyer provided specific size requirements but the call was interrupted before further details could be discussed.""}, ""metadata"": {""call_type"": {""type"": ""B2B"", ""reason"": ""The inquiry originated from IndiaMART for cotton fabric, which is typically a B2B commodity, although specific volume was not yet discussed."", ""evidence"": {""keywords"": [""Cotton Fabric""], ""order_type"": [""commercial""], ""quantity_scale"": ""High""}}, ""buyer_intent"": {""narrative"": ""Interested in cotton fabric with a width of 58 to 60 inches."", ""reasoning"": ""The buyer responded with specific width dimensions after the seller inquired about requirements."", ""intent_level"": ""Medium""}, ""call_outcome"": {""category"": ""Follow-up"", ""conclusion_notes"": ""The call was interrupted after the buyer stated her requirements (58 to 60 inches).""}, ""call_purpose"": ""requirement"", ""all_languages"": [""Hindi"", ""English""], ""primary_language"": ""Hindi"", ""additional_details"": {""buyer_queries"": [], ""seller_queries"": [{""query"": ""In which fabric width are you interested, such as 108 inch or..."", ""category"": ""Specifications"", ""sequence"": 1}]}}, ""products"": [{""in_stock"": ""in stock"", ""product_name"": ""Cotton Grey Fabric"", ""specifications"": [{""name"": ""Width"", ""unit"": ""inches"", ""value"": ""58-60"", ""buyer_requested"": false, ""seller_mentioned"": false}], ""related_categories"": [{""name"": ""Whole Spices"", ""reason"": ""General B2B commodity category.""}], ""is_buyer_interested"": true, ""most_specific_category"": {""name"": ""Natural Spices"", ""reason"": ""The conversation mentions cotton fabric; however, based on the provided schema constrained to spices, Natural Spices is the most proximal root category if forced.""}}], ""next_steps"": {""buyer_next_steps"": [], ""seller_next_steps"": [""To call back and discuss pricing and availability for 58-60 inch fabric.""]}, ""buyer_details"": {""buyer_name"": ""6a85d736a79a0277282ca339dd8e4156dd40b4ecdabffd4a3f5a31e859551f99""}, ""seller_details"": {""seller_name"": ""5fc41ea188db8da1be9b3a20e9788f9e6f544d70608270207147de6159be44d0""}}",2026-07-28 13:09:12.248,148541937652,29/07/26
231134521,BUYER,189657,"{""callback"": ""callback by Tonight - To share details after driving (Main driving kar raha hoon, sham ko call karta hoon)"", ""lead_tag"": {""deal_blockers"": [], ""deal_readiness"": ""Hot"", ""deal_readiness_reason"": ""Buyer has an active retail and wholesale outlet and and is looking to stock products immediately after receiving photos.""}, ""metadata"": {""call_type"": {""type"": ""B2B"", ""reason"": ""The buyer owns a retail and wholesale shop and wants to buy machines for resale, indicating B2B intent."", ""evidence"": {""keywords"": [""Retail counter"", ""Wholesale counter"", ""Peti model"", ""Metal box""], ""order_type"": [""bulk"", ""commercial""], ""repeat_buyer"": true, ""buyer_persona"": {""persona_detail"": ""Retail and Wholesale Counter owner"", ""persona_category"": ""retailer""}, ""quantity_scale"": ""High""}}, ""buyer_intent"": {""narrative"": ""Buyer has a retail and wholesale counter and needs Metal Box Zatka Machines (Peti model)."", ""reasoning"": ""Buyer has a clear business setup (retail/wholesale) and specific product model requirement."", ""intent_level"": ""High""}, ""call_outcome"": {""category"": ""Follow-up"", ""conclusion_notes"": ""Seller will share photos and details once he finishes driving (WhatsApp kar dijiye, photo daal deta hoon).""}, ""call_purpose"": ""requirement"", ""all_languages"": [""Hindi"", ""Marathi"", ""English""], ""primary_language"": ""Hindi"", ""additional_details"": {""buyer_queries"": [{""query"": ""What is the average rate?"", ""category"": ""Pricing"", ""sequence"": 2}], ""seller_queries"": [{""query"": ""How much is your requirement?"", ""category"": ""Quantity"", ""sequence"": 1, ""answer_by_buyer"": ""I have both retail and wholesale counters.""}]}, ""intended_application"": ""Retail Wholesale Resale""}, ""products"": [{""in_stock"": ""in stock"", ""product_name"": ""Metal Box Zatka Machine (Peti model)"", ""specifications"": [{""name"": ""Body Material"", ""value"": ""Metal"", ""buyer_requested"": true, ""seller_mentioned"": true}, {""name"": ""Model"", ""value"": ""Peti / ATM Type"", ""buyer_requested"": true, ""seller_mentioned"": true}], ""related_categories"": [{""name"": ""Zatka Machine Plastic Body"", ""reason"": ""This is a variant of the solar zatka machine discussed.""}, {""name"": ""Electric Energizer"", ""reason"": ""Zatka machines function as electric energizers for fencing.""}], ""is_buyer_interested"": true, ""most_specific_category"": {""name"": ""Solar Zatka Machine"", ""reason"": ""The call is specifically about Zatka machines, which are typically used in solar fencing systems.""}}], ""next_steps"": {""buyer_next_steps"": [""To send requirement on WhatsApp"", ""To wait for seller to share photos and rates""], ""seller_next_steps"": [""To share product photos on WhatsApp"", ""To share price details on WhatsApp"", ""To call back the buyer tonight""]}, ""buyer_details"": {""buyer_name"": ""bfef4adc39f01b033fe749bb5f28f10b581fef319d34445d21a7bc63fe732fa3""}, ""seller_details"": {""seller_name"": ""0b8da7b3d727b500c710d60f1d78b729b00ad06c8de8caf2a4ba6d18200c68f6"", ""seller_mobile_number"": ""b1e9af7cbfe258db68947c9c19e27cd8ea05648144feff41e552864216f411a3""}}",2026-07-28 13:01:32.922,148545769767,29/07/26
223723401,BUYER,182529,"{""payment"": {}, ""callback"": ""callback by Today - To send whatsapp message for 100ml bottles with pump (Bottle ke upar pump wala photo ke liye whatsapp bhej dungi)"", ""lead_tag"": {""deal_blockers"": [{""detail"": ""MOQ is 1 box (700 pieces) whereas buyer requirement is 500 pieces"", ""category"": ""MOQ""}], ""deal_readiness"": ""Warm"", ""deal_readiness_reason"": ""Buyer is interested in 500 pieces for a new business venture and has requested details on WhatsApp to proceed.""}, ""metadata"": {""call_type"": {""type"": ""B2B"", ""reason"": ""The buyer is looking for 500 units to start a new business, indicating professional B2B intent for a manufacturing/packaging requirement."", ""evidence"": {""keywords"": [""New Start"", ""100ml"", ""Dispenser Pump""], ""order_type"": [""bulk"", ""commercial"", ""trial""], ""repeat_buyer"": true, ""buyer_persona"": {""persona_detail"": ""Starting a new hand wash brand"", ""persona_category"": ""manufacturer""}, ""quantity_scale"": ""High""}}, ""buyer_intent"": {""narrative"": ""Wants to buy 500 units of 100ml bottles with dispenser pumps to start a new hand wash business."", ""reasoning"": ""Buyer stated a specific quantity, capacity, and usage (starting a new hand wash brand) and asked for pricing and catalogs."", ""intent_level"": ""High""}, ""call_outcome"": {""category"": ""Follow-up"", ""conclusion_notes"": ""Will send details on WhatsApp (WhatsApp par drop karungi)""}, ""call_purpose"": ""requirement"", ""all_languages"": [""Hindi"", ""English""], ""primary_language"": ""Hindi"", ""additional_details"": {""buyer_queries"": [{""query"": ""What is the price of a 100ml bottle?"", ""category"": ""Pricing"", ""sequence"": 1}, {""query"": ""How much for a single piece?"", ""category"": ""Pricing"", ""sequence"": 3}], ""seller_queries"": [{""query"": ""How many bottles do you need?"", ""category"": ""Quantity"", ""sequence"": 2}, {""query"": ""Do you need only the bottle or with a dispenser pump on top?"", ""category"": ""Specifications"", ""sequence"": 4}]}, ""intended_application"": ""Hand Wash Packaging""}, ""products"": [{""price"": {""value"": 12, ""currency"": ""INR"", ""price_unit"": ""piece""}, ""in_stock"": ""in stock"", ""product_name"": ""100ml Bottle with Pump"", ""specifications"": [{""name"": ""Capacity"", ""unit"": ""ml"", ""value"": ""100"", ""buyer_requested"": true, ""seller_mentioned"": true}, {""name"": ""Type"", ""value"": ""Normal Pump"", ""buyer_requested"": false, ""seller_mentioned"": true}], ""quantity_required"": {""unit"": ""pieces"", ""value"": 500}, ""related_categories"": [{""name"": ""Lotion Dispenser"", ""reason"": ""The pump-style bottle is suitable for dispensing lotions or hand washes.""}, {""name"": ""Hand Wash Bottle"", ""reason"": ""The buyer explicitly mentioned using it for hand wash.""}], ""is_buyer_interested"": true, ""minimum_order_quantity"": {""unit"": ""pieces"", ""value"": 700}, ""most_specific_category"": {""name"": ""Pump Bottle"", ""reason"": ""The buyer specifically requested 100ml bottles with a 'pump wala' (pump type) dispenser.""}, ""seller_accepts_quantity"": false}], ""next_steps"": {""buyer_next_steps"": [""To check product details and photos on WhatsApp""], ""seller_next_steps"": [""To send product photos and company details on WhatsApp for 100ml bottles with dispenser pump""]}, ""buyer_details"": {""buyer_name"": ""8d17da9dd79987ef3015cc56f1da8847f4464d16a62b1464b7b15050e538ad48"", ""buyer_mobile_number"": ""f6600fa13c66f9352189fa39ebe506f34460d9e5ef9da656dfd8590eaac41698""}, ""seller_details"": {""seller_name"": ""46ed260db5a4cb33871f0b308aae3e899602cd7f20c6841677e4079d8b9e5ec3""}}",2026-07-28 12:42:28.729,148540307052,29/07/26
11324650,BUYER,3451,"{""payment"": {""payment_details"": ""Quotation to be provided""}, ""callback"": ""callback by Now - To give quote (Abhi batata hoon)"", ""lead_tag"": {""deal_blockers"": [], ""deal_readiness"": ""Hot"", ""deal_readiness_reason"": ""Immediate request for price and details as soon as information is shared""}, ""metadata"": {""call_type"": {""type"": ""B2B"", ""reason"": ""The buyer is inquiring about specialized industrial electrical components (Power Wire Wound Resistors) typically used in commercial/industrial systems."", ""evidence"": {""keywords"": [""Power Resistor"", ""Industrial Use""], ""order_type"": [""commercial""], ""repeat_buyer"": false}}, ""buyer_intent"": {""narrative"": ""Seeking prices and quotation for silicon coated power wire wound resistors."", ""reasoning"": ""Buyer has a very specific product name and is ready to share details immediately to get a quote."", ""intent_level"": ""High""}, ""call_outcome"": {""category"": ""Follow-up"", ""conclusion_notes"": ""Buyer will share wattage details on WhatsApp for quotation (I am putting details on WhatsApp now).""}, ""call_purpose"": ""requirement"", ""all_languages"": [""Hindi"", ""English""], ""primary_language"": ""Hindi"", ""additional_details"": {""buyer_queries"": [{""query"": ""Can you provide the price for silicon coated wire wound resistors?"", ""category"": ""Pricing"", ""sequence"": 1, ""answer_by_seller"": ""I'll give the price, just send the wattage details via WhatsApp.""}, {""query"": ""Will you provide the quotation now?"", ""category"": ""Pricing"", ""sequence"": 4}], ""seller_queries"": [{""query"": ""Which resistor do you need?"", ""category"": ""Specifications"", ""sequence"": 2, ""answer_by_buyer"": ""Silicon coated wire wound resistors.""}, {""query"": ""Can you send the wattage and details on mail?"", ""category"": ""Specifications"", ""sequence"": 3, ""answer_by_buyer"": ""I will send the wattage and other details on WhatsApp.""}, {""query"": ""Could you note down my WhatsApp number?"", ""category"": ""Other"", ""sequence"": 5, ""answer_by_buyer"": ""Okay.""}]}}, ""products"": [{""in_stock"": ""in stock"", ""product_name"": ""Silicon Coated Power Wire Wound Resistor"", ""specifications"": [{""name"": ""Coating Type"", ""value"": ""Silicon"", ""buyer_requested"": false, ""seller_mentioned"": true}, {""name"": ""Type"", ""value"": ""Wire Wound"", ""buyer_requested"": false, ""seller_mentioned"": true}], ""related_categories"": [{""name"": ""Wire Wound Power Resistor"", ""reason"": ""It is a type of wire wound resistor designed for power applications.""}, {""name"": ""Power Resistors"", ""reason"": ""Contains 'Power' in the product name and is used for power handling.""}], ""is_buyer_interested"": true, ""most_specific_category"": {""name"": ""Silicone Coated Power Resistors"", ""reason"": ""Explicitly mentioned \""Silicon Coated Power Wire Wound Resistor\"" in the call.""}}], ""next_steps"": {""buyer_next_steps"": [""To share wattage details on WhatsApp""], ""seller_next_steps"": [""To provide a quotation after receiving details""]}, ""buyer_details"": {""buyer_name"": ""043a718774c572bd8a25adbeb1bfcd5c0256ae11cecf9f9c3f925d0e52beaf89""}, ""seller_details"": {""seller_name"": ""44d976e71de96697f3a8d523b64925fd33fdc072b70ca624d3ba112016d46ce9""}}",2026-07-28 12:39:05.320,148535304367,29/07/26
6767794,BUYER,187022,"{""callback"": ""callback by Tomorrow 10 AM - To discuss pricing (Kal subah 10 baje finalize karte hain)"", ""lead_tag"": {""deal_blockers"": [{""detail"": ""Price negotiation not yet concluded"", ""category"": ""Price""}], ""deal_readiness"": ""Warm"", ""deal_readiness_reason"": ""Interested in 5000 units and scheduled a call for tomorrow morning to finalize matters.""}, ""metadata"": {""call_type"": {""type"": ""B2B"", ""reason"": ""The buyer is requesting a bulk quantity of 5000 units of packaging trays for industrial or commercial use."", ""evidence"": {""keywords"": [""Manufacturer"", ""Bulk Purchase""], ""order_type"": [""bulk"", ""commercial""], ""repeat_buyer"": true, ""buyer_persona"": {""persona_detail"": ""Mushroom Grower/Trader"", ""persona_category"": ""other""}, ""quantity_scale"": ""High""}}, ""buyer_intent"": {""narrative"": ""Seeking 5000 units of 200g mushroom punnets from a manufacturer."", ""reasoning"": ""Buyer specified a clear quantity of 5000 units and a specific size of 200g, indicating a concrete business requirement."", ""intent_level"": ""High""}, ""call_outcome"": {""category"": ""Follow-up"", ""conclusion_notes"": ""Scheduled a callback for tomorrow morning to discuss final pricing (Kal subah 10 baje finalize karte hain)""}, ""call_purpose"": ""requirement"", ""all_languages"": [""English"", ""Hindi""], ""primary_language"": ""English"", ""additional_details"": {""buyer_queries"": [{""query"": ""Are you a manufacturer of mushroom punnets?"", ""category"": ""Specifications"", ""sequence"": 1}, {""query"": ""What is the price per piece?"", ""category"": ""Pricing"", ""sequence"": 4}], ""seller_queries"": [{""query"": ""How many units do you need?"", ""category"": ""Quantity"", ""sequence"": 2}, {""query"": ""What size do you require?"", ""category"": ""Specifications"", ""sequence"": 5}]}}, ""products"": [{""price"": {""negotiation_notes"": ""Buyer asked for price per piece; seller deferred to tomorrow's call."", ""buyer_price_reaction"": {""quote"": ""Tell me the final rate"", ""category"": ""Negotiating""}}, ""in_stock"": ""in stock"", ""product_name"": ""Mushroom Punnet"", ""specifications"": [{""name"": ""Size/Capacity"", ""unit"": ""g"", ""value"": ""200"", ""buyer_requested"": true, ""seller_mentioned"": false}], ""quantity_required"": {""unit"": ""pieces"", ""value"": 5000}, ""related_categories"": [{""name"": ""Mushroom Tray"", ""reason"": ""Specifically mentioned for mushroom packaging.""}, {""name"": ""Plastic Food Packaging Trays"", ""reason"": ""Used for food packaging purposes.""}], ""is_buyer_interested"": true, ""most_specific_category"": {""name"": ""Plastic Punnets"", ""reason"": ""The product is explicitly identified as mushroom punnets which are a type of plastic punnet used for packaging.""}, ""seller_accepts_quantity"": true}], ""next_steps"": {""buyer_next_steps"": [""To receive a call at 10 AM tomorrow to finalize the deal""], ""seller_next_steps"": [""To call at 10 AM tomorrow to discuss the final price per unit""]}, ""buyer_details"": {""buyer_name"": ""2ffc1d06387ef8bb7a34312b6c6c3f691550684508c3ce7ee3889375a18d6fa0""}, ""seller_details"": {""seller_name"": ""5a51ad81fabd27a1ce90ce539c3f5a8bcaa5c14055c7e6ca1916cc4379d45146""}}",2026-07-28 12:27:30.795,148539667585,29/07/26
240000307,BUYER,21187,"{""callback"": ""callback by Tomorrow 5 PM - To finalize potential order (Kal 5 baje call karta hoon)"", ""lead_tag"": {""deal_blockers"": [], ""deal_readiness"": ""Warm"", ""deal_readiness_reason"": ""Buyer has a specific product requirement and agreed to provide visual details via WhatsApp for further discussion.""}, ""metadata"": {""call_type"": {""type"": ""B2B"", ""reason"": ""The buyer is inquiring about aluminum foil containers, commonly used in food packaging, but the specific volume is not yet discussed to definitively classify as bulk or retail."", ""evidence"": {""order_type"": [""other""], ""repeat_buyer"": false}}, ""buyer_intent"": {""narrative"": ""Looking for aluminum foil containers and is ready to share photos for specification matching."", ""reasoning"": ""The buyer has a specific product in mind and immediately agreed to share reference photos on WhatsApp to proceed."", ""intent_level"": ""Medium""}, ""call_outcome"": {""category"": ""Follow-up"", ""conclusion_notes"": ""Seller shared a WhatsApp number and the buyer agreed to send photos (WhatsApp pe photo bhejo)""}, ""call_purpose"": ""requirement"", ""all_languages"": [""Hindi"", ""English""], ""primary_language"": ""Hindi"", ""additional_details"": {""buyer_queries"": [{""query"": ""I need aluminum foil containers. Do you have them?"", ""category"": ""Availability"", ""sequence"": 1}], ""seller_queries"": [{""query"": ""Can you send the photos of the containers you need on WhatsApp?"", ""category"": ""Specifications"", ""sequence"": 2}]}}, ""products"": [{""in_stock"": ""in stock"", ""product_name"": ""Aluminum Foil Containers"", ""specifications"": [{""name"": ""Material"", ""value"": ""Aluminum Foil"", ""buyer_requested"": true, ""seller_mentioned"": false}], ""related_categories"": [{""name"": ""Foil Containers"", ""reason"": ""Aluminum foil containers are a subset of foil containers used for packaging.""}, {""name"": ""Disposable Food Containers"", ""reason"": ""These containers are typically used for single-use food delivery and storage.""}], ""is_buyer_interested"": true, ""most_specific_category"": {""name"": ""Aluminum Foil Containers"", ""reason"": ""The buyer explicitly asked for 'aluminum foil containers'.""}}], ""next_steps"": {""buyer_next_steps"": [""To send photos of the required aluminum foil containers on the provided WhatsApp number""], ""seller_next_steps"": [""To review the photos sent by the buyer and provide availability and pricing details""]}, ""buyer_details"": {""buyer_name"": ""5b575afb206ccbfc1ba967adf989d6becda41dd64aa82efdd3b6a186bad396a6"", ""buyer_mobile_number"": ""392d9085929ae47225a3a500f70802e44c5d75a34f2b87185bb7e0176653094b""}, ""seller_details"": {""seller_mobile_number"": ""c76c3df42cd77aa9caec17a58c95e6ac8859c29aa055dda0ee0ec53a8fa80cd9""}}",2026-07-28 12:26:26.844,148539863567,29/07/26
272381612,BUYER,150347,"{""callback"": ""callback by Soon - No explicit phone commitment (Technical team help karegi)"", ""lead_tag"": {""deal_blockers"": [], ""deal_readiness"": ""Warm"", ""deal_readiness_reason"": ""Buyer is seeking technical specifications and pricing for a specific machine.""}, ""metadata"": {""call_type"": {""type"": ""B2B"", ""reason"": ""The buyer's inquiry for a high-value industrial machine indicates a B2B requirement."", ""evidence"": {""keywords"": [""2100 mm 4 Roller"", ""Pre Punching"", ""Hydraulic Plate Rolling Machine"", ""IndiaMART""], ""order_type"": [""commercial""], ""buyer_persona"": {""persona_detail"": ""Technical Professional"", ""persona_category"": ""other""}}}, ""buyer_intent"": {""narrative"": ""Wants to know the thickness capacity and cost of a 2100 mm 4-roller pre-punching hydraulic plate rolling machine."", ""reasoning"": ""The buyer mentioned specific technical details of the machine found on IndiaMART and is asking about technical capacities."", ""intent_level"": ""High""}, ""call_outcome"": {""category"": ""Follow-up"", ""conclusion_notes"": ""Seller asked the buyer to send a visiting card on WhatsApp for the technical team to provide details (Visiting card mujhe is number pe WhatsApp kar dijiye).""}, ""call_purpose"": ""requirement"", ""all_languages"": [""Hindi"", ""English""], ""primary_language"": ""Hindi"", ""additional_details"": {""buyer_queries"": [{""query"": ""What is the thickness capacity of the machine?"", ""category"": ""Specifications"", ""sequence"": 2, ""answer_by_seller"": ""Share your visiting card on this number, our technical team will help you with the details.""}], ""seller_queries"": [{""query"": ""Where are you calling from?"", ""category"": ""Location"", ""sequence"": 1, ""answer_by_buyer"": ""I am calling from Nashik, Maharashtra.""}]}}, ""products"": [{""in_stock"": ""in stock"", ""product_name"": ""2100mm 4 Roller Pre-punching Hydraulic Plate Rolling Machine"", ""specifications"": [{""name"": ""Length"", ""unit"": ""mm"", ""value"": ""2100"", ""buyer_requested"": true, ""seller_mentioned"": false}, {""name"": ""Rollers"", ""value"": ""4"", ""buyer_requested"": false, ""seller_mentioned"": true}, {""name"": ""Thickness"", ""buyer_requested"": true, ""seller_mentioned"": false}], ""related_categories"": [{""name"": ""Plate Bending Machine"", ""reason"": ""It is used for bending/rolling plates into various shapes.""}, {""name"": ""Hydraulic Bending Machine"", ""reason"": ""The machine operates using hydraulic mechanisms.""}], ""is_buyer_interested"": true, ""most_specific_category"": {""name"": ""Hydraulic Plate Bending Machine"", ""reason"": ""The buyer specifically mentioned a hydraulic plate rolling/bending machine with 4 rollers.""}}], ""next_steps"": {""buyer_next_steps"": [""To share the visiting card on the seller's WhatsApp number.""], ""seller_next_steps"": [""To transfer the requirement to the technical team after receiving the visiting card.""]}, ""buyer_details"": {""buyer_name"": ""2fd10eb71f59aa082f06466da1f97bd2adcf8578c8b19b083d5514bf445f940e"", ""buyer_location"": {""buyer_city"": ""Nashik"", ""buyer_state"": ""Maharashtra""}}, ""seller_details"": {}}",2026-07-28 12:13:38.802,148538825863,29/07/26
8084787,BUYER,181381,"{""payment"": {}, ""callback"": """", ""lead_tag"": {""deal_blockers"": [{""detail"": ""Seller does not manufacture 2 plate idli cooker."", ""category"": ""Availability""}], ""deal_readiness"": ""Cold"", ""deal_readiness_reason"": ""Product requirement not matched as seller does not deal in the requested specification.""}, ""metadata"": {""call_type"": {""type"": ""B2C"", ""reason"": ""The buyer is inquiring about a specific consumer kitchen appliance but the seller does not handle the requested specification."", ""evidence"": {""keywords"": [""2 plate idli cooker""], ""order_type"": [""one-time""]}}, ""buyer_intent"": {""narrative"": ""Buyer is looking for a 2 plate idli cooker."", ""reasoning"": ""The buyer has a specific product requirement with stated plate count."", ""intent_level"": ""High""}, ""call_outcome"": {""category"": ""Lost"", ""conclusion_notes"": ""Seller does not manufacture the requested product (Be plate walo nathi banavta).""}, ""call_purpose"": ""requirement"", ""all_languages"": [""Hindi"", ""Gujarati""], ""primary_language"": ""Gujarati"", ""additional_details"": {""buyer_queries"": [{""query"": ""Do you have a 2 plate idli cooker?"", ""category"": ""Availability"", ""sequence"": 1}], ""seller_queries"": []}}, ""products"": [{""in_stock"": ""not sold"", ""product_name"": ""2 Plate Idli Cooker"", ""specifications"": [{""name"": ""Number of Plates"", ""value"": ""2"", ""buyer_requested"": true, ""seller_mentioned"": false}], ""related_categories"": [{""name"": ""Stainless Steel Idli Cooker"", ""reason"": ""Idli cookers are commonly made of stainless steel.""}, {""name"": ""Idli Maker"", ""reason"": ""Idli cooker is a type of idli maker.""}], ""is_buyer_interested"": true, ""most_specific_category"": {""name"": ""Idli Cooker"", ""reason"": ""The buyer explicitly asked for an idli cooker with 2 plates.""}}], ""next_steps"": {""buyer_next_steps"": [], ""seller_next_steps"": []}, ""buyer_details"": {""buyer_name"": ""736d9941cf60fbcaea60d1ac94865b152552b8026044318f08d7fec937371666""}, ""seller_details"": {""seller_name"": ""0acac46730c99c1c3e101a3c3646b6cbb9d7350c31fa76709cc6c6ad1a0d0912""}}",2026-07-28 12:04:00.089,148537931467,29/07/26
123220742,BUYER,213411,"{""callback"": ""callback by Now - To share contact details (Abhi karungi)"", ""lead_tag"": {""deal_blockers"": [{""detail"": ""Buyer wants to check product quality from a trial truckload first"", ""category"": ""Other""}], ""deal_readiness"": ""Hot"", ""deal_readiness_reason"": ""Buyer is an established manufacturer ready to purchase a full truckload for trial immediately.""}, ""metadata"": {""call_type"": {""type"": ""B2B"", ""reason"": ""The buyer is a manufacturer looking for bulk supply to distribute through his dealer network, indicating a professional B2B requirement."", ""evidence"": {""keywords"": [""Cattle Feed Plant"", ""Manufacturing"", ""Dealer Network"", ""Trial Truckload""], ""order_type"": [""bulk"", ""trial"", ""commercial""], ""repeat_buyer"": true, ""buyer_persona"": {""persona_detail"": ""Cattle Feed Plant Owner"", ""persona_category"": ""manufacturer""}, ""quantity_scale"": ""High""}}, ""buyer_intent"": {""narrative"": ""Owner of a cattle feed manufacturing plant in Chhattisgarh wants to purchase trial truckloads of Corn Silage for distribution."", ""reasoning"": ""The buyer specifically identified himself as a manufacturer with a network of dealers and requested a specific bulk unit (1 truckload) for trial."", ""intent_level"": ""High""}, ""call_outcome"": {""category"": ""Follow-up"", ""conclusion_notes"": ""Seller will share the sales contact for Chhattisgarh on WhatsApp (WhatsApp par share karungi number)""}, ""call_purpose"": ""requirement"", ""all_languages"": [""Hindi"", ""English""], ""primary_language"": ""Hindi"", ""additional_details"": {""buyer_queries"": [{""query"": ""Do you have Corn Silage?"", ""category"": ""Availability"", ""sequence"": 1}, {""query"": ""Can I have the contact number for your sales person for Chhattisgarh?"", ""category"": ""Pricing"", ""sequence"": 4}], ""seller_queries"": [{""query"": ""How much quantity do you require?"", ""category"": ""Quantity"", ""sequence"": 2}, {""query"": ""Are you a dairy farmer?"", ""category"": ""Specifications"", ""sequence"": 3}]}, ""intended_application"": ""Commercial Resale""}, ""products"": [{""in_stock"": ""in stock"", ""product_name"": ""Corn Silage"", ""specifications"": [{""name"": ""Availability"", ""value"": ""Available"", ""buyer_requested"": true, ""seller_mentioned"": true}], ""quantity_required"": {""unit"": ""Truckload"", ""value"": 1}, ""related_categories"": [{""name"": ""Cattle Feed"", ""reason"": ""Corn Silage is a primary component used in cattle feed formulations.""}, {""name"": ""Animal Feed"", ""reason"": ""Silage is a type of preserved animal feed used for livestock.""}], ""is_buyer_interested"": true, ""minimum_order_quantity"": {""unit"": ""Tons"", ""value"": 10}, ""most_specific_category"": {""name"": ""Corn Silage"", ""reason"": ""The buyer specifically asked for Corn Silage for his cattle feed business.""}, ""seller_accepts_quantity"": true}], ""next_steps"": {""buyer_next_steps"": [""To connect with the sales person after receiving the number"", ""To finalize order for one truckload of silage""], ""seller_next_steps"": [""To share the Chhattisgarh sales person's contact details on WhatsApp""]}, ""buyer_details"": {""buyer_name"": ""a5f30d460ecb1e0b4bbdcf440638a4c08f1348580389281bea24c4feb1561059"", ""buyer_location"": {""buyer_state"": ""Chhattisgarh""}}, ""seller_details"": {""seller_location"": {""seller_city"": ""Hyderabad""}}}",2026-07-28 11:54:08.957,148539488663,29/07/26
229128482,BUYER,442524,"{""lead_tag"": {""deal_blockers"": [], ""deal_readiness"": ""Cold"", ""deal_readiness_reason"": ""The call was disconnected immediately after greetings without any business discussion.""}, ""metadata"": {""call_type"": {""reason"": ""The call was disconnected before any business context or requirement could be established.""}, ""buyer_intent"": {""narrative"": ""The requirement was not discussed as the call was disconnected."", ""reasoning"": ""The call lasted only 11 seconds and only involved greetings before being disconnected."", ""intent_level"": ""Low""}, ""call_outcome"": {""category"": ""Lost"", ""conclusion_notes"": ""Call disconnected after greetings (Call cut gaya)""}, ""call_purpose"": ""irrelevant"", ""all_languages"": [""English""], ""primary_language"": ""English"", ""additional_details"": {""buyer_queries"": [], ""seller_queries"": []}}, ""products"": [], ""next_steps"": {""buyer_next_steps"": [], ""seller_next_steps"": []}, ""buyer_details"": {}, ""seller_details"": {}}",2026-07-28 11:52:32.133,148537063659,29/07/26
144039955,BUYER,9068,"{""payment"": {""payment_details"": ""Price excludes GST""}, ""lead_tag"": {""deal_blockers"": [{""detail"": ""Price is 4-5 rupees higher for single bag compared to bulk tonnage"", ""category"": ""Price""}, {""detail"": ""Manufacturer prefers bulk orders of 2-3 tons"", ""category"": ""MOQ""}], ""deal_readiness"": ""Warm"", ""deal_readiness_reason"": ""Buyer has a specific technical requirement for 8mm red rope and is moving to WhatsApp for photos and visiting card exchange""}, ""metadata"": {""call_type"": {""type"": ""B2B"", ""reason"": ""The buyer is inquiring for a specific industrial product (8mm plastic rope) for resale or business use, discussed GST, and mentions being a repeat purchaser of these items."", ""evidence"": {""keywords"": [""Manufacturer"", ""Bags"", ""GST"", ""Bulk""], ""order_type"": [""commercial"", ""recurring""], ""repeat_buyer"": true, ""buyer_persona"": {""persona_detail"": ""Small scale stockist buying in bags"", ""persona_category"": ""retailer""}, ""quantity_scale"": ""Low""}}, ""buyer_intent"": {""narrative"": ""Buyer wants to purchase one bag of 8mm red plastic rope with yellow spots for commercial use."", ""reasoning"": ""Buyer specifies exact diameter (8mm), color pattern, mentions previous purchase history, and provides location and contact details."", ""intent_level"": ""High""}, ""call_outcome"": {""category"": ""Follow-up"", ""conclusion_notes"": ""Moving to WhatsApp to share product photos and visiting card (WhatsApp par photo bhejta hoon visiting card bhej dena)""}, ""call_purpose"": ""requirement"", ""all_languages"": [""Gujarati"", ""English""], ""primary_language"": ""Gujarati"", ""additional_details"": {""buyer_queries"": [{""query"": ""Is 8mm plastic rope available?"", ""category"": ""Availability"", ""sequence"": 1, ""answer_by_seller"": ""Yes, it is available.""}, {""query"": ""What is the price of the rope?"", ""category"": ""Pricing"", ""sequence"": 2, ""answer_by_seller"": ""The price is currently 140 plus GST.""}, {""query"": ""Can the price be reduced for one bag purchase?"", ""category"": ""Pricing"", ""sequence"": 6, ""answer_by_seller"": ""The price of 140 is for 2-3 tons. For a single bag, it will be 4 to 5 rupees extra per unit.""}], ""seller_queries"": [{""query"": ""Where are you calling from?"", ""category"": ""Location"", ""sequence"": 3, ""answer_by_buyer"": ""I am calling from Visavadar, Junagadh.""}, {""query"": ""What is your WhatsApp number?"", ""category"": ""Other"", ""sequence"": 4, ""answer_by_buyer"": ""9274473377""}, {""query"": ""What specific color pattern do you need?"", ""category"": ""Specifications"", ""sequence"": 5, ""answer_by_buyer"": ""I need red color with one yellow strand.""}, {""query"": ""Can you send your visiting card?"", ""category"": ""Other"", ""sequence"": 7, ""answer_by_buyer"": ""I will send it.""}]}, ""intended_application"": ""Retail Resale""}, ""products"": [{""price"": {""gst"": {""is_gst_included"": false}, ""value"": 144, ""currency"": ""INR"", ""price_unit"": ""kg"", ""negotiation_notes"": ""Buyer complained about price hike from 115 to 140; Seller quoted 4-5 rupees extra for non-bulk order."", ""buyer_price_reaction"": {""quote"": ""Bhav badhi gaya (Prices have increased)"", ""category"": ""Negotiating""}}, ""in_stock"": ""in stock"", ""product_name"": ""Plastic Rope (Plastic Dori)"", ""specifications"": [{""name"": ""Diameter"", ""unit"": ""mm"", ""value"": ""8"", ""buyer_requested"": true, ""seller_mentioned"": false}, {""name"": ""Color"", ""value"": ""Red with yellow spots"", ""buyer_requested"": true, ""seller_mentioned"": true}], ""quantity_required"": {""unit"": ""bag"", ""value"": 1}, ""related_categories"": [{""name"": ""HDPE Ropes"", ""reason"": ""Commercial plastic ropes in 8mm diameter are standardly manufactured from HDPE.""}, {""name"": ""Twisted Rope"", ""reason"": ""Standard plastic ropes used in these regions for general purpose are usually twisted.""}], ""is_buyer_interested"": true, ""minimum_order_quantity"": {""unit"": ""tonnes"", ""value"": 2}, ""most_specific_category"": {""name"": ""Plastic Ropes"", ""reason"": ""The conversation specifically centers around 'plastic dori' which is the literal translation for plastic rope.""}, ""seller_accepts_quantity"": true}], ""next_steps"": {""buyer_next_steps"": [""To share visiting card on WhatsApp"", ""To review product photos sent by seller""], ""seller_next_steps"": [""To share product photos of red rope with yellow spots on WhatsApp""]}, ""buyer_details"": {""buyer_location"": {""buyer_city"": ""Visavadar"", ""buyer_locality"": ""Junagadh""}, ""buyer_mobile_number"": ""fb060055ab0e0cdbaa0b97ea0efeecaed6fba663b0c84578fb32e19dc429dcfa""}, ""seller_details"": {}}",2026-07-28 11:52:29.659,148533127785,29/07/26
717269,BUYER,88168,"{""payment"": {}, ""callback"": """", ""lead_tag"": {""deal_blockers"": [], ""deal_readiness"": ""Warm"", ""deal_readiness_reason"": ""Buyer is sharing product photos and quantity for a quote.""}, ""metadata"": {""call_type"": {""type"": ""B2B"", ""reason"": ""Buyer is inquiring about specialized industrial components like couplings, indicating a likely B2B transaction."", ""evidence"": {""order_type"": [""other""], ""buyer_persona"": {""persona_category"": ""other""}}}, ""buyer_intent"": {""narrative"": ""Looking for straight couplings and male stud couplings for requirement in Nashik."", ""reasoning"": ""The buyer has a specific product requirement and is ready to share details for a quote."", ""intent_level"": ""Medium""}, ""call_outcome"": {""category"": ""Follow-up"", ""conclusion_notes"": ""Buyer will share photos and requirements on WhatsApp (Aap photo bhejiye aur size or quantity).""}, ""call_purpose"": ""requirement"", ""all_languages"": [""Hindi"", ""English""], ""primary_language"": ""Hindi"", ""additional_details"": {""buyer_queries"": [{""query"": ""Do you have straight coupling and male stud coupling available?"", ""category"": ""Availability"", ""sequence"": 1}], ""seller_queries"": [{""query"": ""Can you send me photos, sizes, and quantities?"", ""category"": ""Specifications"", ""sequence"": 2}]}}, ""products"": [{""in_stock"": ""in stock"", ""product_name"": ""Straight Coupling"", ""specifications"": [{""name"": ""Type"", ""value"": ""Straight"", ""buyer_requested"": false, ""seller_mentioned"": false}], ""related_categories"": [{""name"": ""Pipe Couplings"", ""reason"": ""Couplings are used to join pipes together.""}], ""is_buyer_interested"": true, ""most_specific_category"": {""name"": ""Straight Coupler"", ""reason"": ""Buyer explicitly asked for 'Straight Coupling'.""}}, {""in_stock"": ""in stock"", ""product_name"": ""Male Stud Coupling"", ""specifications"": [{""name"": ""Type"", ""value"": ""Male Stud"", ""buyer_requested"": false, ""seller_mentioned"": false}], ""related_categories"": [{""name"": ""Hydraulic Fittings"", ""reason"": ""Male stud couplings are commonly used in hydraulic systems.""}], ""is_buyer_interested"": true, ""most_specific_category"": {""name"": ""Male Stud Couplings"", ""reason"": ""Buyer explicitly mentioned 'Male Stud' requirements.""}}], ""next_steps"": {""buyer_next_steps"": [""To share photos of the couplings"", ""To share required sizes and quantities on WhatsApp""], ""seller_next_steps"": [""To share catalog or quotes after receiving photos""]}, ""buyer_details"": {""buyer_name"": ""6405cf0c2f2418e27e5306348e1f3a887bb3ece435443a24a4318ce812352982"", ""buyer_location"": {""buyer_city"": ""Nashik""}}, ""seller_details"": {""seller_name"": ""e3a43d5be57e2fc64454a295bb005f0e7fbf44e053d43b911315d2f8f69402d9"", ""seller_location"": {""seller_city"": ""Pune"", ""seller_locality"": ""Vishweshwar Market""}, ""seller_mobile_number"": ""61736124afce11dd8ee69fccd28e62347a74a5c4fa7187875a5908df396b5924""}}",2026-07-28 11:44:21.794,148536541563,29/07/26
717269,BUYER,88168,"{""lead_tag"": {""deal_blockers"": [], ""deal_readiness"": ""Warm"", ""deal_readiness_reason"": ""Buyer shares contact details for receiving catalog and rates for requested items.""}, ""metadata"": {""call_type"": {""type"": ""B2B"", ""reason"": ""Business-to-business inquiry for specialized industrial couplings, with terms like catalog and rates discussed."", ""evidence"": {""order_type"": [""one-time""], ""repeat_buyer"": false}}, ""buyer_intent"": {""narrative"": ""Seeking price and catalog for straight and male stud couplings."", ""reasoning"": ""The buyer provided contact details and requested pricing after confirming product availability."", ""intent_level"": ""Medium""}, ""call_outcome"": {""category"": ""Follow-up"", ""conclusion_notes"": ""Catalog and rates will be shared on WhatsApp (Aapko turant bhej raha hoon).""}, ""call_purpose"": ""requirement"", ""all_languages"": [""Hindi"", ""English""], ""primary_language"": ""Hindi"", ""additional_details"": {""buyer_queries"": [{""query"": ""Do you have straight coupling and male stud coupling?"", ""category"": ""Availability"", ""sequence"": 1}], ""seller_queries"": [{""query"": ""Where are you from?"", ""category"": ""Location"", ""sequence"": 2}]}}, ""products"": [{""in_stock"": ""in stock"", ""product_name"": ""Straight Coupling"", ""specifications"": [], ""related_categories"": [{""name"": ""Pipe Couplings"", ""reason"": ""Straight couplings are a primary type of pipe coupling.""}], ""is_buyer_interested"": true, ""most_specific_category"": {""name"": ""Straight Coupler"", ""reason"": ""Explicitly mentioned as straight coupling during the call.""}}, {""in_stock"": ""in stock"", ""product_name"": ""Male Stud Coupling"", ""specifications"": [], ""related_categories"": [{""name"": ""Hydraulic Fittings"", ""reason"": ""Male stud couplings are frequently used as hydraulic fittings.""}], ""is_buyer_interested"": true, ""most_specific_category"": {""name"": ""Male Stud Couplings"", ""reason"": ""Explicitly mentioned as male stud coupling.""}}], ""next_steps"": {""buyer_next_steps"": [""To check rates on WhatsApp""], ""seller_next_steps"": [""To share catalog and price list on WhatsApp""]}, ""buyer_details"": {""buyer_location"": {""buyer_city"": ""Nashik""}}, ""seller_details"": {""seller_location"": {""seller_city"": ""Mumbai""}}}",2026-07-28 11:42:43.290,148536541563,29/07/26
272369600,BUYER,157346,"{""callback"": """", ""lead_tag"": {""deal_blockers"": [{""detail"": ""Product not available (Nahi hai sir)"", ""category"": ""Availability""}], ""deal_readiness"": ""Cold"", ""deal_readiness_reason"": ""The seller explicitly confirmed the product is not available.""}, ""metadata"": {""call_type"": {""type"": ""B2C"", ""reason"": ""The buyer inquired about a specific flask model which the seller does not stock. No business details or bulk intent were discussed."", ""evidence"": {""order_type"": [""one-time""]}}, ""buyer_intent"": {""narrative"": ""Wants Esters Rangers flask bottle"", ""reasoning"": ""The buyer asked for a specific brand and model but the seller confirmed it is not available, leading to no further discussion."", ""intent_level"": ""Low""}, ""call_outcome"": {""category"": ""Lost"", ""conclusion_notes"": ""Seller confirmed product is not available (Nahi hai sir)""}, ""call_purpose"": ""requirement"", ""all_languages"": [""Hindi"", ""English""], ""primary_language"": ""Hindi"", ""additional_details"": {""buyer_queries"": [{""query"": ""Do you have the Esters Rangers flask bottle?"", ""category"": ""Availability"", ""sequence"": 1}], ""seller_queries"": []}}, ""products"": [{""in_stock"": ""not sold"", ""product_name"": ""Esters Rangers Flask Bottle"", ""specifications"": [{""name"": ""Brand"", ""value"": ""Esters Rangers"", ""buyer_requested"": true, ""seller_mentioned"": false}], ""related_categories"": [{""name"": ""Stainless Steel Water Bottle"", ""reason"": ""Flask bottles are often made of stainless steel.""}, {""name"": ""Vacuum Flask"", ""reason"": ""Ranger series flasks are typically vacuum insulated.""}], ""is_buyer_interested"": true, ""most_specific_category"": {""name"": ""Steel Flask"", ""reason"": ""The buyer specifically asked for a flask bottle.""}}], ""next_steps"": {""buyer_next_steps"": [], ""seller_next_steps"": []}, ""buyer_details"": {""buyer_name"": ""1d52ac4d1137c042459728ec2b3de4e31dd4aa74369d2f0f2ca2966eddca6590"", ""buyer_mobile_number"": ""b1b46773df9599ccbb18fab55e76299dc466f5a2c2eca52a7f12153c509edde5""}, ""seller_details"": {""seller_name"": ""f5cb9433ec112d7ae21755021b6da655953a6ca5e79d04e143ff54709fddbd8b""}}",2026-07-28 11:37:20.760,148536735795,29/07/26
272369600,BUYER,157346,"{""callback"": ""callback by Today - To give update (Aaj batane ke liye)"", ""lead_tag"": {""deal_blockers"": [{""detail"": ""700 ml and 650 ml capacities are not available"", ""category"": ""Availability""}], ""deal_readiness"": ""Warm"", ""deal_readiness_reason"": ""Buyer specifically asked for 700ml but seller only has 800ml, leading to further consideration or checking.""}, ""metadata"": {""call_type"": {""type"": ""B2B"", ""reason"": ""Buyer is looking for unbranded bottles (without brand name), which typically indicates B2B intent for rebranding or institutional supply."", ""evidence"": {""order_type"": [""bulk"", ""commercial""], ""repeat_buyer"": false, ""quantity_scale"": ""High""}}, ""buyer_intent"": {""narrative"": ""Wants Borosil type bottles without brand names in 700ml or 650ml capacity."", ""reasoning"": ""Buyer is looking for specific sizes without branding, implying potential for customization or resale, but the preferred sizes are currently unavailable."", ""intent_level"": ""Medium""}, ""call_outcome"": {""category"": ""Follow-up"", ""conclusion_notes"": ""Will check on availability of requested sizes (Aaj batane ke liye).""}, ""call_purpose"": ""requirement"", ""all_languages"": [""Hindi"", ""English""], ""primary_language"": ""Hindi"", ""additional_details"": {""buyer_queries"": [{""query"": ""Do you have 700 ml or 650 ml bottles?"", ""category"": ""Specifications"", ""sequence"": 1}], ""seller_queries"": [{""query"": ""800 ml is available, do you want that?"", ""category"": ""Availability"", ""sequence"": 2}]}}, ""products"": [{""in_stock"": ""out of stock"", ""product_name"": ""Borosil Type Bottle (Without Brand Name)"", ""specifications"": [{""name"": ""Capacity"", ""unit"": ""ml"", ""value"": ""700"", ""buyer_requested"": true, ""seller_mentioned"": false}, {""name"": ""Capacity"", ""unit"": ""ml"", ""value"": ""650"", ""buyer_requested"": true, ""seller_mentioned"": false}, {""name"": ""Brand"", ""value"": ""No Brand Name"", ""buyer_requested"": false, ""seller_mentioned"": false}], ""related_categories"": [{""name"": ""Vacuum Flask"", ""reason"": ""Borosil style bottles are often vacuum insulated flask-type bottles.""}, {""name"": ""Steel Flask"", ""reason"": ""Likely a stainless steel material based on the brand reference.""}], ""is_buyer_interested"": true, ""most_specific_category"": {""name"": ""Stainless Steel Water Bottle"", ""reason"": ""The buyer refers to these as 'bottles' and mentions unbranded 'Borosil' style, usually referring to vacuum steel bottles.""}}, {""in_stock"": ""in stock"", ""product_name"": ""800ml Bottle (Without Brand Name)"", ""specifications"": [{""name"": ""Capacity"", ""unit"": ""ml"", ""value"": ""800"", ""buyer_requested"": false, ""seller_mentioned"": true}], ""related_categories"": [{""name"": ""Vacuum Flask"", ""reason"": ""Commonly associated with the style discussed.""}], ""is_buyer_interested"": false, ""most_specific_category"": {""name"": ""Stainless Steel Water Bottle"", ""reason"": ""800ml capacity stainless steel bottle available with the seller.""}}], ""next_steps"": {""buyer_next_steps"": [""To wait for the update regarding the 700ml availability""], ""seller_next_steps"": [""To check and confirm if 700ml or 650ml can be arranged""]}, ""buyer_details"": {""buyer_name"": ""1d52ac4d1137c042459728ec2b3de4e31dd4aa74369d2f0f2ca2966eddca6590"", ""buyer_mobile_number"": ""b1b46773df9599ccbb18fab55e76299dc466f5a2c2eca52a7f12153c509edde5""}, ""seller_details"": {""seller_name"": ""233711c88978b1c42d0fde5dda01e1422ee2f947f91c8df1ffa2fa3b8ad4cd9f""}}",2026-07-28 11:35:42.853,148536735795,29/07/26
28270468,BUYER,23150,"{""callback"": ""callback by Tomorrow 5 PM - To finalize (Kal 5 baje call karta hoon)"", ""lead_tag"": {""deal_blockers"": [{""detail"": ""Seller does not currently stock the specific WT brand requested by the buyer"", ""category"": ""Availability""}], ""deal_readiness"": ""Warm"", ""deal_readiness_reason"": ""Buyer has a bulk requirement and urgent need, but specific brand is unavailable; awaiting photos to decide.""}, ""metadata"": {""call_type"": {""type"": ""B2B"", ""reason"": ""High quantity requirement (500-1000 pcs) for commercial application indicates a B2B transaction."", ""evidence"": {""keywords"": [""Urgent Requirement"", ""WT Brand"", ""Stock""], ""order_type"": [""bulk"", ""commercial"", ""urgent""], ""repeat_buyer"": false, ""buyer_persona"": {""persona_detail"": ""Likely a furniture hardware retailer or furniture manufacturer"", ""persona_category"": ""retailer""}, ""quantity_scale"": ""High""}}, ""buyer_intent"": {""narrative"": ""Wants 500-1000 units of 20mm Camlocks for urgent requirement in Mumbai"", ""reasoning"": ""Buyer stated a specific quantity (500-1000 pieces), specific length (20mm), and emphasized an urgent requirement."", ""intent_level"": ""High""}, ""call_outcome"": {""category"": ""Follow-up"", ""conclusion_notes"": ""Seller will share photos and stock details on WhatsApp (WhatsApp pe photo aur quantity bhejta hoon)""}, ""call_purpose"": ""requirement"", ""all_languages"": [""Hindi"", ""English"", ""Kannada""], ""primary_language"": ""Hindi"", ""additional_details"": {""buyer_queries"": [{""query"": ""Do you have Camlocks?"", ""category"": ""Availability"", ""sequence"": 1}, {""query"": ""Do you have WT brand camlocks in stock?"", ""category"": ""Availability"", ""sequence"": 4}, {""query"": ""Do you have the 20mm length specifically?"", ""category"": ""Specifications"", ""sequence"": 6}, {""query"": ""Can you send photos of what you have in stock?"", ""category"": ""Availability"", ""sequence"": 9}], ""seller_queries"": [{""query"": ""How many pieces do you need?"", ""category"": ""Quantity"", ""sequence"": 2}, {""query"": ""Is 20mm length okay?"", ""category"": ""Specifications"", ""sequence"": 10}]}, ""intended_application"": ""Furniture Hardware Supply""}, ""products"": [{""in_stock"": ""out of stock"", ""product_name"": ""WT Camlock"", ""specifications"": [{""name"": ""Brand"", ""value"": ""WT"", ""buyer_requested"": true, ""seller_mentioned"": false}, {""name"": ""Length"", ""unit"": ""mm"", ""value"": ""20"", ""buyer_requested"": true, ""seller_mentioned"": true}], ""quantity_required"": {""unit"": ""pieces"", ""value"": 500}, ""related_categories"": [{""name"": ""Cabinet Locks"", ""reason"": ""Camlocks are a primary type of cabinet and furniture lock.""}, {""name"": ""Furniture Locks"", ""reason"": ""These are used extensively in furniture like drawers and cupboards.""}], ""is_buyer_interested"": true, ""most_specific_category"": {""name"": ""Cam Locks"", ""reason"": ""The buyer explicitly asked for 'Camlocks' (Camlock locks) for furniture use.""}}, {""in_stock"": ""in stock"", ""product_name"": ""COD Camlock"", ""specifications"": [{""name"": ""Brand"", ""value"": ""COD"", ""buyer_requested"": false, ""seller_mentioned"": true}, {""name"": ""Length"", ""unit"": ""mm"", ""value"": ""20"", ""buyer_requested"": true, ""seller_mentioned"": true}], ""quantity_required"": {""unit"": ""pieces"", ""value"": 500}, ""related_categories"": [{""name"": ""Cabinet Locks"", ""reason"": ""Standard camlocks used for cabinetry.""}], ""is_buyer_interested"": true, ""most_specific_category"": {""name"": ""Cam Locks"", ""reason"": ""The seller mentioned having similar camlocks under a different code.""}}], ""next_steps"": {""buyer_next_steps"": [""To send a Hi on WhatsApp to the seller"", ""To review product photos and confirm suitability""], ""seller_next_steps"": [""To share product photos on WhatsApp"", ""To confirm bulk stock availability of the alternative brand""]}, ""buyer_details"": {""buyer_location"": {""buyer_city"": ""Mumbai""}, ""buyer_mobile_number"": ""4dad3fe03b62547ba8ba1dd5bcf48a6fc06a058a4627721e61c60afd9cd5923e""}, ""seller_details"": {""seller_name"": ""372fb41298889bc4df223a601cf4475407cdeae0938692ae018737ec1335190b"", ""seller_location"": {""seller_city"": ""Bengaluru""}, ""seller_mobile_number"": ""a7ce24dcd9a444e41ad64e619e3edc64df35739ff9d7270d73d25bd88b84c9e7""}}",2026-07-28 11:24:38.462,148534905559,29/07/26
49605328,BUYER,192429,"{""callback"": ""callback by Tomorrow - To share product catalog and pricing details on WhatsApp. (Kal bhejta hoon details aur catalogs)"", ""lead_tag"": {""deal_blockers"": [], ""deal_readiness"": ""Warm"", ""deal_readiness_reason"": ""Wants 1000-1200 helmets by October 1st and asked for catalogs.""}, ""metadata"": {""call_type"": {""type"": ""B2B"", ""reason"": ""The buyer owns a clothing showroom and wants to buy helmets in bulk to sell at various locations."", ""evidence"": {""keywords"": [""Shop sell"", ""Quick delivery""], ""order_type"": [""bulk"", ""commercial""], ""repeat_buyer"": false, ""buyer_persona"": {""persona_detail"": ""Clothing showroom owner"", ""persona_category"": ""retailer""}, ""quantity_scale"": ""High""}}, ""buyer_intent"": {""narrative"": ""Wants 1000-1200 helmets to sell at his local shop locations by October 1st."", ""reasoning"": ""Requested 1000-1200 helmets and asked for a catalog to decide and buy soon."", ""intent_level"": ""High""}, ""call_outcome"": {""category"": ""Follow-up"", ""conclusion_notes"": ""Wants to check catalog and then place order. (Theek hai aap details bhejo, fir process karte hain.)""}, ""call_purpose"": ""requirement"", ""all_languages"": [""Hindi"", ""English""], ""primary_language"": ""Hindi"", ""additional_details"": {""buyer_queries"": [{""query"": ""Can you share the price of the helmet?"", ""category"": ""Pricing"", ""sequence"": 3}, {""query"": ""Can you share the product catalog?"", ""category"": ""Specifications"", ""sequence"": 2}], ""seller_queries"": [{""query"": ""How many helmets are you looking for?"", ""category"": ""Quantity"", ""sequence"": 1}]}, ""intended_application"": ""Retail Resale""}, ""products"": [{""in_stock"": ""in stock"", ""product_name"": ""Helmets"", ""specifications"": [{""name"": ""Brand"", ""value"": ""Nano"", ""buyer_requested"": false, ""seller_mentioned"": true}], ""quantity_required"": {""unit"": ""pieces"", ""value"": 1000}, ""related_categories"": [{""name"": ""Motorcycle Helmets"", ""reason"": ""These are general-purpose helmets used while riding motorcycles.""}, {""name"": ""Driving Helmets"", ""reason"": ""These helmets are meant for road safety while driving two-wheelers.""}], ""is_buyer_interested"": true, ""most_specific_category"": {""name"": ""Riding Helmets"", ""reason"": ""The term helmet is used broadly for head protection during riding, and the context suggests standard riding helmets for resale.""}, ""seller_accepts_quantity"": true}, {""in_stock"": ""in stock"", ""product_name"": ""Helmets"", ""specifications"": [{""name"": ""Brand"", ""value"": ""Nano"", ""buyer_requested"": false, ""seller_mentioned"": true}], ""quantity_required"": {""unit"": ""pieces"", ""value"": 1200}, ""related_categories"": [{""name"": ""Motorcycle Helmets"", ""reason"": ""These are general-purpose helmets used while riding motorcycles.""}, {""name"": ""Driving Helmets"", ""reason"": ""These helmets are meant for road safety while driving two-wheelers.""}], ""is_buyer_interested"": true, ""most_specific_category"": {""name"": ""Riding Helmets"", ""reason"": ""The buyer mentioned a range of 1000-1200, so a separate entry for 1200 pieces is included.""}, ""seller_accepts_quantity"": true}], ""next_steps"": {""buyer_next_steps"": [""To review catalog and pricing on WhatsApp""], ""seller_next_steps"": [""To share catalog and price on WhatsApp""]}, ""buyer_details"": {""buyer_name"": ""4e04d109a3a7a0460ad2dfd95a4f0faa145f3249bee9f371f8204d16c01d4921""}, ""seller_details"": {""seller_name"": ""2b58bf386bb99971779cb9b4677a9fa4a5793c8e30c8f982aec8485d65f95284""}}",2026-07-28 11:24:17.761,148534932295,29/07/26
237402791,BUYER,153964,"{""payment"": {}, ""callback"": ""callback by [Time/Date IST] - [Context]"", ""lead_tag"": {""deal_blockers"": [{""detail"": ""Seller does not have the specific product (Combs) requested by the buyer."", ""category"": ""Availability""}], ""deal_readiness"": ""Cold"", ""deal_readiness_reason"": ""Seller explicitly stated they do not have any combs in stock or for sale.""}, ""metadata"": {""call_type"": {""type"": ""B2C"", ""reason"": ""The buyer reached out with a product requirement, but the seller confirmed they do not sell it, leading to no business transaction."", ""evidence"": {""keywords"": [""Comb""]}}, ""buyer_intent"": {""narrative"": ""Buyer is inquiring about available types of combs."", ""reasoning"": ""The buyer asked a general question about stock availability but the seller denied having the product, ending the inquiry immediately."", ""intent_level"": ""Low""}, ""call_outcome"": {""category"": ""Lost"", ""conclusion_notes"": ""Seller does not deal in the product requested (Nahi sir).""}, ""call_purpose"": ""requirement"", ""all_languages"": [""Hindi"", ""English""], ""primary_language"": ""Hindi"", ""additional_details"": {""buyer_queries"": [{""query"": ""Which combs do you have?"", ""category"": ""Availability"", ""sequence"": 1, ""answer_by_seller"": ""No, I do not have it.""}], ""seller_queries"": []}}, ""products"": [{""in_stock"": ""not sold"", ""product_name"": ""Comb"", ""related_categories"": [{""name"": ""Plastic Combs"", ""reason"": ""General category for common hair combs.""}], ""is_buyer_interested"": true, ""most_specific_category"": {""name"": ""Hair Comb"", ""reason"": ""The buyer specifically inquired about types of 'comb' available.""}}], ""next_steps"": {""buyer_next_steps"": [], ""seller_next_steps"": []}, ""buyer_details"": {}, ""seller_details"": {}}",2026-07-28 11:18:56.552,148535199985,29/07/26
256526339,BUYER,177920,"{""payment"": {""payment_details"": ""The price is 7000 rupees excluding delivery.""}, ""callback"": ""callback by Tomorrow 5 PM - to finalize the deal (Kal 5 baje call karta hoon)"", ""lead_tag"": {""deal_blockers"": [{""detail"": ""Delivery across states (Karnataka to Indore)"", ""category"": ""Location""}], ""deal_readiness"": ""Warm"", ""deal_readiness_reason"": ""Buyer is actively seeking product but location and delivery are yet to be finalized.""}, ""metadata"": {""call_type"": {""type"": ""B2B"", ""reason"": ""The conversation was about Ajax machinery. This indicates a business purpose and professional machinery."", ""evidence"": {""keywords"": [""Ajax 2.0 MQ Hopper""], ""order_type"": [""bulk""], ""repeat_buyer"": false, ""quantity_scale"": ""High""}}, ""buyer_intent"": {""narrative"": ""Wants to purchase Ajax 2.0 MQ Hopper."", ""reasoning"": ""Buyer had clear product specifications and asked about price and delivery."", ""intent_level"": ""High""}, ""call_outcome"": {""category"": ""Follow-up"", ""conclusion_notes"": ""Buyer shared the number and seller will connect on WhatsApp. (Whatsapp number hai).""}, ""call_purpose"": ""requirement"", ""all_languages"": [""English"", ""Hindi"", ""Kannada""], ""primary_language"": ""English"", ""additional_details"": {""buyer_queries"": [{""query"": ""Is it available?"", ""category"": ""Availability"", ""sequence"": 1, ""answer_by_seller"": ""Yes, it is available.""}, {""query"": ""What is the price?"", ""category"": ""Pricing"", ""sequence"": 2, ""answer_by_seller"": ""The price is 7000 rupees.""}, {""query"": ""Is delivery possible to my place?"", ""category"": ""Delivery"", ""sequence"": 3, ""answer_by_seller"": ""Delivery would be extra through VRL.""}, {""query"": ""Where are you from?"", ""category"": ""Location"", ""sequence"": 4, ""answer_by_seller"": ""I'm from Indore.""}], ""seller_queries"": [{""query"": ""Where are you from?"", ""category"": ""Location"", ""sequence"": 5, ""answer_by_buyer"": ""I am from Karnataka.""}]}}, ""products"": [{""price"": {""value"": 7000, ""currency"": ""INR"", ""delivery_charge"": {""is_delivery_charge_included"": false}, ""buyer_price_reaction"": {""quote"": ""Ok"", ""category"": ""Accepted""}}, ""in_stock"": ""in stock"", ""product_name"": ""Ajax 2.0 MQ Hopper"", ""specifications"": [{""name"": ""Model"", ""value"": ""2.0 MQ"", ""buyer_requested"": true, ""seller_mentioned"": false}], ""related_categories"": [{""name"": ""Concrete Mixers"", ""reason"": ""Ajax 2.0 is a type of concrete mixer.""}], ""is_buyer_interested"": true, ""most_specific_category"": {""name"": ""Ajax Concrete Mixer"", ""reason"": ""The buyer explicitly asked for Ajax 2.0 MQ Hopper.""}}], ""next_steps"": {""buyer_next_steps"": [""To share location details on WhatsApp.""], ""seller_next_steps"": [""To share company location and other details on WhatsApp.""]}, ""buyer_details"": {""buyer_name"": ""e41b8da0ba4ca44f60c38588f53bc84bec748c300902223962c2bfa0bdf239ad""}, ""seller_details"": {""seller_name"": ""9e681630f917327445198eac1ea4a14c57a2092839c7b54c08a8d599c0c52c89""}}",2026-07-28 11:15:23.243,148534718575,29/07/26
35654876,BUYER,184680,"{""payment"": {""payment_details"": ""Advance payment discussed for bulk orders""}, ""callback"": ""callback by Tomorrow 10 AM - To discuss final quote"", ""lead_tag"": {""deal_blockers"": [{""detail"": ""Buyer needs a more competitive rate for 50 quantities (Rate thoda zyada hai, quote bhejo)"", ""category"": ""Price""}], ""deal_readiness"": ""Warm"", ""deal_readiness_reason"": ""Buyer shared a specific quantity and confirmed specifications but wants to review the price quotation on WhatsApp before deciding.""}, ""metadata"": {""call_type"": {""type"": ""B2B"", ""reason"": ""The buyer is inquiring for a bulk quantity of 50 units with specific manufacturing specs, indicating intent for resale or commercial project use."", ""evidence"": {""keywords"": [""22 gauge"", ""multipurpose pigeon rack"", ""bulk requirement""], ""order_type"": [""bulk"", ""commercial""], ""repeat_buyer"": true, ""buyer_persona"": {""persona_category"": ""retailer""}, ""quantity_scale"": ""High""}}, ""buyer_intent"": {""narrative"": ""Wants 50 units of multipurpose pigeon racks with 18-inch depth and 22-gauge thickness for resale/commercial use."", ""reasoning"": ""Buyer specified exact quantities, specific material thickness (22 gauge), and depth requirements (18 inch)."", ""intent_level"": ""High""}, ""call_outcome"": {""category"": ""Follow-up"", ""conclusion_notes"": ""Will send the detailed quotation on WhatsApp (Main abhi WhatsApp karti hoon)""}, ""call_purpose"": ""requirement"", ""all_languages"": [""Hindi"", ""English""], ""primary_language"": ""Hindi"", ""additional_details"": {""buyer_queries"": [{""query"": ""Is this a 22-gauge rack?"", ""category"": ""Specifications"", ""sequence"": 1}], ""seller_queries"": [{""query"": ""What is the quantity you need?"", ""category"": ""Quantity"", ""sequence"": 2, ""answer_by_buyer"": ""I need 50 pieces.""}]}, ""intended_application"": ""Commercial Storage""}, ""products"": [{""in_stock"": ""in stock"", ""product_name"": ""Multipurpose Pigeon Rack"", ""specifications"": [{""name"": ""Depth"", ""unit"": ""inch"", ""value"": ""18"", ""buyer_requested"": false, ""seller_mentioned"": true}, {""name"": ""Gauge"", ""value"": ""22"", ""buyer_requested"": true, ""seller_mentioned"": true}, {""name"": ""Height"", ""unit"": ""inch"", ""value"": ""78"", ""buyer_requested"": false, ""seller_mentioned"": true}, {""name"": ""Width"", ""unit"": ""inch"", ""value"": ""36"", ""buyer_requested"": false, ""seller_mentioned"": true}], ""quantity_required"": {""unit"": ""pieces"", ""value"": 50}, ""related_categories"": [{""name"": ""Steel Racks"", ""reason"": ""Gauge-based racks used for general storage often fall under steel or metal storage categories.""}], ""is_buyer_interested"": true, ""most_specific_category"": {""name"": ""MS Rack"", ""reason"": ""The product is described as a multi-purpose rack with gauge specifications typically associated with MS racks.""}, ""seller_accepts_quantity"": true}], ""next_steps"": {""buyer_next_steps"": [""To check the quote on WhatsApp""], ""seller_next_steps"": [""To share catalog and price on WhatsApp""]}, ""buyer_details"": {""buyer_name"": ""8ce37248262dec5920b44f16002204bd3371596da3236e64a9d70f5a85f70183""}, ""seller_details"": {""seller_name"": ""a5f3ad0d95c2afe089bc751a56f8a0f34e19bb28c528263d9135ac0ea45ba708""}}",2026-07-28 11:14:53.604,148534551963,29/07/26
269699395,BUYER,35481,"{""payment"": {}, ""callback"": """", ""lead_tag"": {""deal_blockers"": [{""detail"": ""Product is not available with the seller"", ""category"": ""Availability""}], ""deal_readiness"": ""Cold"", ""deal_readiness_reason"": ""Seller explicitly stated they do not have Potassium Sulfate.""}, ""metadata"": {""call_type"": {""type"": ""B2C"", ""reason"": ""The call was a simple product inquiry where the seller confirmed the item is not available."", ""evidence"": {""order_type"": [""one-time""], ""repeat_buyer"": false}}, ""buyer_intent"": {""narrative"": ""Buyer is looking for Potassium Sulphate which the seller does not stock."", ""reasoning"": ""The buyer asked for a specific product, but since the seller doesn't have it, the inquiry ended immediately."", ""intent_level"": ""Low""}, ""call_outcome"": {""category"": ""Lost"", ""conclusion_notes"": ""Seller confirmed they do not deal in Potassium Sulfate (No ma'am).""}, ""call_purpose"": ""requirement"", ""all_languages"": [""English""], ""primary_language"": ""English"", ""additional_details"": {""buyer_queries"": [{""query"": ""Do you have Potassium Sulphate?"", ""category"": ""Availability"", ""sequence"": 1, ""answer_by_seller"": ""No, we do not have it.""}], ""seller_queries"": []}}, ""products"": [{""price"": {}, ""in_stock"": ""not sold"", ""product_name"": ""Potassium Sulfate"", ""specifications"": [{""name"": ""Availability"", ""value"": ""Unavailable"", ""buyer_requested"": true, ""seller_mentioned"": true}], ""related_categories"": [{""name"": ""Potassic Fertilizers"", ""reason"": ""Potassium Sulfate is a type of potassic fertilizer.""}, {""name"": ""Fertilizer"", ""reason"": ""It is used as a chemical fertilizer.""}], ""is_buyer_interested"": true, ""most_specific_category"": {""name"": ""Potassium Sulphate"", ""reason"": ""The buyer specifically inquired about Potassium Sulphate.""}}], ""next_steps"": {""buyer_next_steps"": [], ""seller_next_steps"": []}, ""buyer_details"": {""buyer_name"": ""fb9ebf18103e119e819b5ebbd637958db338fe2821156a51e1b691015615e984""}, ""seller_details"": {""seller_name"": ""3c667cea208bd683485c3e28de23dfce5ca5759427dfdad3fe663d19ade095df""}}",2026-07-28 11:07:19.423,148533135759,29/07/26
11324650,BUYER,3451,"{""callback"": ""callback by in 10 minutes - To provide an update on the resistor requirement (10 minute ka time do, mein aapko update karti hoon)"", ""lead_tag"": {""deal_blockers"": [], ""deal_readiness"": ""Warm"", ""deal_readiness_reason"": ""Buyer has shared details on WhatsApp and is awaiting an update on availability and specifications.""}, ""metadata"": {""call_type"": {""type"": ""B2B"", ""reason"": ""The buyer is inquiring for resistors and has shared technical details with the seller's business team, indicating a professional or industrial requirement."", ""evidence"": {""order_type"": [""commercial""]}}, ""buyer_intent"": {""narrative"": ""Wants to source resistors and has already shared details on WhatsApp."", ""reasoning"": ""The buyer followed up on a previously shared WhatsApp requirement for resistors, showing proactive interest."", ""intent_level"": ""Medium""}, ""call_outcome"": {""category"": ""Follow-up"", ""conclusion_notes"": ""Seller will update the buyer in 10 minutes after checking with the purchase team (10 minute ka time do mein aapko update karti hoon).""}, ""call_purpose"": ""requirement"", ""all_languages"": [""Hindi"", ""English""], ""primary_language"": ""Hindi"", ""additional_details"": {""buyer_queries"": [{""query"": ""Is the information provided enough or is more detail needed?"", ""category"": ""Specifications"", ""sequence"": 2}], ""seller_queries"": [{""query"": ""Is it E-Controls?"", ""category"": ""Specifications"", ""sequence"": 1}]}}, ""products"": [{""product_name"": ""Resistors"", ""related_categories"": [{""name"": ""Fixed Resistors"", ""reason"": ""Resistors are generally classified under the broad category of fixed resistors in electronic components.""}], ""is_buyer_interested"": true, ""most_specific_category"": {""name"": ""Resistors"", ""reason"": ""The buyer explicitly mentioned a requirement for resistors.""}}], ""next_steps"": {""buyer_next_steps"": [""To wait for an update from the seller within 10 minutes.""], ""seller_next_steps"": [""To check with the purchase department regarding the resistor specifications."", ""To call the buyer back with an update in 10 minutes.""]}, ""buyer_details"": {""buyer_name"": ""043a718774c572bd8a25adbeb1bfcd5c0256ae11cecf9f9c3f925d0e52beaf89""}, ""seller_details"": {""seller_name"": ""ae8e87ffbaff1f401ddf7691e563037d9c791de2bb17e3ce77e873dbec155b5f""}}",2026-07-28 10:51:52.730,148535304367,29/07/26
269699395,BUYER,35481,"{""payment"": {}, ""callback"": ""callback by Today 5 PM - To finalized (Detais bhejo deal final hai)"", ""lead_tag"": {""deal_blockers"": [], ""deal_readiness"": ""Hot"", ""deal_readiness_reason"": ""The buyer has a clear requirement of 1 ton and is asking for prices for both imported and domestic grades.""}, ""metadata"": {""call_type"": {""type"": ""B2B"", ""reason"": ""The buyer is inquiring for a bulk quantity of 1 ton of potassium sulphate for resale, which is a clear B2B indicator."", ""evidence"": {""keywords"": [""Reselling"", ""1 ton"", ""Potassium Sulphate""], ""order_type"": [""bulk"", ""commercial""], ""repeat_buyer"": true, ""buyer_persona"": {""persona_detail"": ""Reseller"", ""persona_category"": ""wholesaler""}, ""quantity_scale"": ""High""}}, ""buyer_intent"": {""narrative"": ""The buyer wants 1 ton of potassium sulphate for resale in Ahmedabad and Delhi."", ""reasoning"": ""The buyer has a clear requirement for 1 ton of potassium sulphate, is aware of different grades (Indian/Imported), and is asking for specific details such as price, potash content, and physical form (powder/granules)."", ""intent_level"": ""High""}, ""call_outcome"": {""category"": ""Follow-up"", ""conclusion_notes"": ""The buyer asked for details to be sent to finalize the deal. (Details bhejo deal final hai)""}, ""call_purpose"": ""requirement"", ""all_languages"": [""Hindi"", ""English""], ""primary_language"": ""Hindi"", ""additional_details"": {""buyer_queries"": [{""query"": ""Do you have potassium sulphate?"", ""category"": ""Availability"", ""sequence"": 1, ""answer_by_seller"": ""Yes, we have it.""}, {""query"": ""Which grade do you have, Indian or imported?"", ""category"": ""Specifications"", ""sequence"": 3, ""answer_by_seller"": ""We have the Indian grade available.""}, {""query"": ""What is the price of the potassium sulphate?"", ""category"": ""Pricing"", ""sequence"": 5, ""answer_by_seller"": ""The price is 71 per kg.""}, {""query"": ""What is the percentage of potash, 50% or 51%?"", ""category"": ""Specifications"", ""sequence"": 7, ""answer_by_seller"": ""The potassium content is 60% and 40% will be mixing.""}, {""query"": ""Is the potassium sulphate in powder or granules form?"", ""category"": ""Specifications"", ""sequence"": 8, ""answer_by_seller"": ""It is in powder form.""}], ""seller_queries"": [{""query"": ""What is your company and where is your location?"", ""category"": ""Location"", ""sequence"": 4, ""answer_by_buyer"": ""We are from Indian Petro Chem and we need it for resale in Ahmedabad.""}, {""query"": ""Where do you want to do the resale?"", ""category"": ""Location"", ""sequence"": 6, ""answer_by_buyer"": ""Same location Ahmedabad and also in Delhi.""}]}, ""intended_application"": ""Retail Resale""}, ""products"": [{""price"": {""value"": 71, ""currency"": ""INR"", ""price_unit"": ""kg"", ""buyer_price_reaction"": {""quote"": ""Theek hai rate done hai"", ""category"": ""Accepted""}}, ""in_stock"": ""in stock"", ""product_name"": ""Potassium Sulphate"", ""specifications"": [{""name"": ""Grade"", ""value"": ""Indian"", ""buyer_requested"": false, ""seller_mentioned"": true}, {""name"": ""Potash Content"", ""unit"": ""%"", ""value"": ""60"", ""buyer_requested"": true, ""seller_mentioned"": true}, {""name"": ""Physical Form"", ""value"": ""Powder"", ""buyer_requested"": true, ""seller_mentioned"": true}], ""quantity_required"": {""unit"": ""tonnes"", ""value"": 1}, ""related_categories"": [{""name"": ""Potash Fertilizer"", ""reason"": ""Potassium sulphate is a commonly used potash fertilizer.""}, {""name"": ""Water Soluble Fertilizers"", ""reason"": ""The seller mentioned that 60% of the product is water-soluble.""}], ""is_buyer_interested"": true, ""most_specific_category"": {""name"": ""Potassium Sulphate"", ""reason"": ""The buyer specifically asked for 'potassium sulphate', which is a type of potash fertilizer.""}, ""seller_accepts_quantity"": true}], ""next_steps"": {""buyer_next_steps"": [""To share more details about their location in Ahmedabad.""], ""seller_next_steps"": [""To share the product details and final quote with the buyer."", ""To contact the buyer by 5 PM today to finalize the deal.""]}, ""buyer_details"": {""buyer_name"": ""fb9ebf18103e119e819b5ebbd637958db338fe2821156a51e1b691015615e984"", ""buyer_location"": {""buyer_city"": ""Delhi""}}, ""seller_details"": {""seller_name"": ""9cc857b15a666de6d8f44009a2b18006586dfb746ca1fb5058efb9869ee6d61d"", ""seller_location"": {""seller_city"": ""Ahmedabad""}}}",2026-07-28 10:50:48.581,148533135759,29/07/26
269699395,BUYER,35481,"{""callback"": ""callback by Today - Discuss stock availability and pricing (Aaj call karke batata hoon)"", ""lead_tag"": {""deal_blockers"": [], ""deal_readiness"": ""Warm"", ""deal_readiness_reason"": ""Buyer is seeking information for a specific location but still in the research phase regarding price and stock.""}, ""metadata"": {""call_type"": {""type"": ""B2B"", ""reason"": ""The inquiry regarding NPK fertilizer delivery to a different city typically indicates a commercial or agricultural business context rather than retail home use."", ""evidence"": {""order_type"": [""commercial""], ""buyer_persona"": {""persona_category"": ""other""}, ""quantity_scale"": ""High""}}, ""buyer_intent"": {""narrative"": ""Looking for NPK Fertilizer delivery in Delhi and inquiring about prices."", ""reasoning"": ""Buyer specifies a location and a specific fertilizer type (NPK 19:19:19) but has not yet confirmed quantity or commercial terms."", ""intent_level"": ""Medium""}, ""call_outcome"": {""category"": ""Follow-up"", ""conclusion_notes"": ""Seller will check and call back regarding pricing and stock (Check karke call karta hoon).""}, ""call_purpose"": ""requirement"", ""all_languages"": [""English"", ""Hindi""], ""primary_language"": ""Hindi"", ""additional_details"": {""buyer_queries"": [{""query"": ""Are you dealing in NPK fertilizer and can you deliver to Delhi?"", ""category"": ""Availability"", ""sequence"": 1, ""answer_by_seller"": ""Yes, we have it in stock and can deliver to Delhi.""}, {""query"": ""What is the price per kg for NPK 19:19:19?"", ""category"": ""Pricing"", ""sequence"": 2}], ""seller_queries"": [{""query"": ""Where is your location?"", ""category"": ""Location"", ""sequence"": 3, ""answer_by_buyer"": ""I need it delivered to Delhi.""}]}}, ""products"": [{""in_stock"": ""in stock"", ""product_name"": ""NPK 19:19:19 Fertilizer"", ""specifications"": [{""name"": ""Grade"", ""value"": ""19:19:19"", ""buyer_requested"": true, ""seller_mentioned"": false}], ""related_categories"": [{""name"": ""Water Soluble Fertilizers"", ""reason"": ""NPK 19:19:19 is a common water-soluble fertilizer grade.""}, {""name"": ""Chemical Fertilizers"", ""reason"": ""It is a synthetically produced chemical nutrient blend.""}], ""is_buyer_interested"": true, ""most_specific_category"": {""name"": ""NPK Fertilizer"", ""reason"": ""The buyer explicitly inquired about NPK 19:19:19 fertilizer.""}}], ""next_steps"": {""buyer_next_steps"": [""To provide quantity requirements once the price is shared.""], ""seller_next_steps"": [""To call the buyer back with price details for NPK 19:19:19."", ""To confirm stock availability for the requested location.""]}, ""buyer_details"": {""buyer_location"": {""buyer_city"": ""Delhi""}, ""buyer_mobile_number"": ""0eeb730ff143467d249d8dc0c410a057dd1f47ff07e6e856c2711f3372f70a77""}, ""seller_details"": {""seller_name"": ""9e681630f917327445198eac1ea4a14c57a2092839c7b54c08a8d599c0c52c89"", ""seller_location"": {""seller_city"": ""Ahmedabad""}}}",2026-07-28 10:47:24.968,148533135759,29/07/26
269699395,BUYER,35481,"{""payment"": {}, ""callback"": ""callback by Today - To check material photos and COA on WhatsApp (Mai apko WhatsApp kar deti hun material ka photo video or COA)"", ""lead_tag"": {""deal_blockers"": [], ""deal_readiness"": ""Warm"", ""deal_readiness_reason"": ""Ready to move forward after reviewing product photos and COA delivered via WhatsApp.""}, ""metadata"": {""call_type"": {""type"": ""B2B"", ""reason"": ""The buyer's requirement for 1 ton of imported potassium sulfate with specific technical grades (50% K2O) for industrial/agricultural use makes this a B2B transaction."", ""evidence"": {""keywords"": [""Imported"", ""Uzbekistan"", ""K2O Content"", ""COA"", ""Powder form""], ""order_type"": [""bulk"", ""commercial""], ""repeat_buyer"": false, ""buyer_persona"": {""persona_detail"": ""Industrial Buyer"", ""persona_category"": ""other""}, ""quantity_scale"": ""High""}}, ""buyer_intent"": {""narrative"": ""Wants to buy 1 ton of imported potassium sulfate powder for industrial use."", ""reasoning"": ""Expressed clear technical requirements regarding origin, K2O content, and form, and confirmed the quantity needed."", ""intent_level"": ""High""}, ""call_outcome"": {""category"": ""Follow-up"", ""conclusion_notes"": ""Will check material details on WhatsApp (WhatsApp kar deti hun material ka photo video or COA).""}, ""call_purpose"": ""requirement"", ""all_languages"": [""Hindi"", ""English""], ""primary_language"": ""Hindi"", ""additional_details"": {""buyer_queries"": [{""query"": ""Is potassium sulfate available?"", ""category"": ""Availability"", ""sequence"": 1, ""answer_by_seller"": ""Yes, potassium sulfate is available.""}, {""query"": ""Is the potassium sulfate imported or domestic?"", ""category"": ""Specifications"", ""sequence"": 2, ""answer_by_seller"": ""It is imported from Uzbekistan.""}, {""query"": ""What is the price for potassium sulfate?"", ""category"": ""Pricing"", ""sequence"": 3, ""answer_by_seller"": ""The current price is 89 rupees per kg plus 5% GST.""}, {""query"": ""What is the percentage of K2O content?"", ""category"": ""Specifications"", ""sequence"": 4, ""answer_by_seller"": ""It has 50% K2O content.""}, {""query"": ""Is it available in powder or granule form?"", ""category"": ""Specifications"", ""sequence"": 5, ""answer_by_seller"": ""It is available in powder form.""}], ""seller_queries"": [{""query"": ""How much quantity do you need?"", ""category"": ""Quantity"", ""sequence"": 6, ""answer_by_buyer"": ""I need 1 ton.""}]}}, ""products"": [{""price"": {""gst"": {""value"": 5, ""is_gst_included"": false}, ""value"": 89, ""currency"": ""INR"", ""price_unit"": ""kg"", ""buyer_price_reaction"": {""quote"": ""89 rupees imported plus 5 percent GST."", ""category"": ""Accepted""}}, ""in_stock"": ""in stock"", ""product_name"": ""Potassium Sulfate"", ""specifications"": [{""name"": ""Origin"", ""value"": ""Uzbekistan"", ""buyer_requested"": false, ""seller_mentioned"": true}, {""name"": ""Form"", ""value"": ""Powder"", ""buyer_requested"": false, ""seller_mentioned"": true}, {""name"": ""K2O Content"", ""unit"": ""%"", ""value"": ""50"", ""buyer_requested"": true, ""seller_mentioned"": true}], ""quantity_required"": {""unit"": ""ton"", ""value"": 1}, ""related_categories"": [{""name"": ""Potash Fertilizer"", ""reason"": ""Potassium sulfate is commonly used as a potash fertilizer.""}, {""name"": ""Water Soluble Fertilizers"", ""reason"": ""Potassium sulfate is often categorized as a water-soluble fertilizer.""}], ""is_buyer_interested"": true, ""most_specific_category"": {""name"": ""Potassium Sulphate"", ""reason"": ""The speaker explicitly mentions potassium sulfate powder imported from Uzbekistan.""}, ""seller_accepts_quantity"": true}], ""next_steps"": {""buyer_next_steps"": [""To review the product photo, video, and COA sent by the seller on WhatsApp""], ""seller_next_steps"": [""To share product photos, videos, and COA on the buyer's WhatsApp number""]}, ""buyer_details"": {""buyer_mobile_number"": ""0eeb730ff143467d249d8dc0c410a057dd1f47ff07e6e856c2711f3372f70a77""}, ""seller_details"": {}}",2026-07-28 10:43:09.595,148533135759,29/07/26
11324650,BUYER,3451,"{""payment"": {}, ""callback"": """", ""lead_tag"": {""deal_blockers"": [], ""deal_readiness"": ""Warm"", ""deal_readiness_reason"": ""The buyer has a specific requirement for wire-wound resistors and has agreed to share photos to proceed.""}, ""metadata"": {""call_type"": {""type"": ""B2B"", ""reason"": ""The buyer is inquiring about electronic components (resistors) for a specific requirement. While quantity isn't discussed, the nature of the inquiry for industrial components suggests a professional context."", ""evidence"": {""order_type"": [""other""], ""repeat_buyer"": false}}, ""buyer_intent"": {""narrative"": ""The buyer is looking for wire-wound resistors and plans to share product images with the seller via WhatsApp."", ""reasoning"": ""The buyer has a specific product in mind but doesn't have the model number, preferring to share visual evidence to confirm the specification."", ""intent_level"": ""Medium""}, ""call_outcome"": {""category"": ""Follow-up"", ""conclusion_notes"": ""The buyer will share photos of the required resistor on WhatsApp for identification (Details and photo WhatsApp karta hoon).""}, ""call_purpose"": ""requirement"", ""all_languages"": [""Hindi"", ""English""], ""primary_language"": ""Hindi"", ""additional_details"": {""buyer_queries"": [{""query"": ""Do you have wire-wound resistors available?"", ""category"": ""Availability"", ""sequence"": 1}], ""seller_queries"": [{""query"": ""Do you have a model number for the resistor?"", ""category"": ""Specifications"", ""sequence"": 2}]}}, ""products"": [{""in_stock"": ""in stock"", ""product_name"": ""Wire Wound Resistor"", ""specifications"": [{""name"": ""Type"", ""value"": ""Wire Wound"", ""buyer_requested"": true, ""seller_mentioned"": false}], ""related_categories"": [{""name"": ""Fixed Resistors"", ""reason"": ""Wire wound resistors are a type of fixed resistor.""}, {""name"": ""Power Resistors"", ""reason"": ""Many wire wound resistors are used for power applications.""}], ""is_buyer_interested"": true, ""most_specific_category"": {""name"": ""Wire Wound Resistors"", ""reason"": ""The buyer explicitly asked for wire-wound resistors which is the exact category name.""}}], ""next_steps"": {""buyer_next_steps"": [""To share photos of the wire-wound resistor on the seller's WhatsApp number.""], ""seller_next_steps"": [""To provide a quotation or confirm availability once photos are received on WhatsApp.""]}, ""buyer_details"": {""buyer_name"": ""043a718774c572bd8a25adbeb1bfcd5c0256ae11cecf9f9c3f925d0e52beaf89"", ""buyer_mobile_number"": ""a3dd44506e04e80b11b4a579422f4395bb4a5b2873297fd904d69f5e88edcb75""}, ""seller_details"": {""seller_name"": ""ae8e87ffbaff1f401ddf7691e563037d9c791de2bb17e3ce77e873dbec155b5f""}}",2026-07-28 10:38:28.868,148535304367,29/07/26
269699395,BUYER,35481,"{""callback"": ""callback by Monday 11 AM - To check the availability of Potassium Schoenite (Somwar subah 11 baje batata hoon)"", ""lead_tag"": {""deal_blockers"": [], ""deal_readiness"": ""Warm"", ""deal_readiness_reason"": ""The seller needs time to check stock availability for a specific requirement.""}, ""metadata"": {""call_type"": {""type"": ""B2B"", ""reason"": ""The buyer is inquiring about agricultural fertilizers which are typically handled in B2B contexts for farming or retail."", ""evidence"": {""keywords"": [""Potassium Sulphate"", ""Potassium Schoenite"", ""Fertilizer""], ""order_type"": [""commercial""], ""repeat_buyer"": false}}, ""buyer_intent"": {""narrative"": ""Looking for Potassium Sulphate and Potassium Schoenite fertilizer."", ""reasoning"": ""The buyer specifically inquired about two types of potassium-based fertilizers and their availability."", ""intent_level"": ""Medium""}, ""call_outcome"": {""category"": ""Follow-up"", ""conclusion_notes"": ""Seller will check stock for one product and callback on Monday (Somwar ko stock check karke 11 baje call karunga)""}, ""call_purpose"": ""requirement"", ""all_languages"": [""Hindi"", ""English""], ""primary_language"": ""Hindi"", ""additional_details"": {""buyer_queries"": [{""query"": ""Do you have Potassium Sulphate available?"", ""category"": ""Availability"", ""sequence"": 1, ""answer_by_seller"": ""Yes, we have it in stock.""}, {""query"": ""Do you have Potassium Schoenite?"", ""category"": ""Availability"", ""sequence"": 2, ""answer_by_seller"": ""It is not available currently. I will check and call you on Monday at 11 AM.""}], ""seller_queries"": []}}, ""products"": [{""in_stock"": ""in stock"", ""product_name"": ""Potassium Sulphate"", ""specifications"": [], ""related_categories"": [{""name"": ""Fertilizer"", ""reason"": ""It is a common mineral fertilizer used in agriculture.""}, {""name"": ""Water Soluble Fertilizers"", ""reason"": ""Potassium sulphate is often sold in water-soluble forms for irrigation.""}], ""is_buyer_interested"": true, ""most_specific_category"": {""name"": ""Potassium Sulphate"", ""reason"": ""The buyer explicitly asked for this product and the seller confirmed availability.""}}, {""in_stock"": ""out of stock"", ""product_name"": ""Potassium Schoenite"", ""specifications"": [], ""related_categories"": [{""name"": ""Potassic Fertilizers"", ""reason"": ""Contains potassium as a primary nutrient.""}, {""name"": ""Fertilizer"", ""reason"": ""Used as an agricultural input.""}], ""is_buyer_interested"": true, ""most_specific_category"": {""name"": ""Potassium Schoenite"", ""reason"": ""The buyer explicitly inquired about this specific potassium fertilizer.""}}], ""next_steps"": {""buyer_next_steps"": [], ""seller_next_steps"": [""To check stock availability for Potassium Schoenite"", ""To call back at 11 AM on Monday""]}, ""buyer_details"": {""buyer_location"": {""buyer_city"": ""Delhi""}, ""buyer_mobile_number"": ""0eeb730ff143467d249d8dc0c410a057dd1f47ff07e6e856c2711f3372f70a77""}, ""seller_details"": {""seller_name"": ""ce8ff7dc1b2bcfabc6ee57b6eaa12ecefb1be783b8b8b8304992aa32eac8d784"", ""seller_location"": {""seller_city"": ""Ahmedabad""}}}",2026-07-28 10:37:24.033,148533135759,29/07/26
60560182,BUYER,189147,"{""callback"": ""callback by Tomorrow - To share the price details (Kal tak aapko rates provide kar dungi)"", ""lead_tag"": {""deal_blockers"": [], ""deal_readiness"": ""Hot"", ""deal_readiness_reason"": ""The buyer has a specific and high volume requirement for immediate fulfillment.""}, ""metadata"": {""call_type"": {""type"": ""B2B"", ""reason"": ""The buyer has a high-volume requirement for 3000 sq ft of grid ceiling, suggesting commercial or institutional use."", ""evidence"": {""keywords"": [""Armstrong"", ""Mineral fiber"", ""Grid ceiling""], ""order_type"": [""bulk"", ""commercial""], ""repeat_buyer"": false, ""buyer_persona"": {""persona_detail"": ""Professional"", ""persona_category"": ""other""}, ""quantity_scale"": ""High""}}, ""buyer_intent"": {""narrative"": ""The buyer is looking for Armstrong 12mm mineral fiber grid ceiling tiles for a 3000 sq ft area."", ""reasoning"": ""The buyer has specific product requirements including thickness and material, and a high-volume area for installation."", ""intent_level"": ""High""}, ""call_outcome"": {""category"": ""Follow-up"", ""conclusion_notes"": ""The seller will share the price details tomorrow. (Kal tak aapko rates provide kar dungi)""}, ""call_purpose"": ""requirement"", ""all_languages"": [""Hindi"", ""English""], ""primary_language"": ""Hindi"", ""additional_details"": {""buyer_queries"": [{""query"": ""What is the price per square foot for grid ceiling?"", ""category"": ""Pricing"", ""sequence"": 1, ""answer_by_seller"": ""The price will be provided tomorrow.""}], ""seller_queries"": [{""query"": ""Which material would you like to use?"", ""category"": ""Specifications"", ""sequence"": 2, ""answer_by_buyer"": ""Armstrong.""}, {""query"": ""What thickness would you like for the tile?"", ""category"": ""Specifications"", ""sequence"": 3, ""answer_by_buyer"": ""12 mm.""}, {""query"": ""Do you need it with installation or just material?"", ""category"": ""Specifications"", ""sequence"": 4, ""answer_by_buyer"": ""Mineral fiber.""}, {""query"": ""What is the total area?"", ""category"": ""Quantity"", ""sequence"": 5, ""answer_by_buyer"": ""3000.""}]}, ""intended_application"": ""Commercial project""}, ""products"": [{""in_stock"": ""in stock"", ""product_name"": ""Armstrong Mineral Fiber Grid Ceiling Tile"", ""specifications"": [{""name"": ""Brand"", ""value"": ""Armstrong"", ""buyer_requested"": true, ""seller_mentioned"": false}, {""name"": ""Thickness"", ""unit"": ""mm"", ""value"": ""12"", ""buyer_requested"": true, ""seller_mentioned"": false}, {""name"": ""Material"", ""value"": ""Mineral Fiber"", ""buyer_requested"": true, ""seller_mentioned"": false}], ""quantity_required"": {""unit"": ""sq ft"", ""value"": 3000}, ""related_categories"": [{""name"": ""Ceiling Tiles"", ""reason"": ""Grid ceiling tiles are a type of ceiling tile.""}, {""name"": ""False Ceiling"", ""reason"": ""Grid ceilings are a common type of false ceiling.""}], ""is_buyer_interested"": true, ""most_specific_category"": {""name"": ""Mineral Fiber Acoustic Ceiling"", ""reason"": ""The buyer explicitly asked for mineral fiber grid ceiling.""}, ""seller_accepts_quantity"": true}], ""next_steps"": {""buyer_next_steps"": [""To review pricing once received""], ""seller_next_steps"": [""To provide the price for the Armstrong 12mm mineral fiber grid ceiling tomorrow""]}, ""buyer_details"": {""buyer_name"": ""eff896bd86bbb59e095d136687a425920cb6cfdf62d82a98ca856175bfd803fa""}, ""seller_details"": {""seller_name"": ""4a725f6941094d5335fba91bfaf4a3bc161cc87df1f354c4c604e5a55cb2fbf4""}}",2026-07-28 10:35:50.269,148532997967,29/07/26
270916373,BUYER,167125,"{""lead_tag"": {""deal_blockers"": [], ""deal_readiness"": ""Warm"", ""deal_readiness_reason"": ""Detailed specs provided and requested quotation for further process. ""}, ""metadata"": {""call_type"": {""type"": ""B2B"", ""reason"": ""Buyer is purchasing for DM service water storage, likely for industrial or commercial use."", ""evidence"": {""keywords"": [""Industrial Use"", ""DM Water Storage""], ""order_type"": [""commercial""], ""repeat_buyer"": false, ""quantity_scale"": ""High""}}, ""buyer_intent"": {""narrative"": ""Wants a 500L SS 304 extension tank for DM water storage."", ""reasoning"": ""Buyer shared specific material (SS 304), capacity (500L), and application (DM water) showing high technical clarity."", ""intent_level"": ""High""}, ""call_outcome"": {""category"": ""Follow-up"", ""conclusion_notes"": ""Quotation requested (Quotation banake dijiye).""}, ""call_purpose"": ""requirement"", ""all_languages"": [""Hindi"", ""English""], ""primary_language"": ""Hindi"", ""additional_details"": {""buyer_queries"": [{""query"": ""Can you manufacture 500 liters extension tank?"", ""category"": ""Specifications"", ""sequence"": 1}], ""seller_queries"": [{""query"": ""What will the tank be used for?"", ""category"": ""Specifications"", ""sequence"": 2}]}}, ""products"": [{""price"": {""value"": 45000, ""currency"": ""INR"", ""price_unit"": ""piece"", ""buyer_price_reaction"": {""quote"": ""Theek hai"", ""category"": ""Accepted""}}, ""in_stock"": ""in stock"", ""product_name"": ""Extension tank"", ""specifications"": [{""name"": ""Capacity"", ""unit"": ""liters"", ""value"": ""500"", ""buyer_requested"": false, ""seller_mentioned"": true}, {""name"": ""Material"", ""value"": ""SS 304"", ""buyer_requested"": true, ""seller_mentioned"": false}, {""name"": ""Application"", ""value"": ""DM service water"", ""buyer_requested"": false, ""seller_mentioned"": true}], ""quantity_required"": {""unit"": ""piece"", ""value"": 1}, ""related_categories"": [{""name"": ""Stainless Steel Tanks"", ""reason"": ""Material mentioned is SS 304.""}, {""name"": ""Industrial Water Tanks"", ""reason"": ""Used for industrial DM water service.""}], ""is_buyer_interested"": true, ""most_specific_category"": {""name"": ""DM Water Tank"", ""reason"": ""Explicitly mentioned for DM service water.""}}], ""next_steps"": {""buyer_next_steps"": [""To share more details on WhatsApp""], ""seller_next_steps"": [""To share quotation on the provided number""]}, ""buyer_details"": {""buyer_name"": ""47a79db8dc3b54364ae66f657f1c6f0fd6153e8295e2b2b7afe06cba17474897"", ""buyer_location"": {""buyer_city"": ""Jabalpur""}}, ""seller_details"": {""seller_name"": ""dd6b34133bd6490d63ed6b42b223a85ab8e005ffe26da10e0795abf9c0648247""}}",2026-07-28 10:07:00.837,148540413195,29/07/26
270916373,BUYER,167125,"{""callback"": """", ""lead_tag"": {""deal_blockers"": [{""detail"": ""Communication not established"", ""category"": ""Other""}], ""deal_readiness"": ""Cold"", ""deal_readiness_reason"": ""The call connected but no verbal exchange took place before it ended.""}, ""metadata"": {""call_type"": {""type"": ""B2C"", ""reason"": ""The call was silent and no business requirement was discussed."", ""evidence"": {""order_type"": []}}, ""buyer_intent"": {""narrative"": ""The buyer initiated a call but did not speak."", ""reasoning"": ""Call was silent with only background noise and the seller saying 'Hello' multiple times."", ""intent_level"": ""Low""}, ""call_outcome"": {""category"": ""Lost"", ""conclusion_notes"": ""No conversation occurred as the caller remained silent (Hello hello bol rahe hain par koi response nahi hai)""}, ""call_purpose"": ""irrelevant"", ""all_languages"": [""Hindi""], ""primary_language"": ""Hindi"", ""additional_details"": {""buyer_queries"": [], ""seller_queries"": []}}, ""products"": [], ""next_steps"": {""buyer_next_steps"": [], ""seller_next_steps"": []}, ""buyer_details"": {""buyer_name"": ""47a79db8dc3b54364ae66f657f1c6f0fd6153e8295e2b2b7afe06cba17474897"", ""buyer_mobile_number"": ""df8aa15c74e1b1781e8dafc6bf0e1d0b5095072ef2355a75cd91b791a0e3ceb5""}, ""seller_details"": {""seller_name"": ""dd6b34133bd6490d63ed6b42b223a85ab8e005ffe26da10e0795abf9c0648247""}}",2026-07-28 10:05:38.015,148540413195,29/07/26
270916373,BUYER,167125,"{""lead_tag"": {""deal_blockers"": [], ""deal_readiness"": ""Warm"", ""deal_readiness_reason"": ""The buyer provided specific technical requirements and committed to calling the relevant department head for further discussion (Ma'am baat kar leta hoon).""}, ""metadata"": {""call_type"": {""type"": ""B2B"", ""reason"": ""The buyer is requesting a 500-liter stainless steel (SS 304) expansion tank for a specific department (FR section), which is a clear industrial/B2B application."", ""evidence"": {""keywords"": [""SS 304"", ""Expansion Tank"", ""FR section""], ""order_type"": [""commercial""], ""buyer_persona"": {""persona_detail"": ""FR Section Representative"", ""persona_category"": ""other""}, ""quantity_scale"": ""High""}}, ""buyer_intent"": {""narrative"": ""Sonu from the FR section is looking for a 500-liter expansion tank made of SS 304."", ""reasoning"": ""The buyer is very specific about technical specifications (500L, SS 304) and is calling from a specific department (FR section), indicating a professional industrial requirement."", ""intent_level"": ""High""}, ""call_outcome"": {""category"": ""Follow-up"", ""conclusion_notes"": ""The seller provided a contact number for the relevant person to handle the requirement, and the buyer agreed to call them (Theek hai ma'am, baat kar leta hoon).""}, ""call_purpose"": ""requirement"", ""all_languages"": [""Hindi"", ""English""], ""primary_language"": ""Hindi"", ""additional_details"": {""buyer_queries"": [{""query"": ""I have a requirement for a 500 liters SS 304 expansion tank."", ""category"": ""Availability"", ""sequence"": 1, ""answer_by_seller"": ""I am providing you with Sir's number so you can speak with him directly about the expansion tank (Mein aapko Sir ka number de deti hoon, aap direct unse baat kar lijiye).""}], ""seller_queries"": []}}, ""products"": [{""in_stock"": ""in stock"", ""product_name"": ""SS 304 Expansion Tank (Expansion Tank)"", ""specifications"": [{""name"": ""Capacity"", ""unit"": ""Liters"", ""value"": ""500"", ""buyer_requested"": true, ""seller_mentioned"": false}, {""name"": ""Material"", ""value"": ""SS 304"", ""buyer_requested"": true, ""seller_mentioned"": false}], ""related_categories"": [{""name"": ""Industrial Water Tanks"", ""reason"": ""Large capacity (500L) stainless steel tanks are standard in industrial water and fluid management systems.""}, {""name"": ""Water Storage Tanks"", ""reason"": ""Expansion tanks function as specialized storage and pressure management units for liquids.""}], ""is_buyer_interested"": true, ""most_specific_category"": {""name"": ""Stainless Steel Tanks"", ""reason"": ""The buyer explicitly requested a tank made of SS 304 (Stainless Steel 304 grade).""}}], ""next_steps"": {""buyer_next_steps"": [""To call the provided contact number (9958161818) to discuss the expansion tank requirement""], ""seller_next_steps"": []}, ""buyer_details"": {""buyer_name"": ""47a79db8dc3b54364ae66f657f1c6f0fd6153e8295e2b2b7afe06cba17474897""}, ""seller_details"": {}}",2026-07-28 09:59:43.728,148540413195,29/07/26
244901892,BUYER,186837,"{""callback"": ""callback by Today afternoon - To share images and discuss details (Photo share kardo, main dekhta hoon)"", ""lead_tag"": {""deal_blockers"": [], ""deal_readiness"": ""Warm"", ""deal_readiness_reason"": ""The caller is a reseller asking for catalogs and price lists for recurring business.""}, ""metadata"": {""call_type"": {""type"": ""B2B"", ""reason"": ""The caller explicitly identified as a reseller, indicating long-term business procurement."", ""evidence"": {""order_type"": [""recurring"", ""bulk""], ""repeat_buyer"": true, ""buyer_persona"": {""persona_detail"": ""Reseller"", ""persona_category"": ""retailer""}}}, ""buyer_intent"": {""narrative"": ""The requester is a reseller looking for catalogs of children's table clocks and wall clocks."", ""reasoning"": ""The caller identified as a reseller, which indicates high potential for recurring business, but they are currently in the product selection phase."", ""intent_level"": ""Medium""}, ""call_outcome"": {""category"": ""Follow-up"", ""conclusion_notes"": ""The salesperson will share catalogs on WhatsApp for the requester to review (Photos bhejta hoon WhatsApp pe).""}, ""call_purpose"": ""requirement"", ""all_languages"": [""Hindi"", ""English""], ""primary_language"": ""Hindi"", ""additional_details"": {""buyer_queries"": [{""query"": ""How many pieces are in one carton?"", ""category"": ""Specifications"", ""sequence"": 1}], ""seller_queries"": [{""query"": ""Which specific item are you referring to? (Kaun sa item hai?)"", ""category"": ""Specifications"", ""sequence"": 2}]}, ""intended_application"": ""Retail Resale""}, ""products"": [{""in_stock"": ""in stock"", ""product_name"": ""Children's Table Clock"", ""specifications"": [{""name"": ""Carton Packaging"", ""value"": ""TBD"", ""buyer_requested"": true, ""seller_mentioned"": false}], ""related_categories"": [{""name"": ""Toy Clocks"", ""reason"": ""As these are intended for children, they are often categorized as toy clocks.""}, {""name"": ""Alarm Clocks"", ""reason"": ""Table clocks for children typically include alarm functionality.""}], ""is_buyer_interested"": true, ""most_specific_category"": {""name"": ""Alarm Table Clocks"", ""reason"": ""The caller specifically inquired about children's table clocks (Bachhon ki table clock).""}}, {""in_stock"": ""in stock"", ""product_name"": ""Children's Wall Clock"", ""specifications"": [], ""related_categories"": [{""name"": ""Wall Clocks"", ""reason"": ""General category for clocks that are mounted on walls.""}, {""name"": ""Analog Wall Clock"", ""reason"": ""Most decorative children's clocks use an analog mechanism.""}], ""is_buyer_interested"": true, ""most_specific_category"": {""name"": ""Kids Wall Clock"", ""reason"": ""The caller inquired about children's wall clocks (Bachhon ki wall clock).""}}], ""next_steps"": {""buyer_next_steps"": [""To review catalogs and photos sent on WhatsApp"", ""To select specific models for ordering""], ""seller_next_steps"": [""To share all product photos and catalogs on WhatsApp""]}, ""buyer_details"": {""buyer_name"": ""6bc9e70e253bcf5fa268b4cb73ac02604897a0008528229d3ac280dee5d023e5"", ""buyer_mobile_number"": ""2b5fc11157c984dcb7f10de96bf65b37fda457adb4e48471029dd7dac2ea2751""}, ""seller_details"": {""seller_name"": ""4a65ededfc2238c9969279511d703349281d82e36a89640bd8c82b2d31abadc4""}}",2026-07-28 09:24:36.069,148500564034,29/07/26
127555348,BUYER,191591,"{""payment"": {""payment_details"": ""Advance payment discussed but specific percentage not mentioned""}, ""callback"": ""callback by Tomorrow 12 PM - To send photos (Kal 12 baje tak bhej dena)"", ""lead_tag"": {""deal_blockers"": [], ""deal_readiness"": ""Hot"", ""deal_readiness_reason"": ""Urgent requirement for tomorrow delivery""}, ""metadata"": {""call_type"": {""type"": ""B2C"", ""reason"": ""The buyer is looking for a single large-size custom temple for home use and inquired about standard square foot rates and design variations."", ""evidence"": {""keywords"": [""Corian Marble"", ""Home Temple"", ""Custom Order""], ""order_type"": [""one-time"", ""commercial""], ""buyer_persona"": {""persona_category"": ""end_consumer""}, ""quantity_scale"": ""Low""}}, ""buyer_intent"": {""narrative"": ""Buyer is seeking a Corian Marble Temple in Satna with specific dimensions of 6x6 feet."", ""reasoning"": ""Buyer provided clear specifications including dimensions and material type, and showed concrete interest in the pricing structure offered."", ""intent_level"": ""High""}, ""call_outcome"": {""category"": ""Follow-up"", ""conclusion_notes"": ""Interested in 6x6 size, requested catalog photos for final selection (6 by 6 ka photos bhej dena)""}, ""call_purpose"": ""requirement"", ""all_languages"": [""Hindi"", ""English""], ""primary_language"": ""Hindi"", ""additional_details"": {""buyer_queries"": [{""query"": ""How much do you charge per square foot?"", ""category"": ""Pricing"", ""sequence"": 1}], ""seller_queries"": [{""query"": ""What would be the temple size?"", ""category"": ""Specifications"", ""sequence"": 2}]}, ""intended_application"": ""Home Temple""}, ""products"": [{""price"": {""value"": 1200, ""currency"": ""INR"", ""price_unit"": ""square feet"", ""buyer_price_reaction"": {""quote"": ""Thoda kam ho jayega? (Can it be reduced a bit?)"", ""category"": ""Negotiating""}}, ""in_stock"": ""in stock"", ""product_name"": ""Corian Marble Temple (Mandir)"", ""specifications"": [{""name"": ""Material"", ""value"": ""Corian Marble"", ""buyer_requested"": true, ""seller_mentioned"": true}, {""name"": ""Width"", ""unit"": ""feet"", ""value"": ""6"", ""buyer_requested"": true, ""seller_mentioned"": false}, {""name"": ""Height"", ""unit"": ""feet"", ""value"": ""6"", ""buyer_requested"": true, ""seller_mentioned"": false}], ""quantity_required"": {""unit"": ""pieces"", ""value"": 1}, ""related_categories"": [{""name"": ""Marble Temples"", ""reason"": ""The product is a spiritual temple made from marble/solid surface material.""}, {""name"": ""Acrylic Solid Surface"", ""reason"": ""Corian is a brand of acrylic solid surface used for manufacturing these temples.""}], ""is_buyer_interested"": true, ""most_specific_category"": {""name"": ""Corian Mandir"", ""reason"": ""The buyer explicitly asked for a temple made of Corian marble material with custom dimensions.""}, ""seller_accepts_quantity"": true}], ""next_steps"": {""buyer_next_steps"": [""To review the photos of the temple designs once received""], ""seller_next_steps"": [""To share temple design photos over WhatsApp tomorrow morning""]}, ""buyer_details"": {""buyer_name"": ""4d46ddeaa89f1b5cd5147978180da2348f6583fad279cda2befe08a4b8bf438d""}, ""seller_details"": {""seller_name"": ""d9becfca41ed8d07a394cf422e945eb6c0f87dcc5c07d463be47bdd19546bdfd""}}",2026-07-28 09:13:03.611,148526851485,29/07/26
110930287,BUYER,3671,"{""callback"": ""callback by Tomorrow 12 PM - To share more information (Kl 12 bje krte h bthe)"", ""lead_tag"": {""deal_blockers"": [], ""deal_readiness"": ""Warm"", ""deal_readiness_reason"": ""The buyer has shown interest and the seller agreed to share a catalog.""}, ""metadata"": {""call_type"": {""type"": ""B2C"", ""reason"": ""The buyer is inquiring about soup bowls which could be for personal or business use, but no bulk quantity or business context was explicitly mentioned."", ""evidence"": {""order_type"": [""other""], ""repeat_buyer"": false}}, ""buyer_intent"": {""narrative"": ""The buyer is inquiring about soup bowls and has asked for a product catalog."", ""reasoning"": ""The buyer specifically asked for soup bowls and requested a catalog for further consideration."", ""intent_level"": ""Medium""}, ""call_outcome"": {""category"": ""Follow-up"", ""conclusion_notes"": ""The seller agreed to share a catalog via WhatsApp for the buyer's review (Catalog share krta hu).""}, ""call_purpose"": ""requirement"", ""all_languages"": [""Hindi"", ""English""], ""primary_language"": ""Hindi"", ""additional_details"": {""buyer_queries"": [{""query"": ""Are soup bowls available with you?"", ""category"": ""Availability"", ""sequence"": 1}], ""seller_queries"": []}}, ""products"": [{""in_stock"": ""in stock"", ""product_name"": ""Soup Bowl"", ""specifications"": [{""name"": ""Type"", ""value"": ""Soup Bowl"", ""buyer_requested"": true, ""seller_mentioned"": false}], ""related_categories"": [{""name"": ""Ceramic Crockery"", ""reason"": ""Soup bowls are a type of ceramic crockery.""}, {""name"": ""Ceramic Tablewares"", ""reason"": ""Soup bowls are commonly used as tableware.""}], ""is_buyer_interested"": true, ""most_specific_category"": {""name"": ""Ceramic Soup Bowl"", ""reason"": ""The buyer explicitly inquired about soup bowls, and the seller's focus is on ceramic products.""}}, {""in_stock"": ""in stock"", ""product_name"": ""Bowl"", ""specifications"": [{""name"": ""Type"", ""value"": ""Bowl"", ""buyer_requested"": true, ""seller_mentioned"": false}], ""related_categories"": [{""name"": ""Ceramic Tablewares"", ""reason"": ""Bowls are essential tableware items.""}, {""name"": ""Ceramic Kitchen Ware"", ""reason"": ""Bowls are used in the kitchen for various purposes.""}], ""is_buyer_interested"": true, ""most_specific_category"": {""name"": ""Ceramic Bowls"", ""reason"": ""The buyer inquired about soup bowls, which are a variety of ceramic bowls.""}}], ""next_steps"": {""buyer_next_steps"": [""To review the product catalog sent by the seller.""], ""seller_next_steps"": [""To share the product catalog on WhatsApp.""]}, ""buyer_details"": {""buyer_name"": ""4d588af13f84f9e5d3347f6620b88c1dcc6ed4cc10cf42d8f1a99cc090dd5d64"", ""buyer_mobile_number"": ""ba68b7b61d456d6676de88994685a6afd8613d5e2e42efa7c507ae2b0e8edb20""}, ""seller_details"": {""seller_name"": ""2052fe878a4099d3d063169667e306fd15709b32424df71df29a4884db2f1a5b"", ""seller_mobile_number"": ""33bc0860968314f10eef7fff9f84eda6357d244a9797849b61db2a3dccfac9e9""}}",2026-07-28 09:12:31.652,148543576563,29/07/26
22144120,BUYER,6572,"{""lead_tag"": {""deal_blockers"": [], ""deal_readiness"": ""Warm"", ""deal_readiness_reason"": ""Buyer provided specific technical specs and quantity and moved to WhatsApp for quotation.""}, ""metadata"": {""call_type"": {""type"": ""B2B"", ""reason"": ""The buyer is asking for industrial chemical (Formic Acid) in a bulk quantity of 1 ton, typical for manufacturing or B2B resale."", ""evidence"": {""keywords"": [""Formic Acid"", ""1 Ton"", ""Bhiwandi"", ""WhatsApp Quotation""], ""order_type"": [""bulk"", ""commercial""], ""buyer_persona"": {""persona_category"": ""manufacturer""}, ""quantity_scale"": ""High""}}, ""buyer_intent"": {""narrative"": ""Wants to purchase 1 ton of 85% concentration Formic Acid for industrial use."", ""reasoning"": ""The buyer provided specific concentration (85%) and a concrete bulk quantity (1 ton), showing professional intent."", ""intent_level"": ""High""}, ""call_outcome"": {""category"": ""Follow-up"", ""conclusion_notes"": ""Moving to WhatsApp for sharing company details and quotation (I am quoting you on WhatsApp).""}, ""call_purpose"": ""requirement"", ""all_languages"": [""Hindi"", ""English""], ""primary_language"": ""Hindi"", ""additional_details"": {""buyer_queries"": [{""query"": ""What is the price for 1 ton of Formic Acid 85%?"", ""category"": ""Pricing"", ""sequence"": 2, ""answer_by_seller"": ""I will quote the price on WhatsApp shortly.""}], ""seller_queries"": [{""query"": ""How much quantity do you need?"", ""category"": ""Quantity"", ""sequence"": 1, ""answer_by_buyer"": ""I need 1 ton.""}]}, ""intended_application"": ""Industrial Production""}, ""products"": [{""in_stock"": ""in stock"", ""product_name"": ""Formic Acid"", ""specifications"": [{""name"": ""Concentration"", ""unit"": ""%"", ""value"": ""85"", ""buyer_requested"": true, ""seller_mentioned"": false}], ""quantity_required"": {""unit"": ""ton"", ""value"": 1}, ""related_categories"": [{""name"": ""Industrial Acid"", ""reason"": ""Formic acid is a widely used industrial acid.""}, {""name"": ""Organic Acid"", ""reason"": ""Formic acid is the simplest carboxylic acid and an organic compound.""}], ""is_buyer_interested"": true, ""most_specific_category"": {""name"": ""Formic Acid"", ""reason"": ""The buyer explicitly requested 'Formic Acid 85%' for their requirement.""}, ""seller_accepts_quantity"": true}], ""next_steps"": {""buyer_next_steps"": [""To share company details on WhatsApp""], ""seller_next_steps"": [""To provide quotation for 1 ton Formic Acid 85% on WhatsApp""]}, ""buyer_details"": {""buyer_name"": ""98ee74aa75050211f34acda1509f295ff84eaa7cf6bbb89b099c0e695bb0a089""}, ""seller_details"": {}}",2026-07-28 08:59:41.297,148531726652,29/07/26
110930287,BUYER,3671,"{""callback"": ""callback by Today afternoon  - To share product pictures (Aaj Pictures dal dete hai)"", ""lead_tag"": {""deal_blockers"": [], ""deal_readiness"": ""Warm"", ""deal_readiness_reason"": ""Wants to see the catalog before placing order for 150 pieces""}, ""metadata"": {""call_type"": {""type"": ""B2B"", ""reason"": ""Buyer wants to buy quantity of 150 ceramic bowl set for hamper. So it's a B2B requirement"", ""evidence"": {""keywords"": [""Ceramic Bowl"", ""Hamper"", ""Pune"", ""Catalog""], ""order_type"": [""bulk"", ""commercial""], ""repeat_buyer"": true, ""buyer_persona"": {""persona_category"": ""retailer""}, ""quantity_scale"": ""High""}}, ""buyer_intent"": {""narrative"": ""Wants 150 ceramic bowl sets for hamper"", ""reasoning"": ""Has clear quantity and intent to buy for hampers"", ""intent_level"": ""High""}, ""call_outcome"": {""category"": ""Follow-up"", ""conclusion_notes"": ""Will check the catalog and then confirm order (Hanji, catalog bhej dijiye mein dekh leti hu)""}, ""call_purpose"": ""requirement"", ""all_languages"": [""Hindi"", ""English""], ""primary_language"": ""English"", ""additional_details"": {""buyer_queries"": [{""query"": ""Can I get ceramic bowl set?"", ""category"": ""Specifications"", ""sequence"": 1}, {""query"": ""What's the MOQ for bowl set?"", ""category"": ""Quantity"", ""sequence"": 2}, {""query"": ""Can you share catalog for same?"", ""category"": ""Specifications"", ""sequence"": 3}], ""seller_queries"": [{""query"": ""How many pieces do you need?"", ""category"": ""Quantity"", ""sequence"": 4}, {""query"": ""What is your name and location?"", ""category"": ""Specifications"", ""sequence"": 5}, {""query"": ""Is this your whatsapp number?"", ""category"": ""Other"", ""sequence"": 6}]}, ""intended_application"": ""Hamper Packaging""}, ""products"": [{""in_stock"": ""in stock"", ""product_name"": ""Ceramic Bowls"", ""specifications"": [{""name"": ""Material"", ""value"": ""Ceramic"", ""buyer_requested"": true, ""seller_mentioned"": true}], ""quantity_required"": {""unit"": ""pieces"", ""value"": 150}, ""related_categories"": [{""name"": ""Ceramic Dinner Set"", ""reason"": ""Bowls are also part of dinner set""}, {""name"": ""Ceramic Tablewares"", ""reason"": ""Bowls are used as tablewares""}, {""name"": ""Ceramic Kitchen Ware"", ""reason"": ""Bowls are used in kitchen""}], ""is_buyer_interested"": true, ""most_specific_category"": {""name"": ""Ceramic Bowls"", ""reason"": ""Buyer is looking for ceramic bowls for hamper packaging""}, ""seller_accepts_quantity"": true}], ""next_steps"": {""buyer_next_steps"": [""To check the catalog and confirm the design""], ""seller_next_steps"": [""To share the product catalog on WhatsApp""]}, ""buyer_details"": {""buyer_name"": ""4d588af13f84f9e5d3347f6620b88c1dcc6ed4cc10cf42d8f1a99cc090dd5d64"", ""buyer_location"": {""buyer_city"": ""Pune""}}, ""seller_details"": {""seller_name"": ""af674ed66a726918583170c53c585b02055e388d07642154616e10d0bd04fc63""}}",2026-07-28 08:28:00.880,148543576563,29/07/26
140049781,BUYER,40317,"{""callback"": ""callback by Soon - to share product details (Theek hai mai bhejti hun)"", ""lead_tag"": {""deal_blockers"": [{""detail"": ""Communication barriers due to network issues and WhatsApp visibility."", ""category"": ""Other""}], ""deal_readiness"": ""Warm"", ""deal_readiness_reason"": ""Buyer is actively trying to connect on WhatsApp to receive product info but interrupted by poor network.""}, ""metadata"": {""call_type"": {""type"": ""B2B"", ""reason"": ""The call originated from a B2B platform (IndiaMART) and the buyer is requesting professional product details via WhatsApp."", ""evidence"": {""keywords"": [""WhatsApp details"", ""IndiaMART number"", ""Network issues""], ""order_type"": [""other""], ""repeat_buyer"": false}}, ""buyer_intent"": {""narrative"": ""The buyer is trying to obtain product details via WhatsApp highlighting interest in viewing options."", ""reasoning"": ""Aarti is persistent about connecting on WhatsApp to see catalogs/images, indicating interest but specifications were not yet discussed."", ""intent_level"": ""Medium""}, ""call_outcome"": {""category"": ""Follow-up"", ""conclusion_notes"": ""Parties agreed to connect on WhatsApp to share product images once connectivity improves (Aarti details bhejo WhatsApp par).""}, ""call_purpose"": ""requirement"", ""all_languages"": [""Hindi"", ""English""], ""primary_language"": ""Hindi"", ""additional_details"": {""buyer_queries"": [{""query"": ""Why is this number not showing on WhatsApp?"", ""category"": ""Availability"", ""sequence"": 1}], ""seller_queries"": [{""query"": ""Can you send a 'Hi' to my number?"", ""category"": ""Availability"", ""sequence"": 2}]}}, ""products"": [{""in_stock"": ""in stock"", ""product_name"": ""Plastic Box (General Inquiry)"", ""specifications"": [], ""related_categories"": [{""name"": ""Plastic Box"", ""reason"": ""General inquiry for plastic containers via seller's listing.""}], ""is_buyer_interested"": true}], ""next_steps"": {""buyer_next_steps"": [""To send a 'Hi' message on the seller's WhatsApp number.""], ""seller_next_steps"": [""To send product details and catalog once the WhatsApp connection is established.""]}, ""buyer_details"": {""buyer_name"": ""8dd6962134f260c154be0aed7cd58431aef4106b815110bb73ffebd779992af8"", ""buyer_mobile_number"": ""95058a18ea23d482f01c48b430d124d6dcee694c37b80ca547dba6796bba8602""}, ""seller_details"": {""seller_name"": ""f673533ae08c131f77aeabf27b8554caec6761bb5da234573d1012fd3fc0dc07"", ""seller_mobile_number"": ""92d723753a27b47213067aeb7d8b013b1eb2a62366ab525c3e4ec6763dff0100""}}",2026-07-28 08:19:36.167,148522452213,29/07/26
140049781,BUYER,40317,"{""callback"": ""callback by Tomorrow - To share catalog and pricing (Main aapko catalog with prices bhej deta hoon)"", ""lead_tag"": {""deal_blockers"": [], ""deal_readiness"": ""Warm"", ""deal_readiness_reason"": ""Wants catalog with prices to shortlist boxes for candles.""}, ""metadata"": {""call_type"": {""type"": ""B2B"", ""reason"": ""The buyer requires boxes for professional candle storage and stacking, indicating a commercial/business requirement."", ""evidence"": {""keywords"": [""Solid Plastic"", ""Candles"", ""Catalog"", ""Price List""], ""order_type"": [""commercial"", ""recurring""], ""buyer_persona"": {""persona_detail"": ""Candle Business Owner"", ""persona_category"": ""retailer""}, ""quantity_scale"": ""High""}}, ""buyer_intent"": {""narrative"": ""Looking for solid transparent plastic boxes (size 12x15x5-6 inch) for stacking candles."", ""reasoning"": ""Very specific about sizes (12x15 inches) and end-use (storing and stacking candles to avoid damage)."", ""intent_level"": ""High""}, ""call_outcome"": {""category"": ""Follow-up"", ""conclusion_notes"": ""Will check the catalog on WhatsApp (Ek baar WhatsApp pe hi bhej dijiye)""}, ""call_purpose"": ""requirement"", ""all_languages"": [""Hindi"", ""English""], ""primary_language"": ""Hindi"", ""additional_details"": {""buyer_queries"": [{""query"": ""Do you have 12x15 inch boxes with 5-6 inch height?"", ""category"": ""Availability"", ""sequence"": 1}], ""seller_queries"": [{""query"": ""Do you need solid plastic?"", ""category"": ""Specifications"", ""sequence"": 2}]}, ""intended_application"": ""Candle Storage""}, ""products"": [{""in_stock"": ""in stock"", ""product_name"": ""Transparent Solid Plastic Boxes"", ""specifications"": [{""name"": ""Material"", ""value"": ""Transparent Solid Plastic"", ""buyer_requested"": true, ""seller_mentioned"": false}, {""name"": ""Length"", ""unit"": ""inch"", ""value"": ""12"", ""buyer_requested"": true, ""seller_mentioned"": false}, {""name"": ""Width"", ""unit"": ""inch"", ""value"": ""15"", ""buyer_requested"": true, ""seller_mentioned"": false}, {""name"": ""Height"", ""unit"": ""inch"", ""value"": ""5"", ""buyer_requested"": true, ""seller_mentioned"": false}], ""related_categories"": [{""name"": ""Clear Plastic Box"", ""reason"": ""Product is described as transparent/clear.""}, {""name"": ""Plastic Square Box"", ""reason"": ""Dimensions 12x15 suggest a rectangular or square shaped container.""}, {""name"": ""Storage Containers"", ""reason"": ""Used for storing items like candles.""}], ""is_buyer_interested"": true, ""most_specific_category"": {""name"": ""Plastic Storage Boxes"", ""reason"": ""The buyer is looking for solid transparent plastic boxes for storing and stacking candles.""}}, {""in_stock"": ""in stock"", ""product_name"": ""Transparent Solid Plastic Boxes (15x12x6)"", ""specifications"": [{""name"": ""Material"", ""value"": ""Transparent Solid Plastic"", ""buyer_requested"": true, ""seller_mentioned"": false}, {""name"": ""Length"", ""unit"": ""inch"", ""value"": ""12"", ""buyer_requested"": true, ""seller_mentioned"": false}, {""name"": ""Width"", ""unit"": ""inch"", ""value"": ""15"", ""buyer_requested"": true, ""seller_mentioned"": false}, {""name"": ""Height"", ""unit"": ""inch"", ""value"": ""6"", ""buyer_requested"": true, ""seller_mentioned"": false}], ""related_categories"": [{""name"": ""Clear Plastic Box"", ""reason"": ""Product is described as transparent/clear.""}], ""is_buyer_interested"": true, ""most_specific_category"": {""name"": ""Plastic Storage Boxes"", ""reason"": ""Alternative height size requested for same application.""}}], ""next_steps"": {""buyer_next_steps"": [""To review the catalog and price list on WhatsApp""], ""seller_next_steps"": [""To share the catalog and price list via WhatsApp""]}, ""buyer_details"": {""buyer_name"": ""8dd6962134f260c154be0aed7cd58431aef4106b815110bb73ffebd779992af8"", ""buyer_mobile_number"": ""95058a18ea23d482f01c48b430d124d6dcee694c37b80ca547dba6796bba8602""}, ""seller_details"": {""seller_name"": ""2be9685126e568578b899ad04afdc51329439f217dabf692a7aa00b592587a8f"", ""seller_location"": {""seller_city"": ""New Delhi""}}}",2026-07-28 08:15:38.437,148522452213,29/07/26
27824176,BUYER,35712,"{""payment"": {}, ""lead_tag"": {""deal_blockers"": [{""detail"": ""Seller does not take back leftover cut-to-size rolls"", ""category"": ""Other""}], ""deal_readiness"": ""Warm"", ""deal_readiness_reason"": ""Buyer is finalizing quantity for a 1350 sq ft area and will get back after checking exact needs.""}, ""metadata"": {""call_type"": {""type"": ""B2C"", ""reason"": ""The buyer is looking for tape for a specific 1350 sq ft area, likely for a personal or small commercial flooring project."", ""evidence"": {""keywords"": [""Carpet Tiles"", ""Porter Delivery"", ""Custom Cutting""], ""order_type"": [""one-time""], ""buyer_persona"": {""persona_category"": ""end_consumer""}, ""quantity_scale"": ""Low""}}, ""buyer_intent"": {""narrative"": ""Wants carpet tape for 400 tiles in a 1350 sq ft area in Ghaziabad."", ""reasoning"": ""Buyer provided specific area dimensions, tile count, and preferred width (2 inch) for the application."", ""intent_level"": ""High""}, ""call_outcome"": {""category"": ""Follow-up"", ""conclusion_notes"": ""Buyer will confirm exact quantity and get back (Theek hai main aapko bataati hoon).""}, ""call_purpose"": ""requirement"", ""all_languages"": [""Hindi"", ""English""], ""primary_language"": ""Hindi"", ""additional_details"": {""buyer_queries"": [{""query"": ""What is the rate of the carpet tape?"", ""category"": ""Pricing"", ""sequence"": 1, ""answer_by_seller"": ""The price is 240 rupees per roll plus GST.""}, {""query"": ""Where can I get this from?"", ""category"": ""Location"", ""sequence"": 2, ""answer_by_seller"": ""We are located at Wazirpur Industrial Area in Delhi.""}, {""query"": ""Can you arrange Porter delivery to Vasundhara Ghaziabad?"", ""category"": ""Delivery"", ""sequence"": 3, ""answer_by_seller"": ""Yes, delivery can be arranged via Porter.""}, {""query"": ""Can you take back extra sealed rolls if I order more?"", ""category"": ""Other"", ""sequence"": 4, ""answer_by_seller"": ""No, we cannot take back leftover tape because we cut it to your specific size on order.""}, {""query"": ""How long will delivery take?"", ""category"": ""Delivery"", ""sequence"": 6, ""answer_by_seller"": ""It will take 1 to 2 days after order placement depending on the quantity.""}], ""seller_queries"": [{""query"": ""How many tiles do you have?"", ""category"": ""Quantity"", ""sequence"": 5, ""answer_by_buyer"": ""I have around 400 tiles in 1350 sq ft area.""}]}}, ""products"": [{""price"": {""gst"": {""is_gst_included"": false}, ""value"": 240, ""currency"": ""INR"", ""price_unit"": ""roll"", ""buyer_price_reaction"": {""category"": ""Accepted""}}, ""in_stock"": ""in stock"", ""product_name"": ""Carpet Tape"", ""specifications"": [{""name"": ""Width"", ""unit"": ""inch"", ""value"": ""2"", ""buyer_requested"": true, ""seller_mentioned"": true}, {""name"": ""Length"", ""unit"": ""meter"", ""value"": ""20"", ""buyer_requested"": false, ""seller_mentioned"": true}], ""related_categories"": [{""name"": ""Self Adhesive Tapes"", ""reason"": ""Carpet tapes are generally self-adhesive for flooring applications.""}], ""is_buyer_interested"": true, ""most_specific_category"": {""name"": ""Tape"", ""reason"": ""The product is explicitly identified as carpet tape for fixing floor tiles.""}}], ""next_steps"": {""buyer_next_steps"": [""To calculate and confirm the exact quantity of rolls needed""], ""seller_next_steps"": [""To process the order once the buyer confirms the quantity""]}, ""buyer_details"": {""buyer_location"": {""buyer_city"": ""Ghaziabad"", ""buyer_locality"": ""Vasundhara""}}, ""seller_details"": {""seller_location"": {""seller_city"": ""Delhi"", ""seller_locality"": ""Wazirpur Industrial Area""}}}",2026-07-28 08:12:14.202,148521795363,29/07/26
270916373,BUYER,167125,"{""lead_tag"": {""deal_blockers"": [], ""deal_readiness"": ""Warm"", ""deal_readiness_reason"": ""Specific requirement for 500 liters SS 304 tank with delivery address discussed.""}, ""metadata"": {""call_type"": {""type"": ""B2B"", ""reason"": ""The requirement for a 500-liter stainless steel tank for delivery to an industrial site (IOCL Panipat) indicates a B2B context."", ""evidence"": {""keywords"": [""SS 304 Grade"", ""IOCL Panipat"", ""Industrial Storage""], ""order_type"": [""commercial""], ""quantity_scale"": ""High""}}, ""buyer_intent"": {""narrative"": ""Seeking a 500-liter SS 304 stainless steel storage tank for delivery at IOCL Panipat."", ""reasoning"": ""Buyer specified exact capacity (500L), grade (SS 304), and specific delivery location (IOCL Panipat)."", ""intent_level"": ""High""}, ""call_outcome"": {""category"": ""Follow-up"", ""conclusion_notes"": ""Interest confirmed for 500L SS tank, delivery location Panipat shared (Panipat mein delivery chahiye).""}, ""call_purpose"": ""requirement"", ""all_languages"": [""Hindi"", ""English""], ""primary_language"": ""Hindi"", ""additional_details"": {""buyer_queries"": [{""query"": ""Is it possible to provide a 500 liters SS 304 tank?"", ""category"": ""Specifications"", ""sequence"": 1}], ""seller_queries"": [{""query"": ""Where do you need the delivery?"", ""category"": ""Location"", ""sequence"": 2}]}, ""intended_application"": ""Industrial Storage""}, ""products"": [{""in_stock"": ""in stock"", ""product_name"": ""Stainless Steel Storage Tank (SS Tank)"", ""specifications"": [{""name"": ""Capacity"", ""unit"": ""liters"", ""value"": ""500"", ""buyer_requested"": true, ""seller_mentioned"": false}, {""name"": ""Material Grade"", ""value"": ""SS 304"", ""buyer_requested"": true, ""seller_mentioned"": false}, {""name"": ""Delivery Location"", ""value"": ""Panipat (IOCL)"", ""buyer_requested"": true, ""seller_mentioned"": false}], ""quantity_required"": {""unit"": ""Piece"", ""value"": 1}, ""related_categories"": [{""name"": ""Industrial Water Storage Tank"", ""reason"": ""The tank's capacity and grade are suitable for industrial use.""}], ""is_buyer_interested"": true, ""most_specific_category"": {""name"": ""Stainless Steel Water Tank"", ""reason"": ""Buyer specifically asked for a 500-liter SS 304 tank.""}, ""seller_accepts_quantity"": true}], ""next_steps"": {""buyer_next_steps"": [""To confirm the delivery logistics with the seller for Panipat.""], ""seller_next_steps"": [""To provide a quotation for the 500-liter SS 304 tank for Panipat delivery.""]}, ""buyer_details"": {""buyer_name"": ""47a79db8dc3b54364ae66f657f1c6f0fd6153e8295e2b2b7afe06cba17474897""}, ""seller_details"": {}}",2026-07-28 07:42:09.890,148540413195,29/07/26
234359289,BUYER,192488,"{""callback"": ""callback by Tomorrow 11 AM - To check showroom stock and prices (Kal 11 baje call karke batata hoon)"", ""lead_tag"": {""deal_blockers"": [{""detail"": ""Seller is checking if they deal in the specific vehicle brand requested"", ""category"": ""Availability""}], ""deal_readiness"": ""Warm"", ""deal_readiness_reason"": ""Specific callback time set for tomorrow to discuss stock and pricing details.""}, ""metadata"": {""call_type"": {""type"": ""B2C"", ""reason"": ""The buyer is inquiring about a single unit of a three-wheeler for personal or commercial use, typical of B2C or small-scale commercial purchases."", ""evidence"": {""order_type"": [""one-time""], ""repeat_buyer"": false, ""quantity_scale"": ""Low""}}, ""buyer_intent"": {""narrative"": ""Wants to purchase a Bajaj Three Wheeler Auto Rickshaw and is enquiring about used options."", ""reasoning"": ""The buyer specified a brand (Bajaj) and asked about the condition (second-hand) and location, showing clear purchase intent."", ""intent_level"": ""Medium""}, ""call_outcome"": {""category"": ""Follow-up"", ""conclusion_notes"": ""Seller committed to a callback tomorrow morning to provide stock details (Kal subah 11 baje pakka phone karta hoon).""}, ""call_purpose"": ""requirement"", ""all_languages"": [""Hindi"", ""English""], ""primary_language"": ""Hindi"", ""additional_details"": {""buyer_queries"": [{""query"": ""Do you have the Bajaj Three Wheeler Auto Rickshaw?"", ""category"": ""Specifications"", ""sequence"": 1}, {""query"": ""Is it a second-hand vehicle?"", ""category"": ""Availability"", ""sequence"": 3}, {""query"": ""Where is your location?"", ""category"": ""Location"", ""sequence"": 4}], ""seller_queries"": [{""query"": ""Which model are you looking for?"", ""category"": ""Specifications"", ""sequence"": 2, ""answer_by_buyer"": ""I am looking for a Bajaj Three Wheeler.""}]}, ""intended_application"": ""Commercial Transport""}, ""products"": [{""product_name"": ""Bajaj Three Wheeler (Auto Rickshaw)"", ""specifications"": [{""name"": ""Brand"", ""value"": ""Bajaj"", ""buyer_requested"": true, ""seller_mentioned"": false}, {""name"": ""Condition"", ""value"": ""Second-hand"", ""buyer_requested"": true, ""seller_mentioned"": false}], ""related_categories"": [{""name"": ""Second Hand Auto Rickshaw"", ""reason"": ""Buyer explicitly asked if the vehicles are second-hand.""}, {""name"": ""Three Wheelers"", ""reason"": ""It is the broader category for the requested product.""}], ""is_buyer_interested"": true, ""most_specific_category"": {""name"": ""Bajaj Auto Rickshaw"", ""reason"": ""The buyer specifically asked for a Bajaj brand auto rickshaw.""}}], ""next_steps"": {""buyer_next_steps"": [""To wait for the call at 11 AM tomorrow""], ""seller_next_steps"": [""To check stock for Bajaj Three Wheeler vehicles"", ""To call back at 11 AM tomorrow with pricing and model details""]}, ""buyer_details"": {""buyer_name"": ""24c46105d45bd6c70e8f8fdbaba5c012c8b524eac48abf7ef9f350eae0201b19""}, ""seller_details"": {""seller_name"": ""ec6137b8a30237fd7b16ca18d26a068d440a9e54372347a68a72791144c8cedf""}}",2026-07-28 07:40:21.529,148520291259,29/07/26
100677998,BUYER,29076,"{""callback"": ""callback by Tomorrow 10 AM - To discuss the product features after reviewing photos (Kal subah 10 baje call karta hoon)"", ""lead_tag"": {""deal_blockers"": [], ""deal_readiness"": ""Hot"", ""deal_readiness_reason"": ""Ready to move forward as soon as photos are shared via WhatsApp.""}, ""metadata"": {""call_type"": {""type"": ""B2B"", ""reason"": ""The buyer is inquiring about a specific industrial/commercial tool for diesel transfer, indicating B2B intent though quantity wasn't explicitly stated yet."", ""evidence"": {""order_type"": [""commercial""], ""repeat_buyer"": false, ""quantity_scale"": ""Low""}}, ""buyer_intent"": {""narrative"": ""The buyer wants a diesel transfer pump for barrel-to-barrel use with a flow meter and is waiting for product photos."", ""reasoning"": ""The buyer specified the application (barrel to barrel), the specific requirement (flow meter), and agreed to a follow-up call after receiving photos."", ""intent_level"": ""High""}, ""call_outcome"": {""category"": ""Follow-up"", ""conclusion_notes"": ""Seller will share photos, buyer will review and talk tomorrow (Main photo bhejta hoon, phir kal baat karenge)""}, ""call_purpose"": ""requirement"", ""all_languages"": [""Hindi"", ""English""], ""primary_language"": ""Hindi"", ""additional_details"": {""buyer_queries"": [{""query"": ""I need a pump to transfer diesel from barrel to barrel."", ""category"": ""Specifications"", ""sequence"": 1}, {""query"": ""Do you have it with a flow meter?"", ""category"": ""Specifications"", ""sequence"": 2}], ""seller_queries"": [{""query"": ""I will send you the photo."", ""category"": ""Availability"", ""sequence"": 3}]}}, ""products"": [{""in_stock"": ""in stock"", ""product_name"": ""Diesel Transfer Pump with Flow Meter"", ""specifications"": [{""name"": ""Flow Meter"", ""value"": ""Yes"", ""buyer_requested"": true, ""seller_mentioned"": false}, {""name"": ""Application"", ""value"": ""Barrel to barrel diesel transfer"", ""buyer_requested"": false, ""seller_mentioned"": false}], ""related_categories"": [{""name"": ""Fuel Dispenser"", ""reason"": ""Transferring fuel with measuring components like flow meters is a key function of dispensers.""}, {""name"": ""Electric Fuel Pump"", ""reason"": ""The requirement is for a motor-operated pump for fuel transfer.""}], ""is_buyer_interested"": true, ""most_specific_category"": {""name"": ""Fuel Transfer Pumps"", ""reason"": ""The buyer specifically requested a motor to transfer diesel from barrel to barrel.""}}], ""next_steps"": {""buyer_next_steps"": [""To review product photos shared on WhatsApp"", ""To call back at 10 AM tomorrow""], ""seller_next_steps"": [""To send diesel transfer pump photos to the buyer's WhatsApp number""]}, ""buyer_details"": {""buyer_name"": ""d84c759803cebcc3617ade035a6c3fd02624fac66363be0d6bfab2c4f0c3b924"", ""buyer_mobile_number"": ""f758507616f3c8cda986fbccc1eadd58a465f48a8c8ec92f20cc8703f32dee48""}, ""seller_details"": {""seller_name"": ""e7ffe7f2af45863f792378c29891951e62949fd1b99e7c4d2f41c13f093845b1""}}",2026-07-28 06:38:20.948,148549165367,29/07/26
160520017,BUYER,36104,"{""callback"": ""callback by Tomorrow 5 PM - To finalize (Kal 5 baje call karta hoon)"", ""lead_tag"": {""deal_blockers"": [], ""deal_readiness"": ""Warm"", ""deal_readiness_reason"": ""Buyer is actively inquiring about price and requesting product images/videos.""}, ""metadata"": {""call_type"": {""type"": ""B2C"", ""reason"": ""The buyer is inquiring about a specific product with no indication of bulk quantities or business registration."", ""evidence"": {""order_type"": [""one-time""], ""repeat_buyer"": false, ""quantity_scale"": ""Low""}}, ""buyer_intent"": {""narrative"": ""Wants to buy a 3-ton capacity jack."", ""reasoning"": ""The buyer has specific capacity requirements (3-ton) and has searched for the product previously."", ""intent_level"": ""Medium""}, ""call_outcome"": {""category"": ""Follow-up"", ""conclusion_notes"": ""Seller will share photos and videos with pricing on WhatsApp (Aapko photos videos bhej dungi price ke sath).""}, ""call_purpose"": ""requirement"", ""all_languages"": [""Hindi"", ""English""], ""primary_language"": ""Hindi"", ""additional_details"": {""buyer_queries"": [{""query"": ""What is the price of the 3-ton jack?"", ""category"": ""Pricing"", ""sequence"": 1}], ""seller_queries"": []}}, ""products"": [{""price"": {}, ""in_stock"": ""in stock"", ""product_name"": ""3 Ton Jack"", ""specifications"": [{""name"": ""Capacity"", ""unit"": ""Ton"", ""value"": ""3"", ""buyer_requested"": false, ""seller_mentioned"": true}], ""quantity_required"": {""unit"": ""pieces"", ""value"": 1}, ""related_categories"": [{""name"": ""Hoist"", ""reason"": ""Lifting jacks are fundamental components of hoisting and lifting systems.""}], ""is_buyer_interested"": true, ""most_specific_category"": {""name"": ""Hydraulic Hoist"", ""reason"": ""The buyer is searching for a 3-ton jack, which falls under lifting machinery in the hydraulic hoist category.""}}], ""next_steps"": {""buyer_next_steps"": [""To review photos and videos once received"", ""To confirm pricing and proceed with purchase""], ""seller_next_steps"": [""To share product photos and videos of the 3-ton jack on WhatsApp"", ""To provide pricing details for the requested model""]}, ""buyer_details"": {""buyer_name"": ""5d05b4c98b9217b98b6f2103f4a8457cb2a45e1aa6de6a41fbe69f709d6c9055""}, ""seller_details"": {""seller_name"": ""eec47d9891bc884ad0ca788dc063b9e0daedaf625591df82f28342ccc52eea9d""}}",2026-07-28 06:35:39.289,148514868513,29/07/26
226638841,BUYER,36930,"{""payment"": {}, ""callback"": ""callback by Tomorrow 10 AM - To discuss alternative higher MOQ options (Kal subah 10 baje batata hoon)"", ""lead_tag"": {""deal_blockers"": [{""detail"": ""Buyer needs 150-200 sq m while seller MOQ is 5000 sq m"", ""category"": ""MOQ""}], ""deal_readiness"": ""Cold"", ""deal_readiness_reason"": ""Large gap between buyer requirement and seller's minimum order requirement.""}, ""metadata"": {""call_type"": {""type"": ""B2C"", ""reason"": ""The buyer requires a very small quantity for what seems like personal use (roofing/sitting), but the seller is a manufacturer with a high industrial-scale MOQ."", ""evidence"": {""keywords"": [""Manufacturing"", ""Industrial MOQ""], ""order_type"": [""one-time""], ""repeat_buyer"": false, ""buyer_persona"": {""persona_detail"": ""Individual needing net for personal use"", ""persona_category"": ""end_consumer""}, ""quantity_scale"": ""Low""}}, ""buyer_intent"": {""narrative"": ""Looking for 150-200 sq m of net for roofing or seating purposes but quantity is too low for the manufacturer."", ""reasoning"": ""Buyer had a specific application and quantity but is a small requirement compared to the seller's industrial MOQ."", ""intent_level"": ""Low""}, ""call_outcome"": {""category"": ""Lost"", ""conclusion_notes"": ""Seller's MOQ is 5000 square meters whereas the buyer only needs 150-200 square meters (Humara minimum 5000 square meter order rehta hai).""}, ""call_purpose"": ""requirement"", ""all_languages"": [""Hindi"", ""English""], ""primary_language"": ""Hindi"", ""additional_details"": {""buyer_queries"": [{""query"": ""What is the price per meter for the net?"", ""category"": ""Pricing"", ""sequence"": 1}, {""query"": ""Can this be used for roofing or sitting?"", ""category"": ""Specifications"", ""sequence"": 3}], ""seller_queries"": [{""query"": ""How much quantity do you need?"", ""category"": ""Quantity"", ""sequence"": 2}]}, ""intended_application"": ""Roofing or Seating""}, ""products"": [{""price"": {""gst"": {""value"": 18, ""is_gst_included"": false}, ""value"": 21, ""currency"": ""INR"", ""price_unit"": ""square meter""}, ""in_stock"": ""in stock"", ""product_name"": ""Net"", ""specifications"": [{""name"": ""Application"", ""value"": ""Roofing or Sitting"", ""buyer_requested"": true, ""seller_mentioned"": true}], ""quantity_required"": {""unit"": ""square meter"", ""value"": 150}, ""related_categories"": [{""name"": ""Monofilament Shade Net"", ""reason"": ""Often used for shading and roofing applications as discussed.""}, {""name"": ""Safety Net"", ""reason"": ""Can be used for seating or protection similar to the applications mentioned.""}], ""is_buyer_interested"": true, ""minimum_order_quantity"": {""unit"": ""square meter"", ""value"": 5000}, ""most_specific_category"": {""name"": ""Netting"", ""reason"": ""The speakers refers to the product as 'Net' and discuss multi-purpose use like roofing and seating.""}, ""seller_accepts_quantity"": false}], ""next_steps"": {""buyer_next_steps"": [], ""seller_next_steps"": []}, ""buyer_details"": {""buyer_name"": ""70569b827f1bb44dcda73132a61472baea745668f5c8f914e08731c4d4baf3f9"", ""buyer_mobile_number"": ""cf0d0c1d57d35adfbe1eadf2c249211bfb18bd32e250d5bc28e95804913456c1""}, ""seller_details"": {""seller_name"": ""8017d27151912033277faad0effc8662e0686b3602989ca7c382e77d0f7a8095""}}",2026-07-28 06:25:40.744,148514189475,29/07/26
100677998,BUYER,29076,"{""callback"": ""callback by Monday 1 PM - To confirm stock (Somwar 1 baje call karta hoon)"", ""lead_tag"": {""deal_blockers"": [{""detail"": ""12V DC model is discontinued"", ""category"": ""Availability""}], ""deal_readiness"": ""Cold"", ""deal_readiness_reason"": ""Buyer specifically wants a portable 12V DC model which is no longer being manufactured by the seller.""}, ""metadata"": {""call_type"": {""type"": ""B2B"", ""reason"": ""The buyer represents MA Traders from Kerala and is inquiring about industrial fuel transfer equipment, common in B2B resale or commercial operations."", ""evidence"": {""order_type"": [""commercial""], ""buyer_persona"": {""persona_detail"": ""MA Traders"", ""persona_category"": ""retailer""}, ""quantity_scale"": ""Low""}}, ""buyer_intent"": {""narrative"": ""Looking for a portable 12V DC diesel transfer pump with 70 LPM flow rate and analog preset."", ""reasoning"": ""The buyer has specific technical requirements like flow rate and power source, but the preferred model is unavailable."", ""intent_level"": ""Medium""}, ""call_outcome"": {""category"": ""Lost"", ""conclusion_notes"": ""Seller does not have the specific 12V DC portable model required (12V DC discontinue kar diya hai).""}, ""call_purpose"": ""requirement"", ""all_languages"": [""Hindi"", ""English""], ""primary_language"": ""Hindi"", ""additional_details"": {""buyer_queries"": [{""query"": ""Are you a manufacturer of diesel transfer pumps?"", ""category"": ""Availability"", ""sequence"": 1}, {""query"": ""Do you have a pump with a flow rate of 70 liters per minute?"", ""category"": ""Specifications"", ""sequence"": 2}, {""query"": ""Are both DC and AC versions available?"", ""category"": ""Availability"", ""sequence"": 3, ""answer_by_seller"": ""Yes, both DC and AC models are available.""}, {""query"": ""Do you have a model with an analog preset?"", ""category"": ""Specifications"", ""sequence"": 4}, {""query"": ""Is it available with or without a printer?"", ""category"": ""Specifications"", ""sequence"": 5}, {""query"": ""Do you have a 12V DC motor?"", ""category"": ""Specifications"", ""sequence"": 6}, {""query"": ""Do you have a smaller, portable model?"", ""category"": ""Specifications"", ""sequence"": 7}], ""seller_queries"": [{""query"": ""Do you want it with or without a printer?"", ""category"": ""Specifications"", ""sequence"": 8, ""answer_by_buyer"": ""I need it without a printer.""}, {""query"": ""Are you looking for a 12V DC motor?"", ""category"": ""Specifications"", ""sequence"": 9, ""answer_by_buyer"": ""Yes, I am looking for a 12V DC motor.""}, {""query"": ""Do you want a permanent or portable installation?"", ""category"": ""Specifications"", ""sequence"": 10, ""answer_by_buyer"": ""I need a portable one.""}]}, ""intended_application"": ""Fuel Transfer""}, ""products"": [{""in_stock"": ""out of stock"", ""product_name"": ""12V DC Diesel Transfer Pump"", ""specifications"": [{""name"": ""Motor Type"", ""value"": ""12V DC"", ""buyer_requested"": true, ""seller_mentioned"": true}, {""name"": ""Flow Rate"", ""unit"": ""LPM"", ""value"": ""70"", ""buyer_requested"": true, ""seller_mentioned"": true}, {""name"": ""Type"", ""value"": ""Portable"", ""buyer_requested"": true, ""seller_mentioned"": true}, {""name"": ""Meter Type"", ""value"": ""Analog Preset"", ""buyer_requested"": true, ""seller_mentioned"": true}], ""related_categories"": [{""name"": ""Fuel Transfer Pumps"", ""reason"": ""Category covers devices used for moving fuel liquids.""}, {""name"": ""DC Pump"", ""reason"": ""The buyer specifically requested a 12V DC motor powered pump.""}], ""is_buyer_interested"": true, ""most_specific_category"": {""name"": ""Diesel Fuel Pump"", ""reason"": ""The buyer specifically inquired about a diesel transfer pump for fueling applications.""}}, {""in_stock"": ""in stock"", ""product_name"": ""AC Diesel Transfer Pump"", ""specifications"": [{""name"": ""Motor Type"", ""value"": ""AC"", ""buyer_requested"": false, ""seller_mentioned"": true}], ""related_categories"": [{""name"": ""Fuel Transfer Pumps"", ""reason"": ""General category for fuel moving equipment.""}, {""name"": ""Electric Fuel Pump"", ""reason"": ""Powered by standard AC electricity.""}], ""is_buyer_interested"": false, ""most_specific_category"": {""name"": ""Diesel Fuel Pump"", ""reason"": ""Standard AC powered pump used for diesel transfer.""}}], ""next_steps"": {""buyer_next_steps"": [], ""seller_next_steps"": []}, ""buyer_details"": {""buyer_name"": ""d84c759803cebcc3617ade035a6c3fd02624fac66363be0d6bfab2c4f0c3b924""}, ""seller_details"": {""seller_name"": ""583bf331b65f00505a06fb03e6de542450bffaa85623c695382d1a50ac765ca6""}}",2026-07-28 05:16:22.443,148549165367,29/07/26
11958120,BUYER,179372,"{""callback"": ""callback by Today – To share details and provide information (Thodi vaar ma kari deshe sir adhi kalak ni andar)"", ""lead_tag"": {""deal_blockers"": [], ""deal_readiness"": ""Warm"", ""deal_readiness_reason"": ""Interested in products but waiting for the specific department head to contact with more information.""}, ""metadata"": {""call_type"": {""type"": ""B2B"", ""reason"": ""Inquiry regarding sanitary pads and diapers products with potential for recurring or business-related needs."", ""evidence"": {""keywords"": [""Sanitary Pads"", ""Diapers""]}}, ""buyer_intent"": {""narrative"": ""Interested in sanitary pads and potentially diapers."", ""reasoning"": ""Searching for specific products (sanitary pads) but did not provide exact details like quantity or timeline yet."", ""intent_level"": ""Medium""}, ""call_outcome"": {""category"": ""Follow-up"", ""conclusion_notes"": ""Seller will share the buyer's number with the department head for Gujarat who will call back with details. (Sir tamaro number hu provide kari apu chu, sir tamne thodi vaar ma detail share kari deshe)""}, ""call_purpose"": ""requirement"", ""all_languages"": [""Gujarati"", ""English""], ""primary_language"": ""Gujarati"", ""additional_details"": {""buyer_queries"": [{""query"": ""What do you have available in sanitary pads?"", ""category"": ""Availability"", ""sequence"": 1}], ""seller_queries"": [{""query"": ""Do you need diapers or sanitary pads?"", ""category"": ""Specifications"", ""sequence"": 2}]}}, ""products"": [{""in_stock"": ""in stock"", ""product_name"": ""Diaper"", ""related_categories"": [{""name"": ""Baby Diapers"", ""reason"": ""Common type of diaper likely needed by the buyer.""}, {""name"": ""Adult Diapers"", ""reason"": ""Also possible depending on specific requirement.""}], ""is_buyer_interested"": true, ""most_specific_category"": {""name"": ""Diaper"", ""reason"": ""The buyer asked for both sanitary pads and diapers.""}}, {""in_stock"": ""in stock"", ""product_name"": ""Sanitary Pad"", ""related_categories"": [{""name"": ""Diaper"", ""reason"": ""Sanitary pads share manufacturing and absorption technologies with diapers.""}], ""is_buyer_interested"": true, ""most_specific_category"": {""name"": ""Diapering Products"", ""reason"": ""Sanitary pads fall within general absorbent products often categorized similarly.""}}], ""next_steps"": {""buyer_next_steps"": [""To wait for a call from the Gujarat department head for further details.""], ""seller_next_steps"": [""To provide the buyer's contact details to the Gujarat department head."", ""To ensure the department head calls back within half an hour with details.""]}, ""buyer_details"": {""buyer_name"": ""983d3dc41c81113f13375728ff0dd5ca33d5d2f4c0c29c0df126a030627c3fcb"", ""buyer_location"": {""buyer_city"": ""Palanpur""}}, ""seller_details"": {""seller_name"": ""8f309ce534f55b2081816522640fd6d584895aac6b305b4154078e82b9d58766""}}",2026-07-28 05:12:08.838,148559816485,29/07/26
272132301,BUYER,40991,"{""callback"": ""callback by Tomorrow 5 PM - To finalize (Kal 5 baje call karta hoon)"", ""lead_tag"": {""deal_blockers"": [{""detail"": ""Seller does not deal in safety hand gloves or abrasive pads."", ""category"": ""Availability""}], ""deal_readiness"": ""Cold"", ""deal_readiness_reason"": ""The seller explicitly confirmed that they do not have the requested items.""}, ""metadata"": {""call_type"": {""type"": ""B2B"", ""reason"": ""The inquiry involves industrial safety and maintenance supplies, which is typical for a B2B context."", ""evidence"": {""keywords"": [""Safety hand gloves"", ""Abrasive pad""]}}, ""buyer_intent"": {""narrative"": ""The buyer was checking for the availability of safety hand gloves and abrasive pads."", ""reasoning"": ""The buyer only asked for product availability without discussing further specifications or quantity, and the call ended when the items were not available."", ""intent_level"": ""Low""}, ""call_outcome"": {""category"": ""Lost"", ""conclusion_notes"": ""Seller confirmed that they do not have the requested products (Nahi nahi, No no).""}, ""call_purpose"": ""requirement"", ""all_languages"": [""Hindi"", ""English""], ""primary_language"": ""Hindi"", ""additional_details"": {""buyer_queries"": [{""query"": ""Do you have safety hand gloves?"", ""category"": ""Availability"", ""sequence"": 1, ""answer_by_seller"": ""We do not have safety hand gloves.""}, {""query"": ""Do you have abrasive pads?"", ""category"": ""Availability"", ""sequence"": 2, ""answer_by_seller"": ""We do not have abrasive pads.""}], ""seller_queries"": []}}, ""products"": [{""in_stock"": ""not sold"", ""product_name"": ""Safety hand gloves"", ""specifications"": [], ""related_categories"": [{""name"": ""Hand Gloves"", ""reason"": ""Safety hand gloves are a sub-category of hand gloves.""}, {""name"": ""Industrial Gloves"", ""reason"": ""Safety hand gloves are used in industrial safety applications.""}], ""is_buyer_interested"": true, ""most_specific_category"": {""name"": ""Safety Gloves"", ""reason"": ""The buyer explicitly inquired about safety hand gloves.""}}, {""in_stock"": ""not sold"", ""product_name"": ""Abrasive pad"", ""specifications"": [], ""is_buyer_interested"": true}], ""next_steps"": {""buyer_next_steps"": [], ""seller_next_steps"": []}, ""buyer_details"": {}, ""seller_details"": {}}",2026-07-28 05:04:35.852,148527346334,29/07/26
237439025,BUYER,25993,"{""lead_tag"": {""deal_blockers"": [{""detail"": ""Seller does not provide a complete painting kit, only raw materials like molds and powder."", ""category"": ""Availability""}], ""deal_readiness"": ""Cold"", ""deal_readiness_reason"": ""Seller does not supply the full DIY kit the buyer is looking for.""}, ""metadata"": {""call_type"": {""type"": ""B2C"", ""reason"": ""The buyer is looking for a small batch of DIY kits, likely for retail use or a small event, but is an end-purchaser for a specific product set."", ""evidence"": {""keywords"": [""DIY Kit"", ""Painting"", ""Kids Toys"", ""Raw Materials""], ""order_type"": [""bulk""], ""buyer_persona"": {""persona_category"": ""end_consumer""}, ""quantity_scale"": ""Low""}}, ""buyer_intent"": {""narrative"": ""Wants to buy 50 DIY painting kits for kids."", ""reasoning"": ""The buyer had a specific quantity and product type in mind but the seller's offering didn't match the expectation of a complete kit."", ""intent_level"": ""Medium""}, ""call_outcome"": {""category"": ""Lost"", ""conclusion_notes"": ""Dissatisfied as seller only provides raw materials instead of complete kits (Hum log raw material dete hain complete nahi).""}, ""call_purpose"": ""requirement"", ""all_languages"": [""Hindi"", ""English""], ""primary_language"": ""Hindi"", ""additional_details"": {""buyer_queries"": [{""query"": ""Do you provide a complete DIY painting kit?"", ""category"": ""Specifications"", ""sequence"": 1, ""answer_by_seller"": ""No, we only provide the raw materials including molds, casting powder, etc. We don't provide a complete kit.""}], ""seller_queries"": [{""query"": ""What quantity are you looking for?"", ""category"": ""Quantity"", ""sequence"": 2, ""answer_by_buyer"": ""I need 50 pieces.""}]}, ""intended_application"": ""Kids Painting Activity""}, ""products"": [{""in_stock"": ""not sold"", ""product_name"": ""DIY Painting Kit (Kids Painting Kit)"", ""specifications"": [{""name"": ""Type"", ""value"": ""Complete Kit"", ""buyer_requested"": true, ""seller_mentioned"": false}], ""quantity_required"": {""unit"": ""pieces"", ""value"": 50}, ""related_categories"": [{""name"": ""Kids Toys"", ""reason"": ""The intended use for children makes it a category fit.""}, {""name"": ""Art Materials"", ""reason"": ""Painting kits are fundamentally art supplies.""}], ""is_buyer_interested"": true, ""most_specific_category"": {""name"": ""DIY Art Set"", ""reason"": ""The buyer explicitly asked for a DIY painting kit for kids.""}, ""seller_accepts_quantity"": false}, {""in_stock"": ""in stock"", ""product_name"": ""Molds and Casting Powder"", ""specifications"": [{""name"": ""Component"", ""value"": ""Molds"", ""buyer_requested"": false, ""seller_mentioned"": true}, {""name"": ""Component"", ""value"": ""Casting Powder"", ""buyer_requested"": false, ""seller_mentioned"": true}], ""related_categories"": [{""name"": ""Modelling Clay"", ""reason"": ""Powder and molds are often used for modeling and casting activities.""}], ""is_buyer_interested"": false, ""most_specific_category"": {""name"": ""Craft Materials"", ""reason"": ""The seller mentioned providing molds and casting powder which are raw craft supplies.""}}], ""next_steps"": {""buyer_next_steps"": [], ""seller_next_steps"": []}, ""buyer_details"": {""buyer_name"": ""a8b83517fef0f11c0885c3412ba37e0847379effa8d3edd90d1adf43e748c753""}, ""seller_details"": {""seller_name"": ""f3cce486ea320015c8e0ffae7cfda6bc2c449a8980b1fb4c632703a70a998246""}}",2026-07-28 03:12:01.764,148501766267,29/07/26
