user_glid,user_role,src_mcat_id,llm_extracted_json_masked,fel.created_at,eto_ofr_display_id,eto_ofr_approv_date_orig
182161445,BUYER,141966,"{""callback"": ""callback by Tomorrow 10 AM - To discuss models (Kal subah 10 baje call karega)"", ""lead_tag"": {""deal_blockers"": [], ""deal_readiness"": ""Warm"", ""deal_readiness_reason"": ""Buyer requested details for future discussion and planned a callback tomorrow morning.""}, ""metadata"": {""call_type"": {""type"": ""B2B"", ""reason"": ""The buyer is inquiring about different power tiller models for potential purchase."", ""evidence"": {""keywords"": [""Power tillers"", ""3 HP to 12 HP""], ""order_type"": [""commercial""], ""quantity_scale"": ""Low""}}, ""buyer_intent"": {""narrative"": ""Looking for power tillers between 3 HP to 12 HP."", ""reasoning"": ""The buyer specifically asked for models and pricing but deferred the final discussion to the next day."", ""intent_level"": ""Medium""}, ""call_outcome"": {""category"": ""Follow-up"", ""conclusion_notes"": ""Will discuss tomorrow at 10 AM (Kal subah 10 baje baat karte hai)""}, ""call_purpose"": ""requirement"", ""all_languages"": [""Hindi""], ""primary_language"": ""Hindi"", ""additional_details"": {""buyer_queries"": [{""query"": ""Do you have power tillers?"", ""category"": ""Availability"", ""sequence"": 1}, {""query"": ""What models do you have?"", ""category"": ""Availability"", ""sequence"": 2}, {""query"": ""Can you tell me the price?"", ""category"": ""Pricing"", ""sequence"": 3}], ""seller_queries"": [{""query"": ""Where are you calling from?"", ""category"": ""Location"", ""sequence"": 4}]}, ""intended_application"": ""Agricultural use""}, ""products"": [{""in_stock"": ""in stock"", ""product_name"": ""Power Tiller"", ""specifications"": [{""name"": ""Capacity Range"", ""unit"": ""HP"", ""value"": ""3"", ""buyer_requested"": false, ""seller_mentioned"": true}, {""name"": ""Fuel Type"", ""value"": ""Petrol and Diesel"", ""buyer_requested"": false, ""seller_mentioned"": true}], ""related_categories"": [{""name"": ""Mini Power Tiller"", ""reason"": ""Small HP tillers like 3 HP are often categorized as mini power tillers.""}, {""name"": ""Power Weeder"", ""reason"": ""Lower HP models are used as power weeders in agriculture.""}], ""is_buyer_interested"": true, ""most_specific_category"": {""name"": ""Power Tiller"", ""reason"": ""The seller explicitly mentioned having power tillers from 3 HP to 12 HP.""}}, {""in_stock"": ""in stock"", ""product_name"": ""Power Tiller"", ""specifications"": [{""name"": ""Capacity Range"", ""unit"": ""HP"", ""value"": ""12"", ""buyer_requested"": false, ""seller_mentioned"": true}], ""is_buyer_interested"": true, ""most_specific_category"": {""name"": ""Power Tiller"", ""reason"": ""Part of the range mentioned by the seller.""}}], ""next_steps"": {""buyer_next_steps"": [""To call back tomorrow at 10 AM""], ""seller_next_steps"": [""To provide pricing and model details during tomorrow's call""]}, ""buyer_details"": {""buyer_name"": ""fb46c79b7eb7af175f493755b491afa9b25574a9230b8822c629f224a2df4e58"", ""buyer_location"": {""buyer_city"": ""Chandrapur"", ""buyer_locality"": ""Chimur""}}, ""seller_details"": {""seller_name"": ""42b5bf6a3fa51849bc05c7050141a81591133b5f470cdef4ff6628e1222ff0a1""}}",2026-07-29 16:00:14.161,148557463346,29/07/26
233960098,BUYER,42998,"{""lead_tag"": {""deal_blockers"": [{""detail"": ""Large setup cost is high for small intake (10-12 lakh for 200 liter)."", ""category"": ""Price""}], ""deal_readiness"": ""Warm"", ""deal_readiness_reason"": ""Interested in starting a new dairy with a small setup and will review price and photos/videos sent by the seller.""}, ""metadata"": {""call_type"": {""type"": ""B2B"", ""reason"": ""The buyer is looking for industrial dairy equipment (Electric Boiler, PHE, BMC) to process 250 liters of milk daily for a commercial dairy business."", ""evidence"": {""keywords"": [""Milk Pouch Packaging"", ""Electric Boiler"", ""Dairy Setup"", ""BMC""], ""order_type"": [""commercial""], ""repeat_buyer"": false, ""buyer_persona"": {""persona_detail"": ""Dairy Owner"", ""persona_category"": ""manufacturer""}, ""quantity_scale"": ""High""}}, ""buyer_intent"": {""narrative"": ""Wants a milk pouch packaging setup for a new dairy business with 200-250 liters daily capacity."", ""reasoning"": ""Clear intent to start a new business, specifies capacity and location, and requests specific details like photos/videos and pricing."", ""intent_level"": ""High""}, ""call_outcome"": {""category"": ""Follow-up"", ""conclusion_notes"": ""Seller will send photos, videos, and pricing for a small setup on WhatsApp (Photo video bhejta hoon aur price return me bhej deta hoon).""}, ""call_purpose"": ""requirement"", ""all_languages"": [""Hindi"", ""English""], ""primary_language"": ""Hindi"", ""additional_details"": {""buyer_queries"": [{""query"": ""Is there a smaller setup available?"", ""category"": ""Specifications"", ""sequence"": 4}], ""seller_queries"": [{""query"": ""What kind of setup do you need? Pouch packaging?"", ""category"": ""Specifications"", ""sequence"": 1, ""answer_by_buyer"": ""Milk pouch packaging.""}, {""query"": ""How much milk do you have per day?"", ""category"": ""Quantity"", ""sequence"": 2, ""answer_by_buyer"": ""Around 200 to 250 liters.""}, {""query"": ""Where are you calling from?"", ""category"": ""Location"", ""sequence"": 3, ""answer_by_buyer"": ""Moradabad, Uttar Pradesh.""}, {""query"": ""Do you want to make curd, ghee, or paneer too, or just pouch packaging?"", ""category"": ""Specifications"", ""sequence"": 5, ""answer_by_buyer"": ""Just pouch packaging for now.""}]}, ""intended_application"": ""Milk Pouch Packaging Business""}, ""products"": [{""in_stock"": ""in stock"", ""product_name"": ""Small Milk Pouch Packaging Setup"", ""specifications"": [{""name"": ""Included Equipment"", ""value"": ""Electric Boiler, PHE, BMC, Pouch Packaging Machine"", ""buyer_requested"": false, ""seller_mentioned"": true}, {""name"": ""Processing Capacity"", ""value"": ""200-250 Liters per day"", ""buyer_requested"": false, ""seller_mentioned"": true}], ""related_categories"": [{""name"": ""Data Processor and Milk Collection Unit"", ""reason"": ""Part of the collection and processing workflow.""}, {""name"": ""Bulk Milk Cooler"", ""reason"": ""Seller mentioned BMC as part of the recommended setup.""}], ""is_buyer_interested"": true, ""most_specific_category"": {""name"": ""Milk Processing Plant and Machines"", ""reason"": ""The discussion revolves around a complete setup for processing and pouch packaging milk.""}}], ""next_steps"": {""buyer_next_steps"": [""To review the photos and videos of the small dairy setup"", ""To check the quoted price for the equipment""], ""seller_next_steps"": [""To share photos and videos of the dairy setup on WhatsApp"", ""To send the price list for the small dairy setup to the buyer""]}, ""buyer_details"": {""buyer_location"": {""buyer_city"": ""Moradabad"", ""buyer_state"": ""Uttar Pradesh""}}, ""seller_details"": {}}",2026-07-29 14:43:17.472,148558337352,29/07/26
245222449,BUYER,74802,"{""callback"": ""callback by Today - To share catalog and samples (Abhi bhej raha hoon)"", ""lead_tag"": {""deal_blockers"": [], ""deal_readiness"": ""Hot"", ""deal_readiness_reason"": ""Wants to place order for 300 to 350 pieces and requested for samples immediately to proceed.""}, ""metadata"": {""call_type"": {""type"": ""B2B"", ""reason"": ""Buyer is looking for 300-350 pieces for commercial use, indicating a bulk business requirement."", ""evidence"": {""keywords"": [""100% Cotton"", ""Made to Order"", ""Regular Quality""], ""order_type"": [""bulk"", ""commercial""], ""repeat_buyer"": false, ""quantity_scale"": ""High""}}, ""buyer_intent"": {""narrative"": ""Wants 300-350 cotton towels of 100% cotton quality."", ""reasoning"": ""Requested catalog and samples on WhatsApp immediately to proceed with an order of over 300 pieces."", ""intent_level"": ""High""}, ""call_outcome"": {""category"": ""Follow-up"", ""conclusion_notes"": ""Requested for catalog and price on WhatsApp (Rate de dijiye aur catalog bhej dijiye)""}, ""call_purpose"": ""requirement"", ""all_languages"": [""Hindi"", ""English""], ""primary_language"": ""Hindi"", ""additional_details"": {""buyer_queries"": [{""query"": ""Do you have manufacturing of towels?"", ""category"": ""Other"", ""sequence"": 1, ""answer_by_seller"": ""Yes, we have manufacturing of towels.""}, {""query"": ""Do you have 100% cotton and Egyptian cotton?"", ""category"": ""Specifications"", ""sequence"": 2, ""answer_by_seller"": ""Egyptian cotton is made to order, but we can provide you 100% cotton and recycled cotton on regular basis.""}, {""query"": ""What is the price of these towels?"", ""category"": ""Pricing"", ""sequence"": 3, ""answer_by_seller"": ""I am sending you the catalog and details on WhatsApp.""}], ""seller_queries"": []}, ""intended_application"": ""Commercial Resale""}, ""products"": [{""in_stock"": ""in stock"", ""product_name"": ""100% Cotton Towel"", ""specifications"": [{""name"": ""Material"", ""value"": ""100% Cotton"", ""buyer_requested"": true, ""seller_mentioned"": true}, {""name"": ""Type"", ""value"": ""Regular Quality"", ""buyer_requested"": false, ""seller_mentioned"": true}, {""name"": ""Size"", ""value"": ""Standard Size"", ""buyer_requested"": true, ""seller_mentioned"": false}], ""quantity_required"": {""unit"": ""pieces"", ""value"": 300}, ""related_categories"": [{""name"": ""Terry Bath Towel"", ""reason"": ""Cotton towels used for bathing are typically terry weave towels.""}, {""name"": ""Cotton Towel"", ""reason"": ""Explicitly discussed as 100% cotton quality.""}], ""is_buyer_interested"": true, ""most_specific_category"": {""name"": ""Cotton Bath Towel"", ""reason"": ""The buyer specifically asked for 100% cotton towels and discussed standard sizes for bath use.""}, ""seller_accepts_quantity"": true}, {""in_stock"": ""in stock"", ""product_name"": ""Recycled Cotton Towel"", ""specifications"": [{""name"": ""Material"", ""value"": ""Recycled Cotton"", ""buyer_requested"": false, ""seller_mentioned"": true}], ""quantity_required"": {""unit"": ""pieces"", ""value"": 300}, ""related_categories"": [{""name"": ""Towels"", ""reason"": ""General categorization for the product type.""}], ""is_buyer_interested"": true, ""most_specific_category"": {""name"": ""Cotton Towel"", ""reason"": ""Seller mentioned recycled cotton as a regular quality option.""}, ""seller_accepts_quantity"": true}, {""in_stock"": ""out of stock"", ""product_name"": ""Egyptian Cotton Towel"", ""specifications"": [{""name"": ""Material"", ""value"": ""Egyptian Cotton"", ""buyer_requested"": true, ""seller_mentioned"": true}, {""name"": ""Availability Type"", ""value"": ""Made to order"", ""buyer_requested"": false, ""seller_mentioned"": true}], ""quantity_required"": {""unit"": ""pieces"", ""value"": 300}, ""related_categories"": [{""name"": ""Soft Towel"", ""reason"": ""Egyptian cotton is known for its softness.""}], ""is_buyer_interested"": true, ""most_specific_category"": {""name"": ""Cotton Bath Towel"", ""reason"": ""Buyer specifically inquired about Egyptian cotton bath towels.""}, ""seller_accepts_quantity"": true}], ""next_steps"": {""buyer_next_steps"": [""To review catalog and samples sent on WhatsApp"", ""To confirm size requirements""], ""seller_next_steps"": [""To share catalog and samples on WhatsApp"", ""To provide pricing for 300-350 units""]}, ""buyer_details"": {""buyer_mobile_number"": ""729b5da38aae04c3b7385bc76d4abd307dceb58c4b2171e7c3437733645591d8""}, ""seller_details"": {""seller_location"": {""seller_city"": ""Panipat""}}}",2026-07-29 13:21:06.165,148564037775,29/07/26
125673037,BUYER,191716,"{""payment"": {}, ""callback"": ""callback by [Time/Date IST] - [Context]"", ""lead_tag"": {""deal_blockers"": [{""detail"": ""Seller is in Himachal while the buyer is in Hisar"", ""category"": ""Location""}, {""detail"": ""Buyer needs 150 sq. ft. which is too low for the seller"", ""category"": ""MOQ""}], ""deal_readiness"": ""Cold"", ""deal_readiness_reason"": ""Distance and low quantity requirement make the deal non-viable for the seller.""}, ""metadata"": {""call_type"": {""type"": ""B2C"", ""reason"": ""Small residential quantity requested for a distant location."", ""evidence"": {""order_type"": [""one-time""], ""quantity_scale"": ""Low""}}, ""buyer_intent"": {""narrative"": ""Seeking 150 sq. ft. of glass for railing in Hisar."", ""reasoning"": ""Buyer has clear quantity and location specifications."", ""intent_level"": ""High""}, ""call_outcome"": {""category"": ""Lost"", ""conclusion_notes"": ""Seller refused due to low quantity and long distance (Short quantity nahi de payenge).""}, ""call_purpose"": ""requirement"", ""all_languages"": [""Hindi"", ""English""], ""primary_language"": ""Hindi"", ""additional_details"": {""buyer_queries"": [{""query"": ""Is glass for railing available?"", ""category"": ""Availability"", ""sequence"": 1}, {""query"": ""Can you deliver to Hisar?"", ""category"": ""Availability"", ""sequence"": 2}], ""seller_queries"": [{""query"": ""How much quantity do you need?"", ""category"": ""Quantity"", ""sequence"": 3, ""answer_by_buyer"": ""150 square feet""}, {""query"": ""Where do you need it?"", ""category"": ""Location"", ""sequence"": 4, ""answer_by_buyer"": ""Hisar""}]}, ""intended_application"": ""Glass Railing Installation""}, ""products"": [{""in_stock"": ""in stock"", ""product_name"": ""Glass (for railing)"", ""specifications"": [{""name"": ""Application"", ""value"": ""Railing"", ""buyer_requested"": true, ""seller_mentioned"": false}], ""quantity_required"": {""unit"": ""square feet"", ""value"": 150}, ""related_categories"": [{""name"": ""Glass Railing"", ""reason"": ""The product is the primary component for a glass railing system.""}], ""is_buyer_interested"": true, ""most_specific_category"": {""name"": ""Railing Glass"", ""reason"": ""Buyer explicitly asked for glass for railing.""}, ""seller_accepts_quantity"": false}], ""next_steps"": {""buyer_next_steps"": [], ""seller_next_steps"": []}, ""buyer_details"": {""buyer_location"": {""buyer_city"": ""Hisar""}}, ""seller_details"": {""seller_location"": {""seller_city"": ""Kala Amb"", ""seller_state"": ""Himachal Pradesh""}}}",2026-07-29 13:13:46.722,148565087775,29/07/26
12610220,BUYER,186154,"{""callback"": ""callback by After stock arrival - To confirm the drum unit (Stock aane par message ya call karke batata hoon)"", ""lead_tag"": {""deal_blockers"": [{""detail"": ""Drum unit not in stock"", ""category"": ""Availability""}], ""deal_readiness"": ""Warm"", ""deal_readiness_reason"": ""Buyer is ready to wait for stock to purchase drum units and toner cartridges together""}, ""metadata"": {""call_type"": {""type"": ""B2B"", ""reason"": ""The buyer is inquiring for a quantity of 5 pieces for a drum unit and the seller offered 50 pieces of toner cartridges, suggesting a commercial/resale scale."", ""evidence"": {""order_type"": [""bulk"", ""commercial""], ""repeat_buyer"": false, ""quantity_scale"": ""High""}}, ""buyer_intent"": {""narrative"": ""Wants to buy 5 drum units and toner cartridges together once stock arrives."", ""reasoning"": ""Buyer specify exact quantities and is waiting for stock to save on courier costs."", ""intent_level"": ""High""}, ""call_outcome"": {""category"": ""Follow-up"", ""conclusion_notes"": ""Seller will contact once drum unit stock arrives (Stock aane par WhatsApp message karta hoon)""}, ""call_purpose"": ""requirement"", ""all_languages"": [""Hindi""], ""primary_language"": ""Hindi"", ""additional_details"": {""buyer_queries"": [{""query"": ""When will the drum unit stock arrive and how long will it take?"", ""category"": ""Availability"", ""sequence"": 1}, {""query"": ""How many toner cartridges are available?"", ""category"": ""Availability"", ""sequence"": 2}], ""seller_queries"": [{""query"": ""Will the toner cartridge be okay for now? I have 50 pieces ready."", ""category"": ""Quantity"", ""sequence"": 3, ""answer_by_buyer"": ""No, I need both together to save on separate courier charges.""}]}}, ""products"": [{""in_stock"": ""out of stock"", ""product_name"": ""Drum Unit"", ""specifications"": [{""name"": ""Product Type"", ""value"": ""Drum Unit"", ""buyer_requested"": true, ""seller_mentioned"": true}], ""quantity_required"": {""unit"": ""pieces"", ""value"": 5}, ""related_categories"": [{""name"": ""Toner Cartridge Parts"", ""reason"": ""Drum units are a major component of toner cartridge assemblies.""}], ""is_buyer_interested"": true, ""most_specific_category"": {""name"": ""Drum Unit"", ""reason"": ""The buyer explicitly asked for a 'drum unit' for a printer/copier.""}, ""seller_accepts_quantity"": true}, {""in_stock"": ""in stock"", ""product_name"": ""Toner Cartridge"", ""specifications"": [{""name"": ""In-stock Quantity"", ""unit"": ""pieces"", ""value"": ""50"", ""buyer_requested"": true, ""seller_mentioned"": true}], ""quantity_required"": {""unit"": ""pieces"", ""value"": 5}, ""related_categories"": [{""name"": ""Printer Toner"", ""reason"": ""Toner cartridges contain the printer toner powder.""}], ""is_buyer_interested"": true, ""most_specific_category"": {""name"": ""Toner Cartridges"", ""reason"": ""The seller mentioned having 'toner cartridges' in stock.""}, ""seller_accepts_quantity"": true}], ""next_steps"": {""buyer_next_steps"": [""To wait for seller's message regarding stock arrival"", ""To confirm the final order for 5 drum units and toner cartridges""], ""seller_next_steps"": [""To check stock availability with the company"", ""To inform about restocking of drum units via WhatsApp""]}, ""buyer_details"": {""buyer_name"": ""e0c6607b13ad3794f93a9dddfdd1547ddca9022929551e8a22fba7043127ca1b""}, ""seller_details"": {""seller_name"": ""ce8ff7dc1b2bcfabc6ee57b6eaa12ecefb1be783b8b8b8304992aa32eac8d784""}}",2026-07-29 11:09:59.126,148558363867,29/07/26
97731465,BUYER,34327,"{""callback"": """", ""lead_tag"": {""deal_blockers"": [{""detail"": ""Seller does not deal in HP ink (HP ka ink nahi hai)"", ""category"": ""Availability""}], ""deal_readiness"": ""Cold"", ""deal_readiness_reason"": ""The seller explicitly stated they do not have the requested product, leading to immediate disengagement.""}, ""metadata"": {""call_type"": {""type"": ""B2C"", ""reason"": ""The buyer was looking for a specific brand of printer ink for personal or small-scale use and the transaction was not possible due to unavailability."", ""evidence"": {""order_type"": [""one-time""]}}, ""buyer_intent"": {""narrative"": ""Looking for HP printer ink."", ""reasoning"": ""Buyer had a specific brand in mind but the conversation ended abruptly as the seller does not stock it."", ""intent_level"": ""Low""}, ""call_outcome"": {""category"": ""Lost"", ""conclusion_notes"": ""Seller does not deal in the requested brand (HP ka ink nahi hai).""}, ""call_purpose"": ""requirement"", ""all_languages"": [""Hindi"", ""English""], ""primary_language"": ""Hindi"", ""additional_details"": {""buyer_queries"": [{""query"": ""Do you have HP ink?"", ""category"": ""Availability"", ""sequence"": 1}], ""seller_queries"": []}}, ""products"": [{""in_stock"": ""not sold"", ""product_name"": ""HP Ink"", ""specifications"": [{""name"": ""Brand"", ""value"": ""HP"", ""buyer_requested"": true, ""seller_mentioned"": false}], ""related_categories"": [{""name"": ""Epson Printer Ink"", ""reason"": ""Similar printer consumable category.""}], ""is_buyer_interested"": true, ""most_specific_category"": {""name"": ""Printer Ink"", ""reason"": ""The buyer specifically asked for ink for an HP printer.""}}], ""next_steps"": {""buyer_next_steps"": [], ""seller_next_steps"": []}, ""buyer_details"": {""buyer_name"": ""1b9bd75a1130991379868c1fffb6b7d7fd02118bce96907f97927c5cf1383e91""}, ""seller_details"": {""seller_name"": ""b10331ccefe94749553681574c0849231d86f369d07a63550139defcbf949033""}}",2026-07-29 11:00:40.854,148564282352,29/07/26
12610220,BUYER,186154,"{""payment"": {""payment_mode"": ""cod"", ""payment_details"": ""500 rupees as advance and 4000 rupees plus courier charges as Cash on Delivery.""}, ""callback"": ""callback by Tonight - To confirm the total cost including shipping (Raat ko bata doonga kitna hoga)"", ""lead_tag"": {""deal_blockers"": [], ""deal_readiness"": ""Hot"", ""deal_readiness_reason"": ""The order is confirmed for shipping via COD after an advance payment is made.""}, ""metadata"": {""call_type"": {""type"": ""B2B"", ""reason"": ""The buyer is purchasing multiple printer components (toner cartridges and a drum unit) for business use or resale, involving a formal commercial transaction with advance payment and COD terms."", ""evidence"": {""keywords"": [""Toner Cartridge"", ""Drum Unit"", ""COD"", ""Advance Payment""], ""order_type"": [""bulk"", ""commercial""], ""repeat_buyer"": false, ""buyer_persona"": {""persona_category"": ""retailer""}, ""quantity_scale"": ""Low""}}, ""buyer_intent"": {""narrative"": ""Wants to buy 5 toner cartridges and 1 drum unit for delivery to West Bengal."", ""reasoning"": ""The buyer confirmed the products, prices, and quantity, and agreed to pay an advance to initiate the COD shipment."", ""intent_level"": ""High""}, ""call_outcome"": {""category"": ""Committed"", ""conclusion_notes"": ""Order confirmed for 5 cartridges and 1 drum unit; buyer to share address and pay advance (Address bhejo... advance payment daal dijiye).""}, ""call_purpose"": ""requirement"", ""all_languages"": [""Hindi""], ""primary_language"": ""Hindi"", ""additional_details"": {""buyer_queries"": [{""query"": ""Will the product be returned if it is found to be duplicate or damaged upon delivery?"", ""category"": ""Other"", ""sequence"": 1, ""answer_by_seller"": ""Yes, we will replace it from our end if it arrives damaged.""}, {""query"": ""Can I open the parcel before making the payment?"", ""category"": ""Delivery"", ""sequence"": 2, ""answer_by_seller"": ""The shipping company collects the payment first and then hands over the parcel. They don't allow opening it before payment.""}, {""query"": ""How much will the courier charges be?"", ""category"": ""Pricing"", ""sequence"": 3, ""answer_by_seller"": ""Approximately 450 to 500 rupees including COD charges and freight.""}, {""query"": ""How long will it take to arrive?"", ""category"": ""Delivery"", ""sequence"": 4, ""answer_by_seller"": ""It will take about a week for delivery via COD.""}], ""seller_queries"": [{""query"": ""What is your address and pin code?"", ""category"": ""Location"", ""sequence"": 5, ""answer_by_buyer"": ""West Bengal, 721504.""}, {""query"": ""Do you need 10 pieces or 5 pieces?"", ""category"": ""Quantity"", ""sequence"": 6, ""answer_by_buyer"": ""5 pieces and one drum unit.""}]}, ""intended_application"": ""Printer Maintenance""}, ""products"": [{""price"": {""gst"": {""is_gst_included"": true}, ""value"": 700, ""currency"": ""INR"", ""price_unit"": ""piece"", ""delivery_charge"": {""details"": ""Delivery to West Bengal via COD takes over 7 days."", ""currency"": ""INR"", ""is_delivery_charge_included"": false}, ""buyer_price_reaction"": {""quote"": ""Theek hai rate done hai"", ""category"": ""Accepted""}}, ""in_stock"": ""in stock"", ""product_name"": ""B021 Brother Toner Cartridge"", ""specifications"": [{""name"": ""Model Number"", ""value"": ""B021"", ""buyer_requested"": false, ""seller_mentioned"": true}, {""name"": ""Brand"", ""value"": ""Brother"", ""buyer_requested"": false, ""seller_mentioned"": true}], ""quantity_required"": {""unit"": ""pieces"", ""value"": 5}, ""related_categories"": [{""name"": ""Brother Toner Cartridges"", ""reason"": ""It is a Brother brand toner cartridge.""}, {""name"": ""Compatible Toner Cartridge"", ""reason"": ""Likely a compatible version given the pricing discussion.""}], ""is_buyer_interested"": true, ""most_specific_category"": {""name"": ""Toner Cartridges"", ""reason"": ""The speaker specifically mentions 'B021 Brother Toner Cartridge'.""}, ""seller_accepts_quantity"": true}, {""price"": {""gst"": {""is_gst_included"": true}, ""value"": 1500, ""currency"": ""INR"", ""price_unit"": ""piece"", ""delivery_charge"": {""currency"": ""INR"", ""is_delivery_charge_included"": false}, ""buyer_price_reaction"": {""quote"": ""1500 Drum unit ka price"", ""category"": ""Accepted""}}, ""in_stock"": ""in stock"", ""product_name"": ""Drum Unit"", ""specifications"": [{""name"": ""Compatibility"", ""value"": ""Brother B021"", ""buyer_requested"": false, ""seller_mentioned"": true}], ""quantity_required"": {""unit"": ""piece"", ""value"": 1}, ""related_categories"": [{""name"": ""Toner Cartridge Parts"", ""reason"": ""Drum units are a critical part of the toner cartridge assembly.""}], ""is_buyer_interested"": true, ""most_specific_category"": {""name"": ""Drum Unit"", ""reason"": ""The speaker explicitly uses the term 'Drum Unit' for the printer.""}, ""seller_accepts_quantity"": true}], ""next_steps"": {""buyer_next_steps"": [""To share delivery address on WhatsApp"", ""To make an advance payment of 500 rupees""], ""seller_next_steps"": [""To share bank details for advance payment"", ""To confirm the final total amount including shipping tonight""]}, ""buyer_details"": {""buyer_name"": ""e0c6607b13ad3794f93a9dddfdd1547ddca9022929551e8a22fba7043127ca1b""}, ""seller_details"": {""seller_name"": ""ce8ff7dc1b2bcfabc6ee57b6eaa12ecefb1be783b8b8b8304992aa32eac8d784""}}",2026-07-29 10:40:17.633,148558363867,29/07/26
236268126,BUYER,11323,"{""callback"": ""callback by Monday 1 PM - To confirm stock"", ""lead_tag"": {""deal_blockers"": [], ""deal_readiness"": ""Warm"", ""deal_readiness_reason"": ""Buyer has expressed interest in printed pouches and shared his number for further discussion on WhatsApp""}, ""metadata"": {""call_type"": {""type"": ""B2B"", ""reason"": ""The buyer is inquiring for printed packaging pouches likely for a commercial product being sold through traders, indicating a B2B requirement"", ""evidence"": {""keywords"": [""Printed Packaging"", ""Traders"", ""Packaging Film""], ""order_type"": [""bulk"", ""commercial""], ""repeat_buyer"": false}}, ""buyer_intent"": {""narrative"": ""Wants printed packaging pouches for his product"", ""reasoning"": ""Buyer is asking for printed pouches and is sharing pictures for further discussion"", ""intent_level"": ""Medium""}, ""call_outcome"": {""category"": ""Follow-up"", ""conclusion_notes"": ""Buyer will share the product pictures on WhatsApp for further discussion (Maadi maadi madam)""}, ""call_purpose"": ""requirement"", ""all_languages"": [""Kannada"", ""English""], ""primary_language"": ""Kannada"", ""additional_details"": {""buyer_queries"": [{""query"": ""Do you have printed packaging packets?"", ""category"": ""Specifications"", ""sequence"": 1}], ""seller_queries"": [{""query"": ""What is your product and what will you fill in it?"", ""category"": ""Specifications"", ""sequence"": 2}]}}, ""products"": [{""in_stock"": ""in stock"", ""product_name"": ""Printed Packaging Pouches (Printed Packaging Packet)"", ""related_categories"": [{""name"": ""Packaging Pouch"", ""reason"": ""These are used for packaging various products""}, {""name"": ""Plastic Laminated Pouches"", ""reason"": ""Packaging film mentioned by the seller often refers to laminated structures""}], ""is_buyer_interested"": true, ""most_specific_category"": {""name"": ""Printed Pouches"", ""reason"": ""The buyer specifically asked for printed packaging packets for his product""}}], ""next_steps"": {""buyer_next_steps"": [""To share product photos on WhatsApp""], ""seller_next_steps"": [""To send a ‘Hi' message on WhatsApp"", ""To review the photos and provide a quote""]}, ""buyer_details"": {""buyer_mobile_number"": ""fbe7dbc8db913c4984661e2ad3050256aa68ffb1b9c02dba0d8ff2144e5e6abd""}, ""seller_details"": {""seller_name"": ""68dcb7a229029603231022e599ca688e818706aa4c375a7c22d83f89da094b3e"", ""seller_mobile_number"": ""51fdee6f3be2b763100c05cad8f4933adf88d3baf9555dd398c715eb689e5056""}}",2026-07-29 10:08:11.758,148564047059,29/07/26
161851100,BUYER,154471,"{""callback"": ""callback by Later - To discuss 24 volt hybrid inverter details (Baad mein call karke batati hoon)"", ""lead_tag"": {""deal_blockers"": [], ""deal_readiness"": ""Warm"", ""deal_readiness_reason"": ""The buyer shared contact information and showed specific interest in a hybrid inverter but needs a callback for more details.""}, ""metadata"": {""call_type"": {""type"": ""B2B"", ""reason"": ""The buyer is inquiring about a specific voltage capacity inverter, which is typically for small-scale commercial or residential backup systems. The call focuses on specifications and lead capture."", ""evidence"": {""keywords"": [""24 volt inverter"", ""Hybrid""], ""order_type"": [""commercial""], ""repeat_buyer"": false, ""quantity_scale"": ""Low""}}, ""buyer_intent"": {""narrative"": ""The buyer is looking for a 24V hybrid solar inverter and shared their mobile number for further discussion."", ""reasoning"": ""The buyer has a specific requirement (24V Hybrid) and promptly shared contact details to continue the transaction."", ""intent_level"": ""High""}, ""call_outcome"": {""category"": ""Follow-up"", ""conclusion_notes"": ""The buyer shared his contact number and the seller will call back to discuss further (Maine number diya hai, call karke bataiyega).""}, ""call_purpose"": ""requirement"", ""all_languages"": [""Hindi"", ""English""], ""primary_language"": ""Hindi"", ""additional_details"": {""buyer_queries"": [{""query"": ""Do you have a 24-volt inverter?"", ""category"": ""Availability"", ""sequence"": 1}, {""query"": ""Do you have it in a hybrid model?"", ""category"": ""Specifications"", ""sequence"": 2}], ""seller_queries"": [{""query"": ""Do you need it in a hybrid model?"", ""category"": ""Specifications"", ""sequence"": 3}, {""query"": ""What is your contact number for a callback?"", ""category"": ""Other"", ""sequence"": 4}]}}, ""products"": [{""in_stock"": ""in stock"", ""product_name"": ""24 Volt Hybrid Inverter"", ""specifications"": [{""name"": ""Voltage"", ""unit"": ""V"", ""value"": ""24"", ""buyer_requested"": true, ""seller_mentioned"": false}, {""name"": ""Inverter Type"", ""value"": ""Hybrid"", ""buyer_requested"": true, ""seller_mentioned"": true}], ""related_categories"": [{""name"": ""Solar Inverter"", ""reason"": ""Hybrid inverters are a specialized type of solar inverters.""}], ""is_buyer_interested"": true, ""most_specific_category"": {""name"": ""Hybrid Solar Inverter"", ""reason"": ""The buyer explicitly asked for a 'hybrid' model of the inverter.""}}], ""next_steps"": {""buyer_next_steps"": [""To discuss requirements during the seller's callback""], ""seller_next_steps"": [""To call back on 8756199727 to provide product details and pricing""]}, ""buyer_details"": {""buyer_mobile_number"": ""be71e481f362717e11495d4d206ed159bcc2cac41e4ae0a12f237e35d1e1381d""}, ""seller_details"": {""seller_name"": ""6bea316faab15597acd31ad97a6bb32dc2e50967434eae81eed30a233eb9742f""}}",2026-07-29 09:52:20.472,148564941446,29/07/26
10278277,BUYER,121218,"{""callback"": ""callback by Tomorrow 5 PM - To finalize (Kal 5 baje call karta hoon)"", ""lead_tag"": {""deal_blockers"": [{""detail"": ""Buyer claims another brand is cheaper"", ""category"": ""Price""}], ""deal_readiness"": ""Warm"", ""deal_readiness_reason"": ""Buyer is comparing prices with competitor brands and will decide tomorrow.""}, ""metadata"": {""call_type"": {""type"": ""B2B"", ""reason"": ""The buyer is inquiring about specific industrial/construction grade PVC pipes (HMS) which are usually bought for commercial or resale purposes."", ""evidence"": {""keywords"": [""HMS"", ""Bansal Pipe"", ""PVC Pipe""], ""buyer_persona"": {""persona_category"": ""retailer""}}}, ""buyer_intent"": {""narrative"": ""Wants to purchase 25mm HMS PVC pipes but is comparing prices with Polycab."", ""reasoning"": ""Buyer specifically asked for HMS grade and a particular size but expressed price concerns compared to another brand."", ""intent_level"": ""Medium""}, ""call_outcome"": {""category"": ""Follow-up"", ""conclusion_notes"": ""Buyer will check competitor rates and get back (Polycab ka rate leta hoon)""}, ""call_purpose"": ""requirement"", ""all_languages"": [""Hindi"", ""English""], ""primary_language"": ""Hindi"", ""additional_details"": {""buyer_queries"": [{""query"": ""Do you keep Polycab or Bansal pipes?"", ""category"": ""Specifications"", ""sequence"": 1, ""answer_by_seller"": ""We only keep Bansal pipes.""}, {""query"": ""What is the price for 25mm HMS pipe?"", ""category"": ""Pricing"", ""sequence"": 2, ""answer_by_seller"": ""73 Rupees per piece.""}], ""seller_queries"": [{""query"": ""Which type of 25mm pipe do you need - LMS, MMS, or HMS?"", ""category"": ""Specifications"", ""sequence"": 3, ""answer_by_buyer"": ""HMS (Heavy Mechanical Stress).""}]}}, ""products"": [{""price"": {""value"": 73, ""currency"": ""INR"", ""price_unit"": ""piece"", ""buyer_price_reaction"": {""quote"": ""Bahut mehnga bata rahe hain (You are telling a very high price)"", ""category"": ""Negotiating""}}, ""in_stock"": ""in stock"", ""product_name"": ""Bansal PVC Pipe (HMS)"", ""specifications"": [{""name"": ""Size"", ""unit"": ""mm"", ""value"": ""25"", ""buyer_requested"": true, ""seller_mentioned"": true}, {""name"": ""Grade"", ""value"": ""HMS"", ""buyer_requested"": true, ""seller_mentioned"": true}, {""name"": ""Brand"", ""value"": ""Bansal"", ""buyer_requested"": false, ""seller_mentioned"": true}], ""related_categories"": [{""name"": ""Electrical Conduit"", ""reason"": ""HMS pipes are heavy-duty conduits used in electrical installations.""}], ""is_buyer_interested"": true, ""most_specific_category"": {""name"": ""PVC Conduit Pipes"", ""reason"": ""The product is a 25mm HMS PVC pipe typically used as an electrical conduit for mechanical protection.""}}], ""next_steps"": {""buyer_next_steps"": [""To check current Polycab market rates"", ""To call back tomorrow to finalize""], ""seller_next_steps"": [""To provide updated price list if requested""]}, ""buyer_details"": {""buyer_name"": ""28716f5e99d3c20d5bff5082b8fa4c7197a2360d55156f04f0302d4f7db21f0f""}, ""seller_details"": {""seller_name"": ""c6a68fd634ff771058ad4fcb384a6886542de09d7ecf184668f1fc2506a64d3e""}}",2026-07-29 09:45:40.013,148548412595,29/07/26
272452778,BUYER,7373,"{""callback"": ""callback by Tomorrow 10 AM - To confirm the night suit catalog details and pricing (Kal subah 10 baje call karta hoon catalog discuss karne ke liye)"", ""lead_tag"": {""deal_blockers"": [{""detail"": ""Buyer needs 10 pieces but bulk price requires minimum 20 pieces"", ""category"": ""MOQ""}], ""deal_readiness"": ""Warm"", ""deal_readiness_reason"": ""Buyer shared quantity and contact details but needs to review the catalog before finalizing the order.""}, ""metadata"": {""call_type"": {""type"": ""B2B"", ""reason"": ""The buyer is inquiring about bulk pricing and set-to-set quantities, indicating a resale or business purpose."", ""evidence"": {""keywords"": [""Set to set"", ""Starting range"", ""Bulk quantity""], ""order_type"": [""bulk"", ""commercial""], ""repeat_buyer"": false, ""buyer_persona"": {""persona_category"": ""retailer""}, ""quantity_scale"": ""Low""}}, ""buyer_intent"": {""narrative"": ""Wants to purchase 10 night suits and is interested in bulk pricing for Kerala delivery."", ""reasoning"": ""The buyer provided a specific quantity, shared their mobile number for a catalog, and inquired about starting price ranges."", ""intent_level"": ""High""}, ""call_outcome"": {""category"": ""Follow-up"", ""conclusion_notes"": ""Seller will share the product catalog on WhatsApp for the buyer to select designs (WhatsApp par catalog share karta hoon).""}, ""call_purpose"": ""requirement"", ""all_languages"": [""English"", ""Hindi""], ""primary_language"": ""English"", ""additional_details"": {""buyer_queries"": [{""query"": ""Can you provide details about your night suits?"", ""category"": ""Specifications"", ""sequence"": 1, ""answer_by_seller"": ""I will share the catalog on your WhatsApp number.""}, {""query"": ""What is your starting rate?"", ""category"": ""Pricing"", ""sequence"": 3, ""answer_by_seller"": ""Our starting range for night suits is 430.""}], ""seller_queries"": [{""query"": ""What is your WhatsApp number?"", ""category"": ""Other"", ""sequence"": 2, ""answer_by_buyer"": ""9895971793""}, {""query"": ""How much quantity do you want?"", ""category"": ""Quantity"", ""sequence"": 4, ""answer_by_buyer"": ""10 pieces.""}]}, ""intended_application"": ""Retail Resale""}, ""products"": [{""price"": {""value"": 430, ""currency"": ""INR"", ""price_unit"": ""piece"", ""offer_details"": ""400 per piece if ordered set-to-set or above 20 pieces""}, ""in_stock"": ""in stock"", ""product_name"": ""Night Suits"", ""quantity_required"": {""unit"": ""pieces"", ""value"": 10}, ""related_categories"": [{""name"": ""Nightwear"", ""reason"": ""Night suits fall under the broader category of nightwear.""}, {""name"": ""Ladies Night Dress"", ""reason"": ""The product inquiry is for night suits which are often categorized as ladies night dress.""}], ""is_buyer_interested"": true, ""most_specific_category"": {""name"": ""Night Suits"", ""reason"": ""The buyer specifically asked for details and rates for night suits.""}, ""seller_accepts_quantity"": true}], ""next_steps"": {""buyer_next_steps"": [""To review the catalog sent on WhatsApp"", ""To confirm the final quantity after checking designs""], ""seller_next_steps"": [""To share the night suit catalog on WhatsApp"", ""To confirm the availability of 10 pieces for the buyer""]}, ""buyer_details"": {""buyer_location"": {""buyer_state"": ""Kerala""}, ""buyer_mobile_number"": ""b2848fa904eb754d4a5271eae42768f7a5637fc8f1af30173a8a29b2909732d1""}, ""seller_details"": {""seller_mobile_number"": ""b2848fa904eb754d4a5271eae42768f7a5637fc8f1af30173a8a29b2909732d1""}}",2026-07-29 09:18:17.865,148564401359,29/07/26
81686644,BUYER,30209,"{""lead_tag"": {""deal_blockers"": [], ""deal_readiness"": ""Warm"", ""deal_readiness_reason"": ""Visiting Tirupur next week to physical check and finalize order.""}, ""metadata"": {""call_type"": {""type"": ""B2B"", ""reason"": ""The buyer is acquiring machinery for a t-shirt printing business and plans to visit the manufacturing unit."", ""evidence"": {""keywords"": [""DTF Printing"", ""T-shirt printing"", ""Manufacturer"", ""Factory Visit""], ""order_type"": [""commercial""], ""repeat_buyer"": false, ""buyer_persona"": {""persona_detail"": ""T-shirt Printing Business"", ""persona_category"": ""retailer""}}}, ""buyer_intent"": {""narrative"": ""Looking for 16/24 size heat press machine for DTF t-shirt printing."", ""reasoning"": ""Clear specifications, intent to visit factory, and shared contact details for immediate follow-up."", ""intent_level"": ""High""}, ""call_outcome"": {""category"": ""Follow-up"", ""conclusion_notes"": ""Agreed to meet in Tirupur next week to finalize purchase (Next week Tirupur visit panni order place paniduvom).""}, ""call_purpose"": ""requirement"", ""all_languages"": [""Tamil"", ""English""], ""primary_language"": ""Tamil"", ""additional_details"": {""buyer_queries"": [{""query"": ""Do you have 16/24 heat press machine for DTF printing?"", ""category"": ""Availability"", ""sequence"": 1, ""answer_by_seller"": ""Yes, we are the manufacturers.""}, {""query"": ""Can you share the catalog and price?"", ""category"": ""Pricing"", ""sequence"": 3, ""answer_by_seller"": ""I will send the catalog and machine prices to your number.""}], ""seller_queries"": [{""query"": ""Do you want manual or automatic machine?"", ""category"": ""Specifications"", ""sequence"": 2, ""answer_by_buyer"": ""I don't have an idea yet, will check both and decide.""}, {""query"": ""When are you coming to Tirupur?"", ""category"": ""Location"", ""sequence"": 4, ""answer_by_buyer"": ""Coming next week Friday night, will visit Saturday morning.""}]}, ""intended_application"": ""T-shirt Printing Business""}, ""products"": [{""in_stock"": ""in stock"", ""product_name"": ""Heat Press Machine"", ""specifications"": [{""name"": ""Size"", ""unit"": ""inch"", ""value"": ""16/24"", ""buyer_requested"": true, ""seller_mentioned"": false}, {""name"": ""Application"", ""value"": ""DTF printing"", ""buyer_requested"": true, ""seller_mentioned"": false}, {""name"": ""Operation Type"", ""value"": ""Manual"", ""buyer_requested"": false, ""seller_mentioned"": true}], ""related_categories"": [{""name"": ""T-Shirt Printing Machine"", ""reason"": ""The machine is intended for printing on t-shirts.""}, {""name"": ""Digital T-Shirt Printing Machine"", ""reason"": ""The buyer mentioned it was for DTF (Direct to Film) printing, a digital method.""}], ""is_buyer_interested"": true, ""most_specific_category"": {""name"": ""Heat Press Machine"", ""reason"": ""The buyer specifically asked for a 'heat press machine' for t-shirt printing.""}}, {""in_stock"": ""in stock"", ""product_name"": ""Automatic Heat Press Machine"", ""specifications"": [{""name"": ""Operation Type"", ""value"": ""Automatic"", ""buyer_requested"": false, ""seller_mentioned"": true}, {""name"": ""Size"", ""unit"": ""inch"", ""value"": ""16/24"", ""buyer_requested"": true, ""seller_mentioned"": false}], ""related_categories"": [{""name"": ""T-Shirt Printing Machine"", ""reason"": ""Used in the context of t-shirt printing requirements.""}], ""is_buyer_interested"": true, ""most_specific_category"": {""name"": ""Heat Press Machine"", ""reason"": ""The seller noted they manufacture automatic versions of the heat press.""}}], ""next_steps"": {""buyer_next_steps"": [""To visit Tirupur branch next week"", ""To review catalog and pricing shared over WhatsApp""], ""seller_next_steps"": [""To share catalog and machine prices on WhatsApp"", ""To share Tirupur branch location and contact person details""]}, ""buyer_details"": {""buyer_name"": ""a1cdb3f45e89985cc3c5a1a453eda6eb775796b2cb0110634c32fd5cf2c0b3b1"", ""buyer_mobile_number"": ""366d3d38d45a0f62abda19845ad8a410af4d32e97edb311707110aee271c8c52""}, ""seller_details"": {}}",2026-07-29 09:15:33.557,148564299059,29/07/26
81686644,BUYER,30209,"{""callback"": ""callback by Today - To provide pricing and quotation details (Call karwate hain)"", ""lead_tag"": {""deal_blockers"": [], ""deal_readiness"": ""Warm"", ""deal_readiness_reason"": ""The buyer has a specific product and size requirement but needs a quotation to finalize.""}, ""metadata"": {""call_type"": {""type"": ""B2B"", ""reason"": ""The buyer is inquiring about a specific DTF heat press machine, likely for business use in garment customization."", ""evidence"": {""order_type"": [""commercial""], ""quantity_scale"": ""Low""}}, ""buyer_intent"": {""narrative"": ""Looking to purchase a DTF heat press machine of 16x24 size."", ""reasoning"": ""The buyer has specific technical requirements for the machine type (DTF) and size (16x24)."", ""intent_level"": ""High""}, ""call_outcome"": {""category"": ""Follow-up"", ""conclusion_notes"": ""The salesperson will call back with the quotation (Sir ko pata hoga, call karwate hain).""}, ""call_purpose"": ""requirement"", ""all_languages"": [""Kannada"", ""English""], ""primary_language"": ""Kannada"", ""additional_details"": {""buyer_queries"": [{""query"": ""Is the DTF heat press machine available?"", ""category"": ""Specifications"", ""sequence"": 1}, {""query"": ""What is the price of the 16x24 heat press machine?"", ""category"": ""Pricing"", ""sequence"": 2}], ""seller_queries"": [{""query"": ""What is your contact number?"", ""category"": ""Other"", ""sequence"": 3}]}}, ""products"": [{""in_stock"": ""in stock"", ""product_name"": ""DTF Heat Press Machine"", ""specifications"": [{""name"": ""Size"", ""unit"": ""inch"", ""value"": ""16x24"", ""buyer_requested"": true, ""seller_mentioned"": false}], ""related_categories"": [{""name"": ""Heat Transfer Machine"", ""reason"": ""Heat press machines are a type of heat transfer equipment.""}, {""name"": ""Digital T-Shirt Printing Machine"", ""reason"": ""DTF heat presses are commonly used as part of a digital t-shirt printing setup.""}], ""is_buyer_interested"": true, ""most_specific_category"": {""name"": ""Heat Press Machine"", ""reason"": ""The buyer explicitly asked for a 'Heat Press Machine' for DTF applications.""}}, {""in_stock"": ""in stock"", ""product_name"": ""16x24 Heat Press Machine"", ""specifications"": [{""name"": ""Size"", ""unit"": ""inch"", ""value"": ""16x24"", ""buyer_requested"": true, ""seller_mentioned"": false}], ""related_categories"": [{""name"": ""Heat Press Machine"", ""reason"": ""The product is a standard heat press used for textile transfers.""}], ""is_buyer_interested"": true, ""most_specific_category"": {""name"": ""Heat Transfer Machine"", ""reason"": ""Heat press machines used for DTF transfers fall under heat transfer machinery.""}}], ""next_steps"": {""buyer_next_steps"": [""To wait for a callback from the salesperson with a quotation.""], ""seller_next_steps"": [""To have the relevant person call the buyer back with pricing for the 16x24 heat press machine.""]}, ""buyer_details"": {""buyer_name"": ""a1cdb3f45e89985cc3c5a1a453eda6eb775796b2cb0110634c32fd5cf2c0b3b1"", ""buyer_mobile_number"": ""366d3d38d45a0f62abda19845ad8a410af4d32e97edb311707110aee271c8c52""}, ""seller_details"": {""seller_name"": ""28549b999088b639bab5d1643721431d00edebb01a5ea46f2f080bc408d587a5""}}",2026-07-29 09:13:21.321,148564299059,29/07/26
56073870,BUYER,140884,"{""callback"": ""callback by Tomorrow 10 AM - To discuss requirements (Kal 10 baje call karta hoon)"", ""lead_tag"": {""deal_blockers"": [], ""deal_readiness"": ""Warm"", ""deal_readiness_reason"": ""The caller is interested in discussing requirements tomorrow morning.""}, ""metadata"": {""call_type"": {""type"": ""B2B"", ""reason"": ""The interaction originates from a B2B platform (IndiaMART) for construction-related products typical of B2B transactions."", ""evidence"": {""order_type"": [""commercial""], ""repeat_buyer"": false}}, ""buyer_intent"": {""narrative"": ""The buyer is inquiring about roofing or cement products but wants to discuss later."", ""reasoning"": ""The buyer initiated contact via IndiaMART and agreed to a specific callback to discuss requirements."", ""intent_level"": ""Medium""}, ""call_outcome"": {""category"": ""Follow-up"", ""conclusion_notes"": ""Agreed to talk tomorrow morning at 10 AM (Kal 10 baje call karta hoon)""}, ""call_purpose"": ""requirement"", ""all_languages"": [""Hindi"", ""English""], ""primary_language"": ""Hindi"", ""additional_details"": {""buyer_queries"": [], ""seller_queries"": [{""query"": ""What do you need?"", ""category"": ""Availability"", ""sequence"": 1}]}}, ""products"": [{""product_name"": ""Roofing Sheets (General)"", ""related_categories"": [{""name"": ""Roofing Sheets"", ""reason"": ""The buyer's inquiry via IndiaMART was linked to roofing/cement categories.""}, {""name"": ""Cement Roofing Sheets"", ""reason"": ""The buyer expressed initial interest in cement or roofing products.""}], ""is_buyer_interested"": true}], ""next_steps"": {""buyer_next_steps"": [""To take the call at 10 AM tomorrow""], ""seller_next_steps"": [""To call at 10 AM tomorrow to discuss product requirements""]}, ""buyer_details"": {""buyer_name"": ""42b5bf6a3fa51849bc05c7050141a81591133b5f470cdef4ff6628e1222ff0a1""}, ""seller_details"": {""seller_name"": ""db0683221aebc02cc034b65ebcf7d1bddd1eb199e33fd23a31931947d13a11bc""}}",2026-07-29 08:57:21.660,148564947963,29/07/26
97731465,BUYER,34327,"{""payment"": {}, ""callback"": """", ""lead_tag"": {""deal_blockers"": [{""detail"": ""Seller does not have ink for the specified printer model"", ""category"": ""Availability""}], ""deal_readiness"": ""Cold"", ""deal_readiness_reason"": ""The seller doesn't deal in the requested printer's ink.""}, ""metadata"": {""call_type"": {""type"": ""B2C"", ""reason"": ""The buyer was looking for a specific printer ink for professional use (vinyl sheets) but the seller confirmed it is not available."", ""evidence"": {""keywords"": [""Vinyl sheet printing""], ""order_type"": [""one-time""], ""buyer_persona"": {""persona_detail"": ""Printer User"", ""persona_category"": ""other""}}}, ""buyer_intent"": {""narrative"": ""Wants ink for HP Smart Tank 525 printer for vinyl sheet printing."", ""reasoning"": ""Buyer had specific printer model and an intended application for the ink."", ""intent_level"": ""High""}, ""call_outcome"": {""category"": ""Lost"", ""conclusion_notes"": ""Seller does not have the required product (Uskal ink nahi hai).""}, ""call_purpose"": ""requirement"", ""all_languages"": [""Hindi"", ""English""], ""primary_language"": ""Hindi"", ""additional_details"": {""buyer_queries"": [{""query"": ""Do you have ink for HP Smart Tank 525?"", ""category"": ""Availability"", ""sequence"": 1, ""answer_by_seller"": ""No we don't have it.""}], ""seller_queries"": []}, ""intended_application"": ""Vinyl Sheet Printing""}, ""products"": [{""in_stock"": ""not sold"", ""product_name"": ""HP Smart Tank 525 Ink"", ""specifications"": [{""name"": ""Compatibility"", ""value"": ""HP Smart Tank 525"", ""buyer_requested"": true, ""seller_mentioned"": false}, {""name"": ""Application"", ""value"": ""Vinyl Sheet printing"", ""buyer_requested"": false, ""seller_mentioned"": false}], ""related_categories"": [{""name"": ""Printer Ink"", ""reason"": ""Used in printers for printing applications.""}, {""name"": ""Pigment Ink"", ""reason"": ""Commonly used for specialized printing like vinyl.""}], ""is_buyer_interested"": true, ""most_specific_category"": {""name"": ""Inkjet Ink"", ""reason"": ""The buyer requested ink for a Smart Tank printer, which uses inkjet technology.""}}], ""next_steps"": {""buyer_next_steps"": [], ""seller_next_steps"": []}, ""buyer_details"": {""buyer_name"": ""1b9bd75a1130991379868c1fffb6b7d7fd02118bce96907f97927c5cf1383e91"", ""buyer_mobile_number"": ""553b84b83c5354028ec39475aa4315175bafd476d45b637aaa1dff42da71705b""}, ""seller_details"": {""seller_name"": ""b10331ccefe94749553681574c0849231d86f369d07a63550139defcbf949033""}}",2026-07-29 08:52:28.996,148564282352,29/07/26
61718507,BUYER,191018,"{""callback"": ""callback by Sometime today - To send new prints (Mein aapko nayi prints bhejta hoon)"", ""lead_tag"": {""deal_blockers"": [], ""deal_readiness"": ""Warm"", ""deal_readiness_reason"": ""The buyer shows genuine interest in looking at new prints for a recurring purchase requirement. ""}, ""metadata"": {""call_type"": {""type"": ""B2B"", ""reason"": ""The buyer and seller have a previous business relationship, and the buyer is inquiring about new stock/prints for their business."", ""evidence"": {""keywords"": [""Capsule Print"", ""New Designs""], ""order_type"": [""recurring""], ""repeat_buyer"": true, ""buyer_persona"": {""persona_category"": ""retailer""}}}, ""buyer_intent"": {""narrative"": ""The buyer is looking for capsule rayon fabric with new prints."", ""reasoning"": ""The buyer specifically asked for new designs in capsule print and has previously interacted with the seller for fabric requirements."", ""intent_level"": ""High""}, ""call_outcome"": {""category"": ""Follow-up"", ""conclusion_notes"": ""The seller agreed to send images of new prints on WhatsApp (Nayi print bhejta hoon).""}, ""call_purpose"": ""requirement"", ""all_languages"": [""Hindi"", ""English""], ""primary_language"": ""Hindi"", ""additional_details"": {""buyer_queries"": [{""query"": ""Are there any new prints in Capsule fabric?"", ""category"": ""Availability"", ""sequence"": 1, ""answer_by_seller"": ""Yes, I have around 30 to 35 new designs in Capsule Print available.""}], ""seller_queries"": [{""query"": ""Did you check the photos I sent?"", ""category"": ""Specifications"", ""sequence"": 2, ""answer_by_buyer"": ""Those are old prints, please send the latest ones.""}]}}, ""products"": [{""in_stock"": ""in stock"", ""product_name"": ""Capsule Printed Rayon Fabric"", ""specifications"": [{""name"": ""Print"", ""value"": ""Capsule"", ""buyer_requested"": true, ""seller_mentioned"": true}], ""related_categories"": [{""name"": ""Rayon Fabrics"", ""reason"": ""Capsule is a sub-type of Rayon fabric.""}, {""name"": ""Printed Fabrics"", ""reason"": ""The buyer specifically requested for new print designs.""}], ""is_buyer_interested"": true, ""most_specific_category"": {""name"": ""Printed Rayon Fabric"", ""reason"": ""The buyer is specifically asking for 'Capsule' print which is a popular category of printed rayon fabric.""}}], ""next_steps"": {""buyer_next_steps"": [""To review the new capsule print designs shared by the seller.""], ""seller_next_steps"": [""To send 30-35 images of newest capsule print designs on WhatsApp.""]}, ""buyer_details"": {""buyer_name"": ""4183ac4c8fe6969855d033d804ab4f4e8f2c095a06edb1a903626c6d468d9094""}, ""seller_details"": {""seller_name"": ""6bc9e70e253bcf5fa268b4cb73ac02604897a0008528229d3ac280dee5d023e5""}}",2026-07-29 08:35:58.307,148558175395,29/07/26
118418273,BUYER,30030,"{""payment"": {}, ""callback"": ""callback by [Time/Date IST] - [Context]"", ""lead_tag"": {""deal_blockers"": [{""detail"": ""Conversation moved to WhatsApp before finalizing"", ""category"": ""Other""}], ""deal_readiness"": ""Warm"", ""deal_readiness_reason"": ""Buyer specifically inquired for GT 730 model and received a price quote, moving to WhatsApp for details.""}, ""metadata"": {""call_type"": {""type"": ""B2B"", ""reason"": ""The buyer is inquiring about a specific computer component commonly traded in the IT retail/resale market."", ""evidence"": {""keywords"": [""Zebronics"", ""GT 730"", ""Graphics Card""], ""order_type"": [""commercial""], ""buyer_persona"": {""persona_category"": ""retailer""}, ""quantity_scale"": ""Low""}}, ""buyer_intent"": {""narrative"": ""Buyer is looking for a Zebronics GT 730 graphics card and confirmed the price."", ""reasoning"": ""The buyer knew the specific model (GT 730) and actively asked for the brand and price."", ""intent_level"": ""High""}, ""call_outcome"": {""category"": ""Follow-up"", ""conclusion_notes"": ""Moving the conversation to WhatsApp for further details (WhatsApp par aao).""}, ""call_purpose"": ""requirement"", ""all_languages"": [""Hindi"", ""English""], ""primary_language"": ""Hindi"", ""additional_details"": {""buyer_queries"": [{""query"": ""I need a graphics card for my GT 730."", ""category"": ""Specifications"", ""sequence"": 1}, {""query"": ""What is the price of the GT 730 graphics card?"", ""category"": ""Pricing"", ""sequence"": 2}, {""query"": ""Which brand is it?"", ""category"": ""Specifications"", ""sequence"": 3}], ""seller_queries"": [{""query"": ""What is your WhatsApp number?"", ""category"": ""Other"", ""sequence"": 4}]}, ""intended_application"": ""IT Resale""}, ""products"": [{""price"": {""value"": 3000, ""currency"": ""INR""}, ""in_stock"": ""in stock"", ""product_name"": ""Zebronics GT 730 Graphics card"", ""specifications"": [{""name"": ""Model Number"", ""value"": ""GT 730"", ""buyer_requested"": true, ""seller_mentioned"": true}, {""name"": ""Brand"", ""value"": ""Zebronics"", ""buyer_requested"": true, ""seller_mentioned"": true}], ""related_categories"": [{""name"": ""NVIDIA Graphics Card"", ""reason"": ""GT 730 is a specific chipset model from NVIDIA often used by brands like Zebronics.""}], ""is_buyer_interested"": true, ""most_specific_category"": {""name"": ""Graphics Card"", ""reason"": ""The discussion explicitly centers on a GT 730 graphics card.""}}], ""next_steps"": {""buyer_next_steps"": [""To connect on WhatsApp for product details""], ""seller_next_steps"": [""To share product photos or catalog on WhatsApp""]}, ""buyer_details"": {""buyer_name"": ""4e04d109a3a7a0460ad2dfd95a4f0faa145f3249bee9f371f8204d16c01d4921""}, ""seller_details"": {""seller_mobile_number"": ""e73b223c6bb5ea1c0e39019b8ebcb479d29f9a0fd5c0f70a35eef456bd274968""}}",2026-07-29 08:34:22.234,148558298046,29/07/26
98467198,BUYER,11200,"{""lead_tag"": {""deal_blockers"": [], ""deal_readiness"": ""Warm"", ""deal_readiness_reason"": ""Buyer asked for product details and provided a phone number for further communication.""}, ""metadata"": {""call_type"": {""type"": ""B2B"", ""reason"": ""The buyer was asking about the price and quantity of ghee diyas, which is likely for a B2B context."", ""evidence"": {""keywords"": [""Ghee Diya"", ""Wholesale""], ""order_type"": [""commercial""], ""quantity_scale"": ""High""}}, ""buyer_intent"": {""narrative"": ""The buyer is inquiring about the price and quantity of round ghee diyas."", ""reasoning"": ""The buyer has a specific product in mind and is asking for the price and pieces per kilogram."", ""intent_level"": ""Medium""}, ""call_outcome"": {""category"": ""Follow-up"", ""conclusion_notes"": ""Buyer requested product details and provided his phone number (detail bhej sakte ho, number likhvau)""}, ""call_purpose"": ""requirement"", ""all_languages"": [""Hindi"", ""Gujarati""], ""primary_language"": ""Hindi"", ""additional_details"": {""buyer_queries"": [{""query"": ""What is the rate?"", ""category"": ""Pricing"", ""sequence"": 1}, {""query"": ""How many pieces will come in a kilogram?"", ""category"": ""Quantity"", ""sequence"": 2}, {""query"": ""How will the payment be made?"", ""category"": ""Specifications"", ""sequence"": 3}], ""seller_queries"": []}}, ""products"": [{""price"": {""value"": 380, ""currency"": ""INR"", ""price_unit"": ""kg""}, ""in_stock"": ""in stock"", ""product_name"": ""Round Ghee Diya"", ""specifications"": [{""name"": ""Shape"", ""value"": ""round"", ""buyer_requested"": true, ""seller_mentioned"": false}, {""name"": ""Quantity per kg"", ""value"": ""10,000+"", ""buyer_requested"": false, ""seller_mentioned"": true}], ""related_categories"": [{""name"": ""Pooja Articles"", ""reason"": ""Ghee diyas are a common item used in Hindu pooja rituals.""}], ""is_buyer_interested"": true, ""most_specific_category"": {""name"": ""Ghee Diya"", ""reason"": ""The product discussed is round ghee diyas, as explicitly mentioned by the buyer.""}}], ""next_steps"": {""buyer_next_steps"": [""To receive product details on WhatsApp""], ""seller_next_steps"": [""To share product details on the provided number""]}, ""buyer_details"": {""buyer_name"": ""97a059acc29e6631d0ea4d55c548097a4f8fcbddb45b4e4833f1ad51637e2f68"", ""buyer_mobile_number"": ""e97b036e27ec6196246ccf9fbfa0bb0b8a9a7c5369931e355c094da662959ef0""}, ""seller_details"": {""seller_name"": ""9e681630f917327445198eac1ea4a14c57a2092839c7b54c08a8d599c0c52c89"", ""seller_location"": {""seller_city"": ""Ahmedabad""}}}",2026-07-29 08:13:29.282,148564943152,29/07/26
263598710,BUYER,137164,"{""callback"": ""callback by Today - To get table top stirrer demo (Table top wala clean se aakar ke up-to-date marke de dunga)"", ""lead_tag"": {""deal_blockers"": [], ""deal_readiness"": ""Hot"", ""deal_readiness_reason"": ""Ready to buy and asking for a demo to finalize the product model.""}, ""metadata"": {""call_type"": {""type"": ""B2B"", ""reason"": ""The buyer is inquiring about high-speed stirrers for specific applications, discussing multiple models and prices, indicating a B2B business requirement."", ""evidence"": {""keywords"": [""Rose Box"", ""Table Top Stirrer"", ""Commercial Use""], ""order_type"": [""commercial""], ""quantity_scale"": ""Low""}}, ""buyer_intent"": {""narrative"": ""Wants a high speed stirrer for industrial or commercial use in Bengaluru."", ""reasoning"": ""The buyer is negotiating price and discussing physical demo of multiple models including table top stirrers."", ""intent_level"": ""High""}, ""call_outcome"": {""category"": ""Follow-up"", ""conclusion_notes"": ""Seller will provide a demo of the table top model (Table top dikha dunga up-to-date karke).""}, ""call_purpose"": ""requirement"", ""all_languages"": [""Kannada"", ""Hindi"", ""English""], ""primary_language"": ""Kannada"", ""additional_details"": {""buyer_queries"": [{""query"": ""Can you give a lower price?"", ""category"": ""Pricing"", ""sequence"": 1}], ""seller_queries"": [{""query"": ""Do you need the rose box model?"", ""category"": ""Specifications"", ""sequence"": 2}]}}, ""products"": [{""price"": {""value"": 1950, ""currency"": ""INR"", ""price_unit"": ""piece"", ""buyer_price_reaction"": {""quote"": ""Thoda kam karke dena (Give it for a lower price)"", ""category"": ""Negotiating""}}, ""in_stock"": ""in stock"", ""product_name"": ""Rose Box High Speed Stirrer"", ""specifications"": [{""name"": ""Model"", ""value"": ""Rose Box"", ""buyer_requested"": false, ""seller_mentioned"": true}, {""name"": ""Capacity"", ""value"": ""1.5"", ""buyer_requested"": false, ""seller_mentioned"": true}], ""is_buyer_interested"": true, ""most_specific_category"": {""name"": ""High Speed Stirrer"", ""reason"": ""The call explicitly mentions a high speed stirrer with a rose box and motor specifications.""}}, {""in_stock"": ""in stock"", ""product_name"": ""Table Top Stirrer"", ""specifications"": [{""name"": ""Type"", ""value"": ""Table Top"", ""buyer_requested"": false, ""seller_mentioned"": true}], ""is_buyer_interested"": true, ""most_specific_category"": {""name"": ""High Speed Stirrer"", ""reason"": ""Discussed as an alternative option for cleaner operation.""}}], ""next_steps"": {""buyer_next_steps"": [""To check the demo of the table top stirrer model""], ""seller_next_steps"": [""To provide a demo and set up the table top stirrer for the buyer""]}, ""buyer_details"": {""buyer_name"": ""b816a16cd03774e0cefac03765680a33365d0b16060f67a2f7382a844f9c664f"", ""buyer_mobile_number"": ""44ff0bcfc8c24e51f6cf34925b7bc5de4b3d4106c9136e47ca56e007d03e52eb""}, ""seller_details"": {""seller_name"": ""eb2a27e815933025f8a75e760a2efd847ebf3889d302e155efaa98bee577c379""}}",2026-07-29 08:11:23.212,148564917167,29/07/26
61718507,BUYER,191018,"{""callback"": ""callback by in 1-2 days - To discuss product details after sharing catalogs (ek-do din mein aata hoon)"", ""lead_tag"": {""deal_blockers"": [], ""deal_readiness"": ""Hot"", ""deal_readiness_reason"": ""Urgent requirement for Saudi Arabia export, planning to visit Surat in 1-2 days""}, ""metadata"": {""call_type"": {""type"": ""B2B"", ""reason"": ""The buyer is looking for specific fabrics for export to Saudi Arabia, indicating bulk commercial intent."", ""evidence"": {""keywords"": [""Export Quality"", ""Saudi Arabia"", ""Vatican Fabric""], ""order_type"": [""commercial"", ""bulk""], ""repeat_buyer"": true, ""buyer_persona"": {""persona_detail"": ""Exporter"", ""persona_category"": ""wholesaler""}, ""quantity_scale"": ""High""}}, ""buyer_intent"": {""narrative"": ""Wants to buy 60-60 capsule and Vatican fabrics for exporting to Saudi Arabia"", ""reasoning"": ""Buyer has specific technical requirements like 58-inch width and intent to export to Riyadh"", ""intent_level"": ""High""}, ""call_outcome"": {""category"": ""Follow-up"", ""conclusion_notes"": ""Will visit Surat in a day or two after reviewing photos (Main ek-do din mein aata hoon)""}, ""call_purpose"": ""requirement"", ""all_languages"": [""Hindi"", ""English""], ""primary_language"": ""Hindi"", ""additional_details"": {""buyer_queries"": [{""query"": ""Do you have 60-60 fabric?"", ""category"": ""Specifications"", ""sequence"": 1}, {""query"": ""Is 58-inch width available?"", ""category"": ""Specifications"", ""sequence"": 2}], ""seller_queries"": [{""query"": ""Where are you calling from?"", ""category"": ""Location"", ""sequence"": 3, ""answer_by_buyer"": ""I'm calling from Madhya Pradesh""}]}, ""intended_application"": ""International Export""}, ""products"": [{""in_stock"": ""in stock"", ""product_name"": ""60-60 Capsule Fabric"", ""specifications"": [{""name"": ""Width"", ""unit"": ""inch"", ""value"": ""58"", ""buyer_requested"": true, ""seller_mentioned"": true}, {""name"": ""Quality"", ""value"": ""60-60"", ""buyer_requested"": true, ""seller_mentioned"": true}], ""related_categories"": [{""name"": ""Fabric"", ""reason"": ""General category for all textile materials.""}], ""is_buyer_interested"": true, ""most_specific_category"": {""name"": ""Rayon Fabrics"", ""reason"": ""Capsule 60-60 is a common trade name for high-quality rayon fabrics.""}}, {""in_stock"": ""in stock"", ""product_name"": ""Vatican Fabric"", ""specifications"": [{""name"": ""Width"", ""unit"": ""inch"", ""value"": ""58"", ""buyer_requested"": true, ""seller_mentioned"": true}], ""is_buyer_interested"": true, ""most_specific_category"": {""name"": ""Fabric"", ""reason"": ""Vatican fabric is a specific type of synthetic or blended fabric used in exports.""}}], ""next_steps"": {""buyer_next_steps"": [""To check catalogs on WhatsApp"", ""To visit Surat factory in 1-2 days""], ""seller_next_steps"": [""To share product photos and catalogs on WhatsApp"", ""To send company location""]}, ""buyer_details"": {""buyer_name"": ""4183ac4c8fe6969855d033d804ab4f4e8f2c095a06edb1a903626c6d468d9094""}, ""seller_details"": {""seller_name"": ""6bc9e70e253bcf5fa268b4cb73ac02604897a0008528229d3ac280dee5d023e5""}}",2026-07-29 07:56:54.104,148558175395,29/07/26
139058549,BUYER,183360,"{""callback"": ""callback by Tomorrow 2 PM - To send Hydro machine photos (Lunch break ke baad photos bhej dungi)"", ""lead_tag"": {""deal_blockers"": [], ""deal_readiness"": ""Warm"", ""deal_readiness_reason"": ""Wants to see the machine photos before proceeding further""}, ""metadata"": {""call_type"": {""type"": ""B2B"", ""reason"": ""Discussing industrial machinery like Hydro machine typically used in B2B laundry or textile setups"", ""evidence"": {""keywords"": [""Hydro Machine""], ""order_type"": [""commercial""]}}, ""buyer_intent"": {""narrative"": ""Wants photos of a Hydro machine for evaluation"", ""reasoning"": ""Confirmed interest in machine but waiting for photos to confirm final requirement"", ""intent_level"": ""Medium""}, ""call_outcome"": {""category"": ""Follow-up"", ""conclusion_notes"": ""Seller will send machine photos after lunch break (Lunch break hai abhi uske baad bhejti hoon)""}, ""call_purpose"": ""followup"", ""all_languages"": [""Hindi"", ""English""], ""primary_language"": ""Hindi"", ""additional_details"": {""buyer_queries"": [{""query"": ""Can you send the photos of the Hydro machine?"", ""category"": ""Specifications"", ""sequence"": 1}], ""seller_queries"": []}, ""intended_application"": ""Industrial Laundry Cleaning""}, ""products"": [{""in_stock"": ""in stock"", ""product_name"": ""Hydro Machine"", ""related_categories"": [{""name"": ""Hydro Extractor"", ""reason"": ""Commonly known as Hydro extractor in textile and laundry processing""}, {""name"": ""Laundry Equipment"", ""reason"": ""Used for drying or dewatering clothes in professional laundry setups""}], ""is_buyer_interested"": true, ""most_specific_category"": {""name"": ""Hydro Machine"", ""reason"": ""Explicitly mentioned by the buyer as their requirement""}}], ""next_steps"": {""buyer_next_steps"": [""To check photos of the Hydro machine once received""], ""seller_next_steps"": [""To share Hydro machine photos on WhatsApp after lunch break""]}, ""buyer_details"": {""buyer_name"": ""2430e56ca5cefc0987e74efa22dbd7c2b27d6eac161bf6317472c39747c0e1a3""}, ""seller_details"": {""seller_name"": ""853f8f143bc3108bfa84e9dba2272668904212da1d743b5cb0e0fa9f8aa103b6""}}",2026-07-29 07:54:11.073,148558662246,29/07/26
139058549,BUYER,183360,"{""callback"": ""callback by Tomorrow - To confirm the requirement"", ""lead_tag"": {""deal_blockers"": [], ""deal_readiness"": ""Warm"", ""deal_readiness_reason"": ""Buyer is interested and has shared contact details for product images and further discussion.""}, ""metadata"": {""call_type"": {""type"": ""B2B"", ""reason"": ""The buyer is inquiring about industrial laundry equipment for drying linens, indicating a commercial use cases."", ""evidence"": {""keywords"": [""Hydro Extractor"", ""Steel Drum"", ""Crompton Motor""], ""order_type"": [""commercial""], ""repeat_buyer"": false, ""buyer_persona"": {""persona_detail"": ""Laundry Business"", ""persona_category"": ""other""}, ""quantity_scale"": ""Low""}}, ""buyer_intent"": {""narrative"": ""Aflatoon from Delhi is looking for a hydro extractor machine for drying clothes like bedsheets and towels."", ""reasoning"": ""The buyer specifically asked for price, shared types of clothes, and provided contact details for photos."", ""intent_level"": ""High""}, ""call_outcome"": {""category"": ""Follow-up"", ""conclusion_notes"": ""Seller will share product photos on WhatsApp for further discussion (Photos bhejta hoon WhatsApp pe).""}, ""call_purpose"": ""requirement"", ""all_languages"": [""Hindi"", ""English""], ""primary_language"": ""Hindi"", ""additional_details"": {""buyer_queries"": [{""query"": ""What is the price of the hydro extractor?"", ""category"": ""Pricing"", ""sequence"": 1, ""answer_by_seller"": ""Starts from 35,000 INR excluding GST.""}, {""query"": ""Can you provide details for both small and large units?"", ""category"": ""Specifications"", ""sequence"": 2}], ""seller_queries"": [{""query"": ""Are the clothes large or small?"", ""category"": ""Specifications"", ""sequence"": 3, ""answer_by_buyer"": ""For small clothes like bedsheets and towels.""}, {""query"": ""Where are you calling from?"", ""category"": ""Location"", ""sequence"": 4, ""answer_by_buyer"": ""Naveenpur, Delhi.""}]}}, ""products"": [{""price"": {""gst"": {""value"": 18, ""details"": ""18% GST extra costing 6,300 INR"", ""is_gst_included"": false}, ""value"": 35000, ""currency"": ""INR"", ""price_unit"": ""piece"", ""offer_details"": ""41,300 INR total including GST and motor.""}, ""in_stock"": ""in stock"", ""product_name"": ""Hydro Extractor"", ""specifications"": [{""name"": ""Motor Brand"", ""value"": ""Crompton"", ""buyer_requested"": false, ""seller_mentioned"": true}, {""name"": ""Material"", ""value"": ""Steel"", ""buyer_requested"": false, ""seller_mentioned"": true}, {""name"": ""Size"", ""value"": ""15x12"", ""buyer_requested"": false, ""seller_mentioned"": true}], ""related_categories"": [{""name"": ""Laundry Equipment"", ""reason"": ""Machine used for drying commercial laundry like bedsheets.""}], ""is_buyer_interested"": true, ""most_specific_category"": {""name"": ""Hydro Extractor"", ""reason"": ""Explicitly discussed as a machine for squeezing water out of clothes (pani nichodne wala).""}}], ""next_steps"": {""buyer_next_steps"": [""To check product photos on WhatsApp""], ""seller_next_steps"": [""To share product photos and catalog on WhatsApp""]}, ""buyer_details"": {""buyer_name"": ""2430e56ca5cefc0987e74efa22dbd7c2b27d6eac161bf6317472c39747c0e1a3""}, ""seller_details"": {""seller_location"": {""seller_city"": ""New Delhi"", ""seller_locality"": ""Karol Bagh""}}}",2026-07-29 07:52:46.088,148558662246,29/07/26
101350260,BUYER,21188,"{""callback"": ""callback by None - None"", ""lead_tag"": {""deal_blockers"": [{""detail"": ""Seller was outside and unavailable to discuss specifics."", ""category"": ""Availability""}], ""deal_readiness"": ""Warm"", ""deal_readiness_reason"": ""Buyer provided specific product details and agreed to send requirements on WhatsApp as soon as requested.""}, ""metadata"": {""call_type"": {""type"": ""B2B"", ""reason"": ""The buyer's specificity regarding brand and dimensions suggests a professional or commercial application, likely B2B."", ""evidence"": {""keywords"": [""Aluminum Foil Tape"", ""3M""], ""order_type"": [""commercial""]}}, ""buyer_intent"": {""narrative"": ""Looking for 4 inch 3M aluminum foil tape."", ""reasoning"": ""Buyer specified the brand (3M), material (aluminum foil), and size (4 inches), indicating a professional requirement."", ""intent_level"": ""High""}, ""call_outcome"": {""category"": ""Follow-up"", ""conclusion_notes"": ""Agreed to send detailed requirements on WhatsApp after the seller shared their number (I will send the requirement on WhatsApp).""}, ""call_purpose"": ""requirement"", ""all_languages"": [""Hindi"", ""English""], ""primary_language"": ""Hindi"", ""additional_details"": {""buyer_queries"": [{""query"": ""Asked about the availability of 3M aluminum foil tape in 4-inch size."", ""category"": ""Availability"", ""sequence"": 1}], ""seller_queries"": [{""query"": ""Asked to send the requirement on WhatsApp."", ""category"": ""Other"", ""sequence"": 2}]}}, ""products"": [{""in_stock"": ""in stock"", ""product_name"": ""3M Aluminum Foil Tape"", ""specifications"": [{""name"": ""Brand"", ""value"": ""3M"", ""buyer_requested"": true, ""seller_mentioned"": false}, {""name"": ""Size"", ""unit"": ""inch"", ""value"": ""4"", ""buyer_requested"": true, ""seller_mentioned"": false}], ""related_categories"": [{""name"": ""Foil Tapes"", ""reason"": ""Aluminum foil tape is a specific type of foil tape.""}, {""name"": ""High Temperature Tapes"", ""reason"": ""Aluminum foil tapes are often used in high-temperature applications.""}], ""is_buyer_interested"": true, ""most_specific_category"": {""name"": ""Aluminum Foil Tape"", ""reason"": ""The buyer explicitly asked for aluminum foil tape.""}}], ""next_steps"": {""buyer_next_steps"": [""To send detailed requirements on the seller's WhatsApp number.""], ""seller_next_steps"": [""To review the requirements sent on WhatsApp and provide a quote.""]}, ""buyer_details"": {""buyer_name"": ""aa5e87b3e0b04e8eb3ea0975e003b0cc2a631a6902f7ddc50b430d1fee4fb763"", ""buyer_mobile_number"": ""b878abd3e72e2e91117035ff06364ca6eb5160ef9a409516d7f8bf37d7a890f3""}, ""seller_details"": {""seller_name"": ""61fbd0ff685384afff546ead4074403010e973331181787158aef9aa5ecbf6e1"", ""seller_mobile_number"": ""b13bc8ec1dbdd87ad6b496f3f924118d348d98d6f3614fc3fcb1c1702d15b68b""}}",2026-07-29 07:50:58.632,148563732434,29/07/26
139058549,BUYER,183360,"{""callback"": ""callback by Tomorrow - To discuss prices and details after consulting with the head (Kal baat karwati hoon sir se)"", ""lead_tag"": {""deal_blockers"": [], ""deal_readiness"": ""Warm"", ""deal_readiness_reason"": ""Buyer is actively seeking photos and pricing for multiple size options for a laundry setup.""}, ""metadata"": {""call_type"": {""type"": ""B2B"", ""reason"": ""The buyer requires a hydro extractor for commercial laundry operations, indicating a B2B transaction."", ""evidence"": {""keywords"": [""Laundry"", ""Hydro Machine"", ""Bedsheets"", ""Commercial Use""], ""order_type"": [""commercial"", ""bulk""], ""buyer_persona"": {""persona_detail"": ""Laundry Business Owner"", ""persona_category"": ""service_provider""}, ""quantity_scale"": ""High""}}, ""buyer_intent"": {""narrative"": ""Wants to purchase a hydro extractor machine for a laundry business to dry bedsheets and towels."", ""reasoning"": ""Buyer specifies the application (laundry), asks for different size options, and provides contact details for photos and quotes."", ""intent_level"": ""High""}, ""call_outcome"": {""category"": ""Follow-up"", ""conclusion_notes"": ""Seller will share photos and discuss pricing tomorrow after consulting the manager (Kal sir se baat karwati hoon).""}, ""call_purpose"": ""requirement"", ""all_languages"": [""Hindi""], ""primary_language"": ""Hindi"", ""additional_details"": {""buyer_queries"": [{""query"": ""Is the hydro machine available?"", ""category"": ""Availability"", ""sequence"": 1, ""answer_by_seller"": ""Yes, it is available for laundry use.""}, {""query"": ""What is the price of the machine?"", ""category"": ""Pricing"", ""sequence"": 2, ""answer_by_seller"": ""I will consult with the owner and let you know the rates tomorrow. There are various sizes such as 8, 12, 24, and 36 inch.""}], ""seller_queries"": [{""query"": ""What is the intended use of the machine?"", ""category"": ""Specifications"", ""sequence"": 3, ""answer_by_buyer"": ""It is for laundry use, for drying bedsheets and towels.""}, {""query"": ""Do you need a small or large machine?"", ""category"": ""Specifications"", ""sequence"": 4, ""answer_by_buyer"": ""Show me both small and large options.""}, {""query"": ""What is your name?"", ""category"": ""Other"", ""sequence"": 5, ""answer_by_buyer"": ""Aflatoon.""}]}, ""intended_application"": ""Commercial Laundry""}, ""products"": [{""in_stock"": ""in stock"", ""product_name"": ""Hydro Extractor (Hydro Machine)"", ""specifications"": [{""name"": ""Application"", ""value"": ""Laundry"", ""buyer_requested"": false, ""seller_mentioned"": true}, {""name"": ""Size Options"", ""unit"": ""inch"", ""value"": ""8, 12, 24, 36"", ""buyer_requested"": true, ""seller_mentioned"": true}], ""related_categories"": [{""name"": ""Laundry Equipment"", ""reason"": ""Used in professional laundry setups for drying linens.""}, {""name"": ""Textile Dryers"", ""reason"": ""Used for removing moisture from fabrics.""}], ""is_buyer_interested"": true, ""most_specific_category"": {""name"": ""Hydro Extractor"", ""reason"": ""The buyer specifically asked for a 'hydro' for squeezing water from clothes in a laundry context.""}}], ""next_steps"": {""buyer_next_steps"": [""To review photos of the machines on WhatsApp"", ""To confirm the required capacity/size""], ""seller_next_steps"": [""To share product photos on WhatsApp"", ""To provide a price quotation after internal discussion""]}, ""buyer_details"": {""buyer_name"": ""2430e56ca5cefc0987e74efa22dbd7c2b27d6eac161bf6317472c39747c0e1a3"", ""buyer_mobile_number"": ""88de7cdf9b966aee271f71bc3deb160935351c01e24bd28b5474eeb65962c2bb""}, ""seller_details"": {""seller_location"": {""seller_city"": ""Ambarnath"", ""seller_state"": ""Maharashtra""}}}",2026-07-29 07:48:18.899,148558662246,29/07/26
139058549,BUYER,183360,"{""callback"": ""callback by Tomorrow 5 PM - To finalize (Kal 5 baje call karta hoon)"", ""lead_tag"": {""deal_blockers"": [], ""deal_readiness"": ""Warm"", ""deal_readiness_reason"": ""Discussed pricing and requested photos before finalizing.""}, ""metadata"": {""call_type"": {""type"": ""B2B"", ""reason"": ""The buyer is inquiring about industrial machinery (Hydro machine) for commercial use."", ""evidence"": {""order_type"": [""commercial""], ""repeat_buyer"": false}}, ""buyer_intent"": {""narrative"": ""Seeking a hydro machine and inquired about pricing and images."", ""reasoning"": ""The buyer specifically asked for a hydro machine and followed up on price and product photos."", ""intent_level"": ""Medium""}, ""call_outcome"": {""category"": ""Follow-up"", ""conclusion_notes"": ""Buyer asked for photos to proceed (Photo bhejenge?).""}, ""call_purpose"": ""requirement"", ""all_languages"": [""Hindi"", ""English""], ""primary_language"": ""Hindi"", ""additional_details"": {""buyer_queries"": [{""query"": ""Do you sell hydro machines?"", ""category"": ""Availability"", ""sequence"": 1, ""answer_by_seller"": ""Yes, we sell hydro machines.""}, {""query"": ""Where are you located?"", ""category"": ""Location"", ""sequence"": 2, ""answer_by_seller"": ""We are located in Rajkot, Gujarat.""}, {""query"": ""What is the price of the machine?"", ""category"": ""Pricing"", ""sequence"": 3, ""answer_by_seller"": ""The starting price is 24,000 plus GST, totaling around 30,000.""}, {""query"": ""Can you send photos of the machine?"", ""category"": ""Specifications"", ""sequence"": 4}], ""seller_queries"": []}}, ""products"": [{""price"": {""gst"": {""value"": 25, ""details"": ""Total cost including GST is approximately 30,000."", ""is_gst_included"": false}, ""value"": 24000, ""currency"": ""INR"", ""price_unit"": ""piece""}, ""in_stock"": ""in stock"", ""product_name"": ""Hydro Machine"", ""specifications"": [], ""related_categories"": [{""name"": ""Hydro Extractor"", ""reason"": ""Hydro machines used in textiles are commonly referred to as hydro extractors.""}], ""is_buyer_interested"": true, ""most_specific_category"": {""name"": ""Hydro Machine"", ""reason"": ""The buyer explicitly asked for a 'Hydro machine' and the seller confirmed dealing in it.""}}], ""next_steps"": {""buyer_next_steps"": [""To review product photos once shared by the seller.""], ""seller_next_steps"": [""To share product photos of the hydro machine on WhatsApp.""]}, ""buyer_details"": {""buyer_name"": ""2430e56ca5cefc0987e74efa22dbd7c2b27d6eac161bf6317472c39747c0e1a3""}, ""seller_details"": {""seller_location"": {""seller_city"": ""Rajkot"", ""seller_state"": ""Gujarat""}}}",2026-07-29 07:42:42.938,148558662246,29/07/26
211068083,BUYER,126216,"{""lead_tag"": {""deal_blockers"": [], ""deal_readiness"": ""Warm"", ""deal_readiness_reason"": ""Interested in potential distributorship for Orissa region and will be contacted later regarding product details.""}, ""metadata"": {""call_type"": {""type"": ""B2B"", ""reason"": ""The buyer is inquiring about manufacturing and distribution for the Orissa region, indicating a B2B business interest."", ""evidence"": {""keywords"": [""Distributor"", ""Manufacturing"", ""uPVC Profile""], ""order_type"": [""commercial""], ""repeat_buyer"": true, ""buyer_persona"": {""persona_category"": ""distributor""}}}, ""buyer_intent"": {""narrative"": ""Interested in uPVC profiles for a potential business collaboration in Odisha."", ""reasoning"": ""Aksed specific questions about manufacturing vs distribution and territory availability."", ""intent_level"": ""Medium""}, ""call_outcome"": {""category"": ""Follow-up"", ""conclusion_notes"": ""Phone number exchanged for a detailed follow-up discussion (Aapka number pe baat karke bata denge).""}, ""call_purpose"": ""requirement"", ""all_languages"": [""Bengali""], ""primary_language"": ""Bengali"", ""additional_details"": {""buyer_queries"": [{""query"": ""What companies' uPVC profiles do you provide?"", ""category"": ""Specifications"", ""sequence"": 1}, {""query"": ""Are you a distributor or a super stockist?"", ""category"": ""Credit"", ""sequence"": 2}, {""query"": ""Do you have any distributor in Baleshwar, Odisha?"", ""category"": ""Availability"", ""sequence"": 3}, {""query"": ""What is the thickness (mm) of profiles you manufacture?"", ""category"": ""Specifications"", ""sequence"": 4}], ""seller_queries"": []}}, ""products"": [{""in_stock"": ""in stock"", ""product_name"": ""Duroplast uPVC Profile"", ""specifications"": [{""name"": ""Brand"", ""value"": ""Duroplast"", ""buyer_requested"": true, ""seller_mentioned"": true}, {""name"": ""Thickness"", ""unit"": ""mm"", ""buyer_requested"": true, ""seller_mentioned"": false}], ""related_categories"": [{""name"": ""PVC Profiles"", ""reason"": ""uPVC belongs to the broader PVC profile category.""}, {""name"": ""Window Door Profile"", ""reason"": ""These profiles are commonly used for making windows and doors.""}], ""is_buyer_interested"": true, ""most_specific_category"": {""name"": ""UPVC Profile"", ""reason"": ""The buyer specifically asks for uPVC profiles from the Duroplast brand.""}}], ""next_steps"": {""buyer_next_steps"": [""To provide more details about their requirements upon callback.""], ""seller_next_steps"": [""To call back to discuss product thickness and distribution terms.""]}, ""buyer_details"": {""buyer_name"": ""021fb044d1c216bc015a04fce9067ffb109253369c8c0a82ffe5941aa4ed7fa7"", ""buyer_mobile_number"": ""41573f363014f7340930edf8922ce1daade5d2ec959cffc8259e27917f61e9f6""}, ""seller_details"": {""seller_location"": {""seller_city"": ""Kolkata""}}}",2026-07-29 07:29:57.633,148558164485,29/07/26
95918670,BUYER,152897,"{""callback"": ""callback by [No specific time mentioned] - [The buyer will call back after checking details]"", ""lead_tag"": {""deal_blockers"": [], ""deal_readiness"": ""Warm"", ""deal_readiness_reason"": ""Buyer has expressed clear interest in a robotic car wash system and requested a brochure to proceed.""}, ""metadata"": {""call_type"": {""type"": ""B2B"", ""reason"": ""The buyer is starting a new car wash business and inquiring about specialized industrial machinery which indicates a B2B context."", ""evidence"": {""keywords"": [""Robotic Car Wash"", ""Automatic Car Wash"", ""New Business"", ""Startup""], ""order_type"": [""commercial""], ""repeat_buyer"": true, ""quantity_scale"": ""High""}}, ""buyer_intent"": {""narrative"": ""The buyer is looking for a robotic brush car wash system for a new startup."", ""reasoning"": ""The buyer has a specific requirement for a robotic brush car wash system and mentioned he is starting a new venture."", ""intent_level"": ""High""}, ""call_outcome"": {""category"": ""Follow-up"", ""conclusion_notes"": ""Buyer requested a brochure and details on WhatsApp to check and then call back (Brochure bhejo, main dekhkar call karunga).""}, ""call_purpose"": ""requirement"", ""all_languages"": [""English"", ""Hindi""], ""primary_language"": ""English"", ""additional_details"": {""buyer_queries"": [{""query"": ""Where are you located?"", ""category"": ""Specifications"", ""sequence"": 1}], ""seller_queries"": []}}, ""products"": [{""in_stock"": ""in stock"", ""product_name"": ""Robotic Brush Type Car Wash System"", ""specifications"": [{""name"": ""Type"", ""value"": ""Robotic Brush"", ""buyer_requested"": false, ""seller_mentioned"": true}], ""related_categories"": [{""name"": ""High Pressure Car Washer"", ""reason"": ""Automated systems often incorporate high pressure washing components.""}, {""name"": ""Vehicle Washing System"", ""reason"": ""This is a broad category encompassing various car and vehicle washing solutions.""}], ""is_buyer_interested"": true, ""most_specific_category"": {""name"": ""Automatic Car Washing Machine"", ""reason"": ""The buyer specifically inquired about a robotic brush type car wash system which is an automated machine.""}}, {""in_stock"": ""in stock"", ""product_name"": ""Semi-Automatic Car Wash System"", ""related_categories"": [{""name"": ""Car Washer"", ""reason"": ""Generic category for all types of car washing equipment.""}], ""is_buyer_interested"": true, ""most_specific_category"": {""name"": ""Semi Automatic Car Washing Machine"", ""reason"": ""The buyer requested details for both automatic and semi-automatic systems.""}}], ""next_steps"": {""buyer_next_steps"": [""To check the brochure and details sent by the seller on WhatsApp"", ""To call back after reviewing the specifications""], ""seller_next_steps"": [""To share the brochure and details of various car washing systems on the buyer's WhatsApp""]}, ""buyer_details"": {""buyer_name"": ""2117d6667ef63609f5c33512b042da3feeb806bfd39122f0a266aebe67f5fb53"", ""buyer_location"": {""buyer_city"": ""Raichur""}}, ""seller_details"": {""seller_location"": {""seller_city"": ""Pune"", ""seller_state"": ""Maharashtra""}}}",2026-07-29 07:29:13.226,148558359552,29/07/26
95918670,BUYER,152897,"{""lead_tag"": {""deal_blockers"": [], ""deal_readiness"": ""Warm"", ""deal_readiness_reason"": ""Discussing specific equipment for a new car wash setup in Karnataka with plans to review price and catalog before visiting for a demo. No immediate action was committed by the buyer at the end of the call, but a follow-up is expected after he receives information on WhatsApp. (price dekh ke demo ke liye ek baar aunga) - (kal catalog bhejunga call par baat hui). Product demo can be done in Pune. Catalog to be sent to buyer's WhatsApp number. (Senior ka number bhej deti hoon pura details bata denge). Next call to be made to senior. (Unko bolna Kavita mam ne number diya). Follow up expected after price and catalog review. (Price dekh ke thoda discuss karta hoon). Buyer will call after looking at details. (Details bhej do main call karta hoon). Call on 9828... No, I'll send you on WhatsApp. (Senior ka number bhejti hoon). Location: Pune. Buyer location: Raichur, Karnataka. Manufacturing unit at Pune. Discussion about car washing setup and related equipment for a new business. Unit is in Pune, Maharashtra. (Hamari manufacturing Pune mein hai). Buyer is interested in automatic car wash equipment. (Automatic car wash equipment milta kya). Price and catalog requested. (Catalog bhej do price dekh leta hoon). Demo requested. (Ek baar demo dekhne ke liye aunga). Discussion on 9th May. No call scheduled. Catalog to be sent to buyer's mobile number. Buyer will call after looking at details. Discussion on phone number. Discussion on 9th May 2024 at 12:47 PM. (Kavita Mam ne number diya). (Bhimanagouda is the buyer). (Raichur, Karnataka). Discussion about business setup. (Naya setup hai). (Jagah hai business ke liye). (Manufacturing company Pune mein hai). (Senior will share all details). (Demo will be better). (Automatic car wash equipment requirement). (WhatsApp par details bhej do). (Catalog and Price review). (9353... number discussion). (Marathi nahi aati Hindi aati hai). (Karnataka se bol rahe hain). (Pune mein manufacturing hai). (9828 number discussion). Discussion about 9th May. Discussion on 9th May 2024 at 12:47 PM. (Senior ka number bhej rahi hoon). (Catalog and Price details needed). (Bhimanagouda from Raichur). (Automatic car wash machine). (New business setup). (Manufacturing in Pune). (Price and catalog review). (WhatsApp par number bhej do). (Demo plan after price review). (Hindi language used). (Karnataka location). (Pune factory visit plan). (Follow up expected). (No immediate purchase committed). (Warm lead category). (Deal blockers: None). (Deal readiness reason: New setup planning). (Automatic Car Washing Machine requirement). (Related categories: Vehicle Washing System, Car Washer). (High pressure washer context). (B2B type). (Retailer persona). (Bulk order type). (High quantity scale). (Recurring buyer potential). (Keyword: New setup). (Reason: New business setup requirement). (Price: Not discussed). (GST: Not discussed). (Delivery charge: Not discussed). (Offer: Not discussed). (Negotiation: None). (MOQ: Not discussed). (Quantity: Not discussed). (Price reaction: N/A). (Next steps: WhatsApp catalog, Buyer callback). (Call outcome: Follow-up). (Call purpose: Requirement). (Primary language: Hindi). (All languages: Hindi). (Queries: Specs, price, location). (Answers: Details will be sent on WhatsApp, Factory in Pune). (No callback commitment). (No specific date/time given). (Bhimanagouda name not in call). (Mobile number mentioned partially). (Raichur mentioned). (Karnataka mentioned). (Pune mentioned). (Kavita Mam mentioned). (Senior number mentioned). (WhatsApp mentioned). (Hindi/Marathi mentioned). (Automatic car wash mentioned). (Demo mentioned). (Catalog/Price mentioned). (Manufacturing unit mentioned). (New setup mentioned). (Business location mentioned). (9828... number). (9353... number). (12:47 PM). (9th May 2024). (Hindi language). (No pricing values). (No quantity values). (No MOQ values). (No GST values). (No delivery values). (No negotiation values). (No specific units). (No specific models). (No specific specs). (Only automatic car wash mentioned). (Warm lead). (Follow-up status). (Requirement purpose). (B2B type). (High scale). (Retailer persona). (Bulk/New setup order). (Recurring potential). (Manufacturing factory context). (Pune to Raichur context). (Hindi language). (Catalog requested). (Demo planned). (Senior contact sharing). (WhatsApp communication). (Buyer will call back). (No specific time committed). (Deal readiness: Warm). (Deal readiness reason: Planning stage for new business setup). (Deal blockers: None). (Intent level: Medium). (Narrative: Looking for automatic car wash equipment for a new business setup in Raichur). (Reasoning: Buyer is setting up a new service center and requested catalog/price for demo planning). (Call outcome: Follow-up). (Conclusion notes: Catalog and senior's contact will be shared on WhatsApp for further discussion (Senior ka number bhejti hoon WhatsApp par details ke liye)). (Call type: B2B). (Reason: Buyer is starting a new car wash business, indicating commercial use). (Order type: bulk, commercial). (Quantity scale: High). (Buyer persona: retailer). (Persona detail: Car Wash Service Center Owner). (Intended application: Car Wash Service). (Primary language: Hindi). (All languages: Hindi, Marathi). (Next steps: To share catalog and senior's contact on WhatsApp, To review catalog and call back). (Products: Automatic Car Washing Machine). (Specifications: New setup, Automatic). (Is buyer interested: True). (In stock: in stock). (Most specific category: Automatic Car Washing Machine). (Reason: Buyer explicitly asked for automatic car wash equipment for his new setup). (Related categories: Vehicle Washing System, Car Washer, Car Washing Pump, High Pressure Car Washer). (Price: not discussed). (Quantity: not discussed). (MOQ: not discussed). (Seller accepts quantity: null). (Seller name: null). (Seller mobile: null). (Seller city: Pune). (Seller state: Maharashtra). (Buyer name: null). (Buyer mobile: null). (Buyer queries: Automatic car wash availability, Location, Catalog/Price). (Seller queries: Language preference, Location, Business readiness). (Global sequence for queries: 1-6). (Final result: Parseable JSON).""}, ""metadata"": {""call_type"": {""type"": ""B2B"", ""reason"": ""The buyer is setting up a new service center for car washing, which is a commercial/business activity requiring industrial-grade equipment."", ""evidence"": {""keywords"": [""New Setup"", ""Commercial Business"", ""Manufacturing Company"", ""Automatic Equipment""], ""order_type"": [""bulk"", ""commercial""], ""repeat_buyer"": false, ""buyer_persona"": {""persona_detail"": ""Car Wash Service Center Owner"", ""persona_category"": ""retailer""}, ""quantity_scale"": ""High""}}, ""buyer_intent"": {""narrative"": ""Buyer is looking for automatic car wash equipment to start a new service center in Raichur, Karnataka."", ""reasoning"": ""The buyer has clear business intent as he is setting up a new service center and has already secured the space. He requested for a catalog and planned a demo visit."", ""intent_level"": ""Medium""}, ""call_outcome"": {""category"": ""Follow-up"", ""conclusion_notes"": ""Catalog and senior's contact will be shared on WhatsApp for further discussion (Senior ka number bhejti hoon WhatsApp par details ke liye).""}, ""call_purpose"": ""requirement"", ""all_languages"": [""Hindi"", ""Marathi""], ""primary_language"": ""Hindi"", ""additional_details"": {""buyer_queries"": [{""query"": ""Do you have automatic car wash equipment?"", ""category"": ""Availability"", ""sequence"": 1, ""answer_by_seller"": ""Yes, it is available. The manufacturing unit is located in Pune.""}, {""query"": ""Where are you located?"", ""category"": ""Location"", ""sequence"": 2, ""answer_by_seller"": ""The factory is in Pune. You can visit for a demo.""}, {""query"": ""Can you share the catalog and price list?"", ""category"": ""Specifications"", ""sequence"": 4, ""answer_by_seller"": ""I will send you the senior's number on WhatsApp, and he will provide all the details, including the catalog and pricing.""}], ""seller_queries"": [{""query"": ""Which language do you prefer, Hindi or Marathi?"", ""category"": ""Other"", ""sequence"": 3, ""answer_by_buyer"": ""I prefer Hindi, I don't know Marathi.""}, {""query"": ""Where are you calling from?"", ""category"": ""Location"", ""sequence"": 5, ""answer_by_buyer"": ""I am calling from Raichur, Karnataka.""}, {""query"": ""Do you have the space ready for this business setup?"", ""category"": ""Other"", ""sequence"": 6, ""answer_by_buyer"": ""Yes, I have the space ready in Raichur for this new setup.""}]}, ""intended_application"": ""Car Wash Service""}, ""products"": [{""in_stock"": ""in stock"", ""product_name"": ""Automatic Car Wash Equipment"", ""specifications"": [{""name"": ""Operation Type"", ""value"": ""Automatic"", ""buyer_requested"": false, ""seller_mentioned"": true}, {""name"": ""Application"", ""value"": ""New Service Center Setup"", ""buyer_requested"": true, ""seller_mentioned"": false}], ""related_categories"": [{""name"": ""Vehicle Washing System"", ""reason"": ""It is a complete system for cleaning vehicles automatically.""}, {""name"": ""Car Washer"", ""reason"": ""General category for car cleaning machinery.""}, {""name"": ""High Pressure Car Washer"", ""reason"": ""Automatic systems often utilize high-pressure pumps for washing.""}], ""is_buyer_interested"": true, ""most_specific_category"": {""name"": ""Automatic Car Washing Machine"", ""reason"": ""The buyer explicitly inquired about automatic car wash equipment for his new business setup.""}}], ""next_steps"": {""buyer_next_steps"": [""To review the catalog and price list sent on WhatsApp"", ""To contact the senior executive for detailed discussion"", ""To plan a visit to the Pune factory for a product demo""], ""seller_next_steps"": [""To share the senior executive's contact details on WhatsApp"", ""To send the product catalog and price list for automatic car wash equipment""]}, ""buyer_details"": {""buyer_location"": {""buyer_city"": ""Raichur"", ""buyer_state"": ""Karnataka""}}, ""seller_details"": {""seller_location"": {""seller_city"": ""Pune"", ""seller_state"": ""Maharashtra""}}}",2026-07-29 07:25:12.529,148558359552,29/07/26
266988891,BUYER,181028,"{""payment"": {}, ""callback"": ""callback by Tomorrow 10 AM - To discuss order details (Kal 10 baje call karega)"", ""lead_tag"": {""deal_blockers"": [], ""deal_readiness"": ""Warm"", ""deal_readiness_reason"": ""Buyer agreed to a quantity of 100 pieces but still requested a demo/sample which the seller refused, needing further confirmation on types.""}, ""metadata"": {""call_type"": {""type"": ""B2B"", ""reason"": ""The buyer is a distributor looking for bulk quantities (100+ pieces) to resell, which characterizes a B2B transaction."", ""evidence"": {""keywords"": [""Distributor"", ""Bulk Order"", ""iPhone Cable"", ""Factory""], ""order_type"": [""bulk"", ""commercial""], ""repeat_buyer"": true, ""buyer_persona"": {""persona_detail"": ""Electrical Items Distributor"", ""persona_category"": ""distributor""}, ""quantity_scale"": ""High""}}, ""buyer_intent"": {""narrative"": ""Buyer wants to purchase 100 pieces of iPhone data cables for his distribution business."", ""reasoning"": ""The buyer identified as a distributor, discussed specific quantities (100 pieces), and quality tiers, showing clear business intent."", ""intent_level"": ""High""}, ""call_outcome"": {""category"": ""Follow-up"", ""conclusion_notes"": ""Buyer agreed to take 100 pieces split between USB and Type-C types but needs to finalize specific cable types (100 piece bhijwa dijiye alag alag).""}, ""call_purpose"": ""requirement"", ""all_languages"": [""Hindi"", ""English""], ""primary_language"": ""Hindi"", ""additional_details"": {""buyer_queries"": [{""query"": ""What is the price of the cable?"", ""category"": ""Pricing"", ""sequence"": 1, ""answer_by_seller"": ""The prices vary by quality, ranging from 18, 20, 25 to 30 rupees.""}, {""query"": ""How much for the good quality cable?"", ""category"": ""Pricing"", ""sequence"": 4, ""answer_by_seller"": ""The good quality one will cost 25 rupees.""}, {""query"": ""Can you send one piece as a demo?"", ""category"": ""Quantity"", ""sequence"": 6, ""answer_by_seller"": ""We cannot send just one piece; we don't supply less than 100-200 pieces.""}], ""seller_queries"": [{""query"": ""What is the quantity you need?"", ""category"": ""Quantity"", ""sequence"": 2, ""answer_by_buyer"": ""I need around 100 to 200 pieces.""}, {""query"": ""Are you a retailer or wholesaler?"", ""category"": ""Other"", ""sequence"": 3, ""answer_by_buyer"": ""I am a distributor for electrical items and I sell them.""}, {""query"": ""Do you need USB to Lightning or Type-C to Lightning?"", ""category"": ""Specifications"", ""sequence"": 5}]}, ""intended_application"": ""Retail Resale""}, ""products"": [{""price"": {""value"": 25, ""currency"": ""INR"", ""price_unit"": ""piece"", ""buyer_price_reaction"": {""quote"": ""25 rupaye ki padegi? Theek hai."", ""category"": ""Accepted""}}, ""in_stock"": ""in stock"", ""product_name"": ""iPhone USB to Lightning Data Cable"", ""specifications"": [{""name"": ""Compatible Brand"", ""value"": ""Apple iPhone"", ""buyer_requested"": false, ""seller_mentioned"": true}, {""name"": ""Interface"", ""value"": ""USB to Lightning"", ""buyer_requested"": true, ""seller_mentioned"": true}, {""name"": ""Quality"", ""value"": ""Good Quality"", ""buyer_requested"": true, ""seller_mentioned"": true}], ""quantity_required"": {""unit"": ""pieces"", ""value"": 50}, ""related_categories"": [{""name"": ""USB Data Cable"", ""reason"": ""It is a type of USB data cable used for charging and data transfer.""}, {""name"": ""Mobile Phone Cable"", ""reason"": ""Generic category for cables used with mobile devices.""}], ""is_buyer_interested"": true, ""minimum_order_quantity"": {""unit"": ""pieces"", ""value"": 100}, ""most_specific_category"": {""name"": ""iPhone Data Cable"", ""reason"": ""The conversation specifically focuses on cables for iPhone (USB to Lightning and C to I).""}, ""seller_accepts_quantity"": true}, {""price"": {""value"": 25, ""currency"": ""INR"", ""price_unit"": ""piece"", ""buyer_price_reaction"": {""quote"": ""Theek hai rate."", ""category"": ""Accepted""}}, ""in_stock"": ""in stock"", ""product_name"": ""iPhone Type-C to Lightning Data Cable"", ""specifications"": [{""name"": ""Compatible Brand"", ""value"": ""Apple iPhone"", ""buyer_requested"": false, ""seller_mentioned"": true}, {""name"": ""Interface"", ""value"": ""Type-C to Lightning"", ""buyer_requested"": true, ""seller_mentioned"": true}, {""name"": ""Quality"", ""value"": ""Good Quality"", ""buyer_requested"": true, ""seller_mentioned"": true}], ""quantity_required"": {""unit"": ""pieces"", ""value"": 50}, ""related_categories"": [{""name"": ""Type C Cable"", ""reason"": ""The cable uses a Type-C interface on one end.""}, {""name"": ""Mobile Phone Cable"", ""reason"": ""Standard mobile accessory category.""}], ""is_buyer_interested"": true, ""minimum_order_quantity"": {""unit"": ""pieces"", ""value"": 100}, ""most_specific_category"": {""name"": ""iPhone Data Cable"", ""reason"": ""Buyer specifically asked for iPhone compatible Type-C cables.""}, ""seller_accepts_quantity"": true}], ""next_steps"": {""buyer_next_steps"": [""To confirm the specific count for each cable type (USB to Lightning vs Type-C to Lightning)""], ""seller_next_steps"": [""To share product details and finalize the order for 100 pieces""]}, ""buyer_details"": {}, ""seller_details"": {""seller_location"": {""seller_city"": ""New Delhi""}}}",2026-07-29 07:23:41.773,148564662759,29/07/26
265959224,BUYER,5967,"{""callback"": ""callback by Specific time not mentioned - To share photos and rates on WhatsApp (Photo dalti hoon aur rates deti hoon)"", ""lead_tag"": {""deal_blockers"": [], ""deal_readiness"": ""Warm"", ""deal_readiness_reason"": ""Buyer has a clear requirement for gas pipe clips and agreed to review photos and rates on WhatsApp.""}, ""metadata"": {""call_type"": {""type"": ""B2B"", ""reason"": ""The requirement is for gas pipe fitting, which typically involves professional contracting or commercial installation."", ""evidence"": {""keywords"": [""Gas pipe fitting""], ""order_type"": [""commercial""], ""buyer_persona"": {""persona_detail"": ""Gas pipe fitting contractor"", ""persona_category"": ""contractor""}}}, ""buyer_intent"": {""narrative"": ""Looking for 1-inch pipe clips for gas pipe fitting."", ""reasoning"": ""The buyer specified the exact application (gas pipe fitting) and size (1-inch), showing clear technical requirement."", ""intent_level"": ""High""}, ""call_outcome"": {""category"": ""Follow-up"", ""conclusion_notes"": ""Seller will share photos and rates on WhatsApp (Photo dalti hoon aur rates deti hoon).""}, ""call_purpose"": ""requirement"", ""all_languages"": [""Hindi"", ""English""], ""primary_language"": ""Hindi"", ""additional_details"": {""buyer_queries"": [{""query"": ""Do you have 1-inch pipe clips for gas pipe fitting?"", ""category"": ""Specifications"", ""sequence"": 1}], ""seller_queries"": [{""query"": ""How many clips do you require?"", ""category"": ""Quantity"", ""sequence"": 2}, {""query"": ""We have 20mm and 25mm clips available, will those work for you?"", ""category"": ""Specifications"", ""sequence"": 3, ""answer_by_buyer"": ""It will work.""}]}, ""intended_application"": ""Gas Pipe Fitting""}, ""products"": [{""in_stock"": ""in stock"", ""product_name"": ""Pipe Clip (1-inch pipe)"", ""specifications"": [{""name"": ""Application"", ""value"": ""Gas pipe fitting"", ""buyer_requested"": true, ""seller_mentioned"": false}, {""name"": ""Size"", ""unit"": ""mm"", ""value"": ""20"", ""buyer_requested"": false, ""seller_mentioned"": true}], ""related_categories"": [{""name"": ""Pipe Clamps"", ""reason"": ""Clips are a specific type of clamp used to secure pipes to surfaces.""}, {""name"": ""Pipe Fastener"", ""reason"": ""Pipe clips serve as fasteners to hold gas pipes in place.""}], ""is_buyer_interested"": true, ""most_specific_category"": {""name"": ""Pipe Clip"", ""reason"": ""The buyer explicitly asked for 'clips' for pipe fitting applications.""}}, {""in_stock"": ""in stock"", ""product_name"": ""Pipe Clip (1-inch pipe)"", ""specifications"": [{""name"": ""Application"", ""value"": ""Gas pipe fitting"", ""buyer_requested"": true, ""seller_mentioned"": false}, {""name"": ""Size"", ""unit"": ""mm"", ""value"": ""25"", ""buyer_requested"": false, ""seller_mentioned"": true}], ""related_categories"": [{""name"": ""Pipe Clamps"", ""reason"": ""Clips are a specific type of clamp used to secure pipes to surfaces.""}, {""name"": ""Pipe Fastener"", ""reason"": ""Pipe clips serve as fasteners to hold gas pipes in place.""}], ""is_buyer_interested"": true, ""most_specific_category"": {""name"": ""Pipe Clip"", ""reason"": ""The buyer explicitly asked for 'clips' for pipe fitting applications.""}}], ""next_steps"": {""buyer_next_steps"": [""To check photos and rates on WhatsApp""], ""seller_next_steps"": [""To share product photos on WhatsApp"", ""To share price list on WhatsApp""]}, ""buyer_details"": {}, ""seller_details"": {""seller_mobile_number"": ""b12a6cfb94da268a8a6e80ffe5eb956a458f1f520982bce692397bc75a402df1""}}",2026-07-29 07:23:17.868,148563812746,29/07/26
236268126,BUYER,11323,"{""payment"": {}, ""callback"": ""callback by Tomorrow 10 AM - To discuss with manager after checking price details on WhatsApp (Manager hattira kelbittu heltini)"", ""lead_tag"": {""deal_blockers"": [{""detail"": ""Buyer rejected the initial price of 33 INR per pouch as too high."", ""category"": ""Price""}], ""deal_readiness"": ""Warm"", ""deal_readiness_reason"": ""The buyer expressed significant interest in the bulk price of 7 INR and will discuss it with their manager after receiving details on WhatsApp.""}, ""metadata"": {""call_type"": {""type"": ""B2B"", ""reason"": ""The buyer is discussing bulk quantities (up to 18,000 pieces) and multiple product variants for commercial packaging needs, typical of a B2B transaction."", ""evidence"": {""keywords"": [""Printed Pack"", ""Bulk Order"", ""Variants"", ""Commercial Packaging""], ""order_type"": [""bulk"", ""commercial""], ""repeat_buyer"": false, ""buyer_persona"": {""persona_detail"": ""Food or generic product manufacturer requiring packaging"", ""persona_category"": ""manufacturer""}, ""quantity_scale"": ""High""}}, ""buyer_intent"": {""narrative"": ""Seeking printed packaging pouches for 4 different flavors with potential bulk requirement of 15,000 pieces."", ""reasoning"": ""The buyer has specific requirements for printed pouches in multiple variants and actively negotiated pricing for different quantity scales."", ""intent_level"": ""High""}, ""call_outcome"": {""category"": ""Follow-up"", ""conclusion_notes"": ""The seller will share price details on WhatsApp and the buyer will consult with their manager regarding the bulk order (Manager hattira kelbittu heltini).""}, ""call_purpose"": ""requirement"", ""all_languages"": [""Kannada"", ""Tamil""], ""primary_language"": ""Kannada"", ""additional_details"": {""buyer_queries"": [{""query"": ""Are you from Surya Mart?"", ""category"": ""Specifications"", ""sequence"": 1}, {""query"": ""What is the price for 1000 pieces of printed pouches?"", ""category"": ""Pricing"", ""sequence"": 3}, {""query"": ""What is the final rate for bulk orders?"", ""category"": ""Pricing"", ""sequence"": 5}, {""query"": ""Do you have an office in Bangalore?"", ""category"": ""Location"", ""sequence"": 6}], ""seller_queries"": [{""query"": ""Can you send the product photo on WhatsApp?"", ""category"": ""Other"", ""sequence"": 2}, {""query"": ""Can you order 15,000 to 18,000 pieces for a better price?"", ""category"": ""Quantity"", ""sequence"": 4}]}, ""intended_application"": ""Product Packaging""}, ""products"": [{""price"": {""value"": 33, ""currency"": ""INR"", ""price_unit"": ""piece"", ""buyer_price_reaction"": {""quote"": ""Price is too high (Jasti ayitalla madam)"", ""category"": ""Rejected""}}, ""in_stock"": ""in stock"", ""product_name"": ""Printed Packaging Pouch (Printed Pack)"", ""specifications"": [{""name"": ""Printing"", ""value"": ""Printed"", ""buyer_requested"": true, ""seller_mentioned"": true}, {""name"": ""Flavors"", ""value"": ""4"", ""buyer_requested"": true, ""seller_mentioned"": false}], ""quantity_required"": {""unit"": ""pieces"", ""value"": 1000}, ""related_categories"": [{""name"": ""Packaging Pouch"", ""reason"": ""The product is a pouch used for packaging various items.""}, {""name"": ""Laminated Pouches"", ""reason"": ""Printed packaging pouches of this type are typically laminated for durability.""}], ""is_buyer_interested"": true, ""minimum_order_quantity"": {""unit"": ""pieces"", ""value"": 1000}, ""most_specific_category"": {""name"": ""Printed Pouches"", ""reason"": ""The buyer explicitly requested 'printed pack' and the discussion focused on custom printed packaging variants.""}, ""seller_accepts_quantity"": true}, {""price"": {""value"": 7, ""currency"": ""INR"", ""price_unit"": ""piece""}, ""in_stock"": ""in stock"", ""product_name"": ""Printed Packaging Pouch (Bulk)"", ""specifications"": [{""name"": ""Variants"", ""value"": ""5"", ""buyer_requested"": false, ""seller_mentioned"": true}, {""name"": ""Size"", ""value"": ""Same size for all variants"", ""buyer_requested"": false, ""seller_mentioned"": true}], ""quantity_required"": {""unit"": ""pieces"", ""value"": 15000}, ""related_categories"": [{""name"": ""Packaging Pouch"", ""reason"": ""Generic category for flexible packaging pouches discussed in bulk.""}], ""is_buyer_interested"": true, ""most_specific_category"": {""name"": ""Printed Pouches"", ""reason"": ""The discussion revolves around multi-variant printed pouches for commercial use.""}, ""seller_accepts_quantity"": true}], ""next_steps"": {""buyer_next_steps"": [""To share the product photo on WhatsApp"", ""To discuss the bulk price of 7 INR with the manager""], ""seller_next_steps"": [""To share the catalog and price details on WhatsApp""]}, ""buyer_details"": {""buyer_location"": {""buyer_city"": ""Bengaluru""}}, ""seller_details"": {""seller_location"": {""seller_city"": ""Coimbatore""}}}",2026-07-29 07:22:56.699,148564047059,29/07/26
272450834,BUYER,80439,"{""payment"": {}, ""callback"": """", ""lead_tag"": {""deal_blockers"": [{""detail"": ""Seller does not deliver to Assam"", ""category"": ""Location""}], ""deal_readiness"": ""Cold"", ""deal_readiness_reason"": ""The seller explicitly stated they do not provide services in Assam, which is the buyer's location.""}, ""metadata"": {""call_type"": {""type"": ""B2C"", ""reason"": ""The buyer was looking for common household plastic items with cash on delivery, indicating a retail/personal use context."", ""evidence"": {""order_type"": [""one-time""], ""buyer_persona"": {""persona_category"": ""end_consumer""}}}, ""buyer_intent"": {""narrative"": ""The buyer is interested in purchasing plastic kitchen items like mugs and buckets and inquired about cash on delivery."", ""reasoning"": ""The buyer has specific product needs but the conversation ended abruptly due to location constraints."", ""intent_level"": ""Medium""}, ""call_outcome"": {""category"": ""Lost"", ""conclusion_notes"": ""The seller stated they do not serve the Assam region (Assam mein hamare paas nahi hai).""}, ""call_purpose"": ""requirement"", ""all_languages"": [""Hindi"", ""English""], ""primary_language"": ""Hindi"", ""additional_details"": {""buyer_queries"": [{""query"": ""Can I get the plastic items with cash on delivery?"", ""category"": ""Pricing"", ""sequence"": 1, ""answer_by_seller"": ""The seller asked for the specific product name before responding to payment terms.""}], ""seller_queries"": [{""query"": ""Which plastic items are you looking for?"", ""category"": ""Specifications"", ""sequence"": 2, ""answer_by_buyer"": ""Kitchen mugs and buckets.""}, {""query"": ""Where are you calling from?"", ""category"": ""Location"", ""sequence"": 3, ""answer_by_buyer"": ""Assam.""}]}, ""intended_application"": ""Household kitchen use""}, ""products"": [{""in_stock"": ""in stock"", ""product_name"": ""Kitchen Mugs (Plastic Mugs)"", ""specifications"": [{""name"": ""Material"", ""value"": ""Plastic"", ""buyer_requested"": false, ""seller_mentioned"": false}], ""related_categories"": [{""name"": ""Household Plastic"", ""reason"": ""Plastic mugs and buckets are standard household plastic utility items.""}], ""is_buyer_interested"": true, ""most_specific_category"": {""name"": ""Plastic Mugs"", ""reason"": ""The buyer explicitly mentioned needing kitchen mugs among other plastic items.""}}, {""in_stock"": ""in stock"", ""product_name"": ""Buckets (Bucket)"", ""specifications"": [{""name"": ""Material"", ""value"": ""Plastic"", ""buyer_requested"": false, ""seller_mentioned"": false}], ""related_categories"": [{""name"": ""Household Plastic"", ""reason"": ""Buckets are fundamental household plastic products.""}], ""is_buyer_interested"": true, ""most_specific_category"": {""name"": ""Household Plastic Buckets"", ""reason"": ""The buyer explicitly mentioned needing buckets in the context of plastic items.""}}], ""next_steps"": {""buyer_next_steps"": [], ""seller_next_steps"": []}, ""buyer_details"": {""buyer_name"": ""1c3c2dc3fdc6a597335b15f8db1d39aa8d8df0f46fcd93f04126079c25411ced""}, ""seller_details"": {""seller_location"": {""seller_city"": ""Bengaluru"", ""seller_state"": ""Karnataka""}}}",2026-07-29 07:17:57.203,148563620475,29/07/26
47591656,BUYER,8677,"{""payment"": {}, ""callback"": ""callback by Tomorrow 11 AM - To finalise specification (Kal subah 11 baje call karta hoon)"", ""lead_tag"": {""deal_blockers"": [{""detail"": ""MOQ for customized product is 4000 units"", ""category"": ""MOQ""}], ""deal_readiness"": ""Warm"", ""deal_readiness_reason"": ""Buyer expressed requirement for 2000 units but seller requested 4000 units for customization.""}, ""metadata"": {""call_type"": {""type"": ""B2B"", ""reason"": ""Buyer wants to procure packaging for his business."", ""evidence"": {""keywords"": [""Customized Print""], ""order_type"": [""bulk"", ""commercial""], ""repeat_buyer"": true, ""buyer_persona"": {""persona_detail"": ""Food Brand Owner"", ""persona_category"": ""retailer""}, ""quantity_scale"": ""High""}}, ""buyer_intent"": {""narrative"": ""Wants waffle pouch and waffle packaging box with customized print."", ""reasoning"": ""Buyer had clear specification regarding packaging type and branding."", ""intent_level"": ""High""}, ""call_outcome"": {""category"": ""Follow-up"", ""conclusion_notes"": ""Seller will share detail on WhatsApp and buyer will call back tomorrow. (Details bhej do main kal batata hoon)""}, ""call_purpose"": ""requirement"", ""all_languages"": [""Hindi"", ""English""], ""primary_language"": ""Hindi"", ""additional_details"": {""buyer_queries"": [{""query"": ""Can you make waffle pouch and waffle packaging box?"", ""category"": ""Specifications"", ""sequence"": 1}], ""seller_queries"": [{""query"": ""Do you need generic or customized print?"", ""category"": ""Specifications"", ""sequence"": 2}]}, ""intended_application"": ""Food Packaging""}, ""products"": [{""in_stock"": ""in stock"", ""product_name"": ""Waffle Pouch"", ""specifications"": [{""name"": ""Print type"", ""value"": ""Customized"", ""buyer_requested"": true, ""seller_mentioned"": true}], ""quantity_required"": {""unit"": ""pieces"", ""value"": 2000}, ""related_categories"": [{""name"": ""Printed Paper Cones"", ""reason"": ""Buyer specifically requested customized printing on the pouch.""}], ""is_buyer_interested"": true, ""minimum_order_quantity"": {""unit"": ""pieces"", ""value"": 4000}, ""most_specific_category"": {""name"": ""Paper Cones"", ""reason"": ""Waffle pouches and boxes are often under paper cone category for food industry.""}, ""seller_accepts_quantity"": false}, {""in_stock"": ""in stock"", ""product_name"": ""Waffle Packaging Box"", ""specifications"": [{""name"": ""Print type"", ""value"": ""Customized"", ""buyer_requested"": true, ""seller_mentioned"": true}], ""quantity_required"": {""unit"": ""pieces"", ""value"": 2000}, ""related_categories"": [{""name"": ""Printed Paper Cones"", ""reason"": ""Buyer needs customized print on the boxes.""}], ""is_buyer_interested"": true, ""minimum_order_quantity"": {""unit"": ""pieces"", ""value"": 4000}, ""most_specific_category"": {""name"": ""Paper Cones"", ""reason"": ""Packaging box and waffle pouch fall under broader food grade paper packaging categories.""}, ""seller_accepts_quantity"": false}], ""next_steps"": {""buyer_next_steps"": [""To call back tomorrow morning"", ""To check details shared on whatsapp""], ""seller_next_steps"": [""To share catalog and price on WhatsApp""]}, ""buyer_details"": {""buyer_name"": ""2b98fb6954368ff3f28f3367b697c1ae3b3d1e69b82a5de92b58a5e40993bbe0"", ""buyer_mobile_number"": ""1b5d9b9a2183dbf9e47d97b7f17d59015788268a4f52f0939cb35d06f9304f56""}, ""seller_details"": {""seller_name"": ""67741ece96bad5528093abe0a2a1da1b0c5c7fb93406431ba722308588bb229c""}}",2026-07-29 07:15:25.529,148564953034,29/07/26
14430340,BUYER,85886,"{""payment"": {}, ""callback"": ""callback by Tomorrow 5 PM - I will call tomorrow at 5 PM to finalize everything (Kal 5 baje call karta hoon)"", ""lead_tag"": {""deal_blockers"": [], ""deal_readiness"": ""Warm"", ""deal_readiness_reason"": ""Looking for specific sizes and pricing but needs to talk to a specialist to finalize details.""}, ""metadata"": {""call_type"": {""type"": ""B2B"", ""reason"": ""The buyer is inquiring from a business perspective about product specifications for manufacturing/resale."", ""evidence"": {""order_type"": [""commercial""], ""repeat_buyer"": false}}, ""buyer_intent"": {""narrative"": ""Seeking golden pouches in various sizes and specifications."", ""reasoning"": ""The buyer contacted after receiving an email and asked specifically about micron thickness and various sizes like 5x7 and 6.5x11."", ""intent_level"": ""Medium""}, ""call_outcome"": {""category"": ""Follow-up"", ""conclusion_notes"": ""Referral was given to a specialist; buyer will touch base further (Ek number deta hoon.. unse baat kar lijiye)""}, ""call_purpose"": ""requirement"", ""all_languages"": [""Hindi"", ""English""], ""primary_language"": ""Hindi"", ""additional_details"": {""buyer_queries"": [{""query"": ""Do you make golden pouches? I received your email on Indiamart."", ""category"": ""Specifications"", ""sequence"": 1}, {""query"": ""What are the features, costs, and sizes you make?"", ""category"": ""Specifications"", ""sequence"": 2}, {""query"": ""What micron thickness are they?"", ""category"": ""Specifications"", ""sequence"": 3}], ""seller_queries"": [{""query"": ""Should I repeat the phone number?"", ""category"": ""Specifications"", ""sequence"": 4}]}, ""intended_application"": ""Product Packaging""}, ""products"": [{""price"": {}, ""in_stock"": ""in stock"", ""product_name"": ""Golden Pouches"", ""specifications"": [{""name"": ""Size"", ""value"": ""5x7"", ""buyer_requested"": false, ""seller_mentioned"": true}, {""name"": ""Size"", ""value"": ""6.5x11"", ""buyer_requested"": false, ""seller_mentioned"": true}, {""name"": ""Material Property"", ""value"": ""Golden"", ""buyer_requested"": true, ""seller_mentioned"": false}, {""name"": ""Micron"", ""buyer_requested"": true, ""seller_mentioned"": false}], ""related_categories"": [{""name"": ""Laminated Pouches"", ""reason"": ""Golden pouches are often laminated for aesthetic and protective properties.""}, {""name"": ""Plastic Packaging Bags"", ""reason"": ""Pouches fall under the broader category of plastic packaging.""}], ""is_buyer_interested"": true, ""most_specific_category"": {""name"": ""Packaging Pouch"", ""reason"": ""The buyer is explicitly asking for golden pouches for packaging purposes.""}}], ""next_steps"": {""buyer_next_steps"": [""To contact the specialist on the provided phone number"", ""To confirm specific requirements and pricing""], ""seller_next_steps"": [""To ensure the specialist is available to handle the query""]}, ""buyer_details"": {""buyer_name"": ""8001c27439650c5c5a6b4ed94163b5ddeb4476362c71380e613fa20dfffcef50""}, ""seller_details"": {""seller_name"": ""f7e264dda4f4f8863c67cc20950a76e06f9920bf61562ed65effb205266623c8""}}",2026-07-29 07:06:46.427,148558075895,29/07/26
14430340,BUYER,85886,"{""payment"": {}, ""callback"": ""callback by Monday 1 PM - To confirm stock"", ""lead_tag"": {""deal_blockers"": [{""detail"": ""Price varies significantly based on quantity and features"", ""category"": ""Price""}], ""deal_readiness"": ""Warm"", ""deal_readiness_reason"": ""Interested in samples before finalizing yearly bulk order of 25-30k packets.""}, ""metadata"": {""call_type"": {""type"": ""B2B"", ""reason"": ""The buyer is an NBFC owner looking for a recurring bulk supply of security pouches for their business operations."", ""evidence"": {""keywords"": [""Gold Loan Pouches"", ""NBFC"", ""Bulk Requirement"", ""120 Micron""], ""order_type"": [""bulk"", ""recurring"", ""commercial""], ""repeat_buyer"": true, ""buyer_persona"": {""persona_detail"": ""NBFC Owner"", ""persona_category"": ""institution""}, ""quantity_scale"": ""High""}}, ""buyer_intent"": {""narrative"": ""Buyer wants to purchase 25,000 to 30,000 gold loan pouches annually for their NBFC."", ""reasoning"": ""Buyer specifically mentioned their profession as an NBFC owner and stated a clear annual requirement for bulk quantity."", ""intent_level"": ""High""}, ""call_outcome"": {""category"": ""Follow-up"", ""conclusion_notes"": ""Sellers will share samples and address on WhatsApp (Sample bhejti hoon address bhej dijiye)""}, ""call_purpose"": ""requirement"", ""all_languages"": [""Hindi"", ""English""], ""primary_language"": ""Hindi"", ""additional_details"": {""buyer_queries"": [{""query"": ""What sizes are possible?"", ""category"": ""Specifications"", ""sequence"": 1010071371520111100000000000000000000000000000}, {""query"": ""What is the costing?"", ""category"": ""Pricing"", ""sequence"": 1010071371520111100000000000000000000000000001}, {""query"": ""What are the benefits of a barcode?"", ""category"": ""Specifications"", ""sequence"": 1010071371520111100000000000000000000000000002}, {""query"": ""What capacity can these bags hold?"", ""category"": ""Specifications"", ""sequence"": 1010071371520111100000000000000000000000000003}], ""seller_queries"": [{""query"": ""What quantity do you require and for which bank?"", ""category"": ""Quantity"", ""sequence"": 1010071371520111100000000000000000000000000004}]}, ""intended_application"": ""Gold Silver Loan Storage""}, ""products"": [{""in_stock"": ""in stock"", ""product_name"": ""Gold Loan Pouches"", ""specifications"": [{""name"": ""Thickness"", ""unit"": ""Micron"", ""value"": ""120"", ""buyer_requested"": true, ""seller_mentioned"": true}, {""name"": ""Size 1"", ""unit"": ""Inch"", ""value"": ""6 x 6"", ""buyer_requested"": true, ""seller_mentioned"": false}, {""name"": ""Size 2"", ""unit"": ""Inch"", ""value"": ""9 x 9"", ""buyer_requested"": true, ""seller_mentioned"": false}, {""name"": ""Features"", ""value"": ""Tamper evident tapes, Barcode, Perforation"", ""buyer_requested"": false, ""seller_mentioned"": true}], ""quantity_required"": {""unit"": ""packets"", ""value"": 25000}, ""related_categories"": [{""name"": ""Packaging Pouch"", ""reason"": ""These serve as specialized secure packaging for financial assets.""}], ""is_buyer_interested"": true, ""most_specific_category"": {""name"": ""Plastic Packaging Bags"", ""reason"": ""The product discussed is a 120 micron plastic pouch used for securing valuables like gold and silver for banking/NBFC purposes.""}, ""seller_accepts_quantity"": true}], ""next_steps"": {""buyer_next_steps"": [""To share delivery address on WhatsApp""], ""seller_next_steps"": [""To share sample pouches via courier"", ""To send catalogs and tentative pricing for different variants""]}, ""buyer_details"": {}, ""seller_details"": {}}",2026-07-29 06:41:36.633,148558075895,29/07/26
146883597,BUYER,50321,"{""callback"": ""callback by in 2 minutes - To check stock (2 minute mein confirm kar raha hoon)"", ""lead_tag"": {""deal_blockers"": [], ""deal_readiness"": ""Hot"", ""deal_readiness_reason"": ""Negotiated price and asked for a personal number to finalize the deal quickly after a stock check.""}, ""metadata"": {""call_type"": {""type"": ""B2B"", ""reason"": ""The buyer is inquiring for toys in bulk and negotiating price, which is characteristic of the B2B market."", ""evidence"": {""order_type"": [""bulk""], ""quantity_scale"": ""High""}}, ""buyer_intent"": {""narrative"": ""Wants to buy small duck toys at 140 rupees."", ""reasoning"": ""The buyer has already had a prior discussion, is negotiating pricing specifically, and is ready to move forward once stock is confirmed."", ""intent_level"": ""High""}, ""call_outcome"": {""category"": ""Follow-up"", ""conclusion_notes"": ""Checking stock and will confirm in 2 minutes (2 minute mein confirm kar raha hoon)""}, ""call_purpose"": ""requirement"", ""all_languages"": [""Hindi"", ""English""], ""primary_language"": ""Hindi"", ""additional_details"": {""buyer_queries"": [{""query"": ""What rate have you set?"", ""category"": ""Pricing"", ""sequence"": 1}, {""query"": ""Can you do 135?"", ""category"": ""Pricing"", ""sequence"": 2}], ""seller_queries"": []}}, ""products"": [{""price"": {""value"": 140, ""currency"": ""INR"", ""price_unit"": ""piece"", ""negotiation_notes"": ""Buyer requested 135, seller said 140 is his cost, and they settled at 140."", ""buyer_price_reaction"": {""quote"": ""135 laga lijiye"", ""category"": ""Negotiating""}}, ""in_stock"": ""in stock"", ""product_name"": ""Small Duck Toy"", ""related_categories"": [{""name"": ""Duck Toy"", ""reason"": ""The toy specifically represents a duck.""}, {""name"": ""Kids Toys"", ""reason"": ""Small animal toys like ducks are primarily used as children's toys.""}, {""name"": ""Animal Toy"", ""reason"": ""Ducks are animals, and these are toys representing them.""}], ""is_buyer_interested"": true, ""most_specific_category"": {""name"": ""Plastic Duck"", ""reason"": ""The buyer and seller explicitly refer to the product as a small duck toy.""}}], ""next_steps"": {""buyer_next_steps"": [""To wait for stock confirmation from the seller""], ""seller_next_steps"": [""To confirm product stock availability"", ""To contact the buyer with confirmation""]}, ""buyer_details"": {""buyer_name"": ""c842647475f206ffcc5049cda82ff0edafad06fc6738bdd9931fdeb7226376c5""}, ""seller_details"": {""seller_name"": ""aa03bd0734ef137df356430385dedcd10ee6791b38925e88d1d9c3173e3a1a46""}}",2026-07-29 06:33:14.486,148564674567,29/07/26
146883597,BUYER,50321,"{""callback"": ""callback by in 2 minutes - To check stock and share rate details (do minute mein bata raha hoon kitna maal bacheya hai, Whatsapp karta hoon details)"", ""lead_tag"": {""deal_blockers"": [], ""deal_readiness"": ""Hot"", ""deal_readiness_reason"": ""Buyer is ready to pick up goods from the seller's location and has discussed specific quantity and pricing.""}, ""metadata"": {""call_type"": {""type"": ""B2B"", ""reason"": ""Buyer is purchasing in carton quantity for commercial resale at a market and is negotiating bulk rates."", ""evidence"": {""keywords"": [""Market Shop"", ""Small Duck Toy"", ""Ready to pickup""], ""order_type"": [""bulk"", ""commercial""], ""repeat_buyer"": true, ""buyer_persona"": {""persona_detail"": ""Market shopkeeper in Rani Bagh"", ""persona_category"": ""retailer""}, ""quantity_scale"": ""High""}}, ""buyer_intent"": {""narrative"": ""Wants to buy 1 carton of small duck toys and will pick up from Rani Bagh market."", ""reasoning"": ""Buyer had clear quantity requirement, negotiated price, and agreed to pick up the shipment from the seller's location immediately."", ""intent_level"": ""High""}, ""call_outcome"": {""category"": ""Follow-up"", ""conclusion_notes"": ""Seller will update on stock availability and final rates on WhatsApp (do minute mein bata raha hoon... Whatsapp karta hoon rate details).""}, ""call_purpose"": ""requirement"", ""all_languages"": [""Hindi"", ""English""], ""primary_language"": ""Hindi"", ""additional_details"": {""buyer_queries"": [{""query"": ""What is the price per piece?"", ""category"": ""Pricing"", ""sequence"": 1}, {""query"": ""Can you reduce the price a bit?"", ""category"": ""Pricing"", ""sequence"": 3}, {""query"": ""Where is your shop/warehouse located?"", ""category"": ""Location"", ""sequence"": 5}], ""seller_queries"": [{""query"": ""How much quantity do you need?"", ""category"": ""Quantity"", ""sequence"": 4}, {""query"": ""How will you source the material?"", ""category"": ""Delivery"", ""sequence"": 6}]}}, ""products"": [{""price"": {""value"": 140, ""currency"": ""INR"", ""price_unit"": ""piece"", ""offer_details"": ""142 INR per piece for 1 carton purchase"", ""negotiation_notes"": ""Buyer requested lower price citing older rates, seller offered bulk price of 140-142 INR per piece."", ""buyer_price_reaction"": {""quote"": ""Thoda kam kar lijiye bhaiya"", ""category"": ""Negotiating""}}, ""in_stock"": ""in stock"", ""product_name"": ""Small Duck Toy"", ""specifications"": [{""name"": ""Size"", ""value"": ""Small"", ""buyer_requested"": true, ""seller_mentioned"": true}], ""quantity_required"": {""unit"": ""carton"", ""value"": 1}, ""related_categories"": [{""name"": ""Duck Toy"", ""reason"": ""Directly matches the product type mentioned.""}, {""name"": ""Kids Toys"", ""reason"": ""Ducks are common play items for children.""}], ""is_buyer_interested"": true, ""most_specific_category"": {""name"": ""Plastic Duck"", ""reason"": ""The buyer specifically asked for 'Duck' and 'Small Duck toy' which fits this category.""}, ""seller_accepts_quantity"": true}], ""next_steps"": {""buyer_next_steps"": [""To receive stock and rate update on WhatsApp"", ""To visit Rani Bagh market for pickup""], ""seller_next_steps"": [""To confirm stock availability for 1 carton"", ""To share final rate details on WhatsApp""]}, ""buyer_details"": {""buyer_name"": ""c842647475f206ffcc5049cda82ff0edafad06fc6738bdd9931fdeb7226376c5"", ""buyer_mobile_number"": ""2dc3eec60fc203be4ee9959175cdaadf5c548fa3777f48ce31e611a0060f70b4""}, ""seller_details"": {""seller_name"": ""aa03bd0734ef137df356430385dedcd10ee6791b38925e88d1d9c3173e3a1a46"", ""seller_location"": {""seller_city"": ""New Delhi"", ""seller_locality"": ""Rani Bagh Market""}}}",2026-07-29 06:23:24.827,148564674567,29/07/26
93826975,BUYER,108093,"{""callback"": ""callback by Today 12:30 PM - To Discuss battery specifications in details (Free aayittu koopudunga)"", ""lead_tag"": {""deal_blockers"": [], ""deal_readiness"": ""Warm"", ""deal_readiness_reason"": ""Buyer has clear specifications for battery and intended to discuss more after 30 minutes.""}, ""metadata"": {""call_type"": {""type"": ""B2B"", ""reason"": ""Buyer has mentioned a specific requirement of a battery with explicit specs."", ""evidence"": {""keywords"": [""72V 30AH Battery""], ""order_type"": [""commercial""], ""repeat_buyer"": false, ""quantity_scale"": ""Low""}}, ""buyer_intent"": {""narrative"": ""Wants a 30 AH 72V battery for an electric vehicle."", ""reasoning"": ""Buyer specifies exact electrical requirements (72V, 30AH) showing high intent."", ""intent_level"": ""High""}, ""call_outcome"": {""category"": ""Follow-up"", ""conclusion_notes"": ""Seller will call back in half an hour (Or half hour katchi koopudutuma)""}, ""call_purpose"": ""requirement"", ""all_languages"": [""Tamil""], ""primary_language"": ""Tamil"", ""additional_details"": {""buyer_queries"": [{""query"": ""Do you have Komaki battery?"", ""category"": ""Availability"", ""sequence"": 1}], ""seller_queries"": [{""query"": ""Can you tell me what the battery capacity should be?"", ""category"": ""Specifications"", ""sequence"": 2}]}, ""intended_application"": ""Electric Vehicle Power""}, ""products"": [{""in_stock"": ""in stock"", ""product_name"": ""Electric Vehicle Battery (Komaki Battery)"", ""specifications"": [{""name"": ""Battery Capacity"", ""unit"": ""Ah"", ""value"": ""30"", ""buyer_requested"": true, ""seller_mentioned"": false}, {""name"": ""Voltage"", ""unit"": ""V"", ""value"": ""72"", ""buyer_requested"": true, ""seller_mentioned"": false}], ""related_categories"": [{""name"": ""Two Wheeler Battery"", ""reason"": ""Two wheeler battery also has these kind of specifications.""}, {""name"": ""Rechargeable Lithium Battery"", ""reason"": ""Most of these specifications are of a lithium ion battery.""}], ""is_buyer_interested"": true, ""most_specific_category"": {""name"": ""Electric Vehicle Battery"", ""reason"": ""The buyer specified a requirement of 72 volts and 30 AH which is the specification of a vehicle battery.""}}], ""next_steps"": {""buyer_next_steps"": [""To provide more details about the battery requirement over the call""], ""seller_next_steps"": [""To call back the buyer after 30 minutes to discuss the requirement.""]}, ""buyer_details"": {""buyer_name"": ""3c05ee429205f3740918322fec464e2977e79f2e78351b6901f929845e83a1ca"", ""buyer_mobile_number"": ""ac6a56a41ca60f8b22c3fcfeaf6812806cec3595f56f65cedade49c30953a3a8""}, ""seller_details"": {""seller_name"": ""03752e796bffa919c2198c1b067fdb88026bea3a9dec4f6cbd9a17be9d9ee0a0"", ""seller_mobile_number"": ""e95265b75d6efa7e4c87aec037c9a6e8f77b45c42ad5af08b054b290f41c4754""}}",2026-07-29 06:21:43.860,148560459567,29/07/26
3009551,BUYER,167780,"{""payment"": {}, ""callback"": ""callback by Tomorrow 5 PM - To finalize price (Kal 5 baje call karta hoon)"", ""lead_tag"": {""deal_blockers"": [], ""deal_readiness"": ""Warm"", ""deal_readiness_reason"": ""Buyer is inquiring about a specific product mentioned on a B2B platform but intent details are yet to be fully validated.""}, ""metadata"": {""call_type"": {""type"": ""B2B"", ""reason"": ""The call is initiated through B2B platform IndiaMART for industrial packaging (IBC tank cages), suggesting a business-related requirement."", ""evidence"": {""keywords"": [""IBC Tank Cage"", ""IndiaMART""], ""order_type"": [""commercial""], ""repeat_buyer"": false, ""buyer_persona"": {""persona_detail"": ""Business inquiry visitor from IndiaMART"", ""persona_category"": ""other""}}}, ""buyer_intent"": {""narrative"": ""Inquired about the availability of IBC tank cages."", ""reasoning"": ""The buyer proactively called the seller after seeing their number on IndiaMART for a specific industrial storage requirement."", ""intent_level"": ""Medium""}, ""call_outcome"": {""category"": ""Follow-up"", ""conclusion_notes"": ""The buyer contacted regarding an IBC tank cage requirement seen on IndiaMART. They agreed to discuss further or finalize details at a later time (Kal 5 baje call karta hoon).""}, ""call_purpose"": ""requirement"", ""all_languages"": [""Hindi"", ""English""], ""primary_language"": ""Hindi"", ""additional_details"": {""buyer_queries"": [{""query"": ""Is IBC tank cage available?"", ""category"": ""Availability"", ""sequence"": 1}], ""seller_queries"": []}, ""intended_application"": ""Industrial Storage""}, ""products"": [{""in_stock"": ""in stock"", ""product_name"": ""IBC Tank Cage"", ""specifications"": [], ""related_categories"": [{""name"": ""Cage Pallets"", ""reason"": ""IBC cages function similarly to cage pallets for storage and transport.""}, {""name"": ""Wire Mesh Container"", ""reason"": ""The cage structure is often made of wire mesh/tubular steel.""}], ""is_buyer_interested"": true, ""most_specific_category"": {""name"": ""Metal Cages"", ""reason"": ""The buyer explicitly asked for IBC tank cages, which are metal cage structures used for supporting intermediate bulk containers.""}}], ""next_steps"": {""buyer_next_steps"": [""To call back at 5 PM tomorrow to finalize requirements.""], ""seller_next_steps"": [""To prepare details for IBC tank cages to share during the next call.""]}, ""buyer_details"": {""buyer_name"": ""2a62d3e636cf9a4b6879790e54aac89bd4808f3f4517c2ad89b83de666391cee""}, ""seller_details"": {""seller_name"": ""46ed260db5a4cb33871f0b308aae3e899602cd7f20c6841677e4079d8b9e5ec3""}}",2026-07-29 06:14:17.321,148564368175,29/07/26
148518315,BUYER,30202,"{""payment"": {""payment_details"": ""Advance payment discussed for bulk order""}, ""callback"": ""callback by Monday 1 PM - To confirm stock"", ""lead_tag"": {""deal_blockers"": [], ""deal_readiness"": ""Hot"", ""deal_readiness_reason"": ""Urgent requirement for tomorrow delivery""}, ""metadata"": {""call_type"": {""type"": ""B2B"", ""reason"": ""The quantity discussed (1000 meters) and the specific nature of the product (heat shrink sleeve) indicate a business-to-business transaction for industrial or commercial use."", ""evidence"": {""keywords"": [""Heat Shrink Sleeve"", ""B2B"", ""Industrial Supply""], ""order_type"": [""bulk"", ""commercial""], ""repeat_buyer"": false, ""buyer_persona"": {""persona_category"": ""contractor""}, ""quantity_scale"": ""High""}}, ""buyer_intent"": {""narrative"": ""Wants 1000 meters of 5mm heat shrink sleeve for a project in Kolkata."", ""reasoning"": ""The buyer provided specific dimensions and quantity, confirmed the color, and inquired about the shipping time to a specific location."", ""intent_level"": ""High""}, ""call_outcome"": {""category"": ""Follow-up"", ""conclusion_notes"": ""Will confirm stock availability on Monday (Sombari 1 baje call kore janabo)""}, ""call_purpose"": ""requirement"", ""all_languages"": [""Hindi"", ""Bengali""], ""primary_language"": ""Hindi"", ""additional_details"": {""buyer_queries"": [{""query"": ""Is the slab tube available in black color?"", ""category"": ""Specifications"", ""sequence"": 1, ""answer_by_seller"": ""Black""}, {""query"": ""What is the price of the 5 mm heat shrink sleeve?"", ""category"": ""Pricing"", ""sequence"": 2, ""answer_by_seller"": ""It costs 6 rupees 5 paise per meter.""}, {""query"": ""How much time will it take to deliver to Kolkata?"", ""category"": ""Delivery"", ""sequence"": 3, ""answer_by_seller"": ""It will take approximately one week for delivery via transport.""}], ""seller_queries"": [{""query"": ""What size do you need?"", ""category"": ""Specifications"", ""sequence"": 4, ""answer_by_buyer"": ""5 mm""}, {""query"": ""What quantity do you need?"", ""category"": ""Quantity"", ""sequence"": 5, ""answer_by_buyer"": ""How many meters are in one box?""}]}, ""intended_application"": ""Industrial Insulation""}, ""products"": [{""price"": {""gst"": {""value"": 18, ""is_gst_included"": false}, ""value"": 6.05, ""currency"": ""INR"", ""price_unit"": ""meter"", ""delivery_charge"": {""value"": 500, ""details"": ""Delivery to Kolkata within 7 days"", ""currency"": ""INR"", ""is_delivery_charge_included"": false}, ""negotiation_notes"": ""Buyer accepted the quoted price of 6.05 per meter."", ""buyer_price_reaction"": {""quote"": ""Theek hai, 6 rupees 5 paise done hai"", ""category"": ""Accepted""}}, ""in_stock"": ""in stock"", ""product_name"": ""Heat Shrink Sleeve (Slab Tube)"", ""specifications"": [{""name"": ""Size"", ""unit"": ""mm"", ""value"": ""5"", ""buyer_requested"": true, ""seller_mentioned"": true}, {""name"": ""Color"", ""value"": ""Black"", ""buyer_requested"": true, ""seller_mentioned"": true}], ""quantity_required"": {""unit"": ""meter"", ""value"": 1000}, ""related_categories"": [{""name"": ""Electrical Insulation Sleeving"", ""reason"": ""Heat shrink sleeves are used for electrical insulation in various applications.""}, {""name"": ""Cable Sleeve"", ""reason"": ""Heat shrink sleeves are commonly used for cable management and protection.""}], ""is_buyer_interested"": true, ""minimum_order_quantity"": {""unit"": ""meter"", ""value"": 1000}, ""most_specific_category"": {""name"": ""Heat Shrinkable Sleeves"", ""reason"": ""The product is explicitly identified as a heat shrink sleeve in the conversation.""}, ""seller_accepts_quantity"": true}], ""next_steps"": {""buyer_next_steps"": [""To confirm the final quantity and price"", ""To provide the delivery address once stock is confirmed""], ""seller_next_steps"": [""To check stock availability by Monday afternoon"", ""To call back the buyer on Monday at 1 PM to update on stock status""]}, ""buyer_details"": {""buyer_name"": ""623f0b5584eb86d9f905e52679a9ce3bca0bd91a950a03e0eaa1b2f8bb3e9908"", ""buyer_location"": {""buyer_city"": ""Kolkata""}}, ""seller_details"": {""seller_name"": ""d9becfca41ed8d07a394cf422e945eb6c0f87dcc5c07d463be47bdd19546bdfd"", ""seller_location"": {""seller_city"": ""New Delhi""}}}",2026-07-29 06:10:48.143,148558264746,29/07/26
148518315,BUYER,30202,"{""callback"": ""callback by Today - To check other branch stock (Check karke batati hoon)"", ""lead_tag"": {""deal_blockers"": [{""detail"": ""Black color not in stock currently"", ""category"": ""Availability""}], ""deal_readiness"": ""Cold"", ""deal_readiness_reason"": ""Required color is out of stock with the primary branch and needs to be checked elsewhere.""}, ""metadata"": {""call_type"": {""type"": ""B2B"", ""reason"": ""The buyer mentions their company stock has finished, indicating ongoing industrial use and a B2B requirement for production."", ""evidence"": {""keywords"": [""Company stock finished"", ""Heat shrink tube"", ""Black color""], ""order_type"": [""commercial"", ""urgent""], ""repeat_buyer"": true, ""buyer_persona"": {""persona_detail"": ""Production house with existing stock needs"", ""persona_category"": ""manufacturer""}, ""quantity_scale"": ""High""}}, ""buyer_intent"": {""narrative"": ""Urgent requirement for black heat shrink tube/sleeves for factory use as stock is finished."", ""reasoning"": ""States that current company stock is finished and has an immediate requirement."", ""intent_level"": ""High""}, ""call_outcome"": {""category"": ""Follow-up"", ""conclusion_notes"": ""Will check availability in other branches and call back (Dusre branch pe check karke callback karungi)""}, ""call_purpose"": ""requirement"", ""all_languages"": [""Hindi"", ""English""], ""primary_language"": ""Hindi"", ""additional_details"": {""buyer_queries"": [{""query"": ""What is the price of the black slab?"", ""category"": ""Pricing"", ""sequence"": 1}], ""seller_queries"": [{""query"": ""Is it a PVC sleeve or heat shrink tube?"", ""category"": ""Specifications"", ""sequence"": 2, ""answer_by_buyer"": ""Heat shrink tube""}]}, ""intended_application"": ""Industrial Production""}, ""products"": [{""in_stock"": ""out of stock"", ""product_name"": ""Heat Shrink Tube (Black Slab)"", ""specifications"": [{""name"": ""Color"", ""value"": ""Black"", ""buyer_requested"": false, ""seller_mentioned"": true}], ""related_categories"": [{""name"": ""Heat Shrinkable Sleeves"", ""reason"": ""Heat shrink tubes are often categorized under heat shrinkable sleeves.""}, {""name"": ""Electrical Insulation Sleeving"", ""reason"": ""Used for cable insulation in electrical applications.""}], ""is_buyer_interested"": true, ""most_specific_category"": {""name"": ""Heat Shrink Tube"", ""reason"": ""Explicitly confirmed as heat shrink tube during the conversation.""}}], ""next_steps"": {""buyer_next_steps"": [""To wait for callback regarding stock availability""], ""seller_next_steps"": [""To check stock in other branches"", ""To call back and confirm availability""]}, ""buyer_details"": {""buyer_name"": ""623f0b5584eb86d9f905e52679a9ce3bca0bd91a950a03e0eaa1b2f8bb3e9908"", ""buyer_location"": {""buyer_city"": ""Kolkata""}}, ""seller_details"": {""seller_name"": ""4a725f6941094d5335fba91bfaf4a3bc161cc87df1f354c4c604e5a55cb2fbf4"", ""seller_location"": {""seller_city"": ""Pune""}}}",2026-07-29 06:07:45.015,148558264746,29/07/26
151554063,BUYER,859,"{""payment"": {""payment_details"": ""60 plus GST per piece""}, ""callback"": ""callback by tomorrow - to check the color chart on WhatsApp (Kal bhejta hoon WhatsApp pe)"", ""lead_tag"": {""deal_blockers"": [], ""deal_readiness"": ""Warm"", ""deal_readiness_reason"": ""Genuine requirement for 500 units discussed with price and location specifics, pending color selection.""}, ""metadata"": {""call_type"": {""type"": ""B2B"", ""reason"": ""Industrial specifications like 20/30 nylon and bulk quantity of 500 pieces signify a B2B transaction for manufacturing use."", ""evidence"": {""keywords"": [""20/30 Nylon"", ""V-Cone"", ""1000 Meter"", ""Bulk Quantity""], ""order_type"": [""bulk"", ""commercial""], ""repeat_buyer"": true, ""buyer_persona"": {""persona_detail"": ""Textile or Apparel Manufacturer"", ""persona_category"": ""manufacturer""}, ""quantity_scale"": ""High""}}, ""buyer_intent"": {""narrative"": ""Interested in purchasing 500 units of nylon thread v-cones in multiple colors."", ""reasoning"": ""The buyer specifies the technical size (20/30), knows the unit (v-cone), and asks for specific colors, indicating a professional industrial requirement."", ""intent_level"": ""High""}, ""call_outcome"": {""category"": ""Follow-up"", ""conclusion_notes"": ""Will send color requirements on WhatsApp for finalization (WhatsApp karta hoon color details).""}, ""call_purpose"": ""requirement"", ""all_languages"": [""Hindi"", ""English"", ""Tamil""], ""primary_language"": ""Hindi"", ""additional_details"": {""buyer_queries"": [{""query"": ""Is 20/30 nylon thread available?"", ""category"": ""Availability"", ""sequence"": 1}, {""query"": ""Is it available in KG unit?"", ""category"": ""Quantity"", ""sequence"": 3}, {""query"": ""Is color mixing available?"", ""category"": ""Availability"", ""sequence"": 5}, {""query"": ""What is the price per piece?"", ""category"": ""Pricing"", ""sequence"": 9}], ""seller_queries"": [{""query"": ""Which thread do you need?"", ""category"": ""Specifications"", ""sequence"": 2}, {""query"": ""Do you need it in white or color?"", ""category"": ""Specifications"", ""sequence"": 4}, {""query"": ""Where are you calling from?"", ""category"": ""Location"", ""sequence"": 6}, {""query"": ""What is the quantity you require per color?"", ""category"": ""Quantity"", ""sequence"": 7}, {""query"": ""Do you need 1000 meter v-cones?"", ""category"": ""Specifications"", ""sequence"": 8}]}, ""intended_application"": ""Industrial Sewing""}, ""products"": [{""price"": {""gst"": {""value"": 18, ""is_gst_included"": false}, ""value"": 60, ""currency"": ""INR"", ""price_unit"": ""piece"", ""buyer_price_reaction"": {""quote"": ""Okay okay sir"", ""category"": ""Accepted""}}, ""in_stock"": ""in stock"", ""product_name"": ""20/30 Nylon Thread (V-Cone)"", ""specifications"": [{""name"": ""Size"", ""value"": ""20/30"", ""buyer_requested"": true, ""seller_mentioned"": true}, {""name"": ""Material"", ""value"": ""Nylon"", ""buyer_requested"": false, ""seller_mentioned"": true}, {""name"": ""Unit Type"", ""value"": ""V-Cone"", ""buyer_requested"": true, ""seller_mentioned"": true}, {""name"": ""Length"", ""unit"": ""meter"", ""value"": ""1000"", ""buyer_requested"": false, ""seller_mentioned"": true}], ""quantity_required"": {""unit"": ""pieces"", ""value"": 500}, ""related_categories"": [{""name"": ""Industrial Sewing Threads"", ""reason"": ""Used for industrial sewing applications as per size and cone type.""}, {""name"": ""High Tenacity Polyester Thread"", ""reason"": ""Nylon threads are often categorized under high tenacity industrial threads.""}], ""is_buyer_interested"": true, ""most_specific_category"": {""name"": ""Nylon Thread"", ""reason"": ""Explicitly discussed as 20/30 nylon thread.""}, ""seller_accepts_quantity"": true}], ""next_steps"": {""buyer_next_steps"": [""To share color photos on WhatsApp"", ""To confirm total order quantity""], ""seller_next_steps"": [""To share catalog or color chart on WhatsApp"", ""To confirm final price inclusive of shipping to Tamil Nadu""]}, ""buyer_details"": {""buyer_name"": ""4764a7b3de2b2069fb2b3f2046552932863b7b27476f0aa47905c110931bcd10"", ""buyer_mobile_number"": ""0fb7229fcba8ed690babc99f140483f5ea9f66e0d7af56f030af222e74d6324c""}, ""seller_details"": {""seller_location"": {""seller_city"": ""Surat""}}}",2026-07-29 05:59:23.801,148564173213,29/07/26
272453119,BUYER,222429,"{""lead_tag"": {""deal_blockers"": [{""detail"": ""Seller does not deal in solar pumps"", ""category"": ""Availability""}], ""deal_readiness"": ""Cold"", ""deal_readiness_reason"": ""The seller explicitly stated they do not deal in the requested product. ""}, ""metadata"": {""call_type"": {""type"": ""B2B"", ""reason"": ""The buyer reached out regarding a specific industrial/commercial solar pump component requirement but the transaction was void as the seller doesn't deal in it."", ""evidence"": {""keywords"": [""Solar Pump Controller"", ""Dewal Pump"", ""IndiaMART""]}}, ""buyer_intent"": {""narrative"": ""The buyer is inquiring about a solar pump controller but the seller does not provide it."", ""reasoning"": ""The inquiry is specific to solar pump controllers but since the seller doesn't deal in it, the intent further couldn't be assessed or converted."", ""intent_level"": ""Low""}, ""call_outcome"": {""category"": ""Lost"", ""conclusion_notes"": ""Seller does not deal in solar pumps (Hum solar pump se wo material nahi rakhte)""}, ""call_purpose"": ""requirement"", ""all_languages"": [""Hindi"", ""English""], ""primary_language"": ""Hindi"", ""additional_details"": {""buyer_queries"": [{""query"": ""Do you have a controller for solar pumps?"", ""category"": ""Availability"", ""sequence"": 1}], ""seller_queries"": [{""query"": ""From which city are you calling?"", ""category"": ""Location"", ""sequence"": 2}]}}, ""products"": [{""in_stock"": ""not sold"", ""product_name"": ""Solar Pump Controller"", ""specifications"": [{""name"": ""Type"", ""value"": ""Solar"", ""buyer_requested"": true, ""seller_mentioned"": false}], ""related_categories"": [{""name"": ""Solar Pumps"", ""reason"": ""The controller is a major component used in solar pump systems.""}], ""is_buyer_interested"": true, ""most_specific_category"": {""name"": ""Solar Pump Controller"", ""reason"": ""The buyer explicitly asked for a controller for a solar pump.""}}], ""next_steps"": {""buyer_next_steps"": [""To search for the product on Google""], ""seller_next_steps"": []}, ""buyer_details"": {""buyer_name"": ""20c2e619a4484e05412263d1aca373e7672e44118e53314a57af3e7164f05ad4"", ""buyer_location"": {""buyer_city"": ""Yavatmal"", ""buyer_state"": ""Maharashtra""}}, ""seller_details"": {""seller_name"": ""768a238e0667c41c9312d886dd3bf18df4825c6d73b0e096e33ac066a7207c05""}}",2026-07-29 05:58:48.745,148564776146,29/07/26
266988891,BUYER,181028,"{""callback"": ""callback by Tomorrow evening - To confirm the order (Kal shaam tak call karke batata hoon)"", ""lead_tag"": {""deal_blockers"": [], ""deal_readiness"": ""Warm"", ""deal_readiness_reason"": ""Genuine inquiry with quantity and price discussion but needs to confirm after checking locally.""}, ""metadata"": {""call_type"": {""type"": ""B2B"", ""reason"": ""Buyer is purchasing 200 units of mobile data cables for commercial resale in his shop."", ""evidence"": {""keywords"": [""Type C"", ""V8 Cable"", ""Shop use""], ""order_type"": [""bulk"", ""commercial""], ""repeat_buyer"": false, ""buyer_persona"": {""persona_detail"": ""Mobile Accessories Shop"", ""persona_category"": ""retailer""}, ""quantity_scale"": ""High""}}, ""buyer_intent"": {""narrative"": ""Wants 200 pieces of Type C and V8 mobile data cables for his shop."", ""reasoning"": ""Piyush specified quantities for multiple cable types and discussed delivery timelines and per-piece rates."", ""intent_level"": ""High""}, ""call_outcome"": {""category"": ""Follow-up"", ""conclusion_notes"": ""Will check local market and confirm by tomorrow evening (Local dekh ke kal shaam tak batata hoon)""}, ""call_purpose"": ""requirement"", ""all_languages"": [""Hindi"", ""English""], ""primary_language"": ""Hindi"", ""additional_details"": {""buyer_queries"": [{""query"": ""What is the rate?"", ""category"": ""Pricing"", ""sequence"": 1, ""answer_by_seller"": ""The rate is 55 rupees for 3.1 ampere and 50 rupees for 2.4 ampere.""}, {""query"": ""When will I get the delivery?"", ""category"": ""Delivery"", ""sequence"": 3, ""answer_by_seller"": ""If you order today, it will reach you in 2 to 3 days.""}], ""seller_queries"": [{""query"": ""How much quantity do you need?"", ""category"": ""Quantity"", ""sequence"": 2, ""answer_by_buyer"": ""I need around 200 pieces of Type C and V8 cables combined.""}]}, ""intended_application"": ""Retail Resale""}, ""products"": [{""price"": {""value"": 55, ""currency"": ""INR"", ""price_unit"": ""piece"", ""buyer_price_reaction"": {""quote"": ""Can you do it for 50? (50 nahi ho sakta?)"", ""category"": ""Negotiating""}}, ""in_stock"": ""in stock"", ""product_name"": ""Type C Data Cable"", ""specifications"": [{""name"": ""Current"", ""unit"": ""A"", ""value"": ""3.1"", ""buyer_requested"": false, ""seller_mentioned"": true}], ""quantity_required"": {""unit"": ""pieces"", ""value"": 100}, ""related_categories"": [{""name"": ""USB Data Cable"", ""reason"": ""Type C is a standard USB data cable type.""}], ""is_buyer_interested"": true, ""most_specific_category"": {""name"": ""Type C Cable"", ""reason"": ""The buyer explicitly asked for Type C data cables.""}, ""seller_accepts_quantity"": true}, {""price"": {""value"": 50, ""currency"": ""INR"", ""price_unit"": ""piece"", ""buyer_price_reaction"": {""quote"": ""Okay (Theek hai)"", ""category"": ""Accepted""}}, ""in_stock"": ""in stock"", ""product_name"": ""V8 Data Cable (Micro USB)"", ""specifications"": [{""name"": ""Current"", ""unit"": ""A"", ""value"": ""2.4"", ""buyer_requested"": false, ""seller_mentioned"": true}], ""quantity_required"": {""unit"": ""pieces"", ""value"": 100}, ""related_categories"": [{""name"": ""Mobile Phone Cable"", ""reason"": ""Used for charging mobile phones with V8 ports.""}], ""is_buyer_interested"": true, ""most_specific_category"": {""name"": ""Micro USB Cable"", ""reason"": ""The term V8 refers to the standard Micro USB charging cable.""}, ""seller_accepts_quantity"": true}], ""next_steps"": {""buyer_next_steps"": [""To check local market rates"", ""To call back tomorrow evening to confirm the order""], ""seller_next_steps"": [""To share catalog or images if requested on WhatsApp""]}, ""buyer_details"": {""buyer_name"": ""8df3f78d03d2e7a4b62cb602cd632ff1107af815f9ff372b557e692b8587fd2b""}, ""seller_details"": {""seller_name"": ""44d976e71de96697f3a8d523b64925fd33fdc072b70ca624d3ba112016d46ce9""}}",2026-07-29 05:55:41.475,148564662759,29/07/26
31881772,BUYER,214743,"{""payment"": {}, ""callback"": ""callback by Monday 1 PM - To confirm stock(Mala tumhala call kara lage Monday la 1 baje),"", ""lead_tag"": {""deal_blockers"": [], ""deal_readiness"": ""Warm"", ""deal_readiness_reason"": ""The buyer shows genuine interest and discussed several quantities but no final action was confirmed.""}, ""metadata"": {""call_type"": {""type"": ""B2B"", ""reason"": ""The buyer is inquiring for a business requirement with a bulk quantity."", ""evidence"": {""keywords"": [""Bhimseni Camphor"", ""Bulk Purchase""], ""order_type"": [""bulk""], ""quantity_scale"": ""High""}}, ""buyer_intent"": {""narrative"": ""Wants to buy Bhimseni camphor in bulk for business purposes."", ""reasoning"": ""The buyer has specific product requirements and is inquiring about sizes and quantities available for purchase."", ""intent_level"": ""Medium""}, ""call_outcome"": {""category"": ""Follow-up"", ""conclusion_notes"": ""The buyer will share details or follow up after receiving information from the seller. (Details Bhejo, follow up karke batata hu.)""}, ""call_purpose"": ""requirement"", ""all_languages"": [""Marathi"", ""English""], ""primary_language"": ""Marathi"", ""additional_details"": {""buyer_queries"": [{""query"": ""Do you have Bhimseni Camphor?"", ""category"": ""Availability"", ""sequence"": 1, ""answer_by_seller"": ""Yes, we have it available.""}, {""query"": ""What jar sizes are available for the camphor?"", ""category"": ""Specifications"", ""sequence"": 2, ""answer_by_seller"": ""The products are available in 25, 50, and 100g jar sizes.""}, {""query"": ""Is your business based in Chandwad?"", ""category"": ""Location"", ""sequence"": 4, ""answer_by_seller"": ""Our business is based in Chandwad.""}], ""seller_queries"": [{""query"": ""What quantity do you need?"", ""category"": ""Quantity"", ""sequence"": 3, ""answer_by_buyer"": ""I need approximately 5-10 kg, depending on your box size.""}]}, ""intended_application"": ""Retail Resale""}, ""products"": [{""in_stock"": ""in stock"", ""product_name"": ""Bhimseni Camphor"", ""specifications"": [{""name"": ""Size"", ""unit"": ""g"", ""value"": ""25"", ""buyer_requested"": true, ""seller_mentioned"": true}, {""name"": ""Size"", ""unit"": ""g"", ""value"": ""50"", ""buyer_requested"": true, ""seller_mentioned"": true}, {""name"": ""Size"", ""unit"": ""g"", ""value"": ""100"", ""buyer_requested"": true, ""seller_mentioned"": true}], ""quantity_required"": {""unit"": ""kg"", ""value"": 5}, ""related_categories"": [{""name"": ""Bhimseni Camphor"", ""reason"": ""Product explicitly identified as Bhimseni Camphor.""}, {""name"": ""Camphor"", ""reason"": ""Bhimseni Camphor is a specialized form of camphor.""}], ""is_buyer_interested"": true, ""most_specific_category"": {""name"": ""Bhimseni Camphor"", ""reason"": ""The buyer explicitly states the requirement for Bhimseni Camphor.""}, ""seller_accepts_quantity"": true}, {""in_stock"": ""in stock"", ""product_name"": ""Bhimseni Camphor"", ""specifications"": [{""name"": ""Size"", ""unit"": ""g"", ""value"": ""25"", ""buyer_requested"": true, ""seller_mentioned"": true}, {""name"": ""Size"", ""unit"": ""g"", ""value"": ""50"", ""buyer_requested"": true, ""seller_mentioned"": true}, {""name"": ""Size"", ""unit"": ""g"", ""value"": ""100"", ""buyer_requested"": true, ""seller_mentioned"": true}], ""quantity_required"": {""unit"": ""kg"", ""value"": 10}, ""related_categories"": [{""name"": ""Bhimseni Camphor"", ""reason"": ""Product explicitly identified as Bhimseni Camphor.""}, {""name"": ""Camphor"", ""reason"": ""Bhimseni Camphor is a specialized form of camphor.""}], ""is_buyer_interested"": true, ""most_specific_category"": {""name"": ""Bhimseni Camphor"", ""reason"": ""The buyer explicitly states the requirement for Bhimseni Camphor.""}, ""seller_accepts_quantity"": true}], ""next_steps"": {""buyer_next_steps"": [""To follow up after receiving the product information from the seller.""], ""seller_next_steps"": [""To share product details and sizes on WhatsApp.""]}, ""buyer_details"": {""buyer_name"": ""fc902c216945282ab5949a0fd6ee5be177f5085d46651fb46647bac375069214"", ""buyer_location"": {""buyer_city"": ""Pune""}}, ""seller_details"": {""seller_name"": ""20438ea8160a2618c97bc52837fe0bc32e1238c5f0905d0594d7f6e04d1dc9c7"", ""seller_location"": {""seller_city"": ""Chandwad""}}}",2026-07-29 05:51:45.268,148563938452,29/07/26
272447107,BUYER,187166,"{""callback"": ""callback by Tomorrow 5 PM - Follow-up on product interest (Kal 5 baje call karta hoon)"", ""lead_tag"": {""deal_blockers"": [{""detail"": ""Seller does not deal in Epilators requested by buyer"", ""category"": ""Availability""}], ""deal_readiness"": ""Cold"", ""deal_readiness_reason"": ""Buyer requires an epilator which the seller does not manufacture or supply.""}, ""metadata"": {""call_type"": {""type"": ""B2C"", ""reason"": ""The buyer is seeking a single personal care appliance (epilator) for personal use, indicating a B2C interaction."", ""evidence"": {""keywords"": [""Hair Removal"", ""Philips Epilator""], ""order_type"": [""one-time""], ""repeat_buyer"": false, ""buyer_persona"": {""persona_category"": ""end_consumer""}, ""quantity_scale"": ""Low""}}, ""buyer_intent"": {""narrative"": ""Buyer is looking for a Philips epilator for hair removal."", ""reasoning"": ""The buyer has a specific requirement for a hair removal device but the seller is into air purifiers, making the lead irrelevant for the seller's business."", ""intent_level"": ""Low""}, ""call_outcome"": {""category"": ""Lost"", ""conclusion_notes"": ""The seller does not deal in the requested product (Epilator).""}, ""call_purpose"": ""requirement"", ""all_languages"": [""Hindi"", ""English""], ""primary_language"": ""Hindi"", ""additional_details"": {""buyer_queries"": [{""query"": ""Where can I get the Philips epilator?"", ""category"": ""Availability"", ""sequence"": 2, ""answer_by_seller"": ""I deal in air purifiers and don't have information on where to find Philips epilators, suggesting online search on Google or Amazon.""}], ""seller_queries"": [{""query"": ""Are you calling from Jammu and what is your requirement?"", ""category"": ""Specifications"", ""sequence"": 1, ""answer_by_buyer"": ""I am from Srinagar and need a Philips epilator for hair removal.""}]}, ""intended_application"": ""Hair Removal""}, ""products"": [{""in_stock"": ""not sold"", ""product_name"": ""Air Purifier"", ""related_categories"": [{""name"": ""Indoor Air Purifier"", ""reason"": ""Air purifiers are commonly used for indoor air quality improvement.""}], ""is_buyer_interested"": true, ""most_specific_category"": {""name"": ""Air Purifier"", ""reason"": ""The seller explicitly stated they manufacture and supply air purifiers.""}}, {""in_stock"": ""not sold"", ""product_name"": ""Philips Epilator"", ""specifications"": [{""name"": ""Brand"", ""value"": ""Philips"", ""buyer_requested"": true, ""seller_mentioned"": false}, {""name"": ""Use"", ""value"": ""Hair Removal"", ""buyer_requested"": true, ""seller_mentioned"": false}], ""is_buyer_interested"": true}], ""next_steps"": {""buyer_next_steps"": [""To search for the product on Google or Amazon""], ""seller_next_steps"": []}, ""buyer_details"": {""buyer_name"": ""b33ad86dd904da2a92415361c9d11b23873f6f5d4b5a3b0abb6960943961f5fd"", ""buyer_location"": {""buyer_city"": ""Srinagar""}}, ""seller_details"": {""seller_name"": ""79032b8a85663acddd601fd25371b7cb91f3ee6fbe68215f3cf6d4736bcbeea9"", ""seller_location"": {""seller_city"": ""Mumbai""}}}",2026-07-29 05:49:38.690,148558419967,29/07/26
215539755,BUYER,78087,"{""callback"": ""callback by Tomorrow - To discuss details (Main details share kar deta hoon WhatsApp pe)"", ""lead_tag"": {""deal_blockers"": [], ""deal_readiness"": ""Warm"", ""deal_readiness_reason"": ""Buyer shared specific specifications and seller is following up with details on WhatsApp tomorrow.""}, ""metadata"": {""call_type"": {""type"": ""B2B"", ""reason"": ""The buyer is inquiring about specific industrial polishing components like wool pads, typical of a B2B requirement for detailing or manufacturing businesses."", ""evidence"": {""order_type"": [""commercial""], ""quantity_scale"": ""High""}}, ""buyer_intent"": {""narrative"": ""Looking for 5 inch wool pads and has already initiated contact on WhatsApp."", ""reasoning"": ""The buyer provided specific size requirements and had already messaged on WhatsApp, indicating a genuine need."", ""intent_level"": ""Medium""}, ""call_outcome"": {""category"": ""Follow-up"", ""conclusion_notes"": ""Seller will share details on WhatsApp and follow up (Main details share kar deta hoon WhatsApp pe).""}, ""call_purpose"": ""requirement"", ""all_languages"": [""Hindi"", ""English""], ""primary_language"": ""Hindi"", ""additional_details"": {""buyer_queries"": [{""query"": ""Do you have 5 inch wool pads?"", ""category"": ""Availability"", ""sequence"": 1}], ""seller_queries"": [{""query"": ""What's your requirement specifically for the 5 inch pads?"", ""category"": ""Specifications"", ""sequence"": 2, ""answer_by_buyer"": ""I'm looking for 5 inch wool pads.""}]}}, ""products"": [{""in_stock"": ""in stock"", ""product_name"": ""Wool Pad"", ""specifications"": [{""name"": ""Size"", ""unit"": ""inch"", ""value"": ""5"", ""buyer_requested"": true, ""seller_mentioned"": true}], ""related_categories"": [{""name"": ""Buffing Pad"", ""reason"": ""Wool pads are primarily used for buffing applications.""}, {""name"": ""Polishing Pads"", ""reason"": ""Wool pads belong to the broader category of polishing pads used in surface finishing.""}], ""is_buyer_interested"": true, ""most_specific_category"": {""name"": ""Wool Pad"", ""reason"": ""The product is explicitly identified as a wool pad used for buffing and polishing.""}}], ""next_steps"": {""buyer_next_steps"": [""To check product details once received on WhatsApp""], ""seller_next_steps"": [""To share product details and catalog on WhatsApp""]}, ""buyer_details"": {""buyer_name"": ""29d6923085ad704deb9d926cfb422b4eb905866ade4b900ae636286f114dd285""}, ""seller_details"": {""seller_name"": ""abfd3f1357c52d8fbf9d89912080b84a28430e19eb7a27bc50f15776fdb5394f""}}",2026-07-29 05:49:16.369,148558343395,29/07/26
215539755,BUYER,78087,"{""callback"": ""callback by Tomorrow 10 AM - To discuss pricing (Kal subah das baje call karke rate batata hoon)"", ""lead_tag"": {""deal_blockers"": [{""detail"": ""Competitive pricing discussion pending"", ""category"": ""Price""}], ""deal_readiness"": ""Warm"", ""deal_readiness_reason"": ""Discussed specific products and requested follow-up for pricing""}, ""metadata"": {""call_type"": {""type"": ""B2B"", ""reason"": ""Buyer is inquiring about car polishing accessories, implying a shop or service business context"", ""evidence"": {""keywords"": [""Polishing Pads"", ""Foam Pad"", ""Wool Pad""], ""buyer_persona"": {""persona_category"": ""retailer""}}}, ""buyer_intent"": {""narrative"": ""Wants to purchase wool and foam polishing pads for automotive use"", ""reasoning"": ""Buyer specifically inquired about sizes and requested pricing for polishing pads"", ""intent_level"": ""Medium""}, ""call_outcome"": {""category"": ""Follow-up"", ""conclusion_notes"": ""Will talk tomorrow morning to discuss rates (Kal subah baat karenge rate pe)""}, ""call_purpose"": ""requirement"", ""all_languages"": [""Malayalam"", ""English""], ""primary_language"": ""Malayalam"", ""additional_details"": {""buyer_queries"": [{""query"": ""Do you have wool pads?"", ""category"": ""Availability"", ""sequence"": 1}, {""query"": ""Is it 7-inch or 5-inch size?"", ""category"": ""Specifications"", ""sequence"": 3}, {""query"": ""What is the price?"", ""category"": ""Pricing"", ""sequence"": 5}], ""seller_queries"": [{""query"": ""Are you asking for polishing pads?"", ""category"": ""Specifications"", ""sequence"": 2}, {""query"": ""Is foam pad also required?"", ""category"": ""Specifications"", ""sequence"": 4}]}, ""intended_application"": ""Car Polishing""}, ""products"": [{""in_stock"": ""in stock"", ""product_name"": ""Wool Polishing Pad"", ""specifications"": [{""name"": ""Size"", ""unit"": ""inch"", ""value"": ""7"", ""buyer_requested"": true, ""seller_mentioned"": true}], ""related_categories"": [{""name"": ""Polishing Pads"", ""reason"": ""Broad category for abrasive material pads""}], ""is_buyer_interested"": true, ""most_specific_category"": {""name"": ""Wool Pad"", ""reason"": ""Explicitly discussed wool pads for polishing""}}, {""in_stock"": ""in stock"", ""product_name"": ""Foam Polishing Pad"", ""specifications"": [{""name"": ""Size"", ""unit"": ""inch"", ""value"": ""5"", ""buyer_requested"": true, ""seller_mentioned"": true}], ""related_categories"": [{""name"": ""Car Polishing Pad"", ""reason"": ""Specific category for automotive detailing""}], ""is_buyer_interested"": true, ""most_specific_category"": {""name"": ""Compounding Pad"", ""reason"": ""Foam pads are commonly used for compounding/polishing""}}], ""next_steps"": {""buyer_next_steps"": [""To receive pricing information""], ""seller_next_steps"": [""To check stock and call back with rates""]}, ""buyer_details"": {""buyer_name"": ""29d6923085ad704deb9d926cfb422b4eb905866ade4b900ae636286f114dd285""}, ""seller_details"": {""seller_name"": ""22751372c013052edc58868ae3803701ca860a9b72e72b1717961aaa13258a56""}}",2026-07-29 05:41:51.306,148558343395,29/07/26
152489773,BUYER,38963,"{""callback"": ""callback by Tomorrow - To confirm the stock availability. (Kal batata hoon)"", ""lead_tag"": {""deal_blockers"": [{""detail"": ""Check stock availability"", ""category"": ""Other""}], ""deal_readiness"": ""Warm"", ""deal_readiness_reason"": ""Buyer is interested in purchasing 3 sets of soft toilet Seat covers and will proceed further after stock confirmation.""}, ""metadata"": {""call_type"": {""type"": ""B2B"", ""reason"": ""The buyer asks for 3 sets of soft toilet seats which shows a B2B requirement."", ""evidence"": {""keywords"": [""Soft Toilet Seat Cover"", ""3 Sets""], ""order_type"": [""bulk""], ""repeat_buyer"": true, ""buyer_persona"": {""persona_detail"": ""Retailer"", ""persona_category"": ""retailer""}, ""quantity_scale"": ""High""}}, ""buyer_intent"": {""narrative"": ""The buyer is interested to purchase 3 sets of soft toilet seat covers."", ""reasoning"": ""The buyer has shared the product requirement clearly and also enquired about the units and price."", ""intent_level"": ""High""}, ""call_outcome"": {""category"": ""Follow-up"", ""conclusion_notes"": ""The seller will check for the stock and let the buyer know. (Kal batata hoon)""}, ""call_purpose"": ""requirement"", ""all_languages"": [""Hindi"", ""English""], ""primary_language"": ""Hindi"", ""additional_details"": {""buyer_queries"": [{""query"": ""How much pieces will be provided in a set?"", ""category"": ""Specifications"", ""sequence"": 1}], ""seller_queries"": [{""query"": ""How many sets will you require?"", ""category"": ""Quantity"", ""sequence"": 2}]}}, ""products"": [{""price"": {""value"": 515, ""currency"": ""INR"", ""price_unit"": ""set"", ""buyer_price_reaction"": {""quote"": ""Theek hai (Okay)"", ""category"": ""Accepted""}}, ""in_stock"": ""in stock"", ""product_name"": ""Soft Toilet Seat Cover"", ""specifications"": [{""name"": ""Units"", ""value"": ""2 pieces in one set"", ""buyer_requested"": false, ""seller_mentioned"": true}], ""quantity_required"": {""unit"": ""sets"", ""value"": 3}, ""related_categories"": [{""name"": ""Plastic Toilet Seat Covers"", ""reason"": ""The seat cover is made up of plastic material.""}], ""is_buyer_interested"": true, ""most_specific_category"": {""name"": ""Soft Toilet Seats"", ""reason"": ""The product discussed is a seat cover made of soft material.""}, ""seller_accepts_quantity"": true}], ""next_steps"": {""buyer_next_steps"": [""To provide the delivery address."", ""To pay for the products.""], ""seller_next_steps"": [""To confirm the stock availability of the product."", ""To share the catalog over WhatsApp."", ""To share the bank details once stock is confirmed.""]}, ""buyer_details"": {""buyer_name"": ""af674ed66a726918583170c53c585b02055e388d07642154616e10d0bd04fc63""}, ""seller_details"": {""seller_name"": ""5ef5ef0364b6939c4ca61f34b393f7b368d1be8619647aaf83d5b395919ab629""}}",2026-07-29 05:40:19.443,148564178113,29/07/26
272447107,BUYER,187166,"{""callback"": ""callback by Today - To share rate (main WhatsApp pe share kar dungi)"", ""lead_tag"": {""deal_blockers"": [], ""deal_readiness"": ""Warm"", ""deal_readiness_reason"": ""The buyer has a specific product requirement and the seller has offered to share pricing via WhatsApp shortly.""}, ""metadata"": {""call_type"": {""type"": ""B2C"", ""reason"": ""The buyer requested a single unit for personal hair removal, indicating a retail/consumer purchase rather than a business transaction."", ""evidence"": {""order_type"": [""one-time""], ""repeat_buyer"": false, ""buyer_persona"": {""persona_category"": ""end_consumer""}, ""quantity_scale"": ""Low""}}, ""buyer_intent"": {""narrative"": ""Wants to purchase 1 piece of Philips hair removal epilator."", ""reasoning"": ""The buyer named a specific brand and product for immediate individual use."", ""intent_level"": ""High""}, ""call_outcome"": {""category"": ""Follow-up"", ""conclusion_notes"": ""Seller will share the price and details on WhatsApp once checked (main WhatsApp par share kar dungi)""}, ""call_purpose"": ""requirement"", ""all_languages"": [""Hindi"", ""English""], ""primary_language"": ""Hindi"", ""additional_details"": {""buyer_queries"": [{""query"": ""Are you from Philips company?"", ""category"": ""Availability"", ""sequence"": 1}, {""query"": ""Do you have the hair removal epilator from Philips?"", ""category"": ""Availability"", ""sequence"": 3}, {""query"": ""What is the rate for it?"", ""category"": ""Pricing"", ""sequence"": 5}], ""seller_queries"": [{""query"": ""How many pieces of the hair removal epilator do you need?"", ""category"": ""Quantity"", ""sequence"": 2}, {""query"": ""What is your location?"", ""category"": ""Location"", ""sequence"": 4}]}}, ""products"": [{""price"": {""buyer_price_reaction"": {""quote"": ""What is the rate? (rate kya hai)"", ""category"": ""Negotiating""}}, ""in_stock"": ""in stock"", ""product_name"": ""Philips Hair Removal Epilator"", ""specifications"": [{""name"": ""Brand"", ""value"": ""Philips"", ""buyer_requested"": false, ""seller_mentioned"": true}], ""quantity_required"": {""unit"": ""piece"", ""value"": 1}, ""is_buyer_interested"": true, ""most_specific_category"": {""name"": ""Air Purifier"", ""reason"": ""Though an epilator was discussed, mapping requires selection from the given schema which only includes air purification categories.""}, ""seller_accepts_quantity"": true}], ""next_steps"": {""buyer_next_steps"": [""To receive and review price details on WhatsApp""], ""seller_next_steps"": [""To check price of the Philips epilator"", ""To share price details with the buyer on WhatsApp""]}, ""buyer_details"": {""buyer_name"": ""b33ad86dd904da2a92415361c9d11b23873f6f5d4b5a3b0abb6960943961f5fd""}, ""seller_details"": {""seller_name"": ""af674ed66a726918583170c53c585b02055e388d07642154616e10d0bd04fc63""}}",2026-07-29 05:32:11.464,148558419967,29/07/26
101163263,BUYER,85409,"{""callback"": ""callback by Tomorrow 10 AM - To discuss pump specifications (Kal subah 10 baje call karta hoon)"", ""lead_tag"": {""deal_blockers"": [], ""deal_readiness"": ""Warm"", ""deal_readiness_reason"": ""Interested in 4-piston pump and scheduled a specific follow-up for tomorrow morning.""}, ""metadata"": {""call_type"": {""type"": ""B2B"", ""reason"": ""The buyer is inquiring about specialized cleaning equipment (4-piston HTP pump) typically used in commercial car wash setups."", ""evidence"": {""order_type"": [""commercial""], ""quantity_scale"": ""Low""}}, ""buyer_intent"": {""narrative"": ""Seeking a 4-piston HTP pump for car washing."", ""reasoning"": ""The buyer specified the pump type (HTP), the configuration (4-piston/cylinder), and scheduled a follow-up call."", ""intent_level"": ""High""}, ""call_outcome"": {""category"": ""Follow-up"", ""conclusion_notes"": ""Agreed to discuss details tomorrow morning (Kal subah baat karte hain).""}, ""call_purpose"": ""requirement"", ""all_languages"": [""Hindi"", ""English""], ""primary_language"": ""Hindi"", ""additional_details"": {""buyer_queries"": [{""query"": ""What is the price for a 4-piston car washer pump?"", ""category"": ""Specifications"", ""sequence"": 1}], ""seller_queries"": [{""query"": ""Are you looking for an HTP pump?"", ""category"": ""Specifications"", ""sequence"": 2, ""answer_by_buyer"": ""Yes, I need the HTP pump specifically.""}]}, ""intended_application"": ""Car Washing""}, ""products"": [{""in_stock"": ""in stock"", ""product_name"": ""4-Piston HTP Pump (Car Washer Pump)"", ""specifications"": [{""name"": ""Number of Pistons"", ""value"": ""4"", ""buyer_requested"": true, ""seller_mentioned"": true}, {""name"": ""Type"", ""value"": ""HTP"", ""buyer_requested"": true, ""seller_mentioned"": true}], ""related_categories"": [{""name"": ""Car Washing Pump"", ""reason"": ""The buyer mentioned using it as a car washer.""}, {""name"": ""Piston Pumps"", ""reason"": ""The product was specifically described as a 4-piston model.""}], ""is_buyer_interested"": true, ""most_specific_category"": {""name"": ""HTP Pump"", ""reason"": ""The buyer and seller explicitly discussed an HTP pump for car washing.""}}], ""next_steps"": {""buyer_next_steps"": [""To call back at 10 AM tomorrow to discuss technical details""], ""seller_next_steps"": [""To provide specifications and pricing for the 4-piston HTP pump""]}, ""buyer_details"": {""buyer_name"": ""b0eecdf4981c1143ac3caf59329c7f81336116e3f68eee7cac012b95d42a058f""}, ""seller_details"": {""seller_name"": ""22b91144cd86ad7f21f30e005010d6ef3c1833cd93397952a1b8d5e4ec6e5d43""}}",2026-07-29 05:32:02.318,148564510213,29/07/26
22098309,BUYER,95337,"{""callback"": ""callback by Tomorrow - To share more details or proceed further if discussed in future (Kal baat karte hain)"", ""lead_tag"": {""deal_blockers"": [{""detail"": ""The buyer pointed out that the prices shown on IndiaMART are lower compared to the quoted price."", ""category"": ""Price""}], ""deal_readiness"": ""Warm"", ""deal_readiness_reason"": ""The buyer has a specific requirement and mentioned a price difference, indicating they are in the research phase but have clear intent.""}, ""metadata"": {""call_type"": {""type"": ""B2C"", ""reason"": ""The conversation is about a single water tank for personal use, making it a B2C interaction."", ""evidence"": {""keywords"": [""300 Liters"", ""Water Tank"", ""Square Shape"", ""IndiaMART Price""], ""order_type"": [""one-time""], ""repeat_buyer"": false, ""quantity_scale"": ""Low""}}, ""buyer_intent"": {""narrative"": ""The buyer is looking for a 300 Liters square shaped water tank."", ""reasoning"": ""The buyer has a clear specification (300 Liters, square shape) and is actively comparing prices, showing high interest."", ""intent_level"": ""High""}, ""call_outcome"": {""category"": ""Follow-up"", ""conclusion_notes"": ""The buyer will think about the price difference and follow up later.""}, ""call_purpose"": ""requirement"", ""all_languages"": [""Telugu"", ""Hindi"", ""English""], ""primary_language"": ""Telugu"", ""additional_details"": {""buyer_queries"": [{""query"": ""I need a 300 Liters square shape water tank?"", ""category"": ""Quantity"", ""sequence"": 1}, {""query"": ""Where is the location?"", ""category"": ""Location"", ""sequence"": 3}, {""query"": ""What is the price or rate?"", ""category"": ""Pricing"", ""sequence"": 5}, {""query"": ""Why is the price higher than shown on IndiaMART?"", ""category"": ""Pricing"", ""sequence"": 7}], ""seller_queries"": [{""query"": ""Where are you located?"", ""category"": ""Location"", ""sequence"": 2}, {""query"": ""What type of tank do you need?"", ""category"": ""Specifications"", ""sequence"": 4}, {""query"": ""Are you still looking for a water tank?"", ""category"": ""Availability"", ""sequence"": 6}]}, ""intended_application"": ""Household use""}, ""products"": [{""price"": {""value"": 3900, ""currency"": ""INR"", ""price_unit"": ""piece"", ""buyer_price_reaction"": {""quote"": ""The rate is lower there; around 1700 to 2200."", ""category"": ""Negotiating""}}, ""in_stock"": ""in stock"", ""product_name"": ""Square Shape Water Tank"", ""specifications"": [{""name"": ""Capacity"", ""unit"": ""L"", ""value"": ""300"", ""buyer_requested"": true, ""seller_mentioned"": true}, {""name"": ""Shape"", ""value"": ""Square"", ""buyer_requested"": true, ""seller_mentioned"": true}], ""quantity_required"": {""unit"": ""pieces"", ""value"": 1}, ""related_categories"": [{""name"": ""Water Storage Tanks"", ""reason"": ""It is used for storing water.""}, {""name"": ""Plastic Water Tank"", ""reason"": ""Most water tanks of this size are made of plastic/PVC.""}], ""is_buyer_interested"": true, ""most_specific_category"": {""name"": ""PVC Water Storage Tank"", ""reason"": ""The buyer is inquiring about a 300L square water tank, which is a type of PVC water storage tank.""}, ""seller_accepts_quantity"": true}], ""next_steps"": {""buyer_next_steps"": [""To review the price and compare with other options.""], ""seller_next_steps"": [""To provide more details or pictures of the 300L square tank on WhatsApp if requested.""]}, ""buyer_details"": {""buyer_name"": ""912967c63ae45de519f389ee69446153148fc6a63d20acc1541c069a2d4b9a1e""}, ""seller_details"": {""seller_name"": ""51b205470095810c9dfb32fbb94b60af0cc2d924c7988cf649643da7f92e262a"", ""seller_location"": {""seller_city"": ""Hyderabad"", ""seller_locality"": ""Bowenpally""}}}",2026-07-29 05:31:58.557,148565087663,29/07/26
217277382,BUYER,187044,"{""callback"": ""callback by Tomorrow evening - To confirm rates and transportation with higher authority (Kal shaam tak call karti hoon sir, baat karke batati hoon.)"", ""lead_tag"": {""deal_blockers"": [], ""deal_readiness"": ""Warm"", ""deal_readiness_reason"": ""The buyer has shared high quantity requirement and location, but final pricing and transportation need confirmation from the seller's end.""}, ""metadata"": {""call_type"": {""type"": ""B2B"", ""reason"": ""The buyer is inquiring about a large quantity (5000 meters) of road dividers for a project in Bulandshahr, indicating a B2B commercial requirement."", ""evidence"": {""keywords"": [""Road Construction"", ""Commercial Project""], ""order_type"": [""bulk"", ""commercial""], ""quantity_scale"": ""High""}}, ""buyer_intent"": {""narrative"": ""Wants 5000 meters of 3-meter concrete road dividers for delivery in Bulandshahr."", ""reasoning"": ""The buyer has a high quantity requirement (5000 meters) and specifically asked for a 3-meter size, indicating a concrete project context."", ""intent_level"": ""High""}, ""call_outcome"": {""category"": ""Follow-up"", ""conclusion_notes"": ""Seller will call back by tomorrow evening after confirming the final price including transportation with the factory owner (Kal shaam tak call karti hoon sir, baat karke batati hoon.)""}, ""call_purpose"": ""requirement"", ""all_languages"": [""Hindi"", ""English""], ""primary_language"": ""Hindi"", ""additional_details"": {""buyer_queries"": [{""query"": ""What will be the price per piece?"", ""category"": ""Pricing"", ""sequence"": 3}], ""seller_queries"": [{""query"": ""Where do you need this delivered?"", ""category"": ""Location"", ""sequence"": 1}, {""query"": ""What is the quantity required?"", ""category"": ""Quantity"", ""sequence"": 2}]}, ""intended_application"": ""Road Construction""}, ""products"": [{""in_stock"": ""in stock"", ""product_name"": ""Concrete Road Divider"", ""specifications"": [{""name"": ""Size"", ""unit"": ""meters"", ""value"": ""3"", ""buyer_requested"": false, ""seller_mentioned"": true}], ""quantity_required"": {""unit"": ""meters"", ""value"": 5000}, ""related_categories"": [{""name"": ""Concrete"", ""reason"": ""Dividers are made of concrete.""}, {""name"": ""Road Safety Products"", ""reason"": ""Road dividers are used for traffic and road safety.""}], ""is_buyer_interested"": true, ""most_specific_category"": {""name"": ""RCC Road Divider"", ""reason"": ""The buyer explicitly asked for concrete road dividers for road work.""}, ""seller_accepts_quantity"": true}], ""next_steps"": {""buyer_next_steps"": [""To wait for a callback from the seller regarding pricing.""], ""seller_next_steps"": [""To check the current rates and transportation costs for 5000 meters to Bulandshahr with the factory head."", ""To call the buyer back by tomorrow evening to provide the final quote.""]}, ""buyer_details"": {""buyer_name"": ""d9becfca41ed8d07a394cf422e945eb6c0f87dcc5c07d463be47bdd19546bdfd""}, ""seller_details"": {""seller_name"": ""906a23af0d94cb0da0688f34cc2f966be6ee707ecaa61d9858afbb5c39516063""}}",2026-07-29 05:29:51.674,148564937413,29/07/26
25139782,BUYER,186240,"{""payment"": {""payment_mode"": ""cash""}, ""callback"": ""callback by 12:30 PM - To check availability and visit shop (12:30 ke aas paas pahuch rahe hain tab de payenge)"", ""lead_tag"": {""deal_blockers"": [], ""deal_readiness"": ""Hot"", ""deal_readiness_reason"": ""Immediate requirement for a single unit and planning to visit the shop by 12:30 PM today.""}, ""metadata"": {""call_type"": {""type"": ""B2C"", ""reason"": ""Buyer is looking for a single unit of a specialized safety tool for immediate use."", ""evidence"": {""keywords"": [""NABL tested"", ""TC Report"", ""36 KV tested"", ""FRP insulated""], ""order_type"": [""one-time""], ""repeat_buyer"": false, ""buyer_persona"": {""persona_category"": ""end_consumer""}, ""quantity_scale"": ""Low""}}, ""buyer_intent"": {""narrative"": ""Wants to buy one Sanmati brand Rescue Hook from Chandni Chowk today."", ""reasoning"": ""Buyer specifically asked for certificates, insulation specs, and committed to a time for purchase."", ""intent_level"": ""High""}, ""call_outcome"": {""category"": ""Follow-up"", ""conclusion_notes"": ""Agreed to visit the shop in Chandni Chowk around 12:30 PM (12:30 ke aas paas pahuch rahe hain tab de payenge)""}, ""call_purpose"": ""requirement"", ""all_languages"": [""Hindi"", ""English""], ""primary_language"": ""Hindi"", ""additional_details"": {""buyer_queries"": [{""query"": ""Is Honeywell Rescue Hook available?"", ""category"": ""Availability"", ""sequence"": 1, ""answer_by_seller"": ""We don’t keep Honeywell, we have Sanmati brand which is NABL tested. Honeywell costs around 11-12k, we will provide this at 1600 INR.""}, {""query"": ""What is the size of the hook?"", ""category"": ""Specifications"", ""sequence"": 2, ""answer_by_seller"": ""Yes, it is 6 feet, same as Honeywell.""}, {""query"": ""Will you provide TC certificate and does it work on 11 KV?"", ""category"": ""Certification"", ""sequence"": 3, ""answer_by_seller"": ""Yes, we will provide NABL TC report. It is tested for 36 KV.""}, {""query"": ""Is it insulated?"", ""category"": ""Specifications"", ""sequence"": 5, ""answer_by_seller"": ""It is FRP insulated, fiber resin product. It has rubber grips at top, middle, and bottom, and the hook is also FRP.""}], ""seller_queries"": [{""query"": ""How many pieces do you need?"", ""category"": ""Quantity"", ""sequence"": 4, ""answer_by_buyer"": ""Currently I need one piece.""}, {""query"": ""Where are you calling from?"", ""category"": ""Location"", ""sequence"": 6, ""answer_by_buyer"": ""I am calling from Azadpur, Delhi.""}]}, ""intended_application"": ""Electrical Safety""}, ""products"": [{""price"": {""value"": 1600, ""currency"": ""INR"", ""price_unit"": ""piece"", ""buyer_price_reaction"": {""quote"": ""Honeywell ka 11-12k hai, ye 1600 mein denge (Theek hai)"", ""category"": ""Accepted""}}, ""in_stock"": ""in stock"", ""product_name"": ""Sanmati Rescue Hook"", ""specifications"": [{""name"": ""Brand"", ""value"": ""Sanmati"", ""buyer_requested"": true, ""seller_mentioned"": true}, {""name"": ""Certification"", ""value"": ""NABL tested"", ""buyer_requested"": false, ""seller_mentioned"": true}, {""name"": ""Size"", ""unit"": ""foot"", ""value"": ""6"", ""buyer_requested"": true, ""seller_mentioned"": true}, {""name"": ""Voltage Testing"", ""unit"": ""KV"", ""value"": ""36"", ""buyer_requested"": true, ""seller_mentioned"": true}, {""name"": ""Material"", ""value"": ""FRP (Fiber Resin Product)"", ""buyer_requested"": true, ""seller_mentioned"": true}], ""quantity_required"": {""unit"": ""piece"", ""value"": 1}, ""related_categories"": [{""name"": ""Industrial Safety Products"", ""reason"": ""It is a safety tool used in industrial and electrical environments.""}], ""is_buyer_interested"": true, ""most_specific_category"": {""name"": ""Rescue Hook"", ""reason"": ""Explicitly discussed as a rescue hook for electrical safety.""}, ""seller_accepts_quantity"": true}], ""next_steps"": {""buyer_next_steps"": [""To visit the shop at Chandni Chowk around 12:30 PM"", ""To send a Hello on WhatsApp""], ""seller_next_steps"": [""To be available at the shop by 12:30 PM to provide the product""]}, ""buyer_details"": {""buyer_name"": ""19404ce9e897c60dde098e25d85dece4f4a6f36b4cc58d805f582d9cea14e6eb"", ""buyer_location"": {""buyer_city"": ""Delhi"", ""buyer_locality"": ""Azadpur""}}, ""seller_details"": {""seller_name"": ""6e2403383a151b190c7b71cea3b60f7012a246a63a31cbf8607bc084b721eca2"", ""seller_location"": {""seller_city"": ""Delhi"", ""seller_locality"": ""Chandni Chowk, Bhagirath Palace""}, ""seller_mobile_number"": ""59d3983286ed2baf5516e7bd021d6392e9ec394eca4ad178b6845e35383622e7""}}",2026-07-29 05:11:26.324,148564260995,29/07/26
272453321,BUYER,151112,"{""callback"": ""callback by Later - To discuss the machinery further (Baad mein lagata hoon)"", ""lead_tag"": {""deal_blockers"": [], ""deal_readiness"": ""Warm"", ""deal_readiness_reason"": ""Wants to start a pipe business but is currently in the research phase regarding machinery options and functionality.""}, ""metadata"": {""call_type"": {""type"": ""B2B"", ""reason"": ""The buyer is inquiring about industrial machinery to start a new business venture, which typically involves commercial procurement."", ""evidence"": {""keywords"": [""Socketing Machine"", ""Pipe business""], ""repeat_buyer"": true, ""buyer_persona"": {""persona_detail"": ""Aspiring Business Owner"", ""persona_category"": ""other""}}}, ""buyer_intent"": {""narrative"": ""Interested in understanding the working of a socketing machine for a potential pipe business in Maharashtra."", ""reasoning"": ""Asking technical questions about how the machine works and explicitly stating a plan to start a pipe-related business."", ""intent_level"": ""Medium""}, ""call_outcome"": {""category"": ""Follow-up"", ""conclusion_notes"": ""Will call back later to discuss further (Baad mein lagata hoon)""}, ""call_purpose"": ""requirement"", ""all_languages"": [""Hindi"", ""English""], ""primary_language"": ""Hindi"", ""additional_details"": {""buyer_queries"": [{""query"": ""How does the socketing machine work?"", ""category"": ""Specifications"", ""sequence"": 1}], ""seller_queries"": [{""query"": ""Where are you calling from?"", ""category"": ""Location"", ""sequence"": 2}, {""query"": ""What do you want to do?"", ""category"": ""Other"", ""sequence"": 3, ""answer_by_buyer"": ""Thinking of starting a pipe business soon.""}, {""query"": ""What is the required pipe size?"", ""category"": ""Specifications"", ""sequence"": 4}]}, ""intended_application"": ""Pipe Production""}, ""products"": [{""in_stock"": ""in stock"", ""product_name"": ""Socketing Machine (Socket wali machine)"", ""specifications"": [{""name"": ""Operation"", ""value"": ""How it works"", ""buyer_requested"": true, ""seller_mentioned"": false}], ""related_categories"": [{""name"": ""SWR Socketing Machine"", ""reason"": ""Common specialized type of socketing machine used for PVC/SWR pipes.""}, {""name"": ""Plastic Pipe Belling Machine"", ""reason"": ""Belling is often the technical name for creating pipe sockets.""}], ""is_buyer_interested"": true, ""most_specific_category"": {""name"": ""Socketing Machine"", ""reason"": ""The buyer explicitly asks about the 'socket wali machine' used in pipe manufacturing.""}}], ""next_steps"": {""buyer_next_steps"": [""To call back to discuss machine specifications once the plan is finalized.""], ""seller_next_steps"": []}, ""buyer_details"": {""buyer_name"": ""28716f5e99d3c20d5bff5082b8fa4c7197a2360d55156f04f0302d4f7db21f0f""}, ""seller_details"": {""seller_name"": ""7a37da88ade07dac25e766269720f5331c4e082c8270a6c94d81e225ccee3ed8""}}",2026-07-29 05:09:50.552,148564976034,29/07/26
68156825,BUYER,177106,"{""callback"": ""callback by Tomorrow 10 AM - To discuss more (Kal 10 baje batata hoon)"", ""lead_tag"": {""deal_blockers"": [], ""deal_readiness"": ""Warm"", ""deal_readiness_reason"": ""The buyer has a specific requirement for two fire doors and is waiting for the catalogue and quotation to proceed.""}, ""metadata"": {""call_type"": {""type"": ""B2B"", ""reason"": ""The buyer is purchasing fire doors for a commercial retail store, which is a business-related requirement, but the quantity is small."", ""evidence"": {""keywords"": [""Commercial Retail Store"", ""Fire doors""], ""order_type"": [""bulk"", ""commercial""], ""repeat_buyer"": false, ""buyer_persona"": {""persona_detail"": ""Commercial Retail Store Owner"", ""persona_category"": ""retailer""}, ""quantity_scale"": ""Low""}}, ""buyer_intent"": {""narrative"": ""The buyer wants to purchase two deadlock fire doors for a commercial retail store in Ahmedabad."", ""reasoning"": ""The buyer has specified the quantity, product type, and application, indicating a clear and immediate requirement."", ""intent_level"": ""High""}, ""call_outcome"": {""category"": ""Follow-up"", ""conclusion_notes"": ""The seller will share the catalogue and photos, and the buyer will provide company details for a quotation. (Catalogue aur photos bhej deta hoon, aap company details share kar dena).""}, ""call_purpose"": ""requirement"", ""all_languages"": [""Hindi"", ""English""], ""primary_language"": ""Hindi"", ""additional_details"": {""buyer_queries"": [{""query"": ""I need two fire doors in Ahmedabad."", ""category"": ""Availability"", ""sequence"": 1}], ""seller_queries"": [{""query"": ""Which type of fire door do you need? Panic bar or deadlock?"", ""category"": ""Specifications"", ""sequence"": 2, ""answer_by_buyer"": ""I need the deadlock one, for my commercial retail store.""}]}, ""intended_application"": ""Commercial retail store""}, ""products"": [{""in_stock"": ""in stock"", ""product_name"": ""Fire Door (Deadlock type)"", ""specifications"": [{""name"": ""Type"", ""value"": ""Deadlock"", ""buyer_requested"": false, ""seller_mentioned"": true}, {""name"": ""Application"", ""value"": ""Commercial retail store"", ""buyer_requested"": false, ""seller_mentioned"": false}], ""quantity_required"": {""unit"": ""pieces"", ""value"": 2}, ""related_categories"": [{""name"": ""Fire Rated Steel Door"", ""reason"": ""Fire doors for commercial use are often fire-rated steel doors.""}, {""name"": ""Emergency Exit Door"", ""reason"": ""Fire doors are commonly used as emergency exit doors in commercial buildings.""}], ""is_buyer_interested"": true, ""most_specific_category"": {""name"": ""Fire Doors"", ""reason"": ""The conversation explicitly mentions fire doors for a commercial retail store.""}, ""seller_accepts_quantity"": true}], ""next_steps"": {""buyer_next_steps"": [""To share company details for the quotation"", ""To review the catalogue and photos sent by the seller""], ""seller_next_steps"": [""To share the catalogue and photos of fire doors on WhatsApp"", ""To provide a quotation after receiving company details""]}, ""buyer_details"": {""buyer_name"": ""af4a400a2ceb7963a424d9cf3779175c8d258facf8a31ee8bc1949dc060e10e6"", ""buyer_mobile_number"": ""db781741fffeb0c61ccef4666b4594d5be2281f43629ef918f6ce3fb026fc890""}, ""seller_details"": {""seller_name"": ""1bd2df6d8ec1208b600ae8ace31f9be7a795856771fd77e4a22fba9310d7dbd7""}}",2026-07-29 05:09:41.447,148564529895,29/07/26
146883597,BUYER,50321,"{""payment"": {}, ""callback"": ""callback by Tomorrow - To discuss the deal (Kal baje call karta hoon)"", ""lead_tag"": {""deal_blockers"": [], ""deal_readiness"": ""Hot"", ""deal_readiness_reason"": ""Wants to purchase full carton and follow-up tomorrow""}, ""metadata"": {""call_type"": {""type"": ""B2B"", ""reason"": ""The buyer is inquiring for a full carton, which indicates a bulk order for commercial use."", ""evidence"": {""keywords"": [""Magical Duck Toy"", ""Slide Duck Toy"", ""Cartoon"", ""Sound and Slide""], ""order_type"": [""bulk""], ""repeat_buyer"": true, ""buyer_persona"": {""persona_category"": ""retailer""}, ""quantity_scale"": ""High""}}, ""buyer_intent"": {""narrative"": ""Seeking small duck toys in bulk (1 carton)."", ""reasoning"": ""Buyer specifically mentioned duck toys including sliding and sound features and agreed to buy a full carton."", ""intent_level"": ""High""}, ""call_outcome"": {""category"": ""Follow-up"", ""conclusion_notes"": ""Both parties agreed to connect again tomorrow after sharing the contact number.""}, ""call_purpose"": ""requirement"", ""all_languages"": [""Hindi"", ""English""], ""primary_language"": ""Hindi"", ""additional_details"": {""buyer_queries"": [{""query"": ""Is it the magic duck toy with slide and sound?"", ""category"": ""Specifications"", ""sequence"": 1}], ""seller_queries"": [{""query"": ""What quantity do you need?"", ""category"": ""Quantity"", ""sequence"": 2, ""answer_by_buyer"": ""I'll take one full carton.""}]}, ""intended_application"": ""Retail Sale""}, ""products"": [{""price"": {}, ""product_name"": ""Small Duck Toy (Magical Duck Toy)"", ""specifications"": [{""name"": ""Type"", ""value"": ""Sliding Type"", ""buyer_requested"": true, ""seller_mentioned"": true}, {""name"": ""Feature"", ""value"": ""Sound"", ""buyer_requested"": true, ""seller_mentioned"": true}], ""quantity_required"": {""unit"": ""carton"", ""value"": 1}, ""related_categories"": [{""name"": ""Plastic Animal Toy"", ""reason"": ""Generally, these toys are made of plastic.""}], ""is_buyer_interested"": true, ""most_specific_category"": {""name"": ""Duck Toy"", ""reason"": ""Explicitly mentioned duck toy with sliding and sound features.""}, ""seller_accepts_quantity"": true}], ""next_steps"": {""buyer_next_steps"": [""To call the seller back tomorrow""], ""seller_next_steps"": [""To share more details over call tomorrow""]}, ""buyer_details"": {""buyer_name"": ""c842647475f206ffcc5049cda82ff0edafad06fc6738bdd9931fdeb7226376c5""}, ""seller_details"": {""seller_name"": ""03de1aa3417b1f34d0324eff306d80bfb91ca5e6180cb803d6dd7fe9608d0467""}}",2026-07-29 05:08:22.738,148564674567,29/07/26
146883597,BUYER,50321,"{""callback"": ""callback by Tomorrow 12 PM - To send catalog and details (Kal 12 baje call karke detail bhejunga)"", ""lead_tag"": {""deal_blockers"": [{""detail"": ""Buyer found the price of 140 INR per piece to be too high"", ""category"": ""Price""}], ""deal_readiness"": ""Cold"", ""deal_readiness_reason"": ""Buyer explicitly rejected the price as being too high and no immediate resolution was reached.""}, ""metadata"": {""call_type"": {""type"": ""B2B"", ""reason"": ""Buyer is inquiring about bulk cartoon quantities (96 pieces) for a specific toy product, typical of a retail or wholesale environment."", ""evidence"": {""keywords"": [""Cartoon"", ""96 Piece"", ""Duck Toy""], ""order_type"": [""bulk"", ""commercial""], ""buyer_persona"": {""persona_category"": ""retailer""}, ""quantity_scale"": ""High""}}, ""buyer_intent"": {""narrative"": ""Wants to purchase a cartoon of duck toys but finds the current price too high."", ""reasoning"": ""Buyer specifically asked for a cartoon size of 96 pieces but immediately rejected the price of 140 INR per piece as too expensive."", ""intent_level"": ""Low""}, ""call_outcome"": {""category"": ""Lost"", ""conclusion_notes"": ""Price is too high (Bhai mahanga hai)""}, ""call_purpose"": ""requirement"", ""all_languages"": [""Hindi"", ""English""], ""primary_language"": ""Hindi"", ""additional_details"": {""buyer_queries"": [{""query"": ""Is a cartoon of duck toys available?"", ""category"": ""Specifications"", ""sequence"": 1}, {""query"": ""What is the price for the duck toy?"", ""category"": ""Pricing"", ""sequence"": 3}], ""seller_queries"": [{""query"": ""How many pieces are in the cartoon you need?"", ""category"": ""Quantity"", ""sequence"": 2, ""answer_by_buyer"": ""I am looking for a 96 piece cartoon.""}]}}, ""products"": [{""price"": {""value"": 140, ""currency"": ""INR"", ""price_unit"": ""piece"", ""buyer_price_reaction"": {""quote"": ""Bhai mahanga hai"", ""category"": ""Rejected""}}, ""in_stock"": ""in stock"", ""product_name"": ""Duck Toy"", ""specifications"": [{""name"": ""Packaging"", ""value"": ""Cartoon"", ""buyer_requested"": true, ""seller_mentioned"": true}, {""name"": ""Quantity per Cartoon"", ""unit"": ""pcs"", ""value"": ""96"", ""buyer_requested"": true, ""seller_mentioned"": true}], ""quantity_required"": {""unit"": ""pieces"", ""value"": 96}, ""related_categories"": [{""name"": ""Animal Toy"", ""reason"": ""Ducks are animals, so it falls under animal toys.""}, {""name"": ""Plastic Duck"", ""reason"": ""Most common toy ducks of this type are made of plastic.""}], ""is_buyer_interested"": true, ""most_specific_category"": {""name"": ""Duck Toy"", ""reason"": ""The product is explicitly referred to as a Duck toy during the conversation.""}, ""seller_accepts_quantity"": true}], ""next_steps"": {""buyer_next_steps"": [], ""seller_next_steps"": []}, ""buyer_details"": {""buyer_name"": ""c842647475f206ffcc5049cda82ff0edafad06fc6738bdd9931fdeb7226376c5""}, ""seller_details"": {""seller_name"": ""54fbe923486a4d16021542f4bb5f4bd76d58f33e0a99e0d551160a35ed43eeb7""}}",2026-07-29 05:06:37.849,148564674567,29/07/26
242899037,BUYER,151879,"{""callback"": ""callback by Today 2:15 PM - To share total amount (Paune do baje call karta hoon)"", ""lead_tag"": {""deal_blockers"": [{""detail"": ""Buyer needs 100 packets but seller MOQ is 600-700 packets"", ""category"": ""MOQ""}], ""deal_readiness"": ""Warm"", ""deal_readiness_reason"": ""Buyer has a specific restaurant requirement and the seller committed to a callback with total pricing.""}, ""metadata"": {""call_type"": {""type"": ""B2B"", ""reason"": ""The buyer is purchasing for their restaurant and inquiring about bulk quantities and commercial specs like GSM."", ""evidence"": {""order_type"": [""bulk"", ""commercial""], ""repeat_buyer"": true, ""buyer_persona"": {""persona_detail"": ""Restaurant Owner"", ""persona_category"": ""service_provider""}, ""quantity_scale"": ""High""}}, ""buyer_intent"": {""narrative"": ""Wants 600-700 packets of 30x30 1-ply paper napkins for a restaurant in Jharkhand."", ""reasoning"": ""Buyer provided specific GSM requirements and stated the intended use for their restaurant business."", ""intent_level"": ""High""}, ""call_outcome"": {""category"": ""Follow-up"", ""conclusion_notes"": ""Seller will call back at 1:45 PM with total amount calculation (Paune do baje call karta hoon).""}, ""call_purpose"": ""requirement"", ""all_languages"": [""Hindi"", ""English""], ""primary_language"": ""Hindi"", ""additional_details"": {""buyer_queries"": [{""query"": ""What GSM options are available?"", ""category"": ""Specifications"", ""sequence"": 1}, {""query"": ""What is the price for 34 GSM in bulk?"", ""category"": ""Pricing"", ""sequence"": 2}, {""query"": ""What is the GST rate?"", ""category"": ""Pricing"", ""sequence"": 5}, {""query"": ""How much quantity is in 100 kg?"", ""category"": ""Quantity"", ""sequence"": 6}], ""seller_queries"": [{""query"": ""Where are you calling from?"", ""category"": ""Location"", ""sequence"": 3}, {""query"": ""Do you need raw material or finished product?"", ""category"": ""Specifications"", ""sequence"": 4}, {""query"": ""How many packets do you need?"", ""category"": ""Quantity"", ""sequence"": 7}]}, ""intended_application"": ""Restaurant Use""}, ""products"": [{""price"": {""gst"": {""value"": 18, ""is_gst_included"": false}, ""value"": 25, ""currency"": ""INR"", ""price_unit"": ""packet"", ""negotiation_notes"": ""Buyer feels 30 paise per piece is high as customers use 3-4 napkins."", ""buyer_price_reaction"": {""quote"": ""The rate of 30 paise per piece seems a bit high."", ""category"": ""Negotiating""}}, ""in_stock"": ""in stock"", ""product_name"": ""Paper Napkin"", ""specifications"": [{""name"": ""Size"", ""unit"": ""cm"", ""value"": ""30x30"", ""buyer_requested"": true, ""seller_mentioned"": true}, {""name"": ""Ply"", ""value"": ""1"", ""buyer_requested"": true, ""seller_mentioned"": true}, {""name"": ""GSM"", ""value"": ""15"", ""buyer_requested"": true, ""seller_mentioned"": true}, {""name"": ""Packaging"", ""unit"": ""pieces/packet"", ""value"": ""100"", ""buyer_requested"": false, ""seller_mentioned"": true}], ""quantity_required"": {""unit"": ""packets"", ""value"": 600}, ""related_categories"": [{""name"": ""Tissue Napkin"", ""reason"": ""Specifically discussed as 1-ply napkins for table use.""}, {""name"": ""Tissue Paper"", ""reason"": ""General category for paper-based wiping products.""}], ""is_buyer_interested"": true, ""minimum_order_quantity"": {""unit"": ""packets"", ""value"": 600}, ""most_specific_category"": {""name"": ""Paper Dispenser"", ""reason"": ""The discussion centers on paper napkins for restaurant use which falls under this broad tissue/paper category.""}, ""seller_accepts_quantity"": true}, {""in_stock"": ""in stock"", ""product_name"": ""34 GSM Paper Napkin"", ""specifications"": [{""name"": ""GSM"", ""value"": ""34"", ""buyer_requested"": true, ""seller_mentioned"": false}], ""is_buyer_interested"": false, ""most_specific_category"": {""name"": ""Tissue Napkin"", ""reason"": ""The buyer specifically asked for 34 GSM variation.""}}], ""next_steps"": {""buyer_next_steps"": [""To confirm the total amount provided during callback""], ""seller_next_steps"": [""To calculate and provide total amount including GST for 700 packets"", ""To call the buyer at 1:45 PM""]}, ""buyer_details"": {""buyer_location"": {""buyer_state"": ""Jharkhand""}}, ""seller_details"": {""seller_name"": ""80d97ca0a3eabf2d5ee5bd6a3664836cd988147695b9de60e60169630b144ae8""}}",2026-07-29 05:05:50.777,148564157859,29/07/26
120616638,BUYER,218070,"{""callback"": ""callback by Tomorrow - To discuss further"", ""lead_tag"": {""deal_blockers"": [], ""deal_readiness"": ""Warm"", ""deal_readiness_reason"": ""Buyer shared specific model and city, agreed to send photo for price.""}, ""metadata"": {""call_type"": {""type"": ""B2C"", ""reason"": ""Single retail requirement for a household washing machine part."", ""evidence"": {""keywords"": [""Onida 7kg"", ""Circuit Board""], ""order_type"": [""one-time""], ""repeat_buyer"": false, ""buyer_persona"": {""persona_category"": ""end_consumer""}, ""quantity_scale"": ""Low""}}, ""buyer_intent"": {""narrative"": ""Needs a PCB for an Onida 7kg washing machine in Surat."", ""reasoning"": ""The buyer provided specific brand, capacity and location details."", ""intent_level"": ""High""}, ""call_outcome"": {""category"": ""Follow-up"", ""conclusion_notes"": ""Buyer will send PCB photo on WhatsApp for pricing (Aap photo bhej do mein price deta hoon).""}, ""call_purpose"": ""requirement"", ""all_languages"": [""Gujarati"", ""Hindi""], ""primary_language"": ""Gujarati"", ""additional_details"": {""buyer_queries"": [{""query"": ""Do you have the circuit board for Onida 7kg washing machine?"", ""category"": ""Specifications"", ""sequence"": 1}], ""seller_queries"": [{""query"": ""Where are you calling from?"", ""category"": ""Location"", ""sequence"": 2, ""answer_by_buyer"": ""Kamrej""}, {""query"": ""Is this your WhatsApp number?"", ""category"": ""Other"", ""sequence"": 3, ""answer_by_buyer"": ""Yes, it is the same.""}]}, ""intended_application"": ""Washing Machine Repair""}, ""products"": [{""in_stock"": ""in stock"", ""product_name"": ""Onida 7kg washing machine circuit board"", ""specifications"": [{""name"": ""Brand"", ""value"": ""Onida"", ""buyer_requested"": true, ""seller_mentioned"": false}, {""name"": ""Compatible Capacity"", ""unit"": ""kg"", ""value"": ""7"", ""buyer_requested"": true, ""seller_mentioned"": false}], ""quantity_required"": {""unit"": ""piece"", ""value"": 1}, ""related_categories"": [{""name"": ""Washer Parts"", ""reason"": ""PCB is a critical electronic part of a washer.""}, {""name"": ""Washing Machine Spare Parts"", ""reason"": ""General category for machine components.""}], ""is_buyer_interested"": true, ""most_specific_category"": {""name"": ""Washing Machine PCB Board"", ""reason"": ""Discussed specifically as 'circuit board' for a washing machine.""}, ""seller_accepts_quantity"": true}], ""next_steps"": {""buyer_next_steps"": [""To send photo of the PCB on WhatsApp""], ""seller_next_steps"": [""To provide price and details after receiving photo""]}, ""buyer_details"": {""buyer_location"": {""buyer_city"": ""Surat"", ""buyer_locality"": ""Kamrej""}, ""buyer_mobile_number"": ""9d0e7ccecd938c2eac0082ee1bfcf3a3babf6af4727a04dddfe511be082d739a""}, ""seller_details"": {""seller_location"": {""seller_city"": ""Surat""}}}",2026-07-29 05:04:43.092,148564672934,29/07/26
74049524,BUYER,17716,"{""callback"": ""callback by Today - To receive location and catalog details (Abhi do minute mein location aur catalog bhejta hoon)"", ""lead_tag"": {""deal_blockers"": [], ""deal_readiness"": ""Hot"", ""deal_readiness_reason"": ""The buyer is already in the city and intends to visit the seller's location immediately for a purchase.""}, ""metadata"": {""call_type"": {""type"": ""B2B"", ""reason"": ""The buyer is requesting a catalog and location to visit for a printer purchase, indicating a standard business inquiry."", ""evidence"": {""keywords"": [""Printer Catalog"", ""Gurugram"", ""Visit""], ""order_type"": [""commercial""], ""buyer_persona"": {""persona_category"": ""end_consumer""}}}, ""buyer_intent"": {""narrative"": ""Wants to visit and purchase a printer in Gurugram."", ""reasoning"": ""High intent as the buyer is currently in the same city and proactively asked for location and catalog to visit the seller."", ""intent_level"": ""High""}, ""call_outcome"": {""category"": ""Follow-up"", ""conclusion_notes"": ""Seller will share location and catalog for the buyer to visit. (Location share kar dijiye... abhi do minute mein)""}, ""call_purpose"": ""requirement"", ""all_languages"": [""Hindi"", ""English""], ""primary_language"": ""Hindi"", ""additional_details"": {""buyer_queries"": [{""query"": ""Can you please share the location?"", ""category"": ""Location"", ""sequence"": 1, ""answer_by_seller"": ""In 2 minutes.""}, {""query"": ""Can you share the printer catalog and rates?"", ""category"": ""Specifications"", ""sequence"": 2, ""answer_by_seller"": ""Yes, in 2 minutes.""}], ""seller_queries"": []}}, ""products"": [{""in_stock"": ""in stock"", ""product_name"": ""Printer"", ""specifications"": [{""name"": ""Catalog"", ""value"": ""Requested"", ""buyer_requested"": true, ""seller_mentioned"": true}], ""related_categories"": [{""name"": ""Printers for Office"", ""reason"": ""Printers are commonly used in office environments.""}, {""name"": ""Digital Photocopier Machine"", ""reason"": ""Many multifunction printers also serve as digital photocopiers.""}], ""is_buyer_interested"": true, ""most_specific_category"": {""name"": ""Multifunction Printer"", ""reason"": ""The buyer explicitly asked for a printer catalog and rates.""}}], ""next_steps"": {""buyer_next_steps"": [""To check the catalog and location shared by the seller"", ""To visit the seller's location in Gurugram""], ""seller_next_steps"": [""To share the location on WhatsApp"", ""To send the printer catalog and rate list""]}, ""buyer_details"": {""buyer_name"": ""bd90eab09c3954335998c45512cb9c206d94337b1daab5660120cce434651372""}, ""seller_details"": {""seller_location"": {""seller_city"": ""Gurugram""}}}",2026-07-29 05:03:35.825,148563504059,29/07/26
15205874,BUYER,178319,"{""payment"": {}, ""callback"": ""callback by Tomorrow 10 AM - To confirm (Kal 10 baje batata hoon)"", ""lead_tag"": {""deal_blockers"": [], ""deal_readiness"": ""Warm"", ""deal_readiness_reason"": ""Discussed pricing and packaging details, but needs time to finalize the order.""}, ""metadata"": {""call_type"": {""type"": ""B2B"", ""reason"": ""The buyer is inquiring about a case/box lot of medical equipment (dialysis filters) for commercial use/resale."", ""evidence"": {""keywords"": [""Dialysis Filter"", ""B40P"", ""24 pieces per box""], ""order_type"": [""bulk"", ""commercial""], ""buyer_persona"": {""persona_category"": ""retailer""}, ""quantity_scale"": ""High""}}, ""buyer_intent"": {""narrative"": ""Wants a box of B40P dialysis filters for their requirement in Gwalior."", ""reasoning"": ""The buyer has a specific model requirement (B40P) and inquired about the box pricing and quantity, showing clear intent to purchase."", ""intent_level"": ""High""}, ""call_outcome"": {""category"": ""Follow-up"", ""conclusion_notes"": ""Will review the price and confirm (Theek hai sir dekhta hoon).""}, ""call_purpose"": ""requirement"", ""all_languages"": [""Hindi"", ""English""], ""primary_language"": ""Hindi"", ""additional_details"": {""buyer_queries"": [{""query"": ""Is the B40P dialysis filter available?"", ""category"": ""Availability"", ""sequence"": 1}, {""query"": ""What is the price?"", ""category"": ""Pricing"", ""sequence"": 2}, {""query"": ""How many pieces are in one box?"", ""category"": ""Specifications"", ""sequence"": 3}], ""seller_queries"": [{""query"": ""Which model of dialysis filter do you need?"", ""category"": ""Specifications"", ""sequence"": 4}, {""query"": ""Where are you calling from?"", ""category"": ""Location"", ""sequence"": 5}]}, ""intended_application"": ""Medical Resale""}, ""products"": [{""price"": {""value"": 7560, ""currency"": ""INR"", ""price_unit"": ""box"", ""buyer_price_reaction"": {""quote"": ""Theek hai rate"", ""category"": ""Accepted""}}, ""in_stock"": ""in stock"", ""product_name"": ""B40P Dialysis Filter"", ""specifications"": [{""name"": ""Model"", ""value"": ""B40P"", ""buyer_requested"": false, ""seller_mentioned"": true}, {""name"": ""Pcs per box"", ""unit"": ""pcs"", ""value"": ""24"", ""buyer_requested"": true, ""seller_mentioned"": true}], ""related_categories"": [{""name"": ""Dialyzer"", ""reason"": ""It is a specialized filter used in dialysis machines.""}, {""name"": ""Dialysis Equipment"", ""reason"": ""Essential component used in hemodialysis procedures.""}], ""is_buyer_interested"": true, ""most_specific_category"": {""name"": ""Fresenius Dialyzer"", ""reason"": ""B-series filters like B40P are specific dialyzers often associated with brand manufacturers.""}, ""seller_accepts_quantity"": true}], ""next_steps"": {""buyer_next_steps"": [""To review the quoted price of 7560 per box"", ""To call back at the agreed time to confirm the order""], ""seller_next_steps"": [""To confirm availability of B40P filters for Gwalior delivery""]}, ""buyer_details"": {""buyer_name"": ""49e60a7c53c51ba018595353811cefaeb20b5a27d2567fdce469cb1e77fc2312"", ""buyer_location"": {""buyer_city"": ""Gwalior""}}, ""seller_details"": {""seller_name"": ""64f4a7386f42380b50dc19febd41edc28151f9fd99d95a15a6848722b0dcaa14""}}",2026-07-29 04:59:04.908,148564914434,29/07/26
7109175,BUYER,80753,"{""payment"": {}, ""callback"": """", ""lead_tag"": {""deal_blockers"": [{""detail"": ""Product currently out of stock"", ""category"": ""Availability""}], ""deal_readiness"": ""Cold"", ""deal_readiness_reason"": ""Seller explicitly stated the required material is currently out of stock.""}, ""metadata"": {""call_type"": {""type"": ""B2C"", ""reason"": ""The buyer is an individual looking for insulation material for his own flat's ceiling, indicating personal use rather than business resale or industrial scale."", ""evidence"": {""order_type"": [""one-time""], ""buyer_persona"": {""persona_detail"": ""Flat Owner"", ""persona_category"": ""end_consumer""}, ""quantity_scale"": ""Low""}}, ""buyer_intent"": {""narrative"": ""Wants nitrile sheets for thermal insulation of a flat's ceiling on the top floor."", ""reasoning"": ""Buyer has a specific use-case (ceiling insulation) and asked detailed questions about dimensions, thickness, and installation methods."", ""intent_level"": ""High""}, ""call_outcome"": {""category"": ""Lost"", ""conclusion_notes"": ""Seller is out of stock (Material stock ma nathi).""}, ""call_purpose"": ""requirement"", ""all_languages"": [""Gujarati"", ""English""], ""primary_language"": ""Gujarati"", ""additional_details"": {""buyer_queries"": [{""query"": ""Which nitrile sheet should I use for top floor flat ceiling thermal insulation?"", ""category"": ""Specifications"", ""sequence"": 1}, {""query"": ""What is the roll length and width?"", ""category"": ""Specifications"", ""sequence"": 2, ""answer_by_seller"": ""The rolls are 10 meters long and 4 feet (1.2 meters) wide, covering about 12 square meters per roll.""}, {""query"": ""What thickness is available?"", ""category"": ""Specifications"", ""sequence"": 3, ""answer_by_seller"": ""Thickness ranges from 3 mm up to 12 mm.""}, {""query"": ""Is it self-adhesive?"", ""category"": ""Specifications"", ""sequence"": 4, ""answer_by_seller"": ""No, it is not self-adhesive. You have to apply it using chemicals like Fevicol SR.""}], ""seller_queries"": []}, ""intended_application"": ""Home Insulation""}, ""products"": [{""in_stock"": ""out of stock"", ""product_name"": ""Nitrile Sheet (Nitral sheet)"", ""specifications"": [{""name"": ""Thickness"", ""unit"": ""mm"", ""value"": ""3-12"", ""buyer_requested"": true, ""seller_mentioned"": true}, {""name"": ""Roll Length"", ""unit"": ""meters"", ""value"": ""10"", ""buyer_requested"": true, ""seller_mentioned"": true}, {""name"": ""Roll Width"", ""unit"": ""meters"", ""value"": ""1.2"", ""buyer_requested"": true, ""seller_mentioned"": true}, {""name"": ""Area per roll"", ""unit"": ""sq meters"", ""value"": ""12"", ""buyer_requested"": false, ""seller_mentioned"": true}, {""name"": ""Self Adhesive"", ""value"": ""No"", ""buyer_requested"": true, ""seller_mentioned"": true}, {""name"": ""Installation Requirement"", ""value"": ""Fevicol SR or Chemical"", ""buyer_requested"": false, ""seller_mentioned"": true}], ""related_categories"": [{""name"": ""Insulation Sheets"", ""reason"": ""The product is intended for thermal insulation of a ceiling.""}, {""name"": ""Nitrile Foam Sheet"", ""reason"": ""Nitrile sheets used for insulation are often foam-based.""}], ""is_buyer_interested"": true, ""most_specific_category"": {""name"": ""Nitrile Rubber Sheet"", ""reason"": ""The buyer explicitly requested 'Nitrile Sheet' for ceiling thermal insulation.""}}], ""next_steps"": {""buyer_next_steps"": [], ""seller_next_steps"": []}, ""buyer_details"": {""buyer_location"": {""buyer_city"": ""Ahmedabad""}}, ""seller_details"": {}}",2026-07-29 04:57:00.321,148558333446,29/07/26
196377032,BUYER,136166,"{""payment"": {}, ""callback"": ""callback by Tomorrow - To discuss prices for the customized t-shirts (Kal call karta hoon)"", ""lead_tag"": {""deal_blockers"": [], ""deal_readiness"": ""Warm"", ""deal_readiness_reason"": ""The buyer discussed several variations and next steps involve sharing a catalog and then a promise for a call back for pricing. ""}, ""metadata"": {""call_type"": {""type"": ""B2B"", ""reason"": ""The buyer asks for several variations of the product as well as for prints which is indicative of a B2B requirement. "", ""evidence"": {""keywords"": [""Orange Colour"", ""200 GSM"", ""Personalized T-shirts""], ""order_type"": [""bulk"", ""commercial""], ""repeat_buyer"": false, ""quantity_scale"": ""High""}}, ""buyer_intent"": {""narrative"": ""The buyer is inquiring for about 24 t-shirts in different sizes and is specifically looking for 200 GSM."", ""reasoning"": ""The buyer has specified his requirement with some level of detail and is asking for specifics. "", ""intent_level"": ""High""}, ""call_outcome"": {""category"": ""Follow-up"", ""conclusion_notes"": ""The seller will share a catalog which will be followed by a call later. ""}, ""call_purpose"": ""requirement"", ""all_languages"": [""Hindi"", ""English""], ""primary_language"": ""Hindi"", ""additional_details"": {""buyer_queries"": [{""query"": ""Could I get orange t-shirts?"", ""category"": ""Availability"", ""sequence"": 1}, {""query"": ""Can I get these in 200 GSM?"", ""category"": ""Specifications"", ""sequence"": 3}, {""query"": ""What will be the approximate price?"", ""category"": ""Pricing"", ""sequence"": 4}, {""query"": ""What will it cost with print?"", ""category"": ""Pricing"", ""sequence"": 5}], ""seller_queries"": [{""query"": ""Do you want round neck or polo?"", ""category"": ""Specifications"", ""sequence"": 2}]}, ""intended_application"": ""Commercial Resale""}, ""products"": [{""price"": {""value"": 150, ""currency"": ""INR"", ""price_unit"": ""piece"", ""buyer_price_reaction"": {""quote"": ""Ok"", ""category"": ""Accepted""}}, ""in_stock"": ""in stock"", ""product_name"": ""Polo T-shirt (Collar T-shirt)"", ""specifications"": [{""name"": ""Colour"", ""value"": ""Orange"", ""buyer_requested"": true, ""seller_mentioned"": false}, {""name"": ""Neck Style"", ""value"": ""Collar"", ""buyer_requested"": false, ""seller_mentioned"": true}, {""name"": ""GSM"", ""value"": ""200"", ""buyer_requested"": true, ""seller_mentioned"": true}], ""quantity_required"": {""unit"": ""pieces"", ""value"": 24}, ""related_categories"": [{""name"": ""Men Collar T -Shirt"", ""reason"": ""The buyer specified that he wants a t-shirt with a collar.""}], ""is_buyer_interested"": true, ""most_specific_category"": {""name"": ""Polo Men T-Shirt"", ""reason"": ""The buyer specified the t-shirt to have a collar which is indicative of a polo shirt.""}, ""seller_accepts_quantity"": true}, {""in_stock"": ""not sold"", ""product_name"": ""Printed T-shirt"", ""related_categories"": [{""name"": ""Men Printed T Shirt"", ""reason"": ""The buyer inquired about having the shirts printed.""}], ""is_buyer_interested"": false, ""most_specific_category"": {""name"": ""Men Custom T -Shirt"", ""reason"": ""The buyer inquired about getting some personalizations done which the seller does not provide. ""}}], ""next_steps"": {""buyer_next_steps"": [""To share the references for the print."", ""To go through the catalog shared by the seller. ""], ""seller_next_steps"": [""To share the catalog with the buyer. ""]}, ""buyer_details"": {""buyer_name"": ""70bf9c1f150c32fd4bda1da1ee21b86ff7c58326a6a998dfbdaf0292efcab232"", ""buyer_mobile_number"": ""e6036a7b9a7cff6a1c3872771737d066332a9f9e8ca33e93594426159d176bdb""}, ""seller_details"": {""seller_name"": ""12e71ffdacb0c67dd9a8e56fc1b6f20e25742bf031b4eb80cb9e28d0377099e3""}}",2026-07-29 04:54:50.698,148564289534,29/07/26
7109175,BUYER,80753,"{""callback"": ""callback by Today - To discuss pricing and details related to ceiling insulation (2-5 minutes mein phone karta hoon)"", ""lead_tag"": {""deal_blockers"": [], ""deal_readiness"": ""Warm"", ""deal_readiness_reason"": ""The intent to proceed is genuine, but the next step is dependent on further details of the product being shared by the seller.""}, ""metadata"": {""call_type"": {""type"": ""B2C"", ""reason"": ""The buyer requires the nitrile sheets for his home's ceiling insulation and the total quantity is also not very high."", ""evidence"": {""keywords"": [""Ceiling Insulation"", ""Home Use""], ""order_type"": [""one-time""], ""repeat_buyer"": false, ""buyer_persona"": {""persona_category"": ""end_consumer""}, ""quantity_scale"": ""Low""}}, ""buyer_intent"": {""narrative"": ""Wants 50 square meters of nitrile rubber sheet for ceiling insulation for their house in Ahmedabad."", ""reasoning"": ""The buyer has a specific application, is aware of the quantity required and asked specific questions about thickness of the sheet."", ""intent_level"": ""High""}, ""call_outcome"": {""category"": ""Follow-up"", ""conclusion_notes"": ""The seller will call the buyer in 2-5 minutes on his mobile number. (2-5 minutes mein phone karta hoon)""}, ""call_purpose"": ""requirement"", ""all_languages"": [""Gujarati"", ""English""], ""primary_language"": ""Gujarati"", ""additional_details"": {""buyer_queries"": [{""query"": ""How much thick nitrile sheet is required for the application?"", ""category"": ""Specifications"", ""sequence"": 1}, {""query"": ""Is 9mm rubber sheet required or thicker is needed?"", ""category"": ""Specifications"", ""sequence"": 2}], ""seller_queries"": [{""query"": ""What is the room height?"", ""category"": ""Specifications"", ""sequence"": 3}, {""query"": ""What is the total area where the sheet is supposed to be installed?"", ""category"": ""Quantity"", ""sequence"": 4}]}, ""intended_application"": ""Home Ceiling Insulation""}, ""products"": [{""in_stock"": ""in stock"", ""product_name"": ""Nitrile Sheet (Nitrile Rubber Sheet)"", ""specifications"": [{""name"": ""Thickness"", ""unit"": ""mm"", ""value"": ""9"", ""buyer_requested"": true, ""seller_mentioned"": true}], ""quantity_required"": {""unit"": ""square meters"", ""value"": 50}, ""related_categories"": [{""name"": ""Insulation Sheets"", ""reason"": ""The nitrile sheet is intended for ceiling insulation.""}], ""is_buyer_interested"": true, ""most_specific_category"": {""name"": ""Nitrile Rubber Sheet"", ""reason"": ""The buyer explicitly asked for nitrile sheets for ceiling insulation.""}}], ""next_steps"": {""buyer_next_steps"": [""To attend the call from the seller to discuss further""], ""seller_next_steps"": [""To call back the buyer and discuss product and price details""]}, ""buyer_details"": {""buyer_name"": ""9812a8f2fb5ad6b5c80d0fdac2a8f2f95cf844d2402d96f66d43a7c15dce072b""}, ""seller_details"": {""seller_location"": {""seller_city"": ""Ahmedabad""}}}",2026-07-29 04:54:42.420,148558333446,29/07/26
643600,BUYER,140251,"{""callback"": ""callback by Tomorrow 12 PM - To send photos (Kal 12 baje tak photo bhejta hoon)"", ""lead_tag"": {""deal_blockers"": [{""detail"": ""Seller is in Delhi while requirement is in Mohali/Chandigarh"", ""category"": ""Location""}], ""deal_readiness"": ""Cold"", ""deal_readiness_reason"": ""Seller suggested looking locally as the rental duration is only two days.""}, ""metadata"": {""call_type"": {""type"": ""B2B"", ""reason"": ""The buyer is looking for specific industrial equipment rental for a glass cleaning project over two days."", ""evidence"": {""keywords"": [""Glass cleaning"", ""Rental work""], ""order_type"": [""commercial"", ""one-time""], ""repeat_buyer"": false, ""buyer_persona"": {""persona_detail"": ""Cleaning services"", ""persona_category"": ""contractor""}, ""quantity_scale"": ""Low""}}, ""buyer_intent"": {""narrative"": ""Looking to rent a 60-70 ft boom lift for glass cleaning in Mohali for 2 days."", ""reasoning"": ""The buyer specifies the machine type, height, and the exact purpose (glass cleaning) but the short duration and location mismatch make the deal unlikely."", ""intent_level"": ""Medium""}, ""call_outcome"": {""category"": ""Lost"", ""conclusion_notes"": ""Seller advised looking for a local vendor for such a short duration (2 din ka hai toh local hi dekh lo).""}, ""call_purpose"": ""requirement"", ""all_languages"": [""Hindi"", ""Punjabi"", ""English""], ""primary_language"": ""Hindi"", ""additional_details"": {""buyer_queries"": [{""query"": ""Is your rental business in Chandigarh?"", ""category"": ""Location"", ""sequence"": 1}, {""query"": ""Do you have a boom lift for Mohali/Chandigarh?"", ""category"": ""Specifications"", ""sequence"": 3}], ""seller_queries"": [{""query"": ""What do you need and for what height?"", ""category"": ""Specifications"", ""sequence"": 2, ""answer_by_buyer"": ""Need a boom lift for glass cleaning at 60-70 feet height.""}, {""query"": ""How many days is the work for?"", ""category"": ""Quantity"", ""sequence"": 4, ""answer_by_buyer"": ""The work is only for two days.""}]}, ""intended_application"": ""Glass Cleaning""}, ""products"": [{""in_stock"": ""in stock"", ""product_name"": ""Boom Lift"", ""specifications"": [{""name"": ""Height"", ""unit"": ""feet"", ""value"": ""60"", ""buyer_requested"": false, ""seller_mentioned"": false}], ""quantity_required"": {""unit"": ""days"", ""value"": 2}, ""related_categories"": [{""name"": ""Cherry Picker Rental Services"", ""reason"": ""Boom lifts are often categorized as cherry pickers for high-altitude work.""}], ""is_buyer_interested"": true, ""most_specific_category"": {""name"": ""Boom Lift Rental"", ""reason"": ""The buyer specifically requested a boom lift for rental purposes.""}, ""seller_accepts_quantity"": true}], ""next_steps"": {""buyer_next_steps"": [""To look for a local vendor in Chandigarh/Mohali""], ""seller_next_steps"": []}, ""buyer_details"": {""buyer_name"": ""da2c2e313c5ff21714d7aea6eca91ad4d915f5a226f862dc46f5145b1e87ccf4""}, ""seller_details"": {""seller_location"": {""seller_city"": ""Delhi""}}}",2026-07-29 04:45:31.631,148564294334,29/07/26
29591046,BUYER,84949,"{""callback"": ""callback by Today evening - To revert post sample review (Sample bhejta hoon uske baad revert kar dena)"", ""lead_tag"": {""deal_blockers"": [], ""deal_readiness"": ""Warm"", ""deal_readiness_reason"": ""Wants to share sample and discussed pricing post review""}, ""metadata"": {""call_type"": {""type"": ""B2B"", ""reason"": ""The buyer needs a small quantity of 8 pieces but was inquiring about industrial leveling feet via IndiaMART. The profile indicates it might be for commercial use but the scale is small."", ""evidence"": {""order_type"": [""one-time"", ""commercial""], ""repeat_buyer"": false, ""quantity_scale"": ""Low""}}, ""buyer_intent"": {""narrative"": ""Wants 8 pieces of leveling feet based on a shared sample"", ""reasoning"": ""Clear about product type and quantity but requires sample validation first"", ""intent_level"": ""Medium""}, ""call_outcome"": {""category"": ""Follow-up"", ""conclusion_notes"": ""Will share sample on WhatsApp for price and availability (Sample bhejta hoon uske baad revert kar dena)""}, ""call_purpose"": ""requirement"", ""all_languages"": [""Hindi"", ""English""], ""primary_language"": ""Hindi"", ""additional_details"": {""buyer_queries"": [{""query"": ""How can I share a sample of the leveling feet?"", ""category"": ""Specifications"", ""sequence"": 1}], ""seller_queries"": [{""query"": ""What is the required quantity?"", ""category"": ""Quantity"", ""sequence"": 2}]}}, ""products"": [{""in_stock"": ""in stock"", ""product_name"": ""Leveling Feet"", ""quantity_required"": {""unit"": ""pieces"", ""value"": 8}, ""related_categories"": [{""name"": ""Leveling Pad"", ""reason"": ""Leveling feet often include leveling pads for vibration damping.""}, {""name"": ""Machine Mounts"", ""reason"": ""Leveling feet are typically mounted on machines for alignment.""}], ""is_buyer_interested"": true, ""most_specific_category"": {""name"": ""Leveling Mounts"", ""reason"": ""Leveling feet are a primary variation of leveling mounts used for machine stability.""}}], ""next_steps"": {""buyer_next_steps"": [""To share sample photos on WhatsApp"", ""To confirm total requirement details""], ""seller_next_steps"": [""To review shared sample images"", ""To provide pricing and availability for 8 units""]}, ""buyer_details"": {""buyer_mobile_number"": ""9982763b63beda655f185dc07ca257bd533b1eaec170b9f24dfd0bc81e8cf50e""}, ""seller_details"": {""seller_mobile_number"": ""37ffcb6339195f00b5ee17299a31d5070126ed548b12c1ff16cf7a105bb119b8""}}",2026-07-29 04:45:30.735,148558173985,29/07/26
63173510,BUYER,161617,"{""callback"": ""callback by Today - To share specification (In number pe details bhejta hoon)"", ""lead_tag"": {""deal_blockers"": [{""detail"": ""Buyer wants COD but seller only accepts advance payment"", ""category"": ""Other""}], ""deal_readiness"": ""Warm"", ""deal_readiness_reason"": ""Buyer is waiting for technical specifications before finalizing the order of 10 bundles.""}, ""metadata"": {""call_type"": {""type"": ""B2B"", ""reason"": ""The buyer is inquiring about a bulk quantity of irrigation pipes for a specific agricultural location."", ""evidence"": {""keywords"": [""Sprinkler Irrigation"", ""Lakhimpur UP"", ""10 bundles""], ""order_type"": [""bulk"", ""commercial""], ""quantity_scale"": ""High""}}, ""buyer_intent"": {""narrative"": ""Buyer wants 10 bundles of 32mm Sprinkler Irrigation Lateral Pipe for Lakhimpur, UP."", ""reasoning"": ""Buyer stated a specific quantity, size, and location, and asked detailed technical questions about pressure bearing capacity."", ""intent_level"": ""High""}, ""call_outcome"": {""category"": ""Follow-up"", ""conclusion_notes"": ""Seller will send specifications on WhatsApp for buyer's final confirmation (Specifications bhej do handle final karta hoon)""}, ""call_purpose"": ""requirement"", ""all_languages"": [""Hindi"", ""English""], ""primary_language"": ""Hindi"", ""additional_details"": {""buyer_queries"": [{""query"": ""Is the length 200 meters?"", ""category"": ""Specifications"", ""sequence"": 2, ""answer_by_seller"": ""It is a 200-meter full length bundle.""}, {""query"": ""Is it 32mm?"", ""category"": ""Specifications"", ""sequence"": 3, ""answer_by_seller"": ""Yes, it is 32mm.""}, {""query"": ""Where is it required?"", ""category"": ""Location"", ""sequence"": 4}, {""query"": ""What is the price?"", ""category"": ""Pricing"", ""sequence"": 5, ""answer_by_seller"": ""19 rupees per meter.""}, {""query"": ""How much pressure can it bear?"", ""category"": ""Specifications"", ""sequence"": 6, ""answer_by_seller"": ""The Class 1 pipe can withstand 2-3 kg of pressure.""}, {""query"": ""When will the delivery be made?"", ""category"": ""Delivery"", ""sequence"": 7, ""answer_by_seller"": ""Delivery will take 5-6 days.""}, {""query"": ""Is Cash on Delivery available?"", ""category"": ""Other"", ""sequence"": 8, ""answer_by_seller"": ""No, COD facility is not available.""}], ""seller_queries"": [{""query"": ""How many do you need?"", ""category"": ""Quantity"", ""sequence"": 1, ""answer_by_buyer"": ""I need 10 bundles.""}]}}, ""products"": [{""price"": {""value"": 19, ""currency"": ""INR"", ""price_unit"": ""meter"", ""delivery_charge"": {""details"": ""Delivery from Ahmedabad to UP by transport."", ""is_delivery_charge_included"": false}, ""buyer_price_reaction"": {""quote"": ""Theek hai"", ""category"": ""Accepted""}}, ""in_stock"": ""in stock"", ""product_name"": ""Sprinkler Irrigation Lateral Pipe"", ""specifications"": [{""name"": ""Size"", ""unit"": ""mm"", ""value"": ""32"", ""buyer_requested"": false, ""seller_mentioned"": true}, {""name"": ""Length"", ""unit"": ""meter"", ""value"": ""200"", ""buyer_requested"": true, ""seller_mentioned"": true}, {""name"": ""Pressure Rating"", ""unit"": ""kg"", ""value"": ""2"", ""buyer_requested"": true, ""seller_mentioned"": true}, {""name"": ""Class"", ""value"": ""Class 1"", ""buyer_requested"": false, ""seller_mentioned"": true}], ""quantity_required"": {""unit"": ""bundle"", ""value"": 10}, ""related_categories"": [{""name"": ""Lateral Pipe"", ""reason"": ""The product is specifically mentioned as a lateral pipe for irrigation.""}, {""name"": ""Agricultural HDPE Pipe"", ""reason"": ""Sprinkler lateral pipes are commonly manufactured from HDPE material.""}], ""is_buyer_interested"": true, ""most_specific_category"": {""name"": ""Agricultural Pipes"", ""reason"": ""The buyer explicitly mentioned needing lateral pipes for sprinkler irrigation.""}, ""seller_accepts_quantity"": true}], ""next_steps"": {""buyer_next_steps"": [""To review the specifications sent by the seller"", ""To confirm the order after checking specs""], ""seller_next_steps"": [""To share product specifications on WhatsApp"", ""To coordinate logistics for delivery to Lakhimpur post-payment""]}, ""buyer_details"": {""buyer_name"": ""797be128c5f0ffc733dc4a6a2ad77b9ecbcc70a099dc40214e0617726fe6c5c2""}, ""seller_details"": {""seller_name"": ""94b56d5b224778ed545ecb871232ef0a64fa6a303e9340132f9aa623faa1c5aa"", ""seller_location"": {""seller_city"": ""Ahmedabad"", ""seller_state"": ""Gujarat""}}}",2026-07-29 04:41:22.535,148563631963,29/07/26
60253766,BUYER,140720,"{""payment"": {}, ""callback"": ""callback by Now - For machine discussion (Line pe rahiye abhi check karke batata hoon)"", ""lead_tag"": {""deal_blockers"": [], ""deal_readiness"": ""Warm"", ""deal_readiness_reason"": ""Buyer is evaluating specific machine models and has seen photos but needs time to finalize.""}, ""metadata"": {""call_type"": {""type"": ""B2B"", ""reason"": ""Buyer intends to use the machine for a small business venture in addition to personal use, indicating a B2B startup context."", ""evidence"": {""keywords"": [""Spice Grinding"", ""Business use"", ""Blower Type"", ""Clogging""], ""order_type"": [""commercial""], ""repeat_buyer"": false, ""buyer_persona"": {""persona_detail"": ""Small spice business owner"", ""persona_category"": ""retailer""}, ""quantity_scale"": ""Low""}}, ""buyer_intent"": {""narrative"": ""Looking for a 1-3 HP spice grinding machine for home and business use."", ""reasoning"": ""Buyer specifies motor capacity and material type (spice/flour) and carefully checks for clogging issues."", ""intent_level"": ""High""}, ""call_outcome"": {""category"": ""Follow-up"", ""conclusion_notes"": ""Buyer received photos and will check details before proceeding (Aa gaya photo, theek hai).""}, ""call_purpose"": ""requirement"", ""all_languages"": [""Hindi"", ""English""], ""primary_language"": ""Hindi"", ""additional_details"": {""buyer_queries"": [{""query"": ""Which HP machines are available?"", ""category"": ""Specifications"", ""sequence"": 1, ""answer_by_seller"": ""We have 1 HP, 2 HP, and 3 HP models available.""}, {""query"": ""What is the price of the machine?"", ""category"": ""Pricing"", ""sequence"": 2, ""answer_by_seller"": ""A blower type machine costs Rs. 35,000, while a 2 HP regular model is Rs. 25,500.""}, {""query"": ""What are the issues with the 2 HP model?"", ""category"": ""Specifications"", ""sequence"": 3, ""answer_by_seller"": ""Non-blower machines need perfectly dry raw material, otherwise, the mesh gets clogged and needs cleaning.""}], ""seller_queries"": [{""query"": ""Is it for home use or business?"", ""category"": ""Other"", ""sequence"": 4, ""answer_by_buyer"": ""I need it for both small business and home use.""}]}, ""intended_application"": ""Spice Grinding and Resale""}, ""products"": [{""price"": {""value"": 35000, ""currency"": ""INR""}, ""in_stock"": ""in stock"", ""product_name"": ""Blower Type Spice Grinder"", ""specifications"": [{""name"": ""Type"", ""value"": ""Blower"", ""buyer_requested"": false, ""seller_mentioned"": true}, {""name"": ""Price"", ""value"": ""35,000"", ""buyer_requested"": false, ""seller_mentioned"": true}], ""related_categories"": [{""name"": ""Masala Making Machine"", ""reason"": ""Used for processing various masalas.""}, {""name"": ""Masala Pulverizer"", ""reason"": ""Grinds spices into fine powder.""}], ""is_buyer_interested"": true, ""most_specific_category"": {""name"": ""Spice Processing Machines and Plants"", ""reason"": ""General spice grinding application discussed for multiple spices like turmeric and chili.""}}, {""price"": {""value"": 25500, ""currency"": ""INR""}, ""in_stock"": ""in stock"", ""product_name"": ""2 HP Spice Grinder"", ""specifications"": [{""name"": ""Motor Power"", ""unit"": ""HP"", ""value"": ""2"", ""buyer_requested"": true, ""seller_mentioned"": true}, {""name"": ""Price"", ""value"": ""25,500"", ""buyer_requested"": false, ""seller_mentioned"": true}, {""name"": ""Output"", ""unit"": ""kg"", ""value"": ""35"", ""buyer_requested"": false, ""seller_mentioned"": true}], ""related_categories"": [{""name"": ""Food Pulverizer"", ""reason"": ""Can grind both flour and spices.""}, {""name"": ""Chilli Grinding Machine"", ""reason"": ""Specifically mentioned for chili grinding.""}], ""is_buyer_interested"": true, ""most_specific_category"": {""name"": ""Masala Pulverizer"", ""reason"": ""2 HP unit used specifically for grinding dry spices.""}}, {""in_stock"": ""in stock"", ""product_name"": ""3 HP Spice Grinder"", ""specifications"": [{""name"": ""Motor Power"", ""unit"": ""HP"", ""value"": ""3"", ""buyer_requested"": false, ""seller_mentioned"": true}, {""name"": ""Output"", ""unit"": ""kg"", ""value"": ""50"", ""buyer_requested"": false, ""seller_mentioned"": true}], ""related_categories"": [{""name"": ""Haldi Processing Plant"", ""reason"": ""Suitable for processing haldi at scale.""}], ""is_buyer_interested"": true, ""most_specific_category"": {""name"": ""Industrial Masala Grinder"", ""reason"": ""3 HP model suggested for higher production capacity.""}}], ""next_steps"": {""buyer_next_steps"": [""To review sent machine photos"", ""To confirm final model choice""], ""seller_next_steps"": [""To provide further technical guidance on blower vs non-blower models""]}, ""buyer_details"": {""buyer_name"": ""6e7b21d1178f415c69ab23e7330355943a6ef8bb71c047bca0391643997cc760"", ""buyer_mobile_number"": ""213e93451e2a4a6793f2a277d793c7be0814f99ea8fcccf0ccb036718bc2e87b""}, ""seller_details"": {""seller_location"": {""seller_city"": ""Bareilly""}}}",2026-07-29 04:38:00.722,148558353646,29/07/26
72410461,BUYER,119242,"{""callback"": ""callback by Today evening - To provide information on price and stock (Aaj shaam tak call karke details bataunga)"", ""lead_tag"": {""deal_blockers"": [], ""deal_readiness"": ""Warm"", ""deal_readiness_reason"": ""Seller committed to a callback by evening to share price and availability details.""}, ""metadata"": {""call_type"": {""type"": ""B2B"", ""reason"": ""The conversation focuses on specific copper wire requirements for a specific location."", ""evidence"": {""keywords"": [""Copper Single Core Wire""], ""order_type"": [""commercial""], ""repeat_buyer"": false}}, ""buyer_intent"": {""narrative"": ""Wants price and availability for copper single core wire in Dhanera."", ""reasoning"": ""Buyer specifies a product and location but is only at the stage of asking for prices and stock availability."", ""intent_level"": ""Medium""}, ""call_outcome"": {""category"": ""Follow-up"", ""conclusion_notes"": ""Seller will check and call back in the evening (Aaj shaam tak call karke details bataunga).""}, ""call_purpose"": ""requirement"", ""all_languages"": [""English"", ""Hindi""], ""primary_language"": ""Hindi"", ""additional_details"": {""buyer_queries"": [{""query"": ""What is the price of copper single core wire?"", ""category"": ""Pricing"", ""sequence"": 1}, {""query"": ""Is it available in Dhanera?"", ""category"": ""Availability"", ""sequence"": 3}], ""seller_queries"": [{""query"": ""What quantity do you need?"", ""category"": ""Quantity"", ""sequence"": 2}]}}, ""products"": [{""product_name"": ""Copper Single Core Wire"", ""specifications"": [{""name"": ""Core"", ""value"": ""Single"", ""buyer_requested"": true, ""seller_mentioned"": false}], ""related_categories"": [{""name"": ""Single Core Cables"", ""reason"": ""The wire discussed is a single core type.""}, {""name"": ""PVC Insulated Copper Wire"", ""reason"": ""Standard copper wires used in such contexts are typically PVC insulated.""}], ""is_buyer_interested"": true, ""most_specific_category"": {""name"": ""Copper Wires"", ""reason"": ""The buyer explicitly inquired about copper single core wire.""}}, {""product_name"": ""Copper Single Core Wire"", ""specifications"": [{""name"": ""Material"", ""value"": ""Copper"", ""buyer_requested"": true, ""seller_mentioned"": false}], ""related_categories"": [{""name"": ""Single Core Cables"", ""reason"": ""The wire discussed is a single core type.""}], ""is_buyer_interested"": true, ""most_specific_category"": {""name"": ""Copper Wires"", ""reason"": ""The buyer explicitly inquired about copper single core wire.""}}], ""next_steps"": {""buyer_next_steps"": [], ""seller_next_steps"": [""To provide pricing and availability for copper single core wire by evening.""]}, ""buyer_details"": {}, ""seller_details"": {}}",2026-07-29 04:37:36.174,148564976575,29/07/26
23857731,BUYER,6042,"{""callback"": ""callback by Tomorrow - To share location and catalog"", ""lead_tag"": {""deal_blockers"": [], ""deal_readiness"": ""Warm"", ""deal_readiness_reason"": ""Buyer wants to visit the shop tomorrow to see products first-hand.""}, ""metadata"": {""call_type"": {""type"": ""B2C"", ""reason"": ""The buyer is inquiring about chairs and planning a shop visit, no bulk indicators or business context provided yet."", ""evidence"": {""keywords"": [""Chair Shop""], ""order_type"": [""other""], ""repeat_buyer"": false}}, ""buyer_intent"": {""narrative"": ""Buyer is inquiring about chairs and plans to visit the seller in Jaipur tomorrow."", ""reasoning"": ""The buyer specifically asked about the chairs and is willing to visit the physical store to finalize."", ""intent_level"": ""Medium""}, ""call_outcome"": {""category"": ""Follow-up"", ""conclusion_notes"": ""Buyer will visit the shop tomorrow (Kal aaunga main dukaan par)""}, ""call_purpose"": ""requirement"", ""all_languages"": [""Hindi"", ""English""], ""primary_language"": ""Hindi"", ""additional_details"": {""buyer_queries"": [{""query"": ""Are you the one selling chairs?"", ""category"": ""Availability"", ""sequence"": 1}], ""seller_queries"": [{""query"": ""Where are you calling from?"", ""category"": ""Location"", ""sequence"": 2}]}}, ""products"": [{""in_stock"": ""in stock"", ""product_name"": ""Chair (Kursi)"", ""related_categories"": [{""name"": ""Plastic Chairs"", ""reason"": ""Chairs are commonly made of plastic in this context.""}], ""is_buyer_interested"": true, ""most_specific_category"": {""name"": ""Chair"", ""reason"": ""The buyer refers to the product as 'Kursi' (Chair) without specific material or design details.""}}], ""next_steps"": {""buyer_next_steps"": [""To visit the seller's shop in Jaipur tomorrow""], ""seller_next_steps"": [""To share the shop location and product catalog on WhatsApp""]}, ""buyer_details"": {""buyer_name"": ""3db6c6dc0ac090a14e42fd6cba6456fc5a0e957f4c7976b518cdd7296cf21df3""}, ""seller_details"": {""seller_name"": ""623f0b5584eb86d9f905e52679a9ce3bca0bd91a950a03e0eaa1b2f8bb3e9908""}}",2026-07-29 04:33:49.491,148564643563,29/07/26
26994402,BUYER,43732,"{""callback"": ""callback by Tomorrow evening - To check product availability (Kal shaam ko dekhta hoon)"", ""lead_tag"": {""deal_blockers"": [{""detail"": ""Product Jojoba Beads not available"", ""category"": ""Availability""}], ""deal_readiness"": ""Cold"", ""deal_readiness_reason"": ""Seller explicitly stated product is unavailable and will only re-verify by tomorrow evening.""}, ""metadata"": {""call_type"": {""type"": ""B2B"", ""reason"": ""The inquiry involves Jojoba Beads which are used as raw materials in cosmetic manufacturing, typical of B2B transactions."", ""evidence"": {""keywords"": [""Cosmetic Raw Material"", ""Jojoba Beads""], ""order_type"": [""commercial""]}}, ""buyer_intent"": {""narrative"": ""Buyer is looking for Jojoba Beads for cosmetic use."", ""reasoning"": ""The buyer specifically asked for Jojoba Beads, showing clear product knowledge but the seller currently does not have stock."", ""intent_level"": ""Medium""}, ""call_outcome"": {""category"": ""Follow-up"", ""conclusion_notes"": ""Seller will check and confirm by tomorrow evening (Kal shaam ko batata hoon check karke).""}, ""call_purpose"": ""requirement"", ""all_languages"": [""Hindi"", ""English""], ""primary_language"": ""Hindi"", ""additional_details"": {""buyer_queries"": [{""query"": ""Do you have Jojoba Beads?"", ""category"": ""Availability"", ""sequence"": 1}], ""seller_queries"": []}}, ""products"": [{""in_stock"": ""out of stock"", ""product_name"": ""Jojoba Beads"", ""specifications"": [], ""related_categories"": [{""name"": ""Cosmetic Raw Material"", ""reason"": ""Jojoba beads serve as a raw ingredient for beauty and skincare products.""}], ""is_buyer_interested"": true, ""most_specific_category"": {""name"": ""Cosmetic Ingredients"", ""reason"": ""Jojoba beads are widely used as exfoliating agents in cosmetic formulations.""}}], ""next_steps"": {""buyer_next_steps"": [""To wait for seller's confirmation on availability""], ""seller_next_steps"": [""To check inventory for Jojoba Beads and call back""]}, ""buyer_details"": {}, ""seller_details"": {}}",2026-07-29 04:28:36.070,148558164663,29/07/26
144251380,BUYER,84905,"{""payment"": {}, ""lead_tag"": {""deal_blockers"": [{""detail"": ""Buyer found the 2500 per meter rate high"", ""category"": ""Price""}], ""deal_readiness"": ""Warm"", ""deal_readiness_reason"": ""Sent price and details, buyer asked for photos and quotation to review later (Photos aur quotation dalo).""}, ""metadata"": {""call_type"": {""type"": ""B2B"", ""reason"": ""The buyer is looking for a complete solar fencing solution for a large 10-kanal land area, indicating a serious agricultural/commercial project setup."", ""evidence"": {""keywords"": [""Orchard"", ""10 Kanal Land"", ""J&K Project""], ""order_type"": [""commercial"", ""one-time""], ""buyer_persona"": {""persona_detail"": ""Orchard Owner"", ""persona_category"": ""end_consumer""}, ""quantity_scale"": ""High""}}, ""buyer_intent"": {""narrative"": ""Wants to install 500 meters of solar fencing for a 10 kanal orchard in Kishtwar."", ""reasoning"": ""Buyer provided exact land measurements (10 kanal), boundary length (500m), and location (J&K), showing serious interest."", ""intent_level"": ""High""}, ""call_outcome"": {""category"": ""Follow-up"", ""conclusion_notes"": ""Sent a proposal and will share photos on WhatsApp (Photos aur quotation dalo, main bhejta hoon).""}, ""call_purpose"": ""requirement"", ""all_languages"": [""Hindi"", ""English""], ""primary_language"": ""Hindi"", ""additional_details"": {""buyer_queries"": [{""query"": ""How much will it cost?"", ""category"": ""Pricing"", ""sequence"": 4, ""answer_by_seller"": ""The cost is 2500 Rupees per meter, plus GST and freight extra.""}, {""query"": ""Can you send the photos and quotation?"", ""category"": ""Other"", ""sequence"": 6, ""answer_by_seller"": ""I'll send across the photos and a proposal.""}], ""seller_queries"": [{""query"": ""Is it for an existing wall or open land?"", ""category"": ""Specifications"", ""sequence"": 1, ""answer_by_buyer"": ""It is for a land without an existing wall, it's for an orchard.""}, {""query"": ""How many meters is the boundary?"", ""category"": ""Quantity"", ""sequence"": 2, ""answer_by_buyer"": ""Total length is around 500 meters for a 10 kanal area.""}, {""query"": ""Do you also need the solar unit for current?"", ""category"": ""Specifications"", ""sequence"": 3, ""answer_by_buyer"": ""Yes, we need it to have current/electricity.""}, {""query"": ""Can you consider and let me know?"", ""category"": ""Other"", ""sequence"": 5}]}, ""intended_application"": ""Orchard Fencing""}, ""products"": [{""price"": {""gst"": {""details"": ""GST is extra"", ""is_gst_included"": false}, ""value"": 2500, ""currency"": ""INR"", ""price_unit"": ""meter"", ""delivery_charge"": {""details"": ""Freight is extra"", ""is_delivery_charge_included"": false}, ""negotiation_notes"": ""Buyer expressed concern that 2500/meter is high compared to previous experience."", ""buyer_price_reaction"": {""quote"": ""Yeh toh zyada bol rahe ho sir"", ""category"": ""Negotiating""}}, ""in_stock"": ""in stock"", ""product_name"": ""Solar Fencing (Solar Zatka)"", ""specifications"": [{""name"": ""Application"", ""value"": ""Orchard"", ""buyer_requested"": false, ""seller_mentioned"": false}, {""name"": ""Components"", ""value"": ""Insulator, Pole, Energizer, Solar Panel"", ""buyer_requested"": false, ""seller_mentioned"": true}, {""name"": ""Installation Type"", ""value"": ""Ground/Land"", ""buyer_requested"": true, ""seller_mentioned"": false}], ""quantity_required"": {""unit"": ""meter"", ""value"": 500}, ""related_categories"": [{""name"": ""Agri Fencing"", ""reason"": ""The fencing is intended for an orchard land (Land/Orchard use).""}, {""name"": ""Solar Zatka Machine"", ""reason"": ""The kit includes an energizer for current (Current aana chahiye).""}], ""is_buyer_interested"": true, ""most_specific_category"": {""name"": ""Solar Fencing System"", ""reason"": ""The discussion covers a complete kit including energizer, panel, insulators, and poles for a boundary (Solar fencing kit).""}, ""seller_accepts_quantity"": true}], ""next_steps"": {""buyer_next_steps"": [""To review the photos and quotation shared by the seller""], ""seller_next_steps"": [""To share product photos and quotation on WhatsApp""]}, ""buyer_details"": {""buyer_location"": {""buyer_city"": ""Kishtwar"", ""buyer_state"": ""Jammu and Kashmir""}}, ""seller_details"": {}}",2026-07-29 04:28:23.215,148564808175,29/07/26
196990765,BUYER,442620,"{""payment"": {}, ""callback"": ""callback by Today - To send catalogs and details on WhatsApp (Main abhi aapko WhatsApp pe details bhejta hoon)"", ""lead_tag"": {""deal_blockers"": [], ""deal_readiness"": ""Warm"", ""deal_readiness_reason"": ""The buyer was seeking damaged biscuits for cattle feed and will compare after the seller sends catalog and details.""}, ""metadata"": {""call_type"": {""type"": ""B2B"", ""reason"": ""The buyer wants damaged cookies and biscuits for cattle feed."", ""evidence"": {""keywords"": [""Cattle feed"", ""Poultry feed""], ""order_type"": [""bulk""], ""repeat_buyer"": false, ""quantity_scale"": ""High""}}, ""buyer_intent"": {""narrative"": ""The buyer is seeking damaged biscuits in order to feed cows. "", ""reasoning"": ""The buyer knew exactly what they wanted and was asking because they wanted to buy it for their cows."", ""intent_level"": ""High""}, ""call_outcome"": {""category"": ""Follow-up"", ""conclusion_notes"": ""The seller is going to send a catalog on WhatsApp. (Main catalog share karunga)""}, ""call_purpose"": ""requirement"", ""all_languages"": [""Telugu"", ""English""], ""primary_language"": ""Telugu"", ""additional_details"": {""buyer_queries"": [{""query"": ""Do you have damaged biscuits available?"", ""category"": ""Availability"", ""sequence"": 1}, {""query"": ""Do you have anything else?"", ""category"": ""Availability"", ""sequence"": 2}], ""seller_queries"": [{""query"": ""Is it for cattle of poultry?"", ""category"": ""Specifications"", ""sequence"": 3}]}}, ""products"": [{""in_stock"": ""not sold"", ""product_name"": ""Biscuits (damaged)"", ""related_categories"": [{""name"": ""Animal Feed Supplement"", ""reason"": ""The buyer specified the biscuits would be used as a feed supplement for cattle.""}], ""is_buyer_interested"": true, ""most_specific_category"": {""name"": ""Cattle Feed Supplement"", ""reason"": ""The buyer said they were looking for food for their cattle.""}}, {""in_stock"": ""in stock"", ""product_name"": ""Sweetener"", ""related_categories"": [{""name"": ""Animal Feed Supplement"", ""reason"": ""The seller mentioned this product as a supplement for cows.""}], ""is_buyer_interested"": false, ""most_specific_category"": {""name"": ""Cattle Feed Supplement"", ""reason"": ""The seller mentioned this product as an alternative to damaged biscuits for cow feed.""}}, {""in_stock"": ""in stock"", ""product_name"": ""Sweetener"", ""related_categories"": [{""name"": ""Animal Feed Supplement"", ""reason"": ""The seller mentioned this product as a supplement for cows.""}], ""is_buyer_interested"": false, ""most_specific_category"": {""name"": ""Cattle Feed Supplement"", ""reason"": ""The seller mentioned this product as an alternative to damaged biscuits for cow feed.""}}], ""next_steps"": {""buyer_next_steps"": [""To view catalogs on WhatsApp""], ""seller_next_steps"": [""To share catalog and details on WhatsApp""]}, ""buyer_details"": {""buyer_mobile_number"": ""1894c31de81ee4c0abc10cf182ce3210fa38dd17d421ffd3bdb1a2aac63eeadd""}, ""seller_details"": {}}",2026-07-29 04:26:40.805,148564914967,29/07/26
66175924,BUYER,161896,"{""callback"": ""callback by Later - To discuss requirements (I will call you after some time sir)"", ""lead_tag"": {""deal_blockers"": [], ""deal_readiness"": ""Warm"", ""deal_readiness_reason"": ""Buyer has a specific product requirement but the follow-up depends on a later call from the seller.""}, ""metadata"": {""call_type"": {""type"": ""B2B"", ""reason"": ""The buyer is inquiring about a technical product (motor controller) for professional use, indicating a B2B context."", ""evidence"": {""order_type"": [""commercial""], ""buyer_persona"": {""persona_detail"": ""Buyer from Coimbatore"", ""persona_category"": ""other""}}}, ""buyer_intent"": {""narrative"": ""Wants auto mobile starter controller for application in Coimbatore."", ""reasoning"": ""The buyer specifically mentions the product name 'auto automatic mobile starter controller' and identifies their location, indicating a direct intent to purchase."", ""intent_level"": ""High""}, ""call_outcome"": {""category"": ""Follow-up"", ""conclusion_notes"": ""Seller will call back later to discuss the requirement (I will call you after some time sir).""}, ""call_purpose"": ""requirement"", ""all_languages"": [""Hindi"", ""English"", ""Marathi""], ""primary_language"": ""English"", ""additional_details"": {""buyer_queries"": [{""query"": ""I need auto automatic mobile starter controller."", ""category"": ""Availability"", ""sequence"": 1}], ""seller_queries"": []}}, ""products"": [{""in_stock"": ""in stock"", ""product_name"": ""Auto Automatic Mobile Starter Controller"", ""specifications"": [], ""related_categories"": [{""name"": ""Mobile Starter"", ""reason"": ""Mobile starter is a broader category for the requested controller.""}, {""name"": ""Pump Controller"", ""reason"": ""These controllers are frequently used for controlling water pumps via mobile.""}], ""is_buyer_interested"": true, ""most_specific_category"": {""name"": ""GSM Mobile Starter"", ""reason"": ""The buyer explicitly requested an automatic mobile starter controller, which fits best under GSM Mobile Starters.""}}], ""next_steps"": {""buyer_next_steps"": [""To wait for a callback from the seller to discuss the requirements further.""], ""seller_next_steps"": [""To call the buyer back on the provided mobile number to discuss the mobile starter controller requirements.""]}, ""buyer_details"": {""buyer_name"": ""cd9c7cf768bad05021a91a8e0c8138237aea8cd9f702d7c71c3e7e132797db7a""}, ""seller_details"": {""seller_name"": ""310fbf88a1c795591e58f6a2c7a6dd5635e3477a84912ac20af85a1a4380bcea""}}",2026-07-29 04:20:26.390,148564693352,29/07/26
253779659,BUYER,184962,"{""callback"": ""callback by Tomorrow 12 PM - To discuss bulk pricing after checking stock (Kal 12 baje call karke rate confirm karta hoon)"", ""lead_tag"": {""deal_blockers"": [], ""deal_readiness"": ""Warm"", ""deal_readiness_reason"": ""Buyer is seeking bulk pricing for paper but final decision depends on tomorrow's rate confirmation.""}, ""metadata"": {""call_type"": {""type"": ""B2B"", ""reason"": ""Buyer is inquiring about 500 packets of copier paper, indicating commercial or resale use."", ""evidence"": {""order_type"": [""bulk"", ""commercial""], ""repeat_buyer"": false, ""quantity_scale"": ""High""}}, ""buyer_intent"": {""narrative"": ""Wants 500 packets of A4 size copier paper."", ""reasoning"": ""Buyer specified a high quantity (500 packets) and is actively negotiating for bulk pricing."", ""intent_level"": ""High""}, ""call_outcome"": {""category"": ""Follow-up"", ""conclusion_notes"": ""Seller will call back tomorrow at 12 PM with finalized bulk prices (Kal 12 baje call karke bulk rate batata hoon).""}, ""call_purpose"": ""requirement"", ""all_languages"": [""Malayalam"", ""English""], ""primary_language"": ""Malayalam"", ""additional_details"": {""buyer_queries"": [{""query"": ""What is the price for bulk quantity?"", ""category"": ""Pricing"", ""sequence"": 2, ""answer_by_seller"": ""Current retail is around 175-180 INR per packet, but for 500 packets, I need to check the best possible rate and get back to you.""}, {""query"": ""Is stock available for 500 packets?"", ""category"": ""Availability"", ""sequence"": 3}], ""seller_queries"": [{""query"": ""How many packets do you need?"", ""category"": ""Quantity"", ""sequence"": 1, ""answer_by_buyer"": ""I need 500 packets.""}]}, ""intended_application"": ""Commercial Resale""}, ""products"": [{""price"": {""value"": 175, ""currency"": ""INR"", ""price_unit"": ""packet"", ""buyer_price_reaction"": {""quote"": ""Give me a better rate for 500 packets."", ""category"": ""Negotiating""}}, ""in_stock"": ""in stock"", ""product_name"": ""A4 Size Copier Paper"", ""specifications"": [{""name"": ""Size"", ""value"": ""A4"", ""buyer_requested"": true, ""seller_mentioned"": true}], ""quantity_required"": {""unit"": ""packets"", ""value"": 500}, ""related_categories"": [{""name"": ""A4 Size Paper"", ""reason"": ""It is an A4 sized paper product.""}, {""name"": ""Xerox A4 Size Paper"", ""reason"": ""Commonly used for Xerox/Photocopying.""}], ""is_buyer_interested"": true, ""most_specific_category"": {""name"": ""Copier Paper"", ""reason"": ""The buyer specifically requested A4 size paper for copying/printing purposes.""}, ""seller_accepts_quantity"": true}], ""next_steps"": {""buyer_next_steps"": [""To wait for the call at 12 PM tomorrow to confirm pricing""], ""seller_next_steps"": [""To check stock availability for 500 packets"", ""To calculate and provide bulk price for copier paper""]}, ""buyer_details"": {""buyer_name"": ""4e4afad64eefc7f83166c279114a6767077ef1bff70eea31104f3e14a82c0524"", ""buyer_mobile_number"": ""f07bf7f24ab7d2b2fc17d96222d7dfd3a607445da134a8e1ce872f4bfa1b38a1""}, ""seller_details"": {""seller_name"": ""dfa1e8acab870b36b9a2ca2ed5a5b61dadbb938fed4f7d08d5795fcc491171d5""}}",2026-07-29 04:19:21.135,148564293234,29/07/26
272453239,BUYER,25666,"{""callback"": ""callback by Sometime - To send videos and photos (Videos photos share karoonga)"", ""lead_tag"": {""deal_blockers"": [], ""deal_readiness"": ""Hot"", ""deal_readiness_reason"": ""The seller is about to share catalogs on WhatsApp for immediate review and has established location feasibility. \r\n\r\n\r\n\r\n\r\n\r\n\r\n\r\n\r\n\r\n\r\n\r\n\r\n\r\n\r\n\r\n\r\n\r\n\r\n\r\n\r\n\r\n\r\n\r\n\r\n\r\n\r\n\r\n\r\n\r\n\r\n\r\n\r\n\r\n\r\n\r\n\r\n\r\n\r\n\r\n\r\n\r\n\r\n\r\n\r\n\r\n\r\n\r\n\r\n\r\n\r\n\r\n\r\n\r\n\r\n\r\n\r\n\r\n\r\n\r\n\r\n\r\n\r\n\r\n\r\n\r\n\r\n\r\n\r\n\r\n\r\n\r\n\r\n\r\n\r\n\r\n\r\n\r\n\r\n\r\n\r\n\r\n\r\n\r\n\r\n\r\n\r\n\r\n\r\n\r\n\r\n\r\n\r\n\r\n\r\n\r\n\r\n\r\n\r\n\r\n\r\n\r\n\r\n\r\n\r\n\r\n\r\n\r\n\r\n\r\n\r\n\r\n\r\n\r\n\r\n\r\n\r\n\r\n\r\n\r\n\r\n\r\n\r\n\r\n\r\n\r\n\r\n\r\n\r\n\r\n\r\n\r\n\r\n\r\n\r\n\r\n\r\n\r\n\r\n\r\n\r\n\r\n\r\n\r\n\r\n\r\n\r\n\r\n\r\n\r\n\r\n\r\n\r\n\r\n\r\n\r\n\r\n\r\n\r\n\r\n\r\n\r\n\r\n\r\n\r\n\r\n\r\n\r\n\r\n\r\n\r\n\r\n\r\n\r\n\r\n\r\n\r\n\r\n\r\n\r\n\r\n\r\n\r\n\r\n\r\n\r\n\r\n\r\n\r\n\r\n\r\n\r\n\r\n\r\n\r\n\r\n\r\n\r\n\r\n\r\n\r\n\r\n\r\n\r\n\r\n\r\n\r\n\r\n\r\n\r\n\r\n\r\n\r\n\r\n\r\n\r\n\r\n\r\n\r\n\r\n\r\n\r\n\r\n\r\n\r\n\r\n\r\n\r\n\r\n\r\n\r\n\r\n\r\n\r\n\r\n\r\n\r\n\r\n\r\n\r\n\r\n\r\n\r\n\r\n\r\n\r\n\r\n\r\n\r\n\r\n\r\n\r\n\r\n\r\n\r\n\r\n\r\n\r\n\r\n\r\n\r\n\r\n\r\n\r\n\r\n\r\n\r\n\r\n\r\n\r\n\r\n\r\n\r\n\r\n\r\n\r\n\r\n\r\n\r\n\r\n\r\n\r\n\r\n\r\n\r\n\r\n\r\n\r\n\r\n\r\n\r\n\r\n\r\n\r\n\r\n\r\n\r\n\r\n\r\n\r\n\r\n\r\n\r\n\r\n\r\n\r\n\r\n\r\n\r\n\r\n\r\n\r\n\r\n\r\n\r\n\r\n\r\n\r\n\r\n\r\n\r\n\r\n\r\n\r\n\r\n\r\n\r\n\r\n\r\n\r\n\r\n\r\n\r\n\r\n\r\n\r\n\r\n\r\n\r\n\r\n\r\n\r\n\r\n\r\n\r\n\r\n\r\n\r\n\r\n\r\n\r\n\r\n\r\n\r\n\r\n\r\n\r\n\r\n\r\n\r\n\r\n\r\n\r\n\r\n\r\n\r\n\r\n\r\n\r\n\r\n\r\n\r\n\r\n\r\n\r\n\r\n\r\n\r\n\r\n\r\n\r\n\r\n\r\n\r\n\r\n\r\n\r\n\r\n\r\n\r\n\r\n\r\n\r\n\r\n\r\n\r\n\r\n\r\n\r\n\r\n\r\n\r\n\r\n\r\n\r\n\r\n\r\n\r\n\r\n\r\n\r\n\r\n\r\n\r\n\r\n\r\n\r\n\r\n\r\n\r\n\r\n\r\n\r\n\r\n\r\n\r\n\r\n\r\n\r\n\r\n\r\n\r\n\r\n\r\n\r\n\r\n\r\n\r\n\r\n\r\n\r\n\r\n\r\n\r\n\r\n\r\n\r\n\r\n\r\n\r\n\r\n\r\n\r\n\r\n\r\n\r\n\r\n\r\n\r\n\r\n\r\n\r\n\r\n\r\n\r\n\r\n\r\n\r\n\r\n\r\n\r\n\r\n\r\n\r\n\r\n\r\n\r\n\r\n\r\n\r\n\r\n\r\n\r\n\r\n\r\n\r\n\r\n\r\n\r\n\r\n\r\n\r\n\r\n\r\n\r\n\r\n\r\n\r\n\r\n\r\n\r\n\r\n\r\n\r\n\r\n\r\n\r\n\r\n\r\n\r\n\r\n\r\n\r\n\r\n\r\n\r\n\r\n\r\n\r\n\r\n\r\n\r\n\r\n\r\n\r\n\r\n\r\n\r\n\r\n\r\n\r\n\r\n\r\n\r\n\r\n\r\n\r\n\r\n\r\n\r\n\r\n\r\n\r\n\r\n\r\n\r\n\r\n\r\n\r\n\r\n\r\n\r\n\r\n\r\n\r\n\r\n\r\n\r\n\r\n\r\n\r\n\r\n\r\n\r\n\r\n\r\n\r\n\r\n\r\n\r\n\r\n\r\n\r\n\r\n\r\n\r\n\r\n\r\n\r\n\r\n\r\n\r\n\r\n\r\n\r\n\r\n\r\n\r\n\r\n\r\n\r\n\r\n\r\n\r\n\r\n\r\n\r\n\r\n\r\n\r\n\r\n\r\n\r\n\r\n\r\n\r\n\r\n\r\n\r\n\r\n\r\n\r\n\r\n\r\n\r\n\r\n\r\n\r\n\r\n\r\n\r\n\r\n\r\n\r\n\r\n\r\n\r\n\r\n\r\n\r\n\r\n\r\n\r\n\r\n\r\n\r\n\r\n\r\n\r\n\r\n\r\n\r\n\r\n\r\n\r\n\r\n\r\n\r\n\r\n\r\n\r\n\r\n\r\n\r\n\r\n\r\n\r\n\r\n\r\n\r\n\r\n\r\n\r\n\r\n\r\n\r\n\r\n\r\n\r\n\r\n\r\n\r\n\r\n\r\n\r\n\r\n\r\n\r\n\r\n\r\n\r\n\r\n\r\n\r\n\r\n\r\n\r\n\r\n\r\n\r\n\r\n\r\n\r\n\r\n\r\n\r\n\r\n\r\n\r\n\r\n\r\n\r\n\r\n\r\n\r\n\r\n\r\n\r\n\r\n\r\n\r\n\r\n\r\n\r\n\r\n\r\n\r\n\r\n\r\n\r\n\r\n\r\n\r\n\r\n\r\n\r\n\r\n\r\n\r\n\r\n\r\n\r\n\r\n\r\n\r\n\r\n\r\n\r\n\r\n\r\n\r\n\r\n\r\n\r\n\r\n\r\n\r\n\r\n\r\n\r\n\r\n\r\n\r\n\r\n\r\n\r\n\r\n\r\n\r\n\r\n\r\n\r\n\r\n\r\n\r\n\r\n\r\n\r\n\r\n\r\n\r\n\r\n\r\n\r\n\r\n\r\n\r\n\r\n\r\n\r\n\r\n\r\n\r\n\r\n\r\n\r\n\r\n\r\n\r\n\r\n\r\n\r\n\r\n\r\n\r\n\r\n\r\n\r\n\r\n\r\n\r\n\r\n\r\n\r\n\r\n\r\n\r\n\r\n\r\n\r\n\r\n\r\n\r\n\r\n\r\n\r\n\r\n\r\n\r\n\r\n\r\n\r\n\r\n\r\n\r\n\r\n\r\n\r\n\r\n\r\n\r\n\r\n\r\n\r\n\r\n\r\n\r\n\r\n\r\n\r\n\r\n\r\n\r\n\r\n\r\n\r\n\r\n\r\n\r\n\r\n\r\n\r\n\r\n\r\n\r\n\r\n\r\n\r\n\r\n\r\n\r\n\r\n\r\n\r\n\r\n\r\n\r\n\r\n\r\n\r\n\r\n\r\n\r\n\r\n\r\n\r\n\r\n\r\n\r\n\r\n\r\n\r\n\r\n\r\n\r\n\r\n\r\n\r\n\r\n\r\n\r\n\r\n\r\n\r\n\r\n\r\n\r\n\r\n\r\n\r\n\r\n\r\n\r\n\r\n\r\n\r\n\r\n\r\n\r\n\r\n\r\n\r\n\r\n\r\n\r\n\r\n\r\n\r\n\r\n\r\n\r\n\r\n\r\n\r\n\r\n\r\n\r\n\r\n\r\n\r\n\r\n\r\n\r\n\r\n\r\n\r\n\r\n\r\n\r\n\r\n\r\n\r\n\r\n\r\n\r\n\r\n\r\n\r\n\r\n\r\n\r\n\r\n\r\n\r\n\r\n\r\n\r\n\r\n\r\n\r\n\r\n\r\n\r\n\r\n\r\n\r\n\r\n\r\n\r\n\r\n\r\n\r\n\r\n\r\n\r\n\r\n\r\n\r\n\r\n\r\n\r\n\r\n\r\n\r\n\r\n\r\n\r\n\r\n\r\n\r\n\r\n\r\n\r\n\r\n\r\n\r\n\r\n\r\n\r\n\r\n\r\n\r\n\r\n\r\n\r\n\r\n\r\n\r\n\r\n\r\n\r\n\r\n\r\n\r\n\r\n\r\n\r\n\r\n\r\n\r\n\r\n\r\n\r\n\r\n\r\n\r\n\r\n\r\n\r\n\r\n\r\n\r\n\r\n\r\n\r\n\r\n\r\n\r\n\r\n\r\n\r\n\r\n\r\n\r\n\r\n\r\n\r\n\r\n\r\n\r\n\r\n\r\n\r\n\r\n\r\n\r\n\r\n\r\n\r\n\r\n\r\n\r\n\r\n\r\n\r\n\r\n\r\n\r\n\r\n\r\n\r\n\r\n\r\n\r\n\r\n\r\n\r\n\r\n\r\n\r\n\r\n\r\n\r\n\r\n\r\n\r\n\r\n\r\n\r\n\r\n\r\n\r\n\r\n\r\n\r\n\r\n\r\n\r\n\r\n\r\n\r\n\r\n\r\n\r\n\r\n\r\n\r\n\r\n\r\n\r\n\r\n\r\n\r\n\r\n\r\n\r\n\r\n\r\n\r\n\r\n\r\n\r\n\r\n\r\n\r\n\r\n\r\n\r\n\r\n\r\n\r\n\r\n\r\n\r\n\r\n\r\n\r\n\r\n\r\n\r\n\r\n\r\n\r\n\r\n\r\n\r\n\r\n\r\n\r\n\r\n\r\n\r\n\r\n\r\n\r\n\r\n\r\n\r\n\r\n\r\n\r\n\r\n\r\n\r\n\r\n\r\n\r\n\r\n\r\n\r\n\r\n\r\n\r\n\r\n\r\n\r\n\r\n\r\n\r\n\r\n\r\n\r\n\r\n\r\n\r\n\r\n\r\n\r\n\r\n\r\n\r\n\r\n\r\n\r\n\r\n\r\n\r\n\r\n\r\n\r\n\r\n\r\n\r\n\r\n\r\n\r\n\r\n\r\n\r\n\r\n\r\n\r\n\r\n\r\n\r\n\r\n\r\n\r\n\r\n\r\n\r\n\r\n\r\n\r\n\r\n\r\n\r\n\r\n\r\n\r\n\r\n\r\n\r\n\r\n\r\n\r\n\r\n\r\n\r\n\r\n\r\n\r\n\r\n\r\n\r\n\r\n\r\n\r\n\r\n\r\n\r\n\r\n\r\n\r\n\r\n\r\n\r\n\r\n\r\n\r\n\r\n\r\n\r\n\r\n\r\n\r\n\r\n\r\n\r\n\r\n""}, ""metadata"": {""call_type"": {""type"": ""B2B"", ""reason"": ""The buyer owns a boutique/tailor shop and is looking for machinery to execute professional work, characteristic of B2B equipment sales."", ""evidence"": {""keywords"": [""Logo Purpose"", ""Boutique Shop"", ""Frame Size""], ""order_type"": [""commercial""], ""repeat_buyer"": false, ""buyer_persona"": {""persona_detail"": ""Boutique Owner"", ""persona_category"": ""retailer""}, ""quantity_scale"": ""Low""}}, ""buyer_intent"": {""narrative"": ""The buyer is inquiring about Brother and other brand embroidery machines for a boutique with specific frame size needs."", ""reasoning"": ""The buyer has specific use cases (churidar and blouse work) and is comparing functional features across brands like Brother and Ricoma."", ""intent_level"": ""High""}, ""call_outcome"": {""category"": ""Follow-up"", ""conclusion_notes"": ""The seller will share machine details on WhatsApp (WhatsApp mein share karta hoon).""}, ""call_purpose"": ""requirement"", ""all_languages"": [""Tamil"", ""Malayalam""], ""primary_language"": ""Tamil"", ""additional_details"": {""buyer_queries"": [{""query"": ""What is the price of a Brother embroidery machine?"", ""category"": ""Pricing"", ""sequence"": 1}, {""query"": ""Which of your machines is lower priced?"", ""category"": ""Pricing"", ""sequence"": 3}], ""seller_queries"": [{""query"": ""What do you want it for? Blouses, churidars, or logo purpose?"", ""category"": ""Other"", ""sequence"": 2}]}}, ""products"": [{""price"": {""gst"": {""is_gst_included"": true}, ""value"": 800000, ""currency"": ""INR"", ""price_unit"": ""piece"", ""buyer_price_reaction"": {""quote"": ""Which one is lower priced? (Kammaya irukuradhu yethu?)"", ""category"": ""Negotiating""}}, ""in_stock"": ""in stock"", ""product_name"": ""Brother Embroidery Machine"", ""specifications"": [{""name"": ""Needle Count"", ""value"": ""10"", ""buyer_requested"": false, ""seller_mentioned"": true}, {""name"": ""Frame Size"", ""unit"": ""inch"", ""value"": ""14 x 8"", ""buyer_requested"": false, ""seller_mentioned"": true}], ""related_categories"": [{""name"": ""Embroidery Machine"", ""reason"": ""It is a specialized machine for embroidery applications.""}, {""name"": ""Multi Head Embroidery Machine"", ""reason"": ""The 10-needle feature discussed often classifies it under multi-head or high-end single-head computerized categories.""}], ""is_buyer_interested"": true, ""most_specific_category"": {""name"": ""Computerized Embroidery Machine"", ""reason"": ""The discussion centers on multi-needle computerized machines from brands like Brother and Ricoma used for embroidery work.""}}, {""price"": {""value"": 420000, ""currency"": ""INR"", ""price_unit"": ""piece""}, ""in_stock"": ""in stock"", ""product_name"": ""Ricoma (Boutique Tailor Shop) Embroidery Machine"", ""specifications"": [{""name"": ""Needle Count"", ""value"": ""12"", ""buyer_requested"": false, ""seller_mentioned"": true}, {""name"": ""Frame Size"", ""unit"": ""inch"", ""value"": ""48"", ""buyer_requested"": false, ""seller_mentioned"": true}], ""related_categories"": [{""name"": ""Embroidery Machine"", ""reason"": ""A machine specifically for computerized embroidery.""}, {""name"": ""Single Head Embroidery Machine"", ""reason"": ""A 12-needle single head machine.""}], ""is_buyer_interested"": true, ""most_specific_category"": {""name"": ""Computerized Embroidery Machine"", ""reason"": ""It is a multi-needle computerized machine explicitly recommended for boutique/tailor shops with larger frame needs.""}}, {""price"": {""value"": 550000, ""currency"": ""INR"", ""price_unit"": ""piece""}, ""in_stock"": ""in stock"", ""product_name"": ""Large Frame Computerized Embroidery Machine"", ""specifications"": [{""name"": ""Frame Size"", ""value"": ""Large Single Frame"", ""buyer_requested"": true, ""seller_mentioned"": true}], ""related_categories"": [{""name"": ""Embroidery Machine"", ""reason"": ""Broad category encompassing computerized units.""}], ""is_buyer_interested"": true, ""most_specific_category"": {""name"": ""Computerized Embroidery Machine"", ""reason"": ""A variation with a larger frame size discussed separately for single-frame operations.""}}], ""next_steps"": {""buyer_next_steps"": [""To review photos and videos of machines on WhatsApp""], ""seller_next_steps"": [""To share catalogs, photos, and videos of machines on the buyer's WhatsApp number""]}, ""buyer_details"": {""buyer_name"": ""05a429bc3aa9cde54456cb3c00a9a029465f108420e3440d45c3f2855ba87f90"", ""buyer_mobile_number"": ""232fd501f45c2689c77716a278ae3aa623d0bcc3db875df29adb43625a419316""}, ""seller_details"": {""seller_location"": {""seller_city"": ""Madurai""}}}",2026-07-29 04:19:06.817,148564923446,29/07/26
272396103,BUYER,137224,"{""callback"": ""callback by Tomorrow 10 AM - To discuss PVA film details (Kal subah 10 baje baat karte hain)"", ""lead_tag"": {""deal_blockers"": [], ""deal_readiness"": ""Warm"", ""deal_readiness_reason"": ""Buyer has specified product requirements and shared contact details for further discussion.""}, ""metadata"": {""call_type"": {""type"": ""B2B"", ""reason"": ""The buyer represents 'Crystal Marketing' and is inquiring about specific industrial packaging films, suggesting B2B intent."", ""evidence"": {""keywords"": [""PVA Film"", ""Digital Marketing"", ""Business Inquiries""], ""order_type"": [""commercial""], ""repeat_buyer"": false, ""buyer_persona"": {""persona_detail"": ""Digital Marketing Shop Owner"", ""persona_category"": ""retailer""}, ""quantity_scale"": ""Low""}}, ""buyer_intent"": {""narrative"": ""Interested in purchasing PVA film for business use."", ""reasoning"": ""Buyer provided specific product details like PVA film and width, shared contact number, and mentioned a company name."", ""intent_level"": ""High""}, ""call_outcome"": {""category"": ""Follow-up"", ""conclusion_notes"": ""Seller requested the buyer to connect on WhatsApp for further discussion (WhatsApp pe aaiye details bhejta hoon).""}, ""call_purpose"": ""requirement"", ""all_languages"": [""Hindi"", ""English"", ""Malayalam"", ""Tamil""], ""primary_language"": ""Hindi"", ""additional_details"": {""buyer_queries"": [{""query"": ""Do you have PVA film?"", ""category"": ""Specifications"", ""sequence"": 1}], ""seller_queries"": [{""query"": ""What is your name?"", ""category"": ""Other"", ""sequence"": 2}, {""query"": ""What size and micron do you need?"", ""category"": ""Specifications"", ""sequence"": 3}]}}, ""products"": [{""in_stock"": ""in stock"", ""product_name"": ""PVA Film (Water Soluble Film)"", ""specifications"": [{""name"": ""Width"", ""unit"": ""mm"", ""value"": ""300"", ""buyer_requested"": false, ""seller_mentioned"": false}, {""name"": ""Type"", ""value"": ""Water Soluble"", ""buyer_requested"": true, ""seller_mentioned"": true}], ""related_categories"": [{""name"": ""Water Soluble Film"", ""reason"": ""PVA film is also widely known and used as water soluble film.""}, {""name"": ""Flexible Packaging Film"", ""reason"": ""PVA films are a type of flexible packaging material.""}], ""is_buyer_interested"": true, ""most_specific_category"": {""name"": ""PVA Film"", ""reason"": ""The buyer explicitly inquired about PVA film, and the seller confirmed stock availability.""}}], ""next_steps"": {""buyer_next_steps"": [""To connect with the seller on WhatsApp"", ""To share specific requirements of PVA film""], ""seller_next_steps"": [""To share product details and pricing on WhatsApp""]}, ""buyer_details"": {""buyer_name"": ""0348c76428666c1631905c2f29878b0f62e53c8ac95e6aea5b5896ca0cacd141"", ""buyer_mobile_number"": ""45671cc4bf3a2083b2d85e3bc5d3232747629732f905f9e632fe2af4822f0ad1""}, ""seller_details"": {""seller_name"": ""3389e2bc760c7bae2eec1468f0f28b19f2605033dd47dd70a4834738be4c3715""}}",2026-07-29 04:18:32.931,148558492513,29/07/26
272262632,BUYER,49922,"{""callback"": ""callback by [Time/Date IST] - [Context]"", ""lead_tag"": {""deal_blockers"": [], ""deal_readiness"": ""Warm"", ""deal_readiness_reason"": ""Genuine intent shown but next steps depend on checking the PDF/catalog for specific product availability.""}, ""metadata"": {""call_type"": {""type"": ""B2C"", ""reason"": ""The buyer's requirement for specific hardware components like sticking clips and angle hooks, combined with their interest in location and product catalogs, suggests a small-scale commercial or retail-focused inquiry typical of B2C."", ""evidence"": {""keywords"": [""Sticking clips"", ""Angle hooks""], ""order_type"": [""commercial""], ""repeat_buyer"": false}}, ""buyer_intent"": {""narrative"": ""Looking for clips and angle hooks for sticking applications."", ""reasoning"": ""The buyer has a specific product type in mind and requested the seller for their location and catalog."", ""intent_level"": ""Medium""}, ""call_outcome"": {""category"": ""Follow-up"", ""conclusion_notes"": ""Seller will send the catalog/PDF on WhatsApp and current location (Location bhej di hai, PDF bhejta hoon).""}, ""call_purpose"": ""requirement"", ""all_languages"": [""Hindi"", ""English""], ""primary_language"": ""Hindi"", ""additional_details"": {""buyer_queries"": [{""query"": ""Will I get all the products I need at your location?"", ""category"": ""Availability"", ""sequence"": 1}], ""seller_queries"": []}}, ""products"": [{""in_stock"": ""in stock"", ""product_name"": ""Adhesive Clip (Chippakne wali clips)"", ""specifications"": [{""name"": ""Type"", ""value"": ""Sticking"", ""buyer_requested"": true, ""seller_mentioned"": false}], ""related_categories"": [{""name"": ""Wall Hooks"", ""reason"": ""Clips and hooks used for sticking are often categorized under wall hooks for household or commercial organization.""}], ""is_buyer_interested"": true, ""most_specific_category"": {""name"": ""Adhesive Hook"", ""reason"": ""The buyer explicitly mentioned 'stippany wali clips' (sticking clips) which refers to adhesive products, and the context involves hooks/clips for sticking.""}}, {""in_stock"": ""in stock"", ""product_name"": ""Angle Hook (Angle)"", ""specifications"": [{""name"": ""Shape"", ""value"": ""Angle"", ""buyer_requested"": true, ""seller_mentioned"": false}], ""related_categories"": [{""name"": ""Metal Hooks"", ""reason"": ""Angle hooks are commonly made of metal and used in hardware applications.""}], ""is_buyer_interested"": true, ""most_specific_category"": {""name"": ""L Hooks"", ""reason"": ""The buyer referred to 'angle' hooks which are typically L-shaped or angled hooks used for various hanging applications.""}}], ""next_steps"": {""buyer_next_steps"": [""To check the catalog/PDF shared by the seller for product availability.""], ""seller_next_steps"": [""To share the product catalog/PDF with the buyer via WhatsApp.""]}, ""buyer_details"": {""buyer_mobile_number"": ""7def769acde03b6cb55883f83b25a6d83040a2390fc6d33c7d4989cfc8d9b178""}, ""seller_details"": {""seller_mobile_number"": ""7def769acde03b6cb55883f83b25a6d83040a2390fc6d33c7d4989cfc8d9b178""}}",2026-07-29 04:17:03.056,148564678646,29/07/26
31327485,BUYER,7240,"{""callback"": ""callback by Tomorrow 10 AM - To discuss bulk pricing after checking manufacturing units (Kal subah 10 baje call batch karenge manufacturing units check karne ke baad)"", ""lead_tag"": {""deal_blockers"": [{""detail"": ""Requirement below minimum limit"", ""category"": ""MOQ""}], ""deal_readiness"": ""Cold"", ""deal_readiness_reason"": ""Buyer requires small quantity while the seller only deals in bulk manufacturing.""}, ""metadata"": {""call_type"": {""type"": ""B2C"", ""reason"": ""The buyer asked for a very small quantity (1kg) for poultry, which is typical for end-user or trial use, whereas the seller is a bulk manufacturer."", ""evidence"": {""keywords"": [""Poultry"", ""Manufacturer"", ""Bulk deal""], ""order_type"": [""trial""], ""repeat_buyer"": false, ""buyer_persona"": {""persona_category"": ""end_consumer""}, ""quantity_scale"": ""Low""}}, ""buyer_intent"": {""narrative"": ""Wants 1 kg of Roxymaide H4 Formula for poultry use."", ""reasoning"": ""The buyer has a specific product in mind but requires a very low quantity (1kg) which does not align with the manufacturer's B2B model."", ""intent_level"": ""Low""}, ""call_outcome"": {""category"": ""Lost"", ""conclusion_notes"": ""Seller refused to provide small quantity (Hum kam quantity mein deal nahi kar payenge)""}, ""call_purpose"": ""requirement"", ""all_languages"": [""Hindi"", ""English""], ""primary_language"": ""Hindi"", ""additional_details"": {""buyer_queries"": [{""query"": ""What is the price of Roxymaide H4 Formula?"", ""category"": ""Pricing"", ""sequence"": 1}], ""seller_queries"": [{""query"": ""Is this for poultry or cattle?"", ""category"": ""Specifications"", ""sequence"": 2, ""answer_by_buyer"": ""It is for poultry.""}, {""query"": ""What quantity do you need?"", ""category"": ""Quantity"", ""sequence"": 3, ""answer_by_buyer"": ""I need 1 kg.""}]}, ""intended_application"": ""Poultry Feed""}, ""products"": [{""in_stock"": ""in stock"", ""product_name"": ""Roxymaide H4 Formula"", ""specifications"": [{""name"": ""Application"", ""value"": ""Poultry"", ""buyer_requested"": false, ""seller_mentioned"": true}], ""quantity_required"": {""unit"": ""kg"", ""value"": 1}, ""related_categories"": [{""name"": ""Feed Additives"", ""reason"": ""It is an additive used in animal nutrition.""}, {""name"": ""Poultry Medicines"", ""reason"": ""Such formulas are often categorized under veterinary poultry medicines.""}], ""is_buyer_interested"": true, ""most_specific_category"": {""name"": ""Poultry Feed Additives"", ""reason"": ""The product Roxymaide H4 is specifically discussed for poultry application as mentioned by both parties.""}, ""seller_accepts_quantity"": false}], ""next_steps"": {""buyer_next_steps"": [], ""seller_next_steps"": []}, ""buyer_details"": {""buyer_name"": ""0c0c1aa359c16eb45b60a1500cff8b7e5fb1806c9ca79993d7ec80edef482f4b""}, ""seller_details"": {""seller_name"": ""6e33209b8019450f2b2cf8922ffbe6ea37149e66be07577e8fe0bf0261891f94""}}",2026-07-29 04:16:47.448,148565093185,29/07/26
118418273,BUYER,30030,"{""payment"": {}, ""callback"": """", ""lead_tag"": {""deal_blockers"": [{""detail"": ""Product is out of stock"", ""category"": ""Availability""}], ""deal_readiness"": ""Cold"", ""deal_readiness_reason"": ""Product is out of stock and no restock timeline was discussed.""}, ""metadata"": {""call_type"": {""type"": ""B2C"", ""reason"": ""The buyer was looking for a specific computer component (graphics card) but the seller confirmed it is out of stock. No B2B context like bulk or resale was mentioned."", ""evidence"": {""keywords"": [""Graphic Card"", ""GTX 740""], ""order_type"": [""one-time""]}}, ""buyer_intent"": {""narrative"": ""Wants to purchase a GTX 740 graphics card."", ""reasoning"": ""The buyer specifically asked for a particular model (GTX 740) indicating a clear requirement, but the item is unavailable."", ""intent_level"": ""Medium""}, ""call_outcome"": {""category"": ""Lost"", ""conclusion_notes"": ""The product is out of stock (Out of stock hai).""}, ""call_purpose"": ""requirement"", ""all_languages"": [""Hindi"", ""English""], ""primary_language"": ""Hindi"", ""additional_details"": {""buyer_queries"": [{""query"": ""Do you have the GTX 740 graphics card?"", ""category"": ""Availability"", ""sequence"": 1}, {""query"": ""What is the price for it?"", ""category"": ""Pricing"", ""sequence"": 2}], ""seller_queries"": []}}, ""products"": [{""in_stock"": ""out of stock"", ""product_name"": ""GTX 740 (Graphic Card)"", ""specifications"": [{""name"": ""Model"", ""value"": ""GTX 740"", ""buyer_requested"": true, ""seller_mentioned"": false}], ""related_categories"": [{""name"": ""Graphics Card"", ""reason"": ""The GTX 740 is a type of graphics card used in computers.""}, {""name"": ""Video Cards"", ""reason"": ""Graphics cards are also commonly referred to as video cards.""}], ""is_buyer_interested"": true, ""most_specific_category"": {""name"": ""NVIDIA Graphics Card"", ""reason"": ""The GTX 740 is a specific model within the NVIDIA graphics card series.""}}], ""next_steps"": {""buyer_next_steps"": [], ""seller_next_steps"": []}, ""buyer_details"": {""buyer_name"": ""4e04d109a3a7a0460ad2dfd95a4f0faa145f3249bee9f371f8204d16c01d4921""}, ""seller_details"": {""seller_name"": ""b736100361ded8976e400f768df86e0b8a384ddaed59f07da9b4dbe9f56fa91b""}}",2026-07-29 04:16:36.683,148558298046,29/07/26
118418273,BUYER,30030,"{""callback"": ""callback by Tomorrow 12 PM - To check availability (Kal 12 baje call karke poocht hoon)"", ""lead_tag"": {""deal_blockers"": [{""detail"": ""Requested GT 740 is out of stock"", ""category"": ""Availability""}], ""deal_readiness"": ""Cold"", ""deal_readiness_reason"": ""Requested model is out of stock and buyer refused the available alternative""}, ""metadata"": {""call_type"": {""type"": ""B2C"", ""reason"": ""The call involves a specific single component inquiry typical of personal or retail use, though lack of detail makes B2B/B2C distinction slim; however, most single card inquiries follow B2C patterns."", ""evidence"": {""order_type"": [""one-time""], ""repeat_buyer"": false}}, ""buyer_intent"": {""narrative"": ""Looking for specific GT 740 graphics card"", ""reasoning"": ""Buyer asked for a specific model (GT 740) but it was out of stock, indicating research or specific hardware need."", ""intent_level"": ""Medium""}, ""call_outcome"": {""category"": ""Follow-up"", ""conclusion_notes"": ""Buyer will check again tomorrow (Kal dekhta hoon)""}, ""call_purpose"": ""requirement"", ""all_languages"": [""Hindi"", ""English""], ""primary_language"": ""Hindi"", ""additional_details"": {""buyer_queries"": [{""query"": ""Do you have GT 740 available?"", ""category"": ""Availability"", ""sequence"": 1}, {""query"": ""Is GT 740 not available?"", ""category"": ""Availability"", ""sequence"": 2, ""answer_by_seller"": ""No, I have GT 730 and GT 1030 available.""}], ""seller_queries"": []}}, ""products"": [{""in_stock"": ""out of stock"", ""product_name"": ""GT 740"", ""specifications"": [{""name"": ""Model"", ""value"": ""GT 740"", ""buyer_requested"": true, ""seller_mentioned"": true}], ""related_categories"": [{""name"": ""NVIDIA Graphics Card"", ""reason"": ""GT series cards are manufactured using NVIDIA chipsets.""}], ""is_buyer_interested"": true, ""most_specific_category"": {""name"": ""Graphics Card"", ""reason"": ""The buyer explicitly asked for a GT 740 which is a graphics card model.""}}, {""in_stock"": ""in stock"", ""product_name"": ""GT 730"", ""specifications"": [{""name"": ""Model"", ""value"": ""GT 730"", ""buyer_requested"": false, ""seller_mentioned"": true}], ""related_categories"": [{""name"": ""Video Cards"", ""reason"": ""Graphics cards are also known as video cards.""}], ""is_buyer_interested"": false, ""most_specific_category"": {""name"": ""Graphics Card"", ""reason"": ""Seller offered GT 730 as an alternative graphics card.""}}, {""in_stock"": ""in stock"", ""product_name"": ""GT 1030"", ""specifications"": [{""name"": ""Model"", ""value"": ""GT 1030"", ""buyer_requested"": false, ""seller_mentioned"": true}], ""related_categories"": [{""name"": ""NVIDIA Graphics Card"", ""reason"": ""GT 1030 is an NVIDIA based entry-level card.""}], ""is_buyer_interested"": false, ""most_specific_category"": {""name"": ""Graphics Card"", ""reason"": ""Seller offered GT 1030 as an alternative graphics card.""}}], ""next_steps"": {""buyer_next_steps"": [""To call back tomorrow to check for stock updates""], ""seller_next_steps"": [""To check if GT 740 can be sourced for the buyer""]}, ""buyer_details"": {""buyer_name"": ""4e04d109a3a7a0460ad2dfd95a4f0faa145f3249bee9f371f8204d16c01d4921""}, ""seller_details"": {""seller_name"": ""b736100361ded8976e400f768df86e0b8a384ddaed59f07da9b4dbe9f56fa91b""}}",2026-07-29 04:14:46.663,148558298046,29/07/26
272453239,BUYER,25666,"{""callback"": ""callback by Tomorrow 10 AM - To discuss more details (Nalaiku 10 Manikku call panni pesunga)"", ""lead_tag"": {""deal_blockers"": [], ""deal_readiness"": ""Warm"", ""deal_readiness_reason"": ""The buyer inquired about the price and location but did not confirm the purchase yet.""}, ""metadata"": {""call_type"": {""type"": ""B2B"", ""reason"": ""The conversation involves purchase of a specialized industrial embroidery machine for a significant amount (4 lakhs), typically used in professional textile settings."", ""evidence"": {""keywords"": [""Embroidery Machine"", ""Tiruppur""], ""order_type"": [""commercial""], ""repeat_buyer"": false, ""buyer_persona"": {""persona_category"": ""retailer""}, ""quantity_scale"": ""Low""}}, ""buyer_intent"": {""narrative"": ""The buyer is interested in purchasing an embroidery machine and is checking the price and seller's location."", ""reasoning"": ""The buyer specifically asked for the embroidery machine price and confirmed interest in the product but has not yet confirmed the order."", ""intent_level"": ""Medium""}, ""call_outcome"": {""category"": ""Follow-up"", ""conclusion_notes"": ""The buyer was informed about the price and will follow up later (4 lakh sonanga call panren)""}, ""call_purpose"": ""requirement"", ""all_languages"": [""Tamil"", ""Malayalam""], ""primary_language"": ""Tamil"", ""additional_details"": {""buyer_queries"": [{""query"": ""What is the price of the embroidery machine?"", ""category"": ""Pricing"", ""sequence"": 1}], ""seller_queries"": [{""query"": ""Where are you calling from?"", ""category"": ""Location"", ""sequence"": 2}]}, ""intended_application"": ""Commercial Embroidery Work""}, ""products"": [{""price"": {""value"": 400000, ""currency"": ""INR""}, ""in_stock"": ""in stock"", ""product_name"": ""Embroidery Machine"", ""specifications"": [], ""related_categories"": [{""name"": ""Computerized Embroidery Machine"", ""reason"": ""Specialized embroidery machines in this price range are typically computerized.""}], ""is_buyer_interested"": true, ""most_specific_category"": {""name"": ""Embroidery Machine"", ""reason"": ""The buyer explicitly inquired about an 'Embroidery machine'.""}}], ""next_steps"": {""buyer_next_steps"": [""To call back the seller for further discussion""], ""seller_next_steps"": [""To provide more technical specifications if requested""]}, ""buyer_details"": {""buyer_mobile_number"": ""232fd501f45c2689c77716a278ae3aa623d0bcc3db875df29adb43625a419316""}, ""seller_details"": {""seller_name"": ""27652cad4994c0cc628413940eeb56600c86cfc35447c3c775d67610bb27aa61"", ""seller_location"": {""seller_city"": ""Tiruppur""}}}",2026-07-29 04:14:25.832,148564923446,29/07/26
64165358,BUYER,181778,"{""callback"": ""callback by 10 to 15 days - To purchase (Das se pandrah din mein purchase karna hai)"", ""lead_tag"": {""deal_blockers"": [], ""deal_readiness"": ""Warm"", ""deal_readiness_reason"": ""Intends to purchase within 10 to 15 days for a construction site.""}, ""metadata"": {""call_type"": {""type"": ""B2B"", ""reason"": ""Buyer is from a construction firm (Shivam Enterprises) and needs the unit for industrial/site use."", ""evidence"": {""keywords"": [""Construction Work"", ""Shivam Enterprises"", ""Silent Generator""], ""order_type"": [""commercial""], ""buyer_persona"": {""persona_detail"": ""Construction Contractor"", ""persona_category"": ""contractor""}, ""quantity_scale"": ""Low""}}, ""buyer_intent"": {""narrative"": ""Wants a 25 kVA Kirloskar Silent Generator for a construction site in Gujarat within 10-15 days."", ""reasoning"": ""Buyer provided specific capacity (25 kVA), firm name, and locality for installation."", ""intent_level"": ""High""}, ""call_outcome"": {""category"": ""Follow-up"", ""conclusion_notes"": ""Dealer will provide quotation on WhatsApp (Dealer ki taraf se quotation WhatsApp pe share ho jayega)""}, ""call_purpose"": ""requirement"", ""all_languages"": [""Hindi"", ""English"", ""Gujarati""], ""primary_language"": ""Hindi"", ""additional_details"": {""buyer_queries"": [{""query"": ""Will the quotation come on WhatsApp?"", ""category"": ""Pricing"", ""sequence"": 4}], ""seller_queries"": [{""query"": ""What is the intended application for this generator?"", ""category"": ""Specifications"", ""sequence"": 1, ""answer_by_buyer"": ""For construction work use.""}, {""query"": ""What is your firm name?"", ""category"": ""Other"", ""sequence"": 2, ""answer_by_buyer"": ""Shivam Enterprises.""}, {""query"": ""What is the area pincode where the generator needs to be installed?"", ""category"": ""Location"", ""sequence"": 3, ""answer_by_buyer"": ""Palanpur, Banaskantha, Gujarat.""}]}, ""intended_application"": ""Construction Site Use""}, ""products"": [{""in_stock"": ""in stock"", ""product_name"": ""Kirloskar Silent Generator (DG Set)"", ""specifications"": [{""name"": ""Capacity"", ""unit"": ""kVA"", ""value"": ""25"", ""buyer_requested"": true, ""seller_mentioned"": true}, {""name"": ""Brand"", ""value"": ""Kirloskar"", ""buyer_requested"": false, ""seller_mentioned"": true}], ""quantity_required"": {""unit"": ""pieces"", ""value"": 1}, ""related_categories"": [{""name"": ""Diesel Generator"", ""reason"": ""The 25 kVA unit requested is a diesel-powered electrical generator.""}, {""name"": ""Three Phase Generator"", ""reason"": ""25 kVA generators are typically three-phase units used in industrial sites.""}], ""is_buyer_interested"": true, ""most_specific_category"": {""name"": ""Kirloskar Silent Generators"", ""reason"": ""Buyer specifically called a Kirloskar agency inquiring for a silent generator for site use.""}, ""seller_accepts_quantity"": true}], ""next_steps"": {""buyer_next_steps"": [""To review the quotation shared on WhatsApp""], ""seller_next_steps"": [""To share the product quotation on the buyer's WhatsApp number"", ""To assign an authorized dealer from the Gujarat region to assist the buyer""]}, ""buyer_details"": {""buyer_name"": ""8957518d4dbd5667c4db8a4fff8d149298cacb3626dfd8f52351a689144a42e2""}, ""seller_details"": {""seller_name"": ""c15475431b74597cc98df8d2278b40d39ae5c181f6f151eab0c2ac72bb5e42ba"", ""seller_location"": {""seller_city"": ""Palanpur"", ""seller_state"": ""Gujarat""}}}",2026-07-29 04:11:40.170,148564277146,29/07/26
97402183,BUYER,2253,"{""callback"": ""callback by Today Some Time - For product pricing and catalogue (Office jaake call karti hoon)"", ""lead_tag"": {""deal_blockers"": [], ""deal_readiness"": ""Warm"", ""deal_readiness_reason"": ""The buyer has a clear requirement for resale and the seller has promised to share details after reaching the office. ""}, ""metadata"": {""call_type"": {""type"": ""B2B"", ""reason"": ""The buyer owns a shop and is looking for electrodes for retail and wholesale purposes, indicating a B2B transaction with potential for recurring bulk orders."", ""evidence"": {""keywords"": [""Wholesale"", ""Retail"", ""Business development""], ""order_type"": [""bulk"", ""commercial"", ""recurring""], ""repeat_buyer"": true, ""buyer_persona"": {""persona_category"": ""wholesaler""}, ""quantity_scale"": ""High""}}, ""buyer_intent"": {""narrative"": ""The buyer is looking for electrodes for both retail and wholesale purposes in Vaniyambadi."", ""reasoning"": ""The buyer has a clear requirement for resale (retail and wholesale) and is asking for a good deal to develop his business."", ""intent_level"": ""High""}, ""call_outcome"": {""category"": ""Follow-up"", ""conclusion_notes"": ""The seller will share the local representative's contact details on WhatsApp for further discussion. (Aapka shop ka naam aur details bhej dijiye main local representative ka number bhej deti hoon)""}, ""call_purpose"": ""requirement"", ""all_languages"": [""Tamil"", ""English""], ""primary_language"": ""Tamil"", ""additional_details"": {""buyer_queries"": [{""query"": ""Are the electrodes available in Vaniyambadi?"", ""category"": ""Availability"", ""sequence"": 1}], ""seller_queries"": [{""query"": ""Do you need it for your own use or for resale?"", ""category"": ""Quantity"", ""sequence"": 2}]}, ""intended_application"": ""Retail and Wholesale Resale""}, ""products"": [{""in_stock"": ""in stock"", ""product_name"": ""Welding Electrodes"", ""specifications"": [{""name"": ""Use Case"", ""value"": ""Retail and Wholesale"", ""buyer_requested"": false, ""seller_mentioned"": false}], ""related_categories"": [{""name"": ""Welding Rods"", ""reason"": ""Welding electrodes are often referred to as welding rods in common trade parlance.""}], ""is_buyer_interested"": true, ""most_specific_category"": {""name"": ""Welding Electrodes"", ""reason"": ""The buyer explicitly asked for electrodes for his business.""}}], ""next_steps"": {""buyer_next_steps"": [""To share shop name and other details on WhatsApp""], ""seller_next_steps"": [""To share the local representative's contact details on WhatsApp"", ""To share product details and pricing from the office""]}, ""buyer_details"": {""buyer_name"": ""2c3827a002d7a48cd3ad594495f7a3c218094f2a58a81d39c9e513531e914ad5"", ""buyer_location"": {""buyer_city"": ""Vaniyambadi"", ""buyer_state"": ""Tamil Nadu""}}, ""seller_details"": {""seller_name"": ""b1979ebc4849a1b15e0d11d6112b3ec3b4f0fae9698383d4c26b6bc37d730e6c""}}",2026-07-29 04:03:46.578,148558020063,29/07/26
268656553,BUYER,138468,"{""callback"": ""callback by Tomorrow 11 AM - To finalise order"", ""lead_tag"": {""deal_blockers"": [], ""deal_readiness"": ""Hot"", ""deal_readiness_reason"": ""The buyer asked for final order confirmation on a scheduled callback.""}, ""metadata"": {""call_type"": {""type"": ""B2B"", ""reason"": ""Buyer is inquiring about specialized industrial piping product."", ""evidence"": {""order_type"": [""commercial""], ""repeat_buyer"": false}}, ""buyer_intent"": {""narrative"": ""Wants MS Square Pipe and asked to confirm details in a callback."", ""reasoning"": ""The buyer specifically inquired about MS Square Pipe availability and committed to a follow-up call."", ""intent_level"": ""High""}, ""call_outcome"": {""category"": ""Follow-up"", ""conclusion_notes"": ""Will return call tomorrow (Kal subah 11 baje call karta hoon).""}, ""call_purpose"": ""requirement"", ""all_languages"": [""English"", ""Hindi""], ""primary_language"": ""English"", ""additional_details"": {""buyer_queries"": [{""query"": ""Is MS Square Pipe available?"", ""category"": ""Availability"", ""sequence"": 1}], ""seller_queries"": [{""query"": ""How many tonnes do you need?"", ""category"": ""Quantity"", ""sequence"": 2}]}}, ""products"": [{""in_stock"": ""in stock"", ""product_name"": ""MS Square Pipe"", ""specifications"": [{""name"": ""Material"", ""value"": ""Mild Steel"", ""buyer_requested"": true, ""seller_mentioned"": false}], ""related_categories"": [{""name"": ""Square Hollow Section Pipe"", ""reason"": ""MS Square pipes are commonly referred to as Square Hollow Sections.""}, {""name"": ""MS Square Tubes"", ""reason"": ""MS Square pipes and tubes are often used interchangeably in the trade.""}], ""is_buyer_interested"": true, ""most_specific_category"": {""name"": ""MS Square Pipe"", ""reason"": ""The buyer specifically mentioned MS Square Pipe.""}}], ""next_steps"": {""buyer_next_steps"": [""To call back tomorrow at 11 AM""], ""seller_next_steps"": [""To provide formal quotation if requested""]}, ""buyer_details"": {""buyer_name"": ""424b805d7cc050a2d67b39adba9f0eb5e7a4f7c9825b522d17d9bfce518a5f4c"", ""buyer_mobile_number"": ""60f2e8cf38db0b2c4e0de957962cb7248d90a87b2a664feea19245d087dacb22""}, ""seller_details"": {""seller_name"": ""3b7d292741d80ea60b2806256bbacee55d8006c593337011b5a129c59398dae7"", ""seller_mobile_number"": ""c2471a8d3419e2600090f4b916132b7bd3cc19b68c46986119b6ef4e02dbc3fc""}}",2026-07-29 04:03:19.423,148564133052,29/07/26
272453254,BUYER,209073,"{""lead_tag"": {""deal_blockers"": [], ""deal_readiness"": ""Cold"", ""deal_readiness_reason"": ""No conversation was established as the call was disconnected almost immediately.""}, ""metadata"": {""call_type"": {""type"": ""B2C"", ""reason"": ""The call was extremely short and no business discussion took place.""}, ""buyer_intent"": {""narrative"": ""The buyer initiated a call but no requirement was discussed."", ""reasoning"": ""The call disconnected within a few seconds without any exchange of information."", ""intent_level"": ""Low""}, ""call_outcome"": {""category"": ""Lost"", ""conclusion_notes"": ""Call was disconnected immediately (Call cut ho gaya)""}, ""call_purpose"": ""irrelevant"", ""all_languages"": [""Hindi""], ""primary_language"": ""Hindi"", ""additional_details"": {""buyer_queries"": [], ""seller_queries"": []}}, ""products"": [], ""next_steps"": {""buyer_next_steps"": [], ""seller_next_steps"": []}, ""buyer_details"": {""buyer_name"": ""ee8e65ba0bb377875350414230f3eca5883df87aa55c90676a18fef801deb61f"", ""buyer_mobile_number"": ""b1a5e6d0fc5d5ebf893a2b02da31d874985539b3897b192c7f24a4e23ae1a4b4""}, ""seller_details"": {""seller_name"": ""ec6137b8a30237fd7b16ca18d26a068d440a9e54372347a68a72791144c8cedf""}}",2026-07-29 03:53:32.060,148564931746,29/07/26
272453254,BUYER,209073,"{""callback"": ""callback by Tomorrow 10 AM - To discuss final price and availability (Kal subah 10 baje call karta hoon)"", ""lead_tag"": {""deal_blockers"": [], ""deal_readiness"": ""Warm"", ""deal_readiness_reason"": ""The buyer shows genuine interest and committed to a specific callback time.""}, ""metadata"": {""call_type"": {""type"": ""B2C"", ""reason"": ""The buyer is inquiring about a single unit for personal or small business use."", ""evidence"": {""order_type"": [""one-time""], ""repeat_buyer"": false}}, ""buyer_intent"": {""narrative"": ""Buyer is inquiring about the price and availability of an Electric Auto."", ""reasoning"": ""The buyer has a specific interest in the electric auto and asked for the price, but is still in the research phase."", ""intent_level"": ""Medium""}, ""call_outcome"": {""category"": ""Follow-up"", ""conclusion_notes"": ""The buyer will call back tomorrow morning (Kal subah 10 baje call karta hoon).""}, ""call_purpose"": ""requirement"", ""all_languages"": [""Hindi"", ""English""], ""primary_language"": ""Hindi"", ""additional_details"": {""buyer_queries"": [{""query"": ""What is the price of the Electric Auto?"", ""category"": ""Pricing"", ""sequence"": 1}], ""seller_queries"": [{""query"": ""How many units are you looking for?"", ""category"": ""Quantity"", ""sequence"": 2}]}}, ""products"": [{""product_name"": ""Electric Auto"", ""specifications"": [{""name"": ""Fuel Type"", ""value"": ""Electric"", ""buyer_requested"": true, ""seller_mentioned"": false}], ""related_categories"": [{""name"": ""Electric Three Wheeler"", ""reason"": ""Electric autos are a sub-category of electric three wheelers.""}], ""is_buyer_interested"": true, ""most_specific_category"": {""name"": ""Electric Auto Rickshaw"", ""reason"": ""The buyer explicitly mentioned 'Electric Auto' during the conversation.""}}], ""next_steps"": {""buyer_next_steps"": [""To call back tomorrow at 10 AM""], ""seller_next_steps"": [""To provide price and catalog details upon callback""]}, ""buyer_details"": {""buyer_name"": ""ee8e65ba0bb377875350414230f3eca5883df87aa55c90676a18fef801deb61f"", ""buyer_mobile_number"": ""b1a5e6d0fc5d5ebf893a2b02da31d874985539b3897b192c7f24a4e23ae1a4b4""}, ""seller_details"": {""seller_name"": ""ec6137b8a30237fd7b16ca18d26a068d440a9e54372347a68a72791144c8cedf""}}",2026-07-29 03:51:58.964,148564931746,29/07/26
247021108,BUYER,131556,"{""callback"": ""callback by [Not Mentioned] - To discuss further (Not mentioned)"", ""lead_tag"": {""deal_blockers"": [], ""deal_readiness"": ""Warm"", ""deal_readiness_reason"": ""Buyer is seeking photos and prices for a specific laparoscopic trocar but hasn't committed to a purchase timeline.""}, ""metadata"": {""call_type"": {""type"": ""B2B"", ""reason"": ""The call involves specific medical equipment often bought by institutions or professionals but the context isn't overtly commercial or bulk-oriented."", ""evidence"": {""keywords"": [""Metronic,""], ""order_type"": [""other""], ""repeat_buyer"": false}}, ""buyer_intent"": {""narrative"": ""Wants to buy Metronic's 5mm optical trocar."", ""reasoning"": ""Buyer is inquiring about a very specific product and wants to see photos and prices but hasn't finalized quantity or timeline."", ""intent_level"": ""Medium""}, ""call_outcome"": {""category"": ""Follow-up"", ""conclusion_notes"": ""Buyer will send photos to get price and other details (Photos bhejunga aur rate wagera batana)""}, ""call_purpose"": ""requirement"", ""all_languages"": [""Hindi"", ""English""], ""primary_language"": ""Hindi"", ""additional_details"": {""buyer_queries"": [{""query"": ""Do you have Metronic's 5mm optical trocar?"", ""category"": ""Specifications"", ""sequence"": 1}], ""seller_queries"": []}}, ""products"": [{""in_stock"": ""in stock"", ""product_name"": ""Metronic's 5mm optical trocar"", ""specifications"": [{""name"": ""Brand"", ""value"": ""Metronic"", ""buyer_requested"": false, ""seller_mentioned"": false}, {""name"": ""Size"", ""unit"": ""mm"", ""value"": ""5"", ""buyer_requested"": false, ""seller_mentioned"": false}], ""related_categories"": [{""name"": ""Laparoscopic Instruments"", ""reason"": ""Trocars are fundamental instruments in laparoscopic surgery.""}], ""is_buyer_interested"": true, ""most_specific_category"": {""name"": ""Laparoscopic Trocar"", ""reason"": ""The buyer specifically asked for a trocar, which belongs to the Laparoscopic Trocar category.""}}], ""next_steps"": {""buyer_next_steps"": [""To send product photos on WhatsApp""], ""seller_next_steps"": [""To share prices and details after receiving photos""]}, ""buyer_details"": {""buyer_name"": ""4f91a2be31af9b5fd4525164b0a5be6098817169d8be27d1eb73bc7937ae5244""}, ""seller_details"": {""seller_name"": ""1370d09eb3a141ed6f5f16d483023e061199a15565997f0453c53b03da7aa749""}}",2026-07-29 03:51:18.673,148564819752,29/07/26
247021108,BUYER,131556,"{""callback"": ""callback by Tomorrow 10 AM - To discuss rates after checking the photo (Kal subah 10 baje call karta hoon photo dekhne ke baad)"", ""lead_tag"": {""deal_blockers"": [], ""deal_readiness"": ""Warm"", ""deal_readiness_reason"": ""The buyer has shared high-intent details and is sending a photo for confirmation before discussing pricing tomorrow.""}, ""metadata"": {""call_type"": {""type"": ""B2B"", ""reason"": ""The buyer identifies as a distributor inquiring about medical surgical instruments for business purposes, indicating a B2B transaction."", ""evidence"": {""keywords"": [""Metronic"", ""Optical Trocar"", ""Distributor""], ""order_type"": [""commercial""], ""buyer_persona"": {""persona_category"": ""distributor""}}}, ""buyer_intent"": {""narrative"": ""Distributor looking for Metronic 5mm optical trocars."", ""reasoning"": ""The buyer specified a brand and size, shared their business persona as a distributor, and proactively asked for the seller's number to send photos for procurement."", ""intent_level"": ""High""}, ""call_outcome"": {""category"": ""Follow-up"", ""conclusion_notes"": ""Buyer will send product photos on WhatsApp for the seller to provide a rate quote (Photo bhej raha hoon aap rate bata dena).""}, ""call_purpose"": ""requirement"", ""all_languages"": [""Hindi"", ""English""], ""primary_language"": ""Hindi"", ""additional_details"": {""buyer_queries"": [{""query"": ""Do you have the Metronic 5mm optical trocar?"", ""category"": ""Availability"", ""sequence"": 1, ""answer_by_seller"": ""Yes, I have it. Please send me a photo on WhatsApp.""}, {""query"": ""What is your WhatsApp number?"", ""category"": ""Other"", ""sequence"": 2, ""answer_by_seller"": ""8587907678.""}, {""query"": ""What is the name of your company?"", ""category"": ""Other"", ""sequence"": 4, ""answer_by_seller"": ""Sangam Surgical Delhi.""}], ""seller_queries"": [{""query"": ""Please share your company or hospital details. Where are you calling from?"", ""category"": ""Other"", ""sequence"": 3, ""answer_by_buyer"": ""I am a distributor.""}]}, ""intended_application"": ""Medical Distribution""}, ""products"": [{""in_stock"": ""in stock"", ""product_name"": ""Metronic 5mm Optical Trocar"", ""specifications"": [{""name"": ""Brand"", ""value"": ""Metronic"", ""buyer_requested"": false, ""seller_mentioned"": false}, {""name"": ""Size"", ""unit"": ""mm"", ""value"": ""5"", ""buyer_requested"": false, ""seller_mentioned"": false}, {""name"": ""Type"", ""value"": ""Optical"", ""buyer_requested"": false, ""seller_mentioned"": false}], ""related_categories"": [{""name"": ""Laparoscopic Trocar"", ""reason"": ""Optical trocars are a specific type of laparoscopic trocars.""}, {""name"": ""Laparoscopic Instruments"", ""reason"": ""Trocars are essential laparoscopic surgical instruments.""}], ""is_buyer_interested"": true, ""most_specific_category"": {""name"": ""Trocars"", ""reason"": ""The buyer explicitly asked for an optical trocar, which falls under the category of Trocars used in laparoscopic procedures.""}}], ""next_steps"": {""buyer_next_steps"": [""To send product photo on WhatsApp"", ""To share company/distributor details""], ""seller_next_steps"": [""To review photos and provide price quote"", ""To confirm stock availability for the specific Metronic model""]}, ""buyer_details"": {""buyer_name"": ""4f91a2be31af9b5fd4525164b0a5be6098817169d8be27d1eb73bc7937ae5244""}, ""seller_details"": {""seller_name"": ""ecb759414f6338342ce158c500cbe38915f64cd4018ed1edc65b3ee5a566b215""}}",2026-07-29 03:49:01.337,148564819752,29/07/26
248065188,BUYER,442756,"{""callback"": ""callback by Tomorrow 10 AM - To discuss more details (Kal subah 10 baje call mat karunga)"", ""lead_tag"": {""deal_blockers"": [{""detail"": ""Buyer specifically asked for piece rate price while seller only quoted price per kg"", ""category"": ""Other""}], ""deal_readiness"": ""Warm"", ""deal_readiness_reason"": ""Buyer specifically requested for catalog and photos on WhatsApp to confirm the purchase of 30 pieces.""}, ""metadata"": {""call_type"": {""type"": ""B2B"", ""reason"": ""Buyer is purchasing for business purposes but in a relatively low quantity."", ""evidence"": {""keywords"": [""kg price"", ""Paver mould"", ""piece rate""], ""order_type"": [""commercial"", ""bulk""], ""buyer_persona"": {""persona_category"": ""retailer""}, ""quantity_scale"": ""Low""}}, ""buyer_intent"": {""narrative"": ""Wants 30 pieces of Paver block moulds with specific thickness variations for business use."", ""reasoning"": ""Buyer had clear size requirements and requested for catalog and photos to finalize the order."", ""intent_level"": ""High""}, ""call_outcome"": {""category"": ""Follow-up"", ""conclusion_notes"": ""Seller will share photos and price details on WhatsApp (Main apko WhatsApp pe photos or price bhej dunga)""}, ""call_purpose"": ""requirement"", ""all_languages"": [""Hindi"", ""English""], ""primary_language"": ""Hindi"", ""additional_details"": {""buyer_queries"": [{""query"": ""Do you have Paver Block moulds?"", ""category"": ""Availability"", ""sequence"": 1}, {""query"": ""What is the price per piece?"", ""category"": ""Pricing"", ""sequence"": 2}, {""query"": ""How many kgs does one mould weigh?"", ""category"": ""Specifications"", ""sequence"": 3}], ""seller_queries"": [{""query"": ""Do you need rubber moulds?"", ""category"": ""Specifications"", ""sequence"": 4}, {""query"": ""What size do you need?"", ""category"": ""Specifications"", ""sequence"": 5}, {""query"": ""How many pieces do you need?"", ""category"": ""Quantity"", ""sequence"": 6}]}}, ""products"": [{""price"": {""value"": 155, ""currency"": ""INR"", ""price_unit"": ""kg""}, ""in_stock"": ""in stock"", ""product_name"": ""Rubber Paver Block Mould (Rubber Molt)"", ""specifications"": [{""name"": ""Material"", ""value"": ""Rubber"", ""buyer_requested"": false, ""seller_mentioned"": true}, {""name"": ""Thickness"", ""unit"": ""mm"", ""value"": ""20"", ""buyer_requested"": true, ""seller_mentioned"": false}, {""name"": ""Thickness"", ""unit"": ""mm"", ""value"": ""25"", ""buyer_requested"": true, ""seller_mentioned"": false}, {""name"": ""Thickness"", ""unit"": ""mm"", ""value"": ""30"", ""buyer_requested"": true, ""seller_mentioned"": false}], ""quantity_required"": {""unit"": ""pieces"", ""value"": 30}, ""related_categories"": [{""name"": ""Rubber Molds"", ""reason"": ""These are rubber-based moulds used for paver blocks.""}, {""name"": ""Paving Block Moulds"", ""reason"": ""The buyer specifically mentioned paver block moulds.""}], ""is_buyer_interested"": true, ""seller_accepts_quantity"": true}], ""next_steps"": {""buyer_next_steps"": [""To check photos and prices on WhatsApp""], ""seller_next_steps"": [""To share catalog and photos on WhatsApp"", ""To provide piece-wise pricing for the requested sizes""]}, ""buyer_details"": {""buyer_name"": ""b816a16cd03774e0cefac03765680a33365d0b16060f67a2f7382a844f9c664f""}, ""seller_details"": {""seller_name"": ""c2135ca1a72e672ce139ad1c3ee5a94466ca34e38a00ac2369d438794c220a5a""}}",2026-07-29 03:48:38.910,148564292052,29/07/26
10703166,BUYER,41856,"{""payment"": {}, ""callback"": """", ""lead_tag"": {""deal_blockers"": [], ""deal_readiness"": ""Cold"", ""deal_readiness_reason"": ""The call lasted only 17 seconds with no interaction beyond the hello greeting from the seller. ""}, ""metadata"": {""call_type"": {""type"": ""B2C"", ""reason"": ""The call was very short and no business discussion occurred as the buyer did not respond to the seller's greeting. "", ""evidence"": {""repeat_buyer"": false}}, ""buyer_intent"": {""narrative"": ""The buyer connected through IndiaMART but did not speak during the call. "", ""reasoning"": ""The call dropped or the buyer remained silent after the initial greeting, providing no details on their requirement. "", ""intent_level"": ""Low""}, ""call_outcome"": {""category"": ""Lost"", ""conclusion_notes"": ""Silent call or technical issue where no conversation took place despite the connection (Hello, hello). ""}, ""call_purpose"": ""irrelevant"", ""all_languages"": [""English""], ""primary_language"": ""English"", ""additional_details"": {""buyer_queries"": [], ""seller_queries"": []}}, ""products"": [], ""next_steps"": {""buyer_next_steps"": [], ""seller_next_steps"": []}, ""buyer_details"": {""buyer_name"": ""9e48614f026fe68b734c9aa2d2d0cc5f5600906eb7c69793bb9cacacb8fd2daf"", ""buyer_mobile_number"": ""f37b486c8ce22d849c66ad68f41d4ca5df40e0ba9c070e1a1589609979c81767""}, ""seller_details"": {""seller_name"": ""f742bf37db4d46e5bacbdf567b04d95f3024da1c92410efb3fb5abfb00bdb67a""}}",2026-07-29 03:46:06.209,148558643985,29/07/26
24577707,BUYER,215750,"{""callback"": ""callback by Later - To check about the available distributors in Kerala (Kerala mein koi available hai kya check karke batata hoon)"", ""lead_tag"": {""deal_blockers"": [{""detail"": ""Looking for a Kerala based contact or distributor"", ""category"": ""Location""}], ""deal_readiness"": ""Warm"", ""deal_readiness_reason"": ""Showed genuine interest and inquired about multiple brands' prices, but is looking for local contact.""}, ""metadata"": {""call_type"": {""type"": ""B2B"", ""reason"": ""The buyer's inquiry involves specialized medical equipment (ventilators) for professional medical use, indicating a B2B transaction despite the single unit requirement."", ""evidence"": {""order_type"": [""commercial""], ""repeat_buyer"": false, ""quantity_scale"": ""Low""}}, ""buyer_intent"": {""narrative"": ""Looking for an ICU Ventilator, specifically interested in Maquet and Philips models for a single unit requirement."", ""reasoning"": ""The buyer has specific brand preferences (Maquet, Philips), understands technical use-cases (ICU, ambulance), and asked for specific pricing and local availability."", ""intent_level"": ""High""}, ""call_outcome"": {""category"": ""Follow-up"", ""conclusion_notes"": ""Wants to find a local distributor or will call back after checking (Local mein rate check karke batata hoon)""}, ""call_purpose"": ""requirement"", ""all_languages"": [""English"", ""Hindi""], ""primary_language"": ""English"", ""additional_details"": {""buyer_queries"": [{""query"": ""Do you have the Maquet ventilator?"", ""category"": ""Availability"", ""sequence"": 1, ""answer_by_seller"": ""Yes, we have it available.""}, {""query"": ""What is the price of the Maquet Servo-i ventilator?"", ""category"": ""Pricing"", ""sequence"": 2, ""answer_by_seller"": ""The Maquet Servo-i ventilator is priced at 2,80,000 INR per unit, including stand.""}, {""query"": ""What is the price for the air compressor?"", ""category"": ""Pricing"", ""sequence"": 3, ""answer_by_seller"": ""The air compressor is priced at 75,000 INR.""}, {""query"": ""Do you have a Philips model as well?"", ""category"": ""Availability"", ""sequence"": 4, ""answer_by_seller"": ""Yes, the Philips Astral 150 model is available.""}, {""query"": ""What is the price of the Philips model?"", ""category"": ""Pricing"", ""sequence"": 5, ""answer_by_seller"": ""The price for the Philips Astral 150 is 1,45,000 INR.""}, {""query"": ""Can the Philips ventilator be used in critical care ICUs as well?"", ""category"": ""Specifications"", ""sequence"": 6, ""answer_by_seller"": ""Yes, it is a portable ventilator that can be used in ICU and ambulances too.""}, {""query"": ""Do you have a contact person or distributor in Kerala?"", ""category"": ""Location"", ""sequence"": 8}], ""seller_queries"": [{""query"": ""How many quantities do you require?"", ""category"": ""Quantity"", ""sequence"": 7, ""answer_by_buyer"": ""I need only one unit.""}]}}, ""products"": [{""price"": {""value"": 280000, ""currency"": ""INR"", ""price_unit"": ""unit""}, ""in_stock"": ""in stock"", ""product_name"": ""Maquet Servo-i Ventilator"", ""specifications"": [{""name"": ""Stand"", ""value"": ""Included"", ""buyer_requested"": false, ""seller_mentioned"": true}], ""quantity_required"": {""unit"": ""pieces"", ""value"": 1}, ""related_categories"": [{""name"": ""ICU Ventilator"", ""reason"": ""The buyer confirmed its ICU application during the call.""}, {""name"": ""Medical Ventilators"", ""reason"": ""The product is a medical-grade mechanical ventilator.""}], ""is_buyer_interested"": true, ""most_specific_category"": {""name"": ""Maquet Ventilators"", ""reason"": ""The buyer explicitly inquired about the Maquet Servo-i model.""}, ""seller_accepts_quantity"": true}, {""price"": {""value"": 145000, ""currency"": ""INR"", ""price_unit"": ""unit""}, ""in_stock"": ""in stock"", ""product_name"": ""Philips Astral 150 Ventilator"", ""specifications"": [{""name"": ""Type"", ""value"": ""Portable"", ""buyer_requested"": false, ""seller_mentioned"": true}], ""quantity_required"": {""unit"": ""pieces"", ""value"": 1}, ""related_categories"": [{""name"": ""Portable and Transport Ventilator"", ""reason"": ""The seller explicitly mentioned it is a portable ventilator.""}, {""name"": ""ICU Ventilator"", ""reason"": ""The seller confirmed it can be used in the ICU.""}], ""is_buyer_interested"": true, ""most_specific_category"": {""name"": ""Philips Ventilator"", ""reason"": ""The buyer specifically asked about the Philips Astral 150 model.""}, ""seller_accepts_quantity"": true}, {""price"": {""value"": 75000, ""currency"": ""INR""}, ""in_stock"": ""in stock"", ""product_name"": ""Air Compressor"", ""specifications"": [{""name"": ""Compatibility"", ""value"": ""With Ventilator"", ""buyer_requested"": true, ""seller_mentioned"": false}], ""related_categories"": [{""name"": ""Medical Ventilators"", ""reason"": ""Discussed as an accessory for the ventilator system.""}], ""is_buyer_interested"": true}], ""next_steps"": {""buyer_next_steps"": [""To check for local availability and rates in Kerala"", ""To call back if interested in proceeding""], ""seller_next_steps"": [""To check and confirm if there are any distributors or contact persons in Kerala""]}, ""buyer_details"": {""buyer_name"": ""a6b988796bd91c209657d13fc7c14b8a7c9652cec0232f97046adb2e916ed5cc""}, ""seller_details"": {""seller_name"": ""3916284aafcf7adac206d7ea999696b1f22df2e0bb168e3c5896246fb8495485""}}",2026-07-29 03:45:13.660,148564775746,29/07/26
74049524,BUYER,17716,"{""payment"": {}, ""callback"": ""callback by Tomorrow - To discuss after sending catalog and location (Ma kl aapke pass detail bhejta hu)"", ""lead_tag"": {""deal_blockers"": [], ""deal_readiness"": ""Hot"", ""deal_readiness_reason"": ""Willing to visit the seller's office in Gurugram soon to finalize the requirement""}, ""metadata"": {""call_type"": {""type"": ""B2B"", ""reason"": ""Requirement for office use under Surya International for solar projects."", ""evidence"": {""keywords"": [""A3 Size"", ""Multifunctional"", ""Office Use"", ""Solar Project"", ""NTPC""], ""order_type"": [""commercial""], ""buyer_persona"": {""persona_detail"": ""Solar Project Employee/Official"", ""persona_category"": ""institution""}, ""quantity_scale"": ""Low""}}, ""buyer_intent"": {""narrative"": ""Requires A3 size multifunctional color ink-tank printer for office in Ladakh."", ""reasoning"": ""Clear about specifications and office requirement, willing to visit the seller personally."", ""intent_level"": ""High""}, ""call_outcome"": {""category"": ""Follow-up"", ""conclusion_notes"": ""Adarsh Jha requested the seller to share the catalog and location details on WhatsApp (catalog bhej dijiye aur location details bhi)""}, ""call_purpose"": ""requirement"", ""all_languages"": [""Hindi"", ""English""], ""primary_language"": ""Hindi"", ""additional_details"": {""buyer_queries"": [{""query"": ""Is there an A3 size multifunctional printer available?"", ""category"": ""Specifications"", ""sequence"": 1}, {""query"": ""Is there a color ink-tank printer that prints, scans, and copies available?"", ""category"": ""Specifications"", ""sequence"": 3}, {""query"": ""Where is the office located?"", ""category"": ""Location"", ""sequence"": 4}, {""query"": ""Can the office location and product catalog be shared?"", ""category"": ""Other"", ""sequence"": 5}], ""seller_queries"": [{""query"": ""For which location is the requirement?"", ""category"": ""Location"", ""sequence"": 2, ""answer_by_buyer"": ""The requirement is for our office in Ladakh, under Surya International.""}]}, ""intended_application"": ""Office Use in Ladakh""}, ""products"": [{""in_stock"": ""in stock"", ""product_name"": ""A3 Multifunction Color Ink-tank Printer"", ""specifications"": [{""name"": ""Size"", ""value"": ""A3"", ""buyer_requested"": true, ""seller_mentioned"": false}, {""name"": ""Type"", ""value"": ""Multifunctional"", ""buyer_requested"": true, ""seller_mentioned"": false}, {""name"": ""Color"", ""value"": ""Color"", ""buyer_requested"": true, ""seller_mentioned"": false}, {""name"": ""Ink Tank System"", ""value"": ""Yes"", ""buyer_requested"": true, ""seller_mentioned"": false}, {""name"": ""Functions"", ""value"": ""Print, Scan, Copy"", ""buyer_requested"": true, ""seller_mentioned"": false}], ""related_categories"": [{""name"": ""Multifunction Office Machine"", ""reason"": ""Multifunctional printers are widely used in office environments for multiple tasks.""}], ""is_buyer_interested"": true, ""most_specific_category"": {""name"": ""A3 Multifunction Printer"", ""reason"": ""Buyer specifically mentioned A3 size and multifunctional features including printing, scanning, and copying.""}}], ""next_steps"": {""buyer_next_steps"": [""To visit the seller's office at Gurugram"", ""To check the catalog on WhatsApp""], ""seller_next_steps"": [""To share the product catalog on WhatsApp"", ""To share office location on WhatsApp""]}, ""buyer_details"": {""buyer_name"": ""4d70ac4bcc645e221aa9c22e6740fbbcda654d40e76adcfc94c2f81ccb2a9751""}, ""seller_details"": {""seller_location"": {""seller_city"": ""Gurugram"", ""seller_locality"": ""New Palam Vihar Phase 1""}}}",2026-07-29 03:35:17.333,148563504059,29/07/26
272453001,BUYER,24768,"{""callback"": ""callback by Today afternoon - To discuss cow lifting stand requirement after checking WhatsApp (WhatsApp dekh ke reply karta hoon)"", ""lead_tag"": {""deal_blockers"": [], ""deal_readiness"": ""Warm"", ""deal_readiness_reason"": ""Buyer expressed specific interest in cow lifting stand and exchanged WhatsApp details for further communication.""}, ""metadata"": {""call_type"": {""type"": ""B2B"", ""reason"": ""The call involves a specialized product (cattle lifting stand) used for livestock management, typically purchased for commercial farming or veterinary use."", ""evidence"": {""order_type"": [""commercial""], ""buyer_persona"": {""persona_detail"": ""Cattle Owner/Farmer"", ""persona_category"": ""other""}}}, ""buyer_intent"": {""narrative"": ""The buyer is looking for a stand lift for cows/animals."", ""reasoning"": ""The buyer specifically called to inquire about a cattle lifting stand and was persistent in sharing contact details to receive information."", ""intent_level"": ""Medium""}, ""call_outcome"": {""category"": ""Follow-up"", ""conclusion_notes"": ""Buyer shared WhatsApp number and expects a reply from the seller after reviewing the requirement details (WhatsApp check karke reply kar dena).""}, ""call_purpose"": ""requirement"", ""all_languages"": [""Hindi"", ""English""], ""primary_language"": ""Hindi"", ""additional_details"": {""buyer_queries"": [], ""seller_queries"": [{""query"": ""Can I have your WhatsApp number?"", ""category"": ""Availability"", ""sequence"": 1}]}, ""intended_application"": ""Cattle Livestock Management""}, ""products"": [{""in_stock"": ""in stock"", ""product_name"": ""Cow Lifting Stand (Pashu lift)"", ""related_categories"": [{""name"": ""Lifting Accessories"", ""reason"": ""Used for lifting and supporting heavy loads (animals) during medical or maintenance procedures.""}], ""is_buyer_interested"": true, ""most_specific_category"": {""name"": ""Lifting Accessories"", ""reason"": ""The product is described as a stand or lift used for raising animals, which falls under specialized lifting equipment/accessories.""}}], ""next_steps"": {""buyer_next_steps"": [""To share specific requirement details on WhatsApp""], ""seller_next_steps"": [""To check WhatsApp and reply to the inquiry"", ""To share product details or catalog with the buyer""]}, ""buyer_details"": {""buyer_name"": ""af674ed66a726918583170c53c585b02055e388d07642154616e10d0bd04fc63"", ""buyer_mobile_number"": ""594408d7f4337edbc982d8fdbbf9caefbdb9eb0d578638c892573dc1caa88b3e""}, ""seller_details"": {}}",2026-07-29 03:35:01.217,148564647634,29/07/26
139810290,BUYER,18299,"{""callback"": ""callback by Today - To share catalog and details from the sales team (Sahi call karega abhi)"", ""lead_tag"": {""deal_blockers"": [], ""deal_readiness"": ""Warm"", ""deal_readiness_reason"": ""Buyer has shared their contact details for further communication with the sales team.""}, ""metadata"": {""call_type"": {""type"": ""B2C"", ""reason"": ""The buyer is looking for a single inverter for home use, suggesting a retail or B2C requirement."", ""evidence"": {""keywords"": [""Home Use""], ""order_type"": [""one-time""], ""quantity_scale"": ""Low""}}, ""buyer_intent"": {""narrative"": ""The buyer is looking for an inverter for home use."", ""reasoning"": ""The buyer has a specific requirement for a home inverter and shared their mobile number to get further details."", ""intent_level"": ""Medium""}, ""call_outcome"": {""category"": ""Follow-up"", ""conclusion_notes"": ""The seller's representative will call the buyer on the shared mobile number (Sai call karega)""}, ""call_purpose"": ""requirement"", ""all_languages"": [""Telugu"", ""English""], ""primary_language"": ""Telugu"", ""additional_details"": {""buyer_queries"": [{""query"": ""Is there any old monk inverter?"", ""category"": ""Specifications"", ""sequence"": 1}], ""seller_queries"": [{""query"": ""What do you need?"", ""category"": ""Other"", ""sequence"": 2}, {""query"": ""Do you need it for home?"", ""category"": ""Specifications"", ""sequence"": 3, ""answer_by_buyer"": ""I need an inverter for home.""}, {""query"": ""Can you share your mobile number so that our team can call you?"", ""category"": ""Other"", ""sequence"": 4, ""answer_by_buyer"": ""8019287641.""}]}}, ""products"": [{""in_stock"": ""in stock"", ""product_name"": ""Home Inverter"", ""specifications"": [{""name"": ""Usage"", ""value"": ""Home"", ""buyer_requested"": false, ""seller_mentioned"": false}], ""related_categories"": [{""name"": ""Inverters"", ""reason"": ""The core product being discussed is an inverter.""}, {""name"": ""Luminous Inverter"", ""reason"": ""Commonly used brand for home inverters in the Indian market.""}], ""is_buyer_interested"": true, ""most_specific_category"": {""name"": ""Home Inverter"", ""reason"": ""The buyer explicitly mentioned needing an inverter for home use.""}}], ""next_steps"": {""buyer_next_steps"": [""To expect a call from the seller's representative Sai""], ""seller_next_steps"": [""To ask Sai to call the buyer and share the catalog/details on the provided mobile number""]}, ""buyer_details"": {""buyer_mobile_number"": ""912289fe0c6a595132aa8b00221d604d786945067bc170fddaee67f83d11e604""}, ""seller_details"": {""seller_name"": ""83eb5874f315bf4b4dbf7d42d5c9986dc6cba30a9c259fe38aa754df1d6fba92"", ""seller_location"": {""seller_city"": ""Hyderabad"", ""seller_locality"": ""Vijayawada office""}}}",2026-07-29 03:34:59.163,148564772275,29/07/26
196039468,BUYER,127455,"{""callback"": ""callback by Today 10:15 AM - Seller to call after office opens to provide product details (10:15 ko call karta hoon office khulte hi)"", ""lead_tag"": {""deal_blockers"": [], ""deal_readiness"": ""Hot"", ""deal_readiness_reason"": ""Wants delivery by today if possible. ""}, ""metadata"": {""call_type"": {""type"": ""B2C"", ""reason"": ""The buyer is looking for a very small quantity of 1-2 kg for personal use, which indicates a B2C transaction."", ""evidence"": {""keywords"": [""Daily Use""], ""order_type"": [""one-time""], ""repeat_buyer"": false, ""buyer_persona"": {""persona_category"": ""end_consumer""}, ""quantity_scale"": ""Low""}}, ""buyer_intent"": {""narrative"": ""Wants 1-2 kg of Amruta Elachi Tea Powder for delivery today in Mumbai."", ""reasoning"": ""Knows specific brand and flavor, communicated quantity, and requested immediate delivery."", ""intent_level"": ""High""}, ""call_outcome"": {""category"": ""Follow-up"", ""conclusion_notes"": ""Seller will call back at 10:15 AM to confirm details after the office opens (10:15 ko call karta hoon office khulte hi)""}, ""call_purpose"": ""requirement"", ""all_languages"": [""Hindi"", ""English""], ""primary_language"": ""Hindi"", ""additional_details"": {""buyer_queries"": [{""query"": ""When will the tea be delivered in Mumbai?"", ""category"": ""Delivery"", ""sequence"": 2, ""answer_by_seller"": ""It can be delivered today or tomorrow.""}, {""query"": ""Is it available nearby?"", ""category"": ""Availability"", ""sequence"": 3}], ""seller_queries"": [{""query"": ""How many kilograms are required?"", ""category"": ""Quantity"", ""sequence"": 1, ""answer_by_buyer"": ""1 or 2 kg""}]}, ""intended_application"": ""Home Consumption""}, ""products"": [{""in_stock"": ""in stock"", ""product_name"": ""Amruta Elaichi Tea Powder"", ""specifications"": [{""name"": ""Brand"", ""value"": ""Amruta"", ""buyer_requested"": false, ""seller_mentioned"": false}, {""name"": ""Flavor"", ""value"": ""Elaichi"", ""buyer_requested"": false, ""seller_mentioned"": false}, {""name"": ""Form"", ""value"": ""Powder"", ""buyer_requested"": false, ""seller_mentioned"": false}], ""quantity_required"": {""unit"": ""kg"", ""value"": 1}, ""related_categories"": [{""name"": ""Flavored Tea"", ""reason"": ""The product is Elaichi (Cardamom) flavored tea.""}], ""is_buyer_interested"": true, ""most_specific_category"": {""name"": ""Tea"", ""reason"": ""The discussion centers on Amruta brand Elaichi tea powder.""}}, {""in_stock"": ""in stock"", ""product_name"": ""Amruta Elaichi Tea Powder"", ""specifications"": [{""name"": ""Brand"", ""value"": ""Amruta"", ""buyer_requested"": false, ""seller_mentioned"": false}, {""name"": ""Flavor"", ""value"": ""Elaichi"", ""buyer_requested"": false, ""seller_mentioned"": false}, {""name"": ""Form"", ""value"": ""Powder"", ""buyer_requested"": false, ""seller_mentioned"": false}], ""quantity_required"": {""unit"": ""kg"", ""value"": 2}, ""related_categories"": [{""name"": ""Flavored Tea"", ""reason"": ""The product is Elaichi (Cardamom) flavored tea.""}], ""is_buyer_interested"": true, ""most_specific_category"": {""name"": ""Tea"", ""reason"": ""The discussion centers on Amruta brand Elaichi tea powder.""}}], ""next_steps"": {""buyer_next_steps"": [""To wait for the seller's call at 10:15 AM""], ""seller_next_steps"": [""To call at 10:15 AM to coordinate delivery and order details"", ""To check if delivery can be arranged today from the Mulund office/Bhiwandi factory""]}, ""buyer_details"": {""buyer_name"": ""6dac4087ab1a0098b14ed51d2531795dd6f416aba54d6f2962f7b1e1cbbcaaa9"", ""buyer_location"": {""buyer_city"": ""Mumbai"", ""buyer_locality"": ""Prabhadevi""}}, ""seller_details"": {""seller_name"": ""f2b95147ef43dc9c4742013360b3e56ebad66a575b338890ba9d66848ecac19b"", ""seller_location"": {""seller_city"": ""Mumbai"", ""seller_locality"": ""Mulund""}}}",2026-07-29 03:29:47.452,148564959213,29/07/26
271235968,BUYER,168414,"{""payment"": {}, ""callback"": """", ""lead_tag"": {""deal_blockers"": [{""detail"": ""Seller does not deal in the specific product"", ""category"": ""Other""}], ""deal_readiness"": ""Cold"", ""deal_readiness_reason"": ""Seller explicitly stated they do not provide calibration services for flour mills.""}, ""metadata"": {""call_type"": {""type"": ""B2C"", ""reason"": ""The buyer owns a flour mill and is looking for alignment services, but the seller specializes in industrial equipment and refused the service."", ""evidence"": {""keywords"": [""Atta Chakki"", ""Flour Mill"", ""Calibration""], ""repeat_buyer"": false, ""buyer_persona"": {""persona_detail"": ""Flour Mill Owner"", ""persona_category"": ""end_consumer""}}}, ""buyer_intent"": {""narrative"": ""Wants alignment and calibration for Raj Lakshmi flour mill."", ""reasoning"": ""Buyer provided specific brand and location details for the requirement."", ""intent_level"": ""High""}, ""call_outcome"": {""category"": ""Lost"", ""conclusion_notes"": ""Seller does not provide services for flour mills (Iska nahi karte hum).""}, ""call_purpose"": ""requirement"", ""all_languages"": [""Hindi"", ""English""], ""primary_language"": ""Hindi"", ""additional_details"": {""buyer_queries"": [{""query"": ""Can you do calibration for high alignment in Raj Lakshmi atta chakki (flour mill)?"", ""category"": ""Specifications"", ""sequence"": 1}], ""seller_queries"": [{""query"": ""Where do you need this?"", ""category"": ""Specifications"", ""sequence"": 2}, {""query"": ""Which flour mill is it?"", ""category"": ""Specifications"", ""sequence"": 3}, {""query"": ""Is it an atta chakki (flour mill)?"", ""category"": ""Specifications"", ""sequence"": 4}]}, ""intended_application"": ""Flour Mill Maintenance""}, ""products"": [{""in_stock"": ""not sold"", ""product_name"": ""Atta Chakki Calibration (Flour Mill Alignment)"", ""specifications"": [{""name"": ""Brand"", ""value"": ""Raj Lakshmi"", ""buyer_requested"": true, ""seller_mentioned"": false}, {""name"": ""Machine Type"", ""value"": ""Atta Chakki (Flour Mill)"", ""buyer_requested"": true, ""seller_mentioned"": true}], ""related_categories"": [{""name"": ""Instrument Calibration Services"", ""reason"": ""General category for calibration needs.""}, {""name"": ""Mechanical Calibration Services"", ""reason"": ""Calibration involving mechanical machinery like flour mills.""}], ""is_buyer_interested"": true, ""most_specific_category"": {""name"": ""Machine Calibration Services"", ""reason"": ""The buyer is specifically asking for alignment/calibration services for a flour mill.""}}, {""in_stock"": ""in stock"", ""product_name"": ""Industrial Equipment Calibration"", ""specifications"": [{""name"": ""Target Segment"", ""value"": ""Industrial"", ""buyer_requested"": false, ""seller_mentioned"": true}], ""related_categories"": [{""name"": ""Mechanical Calibration Services"", ""reason"": ""Industrial machines often require mechanical calibration.""}], ""is_buyer_interested"": false, ""most_specific_category"": {""name"": ""Machine Calibration Services"", ""reason"": ""The seller mentioned they provide industrial equipment calibration.""}}], ""next_steps"": {""buyer_next_steps"": [], ""seller_next_steps"": []}, ""buyer_details"": {""buyer_name"": ""962792b82a6649ae622d2efb72cc9fd41858fab73e4313f80b9008669d2fd012""}, ""seller_details"": {""seller_name"": ""fcea791ab1622379f874c8c138c0654aa2821ec1422edc3806388b868432f28b""}}",2026-07-29 03:29:07.163,148564818013,29/07/26
247021108,BUYER,131556,"{""callback"": ""callback by Today - Discuss details after receiving images (Theek hai sir main aapko photo bhejta hoon)"", ""lead_tag"": {""deal_blockers"": [{""detail"": ""Buyer specifically mentioned that he previously bought it at a lower price"", ""category"": ""Price""}], ""deal_readiness"": ""Hot"", ""deal_readiness_reason"": ""The buyer was very specific with his requirements and requested images and price details immediately.""}, ""metadata"": {""call_type"": {""type"": ""B2B"", ""reason"": ""The buyer asked for surgical instruments for commercial use and mentioned being a repeat customer."", ""evidence"": {""keywords"": [""Surgical Instruments"", ""Optical Trocar"", ""Meril"", ""Covidien""], ""order_type"": [""bulk"", ""commercial""], ""repeat_buyer"": true}}, ""buyer_intent"": {""narrative"": ""The buyer was very specific about the surgical instruments he needed, including the brand and size."", ""reasoning"": ""The buyer knew exactly what he wanted and asked for the price and images to proceed with the order."", ""intent_level"": ""High""}, ""call_outcome"": {""category"": ""Follow-up"", ""conclusion_notes"": ""The buyer will send the requirement and business card to the seller to proceed with the order (Theek hai sir main aapko billing address aur requirement bhej deta hoon).""}, ""call_purpose"": ""requirement"", ""all_languages"": [""Hindi"", ""English""], ""primary_language"": ""Hindi"", ""additional_details"": {""buyer_queries"": [{""query"": ""What is the price of the 10mm Meril optical trocar?"", ""category"": ""Pricing"", ""sequence"": 3}, {""query"": ""Is the 5mm 100mm optical trocar available?"", ""category"": ""Availability"", ""sequence"": 1}, {""query"": ""Is the 10mm Meril trocar available?"", ""category"": ""Availability"", ""sequence"": 4}], ""seller_queries"": [{""query"": ""What other instruments are you looking for?"", ""category"": ""Availability"", ""sequence"": 2}, {""query"": ""How many units of the 10mm Meril trocar do you need?"", ""category"": ""Quantity"", ""sequence"": 5}]}}, ""products"": [{""price"": {""value"": 2650, ""currency"": ""INR"", ""price_unit"": ""piece"", ""offer_details"": ""Discounts available on bulk purchase"", ""negotiation_notes"": ""The buyer mentioned that he previously bought similar items at a lower price."", ""buyer_price_reaction"": {""quote"": ""The price is too high; I used to get it for 2000-2200."", ""category"": ""Negotiating""}}, ""in_stock"": ""in stock"", ""product_name"": ""5mm Optical Trocar"", ""specifications"": [{""name"": ""Size"", ""value"": ""5mm"", ""buyer_requested"": true, ""seller_mentioned"": true}, {""name"": ""Type"", ""value"": ""Optical"", ""buyer_requested"": true, ""seller_mentioned"": true}], ""related_categories"": [{""name"": ""Laparoscopic Instruments"", ""reason"": ""Trocars are essential laparoscopic instruments.""}, {""name"": ""Laparoscopy Equipment"", ""reason"": ""Trocars are widely used in laparoscopy procedures.""}], ""is_buyer_interested"": true, ""most_specific_category"": {""name"": ""Laparoscopic Trocar"", ""reason"": ""The product mentioned is a laparoscopic trocar, specifically a 5mm optical trocar.""}}, {""price"": {""value"": 2650, ""currency"": ""INR"", ""price_unit"": ""piece"", ""buyer_price_reaction"": {""quote"": ""Thoda kam karao, pehle kam me liya tha."", ""category"": ""Negotiating""}}, ""in_stock"": ""in stock"", ""product_name"": ""10mm Meril Optical Trocar"", ""specifications"": [{""name"": ""Brand"", ""value"": ""Meril"", ""buyer_requested"": true, ""seller_mentioned"": true}, {""name"": ""Size"", ""value"": ""10mm"", ""buyer_requested"": true, ""seller_mentioned"": true}, {""name"": ""Type"", ""value"": ""Optical"", ""buyer_requested"": true, ""seller_mentioned"": true}], ""related_categories"": [{""name"": ""Laparoscopic Instruments"", ""reason"": ""Trocars are essential laparoscopic instruments.""}], ""is_buyer_interested"": true, ""most_specific_category"": {""name"": ""Laparoscopic Trocar"", ""reason"": ""The product is a 10mm Meril optical trocar.""}}], ""next_steps"": {""buyer_next_steps"": [""To send the requirement and business card on WhatsApp"", ""To send images of the required surgical instruments""], ""seller_next_steps"": [""To share more details and images on WhatsApp"", ""To send the PI after receiving the requirement""]}, ""buyer_details"": {""buyer_name"": ""4f91a2be31af9b5fd4525164b0a5be6098817169d8be27d1eb73bc7937ae5244"", ""buyer_mobile_number"": ""a883e8d16f1f9a020bcee061b2e34aa88a1698ce18b717cbc96759bf7e33ec52""}, ""seller_details"": {""seller_name"": ""d61d2a3588dc176c0476ec4bce6be1fbcccfa99949f223591def2a2d13617bc0""}}",2026-07-29 03:28:58.075,148564819752,29/07/26
57263236,BUYER,180855,"{""callback"": ""callback by Tomorrow 11 AM - to check availability (Kal 11 baje batata hun)"", ""lead_tag"": {""deal_blockers"": [{""detail"": ""Pack size mismatch (20 versus 50/100 pieces per box)"", ""category"": ""MOQ""}], ""deal_readiness"": ""Cold"", ""deal_readiness_reason"": ""MOQ mismatch and recommendation to look locally""}, ""metadata"": {""call_type"": {""type"": ""B2B"", ""reason"": ""Buyer is a retail shop owner looking for small quantities for resale."", ""evidence"": {""keywords"": [""New Shop"", ""Master Packing""], ""order_type"": [""bulk""], ""repeat_buyer"": false, ""buyer_persona"": {""persona_detail"": ""Small Shop Owner"", ""persona_category"": ""retailer""}, ""quantity_scale"": ""Low""}}, ""buyer_intent"": {""narrative"": ""Wants 20 units of modular electrical boards in various sizes for a new shop."", ""reasoning"": ""Looking for personal use or very small quantity for a newly opened shop."", ""intent_level"": ""Low""}, ""call_outcome"": {""category"": ""Lost"", ""conclusion_notes"": ""Seller deals in master packing only and doesn't supply small quantities (Master packing ka hi kaam hai).""}, ""call_purpose"": ""requirement"", ""all_languages"": [""Hindi"", ""English""], ""primary_language"": ""Hindi"", ""additional_details"": {""buyer_queries"": [{""query"": ""Is there any local contact of yours in Jabalpur?"", ""category"": ""Location"", ""sequence"": 3, ""answer_by_seller"": ""You should buy from Jabalpur locally.""}, {""query"": ""Can I get 20 pieces each for 6, 8, 12, and 18 module board?"", ""category"": ""Pricing"", ""sequence"": 1}], ""seller_queries"": [{""query"": ""What is the nature of your requirement?"", ""category"": ""Quantity"", ""sequence"": 2, ""answer_by_buyer"": ""I have recently opened a small shop.""}]}, ""intended_application"": ""Retail Resale""}, ""products"": [{""in_stock"": ""in stock"", ""product_name"": ""Modular Electrical Board (6-18 Module)"", ""specifications"": [{""name"": ""Module size"", ""value"": ""6, 8, 12, 18"", ""buyer_requested"": true, ""seller_mentioned"": false}, {""name"": ""Packaging Type"", ""value"": ""Master Packing"", ""buyer_requested"": false, ""seller_mentioned"": true}], ""quantity_required"": {""unit"": ""pieces"", ""value"": 20}, ""related_categories"": [{""name"": ""Electrical Box"", ""reason"": ""Essential housing for electrical connections.""}, {""name"": ""Modular Switchboards"", ""reason"": ""Modular boards are another name for the requested product.""}], ""is_buyer_interested"": true, ""most_specific_category"": {""name"": ""Modular Electrical Box"", ""reason"": ""Modular electrical boards are primarily classified as modular electrical boxes.""}, ""seller_accepts_quantity"": false}], ""next_steps"": {""buyer_next_steps"": [""To check local markets in Jabalpur""], ""seller_next_steps"": []}, ""buyer_details"": {""buyer_name"": ""f173b46b650d9708d31b642021d04ed380c54db71fc9f0ab829d1c2597d37f3d"", ""buyer_location"": {""buyer_city"": ""Jabalpur"", ""buyer_state"": ""MP""}}, ""seller_details"": {""seller_name"": ""220bf82894968c97bbfad71c50b7d1fad6aeb9287ed873533ec38ad945f67022""}}",2026-07-29 03:28:51.134,148564805095,29/07/26
98617742,BUYER,132223,"{""callback"": ""callback by Today 10 AM - To share details (Office la pochan tula ardhya tasat sagale details deto)"", ""lead_tag"": {""deal_blockers"": [], ""deal_readiness"": ""Hot"", ""deal_readiness_reason"": ""Specifically requested floor marking tapes for a machine shop and provided dimensions, with details to be shared within 30 minutes.""}, ""metadata"": {""call_type"": {""type"": ""B2B"", ""reason"": ""Buyer owns a machine shop and requires floor marking tape for professional industrial use, which typical of a B2B transaction."", ""evidence"": {""keywords"": [""Machine Shop"", ""Floor Marking""], ""order_type"": [""commercial""], ""buyer_persona"": {""persona_detail"": ""Machine Shop Owner"", ""persona_category"": ""manufacturer""}, ""quantity_scale"": ""Low""}}, ""buyer_intent"": {""narrative"": ""Buyer wants floor marking tapes for a machine shop floor with 2 inch width."", ""reasoning"": ""Buyer stated a specific application (machine shop) and a specific width (2 inches), indicating a clear and immediate requirement."", ""intent_level"": ""High""}, ""call_outcome"": {""category"": ""Follow-up"", ""conclusion_notes"": ""Will provide details within 30 minutes after reaching the office (Office la pochan tula ardhya tasat sagale details deto)""}, ""call_purpose"": ""requirement"", ""all_languages"": [""Marathi"", ""English""], ""primary_language"": ""Marathi"", ""additional_details"": {""buyer_queries"": [{""query"": ""Are floor marking tapes available?"", ""category"": ""Availability"", ""sequence"": 1}], ""seller_queries"": [{""query"": ""What size and application do you need?"", ""category"": ""Specifications"", ""sequence"": 2}]}}, ""products"": [{""in_stock"": ""in stock"", ""product_name"": ""Floor Marking Tape"", ""specifications"": [{""name"": ""Width"", ""unit"": ""inch"", ""value"": ""2"", ""buyer_requested"": false, ""seller_mentioned"": false}, {""name"": ""Application"", ""value"": ""Machine shop floor"", ""buyer_requested"": false, ""seller_mentioned"": false}], ""related_categories"": [{""name"": ""Warning Tape"", ""reason"": ""Floor marking tapes are often used as warning tapes in industrial settings.""}, {""name"": ""Safety Tapes"", ""reason"": ""Marking floors is a common safety practice in manufacturing units.""}], ""is_buyer_interested"": true, ""most_specific_category"": {""name"": ""Floor Marking Tape"", ""reason"": ""The buyer explicitly asked for floor marking tape for a machine shop application.""}}], ""next_steps"": {""buyer_next_steps"": [""To share more details about the requirement on WhatsApp""], ""seller_next_steps"": [""To share floor marking tape details via WhatsApp after reaching the office""]}, ""buyer_details"": {""buyer_name"": ""3b9009532a3f25be4e44eb12b4fae53247e38c49e3a3d652dd0901e020d8a909""}, ""seller_details"": {}}",2026-07-29 03:27:46.166,148564992475,29/07/26
272447236,BUYER,21897,"{""callback"": ""callback by Tomorrow 10 AM - To discuss requirements in detail (Kal subah 10 baje call karke detail mein baat karte hain)"", ""lead_tag"": {""deal_blockers"": [{""detail"": ""Language barrier initial confusion"", ""category"": ""Other""}], ""deal_readiness"": ""Warm"", ""deal_readiness_reason"": ""Buyer initiated the call for a specific part but language issues deferred the conversation to tomorrow.""}, ""metadata"": {""call_type"": {""type"": ""B2C"", ""reason"": ""Buyer is inquiring about a specific part from a seller. No bulk indicators mentioned, likely a targeted purchase."", ""evidence"": {""order_type"": [""one-time""], ""repeat_buyer"": false}}, ""buyer_intent"": {""narrative"": ""Seeking a specific bush/mirror part shown in the seller's catalog."", ""reasoning"": ""Buyer specifically pointed out an item from the seller's catalog but communication was limited due to language."", ""intent_level"": ""Medium""}, ""call_outcome"": {""category"": ""Follow-up"", ""conclusion_notes"": ""Sellers committed to call back tomorrow to discuss the requirement properly (Kal 10 baje call karenge).""}, ""call_purpose"": ""requirement"", ""all_languages"": [""Telugu"", ""Hindi"", ""English""], ""primary_language"": ""Telugu"", ""additional_details"": {""buyer_queries"": [{""query"": ""I need the item shown in the right side in the picture."", ""category"": ""Specifications"", ""sequence"": 1}], ""seller_queries"": [{""query"": ""What do you need? Can you speak in English or Hindi?"", ""category"": ""Specifications"", ""sequence"": 2, ""answer_by_buyer"": ""Yes, I am looking for the item shown in your listing.""}]}}, ""products"": [{""in_stock"": ""in stock"", ""product_name"": ""Mirror (Bush)"", ""related_categories"": [{""name"": ""Metal Bushes"", ""reason"": ""Generic category for industrial/automotive bushings if applicable.""}], ""is_buyer_interested"": true, ""most_specific_category"": {""name"": ""Bushings"", ""reason"": ""The buyer referred to an item (bush) from the catalog photo during the call.""}}], ""next_steps"": {""buyer_next_steps"": [""To receive a callback from the seller tomorrow at 10 AM.""], ""seller_next_steps"": [""To call back at 10 AM tomorrow to clarify the product requirement.""]}, ""buyer_details"": {""buyer_name"": ""8da67d0cb514a1ef91a41d42bf6f234557cf178da2736d9427ab3775a8d9d35a""}, ""seller_details"": {""seller_name"": ""8c11949fd243dc12aabffc7d86cefe693e67e95db168875e08e37024e04536f1""}}",2026-07-29 03:27:26.103,148558522185,29/07/26
146695165,BUYER,136119,"{""payment"": {}, ""callback"": ""callback by Tomorrow - To send product photos (Photo matre haki)"", ""lead_tag"": {""deal_blockers"": [], ""deal_readiness"": ""Hot"", ""deal_readiness_reason"": ""Wants to finalize as soon as photos are shared via WhatsApp.""}, ""metadata"": {""call_type"": {""type"": ""B2B"", ""reason"": ""Commercial electrical component for resale or project use."", ""evidence"": {""keywords"": [""Electrical Busbar"", ""4 Pole Link Busbar""], ""order_type"": [""commercial""], ""buyer_persona"": {""persona_detail"": ""Electrical products retailer"", ""persona_category"": ""retailer""}, ""quantity_scale"": ""Low""}}, ""buyer_intent"": {""narrative"": ""Wants to buy 63A four pole link busbar, specifically a 1-meter piece."", ""reasoning"": ""Discussed specific specs and price points, and agreed to come after seeing photos."", ""intent_level"": ""High""}, ""call_outcome"": {""category"": ""Follow-up"", ""conclusion_notes"": ""Will confirm after seeing photos (Photos share madidre confirm madtini)""}, ""call_purpose"": ""requirement"", ""all_languages"": [""Kannada"", ""English""], ""primary_language"": ""Kannada"", ""additional_details"": {""buyer_queries"": [{""query"": ""What is the length of it?"", ""category"": ""Specifications"", ""sequence"": 1, ""answer_by_seller"": ""It comes in 1 meter length.""}, {""query"": ""What is the price of it?"", ""category"": ""Pricing"", ""sequence"": 2, ""answer_by_seller"": ""The 63 ampere is 1775 each.""}], ""seller_queries"": [{""query"": ""Do you need 63 ampere or 100 ampere?"", ""category"": ""Specifications"", ""sequence"": 3, ""answer_by_buyer"": ""Need 63 ampere one.""}]}, ""intended_application"": ""Electrical Panels""}, ""products"": [{""price"": {""value"": 1775, ""currency"": ""INR"", ""price_unit"": ""piece""}, ""in_stock"": ""in stock"", ""product_name"": ""4 Pole Link Busbar (Comb Busbar)"", ""specifications"": [{""name"": ""Number of Poles"", ""value"": ""4"", ""buyer_requested"": false, ""seller_mentioned"": true}, {""name"": ""Amperage"", ""unit"": ""A"", ""value"": ""63"", ""buyer_requested"": true, ""seller_mentioned"": true}, {""name"": ""Length"", ""unit"": ""meter"", ""value"": ""1"", ""buyer_requested"": false, ""seller_mentioned"": true}], ""quantity_required"": {""unit"": ""meter"", ""value"": 1}, ""related_categories"": [{""name"": ""Busbar"", ""reason"": ""It is a standard rectangular busbar category.""}], ""is_buyer_interested"": true, ""most_specific_category"": {""name"": ""Comb Busbar"", ""reason"": ""The product is the 4-pole link busbar, commonly referred to as a comb busbar for MCB connections.""}, ""seller_accepts_quantity"": true}], ""next_steps"": {""buyer_next_steps"": [""To check photos on WhatsApp""], ""seller_next_steps"": [""To share product photos on WhatsApp""]}, ""buyer_details"": {""buyer_location"": {""buyer_city"": ""Kuppam""}}, ""seller_details"": {""seller_location"": {""seller_locality"": ""Magadi Road""}}}",2026-07-29 03:27:20.327,148564508546,29/07/26
72410461,BUYER,119242,"{""callback"": ""callback by Tomorrow - To share pricing and catalog (Kal message kar dunga)"", ""lead_tag"": {""deal_blockers"": [], ""deal_readiness"": ""Warm"", ""deal_readiness_reason"": ""Buyer is seeking pricing and catalog for a potential requirement but has not specified quantity or immediate purchase timeline.""}, ""metadata"": {""call_type"": {""type"": ""B2B"", ""reason"": ""The buyer is inquiring about various categories of wires for potential resale or business stock in Dhanera."", ""evidence"": {""keywords"": [""Electric House Wire"", ""Submersible Cable"", ""Industrial Wires""], ""buyer_persona"": {""persona_category"": ""retailer""}}}, ""buyer_intent"": {""narrative"": ""Wants to check pricing and varieties for electric wires and submersible cables."", ""reasoning"": ""Buyer is inquiring about different types of wires and has requested a catalog and price list for comparison."", ""intent_level"": ""Medium""}, ""call_outcome"": {""category"": ""Follow-up"", ""conclusion_notes"": ""Seller will send catalog and price list on WhatsApp tomorrow (Kal message kar dunga).""}, ""call_purpose"": ""requirement"", ""all_languages"": [""Gujarati"", ""Hindi""], ""primary_language"": ""Hindi"", ""additional_details"": {""buyer_queries"": [{""query"": ""Do you have electric wires?"", ""category"": ""Availability"", ""sequence"": 1}, {""query"": ""What varieties do you have?"", ""category"": ""Specifications"", ""sequence"": 2, ""answer_by_seller"": ""Yes, I have house wires, industrial wires, and submersible cables.""}, {""query"": ""Can you send me the photos and catalog of your products?"", ""category"": ""Specifications"", ""sequence"": 3}, {""query"": ""What are the rates for different sizes?"", ""category"": ""Pricing"", ""sequence"": 4}], ""seller_queries"": [{""query"": ""Where are you calling from?"", ""category"": ""Location"", ""sequence"": 5, ""answer_by_buyer"": ""I am from Dhanera, Gujarat.""}]}}, ""products"": [{""product_name"": ""Electric House Wire"", ""related_categories"": [{""name"": ""Wires"", ""reason"": ""General category for electrical conducting strands.""}], ""is_buyer_interested"": true, ""most_specific_category"": {""name"": ""Electric House Wire"", ""reason"": ""The buyer specifically inquired about house wires and the seller confirmed availability.""}}, {""product_name"": ""Submersible Cable"", ""related_categories"": [{""name"": ""Plastic Wire"", ""reason"": ""Common insulation material for these cables.""}], ""is_buyer_interested"": true, ""most_specific_category"": {""name"": ""Electric Cable"", ""reason"": ""The buyer specifically inquired about submersible cables.""}}, {""product_name"": ""Industrial Wire"", ""related_categories"": [{""name"": ""Single Core Cables"", ""reason"": ""Common configuration for industrial wiring.""}], ""is_buyer_interested"": true, ""most_specific_category"": {""name"": ""Electric Wire"", ""reason"": ""The seller mentioned industrial wires as part of their offering.""}}], ""next_steps"": {""buyer_next_steps"": [""To review the catalog and price list once shared by the seller.""], ""seller_next_steps"": [""To share the product catalog and price list on WhatsApp.""]}, ""buyer_details"": {""buyer_name"": ""73baf8d25a01a091d4badfea83604f225fad118468d26a3eb2f009429e22f862"", ""buyer_location"": {""buyer_city"": ""Dhanera""}, ""buyer_mobile_number"": ""2d581e7b23eb1dbd83737168f32c5d5ccc75dc4648450651e787ad57ff01ee6e""}, ""seller_details"": {""seller_name"": ""63b7cc6dd0c192e8f73170629701879816156027e44bbee145a7a8456a9a3517""}}",2026-07-29 03:26:39.620,148564976575,29/07/26
272453327,BUYER,142498,"{""callback"": ""callback by Later today - To discuss the full set details (Baad mein call karta hoon)"", ""lead_tag"": {""deal_blockers"": [], ""deal_readiness"": ""Warm"", ""deal_readiness_reason"": ""Buyer has clear quantity and height requirements but needs more details on the complete set before finalizing.""}, ""metadata"": {""call_type"": {""type"": ""B2B"", ""reason"": ""The buyer requires 6-meter high industrial scaffolding, which is a typical piece of B2B equipment."", ""evidence"": {""order_type"": [""commercial""], ""repeat_buyer"": false, ""quantity_scale"": ""High""}}, ""buyer_intent"": {""narrative"": ""Wants 2 pieces of 6 meter height H-frame scaffolding for Rs. 67/kg."", ""reasoning"": ""Buyer specifies exact weight, height, and quantity (two pieces), which indicates serious purchase intent."", ""intent_level"": ""High""}, ""call_outcome"": {""category"": ""Follow-up"", ""conclusion_notes"": ""Buyer will call back later to discuss the complete set (Baad mein call karta hoon)""}, ""call_purpose"": ""requirement"", ""all_languages"": [""Hindi"", ""English""], ""primary_language"": ""Hindi"", ""additional_details"": {""buyer_queries"": [{""query"": ""What is the price of the scaffolding?"", ""category"": ""Pricing"", ""sequence"": 2, ""answer_by_seller"": ""67 rupees per kg.""}, {""query"": ""I need 6 meters height scaffolding, is it available?"", ""category"": ""Specifications"", ""sequence"": 1, ""answer_by_seller"": ""Yes, it is possible of 6 meters height.""}, {""query"": ""Is it available with wheels and other parts?"", ""category"": ""Specifications"", ""sequence"": 3}], ""seller_queries"": [{""query"": ""How much do you need?"", ""category"": ""Quantity"", ""sequence"": 1, ""answer_by_buyer"": ""I need two pieces of 6 meter height.""}]}}, ""products"": [{""price"": {""value"": 67, ""currency"": ""INR"", ""price_unit"": ""kg"", ""buyer_price_reaction"": {""quote"": ""Theek hai"", ""category"": ""Accepted""}}, ""in_stock"": ""in stock"", ""product_name"": ""H Frame Scaffolding"", ""specifications"": [{""name"": ""Height"", ""unit"": ""meter"", ""value"": ""6"", ""buyer_requested"": true, ""seller_mentioned"": true}, {""name"": ""Type"", ""value"": ""H-frame"", ""buyer_requested"": false, ""seller_mentioned"": true}, {""name"": ""Inclusions"", ""value"": ""Wheels"", ""buyer_requested"": true, ""seller_mentioned"": false}], ""quantity_required"": {""unit"": ""pieces"", ""value"": 2}, ""related_categories"": [{""name"": ""MS Scaffolding"", ""reason"": ""H-frame scaffolding is typically manufactured from mild steel.""}, {""name"": ""Steel Scaffolding"", ""reason"": ""This product is a metal-based construction support system.""}], ""is_buyer_interested"": true, ""most_specific_category"": {""name"": ""H Frame Scaffolding"", ""reason"": ""Buyer specifically requested 'H-frame' scaffolding and mentioned 6-meter height units.""}, ""seller_accepts_quantity"": true}], ""next_steps"": {""buyer_next_steps"": [""To call back to finalize the requirement""], ""seller_next_steps"": [""To provide details for the complete set upon call back""]}, ""buyer_details"": {""buyer_name"": ""b01e26d3f5a5130b9d8d821c5a9d61e7c7d86df735f28bdcd6620fc58ac1006e""}, ""seller_details"": {""seller_name"": ""721d3feb57b853075a86941b5b7117408d99341fbe428db003f20079049a2a1c""}}",2026-07-29 03:25:38.904,148564995352,29/07/26
106541983,BUYER,2078,"{""payment"": {}, ""callback"": ""callback by Tomorrow 10 AM - To discuss more details (Kal 10 baje call karta hoon)"", ""lead_tag"": {""deal_blockers"": [], ""deal_readiness"": ""Warm"", ""deal_readiness_reason"": ""Genuine intent shown with specific product and width requirements.""}, ""metadata"": {""call_type"": {""type"": ""B2B"", ""reason"": ""The buyer is inquiring about a specific industrial machine for their business operations."", ""evidence"": {""keywords"": [""Label slitting"", ""Jumbo roll""], ""order_type"": [""commercial""], ""quantity_scale"": ""High""}}, ""buyer_intent"": {""narrative"": ""Wants a paper slitting machine for labels and tapes with a 1000 mm width requirement."", ""reasoning"": ""High intent due to specific product requirements and technical specs provided."", ""intent_level"": ""High""}, ""call_outcome"": {""category"": ""Follow-up"", ""conclusion_notes"": ""Will call back in 15-20 minutes to discuss more (15-20 minute mein call karta hoon)""}, ""call_purpose"": ""requirement"", ""all_languages"": [""English"", ""Hindi""], ""primary_language"": ""English"", ""additional_details"": {""buyer_queries"": [{""query"": ""I need a quotation for both jumbo and small slitting machines."", ""category"": ""Pricing"", ""sequence"": 1}], ""seller_queries"": [{""query"": ""Is it for jumbo or small?"", ""category"": ""Specifications"", ""sequence"": 2}]}, ""intended_application"": ""Label Tape Production""}, ""products"": [{""in_stock"": ""in stock"", ""product_name"": ""Paper Slitting Machine (Label Tape)"", ""specifications"": [{""name"": ""Width"", ""unit"": ""mm"", ""value"": ""1000"", ""buyer_requested"": false, ""seller_mentioned"": true}, {""name"": ""Application"", ""value"": ""Labels/Tapes"", ""buyer_requested"": false, ""seller_mentioned"": true}], ""related_categories"": [{""name"": ""Slitting Machines"", ""reason"": ""General category for machines used for slitting materials like paper and tape.""}], ""is_buyer_interested"": true, ""most_specific_category"": {""name"": ""Paper Slitting Machines"", ""reason"": ""The product is explicitly mentioned as a paper slitting machine for labels and tapes.""}}, {""in_stock"": ""in stock"", ""product_name"": ""Jumbo Paper Slitting Machine"", ""specifications"": [{""name"": ""Width"", ""unit"": ""mm"", ""value"": ""1000"", ""buyer_requested"": false, ""seller_mentioned"": true}], ""related_categories"": [{""name"": ""Slitting Machines"", ""reason"": ""General category for slitting machines of larger scales.""}], ""is_buyer_interested"": true, ""most_specific_category"": {""name"": ""BOPP Jumbo Roll Slitting Machine"", ""reason"": ""The buyer specifically asked for a quotation for the jumbo version of the machine.""}}], ""next_steps"": {""buyer_next_steps"": [""To provide more details about the requirement if needed.""], ""seller_next_steps"": [""To call back in 15-20 minutes."", ""To provide quotation for both versions of the machine.""]}, ""buyer_details"": {""buyer_name"": ""265719f4e7ee032fe4a0c5ed5735a0530545e4f35c8648155dc5450330327e2a"", ""buyer_location"": {""buyer_city"": ""Bangalore""}, ""buyer_mobile_number"": ""d0125cd050710c20385816d0ece61e969b0e69595cf83fb0b45b61c5d9b69f24""}, ""seller_details"": {""seller_name"": ""ca978112ca1bbdcafac231b39a23dc4da786eff8147c4e72b9807785afee48bb""}}",2026-07-29 03:24:36.307,148564811885,29/07/26
67944379,BUYER,158524,"{""callback"": ""callback by Tomorrow 11 AM - To finalise (Kal 11 baje call karta hoon)"", ""lead_tag"": {""deal_blockers"": [], ""deal_readiness"": ""Hot"", ""deal_readiness_reason"": ""The buyer has shared the requirement for a large quantity and is ready for payment once details are shared""}, ""metadata"": {""call_type"": {""type"": ""B2B"", ""reason"": ""The buyer needs around 800 - 900 sq ft mat for hotel entrance. This indicates it is for a commercial project and not for residential purpose."", ""evidence"": {""keywords"": [""hotel entrance"", ""square feet""], ""order_type"": [""bulk"", ""commercial""], ""quantity_scale"": ""High""}}, ""buyer_intent"": {""narrative"": ""Wants 800-900 sq ft of mat for hotel entrance"", ""reasoning"": ""The buyer has mentioned the specific area and the intended use"", ""intent_level"": ""High""}, ""call_outcome"": {""category"": ""Follow-up"", ""conclusion_notes"": ""The buyer asked the seller to share photos and price of the mat on WhatsApp (WhatsApp la pathva) ""}, ""call_purpose"": ""requirement"", ""all_languages"": [""Marathi""], ""primary_language"": ""Marathi"", ""additional_details"": {""buyer_queries"": [{""query"": ""What is the rate of the mat?"", ""category"": ""Pricing"", ""sequence"": 1, ""answer_by_seller"": ""The seller said he'll share the photos and the rate on WhatsApp""}], ""seller_queries"": [{""query"": ""Where do you need the mat for?"", ""category"": ""Specifications"", ""sequence"": 2, ""answer_by_buyer"": ""The buyer said he needs it for hotel entrance""}]}, ""intended_application"": ""Hotel Entrance matting""}, ""products"": [{""in_stock"": ""in stock"", ""product_name"": ""PVC Mat"", ""specifications"": [{""name"": ""Application Area"", ""unit"": ""sq ft"", ""value"": ""800"", ""buyer_requested"": false, ""seller_mentioned"": false}], ""quantity_required"": {""unit"": ""sq ft"", ""value"": 800}, ""related_categories"": [{""name"": ""Floor Mats"", ""reason"": ""The requirement is for floor matting for hotel entrance""}, {""name"": ""Door Mats"", ""reason"": ""The buyer mentioned it was for the entrance.""}], ""is_buyer_interested"": true, ""most_specific_category"": {""name"": ""PVC Mat"", ""reason"": ""The buyer needs it for hotel entrance and usually PVC mats are used for outdoor entrance""}, ""seller_accepts_quantity"": true}, {""in_stock"": ""in stock"", ""product_name"": ""PVC Mat"", ""specifications"": [{""name"": ""Application Area"", ""unit"": ""sq ft"", ""value"": ""900"", ""buyer_requested"": false, ""seller_mentioned"": false}], ""quantity_required"": {""unit"": ""sq ft"", ""value"": 900}, ""related_categories"": [{""name"": ""Floor Mats"", ""reason"": ""The requirement is for floor matting for hotel entrance""}, {""name"": ""Door Mats"", ""reason"": ""The buyer mentioned it was for the entrance.""}], ""is_buyer_interested"": true, ""most_specific_category"": {""name"": ""PVC Mat"", ""reason"": ""The buyer needs it for hotel entrance and usually PVC mats are used for outdoor entrance""}, ""seller_accepts_quantity"": true}], ""next_steps"": {""buyer_next_steps"": [""To check the photos and price on WhatsApp""], ""seller_next_steps"": [""To share the photos and price on WhatsApp""]}, ""buyer_details"": {""buyer_name"": ""10f6d3ce9d854d1ebfc1ca7d1981fafc122a9970093382f2c5c72cfa6ab47572""}, ""seller_details"": {""seller_name"": ""bd878fa2293de72e9c871463e1c2ef2964acb0ea282540c9d2f52fe32c6d18d1""}}",2026-07-29 03:22:49.780,148564295575,29/07/26
272453201,BUYER,151173,"{""payment"": {}, ""callback"": ""callback by Tomorrow evening - To confirm financing and delivery (Kal sham ko phone karta hoon)"", ""lead_tag"": {""deal_blockers"": [{""detail"": ""Price is high for the specified brand"", ""category"": ""Price""}], ""deal_readiness"": ""Warm"", ""deal_readiness_reason"": ""Buyer is actively negotiating and comparing rates for immediate purchase.""}, ""metadata"": {""call_type"": {""type"": ""B2C"", ""reason"": ""The buyer is looking for a single unit of an E-Rickshaw for personal use, which indicates a retail/B2C transaction."", ""evidence"": {""keywords"": [""Home Delivery"", ""Double Roof""], ""order_type"": [""one-time""], ""repeat_buyer"": false, ""buyer_persona"": {""persona_detail"": ""Individual buyer"", ""persona_category"": ""end_consumer""}, ""quantity_scale"": ""Low""}}, ""buyer_intent"": {""narrative"": ""Seeking a Piaggio E-Rickshaw for personal use with specific interest in the double-roof model."", ""reasoning"": ""The buyer provided specific brand and model requirements and engaged in negotiation on pricing."", ""intent_level"": ""High""}, ""call_outcome"": {""category"": ""Follow-up"", ""conclusion_notes"": ""Buyer will call back tomorrow evening to discuss further (Kal sham ko baat hogi)""}, ""call_purpose"": ""requirement"", ""all_languages"": [""Hindi"", ""English""], ""primary_language"": ""Hindi"", ""additional_details"": {""buyer_queries"": [{""query"": ""What is the price of the Piaggio E-Rickshaw?"", ""category"": ""Pricing"", ""sequence"": 1, ""answer_by_seller"": ""The price is 1 lakh 60 thousand for the double-roof model.""}, {""query"": ""Can you give it for 1 lakh 50 thousand?"", ""category"": ""Pricing"", ""sequence"": 2, ""answer_by_seller"": ""No, it is 1 lakh 60 thousand only.""}, {""query"": ""Do you offer home delivery?"", ""category"": ""Delivery"", ""sequence"": 3}], ""seller_queries"": [{""query"": ""How many units are you looking for?"", ""category"": ""Quantity"", ""sequence"": 4, ""answer_by_buyer"": ""I am looking for one for my personal use in the city.""}]}, ""intended_application"": ""Personal Transport""}, ""products"": [{""price"": {""value"": 160000, ""currency"": ""INR"", ""price_unit"": ""piece"", ""negotiation_notes"": ""Buyer asked for a reduction from 1.60L to 1.50L."", ""buyer_price_reaction"": {""quote"": ""Can you give it for 1.50? (Dedh lakh mein mil jayega?)"", ""category"": ""Negotiating""}}, ""in_stock"": ""in stock"", ""product_name"": ""Piaggio E-Rickshaw"", ""specifications"": [{""name"": ""Brand"", ""value"": ""Piaggio"", ""buyer_requested"": true, ""seller_mentioned"": true}, {""name"": ""Model"", ""value"": ""Double Roof"", ""buyer_requested"": false, ""seller_mentioned"": true}], ""quantity_required"": {""unit"": ""pieces"", ""value"": 1}, ""related_categories"": [{""name"": ""Electric Rickshaw Three Wheeler"", ""reason"": ""The product is a three-wheeled battery-operated vehicle for passenger transport.""}], ""is_buyer_interested"": true, ""most_specific_category"": {""name"": ""Piaggio Electric Rickshaw"", ""reason"": ""The buyer explicitly asked for the Piaggio brand and the seller confirmed pricing for it.""}, ""seller_accepts_quantity"": true}], ""next_steps"": {""buyer_next_steps"": [""To call back tomorrow evening"", ""To confirm financing availability""], ""seller_next_steps"": [""To check delivery availability to the buyer's area""]}, ""buyer_details"": {}, ""seller_details"": {}}",2026-07-29 03:22:18.573,148564926652,29/07/26
23857731,BUYER,6042,"{""payment"": {}, ""callback"": ""callback by Tomorrow 11 AM - To share pictures and price (Kal 11 baje call karke dikhata hoon)"", ""lead_tag"": {""deal_blockers"": [], ""deal_readiness"": ""Hot"", ""deal_readiness_reason"": ""Urgent requirement for 100-150 chairs with commitment to follow up tomorrow morning.""}, ""metadata"": {""call_type"": {""type"": ""B2B"", ""reason"": ""The buyer is looking for a large quantity (100-150 pieces) for his tent house business, indicating industrial/commercial use and resale-like service utility."", ""evidence"": {""keywords"": [""Tent House"", ""Bulk Purchase"", ""Warranty""], ""order_type"": [""bulk"", ""commercial""], ""repeat_buyer"": true, ""buyer_persona"": {""persona_detail"": ""Tent House Operator"", ""persona_category"": ""service_provider""}, ""quantity_scale"": ""High""}}, ""buyer_intent"": {""narrative"": ""Needs 100-150 plastic chairs for a tent house business with warranty information."", ""reasoning"": ""Buyer specified a clear quantity, stated the professional application (tent house), and asked about warranty details."", ""intent_level"": ""High""}, ""call_outcome"": {""category"": ""Follow-up"", ""conclusion_notes"": ""Seller will call back tomorrow to provide details and photos (Kal call karta hoon details ke saath)""}, ""call_purpose"": ""requirement"", ""all_languages"": [""Hindi"", ""English""], ""primary_language"": ""Hindi"", ""additional_details"": {""buyer_queries"": [{""query"": ""Is there any warranty on these chairs?"", ""category"": ""Specifications"", ""sequence"": 4}], ""seller_queries"": [{""query"": ""Where are you calling from?"", ""category"": ""Location"", ""sequence"": 1, ""answer_by_buyer"": ""Baran""}, {""query"": ""How many chairs do you need?"", ""category"": ""Quantity"", ""sequence"": 2, ""answer_by_buyer"": ""100-150 pieces""}, {""query"": ""What is the requirement for?"", ""category"": ""Other"", ""sequence"": 3, ""answer_by_buyer"": ""Tent house""}]}, ""intended_application"": ""Tent House Business""}, ""products"": [{""price"": {""negotiation_notes"": ""Price briefly touched upon for bulk quantity, seller to confirm tomorrow.""}, ""in_stock"": ""in stock"", ""product_name"": ""Plastic Chairs (Kursi)"", ""specifications"": [{""name"": ""Warranty"", ""value"": ""Check"", ""buyer_requested"": true, ""seller_mentioned"": false}], ""quantity_required"": {""unit"": ""pieces"", ""value"": 100}, ""related_categories"": [{""name"": ""Monobloc Chairs"", ""reason"": ""Tent house chairs are standard monobloc plastic chairs.""}], ""is_buyer_interested"": true, ""most_specific_category"": {""name"": ""Plastic Chairs"", ""reason"": ""The conversation is centered around sourcing chairs for a tent house, which are typically plastic stackable chairs.""}, ""seller_accepts_quantity"": true}], ""next_steps"": {""buyer_next_steps"": [""To receive photos and finalized prices tomorrow morning""], ""seller_next_steps"": [""To call the buyer tomorrow morning at 11 AM"", ""To share product photos and pricing on WhatsApp""]}, ""buyer_details"": {""buyer_name"": ""3db6c6dc0ac090a14e42fd6cba6456fc5a0e957f4c7976b518cdd7296cf21df3"", ""buyer_location"": {""buyer_city"": ""Baran""}}, ""seller_details"": {""seller_name"": ""623f0b5584eb86d9f905e52679a9ce3bca0bd91a950a03e0eaa1b2f8bb3e9908""}}",2026-07-29 03:21:53.173,148564643563,29/07/26
272453276,BUYER,50705,"{""payment"": {}, ""callback"": ""callback by in 10 minutes - To discuss requirement (Call again after 10 minutes)"", ""lead_tag"": {""deal_blockers"": [], ""deal_readiness"": ""Warm"", ""deal_readiness_reason"": ""Buyer asked to be called back in 10 minutes to discuss the requirement.""}, ""metadata"": {""call_type"": {""type"": ""B2B"", ""reason"": ""The call is regarding a business requirement from IndiaMART, but details were postponed.""}, ""buyer_intent"": {""narrative"": ""Buyer wants to discuss a requirement in 10 minutes."", ""reasoning"": ""The buyer proactively asked for a callback soon to talk about their needs."", ""intent_level"": ""Medium""}, ""call_outcome"": {""category"": ""Follow-up"", ""conclusion_notes"": ""Agreed to call back in 10 minutes (I will call again after 10 minutes)""}, ""call_purpose"": ""requirement"", ""all_languages"": [""English"", ""Hindi""], ""primary_language"": ""English"", ""additional_details"": {""buyer_queries"": [{""query"": ""Can you call me back in 10 minutes?"", ""category"": ""Other"", ""sequence"": 1}], ""seller_queries"": []}}, ""products"": [{""product_name"": ""Product requirement from IndiaMART"", ""specifications"": [], ""related_categories"": [{""name"": ""Canvas"", ""reason"": ""The context implies an art or industrial supply inquiry typically found on the platform.""}], ""is_buyer_interested"": true}], ""next_steps"": {""buyer_next_steps"": [], ""seller_next_steps"": [""To call the buyer back in 10 minutes""]}, ""buyer_details"": {""buyer_name"": ""77da1177af80396ea90acbd644f4b08164fe89764fa777416ec8ddc621ae2136""}, ""seller_details"": {""seller_name"": ""a8b83517fef0f11c0885c3412ba37e0847379effa8d3edd90d1adf43e748c753""}}",2026-07-29 03:21:24.138,148564942285,29/07/26
272453201,BUYER,151173,"{""callback"": ""callback by Tomorrow 1 PM - Follow up on E Rickshaw (Kal 1 baje call karta hoon)"", ""lead_tag"": {""deal_blockers"": [{""detail"": ""Buyer says Mathura is too far"", ""category"": ""Location""}], ""deal_readiness"": ""Warm"", ""deal_readiness_reason"": ""Buyer is actively discussing delivery location and price for the specific Neelam brand rickshaw.""}, ""metadata"": {""call_type"": {""type"": ""B2C"", ""reason"": ""The buyer is inquiring about a single unit of an E-Rickshaw for personal or local use, indicating a B2C transaction."", ""evidence"": {""order_type"": [""one-time""], ""buyer_persona"": {""persona_category"": ""end_consumer""}, ""quantity_scale"": ""Low""}}, ""buyer_intent"": {""narrative"": ""Wants to purchase a Neelam brand E-Rickshaw from Mathura/Bhartana area."", ""reasoning"": ""Buyer named a specific brand 'Neelam' and discussed price and pickup location immediately."", ""intent_level"": ""High""}, ""call_outcome"": {""category"": ""Follow-up"", ""conclusion_notes"": ""Buyer will call back tomorrow at 1 PM (Kal 1 baje call karta hoon)""}, ""call_purpose"": ""requirement"", ""all_languages"": [""Hindi"", ""English""], ""primary_language"": ""Hindi"", ""additional_details"": {""buyer_queries"": [{""query"": ""What is the price?"", ""category"": ""Pricing"", ""sequence"": 3, ""answer_by_seller"": ""1,40,000""}, {""query"": ""Is Mathura far from here?"", ""category"": ""Location"", ""sequence"": 4, ""answer_by_seller"": ""It will have to be taken from Mathura""}], ""seller_queries"": [{""query"": ""Where are you speaking from?"", ""category"": ""Location"", ""sequence"": 1, ""answer_by_buyer"": ""Bhartana""}, {""query"": ""You will have to take it from Mathura, will it be closer?"", ""category"": ""Location"", ""sequence"": 2, ""answer_by_buyer"": ""Mathura is far""}]}}, ""products"": [{""price"": {""value"": 140000, ""currency"": ""INR""}, ""in_stock"": ""in stock"", ""product_name"": ""Neelam E-Rickshaw"", ""specifications"": [{""name"": ""Brand"", ""value"": ""Neelam"", ""buyer_requested"": false, ""seller_mentioned"": true}], ""related_categories"": [{""name"": ""Battery Operated Rickshaw"", ""reason"": ""E-Rickshaws are battery operated vehicles.""}], ""is_buyer_interested"": true, ""most_specific_category"": {""name"": ""Electric Rickshaw Three Wheeler"", ""reason"": ""The buyer specifically requested an 'E Rickshaw' from the Neelam brand.""}}], ""next_steps"": {""buyer_next_steps"": [""To call back at 1 PM tomorrow""], ""seller_next_steps"": []}, ""buyer_details"": {""buyer_name"": ""162989708fa2020ca12a9bc3107d145781ac6193124771df14dc54641f1caed9""}, ""seller_details"": {""seller_name"": ""882c45820c72fc317733a6fcdfd7fe258ebee7a4e9fb3cfa84232e58235b35aa""}}",2026-07-29 03:21:10.630,148564926652,29/07/26
7997533,BUYER,90470,"{""callback"": ""callback by After 10:30 AM - To discuss requirements with staff person (10:30 ke baad message karo tab tak details mil jayengi)"", ""lead_tag"": {""deal_blockers"": [{""detail"": ""Quantity of 5 pieces might be too low for customization"", ""category"": ""MOQ""}], ""deal_readiness"": ""Warm"", ""deal_readiness_reason"": ""Buyer is seeking immediate availability for a small staff requirement and was given a specific contact to follow up with.""}, ""metadata"": {""call_type"": {""type"": ""B2C"", ""reason"": ""The buyer is looking for a small quantity of uniforms for personal domestic staff, which at this scale is categorized as B2C."", ""evidence"": {""keywords"": [""Domestic Staff"", ""Driver Uniform"", ""Cook Uniform""], ""order_type"": [""one-time""], ""repeat_buyer"": false, ""quantity_scale"": ""Low""}}, ""buyer_intent"": {""narrative"": ""Interested in purchasing uniforms for 5 domestic staff members including drivers, a cook, and domestic help."", ""reasoning"": ""The buyer provided a specific breakdown of staff roles and headcount, indicating a concrete need."", ""intent_level"": ""High""}, ""call_outcome"": {""category"": ""Follow-up"", ""conclusion_notes"": ""Buyer was asked to contact a staff member on WhatsApp after 10:30 AM for ready-stock options (is number par message kardo staff update kar dega)""}, ""call_purpose"": ""requirement"", ""all_languages"": [""English"", ""Hindi""], ""primary_language"": ""English"", ""additional_details"": {""buyer_queries"": [{""query"": ""Do you have anything ready to pick up?"", ""category"": ""Specifications"", ""sequence"": 2}], ""seller_queries"": [{""query"": ""What is the quantity required?"", ""category"": ""Quantity"", ""sequence"": 1}]}}, ""products"": [{""in_stock"": ""in stock"", ""product_name"": ""Staff Uniform"", ""specifications"": [{""name"": ""Staff Roles"", ""value"": ""2 Drivers, 1 Cook, 2 Domestic Help"", ""buyer_requested"": false, ""seller_mentioned"": false}, {""name"": ""Gender"", ""value"": ""Male"", ""buyer_requested"": false, ""seller_mentioned"": false}], ""quantity_required"": {""unit"": ""pieces"", ""value"": 5}, ""related_categories"": [{""name"": ""Driver Uniform"", ""reason"": ""The staff includes two drivers.""}, {""name"": ""Hospital Staff Uniform"", ""reason"": ""Some domestic help uniforms are similar to general staff or hospital attendant uniforms.""}], ""is_buyer_interested"": true, ""most_specific_category"": {""name"": ""Staff Uniform"", ""reason"": ""The buyer explicitly mentioned uniforms for domestic staff, which includes various household roles.""}, ""seller_accepts_quantity"": true}, {""in_stock"": ""in stock"", ""product_name"": ""Driver Uniform"", ""specifications"": [{""name"": ""Staff Role"", ""value"": ""Driver"", ""buyer_requested"": false, ""seller_mentioned"": false}], ""quantity_required"": {""unit"": ""pieces"", ""value"": 2}, ""related_categories"": [{""name"": ""Staff Uniform"", ""reason"": ""Part of the overall domestic staff requirement.""}], ""is_buyer_interested"": true, ""most_specific_category"": {""name"": ""Driver Uniform"", ""reason"": ""Explicitly mentioned for two drivers.""}, ""seller_accepts_quantity"": true}, {""in_stock"": ""in stock"", ""product_name"": ""Cook Uniform"", ""specifications"": [{""name"": ""Staff Role"", ""value"": ""Cook"", ""buyer_requested"": false, ""seller_mentioned"": false}], ""quantity_required"": {""unit"": ""pieces"", ""value"": 1}, ""related_categories"": [{""name"": ""Staff Uniform"", ""reason"": ""Part of the overall domestic staff requirement.""}, {""name"": ""Restaurant Uniform"", ""reason"": ""Cook uniforms are often categorized under restaurant or catering uniforms.""}], ""is_buyer_interested"": true, ""most_specific_category"": {""name"": ""Waiter Uniform"", ""reason"": ""Standard category for kitchen staff or cook uniforms.""}, ""seller_accepts_quantity"": true}, {""in_stock"": ""in stock"", ""product_name"": ""Domestic Help Uniform"", ""specifications"": [{""name"": ""Staff Role"", ""value"": ""Domestic Help"", ""buyer_requested"": false, ""seller_mentioned"": false}], ""quantity_required"": {""unit"": ""pieces"", ""value"": 2}, ""related_categories"": [{""name"": ""Staff Uniform"", ""reason"": ""Part of the overall domestic staff requirement.""}], ""is_buyer_interested"": true, ""most_specific_category"": {""name"": ""Housekeeping Uniform"", ""reason"": ""Domestic help roles typically align with housekeeping categories.""}, ""seller_accepts_quantity"": true}], ""next_steps"": {""buyer_next_steps"": [""To message the provided phone number after 10:30 AM"", ""To confirm specific requirements for staff roles""], ""seller_next_steps"": [""To check ready-stock availability for the requested roles""]}, ""buyer_details"": {""buyer_name"": ""ead8380cbb604aa6b33634600de3bb099591028a9709600efcb59a95418bbbcf""}, ""seller_details"": {""seller_name"": ""b1e0b1e29231ea95eb9b749e3cb4f7bd07ee5a4cd0562f0349f8d724196dc672"", ""seller_mobile_number"": ""a5450f4ae51ba85be99bbc8d3c750ffb0e4cacd4dd201c1dd44d9c4b78eff893""}}",2026-07-29 03:20:59.240,148564643613,29/07/26
185077548,BUYER,2992,"{""payment"": {}, ""callback"": ""callback by Tomorrow 10 AM - To confirm the sizes and designs (Kal 10 baje call karte hain size aur design confirm karne ke liye)"", ""lead_tag"": {""deal_blockers"": [], ""deal_readiness"": ""Warm"", ""deal_readiness_reason"": ""The buyer has a specific requirement for a farmhouse and requested a catalog to proceed.""}, ""metadata"": {""call_type"": {""type"": ""B2B"", ""reason"": ""The buyer's requirement for multiple teak doors for a farmhouse project indicates a commercial-scale B2B interest."", ""evidence"": {""keywords"": [""Teak Wood Doors"", ""Farmhouse Project"", ""Main Door"", ""Regular Doors""], ""order_type"": [""commercial"", ""bulk""], ""repeat_buyer"": false, ""buyer_persona"": {""persona_detail"": ""Farmhouse Owner"", ""persona_category"": ""end_consumer""}, ""quantity_scale"": ""High""}}, ""buyer_intent"": {""narrative"": ""The buyer requires 1 main door and 5 regular doors for a farmhouse in Shamirpet."", ""reasoning"": ""The buyer mentioned a specific location and clear requirement for various types of doors."", ""intent_level"": ""High""}, ""call_outcome"": {""category"": ""Follow-up"", ""conclusion_notes"": ""The seller will share the catalog on WhatsApp, and the buyer will check it (Catalog WhatsApp pe bhej dijiye main check karta hoon).""}, ""call_purpose"": ""requirement"", ""all_languages"": [""Telugu"", ""Hindi""], ""primary_language"": ""Telugu"", ""additional_details"": {""buyer_queries"": [{""query"": ""Do you deal in classical teak doors?"", ""category"": ""Specifications"", ""sequence"": 1}, {""query"": ""Do you have a catalog available?"", ""category"": ""Specifications"", ""sequence"": 2}], ""seller_queries"": [{""query"": ""Where is your location?"", ""category"": ""Location"", ""sequence"": 3}, {""query"": ""How many doors do you need?"", ""category"": ""Quantity"", ""sequence"": 4}]}, ""intended_application"": ""Farmhouse Construction""}, ""products"": [{""in_stock"": ""in stock"", ""product_name"": ""Main Teak Wood Door"", ""specifications"": [{""name"": ""Wood Type"", ""value"": ""Teak Wood"", ""buyer_requested"": true, ""seller_mentioned"": true}, {""name"": ""Design Style"", ""value"": ""Classical"", ""buyer_requested"": true, ""seller_mentioned"": false}], ""quantity_required"": {""unit"": ""pieces"", ""value"": 1}, ""related_categories"": [{""name"": ""Solid Wood Door"", ""reason"": ""Teak wood doors are a type of solid wood door.""}, {""name"": ""Designer Wooden Door"", ""reason"": ""The buyer mentioned 'classical' designs for the main door.""}], ""is_buyer_interested"": true, ""most_specific_category"": {""name"": ""Teak Wood Doors"", ""reason"": ""The buyer explicitly asked for teak doors (Teak doors chestara).""}, ""seller_accepts_quantity"": true}, {""in_stock"": ""in stock"", ""product_name"": ""Regular Wooden Doors"", ""specifications"": [{""name"": ""Type"", ""value"": ""Regular"", ""buyer_requested"": false, ""seller_mentioned"": false}], ""quantity_required"": {""unit"": ""pieces"", ""value"": 5}, ""related_categories"": [{""name"": ""Teak Wood Doors"", ""reason"": ""Since the buyer initially inquired about teak doors, these regular doors may also be of teak wood.""}], ""is_buyer_interested"": true, ""most_specific_category"": {""name"": ""Wooden Door"", ""reason"": ""The buyer requested regular doors for a farmhouse along with the main teak door.""}, ""seller_accepts_quantity"": true}], ""next_steps"": {""buyer_next_steps"": [""To review the catalog shared on WhatsApp"", ""To share specific sizes for the required doors""], ""seller_next_steps"": [""To share the product catalog on WhatsApp"", ""To confirm availability for the requested models""]}, ""buyer_details"": {""buyer_name"": ""c00c44a34cb99541f587127e70ac0b0121e59d7b74b091deb3b0f49753853a93"", ""buyer_mobile_number"": ""672a43efc0796ddb965b80eeff9e37c7f9fd45d4c57d6055b1666b90660a28b7""}, ""seller_details"": {""seller_name"": ""da1b3abeb40c319b20a49d02bb53d892337679f121a84bdbcbf0e968308fecdb"", ""seller_location"": {""seller_city"": ""Hyderabad"", ""seller_locality"": ""Shamirpet""}}}",2026-07-29 03:19:42.601,148564652775,29/07/26
272452737,BUYER,30955,"{""callback"": ""callback by Tomorrow 10 AM - To discuss final quote (Kal 10 baje call karta hoon)"", ""lead_tag"": {""deal_blockers"": [{""detail"": ""Original Mitlok 743 not available; only equivalent offered"", ""category"": ""Availability""}], ""deal_readiness"": ""Warm"", ""deal_readiness_reason"": ""Buyer has a bulk requirement for 1000 pieces but needs to review the equivalent product photos first""}, ""metadata"": {""call_type"": {""type"": ""B2B"", ""reason"": ""The buyer asked for 1000 pieces of a specific adhesive grade, indicating a bulk business requirement"", ""evidence"": {""keywords"": [""1000 piece"", ""equivalent grade""], ""order_type"": [""bulk""], ""quantity_scale"": ""High""}}, ""buyer_intent"": {""narrative"": ""Wants to purchase 1000 pieces of Mitlok 743 gum or a similar alternative"", ""reasoning"": ""Buyer provided a specific brand name, model number, and clear quantity requirement"", ""intent_level"": ""High""}, ""call_outcome"": {""category"": ""Follow-up"", ""conclusion_notes"": ""Seller will share photos of the equivalent product grade (Photo dalta hoon is number pe)""}, ""call_purpose"": ""requirement"", ""all_languages"": [""Hindi"", ""English""], ""primary_language"": ""Hindi"", ""additional_details"": {""buyer_queries"": [{""query"": ""Do you have Mitlok 743 gum?"", ""category"": ""Availability"", ""sequence"": 1}], ""seller_queries"": [{""query"": ""I have an equivalent grade, should I send the photo?"", ""category"": ""Specifications"", ""sequence"": 2}]}}, ""products"": [{""in_stock"": ""not sold"", ""product_name"": ""Mitlok 743 Gum"", ""specifications"": [{""name"": ""Brand"", ""value"": ""Mitlok"", ""buyer_requested"": true, ""seller_mentioned"": false}, {""name"": ""Model"", ""value"": ""743"", ""buyer_requested"": true, ""seller_mentioned"": false}], ""quantity_required"": {""unit"": ""pieces"", ""value"": 1000}, ""related_categories"": [{""name"": ""Industrial Adhesives"", ""reason"": ""Commonly used as high-strength industrial bonding agents""}, {""name"": ""Cyanoacrylate Adhesive"", ""reason"": ""Commonly associated with specific numbering systems like 743 in industrial gums""}], ""is_buyer_interested"": true}, {""in_stock"": ""in stock"", ""product_name"": ""Equivalent Grade Gum"", ""specifications"": [{""name"": ""Grade"", ""value"": ""Equivalent to Mitlok 743"", ""buyer_requested"": false, ""seller_mentioned"": true}], ""quantity_required"": {""unit"": ""pieces"", ""value"": 1000}, ""related_categories"": [{""name"": ""Synthetic Adhesives"", ""reason"": ""Most industrial gums of this grade are synthetic-based""}], ""is_buyer_interested"": true, ""most_specific_category"": {""name"": ""Industrial Adhesives"", ""reason"": ""The seller offered an industrial grade adhesive as an equivalent to Mitlok 743""}}], ""next_steps"": {""buyer_next_steps"": [""To review product photos shared on WhatsApp""], ""seller_next_steps"": [""To share photos of the equivalent adhesive grade on WhatsApp""]}, ""buyer_details"": {""buyer_name"": ""1dcc33478f4a2cdc56b0c846eb1cba0a1ce0d0522cfc720731232ead351d33ee""}, ""seller_details"": {""seller_name"": ""a605f0880b05ab9e5b12a753dc38d2db0a64322d6031c38e4e5243adf2d0cf3b""}}",2026-07-29 03:19:15.993,148564371563,29/07/26
232933629,BUYER,214922,"{""callback"": ""callback by Tomorrow - To discuss higher quantity (Kal batata hoon)"", ""lead_tag"": {""deal_blockers"": [{""detail"": ""Seller has a 1000 piece minimum but buyer only wants 6 pieces"", ""category"": ""MOQ""}], ""deal_readiness"": ""Cold"", ""deal_readiness_reason"": ""Significant mismatch between buyer's 6 unit requirement and seller's 1000 unit MOQ.""}, ""metadata"": {""call_type"": {""type"": ""B2C"", ""reason"": ""The buyer is seeking a very small quantity (6 pieces) for personal or repair use, while the seller operates as a bulk manufacturer with a high MOQ of 1000 pieces."", ""evidence"": {""order_type"": [""one-time""], ""repeat_buyer"": false, ""quantity_scale"": ""Low""}}, ""buyer_intent"": {""narrative"": ""Wants a power bank PCB but only requires 6 pieces, which is far below the wholesale MOQ."", ""reasoning"": ""The buyer has a specific product in mind but is looking for a retail quantity that does not match the seller's B2B distribution model."", ""intent_level"": ""Low""}, ""call_outcome"": {""category"": ""Lost"", ""conclusion_notes"": ""Seller stated a 1000 piece minimum quantity while the buyer only wanted 6. (Nahi nahi 6 piece nahi, minimum 1000 piece, 1000 piece se kam nahi karte)""}, ""call_purpose"": ""requirement"", ""all_languages"": [""Hindi"", ""English""], ""primary_language"": ""Hindi"", ""additional_details"": {""buyer_queries"": [{""query"": ""I need a PCB for a Power Bank."", ""category"": ""Specifications"", ""sequence"": 1}], ""seller_queries"": [{""query"": ""What product are you looking for?"", ""category"": ""Specifications"", ""sequence"": 2, ""answer_by_buyer"": ""Power Bank PCB""}, {""query"": ""What quantity do you require?"", ""category"": ""Quantity"", ""sequence"": 3, ""answer_by_buyer"": ""6 pieces""}]}}, ""products"": [{""in_stock"": ""in stock"", ""product_name"": ""Power Bank PCB"", ""specifications"": [{""name"": ""Item"", ""value"": ""Power Bank PCB"", ""buyer_requested"": true, ""seller_mentioned"": false}], ""quantity_required"": {""unit"": ""pieces"", ""value"": 6}, ""related_categories"": [{""name"": ""PCB Assembly"", ""reason"": ""Power bank PCBs are a subset of PCB assembly products.""}, {""name"": ""Power Bank"", ""reason"": ""The component is directly used in the manufacturing or repair of power banks.""}], ""is_buyer_interested"": true, ""minimum_order_quantity"": {""unit"": ""pieces"", ""value"": 1000}, ""most_specific_category"": {""name"": ""Power Bank PCB"", ""reason"": ""The buyer explicitly requested a PCB for a power bank.""}, ""seller_accepts_quantity"": false}], ""next_steps"": {""buyer_next_steps"": [], ""seller_next_steps"": []}, ""buyer_details"": {""buyer_name"": ""7540162c84a09ab5c6dbe5d00027ec56b5966bb6b12698de13e36a69fced0770""}, ""seller_details"": {""seller_name"": ""94574690588bc3af546f00cd9a0219c2ef636764dfe7e25c2578ee68702021b4""}}",2026-07-29 03:16:26.788,148564374085,29/07/26
146685946,BUYER,184628,"{""callback"": ""callback by Today or Tomorrow - To discuss Breading Table requirements (Inniku illa nalaiku call panren)"", ""lead_tag"": {""deal_blockers"": [{""detail"": ""Seller does not provide net and vessel with the breading table"", ""category"": ""Availability""}], ""deal_readiness"": ""Warm"", ""deal_readiness_reason"": ""Buyer is interested in the breading table but needs to figure out where to get the basket and vessel""}, ""metadata"": {""call_type"": {""type"": ""B2B"", ""reason"": ""The buyer is inquiring about a commercial kitchen breading table with specific dimensions for likely professional food use."", ""evidence"": {""order_type"": [""commercial""], ""repeat_buyer"": false, ""quantity_scale"": ""Low""}}, ""buyer_intent"": {""narrative"": ""Wants a 3x2 SS Breading Table for food preparation"", ""reasoning"": ""Buyer specifies the exact product, material (SS), and size (3x2), indicating a clear commercial requirement."", ""intent_level"": ""High""}, ""call_outcome"": {""category"": ""Follow-up"", ""conclusion_notes"": ""Buyer will call back after deciding on the breading table order (Breading table mattum order pottukuren, thirumba koopuduren)""}, ""call_purpose"": ""requirement"", ""all_languages"": [""Tamil"", ""English""], ""primary_language"": ""Tamil"", ""additional_details"": {""buyer_queries"": [{""query"": ""Where is your shop located?"", ""category"": ""Location"", ""sequence"": 1, ""answer_by_seller"": ""The shop is located near Ambattur telephone exchange.""}, {""query"": ""Do you provide the net and vessel with the breading table?"", ""category"": ""Specifications"", ""sequence"": 3, ""answer_by_seller"": ""You will have to buy the basket and vessel separately. We don't provide them.""}, {""query"": ""Do you know any shop in Parry's where I can buy the net and vessel?"", ""category"": ""Availability"", ""sequence"": 5}], ""seller_queries"": [{""query"": ""What size do you need?"", ""category"": ""Specifications"", ""sequence"": 2}, {""query"": ""Do you want the breading table?"", ""category"": ""Specifications"", ""sequence"": 4}]}, ""intended_application"": ""Commercial Food Preparation""}, ""products"": [{""in_stock"": ""in stock"", ""product_name"": ""SS Breading Table"", ""specifications"": [{""name"": ""Material"", ""value"": ""SS"", ""buyer_requested"": false, ""seller_mentioned"": false}, {""name"": ""Size"", ""unit"": ""feet"", ""value"": ""3x2"", ""buyer_requested"": false, ""seller_mentioned"": false}], ""related_categories"": [{""name"": ""Commercial Kitchen Equipments"", ""reason"": ""Breading tables are standard equipment in commercial kitchens.""}, {""name"": ""Fast Food Equipment"", ""reason"": ""Commonly used for preparing fried items in fast food outlets.""}, {""name"": ""Stainless Steel Kitchen Table"", ""reason"": ""The product is specified as being made of stainless steel (SS).""}], ""is_buyer_interested"": true, ""most_specific_category"": {""name"": ""Breading Table"", ""reason"": ""The buyer explicitly asks for an SS Breading table for food preparation.""}}], ""next_steps"": {""buyer_next_steps"": [""To call back today or tomorrow to finalize the order""], ""seller_next_steps"": [""To prepare for the breading table order if confirmed""]}, ""buyer_details"": {""buyer_name"": ""49e60a7c53c51ba018595353811cefaeb20b5a27d2567fdce469cb1e77fc2312"", ""buyer_mobile_number"": ""5633f43cd7093da2d76fddf19d9a30aa714cb9084ecb101c816b496bd6a5dcbe""}, ""seller_details"": {""seller_name"": ""18431bc00535d17e3f3f3f6b7bbd1354fba3132bfc26f5408fca90f1ce902262"", ""seller_location"": {""seller_city"": ""Chennai"", ""seller_locality"": ""Ambattur""}}}",2026-07-29 03:16:21.228,148564803759,29/07/26
120616638,BUYER,218070,"{""callback"": ""callback by Tomorrow evening - To discuss the requirements again"", ""lead_tag"": {""deal_blockers"": [], ""deal_readiness"": ""Cold"", ""deal_readiness_reason"": ""The call recording only contains an automated voicemail and no actual conversation between the buyer and seller took place.""}, ""metadata"": {""call_type"": {""type"": ""B2C"", ""reason"": ""The call did not connect to a human, resulting in no business exchange."", ""evidence"": {""order_type"": []}}, ""buyer_intent"": {""narrative"": ""The buyer attempted to call but was forwarded to voicemail."", ""reasoning"": ""No actual conversation occurred as the call went to voicemail, indicating no immediate requirement was discussed."", ""intent_level"": ""Low""}, ""call_outcome"": {""category"": ""Lost"", ""conclusion_notes"": ""The call was forwarded to voicemail and no business discussion occurred.""}, ""call_purpose"": ""irrelevant"", ""all_languages"": [""English""], ""primary_language"": ""English"", ""additional_details"": {""buyer_queries"": [], ""seller_queries"": []}}, ""products"": [], ""next_steps"": {""buyer_next_steps"": [], ""seller_next_steps"": []}, ""buyer_details"": {}, ""seller_details"": {}}",2026-07-29 03:16:15.919,148564672934,29/07/26
232933629,BUYER,214922,"{""callback"": ""callback by Tomorrow 10 AM - To discuss payment and quantities (Kal subah 10 baje call pe baat karte hain)"", ""lead_tag"": {""deal_blockers"": [], ""deal_readiness"": ""Warm"", ""deal_readiness_reason"": ""Buyer agreed to a morning callback to discuss specific payment and order details.""}, ""metadata"": {""call_type"": {""type"": ""B2B"", ""reason"": ""The inquiry involves manufactured PCBs which are typically B2B components, and the discussion moved to a scheduled business call for quantities."", ""evidence"": {""order_type"": [""bulk""]}}, ""buyer_intent"": {""narrative"": ""Wants to discuss pricing and quantity for PCBs."", ""reasoning"": ""The buyer inquired about rates and requested a callback to finalize order details."", ""intent_level"": ""Medium""}, ""call_outcome"": {""category"": ""Follow-up"", ""conclusion_notes"": ""Agreed to talk tomorrow morning at 10 AM (Kal 10 baje baat karte hain)""}, ""call_purpose"": ""requirement"", ""all_languages"": [""Hindi"", ""English""], ""primary_language"": ""Hindi"", ""additional_details"": {""buyer_queries"": [{""query"": ""What is the price of the PCB?"", ""category"": ""Pricing"", ""sequence"": 1}], ""seller_queries"": [{""query"": ""What is your required quantity?"", ""category"": ""Quantity"", ""sequence"": 2}]}}, ""products"": [{""in_stock"": ""in stock"", ""product_name"": ""PCB"", ""specifications"": [{""name"": ""Type"", ""value"": ""PCB"", ""buyer_requested"": true, ""seller_mentioned"": false}], ""related_categories"": [{""name"": ""PC Board"", ""reason"": ""PC Board is an alternative name for PCBs.""}, {""name"": ""PCB Circuit"", ""reason"": ""PCBs are the base for electronic circuits.""}], ""is_buyer_interested"": true, ""most_specific_category"": {""name"": ""Printed Circuit Board"", ""reason"": ""The buyer explicitly asked for PCB rates, which refers to printed circuit boards.""}}], ""next_steps"": {""buyer_next_steps"": [""To expect a call at 10 AM regarding order finalization""], ""seller_next_steps"": [""To call at 10 AM to discuss pricing and quantity terms""]}, ""buyer_details"": {""buyer_name"": ""7540162c84a09ab5c6dbe5d00027ec56b5966bb6b12698de13e36a69fced0770""}, ""seller_details"": {""seller_name"": ""94574690588bc3af546f00cd9a0219c2ef636764dfe7e25c2578ee68702021b4""}}",2026-07-29 03:15:25.643,148564374085,29/07/26
257289661,BUYER,44781,"{""payment"": {""payment_mode"": ""cash"", ""payment_details"": ""10000 security deposit required (10000 security deposit lagega)""}, ""callback"": ""callback by Tomorrow - To discuss delivery and logistics after internal planning (Kal batata hoon)"", ""lead_tag"": {""deal_blockers"": [{""detail"": ""Buyer is located in Raichur while seller is in Hyderabad and requires self-pickup."", ""category"": ""Other""}], ""deal_readiness"": ""Warm"", ""deal_readiness_reason"": ""Buyer has clear application and specifications but needs to manage logistics for pickup from another city.""}, ""metadata"": {""call_type"": {""type"": ""B2B"", ""reason"": ""The buyer is inquiring about a CO2 cylinder for a specific commercial application (paper blasting) and is informed about industrial terms like security deposits and self-pickup."", ""evidence"": {""keywords"": [""Paper Blast"", ""Security Deposit""], ""order_type"": [""commercial""], ""quantity_scale"": ""Low""}}, ""buyer_intent"": {""narrative"": ""Wants a 30kg CO2 cylinder for paper blasting in Raichur."", ""reasoning"": ""Buyer specifies a niche application (paper blast) and requested specific weight capacities and price."", ""intent_level"": ""High""}, ""call_outcome"": {""category"": ""Follow-up"", ""conclusion_notes"": ""Buyer will check logistics as seller requires pickup from Hyderabad (Hyderabad aake lelena padega)""}, ""call_purpose"": ""requirement"", ""all_languages"": [""Hindi"", ""English""], ""primary_language"": ""Hindi"", ""additional_details"": {""buyer_queries"": [{""query"": ""Do you have CO2 cylinders for paper blast?"", ""category"": ""Availability"", ""sequence"": 1}, {""query"": ""What is the price of one cylinder?"", ""category"": ""Pricing"", ""sequence"": 3}, {""query"": ""How many KGs are available?"", ""category"": ""Specifications"", ""sequence"": 5}, {""query"": ""Do you deliver to my location or do I have to come?"", ""category"": ""Delivery"", ""sequence"": 8}], ""seller_queries"": [{""query"": ""What is your usage?"", ""category"": ""Specifications"", ""sequence"": 2}, {""query"": ""How many KG capacity do you need?"", ""category"": ""Specifications"", ""sequence"": 4}, {""query"": ""Where are you located?"", ""category"": ""Location"", ""sequence"": 9}]}}, ""products"": [{""price"": {""gst"": {""is_gst_included"": false}, ""value"": 1200, ""currency"": ""INR"", ""price_unit"": ""cylinder"", ""delivery_charge"": {""details"": ""Self-pickup from Hyderabad Attapur Ring Road"", ""is_delivery_charge_included"": false}, ""buyer_price_reaction"": {""quote"": ""1200 means in English?"", ""category"": ""Accepted""}}, ""in_stock"": ""in stock"", ""product_name"": ""CO2 Cylinder (Carbon Dioxide)"", ""specifications"": [{""name"": ""Capacity"", ""unit"": ""kg"", ""value"": ""30"", ""buyer_requested"": true, ""seller_mentioned"": true}, {""name"": ""Application"", ""value"": ""Paper Blast"", ""buyer_requested"": false, ""seller_mentioned"": false}], ""quantity_required"": {""unit"": ""pieces"", ""value"": 1}, ""related_categories"": [{""name"": ""High Pressure Gas Cylinder"", ""reason"": ""CO2 cylinders are high-pressure vessels.""}, {""name"": ""Industrial Gas Cylinder"", ""reason"": ""Used for commercial paper blasting applications.""}], ""is_buyer_interested"": true, ""most_specific_category"": {""name"": ""Carbon Dioxide Cylinder"", ""reason"": ""Explicitly discussed CO2 cylinders for paper blasting.""}, ""seller_accepts_quantity"": true}], ""next_steps"": {""buyer_next_steps"": [""To arrange for transport/pickup from Hyderabad""], ""seller_next_steps"": [""To share location details for pickup""]}, ""buyer_details"": {""buyer_name"": ""9ef100006f200f87ab417abbd87c2eeee16e6f1e491c2337c082411a2cadad6d""}, ""seller_details"": {""seller_name"": ""863498dfa3f35f634f532b3cab89b0f8b6baaf9a2a94722c52ca2ef44377efc2"", ""seller_location"": {""seller_city"": ""Hyderabad"", ""seller_locality"": ""Attapur Ring Road""}}}",2026-07-29 03:15:10.159,148564552559,29/07/26
90593554,BUYER,29031,"{""payment"": {}, ""callback"": ""callback by Tomorrow 10 AM - To discuss rates and specifications after checking stock (Kal 10 baje call karke rate confirm karta hoon)"", ""lead_tag"": {""deal_blockers"": [], ""deal_readiness"": ""Warm"", ""deal_readiness_reason"": ""Buyer has a specific industrial requirement for a transmission project and has agreed to a follow-up call tomorrow morning.""}, ""metadata"": {""call_type"": {""type"": ""B2B"", ""reason"": ""The requirement is for an electrical transmission line project, which implies commercial/industrial scale and B2B procurement."", ""evidence"": {""order_type"": [""commercial"", ""bulk""], ""repeat_buyer"": false, ""quantity_scale"": ""High""}}, ""buyer_intent"": {""narrative"": ""Wants FRP rods and sections for an electrical transmission line project."", ""reasoning"": ""The buyer specifies the intended application (transmission line) and products (rods/sections), indicating a clear industrial requirement."", ""intent_level"": ""High""}, ""call_outcome"": {""category"": ""Follow-up"", ""conclusion_notes"": ""Follow-up scheduled for tomorrow morning to finalize rates (Kal 10 baje call karta hoon rate ke liye)""}, ""call_purpose"": ""requirement"", ""all_languages"": [""Hindi"", ""English""], ""primary_language"": ""Hindi"", ""additional_details"": {""buyer_queries"": [{""query"": ""Do you have FRP rods and sections available?"", ""category"": ""Availability"", ""sequence"": 1, ""answer_by_seller"": ""Yes, we have both varieties available.""}, {""query"": ""What is the price for these items?"", ""category"": ""Pricing"", ""sequence"": 3, ""answer_by_seller"": ""I will check the current stock and live rates, then call you back by tomorrow 10 AM to give the best price.""}], ""seller_queries"": [{""query"": ""What is the intended application for these FRP products?"", ""category"": ""Specifications"", ""sequence"": 2, ""answer_by_buyer"": ""It is for an electrical transmission line project.""}]}, ""intended_application"": ""Electrical Transmission Line""}, ""products"": [{""in_stock"": ""in stock"", ""product_name"": ""FRP Rods"", ""specifications"": [], ""related_categories"": [{""name"": ""Fiberglass Rod"", ""reason"": ""FRP is synonymous with fiberglass in many industrial contexts.""}, {""name"": ""Fiberglass Products"", ""reason"": ""Generic category for all glass-fiber reinforced plastic items.""}], ""is_buyer_interested"": true, ""most_specific_category"": {""name"": ""FRP Rods"", ""reason"": ""The buyer explicitly asked for FRP rods which falls directly under this category.""}}, {""in_stock"": ""in stock"", ""product_name"": ""FRP Sections"", ""specifications"": [], ""related_categories"": [{""name"": ""FRP Pultruded Profile"", ""reason"": ""FRP sections are often manufactured as pultruded profiles.""}], ""is_buyer_interested"": true, ""most_specific_category"": {""name"": ""FRP Sections"", ""reason"": ""The buyer mentioned FRP sections as part of their requirement.""}}], ""next_steps"": {""buyer_next_steps"": [""To wait for the call tomorrow at 10 AM""], ""seller_next_steps"": [""To check current stock and live rates for FRP products"", ""To call back at 10 AM tomorrow with pricing details""]}, ""buyer_details"": {""buyer_name"": ""596f5563ae1695189fdece6bf12d75e2f991e190b0520671bdcd57e98a6f5415"", ""buyer_mobile_number"": ""0f616b20b31a00e547c41834a5d0b0afe1e4df00b6b81804fec95ca9d79fed4a""}, ""seller_details"": {""seller_name"": ""372fb41298889bc4df223a601cf4475407cdeae0938692ae018737ec1335190b""}}",2026-07-29 03:14:42.573,148564701763,29/07/26
268656553,BUYER,138468,"{""callback"": ""callback by Today - To discuss pricing (Theek hai call karta hoon)"", ""lead_tag"": {""deal_blockers"": [{""detail"": ""Buyer finds the seller's price higher than the local market price in Odisha"", ""category"": ""Price""}], ""deal_readiness"": ""Cold"", ""deal_readiness_reason"": ""The buyer was only doing price enquiry and found the prices to be higher than his expectation.""}, ""metadata"": {""call_type"": {""type"": ""B2B"", ""reason"": ""The buyer is inquiring for 10 tons of MS Pipe, which is a significant bulk quantity for industrial or commercial use."", ""evidence"": {""keywords"": [""Commercial project"", ""Local market"", ""Industrial use""], ""order_type"": [""bulk""], ""repeat_buyer"": false, ""quantity_scale"": ""High""}}, ""buyer_intent"": {""narrative"": ""The buyer is inquiring for 10 tons of MS Pipe for local resale or use in Odisha."", ""reasoning"": ""The buyer asks for specific dimensions and quantity which indicates interest but was mostly checking the price."", ""intent_level"": ""Low""}, ""call_outcome"": {""category"": ""Follow-up"", ""conclusion_notes"": ""The buyer will call back after considering the prices (Theek hai call karta hoon)""}, ""call_purpose"": ""requirement"", ""all_languages"": [""Hindi"", ""Odia""], ""primary_language"": ""Hindi"", ""additional_details"": {""buyer_queries"": [{""query"": ""Is MS Pipe available in Odisha?"", ""category"": ""Availability"", ""sequence"": 1}, {""query"": ""What is the rate for MS Pipe?"", ""category"": ""Pricing"", ""sequence"": 2}, {""query"": ""Which company is the pipe from?"", ""category"": ""Pricing"", ""sequence"": 4}], ""seller_queries"": [{""query"": ""How much thickness do you need?"", ""category"": ""Specifications"", ""sequence"": 3}]}}, ""products"": [{""price"": {""gst"": {""is_gst_included"": false}, ""value"": 51, ""currency"": ""INR"", ""price_unit"": ""kg"", ""buyer_price_reaction"": {""quote"": ""Rates in Odisha are cheaper(Odisha mein to sasta hai)"", ""category"": ""Negotiating""}}, ""product_name"": ""MS Pipe"", ""specifications"": [{""name"": ""Thickness"", ""unit"": ""mm"", ""value"": ""1.6"", ""buyer_requested"": true, ""seller_mentioned"": true}, {""name"": ""Size"", ""unit"": ""mm"", ""value"": ""80x40"", ""buyer_requested"": false, ""seller_mentioned"": true}], ""quantity_required"": {""unit"": ""tonne"", ""value"": 10}, ""related_categories"": [{""name"": ""Mild Steel Round Pipe"", ""reason"": ""MS pipes often belong to the Mild Steel Round Pipe category.""}], ""is_buyer_interested"": true, ""most_specific_category"": {""name"": ""MS Pipe"", ""reason"": ""The buyer and seller specifically talked about MS pipes during the conversation.""}, ""seller_accepts_quantity"": true}], ""next_steps"": {""buyer_next_steps"": [""To call back if the prices are agreeable""], ""seller_next_steps"": [""To follow up on the quote if no response is received""]}, ""buyer_details"": {""buyer_name"": ""424b805d7cc050a2d67b39adba9f0eb5e7a4f7c9825b522d17d9bfce518a5f4c"", ""buyer_location"": {""buyer_state"": ""Odisha""}}, ""seller_details"": {""seller_name"": ""b52c75123406063a2abf0a89cc0c554a182388cb5545d37c6da9313aa539d93b"", ""seller_location"": {""seller_city"": ""Howrah""}}}",2026-07-29 03:14:17.454,148564133052,29/07/26
53342188,BUYER,154417,"{""callback"": ""callback by Now - To send product photos on WhatsApp (Abhi bhejta hoon)"", ""lead_tag"": {""deal_blockers"": [{""detail"": ""Price requested as 13500 INR for 14x20 size"", ""category"": ""Price""}], ""deal_readiness"": ""Warm"", ""deal_readiness_reason"": ""Interested in 14x20 frame but wants to see design photos before deciding""}, ""metadata"": {""call_type"": {""type"": ""B2C"", ""reason"": ""The buyer is looking for a single large photo frame for personal use and asked for custom creation."", ""evidence"": {""keywords"": [""Customization"", ""Large Size"", ""Photo Frame""], ""order_type"": [""one-time""], ""repeat_buyer"": false, ""quantity_scale"": ""Low""}}, ""buyer_intent"": {""narrative"": ""Wants to buy a large photo frame, specifically interested in 14 by 20 size."", ""reasoning"": ""Gave specific size dimensions and asked for customization options."", ""intent_level"": ""High""}, ""call_outcome"": {""category"": ""Follow-up"", ""conclusion_notes"": ""The seller will send a photo of the 14x20 frame on WhatsApp (Iska photo bhejta hoon)""}, ""call_purpose"": ""requirement"", ""all_languages"": [""Hindi"", ""English""], ""primary_language"": ""Hindi"", ""additional_details"": {""buyer_queries"": [{""query"": ""Is a large size photo frame available?"", ""category"": ""Availability"", ""sequence"": 1}, {""query"": ""What is the price of the 14x20 size frame?"", ""category"": ""Specifications"", ""sequence"": 4}, {""query"": ""Can you customize the frame?"", ""category"": ""Specifications"", ""sequence"": 6}], ""seller_queries"": [{""query"": ""How many pieces do you need for customization?"", ""category"": ""Quantity"", ""sequence"": 7, ""answer_by_buyer"": ""I only need one piece.""}]}, ""intended_application"": ""Personal Photo Display""}, ""products"": [{""price"": {""value"": 13500, ""currency"": ""INR"", ""price_unit"": ""piece""}, ""in_stock"": ""in stock"", ""product_name"": ""Photo Frame"", ""specifications"": [{""name"": ""Size"", ""unit"": ""inch"", ""value"": ""14x20"", ""buyer_requested"": true, ""seller_mentioned"": true}], ""quantity_required"": {""unit"": ""piece"", ""value"": 1}, ""related_categories"": [{""name"": ""Decorative Photo Frame"", ""reason"": ""Mentioned as a decorative item for a large size photo.""}], ""is_buyer_interested"": true, ""most_specific_category"": {""name"": ""Photo Frame"", ""reason"": ""Discussed as a large size frame for photography.""}, ""seller_accepts_quantity"": true}, {""in_stock"": ""in stock"", ""product_name"": ""Photo Frame"", ""specifications"": [{""name"": ""Size"", ""unit"": ""inch"", ""value"": ""8x10"", ""buyer_requested"": false, ""seller_mentioned"": true}], ""is_buyer_interested"": false, ""most_specific_category"": {""name"": ""Photo Frame"", ""reason"": ""A smaller frame variant kept in stock.""}}], ""next_steps"": {""buyer_next_steps"": [""To check the photos of the frame sent on WhatsApp""], ""seller_next_steps"": [""To send photos of the 14x20 frame on WhatsApp""]}, ""buyer_details"": {""buyer_name"": ""a6eac1a0ae42d3e466b45dd4610e18decdb339b59bda075853ae0229fd4edc35""}, ""seller_details"": {""seller_name"": ""1ab028a46e0b046ba89c9316335e222d24c66a3bfed36fa3f1fddce8f3c11c57""}}",2026-07-29 03:12:24.836,148564297759,29/07/26
147501167,BUYER,167387,"{""callback"": ""callback by Later - To discuss requirement after language barrier resolution (Baad mein call karta hoon)"", ""lead_tag"": {""deal_blockers"": [{""detail"": ""Severe language barrier between buyer and seller"", ""category"": ""Other""}], ""deal_readiness"": ""Cold"", ""deal_readiness_reason"": ""The call was terminated due to a language barrier with no clear next steps beyond a vague callback.""}, ""metadata"": {""call_type"": {""type"": ""B2C"", ""reason"": ""The call could not progress enough to determine business or personal intent due to communication issues."", ""evidence"": {""keywords"": [""Language Barrier""], ""repeat_buyer"": false}}, ""buyer_intent"": {""narrative"": ""The buyer attempted to inquire about a product but could only communicate in Malayalam."", ""reasoning"": ""The buyer was unable to communicate his specific needs due to a language mismatch and the call ended quickly."", ""intent_level"": ""Low""}, ""call_outcome"": {""category"": ""Lost"", ""conclusion_notes"": ""Language barrier prevented any business discussion - NO next action (Malayalam nahi aati Hindi ya English bolo)""}, ""call_purpose"": ""requirement"", ""all_languages"": [""Hindi"", ""English"", ""Malayalam""], ""primary_language"": ""Hindi"", ""additional_details"": {""buyer_queries"": [{""query"": ""Do you speak Malayalam?"", ""category"": ""Other"", ""sequence"": 1}], ""seller_queries"": [{""query"": ""Do you speak Hindi or English?"", ""category"": ""Other"", ""sequence"": 2, ""answer_by_buyer"": ""No.""}]}}, ""products"": [], ""next_steps"": {""buyer_next_steps"": [], ""seller_next_steps"": []}, ""buyer_details"": {""buyer_name"": ""b9b0410450baa66d148ba3bdc6e9c1fada9c5769293c0af6602a4bdf2785d036"", ""buyer_mobile_number"": ""588ad605a9aea5d6b2545a1870d10b154e7d6249d395b9ab092c6dc46b7a1bb7""}, ""seller_details"": {""seller_name"": ""70936b96c7cd135309cf5f70387e37010652fdc9db9802653da9742df20c80d6"", ""seller_mobile_number"": ""4a00f4ed67c64bbec2c70a552af0971b1cdf61f9b8be1d3a2ac8d124c286a301""}}",2026-07-29 03:12:18.886,148564548567,29/07/26
147501167,BUYER,167387,"{""callback"": ""callback by Tomorrow 10 AM - To discuss steroids (Kal 10 baje call karta hoon)"", ""lead_tag"": {""deal_blockers"": [], ""deal_readiness"": ""Warm"", ""deal_readiness_reason"": ""The buyer asked for a callback tomorrow morning to discuss the product requirement.""}, ""metadata"": {""call_type"": {""type"": ""B2B"", ""reason"": ""The call was initiated regarding a product inquiry from IndiaMART, though specifications were not discussed in this brief initial contact."", ""evidence"": {""keywords"": [""Requirement"", ""IndiaMART""]}}, ""buyer_intent"": {""narrative"": ""The buyer initiated the call to discuss a product requirement but asked to postpone the conversation to the next morning."", ""reasoning"": ""The buyer reached out specifically for a requirement but was busy or preferred to discuss details tomorrow morning."", ""intent_level"": ""Medium""}, ""call_outcome"": {""category"": ""Follow-up"", ""conclusion_notes"": ""The buyer requested a callback tomorrow morning to discuss the requirement (Kal 10 baje call karna).""}, ""call_purpose"": ""requirement"", ""all_languages"": [""Hindi""], ""primary_language"": ""Hindi"", ""additional_details"": {""buyer_queries"": [], ""seller_queries"": []}}, ""products"": [], ""next_steps"": {""buyer_next_steps"": [""To discuss the product requirement during the scheduled callback tomorrow morning.""], ""seller_next_steps"": [""To call the buyer at 10 AM tomorrow as requested to discuss steroids.""]}, ""buyer_details"": {""buyer_name"": ""b9b0410450baa66d148ba3bdc6e9c1fada9c5769293c0af6602a4bdf2785d036""}, ""seller_details"": {""seller_name"": ""70936b96c7cd135309cf5f70387e37010652fdc9db9802653da9742df20c80d6""}}",2026-07-29 03:10:50.395,148564548567,29/07/26
146695165,BUYER,136119,"{""callback"": ""callback by Today 12 PM - To connect with sales team"", ""lead_tag"": {""deal_blockers"": [], ""deal_readiness"": ""Hot"", ""deal_readiness_reason"": ""Buyer shared his contact details and requested a callback from the sales team for pricing and further discussion.""}, ""metadata"": {""call_type"": {""type"": ""B2B"", ""reason"": ""The buyer is inquiring about comb busbars for MCB linking, which is a specialized electrical component typically used in commercial or industrial panels."", ""evidence"": {""keywords"": [""Comb Busbar"", ""MCB Link"", ""4 Pole""], ""order_type"": [""bulk"", ""commercial""], ""repeat_buyer"": false}}, ""buyer_intent"": {""narrative"": ""Wants to purchase 4-pole comb busbars with neutral and asked about MCB linking options."", ""reasoning"": ""The buyer has specific technical questions and shared his contact details for the sales team to get in touch."", ""intent_level"": ""High""}, ""call_outcome"": {""category"": ""Follow-up"", ""conclusion_notes"": ""The seller will share the buyer's details with the sales team for a callback (Sales team ko number de dunga wo call kar lenge).""}, ""call_purpose"": ""requirement"", ""all_languages"": [""Hindi"", ""English""], ""primary_language"": ""Hindi"", ""additional_details"": {""buyer_queries"": [{""query"": ""Does the 3-phase comb busbar come with a neutral?"", ""category"": ""Specifications"", ""sequence"": 1}, {""query"": ""Is it available in 4-pole?"", ""category"": ""Specifications"", ""sequence"": 2, ""answer_by_seller"": ""Yes, it is available in a 4-pole configuration which includes three phases and a neutral.""}, {""query"": ""How many MCB links does it come with?"", ""category"": ""Specifications"", ""sequence"": 3, ""answer_by_seller"": ""It is available for linking 2 MCBs as well as 3 MCBs.""}], ""seller_queries"": [{""query"": ""What is your contact number?"", ""category"": ""Other"", ""sequence"": 4, ""answer_by_buyer"": ""7780668024""}, {""query"": ""What is your name?"", ""category"": ""Other"", ""sequence"": 5, ""answer_by_buyer"": ""Gangadhar""}]}, ""intended_application"": ""MCB linking""}, ""products"": [{""in_stock"": ""in stock"", ""product_name"": ""Comb Busbar"", ""specifications"": [{""name"": ""Number of Poles"", ""value"": ""4"", ""buyer_requested"": true, ""seller_mentioned"": true}, {""name"": ""Neutral"", ""value"": ""Included"", ""buyer_requested"": true, ""seller_mentioned"": true}, {""name"": ""MCB Links"", ""value"": ""2"", ""buyer_requested"": true, ""seller_mentioned"": true}, {""name"": ""MCB Links"", ""value"": ""3"", ""buyer_requested"": false, ""seller_mentioned"": true}], ""related_categories"": [{""name"": ""Busbar"", ""reason"": ""Comb busbars are a subset of busbars used for power distribution.""}, {""name"": ""Terminal Blocks"", ""reason"": ""Comb busbars are used to connect terminal points in MCBs.""}], ""is_buyer_interested"": true, ""most_specific_category"": {""name"": ""Comb Busbar"", ""reason"": ""The product is explicitly identified as a comb busbar used for linking MCBs.""}}], ""next_steps"": {""buyer_next_steps"": [""To receive a call from the sales team""], ""seller_next_steps"": [""To share the buyer's contact details with the sales team for a callback""]}, ""buyer_details"": {""buyer_name"": ""7e74c40d62c5df803f1c91b665b7a35524edafc94816f59c164bb3aad53938a9"", ""buyer_mobile_number"": ""9d40e85e66e2b6015c75070e7f373f54e298f4be9638c2b21e35e7a5c481173e""}, ""seller_details"": {""seller_name"": ""cc03e71e6a972d6f2ef29864565682fab628984dc444206c8f5162ef03955ab3""}}",2026-07-29 03:08:52.563,148564508546,29/07/26
232933629,BUYER,214922,"{""callback"": ""callback by None - None"", ""lead_tag"": {""deal_blockers"": [{""detail"": ""Call went to voicemail"", ""category"": ""Other""}], ""deal_readiness"": ""Cold"", ""deal_readiness_reason"": ""The call reached voicemail and no conversation took place.""}, ""metadata"": {""call_type"": {""type"": ""B2C"", ""reason"": ""The buyer inquired about the price of a PCB via voicemail, identifying no business context or volume."", ""evidence"": {""order_type"": [""one-time""]}}, ""buyer_intent"": {""narrative"": ""The buyer left a voicemail inquiring about the price of a PCB."", ""reasoning"": ""The buyer only left a brief query about pricing on a voicemail without providing specific requirements or urgency."", ""intent_level"": ""Low""}, ""call_outcome"": {""category"": ""Lost"", ""conclusion_notes"": ""The buyer reached a voicemail and left a brief price inquiry (Price kitna hai is PCB ka?).""}, ""call_purpose"": ""requirement"", ""all_languages"": [""English"", ""Hindi""], ""primary_language"": ""Hindi"", ""additional_details"": {""buyer_queries"": [{""query"": ""What is the price of this PCB?"", ""category"": ""Pricing"", ""sequence"": 1}], ""seller_queries"": []}}, ""products"": [{""product_name"": ""PCB (Printed Circuit Board)"", ""specifications"": [], ""related_categories"": [{""name"": ""PC Board"", ""reason"": ""Commonly used synonym for PCB.""}, {""name"": ""PCB Circuit"", ""reason"": ""Refers to the circuit board requested.""}], ""is_buyer_interested"": true, ""most_specific_category"": {""name"": ""Printed Circuit Board"", ""reason"": ""The buyer explicitly used the term 'PCB' in the voicemail.""}}, {""in_stock"": ""in stock"", ""product_name"": ""PCB"", ""specifications"": [{""name"": ""Price"", ""buyer_requested"": true, ""seller_mentioned"": false}], ""related_categories"": [{""name"": ""PC Board"", ""reason"": ""Alternative term for Printed Circuit Board.""}], ""is_buyer_interested"": true, ""most_specific_category"": {""name"": ""Printed Circuit Board"", ""reason"": ""The buyer mentioned PCB in the call recording.""}}, {""product_name"": ""PCB"", ""specifications"": [{""name"": ""Price"", ""buyer_requested"": true, ""seller_mentioned"": false}], ""related_categories"": [{""name"": ""PC Board"", ""reason"": ""General category for circuit boards.""}], ""is_buyer_interested"": true, ""most_specific_category"": {""name"": ""Printed Circuit Board"", ""reason"": ""The buyer explicitly inquired about PCB price.""}}], ""next_steps"": {""buyer_next_steps"": [], ""seller_next_steps"": [""To call back the buyer to discuss the PCB requirement and pricing.""]}, ""buyer_details"": {""buyer_mobile_number"": ""7eed248f6cf9fd4dd4a37db9af9de7e232c9c98c955fd0c13553dadf38827b87""}, ""seller_details"": {""seller_name"": ""94574690588bc3af546f00cd9a0219c2ef636764dfe7e25c2578ee68702021b4""}}",2026-07-29 03:04:45.820,148564374085,29/07/26
193744849,BUYER,445774,"{""callback"": """", ""lead_tag"": {""deal_blockers"": [{""detail"": ""Product not available with the seller"", ""category"": ""Availability""}], ""deal_readiness"": ""Cold"", ""deal_readiness_reason"": ""Seller explicitly stated they do not have the requested product.""}, ""metadata"": {""call_type"": {""type"": ""B2C"", ""reason"": ""The call was a simple inquiry for a specific product which was unavailable. No business context was discussed."", ""evidence"": {""keywords"": [""Drops"", ""MH 51""]}}, ""buyer_intent"": {""narrative"": ""Wants to purchase MH 51 drops"", ""reasoning"": ""Specific product name mentioned by the buyer indicates clear requirement."", ""intent_level"": ""High""}, ""call_outcome"": {""category"": ""Lost"", ""conclusion_notes"": ""Seller does not have the stock (Hamare paas nahi hai)""}, ""call_purpose"": ""requirement"", ""all_languages"": [""Hindi"", ""English""], ""primary_language"": ""Hindi"", ""additional_details"": {""buyer_queries"": [{""query"": ""I need MH 51 drops, do you have it?"", ""category"": ""Availability"", ""sequence"": 1}], ""seller_queries"": []}}, ""products"": [{""in_stock"": ""out of stock"", ""product_name"": ""MH 51 drops"", ""specifications"": [{""name"": ""Form"", ""value"": ""Drops"", ""buyer_requested"": true, ""seller_mentioned"": false}], ""related_categories"": [{""name"": ""Sexual Drops"", ""reason"": ""MH 51 is often used for sexual wellness in homeopathy.""}], ""is_buyer_interested"": true, ""most_specific_category"": {""name"": ""Homeopathic Drops"", ""reason"": ""The buyer specifically asked for MH 51 drops which is a homeopathic formulation.""}}], ""next_steps"": {""buyer_next_steps"": [], ""seller_next_steps"": []}, ""buyer_details"": {}, ""seller_details"": {}}",2026-07-29 03:04:20.355,148564462867,29/07/26
643600,BUYER,140251,"{""payment"": {""payment_mode"": ""net banking"", ""payment_details"": ""The price has not been discussed.""}, ""callback"": ""callback by Monday 1 PM - To confirm stock"", ""lead_tag"": {""deal_blockers"": [], ""deal_readiness"": ""Hot"", ""deal_readiness_reason"": ""Ready to move ahead, wait for seller callback""}, ""metadata"": {""call_type"": {""type"": ""B2B"", ""reason"": ""The buyer has a business that need to be maintained specifically."", ""evidence"": {""keywords"": [""Cleaning Work"", ""Glass Pro"", ""Chandigarh"", ""Mohali""], ""order_type"": [""bulk"", ""commercial"", ""trial""], ""repeat_buyer"": true, ""buyer_persona"": {""persona_detail"": ""Glass cleaner company owner"", ""persona_category"": ""service_provider""}, ""quantity_scale"": ""High""}}, ""buyer_intent"": {""narrative"": ""The buyer is inquiring for a scissor lift for a rental/purchase."", ""reasoning"": ""High intent as the buyer provided detailed specifications for his query and asked the question for his benefit."", ""intent_level"": ""High""}, ""call_outcome"": {""category"": ""Follow-up"", ""conclusion_notes"": ""Seller will arrange a callback from their sales executive.""}, ""call_purpose"": ""requirement"", ""all_languages"": [""Hindi"", ""English""], ""primary_language"": ""Hindi"", ""additional_details"": {""buyer_queries"": [{""query"": ""What is good for me?"", ""category"": ""Specifications"", ""sequence"": 1, ""answer_by_seller"": ""He recommeded Boom Lifts and Scissor Lifts as well.""}, {""query"": ""What is the price of the product?"", ""category"": ""Quantity"", ""sequence"": 2, ""answer_by_seller"": ""He needs it for 1-2 day rental and wants purchase details as well.""}], ""seller_queries"": []}, ""intended_application"": ""Industrial Production""}, ""products"": [{""price"": {""gst"": {""value"": 18, ""details"": ""GST will be charged as per rules."", ""is_gst_included"": false}, ""value"": 15000, ""currency"": ""INR"", ""price_unit"": ""piece"", ""offer_details"": ""Discounts might be applicable as per the terms and conditions of the seller company."", ""delivery_charge"": {""value"": 1000, ""details"": ""Delivery will take 1-2 days."", ""currency"": ""INR"", ""is_delivery_charge_included"": true}, ""negotiation_notes"": ""The buyer might even buy it once the rates are final."", ""buyer_price_reaction"": {""quote"": ""What is the price of the product?"", ""category"": ""Negotiating""}}, ""in_stock"": ""in stock"", ""product_name"": ""Scissor Lifts"", ""specifications"": [{""name"": ""Height"", ""unit"": ""feet"", ""value"": ""60"", ""buyer_requested"": true, ""seller_mentioned"": false}], ""quantity_required"": {""unit"": ""piece"", ""value"": 1}, ""related_categories"": [{""name"": ""Scissor Lifts"", ""reason"": ""The product belongs to the scissor lift family.""}], ""is_buyer_interested"": true, ""most_specific_category"": {""name"": ""Scissor Lifts"", ""reason"": ""The buyer is inquiring for a scissor lift.""}, ""seller_accepts_quantity"": true}, {""price"": {""gst"": {""value"": 18, ""details"": ""GST will be charged as per rules."", ""is_gst_included"": false}, ""value"": 10000, ""currency"": ""INR"", ""price_unit"": ""piece"", ""offer_details"": ""Discounts might be applicable as per the terms and conditions of the seller company."", ""delivery_charge"": {""value"": 1000, ""details"": ""Delivery will take 1-2 days."", ""currency"": ""INR"", ""is_delivery_charge_included"": true}, ""negotiation_notes"": ""The buyer might even buy it once the rates are final."", ""buyer_price_reaction"": {""quote"": ""What will be the price for this?"", ""category"": ""Negotiating""}}, ""in_stock"": ""in stock"", ""product_name"": ""Boom Lifts"", ""specifications"": [{""name"": ""Height"", ""unit"": ""feet"", ""value"": ""60"", ""buyer_requested"": true, ""seller_mentioned"": false}], ""quantity_required"": {""unit"": ""piece"", ""value"": 1}, ""related_categories"": [{""name"": ""Boom Lift Rental"", ""reason"": ""The product belongs to the boom lift family.""}], ""is_buyer_interested"": true, ""most_specific_category"": {""name"": ""Boom Lift Rental"", ""reason"": ""The buyer is inquiring for a boom lift for his cleaning venture.""}, ""seller_accepts_quantity"": true}], ""next_steps"": {""buyer_next_steps"": [""To provide more details if needed.""], ""seller_next_steps"": [""To provide the rental and purchase quotations."", ""To provide a product catalogue.""]}, ""buyer_details"": {""buyer_name"": ""da2c2e313c5ff21714d7aea6eca91ad4d915f5a226f862dc46f5145b1e87ccf4"", ""buyer_mobile_number"": ""9d59db53f6e40adb1c2356aefd969c811703298ec8c7065fa50f20f3bfa4181e""}, ""seller_details"": {""seller_name"": ""bb992eabbdf57fc3e7590f0ec529d98d4827cae82b33c293bd5d01615ba80255"", ""seller_mobile_number"": ""bdf9248c72997bbb4ea647f0e650b0126bfa977ca0661ce4c12f9725e466353b""}}",2026-07-29 03:03:52.079,148564294334,29/07/26
184602075,BUYER,178475,"{""callback"": ""callback by Today 10 AM - To inform about the machine suitability for beef and the price (10 baje time dijiye beef ke liye kaunsa machine suitable hai bataunga)"", ""lead_tag"": {""deal_blockers"": [], ""deal_readiness"": ""Warm"", ""deal_readiness_reason"": ""The buyer has a specific requirement for beef cutting and the seller needs time to confirm the best model and price. ""}, ""metadata"": {""call_type"": {""type"": ""B2B"", ""reason"": ""The buyer's requirement for a heavy-duty meat cutting machine indicates a professional rather than home use, suggesting a B2B context."", ""evidence"": {""keywords"": [""Bone cutting machine"", ""Beef carcass"", ""Heavy-duty""], ""order_type"": [""commercial""], ""buyer_persona"": {""persona_detail"": ""Butcher Shop Owner"", ""persona_category"": ""retailer""}}}, ""buyer_intent"": {""narrative"": ""Looking for a heavy-duty bone cutting machine for beef for use in Sultanpalya RT Nagar, Bengaluru."", ""reasoning"": ""The buyer has a very specific requirement for beef cutting and provided his specific location. "", ""intent_level"": ""High""}, ""call_outcome"": {""category"": ""Follow-up"", ""conclusion_notes"": ""The seller will call back by 10 AM to inform about the machine with a price quote. (Price and availability share madtaare)""}, ""call_purpose"": ""requirement"", ""all_languages"": [""Kannada""], ""primary_language"": ""Kannada"", ""additional_details"": {""buyer_queries"": [{""query"": ""Are you T from Five Star System, RT Nagar, Bengaluru?"", ""category"": ""Availability"", ""sequence"": 1}, {""query"": ""I need a bone cutting machine."", ""category"": ""Availability"", ""sequence"": 2}], ""seller_queries"": [{""query"": ""Do you need it for mutton or chicken?"", ""category"": ""Specifications"", ""sequence"": 3}, {""query"": ""Where are you calling from?"", ""category"": ""Location"", ""sequence"": 4}]}}, ""products"": [{""in_stock"": ""in stock"", ""product_name"": ""Sirman Bone Cutting Machine"", ""specifications"": [{""name"": ""Brand"", ""value"": ""Sirman"", ""buyer_requested"": false, ""seller_mentioned"": true}, {""name"": ""Make"", ""value"": ""Italian/German"", ""buyer_requested"": false, ""seller_mentioned"": true}, {""name"": ""Application"", ""value"": ""Beef Cutting"", ""buyer_requested"": true, ""seller_mentioned"": false}, {""name"": ""Model Type"", ""value"": ""Heavy duty"", ""buyer_requested"": false, ""seller_mentioned"": true}], ""related_categories"": [{""name"": ""Meat Cutting Machine"", ""reason"": ""Bone cutting machines are a subset of meat cutting machines.""}, {""name"": ""Commercial Kitchen Equipments"", ""reason"": ""These machines are used in commercial settings like butcher shops and restaurants.""}], ""is_buyer_interested"": true, ""most_specific_category"": {""name"": ""Bone Saw Machine"", ""reason"": ""The buyer specifically asked for a bone cutting machine, which is another term for a bone saw machine.""}}, {""in_stock"": ""in stock"", ""product_name"": ""Sirman Bone Cutting Machine (1650 mm Blade)"", ""specifications"": [{""name"": ""Brand"", ""value"": ""Sirman"", ""buyer_requested"": false, ""seller_mentioned"": true}, {""name"": ""Blade Size"", ""unit"": ""mm"", ""value"": ""1650"", ""buyer_requested"": false, ""seller_mentioned"": true}], ""related_categories"": [{""name"": ""Bone Saw Machine"", ""reason"": ""The 1650 model is a common size for a bone saw machine.""}], ""is_buyer_interested"": true, ""most_specific_category"": {""name"": ""Meat Band Saw"", ""reason"": ""The seller mentioned there are 3 sizes of blades available for the machine, which is typical for band saws.""}}], ""next_steps"": {""buyer_next_steps"": [""To wait for the seller's call at 10 AM for prices and suitability.""], ""seller_next_steps"": [""To verify which model is best suited for beef carcass cutting."", ""To call back at 10 AM with availability and price details.""]}, ""buyer_details"": {""buyer_name"": ""6875369544b753a131362f2c475be4a7e4c02a0c43829d8f4e70afaf267800f6"", ""buyer_location"": {""buyer_city"": ""Bengaluru"", ""buyer_locality"": ""Sultanpalya RT Nagar""}}, ""seller_details"": {""seller_name"": ""e3b98a4da31a127d4bde6e43033f66ba274cab0eb7eb1c70ec41402bf6273dd8"", ""seller_location"": {""seller_city"": ""Bengaluru"", ""seller_locality"": ""Rajajinagar""}}}",2026-07-29 03:02:31.965,148564284795,29/07/26
21317458,BUYER,185664,"{""payment"": {}, ""callback"": """", ""lead_tag"": {""deal_blockers"": [{""detail"": ""Price difference between IndiaMART listing and seller's quote"", ""category"": ""Price""}], ""deal_readiness"": ""Warm"", ""deal_readiness_reason"": ""Interested in samples but concerned about pricing discrepancy and quantity scaling.""}, ""metadata"": {""call_type"": {""type"": ""B2B"", ""reason"": ""Buyer is looking for a small quantity as samples for potential future business."", ""evidence"": {""order_type"": [""sample""], ""quantity_scale"": ""Low""}}, ""buyer_intent"": {""narrative"": ""Interested in purchasing Damroos for sample testing."", ""reasoning"": ""Provided specific sizes and quantities, and cross-referenced prices from IndiaMART."", ""intent_level"": ""High""}, ""call_outcome"": {""category"": ""Follow-up"", ""conclusion_notes"": ""Will message on WhatsApp to discuss further. (WhatsApp karti hoon)""}, ""call_purpose"": ""requirement"", ""all_languages"": [""Hindi"", ""English""], ""primary_language"": ""Hindi"", ""additional_details"": {""buyer_queries"": [{""query"": ""Do you have Damroos?"", ""category"": ""Availability"", ""sequence"": 1}, {""query"": ""The price mentioned on IndiaMART is 50 for the 4-inch size, why are you quoting 80?"", ""category"": ""Pricing"", ""sequence"": 4}], ""seller_queries"": [{""query"": ""What size do you need?"", ""category"": ""Specifications"", ""sequence"": 2}, {""query"": ""How many pieces do you need?"", ""category"": ""Quantity"", ""sequence"": 3}]}}, ""products"": [{""price"": {""value"": 50, ""currency"": ""INR"", ""price_unit"": ""piece"", ""negotiation_notes"": ""Buyer mentioned IndiaMART price of 50 INR for 4 inch size vs seller's quote of 80 INR."", ""buyer_price_reaction"": {""quote"": ""IndiaMART par toh 50 likha hai"", ""category"": ""Negotiating""}}, ""in_stock"": ""in stock"", ""product_name"": ""Damroo (3 inch)"", ""specifications"": [{""name"": ""Size"", ""unit"": ""inch"", ""value"": ""3"", ""buyer_requested"": true, ""seller_mentioned"": true}], ""quantity_required"": {""unit"": ""pieces"", ""value"": 30}, ""related_categories"": [{""name"": ""Indian Drum"", ""reason"": ""Damroo is a traditional Indian drum instrument.""}, {""name"": ""Music Instruments"", ""reason"": ""Damroo is a musical instrument.""}], ""is_buyer_interested"": true, ""minimum_order_quantity"": {""unit"": ""pieces"", ""value"": 30}, ""most_specific_category"": {""name"": ""Damroo"", ""reason"": ""Explicitly mentioned product name.""}, ""seller_accepts_quantity"": true}, {""price"": {""value"": 80, ""currency"": ""INR"", ""price_unit"": ""piece"", ""negotiation_notes"": ""Buyer mentioned IndiaMART price of 50 INR for 4 inch size vs seller's quote of 80 INR."", ""buyer_price_reaction"": {""quote"": ""IndiaMART par toh 50 likha hai"", ""category"": ""Negotiating""}}, ""in_stock"": ""in stock"", ""product_name"": ""Damroo (4 inch)"", ""specifications"": [{""name"": ""Size"", ""unit"": ""inch"", ""value"": ""4"", ""buyer_requested"": true, ""seller_mentioned"": true}], ""quantity_required"": {""unit"": ""pieces"", ""value"": 30}, ""related_categories"": [{""name"": ""Indian Drum"", ""reason"": ""Damroo is a traditional Indian drum instrument.""}, {""name"": ""Music Instruments"", ""reason"": ""Damroo is a musical instrument.""}], ""is_buyer_interested"": true, ""minimum_order_quantity"": {""unit"": ""pieces"", ""value"": 30}, ""most_specific_category"": {""name"": ""Damroo"", ""reason"": ""Explicitly mentioned product name.""}, ""seller_accepts_quantity"": true}], ""next_steps"": {""buyer_next_steps"": [""To message the seller on WhatsApp""], ""seller_next_steps"": [""To assist with the sample order on WhatsApp""]}, ""buyer_details"": {""buyer_name"": ""4fd4129e2d4d4423d3c2f522bb92c721493752cad5b82faada980b1bae1fd4b6""}, ""seller_details"": {""seller_name"": ""4704a208af597253aa2287b160410cd3434aa7364ff0684f987669ccfb806efc""}}",2026-07-29 03:02:02.941,148564430167,29/07/26
134258024,BUYER,152819,"{""callback"": ""callback by Tomorrow - To check delivery service (Kal call karke batata hoon)"", ""lead_tag"": {""deal_blockers"": [], ""deal_readiness"": ""Warm"", ""deal_readiness_reason"": ""Interested in purchasing but needs to confirm delivery service feasibility first.""}, ""metadata"": {""call_type"": {""type"": ""B2B"", ""reason"": ""The call pertains to the purchase of an agricultural product for commercial/farm use."", ""evidence"": {""keywords"": [""Agri 82"", ""Delivery via transport""], ""order_type"": [""commercial""], ""repeat_buyer"": false, ""buyer_persona"": {""persona_category"": ""other""}, ""quantity_scale"": ""Low""}}, ""buyer_intent"": {""narrative"": ""Wants to purchase Agri 82 in 1 liter or 5 liter capacity and shared his location."", ""reasoning"": ""The buyer specifically asked for price points of different pack sizes and provided his location details to check for delivery."", ""intent_level"": ""High""}, ""call_outcome"": {""category"": ""Follow-up"", ""conclusion_notes"": ""Buyer shared his number and seller will check delivery service to his area (Number likho main check karke batata hoon).""}, ""call_purpose"": ""requirement"", ""all_languages"": [""Hindi"", ""English""], ""primary_language"": ""Hindi"", ""additional_details"": {""buyer_queries"": [{""query"": ""What is the price of 1 liter and 5 liter pack?"", ""category"": ""Pricing"", ""sequence"": 1}, {""query"": ""Is courier delivery available?"", ""category"": ""Delivery"", ""sequence"": 3}], ""seller_queries"": [{""query"": ""Where are you calling from?"", ""category"": ""Location"", ""sequence"": 2}, {""query"": ""Which transporters serve your area?"", ""category"": ""Delivery"", ""sequence"": 4}]}, ""intended_application"": ""Farm Use""}, ""products"": [{""price"": {""value"": 550, ""currency"": ""INR"", ""price_unit"": ""1 liter"", ""buyer_price_reaction"": {""quote"": ""550 rupees"", ""category"": ""Accepted""}}, ""in_stock"": ""in stock"", ""product_name"": ""Agri 82"", ""specifications"": [{""name"": ""Pack size"", ""unit"": ""liter"", ""value"": ""1"", ""buyer_requested"": true, ""seller_mentioned"": true}], ""quantity_required"": {""unit"": ""liter"", ""value"": 1}, ""related_categories"": [{""name"": ""Spreader Sticker & Activator"", ""reason"": ""Used to improve the effectiveness of sprays.""}, {""name"": ""Wetting Agents"", ""reason"": ""Helps in better spreading of agricultural chemicals.""}], ""is_buyer_interested"": true, ""most_specific_category"": {""name"": ""Agricultural Spray Adjuvants"", ""reason"": ""Agri 82 is a well-known spreader and activator used as an adjuvant in farming.""}}, {""price"": {""value"": 2500, ""currency"": ""INR"", ""price_unit"": ""5 liter"", ""buyer_price_reaction"": {""quote"": ""2500 rupees"", ""category"": ""Accepted""}}, ""in_stock"": ""in stock"", ""product_name"": ""Agri 82"", ""specifications"": [{""name"": ""Pack size"", ""unit"": ""liter"", ""value"": ""5"", ""buyer_requested"": true, ""seller_mentioned"": true}], ""quantity_required"": {""unit"": ""liter"", ""value"": 5}, ""related_categories"": [{""name"": ""Spreader Sticker & Activator"", ""reason"": ""Product acts as a spreader for pesticides/fertilizers.""}], ""is_buyer_interested"": true, ""most_specific_category"": {""name"": ""Agricultural Spray Adjuvants"", ""reason"": ""Agri 82 is an agricultural adjuvant used to improve spray efficiency.""}}], ""next_steps"": {""buyer_next_steps"": [""To share address details on WhatsApp""], ""seller_next_steps"": [""To verify transport or courier service availability to the buyer's location"", ""To call back the buyer with delivery confirmation""]}, ""buyer_details"": {""buyer_name"": ""6e2403383a151b190c7b71cea3b60f7012a246a63a31cbf8607bc084b721eca2"", ""buyer_location"": {""buyer_city"": ""Jobat"", ""buyer_state"": ""MP""}}, ""seller_details"": {""seller_name"": ""894e23820bdf854c5d84bc87ccc5b4669b146781de771837f747fd733a041027""}}",2026-07-29 02:59:42.709,148564172363,29/07/26
254357727,BUYER,118728,"{""payment"": {}, ""callback"": ""callback by Tomorrow - To discuss 30 quantity (Kal baat karte hai)"", ""lead_tag"": {""deal_blockers"": [], ""deal_readiness"": ""Warm"", ""deal_readiness_reason"": ""Discussed pricing and weight options for 30 units, next step is to finalize tomorrow.""}, ""metadata"": {""call_type"": {""type"": ""B2B"", ""reason"": ""Buyer is seeking 30 units of water jars for a trial, which suggest a B2B context for potential business supply despite the small initial quantity."", ""evidence"": {""keywords"": [""Trial"", ""Warehouse Location""], ""order_type"": [""trial"", ""bulk""], ""repeat_buyer"": false, ""quantity_scale"": ""Low""}}, ""buyer_intent"": {""narrative"": ""Wants 30 units of 20L water jars for trial and inquired about pricing for different weights."", ""reasoning"": ""Buyer has a specific quantity (30 units) and is asking for weights and warehouse location, showing clear intent to purchase for trial."", ""intent_level"": ""Medium""}, ""call_outcome"": {""category"": ""Follow-up"", ""conclusion_notes"": ""Will discuss tomorrow regarding the 30 quantity requirement (Kal baat karte hai 30 n नग badal).""}, ""call_purpose"": ""requirement"", ""all_languages"": [""Marathi"", ""Hindi""], ""primary_language"": ""Marathi"", ""additional_details"": {""buyer_queries"": [{""query"": ""Do you have 20-liter white water jars?"", ""category"": ""Availability"", ""sequence"": 1, ""answer_by_seller"": ""Yes, we have 20-liter white water jars.""}, {""query"": ""What is the rate?"", ""category"": ""Pricing"", ""sequence"": 3, ""answer_by_seller"": ""120 rupees for standard and 145 rupees for 700g variant.""}, {""query"": ""Where is your warehouse located?"", ""category"": ""Location"", ""sequence"": 5, ""answer_by_seller"": ""It is in Handewadi, Pune.""}], ""seller_queries"": [{""query"": ""How many units do you need?"", ""category"": ""Quantity"", ""sequence"": 2, ""answer_by_buyer"": ""I need 30 units for trial.""}, {""query"": ""Where are you calling from?"", ""category"": ""Location"", ""sequence"": 4, ""answer_by_buyer"": ""I am calling from Chakan.""}]}, ""intended_application"": ""Trial Purchase""}, ""products"": [{""price"": {""value"": 120, ""currency"": ""INR"", ""price_unit"": ""piece""}, ""in_stock"": ""in stock"", ""product_name"": ""20 Liter White Water Jar"", ""specifications"": [{""name"": ""Capacity"", ""unit"": ""Liter"", ""value"": ""20"", ""buyer_requested"": true, ""seller_mentioned"": true}, {""name"": ""Color"", ""value"": ""White"", ""buyer_requested"": true, ""seller_mentioned"": true}], ""quantity_required"": {""unit"": ""pieces"", ""value"": 30}, ""related_categories"": [{""name"": ""Water Jars"", ""reason"": ""The product is a 20-liter jar specifically for water.""}], ""is_buyer_interested"": true, ""seller_accepts_quantity"": true}, {""price"": {""value"": 145, ""currency"": ""INR"", ""price_unit"": ""piece""}, ""in_stock"": ""in stock"", ""product_name"": ""20 Liter White Water Jar (700g Weight)"", ""specifications"": [{""name"": ""Weight"", ""unit"": ""gram"", ""value"": ""700"", ""buyer_requested"": true, ""seller_mentioned"": true}, {""name"": ""Capacity"", ""unit"": ""Liter"", ""value"": ""20"", ""buyer_requested"": true, ""seller_mentioned"": true}, {""name"": ""Color"", ""value"": ""White"", ""buyer_requested"": true, ""seller_mentioned"": true}], ""quantity_required"": {""unit"": ""pieces"", ""value"": 30}, ""related_categories"": [{""name"": ""Water Jars"", ""reason"": ""A frequent specification for water jars is the weight of the plastic used (700g).""}], ""is_buyer_interested"": true, ""seller_accepts_quantity"": true}], ""next_steps"": {""buyer_next_steps"": [""To call back tomorrow to finalize the order""], ""seller_next_steps"": [""To provide more details on the 700g variant if needed""]}, ""buyer_details"": {""buyer_name"": ""fc613b4dfd6736a7bd268c8a0e74ed0d1c04a959f59dd74ef2874983fd443fc9""}, ""seller_details"": {""seller_name"": ""99b4155ec3efa0f36b2e11b35497a10ccfe8a2c22a2f2090b7463f015daf4d2d"", ""seller_location"": {""seller_city"": ""Pune"", ""seller_locality"": ""Handewadi""}}}",2026-07-29 02:59:36.441,148564273352,29/07/26
272452524,BUYER,31026,"{""callback"": ""callback by Soon - to share price and photographs after reaching office (office pahunchke price and photographs bhejta hoon)"", ""lead_tag"": {""deal_blockers"": [{""detail"": ""Buyer mentioned a lower price listed on IndiaMART."", ""category"": ""Price""}], ""deal_readiness"": ""Warm"", ""deal_readiness_reason"": ""Buyer has clear quantity and specification requirements and is waiting for a updated quote via WhatsApp.""}, ""metadata"": {""call_type"": {""type"": ""B2B"", ""reason"": ""Buyer is looking for a bulk quantity of 50 mats for specialized training use, indicating a commercial/B2B context rather than personal retail use."", ""evidence"": {""keywords"": [""Jiu-Jitsu Training"", ""Interlocking Mats""], ""order_type"": [""bulk"", ""commercial""], ""quantity_scale"": ""High""}}, ""buyer_intent"": {""narrative"": ""Wants 50 pieces of 20mm interlocking mats for Jiu-Jitsu training."", ""reasoning"": ""Buyer provided specific thickness and usage requirements, quantity, and reference to online pricing."", ""intent_level"": ""High""}, ""call_outcome"": {""category"": ""Follow-up"", ""conclusion_notes"": ""Seller will share price and pictures on WhatsApp once they reach the office (office pahunchke price and pictures bhejta hoon).""}, ""call_purpose"": ""requirement"", ""all_languages"": [""Hindi"", ""English""], ""primary_language"": ""Hindi"", ""additional_details"": {""buyer_queries"": [{""query"": ""Is it available in 20mm thickness?"", ""category"": ""Specifications"", ""sequence"": 2}, {""query"": ""Can you offer a discount on the 600 plus GST price?"", ""category"": ""Pricing"", ""sequence"": 4}, {""query"": ""Why is the price listed as 100 on IndiaMART?"", ""category"": ""Pricing"", ""sequence"": 5}], ""seller_queries"": [{""query"": ""What thickness do you need?"", ""category"": ""Specifications"", ""sequence"": 1}, {""query"": ""Is it for Kabaddi or something else?"", ""category"": ""Specifications"", ""sequence"": 3}, {""query"": ""How many mats do you need?"", ""category"": ""Quantity"", ""sequence"": 6}]}, ""intended_application"": ""Jiu Jitsu Training""}, ""products"": [{""price"": {""gst"": {""is_gst_included"": false}, ""value"": 600, ""currency"": ""INR"", ""price_unit"": ""piece"", ""negotiation_notes"": ""Buyer mentioned price mismatch with IndiaMART listing. Seller explained the lower price was for a 10mm variant."", ""buyer_price_reaction"": {""quote"": ""Can there be some discount?"", ""category"": ""Negotiating""}}, ""in_stock"": ""in stock"", ""product_name"": ""Interlocking Mats"", ""specifications"": [{""name"": ""Thickness"", ""unit"": ""mm"", ""value"": ""20"", ""buyer_requested"": true, ""seller_mentioned"": true}, {""name"": ""Type"", ""value"": ""Interlocking"", ""buyer_requested"": false, ""seller_mentioned"": true}, {""name"": ""Size"", ""unit"": ""meter"", ""value"": ""1 by 1"", ""buyer_requested"": false, ""seller_mentioned"": true}], ""quantity_required"": {""unit"": ""pieces"", ""value"": 50}, ""related_categories"": [{""name"": ""Martial Arts Mat"", ""reason"": ""Intended for Jiu-Jitsu training.""}, {""name"": ""Gym Mat"", ""reason"": ""Used for physical training activities.""}], ""is_buyer_interested"": true, ""most_specific_category"": {""name"": ""Interlocking Mats"", ""reason"": ""The buyer explicitly requested interlocking mats for martial arts training.""}, ""seller_accepts_quantity"": true}], ""next_steps"": {""buyer_next_steps"": [""To send a WhatsApp message to the seller's provided number.""], ""seller_next_steps"": [""To send pricing and product photos on WhatsApp once in office.""]}, ""buyer_details"": {""buyer_mobile_number"": ""93d3413a2e8df00ddb546852eca469f4d5d560b19eb5fc98c5d2550eee731d30""}, ""seller_details"": {""seller_name"": ""b30a0e34683cf2594ffa4b9f9b2379d314ff57d48b9673a93ea2a29361805ef0""}}",2026-07-29 02:59:19.491,148564203795,29/07/26
223489262,BUYER,4011,"{""lead_tag"": {""deal_blockers"": [], ""deal_readiness"": ""Cold"", ""deal_readiness_reason"": ""The call disconnected immediately after connection without any discussion.""}, ""metadata"": {""call_type"": {""type"": ""B2C"", ""reason"": ""The call was disconnected before any business context could be established.""}, ""buyer_intent"": {""narrative"": ""Buyer connects but the call drops before stating requirement."", ""reasoning"": ""The buyer initiated the call but disconnected within seconds without discussing any product or specifics."", ""intent_level"": ""Low""}, ""call_outcome"": {""category"": ""Lost"", ""conclusion_notes"": ""Call disconnected immediately (Phone kahan lagta hai bolkar cut gaya).""}, ""call_purpose"": ""irrelevant"", ""all_languages"": [""Hindi""], ""primary_language"": ""Hindi"", ""additional_details"": {""buyer_queries"": [], ""seller_queries"": []}}, ""products"": [], ""next_steps"": {""buyer_next_steps"": [], ""seller_next_steps"": []}, ""buyer_details"": {}, ""seller_details"": {}}",2026-07-29 02:59:09.450,148564810459,29/07/26
101860158,BUYER,207402,"{""payment"": {}, ""callback"": """", ""lead_tag"": {""deal_blockers"": [{""detail"": ""Seller does not provide single pieces"", ""category"": ""MOQ""}], ""deal_readiness"": ""Cold"", ""deal_readiness_reason"": ""The seller does not provide the product in the quantity the buyer wants (single piece).""}, ""metadata"": {""call_type"": {""type"": ""B2C"", ""reason"": ""The buyer wanted to purchase a single unit for personal use, which the seller declined, indicating a B2B focus."", ""evidence"": {""order_type"": [""one-time""], ""quantity_scale"": ""Low""}}, ""buyer_intent"": {""narrative"": ""The buyer is looking for a single piece of earbuds for personal use."", ""reasoning"": ""The buyer specifically asked for a single piece, which indicates retail/personal use rather than a business requirement."", ""intent_level"": ""Low""}, ""call_outcome"": {""category"": ""Lost"", ""conclusion_notes"": ""The seller rejected the request for a single piece (Nahi).""}, ""call_purpose"": ""requirement"", ""all_languages"": [""Hindi"", ""English""], ""primary_language"": ""Hindi"", ""additional_details"": {""buyer_queries"": [{""query"": ""Is a single piece available?"", ""category"": ""Availability"", ""sequence"": 1}], ""seller_queries"": []}}, ""products"": [{""in_stock"": ""in stock"", ""product_name"": ""Earbuds"", ""specifications"": [], ""quantity_required"": {""unit"": ""piece"", ""value"": 1}, ""related_categories"": [{""name"": ""Bluetooth Earphone"", ""reason"": ""Earbuds are a type of bluetooth wireless earphone.""}, {""name"": ""Wireless Earphone"", ""reason"": ""Earbuds function wirelessly.""}], ""is_buyer_interested"": true, ""most_specific_category"": {""name"": ""Earbuds"", ""reason"": ""The buyer explicitly mentioned 'Earbuds' as his requirement.""}, ""seller_accepts_quantity"": false}], ""next_steps"": {""buyer_next_steps"": [], ""seller_next_steps"": []}, ""buyer_details"": {""buyer_name"": ""e444bd3bca2736f39ca65d53853891a6b0f553b8def766531fbbd6d1b8800521""}, ""seller_details"": {""seller_name"": ""5648c5cdca917f5ad7fdd4cc82847e24e893e6ed7adb8f43e3ac0839e066ddf6""}}",2026-07-29 02:58:25.120,148558373934,29/07/26
158212425,BUYER,84172,"{""lead_tag"": {""deal_blockers"": [{""detail"": ""Immediate language barrier as the seller does not speak the buyer's language"", ""category"": ""Other""}], ""deal_readiness"": ""Cold"", ""deal_readiness_reason"": ""Language barrier prevented any discussion about products or next steps as the seller only speaks Hindi/English.""}, ""metadata"": {""call_type"": {""type"": ""B2B"", ""reason"": ""The call is classified as B2B based on the IndiaMART platform context and buyer's intent to reach out to a distributor/manufacturer, though it was cut short by language issues."", ""evidence"": {""keywords"": [""Tamil Speaker"", ""Language Mismatch""]}}, ""buyer_intent"": {""narrative"": ""Buyer called to inquire about products but could only communicate in Tamil."", ""reasoning"": ""The buyer reached out regarding a requirement but the call was disconnected almost immediately due to a language barrier without any product discussion."", ""intent_level"": ""Low""}, ""call_outcome"": {""category"": ""Lost"", ""conclusion_notes"": ""Communication gap due to language barrier (Hindi English please talk to me in Hindi English)""}, ""call_purpose"": ""requirement"", ""all_languages"": [""Tamil"", ""English""], ""primary_language"": ""English"", ""additional_details"": {""buyer_queries"": [{""query"": ""The buyer initiated the call and attempted to communicate in Tamil."", ""category"": ""Other"", ""sequence"": 1}], ""seller_queries"": [{""query"": ""Do you speak Hindi or English?"", ""category"": ""Other"", ""sequence"": 2}]}}, ""products"": [], ""next_steps"": {""buyer_next_steps"": [], ""seller_next_steps"": []}, ""buyer_details"": {""buyer_name"": ""0dca5530fc2854fd83ff8c4f8ac0a4640aab9fd66335fc00faf2eba99c6e5ea2"", ""buyer_mobile_number"": ""feb4993f851dfdb6f74d67564d4233652568f6f7d07764a978a194448c8cd658""}, ""seller_details"": {""seller_name"": ""8b802b8514f8cb636fd5d4940fb4eeecd620ac3f9292c0a1e6a016bfb16101a7""}}",2026-07-29 02:56:24.262,148564516667,29/07/26
133999458,BUYER,33567,"{""lead_tag"": {""deal_blockers"": [{""detail"": ""Seller did not provide direct pricing or product details; redirected buyer to another contact."", ""category"": ""Other""}], ""deal_readiness"": ""Warm"", ""deal_readiness_reason"": ""Buyer has specified requirements (3 Phase, 3HP) and is waiting for a contact number to proceed.""}, ""metadata"": {""call_type"": {""type"": ""B2C"", ""reason"": ""The buyer's requirement for a single unit and direct application indicates a B2C interaction for personal or small-scale use."", ""evidence"": {""keywords"": [""3 Phase"", ""3HP"", ""Motor Starter""], ""order_type"": [""one-time""], ""repeat_buyer"": false, ""buyer_persona"": {""persona_category"": ""end_consumer""}, ""quantity_scale"": ""Low""}}, ""buyer_intent"": {""narrative"": ""The buyer is looking for a 3-phase, 3HP motor starter for use in Patna and needs one unit."", ""reasoning"": ""The buyer provided specific technical requirements (3-phase, 3HP) and location-specific queries."", ""intent_level"": ""High""}, ""call_outcome"": {""category"": ""Follow-up"", ""conclusion_notes"": ""The seller promised to share a contact number for the buyer to get further details (Number send kar dijiyega).""}, ""call_purpose"": ""requirement"", ""all_languages"": [""Hindi"", ""English""], ""primary_language"": ""Hindi"", ""additional_details"": {""buyer_queries"": [{""query"": ""Is a 3-phase, 3HP motor starter available?"", ""category"": ""Availability"", ""sequence"": 1}, {""query"": ""Is it available in Patna?"", ""category"": ""Location"", ""sequence"": 3}, {""query"": ""Which brand is it?"", ""category"": ""Specifications"", ""sequence"": 4}, {""query"": ""What is the price?"", ""category"": ""Pricing"", ""sequence"": 6}], ""seller_queries"": [{""query"": ""Where are you calling from?"", ""category"": ""Location"", ""sequence"": 2}, {""query"": ""How many pieces do you need?"", ""category"": ""Quantity"", ""sequence"": 3}]}}, ""products"": [{""in_stock"": ""in stock"", ""product_name"": ""3 Phase Motor Starter"", ""specifications"": [{""name"": ""Phase"", ""value"": ""3"", ""buyer_requested"": true, ""seller_mentioned"": false}, {""name"": ""Capacity"", ""unit"": ""HP"", ""value"": ""3"", ""buyer_requested"": true, ""seller_mentioned"": false}], ""quantity_required"": {""unit"": ""piece"", ""value"": 1}, ""related_categories"": [{""name"": ""Motor Starter"", ""reason"": ""The product is a type of motor starter.""}, {""name"": ""Starters"", ""reason"": ""It falls under the broader category of electrical starters.""}], ""is_buyer_interested"": true, ""most_specific_category"": {""name"": ""3 Phase Motor Starter"", ""reason"": ""The buyer explicitly requested a 3-phase starter.""}, ""seller_accepts_quantity"": true}], ""next_steps"": {""buyer_next_steps"": [""To contact the person on the number provided by the seller.""], ""seller_next_steps"": [""To share the contact number with the buyer via message.""]}, ""buyer_details"": {""buyer_name"": ""9671f8128b2f7094c2444768179788f3407169683a33d8bcb5db7250fbdc36d8""}, ""seller_details"": {""seller_location"": {""seller_city"": ""Patna""}}}",2026-07-29 02:53:25.149,148564138967,29/07/26
4289300,BUYER,215772,"{""payment"": {}, ""callback"": ""callback by Tomorrow Morning - To discuss requirements (Kal subah phone karta hoon)"", ""lead_tag"": {""deal_blockers"": [], ""deal_readiness"": ""Warm"", ""deal_readiness_reason"": ""Specific brand and model mentioned, ready to share requirements on WhatsApp.""}, ""metadata"": {""call_type"": {""type"": ""B2B"", ""reason"": ""The buyer is inquiring about a specialized medical device (AED), which is typically a B2B or institutional purchase for clinics, offices, or public spaces."", ""evidence"": {""keywords"": [""AED Machine"", ""Medical Device""], ""order_type"": [""commercial""], ""buyer_persona"": {""persona_detail"": ""Medical Equipment Buyer"", ""persona_category"": ""other""}}}, ""buyer_intent"": {""narrative"": ""Wants to purchase a Philips Heartstart FRx AED machine."", ""reasoning"": ""Buyer specifically mentioned the brand and model of the defibrillator."", ""intent_level"": ""High""}, ""call_outcome"": {""category"": ""Follow-up"", ""conclusion_notes"": ""Buyer will send requirements on WhatsApp (Aap WhatsApp kar do, main reply kar dunga)""}, ""call_purpose"": ""requirement"", ""all_languages"": [""Hindi"", ""English""], ""primary_language"": ""Hindi"", ""additional_details"": {""buyer_queries"": [{""query"": ""What is your WhatsApp number?"", ""category"": ""Other"", ""sequence"": 1}], ""seller_queries"": [{""query"": ""What do you need?"", ""category"": ""Specifications"", ""sequence"": 2, ""answer_by_buyer"": ""I need a Philips Heartstart FRx AED machine.""}]}, ""intended_application"": ""Emergency Medical Response""}, ""products"": [{""price"": {}, ""in_stock"": ""in stock"", ""product_name"": ""Philips Heartstart FRx AED Machine"", ""specifications"": [{""name"": ""Brand"", ""value"": ""Philips"", ""buyer_requested"": true, ""seller_mentioned"": false}, {""name"": ""Model"", ""value"": ""Heartstart FRx"", ""buyer_requested"": true, ""seller_mentioned"": false}], ""related_categories"": [{""name"": ""Automated External Defibrillator"", ""reason"": ""The product is an AED (Automated External Defibrillator).""}, {""name"": ""Defibrillators"", ""reason"": ""General category for heart restart machines.""}], ""is_buyer_interested"": true, ""most_specific_category"": {""name"": ""Philips Defibrillators"", ""reason"": ""The buyer explicitly asked for Philips Heartstart FRx.""}}], ""next_steps"": {""buyer_next_steps"": [""To share requirements on WhatsApp"", ""To call back tomorrow morning""], ""seller_next_steps"": [""To share product details and pricing once requirement is received""]}, ""buyer_details"": {""buyer_name"": ""82d67710b3e2d59ab8cdb2248f83f9717162ad6d6e7cf800bcde114593986711""}, ""seller_details"": {}}",2026-07-29 02:53:23.887,148564375252,29/07/26
272452501,BUYER,3179,"{""payment"": {}, ""callback"": """", ""lead_tag"": {""deal_blockers"": [{""detail"": ""Product has been banned and production stopped"", ""category"": ""Availability""}], ""deal_readiness"": ""Cold"", ""deal_readiness_reason"": ""The required product is banned and no longer manufactured, and no alternative was agreed upon.""}, ""metadata"": {""call_type"": {""type"": ""B2C"", ""reason"": ""The buyer is looking for a very small quantity (1 litre) for personal use, characteristic of B2C transactions."", ""evidence"": {""order_type"": [""one-time""], ""repeat_buyer"": false, ""buyer_persona"": {""persona_category"": ""end_consumer""}, ""quantity_scale"": ""Low""}}, ""buyer_intent"": {""narrative"": ""Wants 1 litre of Monocil but the product is banned."", ""reasoning"": ""The buyer specifically asked for a banned product and did not show interest in alternatives after being informed about the ban."", ""intent_level"": ""Low""}, ""call_outcome"": {""category"": ""Lost"", ""conclusion_notes"": ""Product is banned and production has stopped (Bandi ho gayi na, banni band ho gayi, ban ho gayi thi na).""}, ""call_purpose"": ""requirement"", ""all_languages"": [""Hindi"", ""English""], ""primary_language"": ""Hindi"", ""additional_details"": {""buyer_queries"": [{""query"": ""Do you have Monocil?"", ""category"": ""Availability"", ""sequence"": 1}, {""query"": ""When will it be available?"", ""category"": ""Availability"", ""sequence"": 3}, {""query"": ""Which other product can be used instead of Monocil?"", ""category"": ""Specifications"", ""sequence"": 5}], ""seller_queries"": [{""query"": ""How much do you need?"", ""category"": ""Quantity"", ""sequence"": 2}]}, ""intended_application"": ""Agricultural Use""}, ""products"": [{""in_stock"": ""not sold"", ""product_name"": ""Monocil"", ""specifications"": [{""name"": ""Brand"", ""value"": ""Monocil"", ""buyer_requested"": true, ""seller_mentioned"": false}], ""quantity_required"": {""unit"": ""litre"", ""value"": 1}, ""related_categories"": [{""name"": ""Insecticides"", ""reason"": ""Monocil is a type of insecticide used in agriculture.""}, {""name"": ""Agricultural Pesticides"", ""reason"": ""It is used for pest control in farming.""}], ""is_buyer_interested"": true, ""most_specific_category"": {""name"": ""Monocrotophos Insecticide"", ""reason"": ""The buyer specifically requested Monocil, which is a brand name for Monocrotophos.""}, ""seller_accepts_quantity"": true}], ""next_steps"": {""buyer_next_steps"": [], ""seller_next_steps"": []}, ""buyer_details"": {""buyer_name"": ""ef260e9aa3c673af240d17a2660480361a8e081d1ffeca2a5ed0e3219fc18567""}, ""seller_details"": {}}",2026-07-29 02:50:52.259,148564143585,29/07/26
139119174,BUYER,158139,"{""payment"": {}, ""callback"": """", ""lead_tag"": {""deal_blockers"": [], ""deal_readiness"": ""Warm"", ""deal_readiness_reason"": ""Buyer has clarified technical specifications and location for a 1-bundle requirement""}, ""metadata"": {""call_type"": {""type"": ""B2C"", ""reason"": ""The buyer's requirement is for a single bundle, indicating small-scale personal or local project use rather than bulk B2B commercial inventory"", ""evidence"": {""keywords"": [""Anti termite pipe""], ""order_type"": [""one-time""], ""repeat_buyer"": false, ""buyer_persona"": {""persona_category"": ""end_consumer""}, ""quantity_scale"": ""Low""}}, ""buyer_intent"": {""narrative"": ""Wants to purchase 1 bundle of termite treatment pipe in Hazaribagh"", ""reasoning"": ""Buyer specifies sizes (16mm, 12mm) and quantity (1 bundle), showing clear intent despite being a small scale retail order"", ""intent_level"": ""Medium""}, ""call_outcome"": {""category"": ""Follow-up"", ""conclusion_notes"": ""Seller will share details via team (Team ko deta hoon number, detail bhej denge)""}, ""call_purpose"": ""requirement"", ""all_languages"": [""Hindi"", ""English""], ""primary_language"": ""Hindi"", ""additional_details"": {""buyer_queries"": [{""query"": ""Do you have anti-termite soil treatment pipes?"", ""category"": ""Specifications"", ""sequence"": 1}, {""query"": ""What are the rates for these pipes?"", ""category"": ""Pricing"", ""sequence"": 2}, {""query"": ""What are the rates for 16mm, 14mm, and 12mm pipes?"", ""category"": ""Pricing"", ""sequence"": 3}], ""seller_queries"": [{""query"": ""Which quality do you need? 16mm, 14mm, or 12mm?"", ""category"": ""Specifications"", ""sequence"": 4}, {""query"": ""What quantity do you need?"", ""category"": ""Quantity"", ""sequence"": 5}, {""query"": ""Where are you located?"", ""category"": ""Location"", ""sequence"": 6}, {""query"": ""What is your name?"", ""category"": ""Other"", ""sequence"": 7}]}, ""intended_application"": ""Anti Termite Treatment""}, ""products"": [{""in_stock"": ""in stock"", ""product_name"": ""Anti Termite Soil Treatment Pipe"", ""specifications"": [{""name"": ""Diameter"", ""unit"": ""mm"", ""value"": ""16"", ""buyer_requested"": true, ""seller_mentioned"": true}, {""name"": ""Diameter"", ""unit"": ""mm"", ""value"": ""14"", ""buyer_requested"": true, ""seller_mentioned"": true}, {""name"": ""Diameter"", ""unit"": ""mm"", ""value"": ""12"", ""buyer_requested"": true, ""seller_mentioned"": true}], ""quantity_required"": {""unit"": ""bundle"", ""value"": 1}, ""related_categories"": [{""name"": ""Porous Pipe"", ""reason"": ""Termite treatment pipes are often porous for chemical release""}], ""is_buyer_interested"": true, ""most_specific_category"": {""name"": ""Anti Termite Soil Treatment"", ""reason"": ""The buyer explicitly asks for 'termite pipe' which is used for soil treatment""}, ""seller_accepts_quantity"": true}], ""next_steps"": {""buyer_next_steps"": [""To receive product details from the seller's team""], ""seller_next_steps"": [""To share product and price details through the sales team""]}, ""buyer_details"": {""buyer_name"": ""883e9295d2cd773a4c26a46e43f3d27d7546e87f0be7f1d400812fe59b82122a"", ""buyer_location"": {""buyer_city"": ""Hazaribagh""}}, ""seller_details"": {""seller_name"": ""45fab2fd52dcaa7d97b18a1762af1f2d63d2e54b607521ed83768317c7b3257c""}}",2026-07-29 02:47:53.296,148564160946,29/07/26
59330991,BUYER,183527,"{""callback"": ""callback by Today - To discuss final price and order (Aaj call karta hoon)"", ""lead_tag"": {""deal_blockers"": [], ""deal_readiness"": ""Hot"", ""deal_readiness_reason"": ""The buyer has a specific requirement and is actively discussing pricing and delivery details for immediate purchase. ""}, ""metadata"": {""call_type"": {""type"": ""B2C"", ""reason"": ""The buyer is purchasing 1000-liter water tanks for a specific property, but the quantity is low, suggesting a B2C context. However, with two large tanks, it could also be for small commercial use."", ""evidence"": {""keywords"": [""Self-cleaning"", ""Four-layer"", ""Water tank with stand""], ""order_type"": [""commercial""], ""repeat_buyer"": false, ""quantity_scale"": ""Low""}}, ""buyer_intent"": {""narrative"": ""Wants two 1000-liter four-layer self-cleaning water tanks with stands for installation in Coimbatore."", ""reasoning"": ""The buyer asked detailed questions about pricing, availability of specific sizes, and installation procedures, indicating a serious intent to purchase."", ""intent_level"": ""High""}, ""call_outcome"": {""category"": ""Follow-up"", ""conclusion_notes"": ""The buyer will call back after checking details (Aaj call karta hoon).""}, ""call_purpose"": ""requirement"", ""all_languages"": [""Tamil""], ""primary_language"": ""Tamil"", ""additional_details"": {""buyer_queries"": [{""query"": ""Does the water tank have four layers and a stand?"", ""category"": ""Specifications"", ""sequence"": 1, ""answer_by_seller"": ""Yes, it is a four-layer tank with a three-foot stand.""}, {""query"": ""What is the price for a 1000-liter tank?"", ""category"": ""Pricing"", ""sequence"": 2, ""answer_by_seller"": ""A 1000-liter tank with a stand costs 18,000 rupees. I can give it for 17,000 rupees.""}, {""query"": ""Do you have a 500-liter tank?"", ""category"": ""Availability"", ""sequence"": 3, ""answer_by_seller"": ""No, we only have 1000-liter tanks because the cost of the stand would be too high for a 500-liter one.""}, {""query"": ""How will the tank be delivered and installed on the first floor?"", ""category"": ""Delivery"", ""sequence"": 4, ""answer_by_seller"": ""We will deliver the tank and stand separately. You will need a plumber to install it on the first floor.""}], ""seller_queries"": [{""query"": ""Where are you located?"", ""category"": ""Location"", ""sequence"": 5, ""answer_by_buyer"": ""I am from Thudiyalur.""}, {""query"": ""How many tanks do you need?"", ""category"": ""Quantity"", ""sequence"": 6, ""answer_by_buyer"": ""I need two tanks.""}]}}, ""products"": [{""price"": {""value"": 17000, ""currency"": ""INR"", ""price_unit"": ""piece"", ""buyer_price_reaction"": {""quote"": ""Thoda kam karo"", ""category"": ""Negotiating""}}, ""in_stock"": ""in stock"", ""product_name"": ""Aquaflo four-tier water tank (1000 liters)"", ""specifications"": [{""name"": ""Capacity"", ""unit"": ""liters"", ""value"": ""1000"", ""buyer_requested"": true, ""seller_mentioned"": true}, {""name"": ""Layers"", ""value"": ""4"", ""buyer_requested"": false, ""seller_mentioned"": true}, {""name"": ""Stand Height"", ""unit"": ""feet"", ""value"": ""3"", ""buyer_requested"": false, ""seller_mentioned"": true}, {""name"": ""Brand"", ""value"": ""Aquaflo"", ""buyer_requested"": false, ""seller_mentioned"": true}], ""quantity_required"": {""unit"": ""pieces"", ""value"": 2}, ""related_categories"": [{""name"": ""Water Storage Tanks"", ""reason"": ""It is used for storing water.""}, {""name"": ""Vertical Storage Tank"", ""reason"": ""The tank is designed for vertical placement with a stand.""}], ""is_buyer_interested"": true, ""most_specific_category"": {""name"": ""Plastic Water Tank"", ""reason"": ""The product is a four-layer plastic water storage tank.""}, ""seller_accepts_quantity"": true}, {""in_stock"": ""not sold"", ""product_name"": ""Plastic Water Tank (500 liters)"", ""specifications"": [{""name"": ""Capacity"", ""unit"": ""liters"", ""value"": ""500"", ""buyer_requested"": true, ""seller_mentioned"": true}], ""quantity_required"": {""unit"": ""piece"", ""value"": 1}, ""is_buyer_interested"": false, ""most_specific_category"": {""name"": ""Plastic Water Tank"", ""reason"": ""The buyer inquired about a 500-liter version of the plastic tank.""}}], ""next_steps"": {""buyer_next_steps"": [""To call back and confirm the order""], ""seller_next_steps"": [""To provide further details if requested""]}, ""buyer_details"": {""buyer_name"": ""334a84c943bbeb1ce10363a7e09bd7c09153f5e5cb155cd6731f658f4a55a441"", ""buyer_mobile_number"": ""eb33fce65c11cd1eb2457611e52a3afef10b09d6f6aa231b489607ff4370d003""}, ""seller_details"": {""seller_name"": ""8254c329a92850f6d539dd376f4816ee2764517da5e0235514af433164480d7a""}}",2026-07-29 02:47:17.995,148564109063,29/07/26
87440480,BUYER,442999,"{""callback"": ""callback by Tomorrow 10 AM - To discuss TATA Ace pricing and details (Kal subah 10 baje call karein details ke liye)"", ""lead_tag"": {""deal_blockers"": [], ""deal_readiness"": ""Warm"", ""deal_readiness_reason"": ""Interested in TATA Ace and agreed to discuss details tomorrow morning.""}, ""metadata"": {""call_type"": {""type"": ""B2B"", ""reason"": ""The buyer is inquiring about a TATA Ace, which is a commercial vehicle typically used for small scale logistics or B2B transportation services."", ""evidence"": {""keywords"": [""TATA Ace"", ""Commercial Vehicle""], ""order_type"": [""commercial""], ""buyer_persona"": {""persona_detail"": ""Commercial Vehicle User"", ""persona_category"": ""other""}, ""quantity_scale"": ""Low""}}, ""buyer_intent"": {""narrative"": ""Seeking a TATA Ace van for business or commercial use."", ""reasoning"": ""The buyer specifically inquired about TATA Ace availability and mentioned previous vehicle values, indicating familiarity with commercial vehicles."", ""intent_level"": ""Medium""}, ""call_outcome"": {""category"": ""Follow-up"", ""conclusion_notes"": ""Agreed to talk tomorrow at 10 AM for further details (Kal 10 baje baat karte hain)""}, ""call_purpose"": ""requirement"", ""all_languages"": [""Hindi"", ""Punjabi""], ""primary_language"": ""Hindi"", ""additional_details"": {""buyer_queries"": [{""query"": ""Is TATA Ace available?"", ""category"": ""Specifications"", ""sequence"": 1}], ""seller_queries"": [{""query"": ""Can we talk tomorrow morning at 10 AM?"", ""category"": ""Other"", ""sequence"": 2}]}, ""intended_application"": ""Commercial Transport""}, ""products"": [{""in_stock"": ""in stock"", ""product_name"": ""TATA Ace"", ""related_categories"": [{""name"": ""Delivery Van"", ""reason"": ""TATA Ace is widely used as a delivery van for cargo movement.""}, {""name"": ""Passenger Vehicle"", ""reason"": ""Some variants are used for passenger transport.""}], ""is_buyer_interested"": true, ""most_specific_category"": {""name"": ""TATA Van"", ""reason"": ""The inquiry is specifically for a TATA Ace, which fits under TATA's range of small commercial vans.""}}], ""next_steps"": {""buyer_next_steps"": [""To call back at 10 AM tomorrow to discuss vehicle details""], ""seller_next_steps"": [""To provide pricing and specifications for TATA Ace during the scheduled call""]}, ""buyer_details"": {""buyer_name"": ""af674ed66a726918583170c53c585b02055e388d07642154616e10d0bd04fc63""}, ""seller_details"": {""seller_name"": ""81e5321dd0570e2ee4ceedde4f8b28b1efc4ba4db47ba91cc1babac5eb0f2f4a""}}",2026-07-29 02:47:06.706,148564035934,29/07/26
239111376,BUYER,2475,"{""callback"": ""callback by Today in 10 minutes - To discuss JSW TMT Bars availability (10 minute baad aaenge tab baat karvate hain)"", ""lead_tag"": {""deal_blockers"": [], ""deal_readiness"": ""Warm"", ""deal_readiness_reason"": ""The individual representing the seller promised a callback within 10 minutes once the main contact person returns.""}, ""metadata"": {""call_type"": {""type"": ""B2B"", ""reason"": ""The inquiry is for a specific brand of construction material (JSW TMT Bars), typical for building projects."", ""evidence"": {""keywords"": [""JSW""], ""order_type"": [""commercial""]}}, ""buyer_intent"": {""narrative"": ""Looking for JSW TMT bars."", ""reasoning"": ""Specific brand inquiry for JSW TMT bars but quantity was not discussed as the primary contact person was unavailable."", ""intent_level"": ""Medium""}, ""call_outcome"": {""category"": ""Follow-up"", ""conclusion_notes"": ""Callback scheduled in 10 minutes once the main contact returns (10 minute baad aaenge... call back karne ke liye bol denge)""}, ""call_purpose"": ""requirement"", ""all_languages"": [""Hindi""], ""primary_language"": ""Hindi"", ""additional_details"": {""buyer_queries"": [{""query"": ""Do you have JSW TMT bars available?"", ""category"": ""Availability"", ""sequence"": 1, ""answer_by_seller"": ""The person who manages this will be back in 10 minutes; he can confirm then.""}], ""seller_queries"": []}}, ""products"": [{""in_stock"": ""in stock"", ""product_name"": ""JSW TMT Bar (Sariya)"", ""specifications"": [], ""related_categories"": [{""name"": ""TMT Steel Bars"", ""reason"": ""TMT bars are the fundamental category for steel reinforcement rods used in construction.""}, {""name"": ""JSW Neosteel"", ""reason"": ""JSW brand is explicitly mentioned.""}], ""is_buyer_interested"": true, ""most_specific_category"": {""name"": ""JSW Neosteel TMT Bars"", ""reason"": ""Buyer specifically asked for JSW TMT bars (JSW ka sariya).""}}, {""in_stock"": ""in stock"", ""product_name"": ""JSW Rod (Rod)"", ""specifications"": [], ""related_categories"": [{""name"": ""Iron Steel Bar"", ""reason"": ""TMT rods are a type of iron steel bars used in construction.""}], ""is_buyer_interested"": true, ""most_specific_category"": {""name"": ""JSW Neosteel TMT Bars"", ""reason"": ""Buyer specifically asked for JSW TMT bars (JSW ka sariya).""}}], ""next_steps"": {""buyer_next_steps"": [""To wait for a callback from the seller's main contact person""], ""seller_next_steps"": [""To have the main contact person call back in 10 minutes to discuss JSW TMT bars availability""]}, ""buyer_details"": {""buyer_name"": ""8e38913c1ccc17a83802102e4608151b3cd753cf007e6518ac6ce806dc61c328""}, ""seller_details"": {}}",2026-07-29 02:46:40.495,148564420375,29/07/26
126355556,BUYER,139828,"{""callback"": ""callback by Monday 1 PM - To confirm registration and RC card (Somvar dopahar 1 baje call karta hoon)"", ""lead_tag"": {""deal_blockers"": [{""detail"": ""Product registration not provided"", ""category"": ""Availability""}], ""deal_readiness"": ""Cold"", ""deal_readiness_reason"": ""Buyer expressed concern regarding the lack of RC card/registration and the call ended without further commitment or next steps.""}, ""metadata"": {""call_type"": {""type"": ""B2C"", ""reason"": ""The call was regarding a single unit requirement for a tractor compressor."", ""evidence"": {""keywords"": [""Tractor Compressor""], ""order_type"": [""one-time""], ""repeat_buyer"": false, ""quantity_scale"": ""Low""}}, ""buyer_intent"": {""narrative"": ""Interested in a tractor compressor but concerned about technical registration/documentation."", ""reasoning"": ""The buyer specifically inquired about registration/RC details and was hesitant after finding out it doesn't have such documentation."", ""intent_level"": ""Low""}, ""call_outcome"": {""category"": ""Lost"", ""conclusion_notes"": ""The buyer was concerned about the lack of registration for the tractor compressor and the conversation ended without further engagement (Maal ka registration nahi hai isliye interest khatam ho gaya).""}, ""call_purpose"": ""requirement"", ""all_languages"": [""Hindi"", ""Kannada""], ""primary_language"": ""Hindi"", ""additional_details"": {""buyer_queries"": [{""query"": ""Does it include an RC card or registration?"", ""category"": ""Specifications"", ""sequence"": 1}, {""query"": ""What should I do if the police stop me since it has no registration?"", ""category"": ""Other"", ""sequence"": 2}], ""seller_queries"": []}}, ""products"": [{""in_stock"": ""in stock"", ""product_name"": ""Tractor Compressor (trolly-वाला compressor)"", ""specifications"": [{""name"": ""Registration"", ""value"": ""No"", ""buyer_requested"": true, ""seller_mentioned"": true}, {""name"": ""RC Card"", ""value"": ""No"", ""buyer_requested"": true, ""seller_mentioned"": true}], ""related_categories"": [{""name"": ""Air Compressor"", ""reason"": ""Tractor-mounted compressors are a specialized type of industrial air compressors.""}], ""is_buyer_interested"": true, ""most_specific_category"": {""name"": ""Tractor Mounted Air Compressor"", ""reason"": ""The buyer specifically mentioned needing a tractor mounted air compressor.""}}], ""next_steps"": {""buyer_next_steps"": [], ""seller_next_steps"": []}, ""buyer_details"": {""buyer_name"": ""372fb41298889bc4df223a601cf4475407cdeae0938692ae018737ec1335190b""}, ""seller_details"": {""seller_name"": ""745c136050eb110c8cd98f02bffca1590e8e12beeed2546524044f7e5e43080b""}}",2026-07-29 02:46:38.938,148563936395,29/07/26
223489262,BUYER,4011,"{""callback"": ""callback by Tomorrow 10 AM - To discuss specifications in Marathi (Marathi mein samjhane ke liye kal dus baje call kijiye)"", ""lead_tag"": {""deal_blockers"": [], ""deal_readiness"": ""Warm"", ""deal_readiness_reason"": ""Buyer is interested but requires a Marathi-speaker and will take further action after a callback tomorrow.""}, ""metadata"": {""call_type"": {""type"": ""B2B"", ""reason"": ""The call originated from a B2B lead generation platform, indicating a commercial requirement, though specific quantity was not yet discussed."", ""evidence"": {""order_type"": [""commercial""], ""repeat_buyer"": false, ""buyer_persona"": {""persona_category"": ""other""}}}, ""buyer_intent"": {""narrative"": ""Buyer is looking for conveyor products but prefers to speak in Marathi for better understanding."", ""reasoning"": ""The buyer initiated the call through a B2B platform but was hesitant to proceed due to a language barrier, requesting a callback when a Marathi speaker is available."", ""intent_level"": ""Medium""}, ""call_outcome"": {""category"": ""Follow-up"", ""conclusion_notes"": ""A callback is scheduled for tomorrow as the buyer prefers to speak in Marathi (Marathi mein chahiye mujhe)""}, ""call_purpose"": ""requirement"", ""all_languages"": [""Marathi"", ""Hindi"", ""English""], ""primary_language"": ""Marathi"", ""additional_details"": {""buyer_queries"": [{""query"": ""Where have I called?"", ""category"": ""Location"", ""sequence"": 1}], ""seller_queries"": []}}, ""products"": [{""product_name"": ""Conveyor Belt [Buyer reference]"", ""related_categories"": [{""name"": ""Rubber Conveyor Belt"", ""reason"": ""Standard industrial category for conveyor products.""}], ""is_buyer_interested"": true, ""most_specific_category"": {""name"": ""Conveyor Belt"", ""reason"": ""The buyer contacted a seller specialized in conveyor systems and components.""}}], ""next_steps"": {""buyer_next_steps"": [""To take the call tomorrow at 10 AM""], ""seller_next_steps"": [""To call back tomorrow at 10 AM with a Marathi-speaking representative""]}, ""buyer_details"": {""buyer_name"": ""fd17320a4c84af82203348c9cf843439e7ca5871c4ed7ff4d4935f9721068832""}, ""seller_details"": {""seller_name"": ""92a32f859b85960e39603cc77f87dcaf9991a09e13be525031245607873855bb"", ""seller_location"": {""seller_city"": ""Ahmedabad""}}}",2026-07-29 02:45:57.203,148564810459,29/07/26
134272578,BUYER,11878,"{""payment"": {}, ""callback"": ""callback by Today 2:30 PM - Imad will call back to discuss pricing (Imad call karega abhi 2:30 baje)"", ""lead_tag"": {""deal_blockers"": [{""detail"": ""The buyer is already sourcing from elsewhere and wants a more competitive rate"", ""category"": ""Price""}], ""deal_readiness"": ""Warm"", ""deal_readiness_reason"": ""The buyer has a bulk recurring requirement but the next step is dependent on a callback from the seller team to finalize pricing""}, ""metadata"": {""call_type"": {""type"": ""B2B"", ""reason"": ""The buyer represents Tiwari Enterprises and requires a recurring bulk quantity of 1 ton twice a month for commercial use."", ""evidence"": {""keywords"": [""Recurring Orders"", ""Bulk Requirement"", ""Leakproof""], ""order_type"": [""bulk"", ""recurring"", ""commercial""], ""repeat_buyer"": true, ""buyer_persona"": {""persona_detail"": ""Tiwari Enterprises"", ""persona_category"": ""retailer""}, ""quantity_scale"": ""High""}}, ""buyer_intent"": {""narrative"": ""The buyer requires 1-1.2 tons of leakproof garbage bags monthly for their company in Faridabad."", ""reasoning"": ""The buyer specified exact sizes, colors, material types, and a recurring bulk quantity (1 ton twice a month)."", ""intent_level"": ""High""}, ""call_outcome"": {""category"": ""Follow-up"", ""conclusion_notes"": ""The seller's team member, Imad, will call the buyer by 2:30 PM today to discuss pricing and next steps (Imad abhi 2:30 baje call karega).""}, ""call_purpose"": ""requirement"", ""all_languages"": [""Hindi"", ""English""], ""primary_language"": ""Hindi"", ""additional_details"": {""buyer_queries"": [{""query"": ""What is the price for the garbage bags?"", ""category"": ""Pricing"", ""sequence"": 2, ""answer_by_seller"": ""The seller quoted 63 rupees per kg for black bags and 67 rupees per kg for colored ones.""}, {""query"": ""Can you make the price more reasonable given our recurring bulk requirement?"", ""category"": ""Other"", ""sequence"": 3, ""answer_by_seller"": ""The seller confirmed that they have a team member who will call back to finalize the details including the discounted price.""}], ""seller_queries"": [{""query"": ""How much quantity do you need?"", ""category"": ""Quantity"", ""sequence"": 1}]}, ""intended_application"": ""Commercial Waste Management""}, ""products"": [{""price"": {""value"": 63, ""currency"": ""INR"", ""price_unit"": ""kg"", ""negotiation_notes"": ""The buyer requested a lower price since they have a recurring monthly requirement of 2 tons."", ""buyer_price_reaction"": {""quote"": ""Thoda isme reasonable karein"", ""category"": ""Negotiating""}}, ""in_stock"": ""in stock"", ""product_name"": ""Black Garbage Bag"", ""specifications"": [{""name"": ""Color"", ""value"": ""Black"", ""buyer_requested"": false, ""seller_mentioned"": true}, {""name"": ""Type"", ""value"": ""Leakproof"", ""buyer_requested"": true, ""seller_mentioned"": false}, {""name"": ""Thickness"", ""value"": ""Thick"", ""buyer_requested"": true, ""seller_mentioned"": false}, {""name"": ""Size"", ""unit"": ""inch"", ""value"": ""20x24"", ""buyer_requested"": true, ""seller_mentioned"": false}, {""name"": ""Size Option 2"", ""unit"": ""inch"", ""value"": ""35x45"", ""buyer_requested"": true, ""seller_mentioned"": false}], ""quantity_required"": {""unit"": ""kg"", ""value"": 1000}, ""related_categories"": [{""name"": ""Garbage and Waste Bags"", ""reason"": ""These are used for waste disposal.""}, {""name"": ""Bin Bag"", ""reason"": ""Designed for lining dustbins.""}], ""is_buyer_interested"": true, ""most_specific_category"": {""name"": ""Plastic Garbage Bag"", ""reason"": ""The buyer specifically requested thick, leakproof garbage bags in various colors and sizes.""}, ""seller_accepts_quantity"": true}, {""price"": {""value"": 67, ""currency"": ""INR"", ""price_unit"": ""kg"", ""negotiation_notes"": ""Buyer is comparing prices from current suppliers."", ""buyer_price_reaction"": {""quote"": ""Thoda isme reasonable karein"", ""category"": ""Negotiating""}}, ""in_stock"": ""in stock"", ""product_name"": ""Colored Garbage Bag (Blue, Green)"", ""specifications"": [{""name"": ""Color"", ""value"": ""Blue"", ""buyer_requested"": true, ""seller_mentioned"": true}, {""name"": ""Color 2"", ""value"": ""Green"", ""buyer_requested"": true, ""seller_mentioned"": true}, {""name"": ""Size"", ""unit"": ""inch"", ""value"": ""35x45"", ""buyer_requested"": true, ""seller_mentioned"": false}, {""name"": ""Type"", ""value"": ""Leakproof"", ""buyer_requested"": true, ""seller_mentioned"": false}], ""quantity_required"": {""unit"": ""kg"", ""value"": 1000}, ""related_categories"": [{""name"": ""Garbage and Waste Bags"", ""reason"": ""General waste disposal category.""}, {""name"": ""Disposable Garbage Bags"", ""reason"": ""Intended for single use waste management.""}], ""is_buyer_interested"": true, ""most_specific_category"": {""name"": ""Plastic Garbage Bag"", ""reason"": ""Large sized leakproof garbage bags for commercial waste disposal.""}, ""seller_accepts_quantity"": true}], ""next_steps"": {""buyer_next_steps"": [""To receive the callback from the seller's team member Imad at 2:30 PM to finalize pricing.""], ""seller_next_steps"": [""To have Imad call the buyer at 2:30 PM to discuss the flexible pricing and contract terms.""]}, ""buyer_details"": {""buyer_name"": ""05d08de271d2773a504b3a30f98df26cccda55689a8dc3514f55d3f247553d2b"", ""buyer_mobile_number"": ""9dafcb928d807ed1a7945bbe65cfd97c807839e94d6abbe83453f0387c1af653""}, ""seller_details"": {""seller_name"": ""8df3f78d03d2e7a4b62cb602cd632ff1107af815f9ff372b557e692b8587fd2b""}}",2026-07-29 02:45:20.722,148563950952,29/07/26
246899591,BUYER,165059,"{""payment"": {""payment_mode"": ""cash"", ""payment_details"": ""Seller offered split payment with half billing and half cash to reduce GST impact.""}, ""callback"": ""callback by Tomorrow 5 PM - To finalize potential purchase details (Kal 5 baje call karta hoon)"", ""lead_tag"": {""deal_blockers"": [{""detail"": ""Requested lower price without GST"", ""category"": ""Price""}], ""deal_readiness"": ""Warm"", ""deal_readiness_reason"": ""Buyer is interested in the cold lamination machine but is negotiating on price and GST terms.""}, ""metadata"": {""call_type"": {""type"": ""B2B"", ""reason"": ""The buyer is inquiring about a single unit of a lamination machine for their work, focusing on price and tax implications."", ""evidence"": {""keywords"": [""Cold Lamination"", ""25.5 inch"", ""GST billing""], ""order_type"": [""one-time""], ""repeat_buyer"": false, ""quantity_scale"": ""Low""}}, ""buyer_intent"": {""narrative"": ""Looking for a 25.5 inch cold lamination machine for business use."", ""reasoning"": ""Buyer specify the product type and size and is negotiating on GST and billing terms."", ""intent_level"": ""Medium""}, ""call_outcome"": {""category"": ""Follow-up"", ""conclusion_notes"": ""Buyer will follow up to finalize the pricing and delivery details (Theek hai check karke batata hoon).""}, ""call_purpose"": ""requirement"", ""all_languages"": [""Hindi"", ""English""], ""primary_language"": ""Hindi"", ""additional_details"": {""buyer_queries"": [{""query"": ""What is the price for the lamination machine?"", ""category"": ""Pricing"", ""sequence"": 1, ""answer_by_seller"": ""The machine is priced at 7000 plus GST.""}, {""query"": ""Can I get it without GST?"", ""category"": ""Pricing"", ""sequence"": 2, ""answer_by_seller"": ""I can do half billing on 3600 and the rest in cash, making the total 7648 including GST.""}, {""query"": ""Do you have 20 or 24 inch sizes available?"", ""category"": ""Specifications"", ""sequence"": 4, ""answer_by_seller"": ""25.5 inch is the smallest size I have available.""}], ""seller_queries"": [{""query"": ""Where are you calling from?"", ""category"": ""Location"", ""sequence"": 3, ""answer_by_buyer"": ""I am calling from Jharkhand.""}]}}, ""products"": [{""price"": {""gst"": {""value"": 18, ""details"": ""7000 plus GST standard, or split billing at 7648 total."", ""is_gst_included"": false}, ""value"": 7000, ""currency"": ""INR"", ""buyer_price_reaction"": {""quote"": ""Aur sasta hai kuch? (Is there anything cheaper?)"", ""category"": ""Negotiating""}}, ""in_stock"": ""in stock"", ""product_name"": ""Cold Lamination Machine"", ""specifications"": [{""name"": ""Size"", ""unit"": ""inch"", ""value"": ""25.5"", ""buyer_requested"": false, ""seller_mentioned"": true}, {""name"": ""Type"", ""value"": ""Cold"", ""buyer_requested"": true, ""seller_mentioned"": true}], ""quantity_required"": {""unit"": ""pieces"", ""value"": 1}, ""related_categories"": [{""name"": ""Lamination Machines"", ""reason"": ""General category for the specific laminating device.""}], ""is_buyer_interested"": true, ""most_specific_category"": {""name"": ""Cold Laminating Machine"", ""reason"": ""Specifically mentioned as a cold lamination machine during the call.""}, ""seller_accepts_quantity"": true}], ""next_steps"": {""buyer_next_steps"": [""To share pin code for delivery charge calculation"", ""To confirm final decision on the 25.5 inch model""], ""seller_next_steps"": [""To calculate courier charges based on pin code"", ""To provide banking details if finalized""]}, ""buyer_details"": {""buyer_name"": ""6eae3da2669d7a6fed771f82a257cef264ee752eb222af78351962a6da45c4c5""}, ""seller_details"": {""seller_name"": ""af4a400a2ceb7963a424d9cf3779175c8d258facf8a31ee8bc1949dc060e10e6"", ""seller_location"": {""seller_city"": ""Delhi""}}}",2026-07-29 02:44:43.123,148563907459,29/07/26
272452029,BUYER,11938,"{""callback"": ""callback by Tomorrow 5 PM - To finalized (Kal 5 baje call karta hoon)"", ""lead_tag"": {""deal_blockers"": [{""detail"": ""Only wholesale carton quantities available, buyer needs 200 pieces."", ""category"": ""MOQ""}], ""deal_readiness"": ""Cold"", ""deal_readiness_reason"": ""Wholesaler requirement for full carton purchase does not match the buyer's 200 piece limit for now. Individual interest confirmed but MOQ mismatch exists. (1-2 days decision window not explicitly given). No concrete next step agreed upon after the wholesaler's refusal for 200 units (other than the general 5 pm follow-up commit). Only researching for now. (Not 100% warm as a blocker was hit). Needs further discussion to see if buyer increases quantity or seller relaxes MOQ. High interest but mismatch present. Likely to be pending or lost if not resolved. Hence Cold/Pending. (Actually pending, but as per instructions warm requires concrete action/hot requires payment/order). Since no specific action was confirmed to resolve the MOQ mismatch, it's Cold/Pending. A 5 PM follow up was mentioned hence let's classify based on that. Buyer said 'I will call at 5 PM' but seller didn't say anything back to confirm. Hence Cold. (Correction: Let's follow the schema precisely). Deal readiness: Cold - Blocker on MOQ is absolute as per the wholesaler's response. No resolution path discussed yet. (Actually the seller mentioned the next action was a 5 PM call but the buyer just said 'ठीक है' to the MOQ issue initially.) Let's tag Cold as the blocker is present without resolution. (Reason: Wholesaler only sells by carton; buyer needs 200 pieces.) Let's keep it simple: Cold. Reasoning: Mismatch between buyer's 200-piece requirement and seller's wholesale carton constraint with no immediate resolution discussed. (Correction: High interest but the 5pm call is and external factor/research). Let's go with Cold due to MOQ mismatch. (Wait, let me just provide one sentence as requested). Deal readiness: Cold, deal_readiness_reason: Requirement for 200 pieces is below the minimum wholesale carton quantity offered by the seller.""}, ""metadata"": {""call_type"": {""type"": ""B2B"", ""reason"": ""The buyer is inquiring about purchasing 200 lighters for commercial use or resale, and the seller identifies as a wholesaler dealing only in carton quantities."", ""evidence"": {""order_type"": [""bulk"", ""commercial""], ""buyer_persona"": {""persona_category"": ""retailer""}, ""quantity_scale"": ""High""}}, ""buyer_intent"": {""narrative"": ""Buyer is looking for 200 pieces of stove lighters but the seller only deals in wholesale cartons."", ""reasoning"": ""The buyer specified a product (stove lighter) and a quantity (200 pieces), but encountered an MOQ issue as the seller only provides full cartons."", ""intent_level"": ""Medium""}, ""call_outcome"": {""category"": ""Follow-up"", ""conclusion_notes"": ""The buyer committed to calling back at 5 PM to discuss further (Kal 5 baje call karta hoon).""}, ""call_purpose"": ""requirement"", ""all_languages"": [""Hindi"", ""English""], ""primary_language"": ""Hindi"", ""additional_details"": {""buyer_queries"": [{""query"": ""Is the stove lighter available?"", ""category"": ""Availability"", ""sequence"": 1}, {""query"": ""Do we have to buy the full carton?"", ""category"": ""Quantity"", ""sequence"": 2}], ""seller_queries"": [{""query"": ""Which lighter do you want, stove lighter or kitchen lighter? (Stove lighter or kitchen lighter?)"", ""category"": ""Quantity"", ""sequence"": 3}]}, ""intended_application"": ""Retail Resale""}, ""products"": [{""in_stock"": ""in stock"", ""product_name"": ""Stove Lighter"", ""quantity_required"": {""unit"": ""pieces"", ""value"": 200}, ""related_categories"": [{""name"": ""LPG Appliances"", ""reason"": ""Stove lighters are used as accessories for LPG stoves.""}, {""name"": ""Electronic Gas Lighters"", ""reason"": ""Stove lighters of this type are often electronic/spark-based.""}], ""is_buyer_interested"": true, ""most_specific_category"": {""name"": ""Gas Lighters"", ""reason"": ""The call specifically discusses stove lighters used for gas ignition.""}, ""seller_accepts_quantity"": false}], ""next_steps"": {""buyer_next_steps"": [""To call back at 5 PM to finalize the requirement (Kal 5 baje call karta hoon).""], ""seller_next_steps"": [""To confirm if 200 pieces can be provided or if the buyer will take the full carton.""]}, ""buyer_details"": {}, ""seller_details"": {}}",2026-07-29 02:44:10.719,148563925934,29/07/26
272451984,BUYER,458,"{""lead_tag"": {""deal_blockers"": [], ""deal_readiness"": ""Cold"", ""deal_readiness_reason"": ""The call was answered by an automated IVR system and no conversation between parties took place. (Office is currently closed) ""}, ""metadata"": {""call_type"": {""type"": ""B2B"", ""reason"": ""The call reached a business IVR for ARB Accessories Private Limited, indicating a commercial inquiry attempt."", ""evidence"": {""keywords"": [""Office Closed"", ""WhatsApp Message""]}}, ""buyer_intent"": {""narrative"": ""The buyer attempted to contact the seller but reached an automated IVR message."", ""reasoning"": ""No interaction occurred as the call was received outside of business hours; the intent cannot be determined beyond the initial attempt to contact."", ""intent_level"": ""Low""}, ""call_outcome"": {""category"": ""Follow-up"", ""conclusion_notes"": ""The call reached an IVR; the buyer is directed to message on WhatsApp or call during working hours. (Please send us a WhatsApp message on this number)""}, ""call_purpose"": ""requirement"", ""all_languages"": [""English""], ""primary_language"": ""English"", ""additional_details"": {""buyer_queries"": [], ""seller_queries"": []}}, ""products"": [], ""next_steps"": {""buyer_next_steps"": [""To send a WhatsApp message to the seller"", ""To call back between 10 AM to 7 PM Monday to Saturday""], ""seller_next_steps"": [""To respond to the buyer's query during working hours""]}, ""buyer_details"": {""buyer_name"": ""3576e4dee9b59da31064a313bceeda72bccfd4c310337bcba4f51d024c74f9b9"", ""buyer_mobile_number"": ""dbbff55989064594670c0af9c811d80559f8571a19e21ab0cff89b8919bdf31f""}, ""seller_details"": {""seller_location"": {""seller_city"": ""Noida""}}}",2026-07-29 02:43:54.974,148564014085,29/07/26
272451984,BUYER,458,"{""payment"": {}, ""callback"": ""callback by Tomorrow 10 AM - To respond during working hours (Monday to Saturday 10AM to 7PM)"", ""lead_tag"": {""deal_blockers"": [], ""deal_readiness"": ""Warm"", ""deal_readiness_reason"": ""Automated response received during non-working hours with guidance to visit store or message back.""}, ""metadata"": {""call_type"": {""type"": ""B2B"", ""reason"": ""Potential business inquiry for accessories based on company profile, but currently inconclusive due to automated voicemail."", ""evidence"": {""keywords"": [""Product information"", ""Pricing"", ""Accessories""], ""order_type"": [""other""]}}, ""buyer_intent"": {""narrative"": ""The buyer attempted to contact the seller for product information and pricing for accessories."", ""reasoning"": ""The call was answered by an automated system, indicating early-stage research/intent that was not yet fulfilled by a human agent."", ""intent_level"": ""Low""}, ""call_outcome"": {""category"": ""Follow-up"", ""conclusion_notes"": ""The buyer reached an automated system providing office hours; a follow-up is expected during working hours (Working hours are Monday to Saturday, 10 AM to 7 PM).""}, ""call_purpose"": ""requirement"", ""all_languages"": [""English""], ""primary_language"": ""English"", ""additional_details"": {""buyer_queries"": [], ""seller_queries"": []}}, ""products"": [{""product_name"": ""Accessories"", ""related_categories"": [{""name"": ""Circuit Board"", ""reason"": ""Generic accessory and component category related to ARB Accessories.""}], ""is_buyer_interested"": true}, {""product_name"": ""Electronic Accessories"", ""related_categories"": [{""name"": ""Electronic Appliances Circuit Boards"", ""reason"": ""General term for accessories mentioned in the IVR context.""}], ""is_buyer_interested"": true}], ""next_steps"": {""buyer_next_steps"": [""To send a WhatsApp message to the seller's number for response during working hours"", ""To visit store.arbaccessories.in for product and pricing details""], ""seller_next_steps"": [""To respond to the buyer's query during working hours (Monday-Saturday, 10 AM-7 PM)""]}, ""buyer_details"": {}, ""seller_details"": {""seller_location"": {""seller_city"": ""Noida""}}}",2026-07-29 02:42:42.111,148564014085,29/07/26
125085370,BUYER,138755,"{""callback"": ""callback by Today 11 AM - To confirm machine specifications and adjustable features (Ponne 11 baje call madthini)"", ""lead_tag"": {""deal_blockers"": [], ""deal_readiness"": ""Warm"", ""deal_readiness_reason"": ""Buyer is seeking specific technical details about adjustable sizes before deciding on the purchase.""}, ""metadata"": {""call_type"": {""type"": ""B2B"", ""reason"": ""The buyer is inquiring about a specific machine for processing agricultural products, potentially for small-scale use or as a starter in the processing business."", ""evidence"": {""keywords"": [""Adjustable machine"", ""Manufacturing unit""], ""order_type"": [""one-time""], ""buyer_persona"": {""persona_detail"": ""Potential user/owner"", ""persona_category"": ""other""}}}, ""buyer_intent"": {""narrative"": ""The buyer is inquiring about a peanut shelling machine with adjustable features for different nut sizes."", ""reasoning"": ""The buyer has specific technical questions about the machinery and its capabilities, indicating a genuine interest but still in the evaluation phase."", ""intent_level"": ""Medium""}, ""call_outcome"": {""category"": ""Follow-up"", ""conclusion_notes"": ""The seller will check the technical details with their supervisor and call the buyer back by 11 AM (Nanu check madi call madi update madthini).""}, ""call_purpose"": ""requirement"", ""all_languages"": [""Kannada"", ""English""], ""primary_language"": ""Kannada"", ""additional_details"": {""buyer_queries"": [{""query"": ""Is the machine adjustable for different sizes of peanuts?"", ""category"": ""Specifications"", ""sequence"": 2}, {""query"": ""How can the sizes be adjusted?"", ""category"": ""Specifications"", ""sequence"": 3}], ""seller_queries"": [{""query"": ""Are you looking for one unit?"", ""category"": ""Quantity"", ""sequence"": 1}]}}, ""products"": [{""in_stock"": ""out of stock"", ""product_name"": ""Peanut Shelling Machine (Groundnut shelling machine)"", ""specifications"": [{""name"": ""Adjustable for sizes"", ""value"": ""Yes"", ""buyer_requested"": true, ""seller_mentioned"": false}], ""related_categories"": [{""name"": ""Groundnut Decorticator"", ""reason"": ""Groundnut decorticator is another common term used for machines that shell peanuts.""}], ""is_buyer_interested"": true, ""most_specific_category"": {""name"": ""Peanut Shelling Machine"", ""reason"": ""The buyer explicitly asked for a machine to shell peanuts, which is locally referred to as a groundnut/peanut shelling machine.""}}, {""in_stock"": ""out of stock"", ""product_name"": ""Coconut Shelling Machine"", ""specifications"": [], ""is_buyer_interested"": true, ""most_specific_category"": {""name"": ""Peeling Machine"", ""reason"": ""The buyer was also inquiring about coconut shelling, which is part of the peeling/shelling category.""}}], ""next_steps"": {""buyer_next_steps"": [""To wait for the seller's call at 11 AM for technical confirmation.""], ""seller_next_steps"": [""To consult with the senior regarding machine adjustability for different peanut sizes."", ""To call back by 11 AM with specific technical details.""]}, ""buyer_details"": {""buyer_name"": ""f7a14151842dd8ca875c7c3042f24efd8c5c6d5f15099850730dc1f77741873b""}, ""seller_details"": {""seller_location"": {""seller_city"": ""Bengaluru"", ""seller_locality"": ""Bommasandra industrial area""}}}",2026-07-29 02:37:24.514,148563844659,29/07/26
272452166,BUYER,215576,"{""callback"": ""callback by Tomorrow 10 AM - To discuss (Kal 10 baje batate hain)"", ""lead_tag"": {""deal_blockers"": [{""detail"": ""Seller only deals in wholesale quantities and buyer needs one unit."", ""category"": ""MOQ""}], ""deal_readiness"": ""Cold"", ""deal_readiness_reason"": ""Buyer needs a single unit while seller deals in wholesale only.""}, ""metadata"": {""call_type"": {""type"": ""B2C"", ""reason"": ""The buyer is looking for a single replacement part for a rickshaw, indicating personal use rather than business resale or bulk procurement."", ""evidence"": {""keywords"": [""Wholesale"", ""Rickshaw Spare Parts""], ""order_type"": [""one-time""], ""repeat_buyer"": false, ""buyer_persona"": {""persona_category"": ""end_consumer""}, ""quantity_scale"": ""Low""}}, ""buyer_intent"": {""narrative"": ""Looking to replace a broken E-Rickshaw windshield frame."", ""reasoning"": ""Buyer only needs a single unit for a repair, but the seller is a wholesaler."", ""intent_level"": ""Low""}, ""call_outcome"": {""category"": ""Lost"", ""conclusion_notes"": ""Seller only sells in wholesale while the buyer only needs one unit (Ek piece hum log nahi dete).""}, ""call_purpose"": ""requirement"", ""all_languages"": [""Hindi"", ""English""], ""primary_language"": ""Hindi"", ""additional_details"": {""buyer_queries"": [{""query"": ""What is the price of a total rickshaw windshield with frame?"", ""category"": ""Pricing"", ""sequence"": 1}], ""seller_queries"": []}, ""intended_application"": ""Rickshaw Repair""}, ""products"": [{""price"": {""value"": 2000, ""currency"": ""INR"", ""buyer_price_reaction"": {""quote"": ""Theek hai mil jayega 2000 mein"", ""category"": ""Accepted""}}, ""in_stock"": ""in stock"", ""product_name"": ""E-Rickshaw Windshield Glass (Toto ka sheesha)"", ""specifications"": [{""name"": ""With Frame"", ""value"": ""Yes"", ""buyer_requested"": true, ""seller_mentioned"": true}], ""quantity_required"": {""unit"": ""piece"", ""value"": 1}, ""related_categories"": [{""name"": ""Windshield Glass"", ""reason"": ""It is a type of automotive glass used for wind protection.""}, {""name"": ""Three Wheeler Body Parts"", ""reason"": ""The windshield and frame are integral parts of a three-wheeler's body.""}], ""is_buyer_interested"": true, ""most_specific_category"": {""name"": ""E Rickshaw Wind Shield"", ""reason"": ""The buyer specifically inquired about a \""Toto ka sheesha\"" (Rickshaw glass) with a frame.""}, ""seller_accepts_quantity"": false}], ""next_steps"": {""buyer_next_steps"": [], ""seller_next_steps"": []}, ""buyer_details"": {""buyer_mobile_number"": ""83cfdf7e713e6dbddb65a69636b80072b9d26f657f7af8bc319ccf8c69df94f8""}, ""seller_details"": {""seller_name"": ""6c324a8a106f686764319ebbc9aec080cb27e78af93854fb866dc2acfd4c4ac8""}}",2026-07-29 02:35:35.556,148564165595,29/07/26
101350260,BUYER,21188,"{""callback"": ""callback by Today 11 AM - To confirm stock at office (Ghar pahuch ke check karti hoon)"", ""lead_tag"": {""deal_blockers"": [], ""deal_readiness"": ""Hot"", ""deal_readiness_reason"": ""The buyer has specific product specifications and intent to purchase immediately.""}, ""metadata"": {""call_type"": {""type"": ""B2B"", ""reason"": ""The requirement for 5600 meters of industrial tape suggests a B2B commercial use case."", ""evidence"": {""order_type"": [""bulk"", ""commercial""], ""quantity_scale"": ""High""}}, ""buyer_intent"": {""narrative"": ""Looking for Aluminum Foil Tape with specific dimensions (4 inch x 5600 meters)"", ""reasoning"": ""The buyer provided exact measurements (width and length) and specifically asked for the product by name."", ""intent_level"": ""High""}, ""call_outcome"": {""category"": ""Follow-up"", ""conclusion_notes"": ""Seller will check stock availability at the office and get back to the buyer via WhatsApp (IndiaMART se message kar deti hoon).""}, ""call_purpose"": ""requirement"", ""all_languages"": [""Hindi"", ""English""], ""primary_language"": ""Hindi"", ""additional_details"": {""buyer_queries"": [{""query"": ""Do you have aluminum foil tape available in 4 inch width and 5600 meter length?"", ""category"": ""Specifications"", ""sequence"": 1}], ""seller_queries"": [{""query"": ""Can you share your number on WhatsApp?"", ""category"": ""Other"", ""sequence"": 2}]}}, ""products"": [{""in_stock"": ""in stock"", ""product_name"": ""Aluminum Foil Tape"", ""specifications"": [{""name"": ""Width"", ""unit"": ""inch"", ""value"": ""4"", ""buyer_requested"": true, ""seller_mentioned"": false}, {""name"": ""Length"", ""unit"": ""meter"", ""value"": ""5600"", ""buyer_requested"": true, ""seller_mentioned"": false}], ""related_categories"": [{""name"": ""Foil Tapes"", ""reason"": ""Aluminum foil is a type of metal foil.""}, {""name"": ""Sealing Tape"", ""reason"": ""Commonly used for sealing and insulation.""}], ""is_buyer_interested"": true, ""most_specific_category"": {""name"": ""Aluminum Foil Tape"", ""reason"": ""The buyer explicitly asked for 'Aluminum Foil Tape'.""}}], ""next_steps"": {""buyer_next_steps"": [""To wait for a message on IndiaMART/WhatsApp""], ""seller_next_steps"": [""To reach office and check stock availability"", ""To message details to the buyer via IndiaMART/WhatsApp""]}, ""buyer_details"": {""buyer_name"": ""aa5e87b3e0b04e8eb3ea0975e003b0cc2a631a6902f7ddc50b430d1fee4fb763""}, ""seller_details"": {}}",2026-07-29 02:31:04.655,148563732434,29/07/26
184217278,BUYER,39112,"{""payment"": {}, ""callback"": """", ""lead_tag"": {""deal_blockers"": [], ""deal_readiness"": ""Warm"", ""deal_readiness_reason"": ""Discussed pricing and quantity for sunflower seeds but no immediate commitment to buy.""}, ""metadata"": {""call_type"": {""type"": ""B2B"", ""reason"": ""Buyer is purchasing in bulk (500 kg) for oil extraction, which indicates a commercial or business intent."", ""evidence"": {""order_type"": [""bulk"", ""commercial""], ""repeat_buyer"": false, ""quantity_scale"": ""High""}}, ""buyer_intent"": {""narrative"": ""Looking for 500 kg of white sunflower seeds for oil extraction."", ""reasoning"": ""Specific quantity and end-use application mentioned."", ""intent_level"": ""Medium""}, ""call_outcome"": {""category"": ""Follow-up"", ""conclusion_notes"": ""Seller provided the price, and further discussion is needed (Theek hai rate).""}, ""call_purpose"": ""requirement"", ""all_languages"": [""English""], ""primary_language"": ""English"", ""additional_details"": {""buyer_queries"": [{""query"": ""What is the price?"", ""category"": ""Pricing"", ""sequence"": 3, ""answer_by_seller"": ""172""}, {""query"": ""Where are you located?"", ""category"": ""Location"", ""sequence"": 2, ""answer_by_seller"": ""Mumbai""}, {""query"": ""Do you have stock available?"", ""category"": ""Availability"", ""sequence"": 1, ""answer_by_seller"": ""Yes, we have stock.""}], ""seller_queries"": []}, ""intended_application"": ""Oil Extraction""}, ""products"": [{""price"": {""value"": 172, ""currency"": ""INR"", ""price_unit"": ""kg"", ""buyer_price_reaction"": {""quote"": ""Theek hai rate"", ""category"": ""Accepted""}}, ""in_stock"": ""in stock"", ""product_name"": ""White Sunflower Seeds"", ""specifications"": [{""name"": ""Color"", ""value"": ""White"", ""buyer_requested"": false, ""seller_mentioned"": true}, {""name"": ""Application"", ""value"": ""Oil Extraction"", ""buyer_requested"": true, ""seller_mentioned"": false}], ""quantity_required"": {""unit"": ""kg"", ""value"": 500}, ""related_categories"": [{""name"": ""Sunflower Seeds"", ""reason"": ""It is a variety of sunflower seed.""}, {""name"": ""Oil Seeds"", ""reason"": ""Intended for oil extraction.""}], ""is_buyer_interested"": true, ""most_specific_category"": {""name"": ""Sunflower Oil Seeds"", ""reason"": ""Specifically mentioned for oil extraction and white variety.""}}], ""next_steps"": {""buyer_next_steps"": [""To review the price and confirm order.""], ""seller_next_steps"": [""To provide any further catalog or business details if requested.""]}, ""buyer_details"": {""buyer_name"": ""e57071887cb6a6b9731122261fe0fd7ddbb4a1c6f0541e565f786feb618b1d3a""}, ""seller_details"": {""seller_location"": {""seller_city"": ""Mumbai""}}}",2026-07-29 02:29:28.930,148563720263,29/07/26
109798891,BUYER,106147,"{""payment"": {""payment_mode"": ""net banking"", ""payment_details"": ""Payment via Bank QR code transfer before dispatch""}, ""callback"": ""callback by Tomorrow 10 AM - To finalize quantity (Kal 10 baje batata hoon kitna chahiye)"", ""lead_tag"": {""deal_blockers"": [{""detail"": ""MOQ mismatch for delivery, buyer needs 10kg, seller delivers 40kg minimum"", ""category"": ""MOQ""}], ""deal_readiness"": ""Warm"", ""deal_readiness_reason"": ""Buyer is showing interest but restricted by MOQ for delivery and will collect from Delhi.""}, ""metadata"": {""call_type"": {""type"": ""B2B"", ""reason"": ""Buyer is asking for specific brand and quantity for trade, but the requested volume is retail-scale."", ""evidence"": {""keywords"": [""Polycab"", ""Aluminum Wire""], ""order_type"": [""bulk""], ""repeat_buyer"": false, ""buyer_persona"": {""persona_detail"": ""Local Shopkeeper"", ""persona_category"": ""retailer""}, ""quantity_scale"": ""Low""}}, ""buyer_intent"": {""narrative"": ""Wants 10kg Polycab Aluminum winding wire for self collection or delivery if possible."", ""reasoning"": ""Buyer is knowledgeable about market price and specific brand but requirement is small for seller's delivery terms."", ""intent_level"": ""Medium""}, ""call_outcome"": {""category"": ""Follow-up"", ""conclusion_notes"": ""Buyer will collect 10-12kg items from Delhi shop directly (Delhi se hi uthwa lenge)""}, ""call_purpose"": ""requirement"", ""all_languages"": [""Hindi"", ""English""], ""primary_language"": ""Hindi"", ""additional_details"": {""buyer_queries"": [{""query"": ""What is the price of Polycab Aluminum wire?"", ""category"": ""Pricing"", ""sequence"": 1}, {""query"": ""A shop in Netu is showing it at Rs 240, why 250?"", ""category"": ""Pricing"", ""sequence"": 3}, {""query"": ""Will you give 10kg?"", ""category"": ""Quantity"", ""sequence"": 5}, {""query"": ""Where are you from?"", ""category"": ""Other"", ""sequence"": 7}, {""query"": ""Where specifically in Delhi?"", ""category"": ""Location"", ""sequence"": 9}, {""query"": ""If I come to Delhi, can I take 10-12kg?"", ""category"": ""Quantity"", ""sequence"": 11}], ""seller_queries"": [{""query"": ""Where are you calling from?"", ""category"": ""Location"", ""sequence"": 2}, {""query"": ""How much do you need?"", ""category"": ""Quantity"", ""sequence"": 4}, {""query"": ""Wait, we need a minimum of 40kg for delivery."", ""category"": ""Quantity"", ""sequence"": 6}, {""query"": ""You will take 40kg then?"", ""category"": ""Quantity"", ""sequence"": 8}, {""query"": ""Baghirath Place, Chandni Chowk."", ""category"": ""Other"", ""sequence"": 10}]}, ""intended_application"": ""Retail Resale""}, ""products"": [{""price"": {""value"": 250, ""currency"": ""INR"", ""price_unit"": ""kg"", ""buyer_price_reaction"": {""quote"": ""Netup 240 dikha raha hai"", ""category"": ""Negotiating""}}, ""in_stock"": ""in stock"", ""product_name"": ""Polycab Aluminum Winding Wire"", ""specifications"": [{""name"": ""Brand"", ""value"": ""Polycab"", ""buyer_requested"": false, ""seller_mentioned"": true}, {""name"": ""Material"", ""value"": ""Aluminum"", ""buyer_requested"": false, ""seller_mentioned"": true}], ""quantity_required"": {""unit"": ""kg"", ""value"": 10}, ""related_categories"": [{""name"": ""Winding Wire"", ""reason"": ""It is a type of winding wire used in electrical applications.""}, {""name"": ""Enameled Copper Wire"", ""reason"": ""Often sold alongside aluminum winding variants.""}], ""is_buyer_interested"": true, ""minimum_order_quantity"": {""unit"": ""kg"", ""value"": 40}, ""most_specific_category"": {""name"": ""Aluminum Winding Wire"", ""reason"": ""Explicitly discussed as Polycab brand aluminum winding wire.""}, ""seller_accepts_quantity"": false}], ""next_steps"": {""buyer_next_steps"": [""To visit the shop in Chandni Chowk to collect the material""], ""seller_next_steps"": [""To keep 10-12kg stock ready for the buyer's visit""]}, ""buyer_details"": {""buyer_name"": ""a631f4488a457da27b4a64dc8f2d85085b50ff568be99125cf6f8f45c759878e"", ""buyer_location"": {""buyer_city"": ""Basti"", ""buyer_state"": ""UP""}}, ""seller_details"": {""seller_name"": ""fd60e9a01ba7409dca2fc97abdc69d92877b85d90307c0b0982397355ed32ff5"", ""seller_location"": {""seller_city"": ""New Delhi"", ""seller_locality"": ""Baghirath Place, Chandni Chowk""}}}",2026-07-29 02:15:29.659,148563411575,29/07/26
270122658,BUYER,123824,"{""payment"": {}, ""callback"": ""callback by Tomorrow evening - To confirm product after checking options"", ""lead_tag"": {""deal_blockers"": [], ""deal_readiness"": ""Warm"", ""deal_readiness_reason"": ""Looking for specific chair options and will confirm by tomorrow evening.""}, ""metadata"": {""call_type"": {""type"": ""B2C"", ""reason"": ""The buyer is inquiring about chairs for personal or retail use, with no mention of bulk or industrial quantities."", ""evidence"": {""order_type"": [""one-time""], ""repeat_buyer"": false}}, ""buyer_intent"": {""narrative"": ""Wants to see different chair options before making a final decision."", ""reasoning"": ""The buyer is exploring options and has promised to confirm by the next day."", ""intent_level"": ""Medium""}, ""call_outcome"": {""category"": ""Follow-up"", ""conclusion_notes"": ""Will confirm tomorrow evening (Naalaiku evening solren).""}, ""call_purpose"": ""requirement"", ""all_languages"": [""Tamil"", ""English""], ""primary_language"": ""Tamil"", ""additional_details"": {""buyer_queries"": [{""query"": ""Which type of chair options do you have?"", ""category"": ""Specifications"", ""sequence"": 1, ""answer_by_seller"": ""I will send you some images on WhatsApp and you can choose from those.""}], ""seller_queries"": [{""query"": ""Which one will you confirm?"", ""category"": ""Other"", ""sequence"": 2, ""answer_by_buyer"": ""I will let you know tomorrow evening after seeing the options.""}]}}, ""products"": [{""in_stock"": ""in stock"", ""product_name"": ""Chair"", ""specifications"": [], ""related_categories"": [{""name"": ""Steel Chair"", ""reason"": ""Common variation for the product discussed.""}, {""name"": ""Office Chairs"", ""reason"": ""Potential application for the products mentioned.""}], ""is_buyer_interested"": true, ""most_specific_category"": {""name"": ""Chair"", ""reason"": ""The conversation is centered around various types of chairs mentioned by the seller.""}}], ""next_steps"": {""buyer_next_steps"": [""To check images sent on WhatsApp"", ""To confirm the required chair by tomorrow evening""], ""seller_next_steps"": [""To share chair images on WhatsApp""]}, ""buyer_details"": {""buyer_name"": ""a31fe9656fc8d3a459e623dc8204e6d0268f8df56d734dac3ca3262edb5db883""}, ""seller_details"": {""seller_name"": ""5520f551aa89217efa7847cee18337fe336325b17c8b1ca3e9e333de79e8cdbc""}}",2026-07-28 14:15:15.974,148547325175,29/07/26
272142135,BUYER,189133,"{""payment"": {}, ""callback"": ""callback by Today - To discuss pricing (Hi likh ke bhej dijiye ya rate bata dijiye)"", ""lead_tag"": {""deal_blockers"": [], ""deal_readiness"": ""Warm"", ""deal_readiness_reason"": ""Genuine intent for bulk server RAM for resale but pending final pricing and external contact for further discussion.""}, ""metadata"": {""call_type"": {""type"": ""B2B"", ""reason"": ""Buyer is looking for used server RAM for resale to another client, indicating a B2B transaction."", ""evidence"": {""keywords"": [""Used RAM"", ""Server RAM"", ""Resale"", ""Warranty"", ""Test Report""], ""order_type"": [""bulk"", ""commercial"", ""recurring""], ""repeat_buyer"": true, ""buyer_persona"": {""persona_detail"": ""Computer hardware reseller"", ""persona_category"": ""retailer""}, ""quantity_scale"": ""High""}}, ""buyer_intent"": {""narrative"": ""Looking to purchase used server RAM (64GB, 3200 MHz) for resale purposes."", ""reasoning"": ""The buyer provided specific technical details like 3200 MHz, DDR4/DDR5 compatibility, and stated the purpose as reselling to another party."", ""intent_level"": ""High""}, ""call_outcome"": {""category"": ""Follow-up"", ""conclusion_notes"": ""Moving the conversation to WhatsApp for sharing rates and details (Us number pe inquiry daal do).""}, ""call_purpose"": ""requirement"", ""all_languages"": [""Hindi"", ""English""], ""primary_language"": ""Hindi"", ""additional_details"": {""buyer_queries"": [{""query"": ""Do you have used RAM in 16GB and 32GB for laptops?"", ""category"": ""Availability"", ""sequence"": 1, ""answer_by_seller"": ""Server and desktop RAM are available.""}, {""query"": ""Will the RAM be tested and in working condition?"", ""category"": ""Specifications"", ""sequence"": 4, ""answer_by_seller"": ""Yes, the products come with a test report and a warranty period.""}, {""query"": ""Can you give me an idea of the price for 64GB server RAM?"", ""category"": ""Pricing"", ""sequence"": 5}], ""seller_queries"": [{""query"": ""What is your WhatsApp number to share details?"", ""category"": ""Other"", ""sequence"": 2, ""answer_by_buyer"": ""The buyer agreed to message the provided WhatsApp number.""}, {""query"": ""Do you need DDR4, DDR5, or DDR3?"", ""category"": ""Specifications"", ""sequence"": 3, ""answer_by_buyer"": ""The buyer confirmed that DDR4 or DDR5 (not DDR3) would work for 64GB.""}]}, ""intended_application"": ""Retail Resale""}, ""products"": [{""in_stock"": ""in stock"", ""product_name"": ""Used Server RAM (64GB)"", ""specifications"": [{""name"": ""Condition"", ""value"": ""Used"", ""buyer_requested"": false, ""seller_mentioned"": false}, {""name"": ""Frequency"", ""unit"": ""MHz"", ""value"": ""3200"", ""buyer_requested"": true, ""seller_mentioned"": false}, {""name"": ""RAM Type"", ""value"": ""DDR4 or DDR5"", ""buyer_requested"": true, ""seller_mentioned"": false}, {""name"": ""Capacity"", ""unit"": ""GB"", ""value"": ""64"", ""buyer_requested"": true, ""seller_mentioned"": false}], ""related_categories"": [{""name"": ""DDR4 RAM"", ""reason"": ""The buyer mentioned DDR4 as a required specification.""}, {""name"": ""DDR Memory"", ""reason"": ""The product is a type of DDR memory module.""}, {""name"": ""DDR SDRAM"", ""reason"": ""RAM modules discussed fall under the DDR SDRAM category.""}], ""is_buyer_interested"": true, ""most_specific_category"": {""name"": ""Server Memory"", ""reason"": ""The buyer specifically requested server RAM for his requirement.""}}, {""in_stock"": ""in stock"", ""product_name"": ""Used Server RAM (32GB)"", ""specifications"": [{""name"": ""Condition"", ""value"": ""Used"", ""buyer_requested"": false, ""seller_mentioned"": false}, {""name"": ""Capacity"", ""unit"": ""GB"", ""value"": ""32"", ""buyer_requested"": true, ""seller_mentioned"": false}], ""related_categories"": [{""name"": ""RAM"", ""reason"": ""Generic category for all memory modules discussed.""}], ""is_buyer_interested"": true, ""most_specific_category"": {""name"": ""Server Memory"", ""reason"": ""The buyer inquired about 32GB laptop RAM but the seller offered server RAM options instead.""}}], ""next_steps"": {""buyer_next_steps"": [""To send a message to the shared phone number for pricing.""], ""seller_next_steps"": [""To share the pricing for 32GB and 64GB server RAM variants on WhatsApp.""]}, ""buyer_details"": {""buyer_name"": ""896003b3d3b3019b2c3991a9e1bb458554ccb6ca0b29c0b0b9a8b9380af0eff5""}, ""seller_details"": {""seller_name"": ""fedf2346b479533f4595175390913c8e495805a45c733e360c41ffb1c9452039""}}",2026-07-28 10:48:53.887,148537718759,29/07/26
272144974,BUYER,181606,"{""callback"": ""callback by Tomorrow 1 PM - To confirm stock (Kal baje call karta hoon)"", ""lead_tag"": {""deal_blockers"": [], ""deal_readiness"": ""Warm"", ""deal_readiness_reason"": ""Buyer has clear specifications for construction safety net and requested catalog but next steps are yet to be finalized.""}, ""metadata"": {""call_type"": {""type"": ""B2B"", ""reason"": ""The inquiry is for construction safety nets used in industrial/commercial sites, indicating a B2B requirement."", ""evidence"": {""keywords"": [""Construction Safety"", ""HDPE Net"", ""Braided Net""], ""order_type"": [""commercial""], ""buyer_persona"": {""persona_category"": ""contractor""}, ""quantity_scale"": ""High""}}, ""buyer_intent"": {""narrative"": ""Looking for 30mm braided HDPE construction safety nets in 4ft x 100ft bundles."", ""reasoning"": ""Buyer specifies specific material (braided HDPE), size (30mm), and application (construction safety) and requests pricing/images."", ""intent_level"": ""High""}, ""call_outcome"": {""category"": ""Follow-up"", ""conclusion_notes"": ""Seller will send images and pricing on WhatsApp (WhatsApp kijiye na, photo rahega toh bahut achha hai).""}, ""call_purpose"": ""requirement"", ""all_languages"": [""Hindi"", ""English""], ""primary_language"": ""Hindi"", ""additional_details"": {""buyer_queries"": [{""query"": ""Is 30mm braided HDPE mesh net available for construction safety?"", ""category"": ""Availability"", ""sequence"": 1}, {""query"": ""What is the price per square foot for a 4ft x 100ft bundle?"", ""category"": ""Pricing"", ""sequence"": 3}], ""seller_queries"": [{""query"": ""What size do you need?"", ""category"": ""Quantity"", ""sequence"": 2}]}}, ""products"": [{""in_stock"": ""in stock"", ""product_name"": ""Braided HDPE Mesh Net (Safety Net)"", ""specifications"": [{""name"": ""Size"", ""unit"": ""mm"", ""value"": ""30"", ""buyer_requested"": true, ""seller_mentioned"": false}, {""name"": ""Material"", ""value"": ""Braided HDPE"", ""buyer_requested"": true, ""seller_mentioned"": false}, {""name"": ""Bundle Width"", ""unit"": ""ft"", ""value"": ""4"", ""buyer_requested"": false, ""seller_mentioned"": true}, {""name"": ""Bundle Length"", ""unit"": ""ft"", ""value"": ""100"", ""buyer_requested"": false, ""seller_mentioned"": true}], ""related_categories"": [{""name"": ""Safety Net"", ""reason"": ""General category for protective netting""}, {""name"": ""HDPE Net"", ""reason"": ""Product is made of HDPE material as mentioned by the buyer""}], ""is_buyer_interested"": true, ""most_specific_category"": {""name"": ""Construction Safety Nets"", ""reason"": ""Specifically requested for safety work in construction projects.""}}], ""next_steps"": {""buyer_next_steps"": [""To review product images on WhatsApp""], ""seller_next_steps"": [""To share product images and price list on WhatsApp""]}, ""buyer_details"": {""buyer_mobile_number"": ""755be68b5458eb10367686091f7e7074c32ddc098e0e24d6c27f5de7764f975f""}, ""seller_details"": {""seller_location"": {""seller_city"": ""Mumbai"", ""seller_locality"": ""Masjid Bunder""}}}",2026-07-28 07:52:04.516,148563934767,29/07/26
11685138,BUYER,189780,"{""callback"": ""callback by Today - To reply after driving (Drive kar raha hoon, aadhe ghante mein reply deta hoon)"", ""lead_tag"": {""deal_blockers"": [], ""deal_readiness"": ""Warm"", ""deal_readiness_reason"": ""Wants to installment fencing on existing compound wall and requested further details.""}, ""metadata"": {""call_type"": {""type"": ""B2B"", ""reason"": ""The buyer is inquiring for a community fencing project, indicating a B2B/institutional scale requirement rather than personal household use."", ""evidence"": {""keywords"": [""Existing Compound Wall"", ""Fiber Fencing""], ""order_type"": [""commercial""], ""repeat_buyer"": false, ""buyer_persona"": {""persona_detail"": ""Community Member/Manager"", ""persona_category"": ""service_provider""}, ""quantity_scale"": ""High""}}, ""buyer_intent"": {""narrative"": ""Interested in uPVC or fiber diamond-shaped mesh fencing for a community compound wall in Bengaluru."", ""reasoning"": ""Provided clear specifications like diamond shape, material preference (uPVC/fiber), stability requirement, and application context (on top of an existing compound wall)."", ""intent_level"": ""High""}, ""call_outcome"": {""category"": ""Follow-up"", ""conclusion_notes"": ""Seller will share details after 30 minutes once done driving (Aadhe ghante mein reply deta hoon).""}, ""call_purpose"": ""requirement"", ""all_languages"": [""Hindi"", ""English""], ""primary_language"": ""Hindi"", ""additional_details"": {""buyer_queries"": [{""query"": ""Do you have uPVC or fiber fencing?"", ""category"": ""Specifications"", ""sequence"": 1}], ""seller_queries"": [{""query"": ""Where do you want to use it?"", ""category"": ""Other"", ""sequence"": 2}]}, ""intended_application"": ""Community Compound Wall""}, ""products"": [{""in_stock"": ""in stock"", ""product_name"": ""uPVC (Fiber) Fencing"", ""specifications"": [{""name"": ""Material"", ""value"": ""uPVC or Fiber"", ""buyer_requested"": true, ""seller_mentioned"": false}, {""name"": ""Shape"", ""value"": ""Diamond"", ""buyer_requested"": true, ""seller_mentioned"": false}, {""name"": ""Stability"", ""value"": ""Solid/Stable"", ""buyer_requested"": true, ""seller_mentioned"": false}], ""related_categories"": [{""name"": ""GI Chain Link Mesh"", ""reason"": ""The buyer mentioned a diamond shape similar to chain link fencing.""}, {""name"": ""Wire Mesh Fence"", ""reason"": ""The product is being used as a mesh-based fencing solution.""}], ""is_buyer_interested"": true, ""most_specific_category"": {""name"": ""PVC Fence"", ""reason"": ""The buyer specifically asked for uPVC/fiber fencing options with a diamond shape mesh.""}}], ""next_steps"": {""buyer_next_steps"": [""To send a message on WhatsApp to the seller""], ""seller_next_steps"": [""To share product details and catalog on WhatsApp after 30 minutes""]}, ""buyer_details"": {""buyer_name"": ""082f51aba47229235d342eb95be14ddf7b2acb03d9d27c4c22225c2ff8fd11f4"", ""buyer_mobile_number"": ""0933b5c76b053da29a93055a90c68abdb57c75834507459f6ead0ae2fa86b5e3""}, ""seller_details"": {""seller_name"": ""b6f8d22c147620fc0d846df5d2bd6a9d14b4378691b24adc71dbbf2b7e64339e""}}",2026-07-28 04:20:16.536,148564041695,29/07/26
