user_glid,user_role,src_mcat_id,llm_extracted_json_masked,fel.created_at,eto_ofr_display_id,eto_ofr_approv_date_orig
38869536,BUYER,147406,"{""callback"": ""callback by Friday - To check the details (Main aapko Friday ko call karunga)"", ""lead_tag"": {""deal_blockers"": [], ""deal_readiness"": ""Warm"", ""deal_readiness_reason"": ""The buyer confirmed an inquiry for a specific product like an oil bath but no immediate transaction was initiated.""}, ""metadata"": {""call_type"": {""type"": ""B2B"", ""reason"": ""The inquiry concerns an oil bath, which is specialized laboratory equipment used in research or industrial settings, indicating a B2B transaction."", ""evidence"": {""repeat_buyer"": false}}, ""buyer_intent"": {""narrative"": ""The buyer is following up on a specific inquiry for an oil bath from IndiaMART."", ""reasoning"": ""The buyer proactively identified the caller to verify the source of an IndiaMART message and confirmed a specific equipment requirement."", ""intent_level"": ""High""}, ""call_outcome"": {""category"": ""Follow-up"", ""conclusion_notes"": ""The buyer confirmed the inquiry was for an oil bath (Oil bath ki inquiry thi).""}, ""call_purpose"": ""requirement"", ""all_languages"": [""Hindi"", ""English""], ""primary_language"": ""Hindi"", ""additional_details"": {""buyer_queries"": [{""query"": ""Who is this that sent a message on IndiaMART?"", ""category"": ""Other"", ""sequence"": 1, ""answer_by_seller"": ""I am calling from Gravitate Technology.""}], ""seller_queries"": [{""query"": ""Did you have a product inquiry?"", ""category"": ""Other"", ""sequence"": 2, ""answer_by_buyer"": ""Yes, the inquiry was for an oil bath.""}]}, ""intended_application"": ""Laboratory Heating""}, ""products"": [{""in_stock"": ""in stock"", ""product_name"": ""Oil Bath"", ""related_categories"": [{""name"": ""Laboratory Bath"", ""reason"": ""An oil bath is a common type of laboratory bath used for temperature control.""}, {""name"": ""Science Laboratory Equipment"", ""reason"": ""Oil baths are standard scientific laboratory equipment.""}, {""name"": ""Laboratory Equipment"", ""reason"": ""Oil baths belong to the broader category of specialized lab instruments.""}], ""is_buyer_interested"": true, ""most_specific_category"": {""name"": ""High Temperature Oil Bath"", ""reason"": ""The buyer confirmed their inquiry was for an oil bath, which is a specific type of laboratory heating equipment.""}}], ""next_steps"": {""buyer_next_steps"": [], ""seller_next_steps"": []}, ""buyer_details"": {}, ""seller_details"": {}}",2026-07-30 09:35:02.210,148562094585,29/07/26
205420737,BUYER,10527,"{""payment"": {}, ""lead_tag"": {""deal_blockers"": [], ""deal_readiness"": ""Warm"", ""deal_readiness_reason"": ""Discussing winter-specific requirements though next step is to share details on WhatsApp""}, ""metadata"": {""call_type"": {""type"": ""B2B"", ""reason"": ""Buyer is inquiring about fabric for winter wear, indicating potential manufacturing or retail use for the upcoming season."", ""evidence"": {""keywords"": [""Winter Wear"", ""Knitted Fabrics"", "" राजस्थान"", ""MOQ""], ""order_type"": [""commercial""], ""repeat_buyer"": false}}, ""buyer_intent"": {""narrative"": ""Wants to source knitted fabrics specifically for winter wear"", ""reasoning"": ""Inquired about MOQ and specific seasonality of fabrics, indicating purchase intent for the upcoming season."", ""intent_level"": ""Medium""}, ""call_outcome"": {""category"": ""Follow-up"", ""conclusion_notes"": ""Moving the discussion to WhatsApp for detailed requirements (WhatsApp par detail bhejo)""}, ""call_purpose"": ""requirement"", ""all_languages"": [""Hindi"", ""English""], ""primary_language"": ""Hindi"", ""additional_details"": {""buyer_queries"": [{""query"": ""What is your MOQ?"", ""category"": ""Quantity"", ""sequence"": 1}, {""query"": ""What is your name?"", ""category"": ""Other"", ""sequence"": 4}], ""seller_queries"": [{""query"": ""Which fabric do you need?"", ""category"": ""Specifications"", ""sequence"": 2, ""answer_by_buyer"": ""Winter wear fabrics""}, {""query"": ""Where are you calling from?"", ""category"": ""Location"", ""sequence"": 3, ""answer_by_buyer"": ""Rajasthan""}]}, ""intended_application"": ""Winter Wear Production""}, ""products"": [{""price"": {}, ""product_name"": ""Knitted Fabrics"", ""specifications"": [{""name"": ""Seasonality"", ""value"": ""Winter"", ""buyer_requested"": false, ""seller_mentioned"": false}], ""related_categories"": [{""name"": ""Thermal Wear Fabric"", ""reason"": ""Mentioned specifically for winter use.""}], ""is_buyer_interested"": true, ""most_specific_category"": {""name"": ""Knitted Fabrics"", ""reason"": ""Explicitly mentioned as knitted fabrics for winter wear.""}}], ""next_steps"": {""buyer_next_steps"": [""To share detailed requirements on WhatsApp""], ""seller_next_steps"": [""To review requirements once received on WhatsApp""]}, ""buyer_details"": {""buyer_location"": {""buyer_state"": ""Rajasthan""}}, ""seller_details"": {""seller_name"": ""66c073943b0f2ddaf07a78dd68225f20db2a5c920ab8c23bdde4e75a163e3ec3""}}",2026-07-30 09:29:07.597,148561720285,29/07/26
205420737,BUYER,10527,"{""payment"": {}, ""callback"": """", ""lead_tag"": {""deal_blockers"": [{""detail"": ""Sampling not available currently"", ""category"": ""Availability""}], ""deal_readiness"": ""Warm"", ""deal_readiness_reason"": ""Buyer is interested in winter wear fabric but sampling is unavailable, pending catalog review.""}, ""metadata"": {""call_type"": {""type"": ""B2B"", ""reason"": ""Buyer is inquiring about bulk quantities (MOQ 250kg) for winter wear production."", ""evidence"": {""order_type"": [""commercial""], ""repeat_buyer"": false, ""quantity_scale"": ""High""}}, ""buyer_intent"": {""narrative"": ""Wants winter wear knits for business use."", ""reasoning"": ""Buyer shows specific product interest and asks about MOQ and sampling."", ""intent_level"": ""Medium""}, ""call_outcome"": {""category"": ""Follow-up"", ""conclusion_notes"": ""Seller will send details on WhatsApp. (Main aapko WhatsApp karke detail bhej deta hoon)""}, ""call_purpose"": ""requirement"", ""all_languages"": [""Hindi"", ""English""], ""primary_language"": ""Hindi"", ""additional_details"": {""buyer_queries"": [{""query"": ""What varieties do you have in winter wear?"", ""category"": ""Availability"", ""sequence"": 1}, {""query"": ""Do you have sampling available?"", ""category"": ""Availability"", ""sequence"": 3}], ""seller_queries"": [{""query"": ""Do you want plain or jacquard? And how much quantity?"", ""category"": ""Specifications"", ""sequence"": 2}]}, ""intended_application"": ""Winter Wear Manufacturing""}, ""products"": [{""in_stock"": ""in stock"", ""product_name"": ""Knits Fabric"", ""specifications"": [{""name"": ""Application"", ""value"": ""Winter wear"", ""buyer_requested"": false, ""seller_mentioned"": false}, {""name"": ""Pattern"", ""value"": ""Plain or Jacquard"", ""buyer_requested"": true, ""seller_mentioned"": false}], ""related_categories"": [{""name"": ""Thermal Wear Fabric"", ""reason"": ""Used for winter wear as discussed.""}, {""name"": ""Jersey & Knitted Fabric"", ""reason"": ""Primary category for knits fabric.""}], ""is_buyer_interested"": true, ""minimum_order_quantity"": {""unit"": ""kg per color"", ""value"": 250}, ""most_specific_category"": {""name"": ""Knitted Fabrics"", ""reason"": ""Mentioned as 'knits fabric' for winter wear.""}}], ""next_steps"": {""buyer_next_steps"": [""To review catalog or photos on WhatsApp""], ""seller_next_steps"": [""To share product details on WhatsApp for reference.""]}, ""buyer_details"": {""buyer_mobile_number"": ""02116ac97a37211750258b7744cb26fef3b28175c24c244a29f0dbb9a74906f7""}, ""seller_details"": {""seller_mobile_number"": ""02116ac97a37211750258b7744cb26fef3b28175c24c244a29f0dbb9a74906f7""}}",2026-07-30 09:27:19.396,148561720285,29/07/26
38758251,BUYER,26247,"{""callback"": ""callback by in one week - To confirm stock once 36 inch dog cages are restocked."", ""lead_tag"": {""deal_blockers"": [{""detail"": ""Product is currently out of stock for about a week."", ""category"": ""Availability""}], ""deal_readiness"": ""Warm"", ""deal_readiness_reason"": ""Buyer has a specific size requirement but the product is currently stock-out.""}, ""metadata"": {""call_type"": {""type"": ""B2C"", ""reason"": ""The buyer's requirement for a single dog cage of a specific size indicates personal use."", ""evidence"": {""order_type"": [""one-time""], ""repeat_buyer"": false, ""buyer_persona"": {""persona_category"": ""end_consumer""}, ""quantity_scale"": ""Low""}}, ""buyer_intent"": {""narrative"": ""Buyer is looking for a 36-inch dog cage."", ""reasoning"": ""Buyer specifies the exact size (36 inch) and product type, showing clear purchase intent."", ""intent_level"": ""High""}, ""call_outcome"": {""category"": ""Follow-up"", ""conclusion_notes"": ""Seller asked to check back after one week as the 36-inch cage is currently out of stock (Abhi finish ho rahe hain, ek hafte baad aayenge).""}, ""call_purpose"": ""requirement"", ""all_languages"": [""Hindi""], ""primary_language"": ""Hindi"", ""additional_details"": {""buyer_queries"": [{""query"": ""I need a dog cage."", ""category"": ""Availability"", ""sequence"": 1}, {""query"": ""Size is 36 inch. Is it available?"", ""category"": ""Availability"", ""sequence"": 3}], ""seller_queries"": [{""query"": ""What size do you need?"", ""category"": ""Specifications"", ""sequence"": 2}]}, ""intended_application"": ""Pet housing""}, ""products"": [{""in_stock"": ""out of stock"", ""product_name"": ""Dog Cage"", ""specifications"": [{""name"": ""Size"", ""unit"": ""inch"", ""value"": ""36"", ""buyer_requested"": true, ""seller_mentioned"": false}], ""related_categories"": [{""name"": ""Pet Cage"", ""reason"": ""Dog cages are a sub-type of pet cages.""}, {""name"": ""Metal Cages"", ""reason"": ""Most dog cages of this size are constructed from metal or iron wires.""}], ""is_buyer_interested"": true, ""most_specific_category"": {""name"": ""Dog Cage"", ""reason"": ""The buyer explicitly asked for a cage for a dog.""}}], ""next_steps"": {""buyer_next_steps"": [""To call back in a week to check availability.""], ""seller_next_steps"": [""To confirm availability of 36 inch dog cage after stock replenishment.""]}, ""buyer_details"": {""buyer_mobile_number"": ""711a5c3c0dd42b63840f03284896624f5bb3cd6933762bb33f05e92fdcf77cfc""}, ""seller_details"": {""seller_name"": ""70bf9c1f150c32fd4bda1da1ee21b86ff7c58326a6a998dfbdaf0292efcab232""}}",2026-07-30 06:47:32.172,148562106659,29/07/26
92919098,BUYER,224543,"{""callback"": ""callback by Soon - To revert after checking the photo (main check karake aapko revert karata hun)"", ""lead_tag"": {""deal_blockers"": [], ""deal_readiness"": ""Warm"", ""deal_readiness_reason"": ""Action pending on checking the shared product photo to provide further details.""}, ""metadata"": {""call_type"": {""reason"": ""The call is too brief to definitively classify as B2B or B2C, as no business context, specific products, or quantities were mentioned beyond sharing a photo.""}, ""buyer_intent"": {""narrative"": ""The buyer shared a photo of a product requirement and is waiting for the seller to review it and provide details."", ""reasoning"": ""The buyer has already shared a visual reference of the requirement, indicating a specific need, though no further details like quantity or price were discussed in this brief call."", ""intent_level"": ""Medium""}, ""call_outcome"": {""category"": ""Follow-up"", ""conclusion_notes"": ""Will check the photo and revert (Chaliye main check karake aapko revert karata hoon).""}, ""call_purpose"": ""followup"", ""all_languages"": [""Hindi"", ""English""], ""primary_language"": ""Hindi"", ""additional_details"": {""buyer_queries"": [], ""seller_queries"": []}}, ""products"": [], ""next_steps"": {""buyer_next_steps"": [""To wait for a response regarding the shared product photo.""], ""seller_next_steps"": [""To check the product photo shared by the customer."", ""To revert with the relevant product information after checking the photo.""]}, ""buyer_details"": {}, ""seller_details"": {}}",2026-07-30 06:11:24.859,148561876346,29/07/26
92919098,BUYER,224543,"{""callback"": ""callback by Today - To check product feasibility after receiving photo (Photo dekh kar bataunga)"", ""lead_tag"": {""deal_blockers"": [], ""deal_readiness"": ""Warm"", ""deal_readiness_reason"": ""Buyer is seeking a unique product customization for a startup and intends to send design photos for feasibility assessment. ""}, ""metadata"": {""call_type"": {""type"": ""B2B"", ""reason"": ""The buyer owns a startup and is looking for custom manufacturing of cosmetic products under their own brand name."", ""evidence"": {""keywords"": [""Startup"", ""Product Customization"", ""One-time use strips"", ""Brand Name""], ""order_type"": [""commercial""], ""repeat_buyer"": true, ""buyer_persona"": {""persona_detail"": ""Startup Founder"", ""persona_category"": ""manufacturer""}}}, ""buyer_intent"": {""narrative"": ""Wants customized cosmetic strips (face moisturizer, serum, facewash) for a startup."", ""reasoning"": ""Buyer has a specific, unique product concept (all-in-one strips) for a new business venture and is proactive in sharing designs."", ""intent_level"": ""High""}, ""call_outcome"": {""category"": ""Follow-up"", ""conclusion_notes"": ""Will send product photos for further discussion (Photo bhej raha hoon check karke call karna)""}, ""call_purpose"": ""requirement"", ""all_languages"": [""Hindi"", ""English""], ""primary_language"": ""Hindi"", ""additional_details"": {""buyer_queries"": [{""query"": ""Can you do product customization for my startup using one-time use strips?"", ""category"": ""Specifications"", ""sequence"": 1}], ""seller_queries"": [{""query"": ""Can you share a photo of the packaging?"", ""category"": ""Specifications"", ""sequence"": 2}]}}, ""products"": [{""in_stock"": ""in stock"", ""product_name"": ""Cosmetic Skin Care Strips (One-time use strips)"", ""specifications"": [{""name"": ""Type"", ""value"": ""One-time use strips"", ""buyer_requested"": true, ""seller_mentioned"": false}, {""name"": ""Components"", ""value"": ""Face Moisturizer, Serum, Face Wash"", ""buyer_requested"": false, ""seller_mentioned"": false}], ""related_categories"": [{""name"": ""Face Cream Third Party Manufacturing"", ""reason"": ""The customized strips include moisturizer.""}, {""name"": ""Face Serum Third Party Manufacturing"", ""reason"": ""The strips are intended to contain serum.""}, {""name"": ""Face Wash Third Party Manufacturing"", ""reason"": ""The product concept includes face wash functionality in the strip.""}], ""is_buyer_interested"": true, ""most_specific_category"": {""name"": ""Cosmetic Third Party Manufacturing"", ""reason"": ""The buyer specifically asked for product customization and brand name manufacturing for face care products.""}}], ""next_steps"": {""buyer_next_steps"": [""To share product packaging photos on WhatsApp""], ""seller_next_steps"": [""To review the received photos and call back to discuss feasibility""]}, ""buyer_details"": {""buyer_name"": ""6dac4087ab1a0098b14ed51d2531795dd6f416aba54d6f2962f7b1e1cbbcaaa9""}, ""seller_details"": {""seller_name"": ""44bcff24eb6751fdcc80626affe0ad38e91deadf89b4c1df821055688b96aa47""}}",2026-07-30 06:08:41.328,148561876346,29/07/26
30680414,BUYER,220532,"{""callback"": ""callback by Today - To share WhatsApp details (Hi karke bhejta hoon)"", ""lead_tag"": {""deal_blockers"": [], ""deal_readiness"": ""Warm"", ""deal_readiness_reason"": ""Wants to view photos/videos of various scanner models before deciding. ""}, ""metadata"": {""call_type"": {""type"": ""B2B"", ""reason"": ""Buyer is looking for a scanner for a specific project use-case (digitizing documents for SRA)."", ""evidence"": {""keywords"": [""SRA project"", ""Property documents"", ""Refurbished scanners""], ""order_type"": [""one-time""], ""repeat_buyer"": false, ""buyer_persona"": {""persona_detail"": ""SRA Project Coordinator"", ""persona_category"": ""other""}, ""quantity_scale"": ""Low""}}, ""buyer_intent"": {""narrative"": ""Wants a scanner for a slum redevelopment project to digitize old property documents and IDs."", ""reasoning"": ""Very specific about use-case (SRA project), mentioned scanning old bills and property documents, and asked for specific models."", ""intent_level"": ""High""}, ""call_outcome"": {""category"": ""Follow-up"", ""conclusion_notes"": ""Will check the range on WhatsApp (WhatsApp par range dikhaoge).""}, ""call_purpose"": ""requirement"", ""all_languages"": [""Gujarati"", ""Hindi"", ""English""], ""primary_language"": ""Gujarati"", ""additional_details"": {""buyer_queries"": [{""query"": ""What scanners do you have?"", ""category"": ""Availability"", ""sequence"": 1}, {""query"": ""What is the price for ScanJet?"", ""category"": ""Pricing"", ""sequence"": 2, ""answer_by_seller"": ""9,000 for refurbished.""}, {""query"": ""Do you give machines on rent for a few days?"", ""category"": ""Other"", ""sequence"": 3, ""answer_by_seller"": ""I don't provide on rent. People who provide on rent buy from me.""}, {""query"": ""Do you know someone who can scan for me?"", ""category"": ""Other"", ""sequence"": 4}, {""query"": ""Do you have the HP 200 flatbed scanner?"", ""category"": ""Availability"", ""sequence"": 5}], ""seller_queries"": [{""query"": ""Where are you from?"", ""category"": ""Location"", ""sequence"": 1, ""answer_by_buyer"": ""Mumbai. Kandivali.""}, {""query"": ""What do you need to scan?"", ""category"": ""Specifications"", ""sequence"": 2, ""answer_by_buyer"": ""Need to scan 30-40 year old bills, documents, property papers, and old ID cards for an SRA project.""}, {""query"": ""What is the size? A4 or A3?"", ""category"": ""Specifications"", ""sequence"": 3, ""answer_by_buyer"": ""Mostly A4 but some property documents are larger (A3).""}]}, ""intended_application"": ""SRA Project Documentation""}, ""products"": [{""price"": {""gst"": {""details"": ""With GST and bill."", ""is_gst_included"": true}, ""value"": 9000, ""currency"": ""INR"", ""buyer_price_reaction"": {""quote"": ""The rate is good (Saru rate che)."", ""category"": ""Accepted""}}, ""in_stock"": ""in stock"", ""product_name"": ""HP ScanJet"", ""specifications"": [{""name"": ""Condition"", ""value"": ""Refurbished"", ""buyer_requested"": false, ""seller_mentioned"": true}, {""name"": ""Paper Size"", ""value"": ""A4"", ""buyer_requested"": false, ""seller_mentioned"": true}], ""is_buyer_interested"": true, ""most_specific_category"": {""name"": ""Document Scanners"", ""reason"": ""Designed for high-volume document scanning including ADF features.""}}, {""price"": {""value"": 12500, ""currency"": ""INR""}, ""in_stock"": ""in stock"", ""product_name"": ""Canon DR 230"", ""specifications"": [{""name"": ""Scanning Speed"", ""value"": ""35 ppm"", ""buyer_requested"": false, ""seller_mentioned"": true}], ""is_buyer_interested"": true, ""most_specific_category"": {""name"": ""Document Scanners"", ""reason"": ""Mentioned as a high-speed document scanner model.""}}, {""price"": {""value"": 12000, ""currency"": ""INR""}, ""in_stock"": ""in stock"", ""product_name"": ""Samsung 370ND All-in-One"", ""specifications"": [{""name"": ""Functions"", ""value"": ""Print, Scan, Photocopy"", ""buyer_requested"": false, ""seller_mentioned"": true}, {""name"": ""Scanner Type"", ""value"": ""ADF and Flatbed"", ""buyer_requested"": false, ""seller_mentioned"": true}], ""is_buyer_interested"": true, ""most_specific_category"": {""name"": ""Document Scanners"", ""reason"": ""A multi-function device with printer and scanner capabilities.""}}, {""price"": {""value"": 1500, ""currency"": ""INR""}, ""in_stock"": ""in stock"", ""product_name"": ""HP 200 Flatbed"", ""specifications"": [{""name"": ""Scanner Type"", ""value"": ""Flatbed"", ""buyer_requested"": false, ""seller_mentioned"": true}], ""is_buyer_interested"": true, ""most_specific_category"": {""name"": ""Flatbed Scanner"", ""reason"": ""Specifically mentioned as a flatbed model for scanning single pages.""}}], ""next_steps"": {""buyer_next_steps"": [""To send a 'Hi' message on WhatsApp"", ""To check scanner photos/videos shared by the seller""], ""seller_next_steps"": [""To share details and price for various scanner models on WhatsApp"", ""To share video of the 9,000 range scanner""]}, ""buyer_details"": {""buyer_name"": ""6277a58afca46ac01c87533fb365c2f94484a9ee00a0929666d39310afa91a36""}, ""seller_details"": {""seller_name"": ""77da1177af80396ea90acbd644f4b08164fe89764fa777416ec8ddc621ae2136"", ""seller_location"": {""seller_city"": ""Mumbai"", ""seller_locality"": ""Bhandup""}}}",2026-07-30 04:49:15.478,148562221913,29/07/26
9094134,BUYER,184637,"{""callback"": ""callback by Tomorrow 10 AM - To provide quotaion (Kal subha call karti hoon)"", ""lead_tag"": {""deal_blockers"": [], ""deal_readiness"": ""Warm"", ""deal_readiness_reason"": ""The buyer discussed specific requirements for a boiler system and is waiting for a quotation and location details.""}, ""metadata"": {""call_type"": {""type"": ""B2B"", ""reason"": ""The buyer is inquiring about industrial-grade steam ironing equipment involving multiple units (boiler, tables, and irons), suggesting a commercial or laundry business setup."", ""evidence"": {""order_type"": [""commercial""], ""repeat_buyer"": false, ""quantity_scale"": ""High""}}, ""buyer_intent"": {""narrative"": ""The buyer is looking for a steam ironing system consisting of one boiler, two tables, and two iron boxes for use in Coimbatore."", ""reasoning"": ""The buyer has specific technical requirements for the setup and is actively seeking pricing and office location details."", ""intent_level"": ""High""}, ""call_outcome"": {""category"": ""Follow-up"", ""conclusion_notes"": ""The seller agreed to share the location and quotation on WhatsApp. (WhatsApp pe location aur quotation bhej dungi)""}, ""call_purpose"": ""requirement"", ""all_languages"": [""English"", ""Tamil""], ""primary_language"": ""Tamil"", ""additional_details"": {""buyer_queries"": [{""query"": ""Where is your location in Coimbatore?"", ""category"": ""Location"", ""sequence"": 1}, {""query"": ""What is the price of the steam ironing machine?"", ""category"": ""Pricing"", ""sequence"": 2}, {""query"": ""Can you provide a setup with one boiler, two tables, and two iron boxes?"", ""category"": ""Specifications"", ""sequence"": 3}], ""seller_queries"": [{""query"": ""Are you from Coimbatore?"", ""category"": ""Location"", ""sequence"": 1}, {""query"": ""Confirming your requirement for one boiler and two tables?"", ""category"": ""Specifications"", ""sequence"": 2}]}}, ""products"": [{""in_stock"": ""in stock"", ""product_name"": ""Steam Ironing System"", ""specifications"": [{""name"": ""Boiler Quantity"", ""value"": ""1"", ""buyer_requested"": true, ""seller_mentioned"": false}, {""name"": ""Table Quantity"", ""value"": ""2"", ""buyer_requested"": true, ""seller_mentioned"": false}, {""name"": ""Iron Box Quantity"", ""value"": ""2"", ""buyer_requested"": true, ""seller_mentioned"": false}], ""related_categories"": [{""name"": ""Industrial Automatic Laundry Iron"", ""reason"": ""The requirement for a boiler and multiple tables indicates an industrial-scale laundry setup.""}, {""name"": ""Vacuum Ironing Table"", ""reason"": ""Ironing tables are a core component requested by the buyer.""}, {""name"": ""Ironing Machines"", ""reason"": ""The overall requirement falls under specialized ironing machinery.""}], ""is_buyer_interested"": true, ""most_specific_category"": {""name"": ""Steam Ironing Systems"", ""reason"": ""The buyer specifically asked for a steam ironing setup including a boiler and tables.""}}], ""next_steps"": {""buyer_next_steps"": [""To review the quotation and location on WhatsApp""], ""seller_next_steps"": [""To share the office location on WhatsApp"", ""To send the quotation for one boiler and two tables setup on WhatsApp""]}, ""buyer_details"": {""buyer_name"": ""9689253c59d47cc4dad7060cc291dbb2b30d62cbde9ee121a64201cd41cb656f""}, ""seller_details"": {""seller_location"": {""seller_city"": ""Palladam""}}}",2026-07-30 04:29:17.652,148561871334,29/07/26
110051814,BUYER,164530,"{""lead_tag"": {""deal_blockers"": [{""detail"": ""Seller has a minimum order quantity of 200 liters"", ""category"": ""MOQ""}], ""deal_readiness"": ""Cold"", ""deal_readiness_reason"": ""The buyer requires only a small bottle while the seller's minimum order is 200 liters.""}, ""metadata"": {""call_type"": {""type"": ""B2C"", ""reason"": ""The buyer is seeking a single retail unit for personal use, while the seller is a manufacturer requiring bulk industrial orders."", ""evidence"": {""keywords"": [""Cockroach Gel"", ""Ahmedabad""], ""order_type"": [""one-time""], ""repeat_buyer"": false, ""buyer_persona"": {""persona_detail"": ""Individual householder"", ""persona_category"": ""end_consumer""}, ""quantity_scale"": ""Low""}}, ""buyer_intent"": {""narrative"": ""Wants a single bottle or tube of cockroach gel for household use."", ""reasoning"": ""The buyer is an end consumer looking for a retail pack (1 piece) and has used the product before. However, the seller is a manufacturer with a high MOQ."", ""intent_level"": ""Low""}, ""call_outcome"": {""category"": ""Lost"", ""conclusion_notes"": ""MOQ mismatch as the buyer only wants one piece and the seller deals in 200+ liters (200 liter se kam kaam nahi hota).""}, ""call_purpose"": ""requirement"", ""all_languages"": [""Hindi"", ""English""], ""primary_language"": ""Hindi"", ""additional_details"": {""buyer_queries"": [{""query"": ""Is this gel available at any store in Ahmedabad?"", ""category"": ""Availability"", ""sequence"": 3}, {""query"": ""What is the smallest pack size available?"", ""category"": ""Quantity"", ""sequence"": 2}, {""query"": ""Can I get one small piece (bottle/tube pack)?"", ""category"": ""Quantity"", ""sequence"": 1, ""answer_by_seller"": ""We are manufacturers and do not supply quantities less than 200 liters.""}], ""seller_queries"": [{""query"": ""How much do you need?"", ""category"": ""Quantity"", ""sequence"": 4, ""answer_by_buyer"": ""I need only one piece.""}]}, ""intended_application"": ""Household Pest Control""}, ""products"": [{""in_stock"": ""in stock"", ""product_name"": ""Cockroach Gel (Roach Gel)"", ""specifications"": [{""name"": ""Product Form"", ""value"": ""Gel"", ""buyer_requested"": false, ""seller_mentioned"": true}], ""quantity_required"": {""unit"": ""piece"", ""value"": 1}, ""related_categories"": [{""name"": ""Insecticides"", ""reason"": ""Cockroach gel is a type of insecticide used to kill pests.""}, {""name"": ""Biopesticides"", ""reason"": ""Many consumer-grade cockroach gels use bio-based attractants.""}], ""is_buyer_interested"": true, ""minimum_order_quantity"": {""unit"": ""liters"", ""value"": 200}, ""most_specific_category"": {""name"": ""Fipronil Gel"", ""reason"": ""The buyer explicitly asks for a cockroach gel which is commonly formulated using Fipronil.""}, ""seller_accepts_quantity"": false}], ""next_steps"": {""buyer_next_steps"": [], ""seller_next_steps"": []}, ""buyer_details"": {""buyer_name"": ""a3448fdb27dd568dedb608cd89e49db19e04ff30cf4f064e1b8b67372e502edb"", ""buyer_location"": {""buyer_city"": ""Ahmedabad""}}, ""seller_details"": {""seller_location"": {""seller_city"": ""Ahmedabad""}}}",2026-07-29 12:44:52.698,148561637275,29/07/26
195444356,BUYER,7610,"{""payment"": {}, ""callback"": ""callback by Tomorrow - To discuss delivery time and final cost (Aap mujhe call karna kal)"", ""lead_tag"": {""deal_blockers"": [{""detail"": ""Buyer found the quoted SLES 28% rate higher than previous local purchases."", ""category"": ""Price""}], ""deal_readiness"": ""Warm"", ""deal_readiness_reason"": ""Buyer has pending orders and needs material urgently but wants to compare total landing costs first.""}, ""metadata"": {""call_type"": {""type"": ""B2B"", ""reason"": ""The buyer is a manufacturer of car foam wash looking for industrial chemicals in bulk quantities (drums/barrels) for production."", ""evidence"": {""keywords"": [""Factory Use"", ""Raw Material"", ""Cost Comparison""], ""order_type"": [""commercial"", ""bulk""], ""repeat_buyer"": true, ""buyer_persona"": {""persona_detail"": ""Car Foam Wash Manufacturer"", ""persona_category"": ""manufacturer""}, ""quantity_scale"": ""High""}}, ""buyer_intent"": {""narrative"": ""Wants to purchase SLES 70% and 18% HCL for manufacturing car foam wash in Kolkata."", ""reasoning"": ""Buyer has existing pending orders and mentioned specific technical issues with lower concentration SLES."", ""intent_level"": ""High""}, ""call_outcome"": {""category"": ""Follow-up"", ""conclusion_notes"": ""Buyer will share PIN code; seller will calculate total landing cost including transport (Costing dekh leta hoon kya aa raha hai).""}, ""call_purpose"": ""requirement"", ""all_languages"": [""Hindi"", ""English""], ""primary_language"": ""Hindi"", ""additional_details"": {""buyer_queries"": [{""query"": ""What is the rate for SLES 70%?"", ""category"": ""Pricing"", ""sequence"": 1, ""answer_by_seller"": ""175 per kg plus GST for barrel packing (250kg) and 185 per kg plus GST for 50kg drum packing.""}, {""query"": ""What is the rate for SLES 28%?"", ""category"": ""Pricing"", ""sequence"": 2, ""answer_by_seller"": ""95 per kg plus GST for 50kg drum packing.""}, {""query"": ""Which company's material do you supply?"", ""category"": ""Specifications"", ""sequence"": 3, ""answer_by_seller"": ""Godrej brand for 50kg packing and BASF for barrel packing.""}, {""query"": ""What will be the transport cost to Kolkata?"", ""category"": ""Delivery"", ""sequence"": 4, ""answer_by_seller"": ""Approximately 400 to 500 for a 5-drum load to Kolkata.""}], ""seller_queries"": [{""query"": ""At what rate did you purchase previously?"", ""category"": ""Pricing"", ""sequence"": 5, ""answer_by_buyer"": ""I used to buy SLES 28% at 75 to 80 per kg.""}, {""query"": ""What is your application for Hydrochloric Acid?"", ""category"": ""Specifications"", ""sequence"": 6, ""answer_by_buyer"": ""I am using it for manufacturing car foam wash.""}, {""query"": ""Can you share your PIN code and address?"", ""category"": ""Location"", ""sequence"": 7}]}, ""intended_application"": ""Industrial Production""}, ""products"": [{""price"": {""gst"": {""value"": 18, ""is_gst_included"": false}, ""value"": 175, ""currency"": ""INR"", ""price_unit"": ""kg""}, ""in_stock"": ""in stock"", ""product_name"": ""SLES 70% (Barrel Packing)"", ""specifications"": [{""name"": ""Concentration"", ""unit"": ""%"", ""value"": ""70"", ""buyer_requested"": true, ""seller_mentioned"": true}, {""name"": ""Packing"", ""value"": ""250kg Barrel"", ""buyer_requested"": false, ""seller_mentioned"": true}, {""name"": ""Brand"", ""value"": ""BASF"", ""buyer_requested"": true, ""seller_mentioned"": true}], ""related_categories"": [{""name"": ""Surfactants"", ""reason"": ""SLES 70% is a primary anionic surfactant used in cleaning products.""}], ""is_buyer_interested"": true, ""minimum_order_quantity"": {""unit"": ""kg"", ""value"": 250}, ""most_specific_category"": {""name"": ""Sodium Lauryl Ether Sulphate"", ""reason"": ""Matches the discussed product SLES which is widely used as a surfactant.""}}, {""price"": {""gst"": {""value"": 18, ""is_gst_included"": false}, ""value"": 185, ""currency"": ""INR"", ""price_unit"": ""kg""}, ""in_stock"": ""in stock"", ""product_name"": ""SLES 70% (Drum Packing)"", ""specifications"": [{""name"": ""Concentration"", ""unit"": ""%"", ""value"": ""70"", ""buyer_requested"": true, ""seller_mentioned"": true}, {""name"": ""Packing"", ""value"": ""50kg Drum"", ""buyer_requested"": false, ""seller_mentioned"": true}, {""name"": ""Brand"", ""value"": ""Godrej"", ""buyer_requested"": true, ""seller_mentioned"": true}], ""related_categories"": [{""name"": ""Detergent Raw Material"", ""reason"": ""Commonly used as a base for liquid detergents and foam washes.""}], ""is_buyer_interested"": true, ""minimum_order_quantity"": {""unit"": ""kg"", ""value"": 50}, ""most_specific_category"": {""name"": ""Sodium Lauryl Ether Sulphate"", ""reason"": ""Product is SLES 70% in a smaller 50kg packing format.""}}, {""price"": {""gst"": {""value"": 18, ""is_gst_included"": false}, ""value"": 95, ""currency"": ""INR"", ""price_unit"": ""kg"", ""buyer_price_reaction"": {""quote"": ""95 is a bit high, I bought at 75-80 earlier"", ""category"": ""Negotiating""}}, ""in_stock"": ""in stock"", ""product_name"": ""SLES 28%"", ""specifications"": [{""name"": ""Concentration"", ""unit"": ""%"", ""value"": ""28"", ""buyer_requested"": true, ""seller_mentioned"": true}, {""name"": ""Packing"", ""value"": ""50kg Drum"", ""buyer_requested"": false, ""seller_mentioned"": true}], ""is_buyer_interested"": true, ""most_specific_category"": {""name"": ""Sodium Lauryl Ether Sulphate"", ""reason"": ""Discussions regarding SLES 28% concentration for detergent manufacturing.""}}, {""price"": {""delivery_charge"": {""details"": ""To be calculated based on PIN code""}}, ""in_stock"": ""in stock"", ""product_name"": ""Hydrochloric Acid (HCL)"", ""specifications"": [{""name"": ""End Use"", ""value"": ""Toilet Cleaner / Car Foam"", ""buyer_requested"": true, ""seller_mentioned"": false}], ""quantity_required"": {""unit"": ""liters"", ""value"": 50}, ""is_buyer_interested"": true, ""most_specific_category"": {""name"": ""Industrial Chemicals"", ""reason"": ""Hydrochloric Acid is a fundamental industrial chemical discussed for car cleaning products.""}, ""seller_accepts_quantity"": true}], ""next_steps"": {""buyer_next_steps"": [""To share PIN code and nearby warehouse address""], ""seller_next_steps"": [""To check exact transport rates for Kolkata"", ""To share total landing cost including GST and freight"", ""To provide HCL pricing""]}, ""buyer_details"": {""buyer_name"": ""a4eecdcc6c7d5462a9f3e57bbd73d5e5500cbb5f3f6b815d28838497380a9f1a"", ""buyer_location"": {""buyer_city"": ""Kolkata""}}, ""seller_details"": {""seller_name"": ""7e6d1c55fde89afc4e04a2f45acefc98e2b20c950a4491b4b77e6b55f5f906fc""}}",2026-07-29 12:29:43.813,148562133867,29/07/26
229634980,BUYER,29161,"{""payment"": {}, ""callback"": ""callback by Tomorrow 5 PM - To finalized (Kal 5 baje call karta hoon)"", ""lead_tag"": {""deal_blockers"": [], ""deal_readiness"": ""Warm"", ""deal_readiness_reason"": ""Buyer is a government contractor with clear specifications but needs a price list to compare.""}, ""metadata"": {""call_type"": {""type"": ""B2B"", ""reason"": ""The buyer is a government contractor for the PHD department, requiring bulk quantities for a commercial project."", ""evidence"": {""keywords"": [""PHD Department"", ""Government Contractor"", ""Third Party Inspection""], ""order_type"": [""bulk"", ""commercial""], ""repeat_buyer"": false, ""buyer_persona"": {""persona_detail"": ""Government Contractor"", ""persona_category"": ""contractor""}, ""quantity_scale"": ""High""}}, ""buyer_intent"": {""narrative"": ""Government contractor from J&K needs Apollo GI pipes in various sizes (25mm, 80mm, 100mm) including 3rd party inspection reports."", ""reasoning"": ""Buyer provided exact measurements in meters and specific diameters for a government project (PHD Department)."", ""intent_level"": ""High""}, ""call_outcome"": {""category"": ""Follow-up"", ""conclusion_notes"": ""Seller sent details on WhatsApp; buyer to review and call back (WhatsApp par detail bhej di hai, check karke batata hoon).""}, ""call_purpose"": ""requirement"", ""all_languages"": [""Hindi"", ""English""], ""primary_language"": ""Hindi"", ""additional_details"": {""buyer_queries"": [{""query"": ""Can you provide a price list for these pipes?"", ""category"": ""Pricing"", ""sequence"": 4, ""answer_by_seller"": ""I will share the details on WhatsApp.""}], ""seller_queries"": [{""query"": ""How much quantity do you need?"", ""category"": ""Quantity"", ""sequence"": 1, ""answer_by_buyer"": ""I need 170 meters of 100mm, 450 meters of 80mm, and 1000 meters of 25mm pipe.""}, {""query"": ""Which brand do you want?"", ""category"": ""Specifications"", ""sequence"": 2, ""answer_by_buyer"": ""I am looking for Apollo pipes with a 3rd party inspection report.""}, {""query"": ""Where are you calling from?"", ""category"": ""Location"", ""sequence"": 3, ""answer_by_buyer"": ""I'm from Jammu & Kashmir.""}]}, ""intended_application"": ""Government Project""}, ""products"": [{""price"": {}, ""in_stock"": ""in stock"", ""product_name"": ""Apollo GI Pipe (100mm)"", ""specifications"": [{""name"": ""Size"", ""unit"": ""mm"", ""value"": ""100"", ""buyer_requested"": true, ""seller_mentioned"": false}, {""name"": ""Class"", ""value"": ""Light Class"", ""buyer_requested"": true, ""seller_mentioned"": false}, {""name"": ""Brand"", ""value"": ""Apollo"", ""buyer_requested"": true, ""seller_mentioned"": true}], ""quantity_required"": {""unit"": ""meter"", ""value"": 170}, ""related_categories"": [{""name"": ""APL Apollo Pre Galvanized Steel Tube"", ""reason"": ""The buyer specifically requested Apollo brand pipes.""}], ""is_buyer_interested"": true, ""most_specific_category"": {""name"": ""Galvanized Iron Pipes"", ""reason"": ""The product is explicitly identified as GI (Galvanized Iron) pipe used for plumbing/government projects.""}, ""seller_accepts_quantity"": true}, {""price"": {}, ""in_stock"": ""in stock"", ""product_name"": ""Apollo GI Pipe (80mm)"", ""specifications"": [{""name"": ""Size"", ""unit"": ""mm"", ""value"": ""80"", ""buyer_requested"": true, ""seller_mentioned"": false}, {""name"": ""Class"", ""value"": ""Light Class"", ""buyer_requested"": true, ""seller_mentioned"": false}], ""quantity_required"": {""unit"": ""meter"", ""value"": 450}, ""related_categories"": [{""name"": ""APL Apollo Pre Galvanized Steel Tube"", ""reason"": ""Requested brand is Apollo.""}], ""is_buyer_interested"": true, ""most_specific_category"": {""name"": ""Galvanized Iron Pipes"", ""reason"": ""Explicitly discussed as GI Pipe.""}, ""seller_accepts_quantity"": true}, {""price"": {}, ""in_stock"": ""in stock"", ""product_name"": ""Apollo GI Pipe (25mm)"", ""specifications"": [{""name"": ""Size"", ""unit"": ""mm"", ""value"": ""25"", ""buyer_requested"": true, ""seller_mentioned"": false}, {""name"": ""Class"", ""value"": ""Light Class"", ""buyer_requested"": true, ""seller_mentioned"": false}], ""quantity_required"": {""unit"": ""meter"", ""value"": 1000}, ""related_categories"": [{""name"": ""APL Apollo Pre Galvanized Steel Tube"", ""reason"": ""Apollo mentioned specifically.""}], ""is_buyer_interested"": true, ""most_specific_category"": {""name"": ""Galvanized Iron Pipes"", ""reason"": ""Small diameter GI pipe requirement.""}, ""seller_accepts_quantity"": true}], ""next_steps"": {""buyer_next_steps"": [""To review the price list on WhatsApp"", ""To call back at 5 PM tomorrow""], ""seller_next_steps"": [""To share the full catalog and price list on WhatsApp""]}, ""buyer_details"": {""buyer_name"": ""4a11836470651d13e1a29de644b6dbc2f8beada3c85447532476243213286490""}, ""seller_details"": {""seller_name"": ""6d3c2e07c56c4163d7a4ed146e42fb4a034a1e3a83112d07d3e39113d0d6430c""}}",2026-07-29 10:55:33.456,148562307367,29/07/26
107906481,BUYER,221789,"{""payment"": {}, ""callback"": ""callback by Next Week - To check chain brush availability (Agle hafte mil jayega bhaiya)"", ""lead_tag"": {""deal_blockers"": [{""detail"": ""Product is currently out of stock, expected next week"", ""category"": ""Availability""}], ""deal_readiness"": ""Warm"", ""deal_readiness_reason"": ""Buyer has a high quantity requirement of 500 pieces but the item is currently out of stock.""}, ""metadata"": {""call_type"": {""type"": ""B2B"", ""reason"": ""The buyer is looking for a large quantity (500 pieces) indicative of B2B/resale intent."", ""evidence"": {""order_type"": [""bulk"", ""commercial""], ""repeat_buyer"": false, ""quantity_scale"": ""High""}}, ""buyer_intent"": {""narrative"": ""Wants 500 units of chain cleaning brushes for next week delivery."", ""reasoning"": ""The buyer specified a high quantity of 500 units and engaged in a conversation about availability timelines."", ""intent_level"": ""High""}, ""call_outcome"": {""category"": ""Follow-up"", ""conclusion_notes"": ""Stock will be available next week (Agle hafte mil jayega bhaiya)""}, ""call_purpose"": ""requirement"", ""all_languages"": [""Hindi"", ""English""], ""primary_language"": ""Hindi"", ""additional_details"": {""buyer_queries"": [{""query"": ""Is the chain cleaning brush available?"", ""category"": ""Availability"", ""sequence"": 1}, {""query"": ""How many days will it take for the chain cleaning brush to be available?"", ""category"": ""Availability"", ""sequence"": 3}], ""seller_queries"": [{""query"": ""How many pieces do you need?"", ""category"": ""Quantity"", ""sequence"": 2, ""answer_by_buyer"": ""I need 500 pieces.""}]}, ""intended_application"": ""Commercial Resale""}, ""products"": [{""in_stock"": ""out of stock"", ""product_name"": ""Chain Cleaning Brush"", ""specifications"": [], ""quantity_required"": {""unit"": ""pieces"", ""value"": 500}, ""related_categories"": [{""name"": ""Car Wash Tools"", ""reason"": ""Niche cleaning tools often fall under broader vehicle wash categories.""}, {""name"": ""Cleaning Brushes"", ""reason"": ""General category for all types of manual brushes.""}], ""is_buyer_interested"": true, ""most_specific_category"": {""name"": ""Chain Cleaning Brush"", ""reason"": ""The buyer specifically requested a 'chain cleaning brush' for maintenance.""}, ""seller_accepts_quantity"": true}], ""next_steps"": {""buyer_next_steps"": [""To call back next week for stock updates""], ""seller_next_steps"": [""To confirm 500pc stock availability next week""]}, ""buyer_details"": {""buyer_name"": ""21262a3cb5337627b0fad9d891c16adb40706bd3e57534416dd02bbe5917d184""}, ""seller_details"": {}}",2026-07-29 10:49:58.828,148561426195,29/07/26
129993375,BUYER,138858,"{""callback"": ""callback by Soon - To discuss further (Mai call back karti hoon aapko)"", ""lead_tag"": {""deal_blockers"": [], ""deal_readiness"": ""Cold"", ""deal_readiness_reason"": ""Call disconnected due to technical issues before requirement could be discussed.""}, ""metadata"": {""call_type"": {""type"": ""B2B"", ""reason"": ""The call was an inquiry from a buyer to a business (Samarth Enterprises), but without further details, it is categorized broadly as a business inquiry."", ""evidence"": {""keywords"": [""Pune Maharashtra"", ""Samarth Enterprises""]}}, ""buyer_intent"": {""narrative"": ""Buyer called to inquire about a product from Samarth Enterprises but could not communicate due to poor connection."", ""reasoning"": ""The buyer expressed interest in the seller's company but no specific product or quantity details were exchanged before the call was cut short."", ""intent_level"": ""Low""}, ""call_outcome"": {""category"": ""Follow-up"", ""conclusion_notes"": ""Seller promised to call back immediately to resolve the audio issue (Ek minute main call back karti hoon aapko).""}, ""call_purpose"": ""requirement"", ""all_languages"": [""Hindi"", ""English""], ""primary_language"": ""Hindi"", ""additional_details"": {""buyer_queries"": [], ""seller_queries"": []}}, ""products"": [], ""next_steps"": {""buyer_next_steps"": [], ""seller_next_steps"": [""To call back the buyer to establish a stable connection.""]}, ""buyer_details"": {""buyer_name"": ""813df99f0dfaf8897e1dab07220a45fff8c937f25c09c8caea5869223514be4b""}, ""seller_details"": {""seller_name"": ""d61d2a3588dc176c0476ec4bce6be1fbcccfa99949f223591def2a2d13617bc0"", ""seller_location"": {""seller_city"": ""Pune"", ""seller_state"": ""Maharashtra""}}}",2026-07-29 10:42:37.184,148561759295,29/07/26
212952918,BUYER,20562,"{""callback"": ""callback by Soon - To share options on WhatsApp (Option bhejta hoon WhatsApp pe)"", ""lead_tag"": {""deal_blockers"": [], ""deal_readiness"": ""Hot"", ""deal_readiness_reason"": ""Buyer wants a single unit but the discussion moved immediately to sharing options via WhatsApp for order placement.""}, ""metadata"": {""call_type"": {""type"": ""B2C"", ""reason"": ""The buyer requested a single piece of snooker equipment for personal use, characteristic of B2C transactions."", ""evidence"": {""order_type"": [""one-time""], ""repeat_buyer"": false, ""buyer_persona"": {""persona_category"": ""end_consumer""}, ""quantity_scale"": ""Low""}}, ""buyer_intent"": {""narrative"": ""Wants a single piece of a Gunman (Snooker Cue) for personal use."", ""reasoning"": ""The buyer has a specific product in mind, asked for a single unit, and shared his contact details for further options."", ""intent_level"": ""High""}, ""call_outcome"": {""category"": ""Follow-up"", ""conclusion_notes"": ""Seller will share product options on WhatsApp (WhatsApp pe option bhejta hoon)""}, ""call_purpose"": ""requirement"", ""all_languages"": [""Hindi"", ""English""], ""primary_language"": ""Hindi"", ""additional_details"": {""buyer_queries"": [{""query"": ""Do you have single pieces of Gurnman?"", ""category"": ""Specifications"", ""sequence"": 1}], ""seller_queries"": [{""query"": ""Where are you calling from?"", ""category"": ""Location"", ""sequence"": 2}]}}, ""products"": [{""in_stock"": ""in stock"", ""product_name"": ""Gunman (Snooker Cue)"", ""specifications"": [{""name"": ""Quantity"", ""value"": ""Single piece"", ""buyer_requested"": false, ""seller_mentioned"": false}], ""quantity_required"": {""unit"": ""piece"", ""value"": 1}, ""related_categories"": [{""name"": ""Billiard Stick"", ""reason"": ""Gunman is a type of cue stick used in billiards games.""}], ""is_buyer_interested"": true, ""most_specific_category"": {""name"": ""Snooker Cues"", ""reason"": ""The buyer specifically used the term 'Gunman' which refers to a type of snooker/billiards cue.""}, ""seller_accepts_quantity"": true}], ""next_steps"": {""buyer_next_steps"": [""To review product options sent on WhatsApp""], ""seller_next_steps"": [""To share product options and details on WhatsApp""]}, ""buyer_details"": {""buyer_name"": ""82a5c663481036616824c0510f21ede50f734e63d14e5f657716ac38f3c0f9f6"", ""buyer_location"": {""buyer_city"": ""Saharanpur""}, ""buyer_mobile_number"": ""651f1a5d4451d09d57bb618bd1b686d9b6cf5504db79bf1a11d10d1322e08491""}, ""seller_details"": {}}",2026-07-29 10:34:41.519,148561681952,29/07/26
212952918,BUYER,20562,"{""callback"": ""callback by Tomorrow 10 AM - To discuss final price (Kal subah 10 baje call karega)"", ""lead_tag"": {""deal_blockers"": [], ""deal_readiness"": ""Hot"", ""deal_readiness_reason"": ""The buyer has a specific product in mind and will call tomorrow morning for finalizing the price.""}, ""metadata"": {""call_type"": {""type"": ""B2B"", ""reason"": ""The buyer was looking for professional snooker cue sticks for personal or business use."", ""evidence"": {""keywords"": [""Professional"", ""Omin Gunman"", ""Snooker""], ""order_type"": [""commercial""], ""buyer_persona"": {""persona_category"": ""end_consumer""}}}, ""buyer_intent"": {""narrative"": ""Hasan is looking for professional Omin Gunman cue sticks for snooker use."", ""reasoning"": ""The buyer has specific brand preferences and asked about build quality and professional usage."", ""intent_level"": ""High""}, ""call_outcome"": {""category"": ""Follow-up"", ""conclusion_notes"": ""Hasan will call the seller tomorrow at 10 AM to discuss the price. (Kal 10 baje call karta hoon rate ke liye)""}, ""call_purpose"": ""requirement"", ""all_languages"": [""Hindi"", ""English""], ""primary_language"": ""Hindi"", ""additional_details"": {""buyer_queries"": [{""query"": ""Do you have Omin Gunman?"", ""category"": ""Availability"", ""sequence"": 1, ""answer_by_seller"": ""Yes, Omin Gunman is manufactured and available at our store in Kirti Nagar.""}, {""query"": ""Is it made in India?"", ""category"": ""Specifications"", ""sequence"": 2, ""answer_by_seller"": ""Omin Gunman is imported from Taiwan.""}, {""query"": ""How many types of cue sticks are there?"", ""category"": ""Availability"", ""sequence"": 3, ""answer_by_seller"": ""Yes, we have 4 types of cue sticks available.""}, {""query"": ""Do professional players use this?"", ""category"": ""Certification"", ""sequence"": 4, ""answer_by_seller"": ""I provide cues to professionals across India.""}], ""seller_queries"": []}, ""intended_application"": ""Professional Snooker Training""}, ""products"": [{""in_stock"": ""in stock"", ""product_name"": ""Omin Gunman Cue Stick"", ""specifications"": [{""name"": ""Brand"", ""value"": ""Omin Gunman"", ""buyer_requested"": true, ""seller_mentioned"": true}, {""name"": ""Manufacturing Country"", ""value"": ""Taiwan"", ""buyer_requested"": true, ""seller_mentioned"": true}, {""name"": ""Types"", ""value"": ""4"", ""buyer_requested"": true, ""seller_mentioned"": true}], ""related_categories"": [{""name"": ""Billiard Stick"", ""reason"": ""Cue sticks are used in both snooker and billiards.""}], ""is_buyer_interested"": true, ""most_specific_category"": {""name"": ""Snooker Cues"", ""reason"": ""The buyer is specifically inquiring about professional cues for snooker.""}}], ""next_steps"": {""buyer_next_steps"": [""To call back tomorrow at 10 AM""], ""seller_next_steps"": [""To provide the final price on the call tomorrow""]}, ""buyer_details"": {""buyer_name"": ""82a5c663481036616824c0510f21ede50f734e63d14e5f657716ac38f3c0f9f6""}, ""seller_details"": {""seller_name"": ""d0c3e5cfb89c925626eb8e4bc8e81765920c7096a4c0148ba0a4f057928c76cd"", ""seller_location"": {""seller_city"": ""New Delhi"", ""seller_locality"": ""Kirti Nagar""}}}",2026-07-29 10:31:31.572,148561681952,29/07/26
156633640,BUYER,15845,"{""payment"": {}, ""callback"": ""callback by Tomorrow - To send a quote (mai kal quote bhej dunga sir)"", ""lead_tag"": {""deal_blockers"": [], ""deal_readiness"": ""Warm"", ""deal_readiness_reason"": ""Wants a quotation for specific dimensions and quantity and is ready further to share details on WhatsApp.""}, ""metadata"": {""call_type"": {""type"": ""B2B"", ""reason"": ""The buyer is inquiring on behalf of 'Sushila TVS' for 24 high-capacity racks for storing spare parts, indicating a commercial/B2B context."", ""evidence"": {""keywords"": [""Spare Parts"", ""Quotation"", ""9 Feet Height""], ""order_type"": [""bulk"", ""commercial""], ""repeat_buyer"": false, ""buyer_persona"": {""persona_detail"": ""Spare Parts Store"", ""persona_category"": ""retailer""}, ""quantity_scale"": ""High""}}, ""buyer_intent"": {""narrative"": ""Wants 24 pieces of 9-foot high racks for spare parts and has clear dimensions in mind."", ""reasoning"": ""The buyer knew the specific dimensions (9-foot height) and quantity (24 pieces) needed for a business application (spare parts storage)."", ""intent_level"": ""High""}, ""call_outcome"": {""category"": ""Follow-up"", ""conclusion_notes"": ""Will share a quotation after receiving dimensions on WhatsApp (Aap dimensions bhejo mai quotation bhej dunga).""}, ""call_purpose"": ""requirement"", ""all_languages"": [""English"", ""Kannada"", ""Hindi""], ""primary_language"": ""English"", ""additional_details"": {""buyer_queries"": [{""query"": ""What is the price of the racks for spare parts?"", ""category"": ""Pricing"", ""sequence"": 1}], ""seller_queries"": [{""query"": ""How many levels are required?"", ""category"": ""Specifications"", ""sequence"": 2}, {""query"": ""What should be the weight capacity?"", ""category"": ""Specifications"", ""sequence"": 3}, {""query"": ""How many racks are needed?"", ""category"": ""Quantity"", ""sequence"": 4}]}, ""intended_application"": ""Industrial Storage""}, ""products"": [{""in_stock"": ""in stock"", ""product_name"": ""Racks for Spare Parts"", ""specifications"": [{""name"": ""Height"", ""unit"": ""feet"", ""value"": ""9"", ""buyer_requested"": false, ""seller_mentioned"": false}, {""name"": ""Application"", ""unit"": """", ""value"": ""Spare Parts"", ""buyer_requested"": false, ""seller_mentioned"": false}], ""quantity_required"": {""unit"": ""pieces"", ""value"": 24}, ""related_categories"": [{""name"": ""Industrial Storage Rack"", ""reason"": ""Used for storing industrial components like spare parts.""}, {""name"": ""Iron Rack"", ""reason"": ""Racks of this height and load capacity are generally made of iron or MS.""}], ""is_buyer_interested"": true, ""most_specific_category"": {""name"": ""Warehouse Racks"", ""reason"": ""High-height storage racks used for industrial spare parts are typically classified as warehouse racks.""}, ""seller_accepts_quantity"": true}], ""next_steps"": {""buyer_next_steps"": [""To share detailed dimensions on WhatsApp"", ""To specify number of levels and weight capacity per rack""], ""seller_next_steps"": [""To share a quotation once dimensions are received""]}, ""buyer_details"": {""buyer_mobile_number"": ""171685701552855c1f790dc4ed8434344d48fe1c2a7fbfa1ebeb96dc72a85bc2""}, ""seller_details"": {""seller_name"": ""7ee8118150e0ce023742beba6f10bf23aabbf0bc2c182f36fd1a6753cd21b4c6""}}",2026-07-29 10:18:59.545,148561550175,29/07/26
163247936,BUYER,43017,"{""payment"": {}, ""callback"": """", ""lead_tag"": {""deal_blockers"": [], ""deal_readiness"": ""Warm"", ""deal_readiness_reason"": ""The buyer shows interest in corporate event services and intends to involve his brother to proceed further.""}, ""metadata"": {""call_type"": {""type"": ""B2B"", ""reason"": ""The buyer has a requirement for a corporate event, which falls under commercial services."", ""evidence"": {""keywords"": [""Corporate Event""], ""order_type"": [""commercial""]}}, ""buyer_intent"": {""narrative"": ""The buyer is interested in corporate event services and mentions that he has another contact number for further discussion."", ""reasoning"": ""The buyer acknowledges the query and expresses a need to involve his brother, suggesting a genuine interest but still in a coordination phase."", ""intent_level"": ""Medium""}, ""call_outcome"": {""category"": ""Follow-up"", ""conclusion_notes"": ""The buyer redirected the seller to another contact number for further discussion (Naya number note kar lijiye unse baat kijiye).""}, ""call_purpose"": ""requirement"", ""all_languages"": [""Hindi"", ""English""], ""primary_language"": ""Hindi"", ""additional_details"": {""buyer_queries"": [], ""seller_queries"": [{""query"": ""I'm calling from Mumbai regarding a query you posted on IndiaMART about a corporate event."", ""category"": ""Specifications"", ""sequence"": 1}]}, ""intended_application"": ""Corporate Event Management""}, ""products"": [{""product_name"": ""Corporate Event"", ""related_categories"": [{""name"": ""Event Management Services"", ""reason"": ""Corporate event management is a specialized type of event management service.""}], ""is_buyer_interested"": true, ""most_specific_category"": {""name"": ""Corporate Event Management"", ""reason"": ""The seller explicitly mentions a query about a corporate event, which the buyer confirms.""}}], ""next_steps"": {""buyer_next_steps"": [""To share the contact number of his brother who manages events.""], ""seller_next_steps"": [""To contact the buyer's brother for further details regarding the corporate event query.""]}, ""buyer_details"": {""buyer_mobile_number"": ""e0afa6f66daa111edbf63257f03e605b78a33e2a9b66877d6f992beff143bbb1""}, ""seller_details"": {""seller_name"": ""47a79db8dc3b54364ae66f657f1c6f0fd6153e8295e2b2b7afe06cba17474897""}}",2026-07-29 10:16:22.124,148531976775,29/07/26
246515773,BUYER,80510,"{""payment"": {}, ""callback"": ""callback by Tomorrow 5 PM - To finalize (Kal 5 baje call karta hoon)"", ""lead_tag"": {""deal_blockers"": [], ""deal_readiness"": ""Warm"", ""deal_readiness_reason"": ""Buyer has shown interest in the product and will receive details via WhatsApp before finalizing.""}, ""metadata"": {""call_type"": {""type"": ""B2B"", ""reason"": ""The buyer is interested in purchasing Judo mats, which are used for industrial/professional activities."", ""evidence"": {""keywords"": [""Judo Mats""], ""order_type"": [""commercial""], ""repeat_buyer"": false, ""buyer_persona"": {""persona_detail"": ""Professional Player"", ""persona_category"": ""other""}, ""quantity_scale"": ""High""}}, ""buyer_intent"": {""narrative"": ""Wants to buy Judo mats for commercial purpose."", ""reasoning"": ""Buyer is inquiring about Judo mats and shared his contact details for further communication."", ""intent_level"": ""Medium""}, ""call_outcome"": {""category"": ""Follow-up"", ""conclusion_notes"": ""Buyer will check the product details on WhatsApp (WhatsApp par hi likh ke bhej dijiye main details bhej deta hoon)""}, ""call_purpose"": ""requirement"", ""all_languages"": [""Hindi"", ""English""], ""primary_language"": ""Hindi"", ""additional_details"": {""buyer_queries"": [{""query"": ""Where is your shop located?"", ""category"": ""Location"", ""sequence"": 1}], ""seller_queries"": [{""query"": ""Can you share your phone number so I can send the details on WhatsApp?"", ""category"": ""Other"", ""sequence"": 2}]}, ""intended_application"": ""Judo Training""}, ""products"": [{""in_stock"": ""in stock"", ""product_name"": ""Judo Mats"", ""specifications"": [], ""related_categories"": [{""name"": ""Martial Arts Mat"", ""reason"": ""Judo mats are commonly used in martial arts training.""}, {""name"": ""Sports Exercise Mats"", ""reason"": ""Judo mats are a type of sports exercise mat.""}], ""is_buyer_interested"": true, ""most_specific_category"": {""name"": ""Judo Mat"", ""reason"": ""The buyer specifically mentioned interest in Judo Mats.""}}], ""next_steps"": {""buyer_next_steps"": [""To share requirements on WhatsApp""], ""seller_next_steps"": [""To share product catalog and pricing on WhatsApp""]}, ""buyer_details"": {""buyer_name"": ""6fd8fc7d5d2a01a4112fe0d3d408ff4552f9a6ef9279d407352528285b07d574""}, ""seller_details"": {""seller_location"": {""seller_city"": ""Delhi"", ""seller_locality"": ""Mangolpuri""}, ""seller_mobile_number"": ""6333e21c41d89f292f565b90521a5bc515ddc1dce0498d2073b8a188e01758a9""}}",2026-07-29 10:08:26.278,148560639585,29/07/26
146738734,BUYER,123794,"{""callback"": ""callback by Tomorrow - To discuss prices and models after checking local rates (Kal call karte hain)"", ""lead_tag"": {""deal_blockers"": [{""detail"": ""Seller only delivers from Lucknow; transport charges applicable to Barabanki"", ""category"": ""Location""}, {""detail"": ""Quoted price is 292 INR vs buyer's online reference of 255 INR"", ""category"": ""Price""}], ""deal_readiness"": ""Warm"", ""deal_readiness_reason"": ""Testing 6 units initially with future bulk potential but concerned about price gap.""}, ""metadata"": {""call_type"": {""type"": ""B2B"", ""reason"": ""Buyer intends to test 6 pieces first and then place larger orders, indicating a business/resell context but starting small."", ""evidence"": {""keywords"": [""Ratan Plastic"", ""Aishbagh Lucknow"", ""Order later"", ""Transport charge""], ""order_type"": [""trial"", ""commercial""], ""buyer_persona"": {""persona_category"": ""retailer""}, ""quantity_scale"": ""Low""}}, ""buyer_intent"": {""narrative"": ""Wants to purchase 6 Tiffin boxes initially for delivery to Barabanki."", ""reasoning"": ""Buyer shared images on WhatsApp and is discussing specific quantities and showroom locations, though price mismatch is a factor."", ""intent_level"": ""Medium""}, ""call_outcome"": {""category"": ""Follow-up"", ""conclusion_notes"": ""Buyer will visit or call back after reviewing the price difference (255 vs 292).""}, ""call_purpose"": ""requirement"", ""all_languages"": [""Hindi"", ""English""], ""primary_language"": ""Hindi"", ""additional_details"": {""buyer_queries"": [{""query"": ""Where is your location in Lucknow and shop name?"", ""category"": ""Location"", ""sequence"": 5, ""answer_by_seller"": ""The shop is Ratan Plastic (Vishu) located in Aishbagh, Lucknow.""}, {""query"": ""What is the price and why is it higher than the 255 INR online rate?"", ""category"": ""Pricing"", ""sequence"": 6, ""answer_by_seller"": ""The list price is 292 INR. The 255 INR rate seen online is old; prices have risen since then. Discounts are possible depending on quantity.""}], ""seller_queries"": [{""query"": ""How many units do you need?"", ""category"": ""Quantity"", ""sequence"": 1, ""answer_by_buyer"": ""Initially 6 pieces are needed, then more will be ordered later.""}, {""query"": ""Where are you calling from?"", ""category"": ""Location"", ""sequence"": 2, ""answer_by_buyer"": ""I am speaking from Barabanki city.""}, {""query"": ""Do you need more than 6 pieces?"", ""category"": ""Quantity"", ""sequence"": 3}]}}, ""products"": [{""price"": {""value"": 292, ""currency"": ""INR"", ""price_unit"": ""piece"", ""offer_details"": ""Price is 292 INR but discounts available for bulk/dealing."", ""delivery_charge"": {""details"": ""Delivery from Lucknow to Barabanki will incur additional charges."", ""is_delivery_charge_included"": false}, ""buyer_price_reaction"": {""quote"": ""Online 255 ka dikha raha hai"", ""category"": ""Negotiating""}}, ""in_stock"": ""in stock"", ""product_name"": ""Tiffin"", ""specifications"": [{""name"": ""Brand"", ""value"": ""Ratan Plastic"", ""buyer_requested"": false, ""seller_mentioned"": true}], ""quantity_required"": {""unit"": ""pieces"", ""value"": 6}, ""related_categories"": [{""name"": ""Lunch Boxes"", ""reason"": ""Generally categorized as food containers for meals.""}], ""is_buyer_interested"": true, ""most_specific_category"": {""name"": ""Plastic Lunch Box"", ""reason"": ""Seller mentions distributing Ratan Plastic products, likely plastic tiffins/lunch boxes.""}, ""seller_accepts_quantity"": true}], ""next_steps"": {""buyer_next_steps"": [""To check local rates vs seller price"", ""To visit Aishbagh shop if proceeding""], ""seller_next_steps"": [""To provide final discounted price for 6 units""]}, ""buyer_details"": {""buyer_name"": ""623f0b5584eb86d9f905e52679a9ce3bca0bd91a950a03e0eaa1b2f8bb3e9908"", ""buyer_location"": {""buyer_city"": ""Barabanki""}}, ""seller_details"": {""seller_name"": ""1a2716b689481ab2a4271639fb875a7b91ec9ff243ea6ce7d6c8fdb8b37ee405"", ""seller_location"": {""seller_city"": ""Lucknow"", ""seller_locality"": ""Aishbagh""}}}",2026-07-29 10:00:44.895,148562195946,29/07/26
272450049,BUYER,13824,"{""payment"": {}, ""callback"": """", ""lead_tag"": {""deal_blockers"": [{""detail"": ""The seller's minimum order quantity of 5000 is much higher than the buyer's 50 pieces."", ""category"": ""MOQ""}], ""deal_readiness"": ""Cold"", ""deal_readiness_reason"": ""The seller's MOQ significantly exceeds the buyer's needs, leading to no deal.""}, ""metadata"": {""call_type"": {""type"": ""B2B"", ""reason"": ""The buyer wanted a small quantity of pharma bottles for their business but could not meet the seller's MOQ. Therefore, the call is categorized as B2B but was ultimately unsuccessful."", ""evidence"": {""order_type"": [""other""], ""repeat_buyer"": false, ""quantity_scale"": ""Low""}}, ""buyer_intent"": {""narrative"": ""The buyer wanted to purchase 50 pharma glass bottles for their small business."", ""reasoning"": ""The buyer has a specific requirement for their business and is looking for a small initial order to test the product."", ""intent_level"": ""Medium""}, ""call_outcome"": {""category"": ""Lost"", ""conclusion_notes"": ""The deal was lost due to a mismatch in quantity requirements and the seller's MOQ. (Local mein rate check karke batata hoon)""}, ""call_purpose"": ""requirement"", ""all_languages"": [""Hindi"", ""English""], ""primary_language"": ""English"", ""additional_details"": {""buyer_queries"": [{""query"": ""I need clear bottles with glass droppers for pharma use. Do you have these?"", ""category"": ""Specifications"", ""sequence"": 1}, {""query"": ""Can I order 50 pieces?"", ""category"": ""Quantity"", ""sequence"": 2}, {""query"": ""Could you provide any locally available references?"", ""category"": ""Availability"", ""sequence"": 4}], ""seller_queries"": [{""query"": ""What is the quantity?"", ""category"": ""Quantity"", ""sequence"": 3}]}, ""intended_application"": ""Pharma Packaging""}, ""products"": [{""in_stock"": ""in stock"", ""product_name"": ""Pharma Glass Bottle"", ""specifications"": [{""name"": ""Color"", ""value"": ""Clear"", ""buyer_requested"": true, ""seller_mentioned"": false}, {""name"": ""Closure Type"", ""value"": ""Glass Dropper"", ""buyer_requested"": true, ""seller_mentioned"": false}], ""quantity_required"": {""unit"": ""pieces"", ""value"": 50}, ""related_categories"": [{""name"": ""Glass Dropper Bottle"", ""reason"": ""The buyer mentioned the bottle comes with a glass dropper.""}], ""is_buyer_interested"": true, ""minimum_order_quantity"": {""unit"": ""pieces"", ""value"": 5000}, ""most_specific_category"": {""name"": ""Pharma Glass Bottle"", ""reason"": ""The buyer explicitly states they need pharma bottles with glass droppers.""}, ""seller_accepts_quantity"": false}], ""next_steps"": {""buyer_next_steps"": [], ""seller_next_steps"": []}, ""buyer_details"": {""buyer_name"": ""24cba1263475f27eeaff3b93904b004006720194f2f3c60e7613f109127a4ebb""}, ""seller_details"": {""seller_name"": ""670bef1ec9582bdc21c216e76dce4032a4558680e79c958d99a4379045d2f7af""}}",2026-07-29 09:41:23.206,148562015895,29/07/26
272450049,BUYER,13824,"{""callback"": ""callback by Tomorrow 12 PM - To discuss bulk pricing alternatives (Kal barah baje dobara baat karte hain)"", ""lead_tag"": {""deal_blockers"": [{""detail"": ""Quoted price of 330 per piece was too high for the buyer's target packaging budget."", ""category"": ""Price""}], ""deal_readiness"": ""Cold"", ""deal_readiness_reason"": ""Buyer rejected the price of 330 per piece as too high for their hair oil packaging budget.""}, ""metadata"": {""call_type"": {""type"": ""B2B"", ""reason"": ""Buyer is looking for packaging for their hair oil brand and intends to purchase in bulk for commercial use."", ""evidence"": {""order_type"": [""commercial"", ""bulk""], ""repeat_buyer"": true, ""quantity_scale"": ""High""}}, ""buyer_intent"": {""narrative"": ""Wants clear glass dropper bottles for hair oil brand packaging."", ""reasoning"": ""Buyer had clear specifications for size, material, and and was looking for a solution for their product packaging."", ""intent_level"": ""High""}, ""call_outcome"": {""category"": ""Lost"", ""conclusion_notes"": ""Price too high for the buyer's budget (330 per piece is too expensive for me for packaging).""}, ""call_purpose"": ""requirement"", ""all_languages"": [""Hindi"", ""English""], ""primary_language"": ""Hindi"", ""additional_details"": {""buyer_queries"": [{""query"": ""Do you sell 100ml clear glass dropper bottles?"", ""category"": ""Availability"", ""sequence"": 1}, {""query"": ""What is the price per piece?"", ""category"": ""Pricing"", ""sequence"": 3}], ""seller_queries"": [{""query"": ""Which size do you need?"", ""category"": ""Specifications"", ""sequence"": 2}]}, ""intended_application"": ""Packaging for hair oil brand""}, ""products"": [{""price"": {""value"": 330, ""currency"": ""INR"", ""price_unit"": ""piece"", ""buyer_price_reaction"": {""quote"": ""330 per piece is very expensive for me for packaging."", ""category"": ""Rejected""}}, ""in_stock"": ""in stock"", ""product_name"": ""125ml Clear Glass Dropper Bottle"", ""specifications"": [{""name"": ""Capacity"", ""unit"": ""ml"", ""value"": ""125"", ""buyer_requested"": false, ""seller_mentioned"": true}, {""name"": ""Material"", ""value"": ""Clear Glass"", ""buyer_requested"": false, ""seller_mentioned"": true}, {""name"": ""Stopper Type"", ""value"": ""Rubber Dropper"", ""buyer_requested"": false, ""seller_mentioned"": true}], ""is_buyer_interested"": false}, {""in_stock"": ""in stock"", ""product_name"": ""60ml Clear Glass Dropper Bottle"", ""specifications"": [{""name"": ""Capacity"", ""unit"": ""ml"", ""value"": ""60"", ""buyer_requested"": false, ""seller_mentioned"": true}, {""name"": ""Material"", ""value"": ""Clear Glass"", ""buyer_requested"": false, ""seller_mentioned"": true}, {""name"": ""Stopper Type"", ""value"": ""Rubber Dropper"", ""buyer_requested"": false, ""seller_mentioned"": true}], ""is_buyer_interested"": true}, {""in_stock"": ""out of stock"", ""product_name"": ""100ml Clear Glass Dropper Bottle"", ""specifications"": [{""name"": ""Capacity"", ""unit"": ""ml"", ""value"": ""100"", ""buyer_requested"": true, ""seller_mentioned"": false}, {""name"": ""Material"", ""value"": ""Clear Glass"", ""buyer_requested"": true, ""seller_mentioned"": false}], ""is_buyer_interested"": false}], ""next_steps"": {""buyer_next_steps"": [], ""seller_next_steps"": []}, ""buyer_details"": {""buyer_name"": ""24cba1263475f27eeaff3b93904b004006720194f2f3c60e7613f109127a4ebb""}, ""seller_details"": {""seller_name"": ""7a37da88ade07dac25e766269720f5331c4e082c8270a6c94d81e225ccee3ed8""}}",2026-07-29 09:38:17.051,148562015895,29/07/26
272450049,BUYER,13824,"{""callback"": ""callback by Tomorrow 10 AM - Follow up for 100ml amber bottle"", ""lead_tag"": {""deal_blockers"": [{""detail"": ""100ml clear glass bottle not available"", ""category"": ""Availability""}], ""deal_readiness"": ""Warm"", ""deal_readiness_reason"": ""Buyer is currently researching and considering alternative colors like amber due to stock issues with clear bottle""}, ""metadata"": {""call_type"": {""type"": ""B2B"", ""reason"": ""The buyer is a small scale manufacturer of hair oils looking for a trial batch for her business, indicating B2B intent."", ""evidence"": {""keywords"": [""Small batches"", ""Hair oil"", ""Clear glass"", ""Amber glass""], ""order_type"": [""trial"", ""commercial""], ""repeat_buyer"": true, ""buyer_persona"": {""persona_detail"": ""Hair Oil Small Batch Producer"", ""persona_category"": ""manufacturer""}, ""quantity_scale"": ""Low""}}, ""buyer_intent"": {""narrative"": ""Wants around 30 to 50 pieces of 100ml clear glass bottles with droppers for hair oils."", ""reasoning"": ""Buyer has a clear specification (100ml, clear glass, dropper) and quantity (30-50 pieces) but showing flexibility in color after current stock is unavailable."", ""intent_level"": ""Medium""}, ""call_outcome"": {""category"": ""Follow-up"", ""conclusion_notes"": ""Will call back after checking other options (Baaki options check karke call karta hoon)""}, ""call_purpose"": ""requirement"", ""all_languages"": [""Hindi"", ""English""], ""primary_language"": ""Hindi"", ""additional_details"": {""buyer_queries"": [{""query"": ""Are glass bottles available?"", ""category"": ""Availability"", ""sequence"": 1}, {""query"": ""Is 100ml clear glass bottle with dropper available?"", ""category"": ""Availability"", ""sequence"": 3}], ""seller_queries"": [{""query"": ""What is the purpose of the bottles?"", ""category"": ""Other"", ""sequence"": 4, ""answer_by_buyer"": ""I have small hair oil batches and want to shift to glass""}]}}, ""products"": [{""in_stock"": ""out of stock"", ""product_name"": ""100ml Clear Glass Dropper Bottle"", ""specifications"": [{""name"": ""Capacity"", ""unit"": ""ml"", ""value"": ""100"", ""buyer_requested"": false, ""seller_mentioned"": true}, {""name"": ""Color"", ""value"": ""Clear"", ""buyer_requested"": true, ""seller_mentioned"": false}, {""name"": ""Type"", ""value"": ""Dropper"", ""buyer_requested"": true, ""seller_mentioned"": true}], ""quantity_required"": {""unit"": ""pieces"", ""value"": 30}, ""related_categories"": [{""name"": ""Essential Oil Bottle"", ""reason"": ""Used for packaging hair oils""}, {""name"": ""Cosmetic Glass Bottle"", ""reason"": ""Used for cosmetic hair oil application""}], ""is_buyer_interested"": true, ""most_specific_category"": {""name"": ""Glass Dropper Bottle"", ""reason"": ""Specifically mentioned glass bottle with a dropper""}, ""seller_accepts_quantity"": true}], ""next_steps"": {""buyer_next_steps"": [""To check if amber color suits the branding""], ""seller_next_steps"": [""To confirm price for 100ml amber dropper bottles"", ""To call back tomorrow morning""]}, ""buyer_details"": {""buyer_name"": ""24cba1263475f27eeaff3b93904b004006720194f2f3c60e7613f109127a4ebb""}, ""seller_details"": {""seller_name"": ""021fb044d1c216bc015a04fce9067ffb109253369c8c0a82ffe5941aa4ed7fa7""}}",2026-07-29 09:33:46.151,148562015895,29/07/26
146738734,BUYER,123794,"{""callback"": ""callback by Tomorrow 10 AM - To discuss (Kal 10 baje batata hoon)"", ""lead_tag"": {""deal_blockers"": [], ""deal_readiness"": ""Warm"", ""deal_readiness_reason"": ""Discussed specific requirements and committed to share details over WhatsApp.""}, ""metadata"": {""call_type"": {""type"": ""B2C"", ""reason"": ""The buyer is inquiring about tiffin boxes for a requirement, though scale and persona are not explicitly clear yet."", ""evidence"": {""keywords"": [""Tiffin"", ""WhatsApp Photos""], ""repeat_buyer"": false}}, ""buyer_intent"": {""narrative"": ""Wants tiffin boxes and has already shared some photos on a previous WhatsApp chat."", ""reasoning"": ""Mentioned specific product interest (tiffin boxes) and has engaged in prior communication, but no quantity or price has been finalized."", ""intent_level"": ""Medium""}, ""call_outcome"": {""category"": ""Follow-up"", ""conclusion_notes"": ""Will provide photos on the correct WhatsApp number (Photo bhejta hoon usme dekh kar batata hoon)""}, ""call_purpose"": ""requirement"", ""all_languages"": [""Hindi"", ""English""], ""primary_language"": ""Hindi"", ""additional_details"": {""buyer_queries"": [{""query"": ""Where is your office located?"", ""category"": ""Availability"", ""sequence"": 1}], ""seller_queries"": [{""query"": ""Can you share photos on WhatsApp?"", ""category"": ""Specifications"", ""sequence"": 2}]}}, ""products"": [{""product_name"": ""Tiffin Box (Tiffin)"", ""specifications"": [], ""related_categories"": [{""name"": ""Stainless Steel Lunch Box"", ""reason"": ""Tiffins in India are commonly made of stainless steel.""}, {""name"": ""Plastic Lunch Box"", ""reason"": ""Tiffins can also be made of high-quality plastic.""}], ""is_buyer_interested"": true, ""most_specific_category"": {""name"": ""Lunch Boxes"", ""reason"": ""The buyer explicitly inquired about 'tiffin' (Lunch Boxes).""}}], ""next_steps"": {""buyer_next_steps"": [""To share product photos on the seller's company WhatsApp number""], ""seller_next_steps"": [""To review photos received and provide pricing/details""]}, ""buyer_details"": {""buyer_mobile_number"": ""2e9f9d6e531d070a32e39d9b02462a9dca07be8794fa6a3d67fe983b9e3341f0""}, ""seller_details"": {""seller_mobile_number"": ""b7253be94ae69fe1a5ca8184648c181aea084b05d99306d3c90d34c5d2ca8c6e""}}",2026-07-29 09:25:26.147,148562195946,29/07/26
39604079,BUYER,181630,"{""callback"": ""callback by Today - To share the contact of the Pune office (Number bhejta hoon)"", ""lead_tag"": {""deal_blockers"": [], ""deal_readiness"": ""Hot"", ""deal_readiness_reason"": ""Buyer has a specific requirement for a 7.5 HP HTP Pump and the deal is likely to proceed after contact sharing.""}, ""metadata"": {""call_type"": {""type"": ""B2C"", ""reason"": ""The buyer's request for a single 7.5 HP HTP pump for agricultural use (Padcrop) indicates a B2C transaction."", ""evidence"": {""keywords"": [""Padcrop"", ""HTP Pump"", ""7.5 HP""], ""order_type"": [""one-time""], ""repeat_buyer"": false, ""buyer_persona"": {""persona_detail"": ""Farmer"", ""persona_category"": ""end_consumer""}, ""quantity_scale"": ""Low""}}, ""buyer_intent"": {""narrative"": ""Wants a 7.5 HP HTP Pump for agricultural use."", ""reasoning"": ""Buyer specifies the exact model (HTP Pump) and power (7.5 HP), indicating clear purchase intent."", ""intent_level"": ""High""}, ""call_outcome"": {""category"": ""Follow-up"", ""conclusion_notes"": ""Seller will share the contact number for the Koregaon/Satara area (Number bhejta hoon).""}, ""call_purpose"": ""requirement"", ""all_languages"": [""Marathi"", ""Hindi""], ""primary_language"": ""Marathi"", ""additional_details"": {""buyer_queries"": [{""query"": ""What is the price for a 7.5 HP HTP pump?"", ""category"": ""Pricing"", ""sequence"": 3, ""answer_by_seller"": ""20,000.""}], ""seller_queries"": [{""query"": ""How many pumps do you need?"", ""category"": ""Quantity"", ""sequence"": 1, ""answer_by_buyer"": ""One.""}, {""query"": ""Where are you calling from?"", ""category"": ""Location"", ""sequence"": 2, ""answer_by_buyer"": ""Koregaon in Satara.""}]}, ""intended_application"": ""Agricultural Spraying""}, ""products"": [{""price"": {""value"": 20000, ""currency"": ""INR"", ""price_unit"": ""piece""}, ""in_stock"": ""in stock"", ""product_name"": ""7.5 HP HTP Pump"", ""specifications"": [{""name"": ""Brand"", ""value"": ""Padcrop"", ""buyer_requested"": false, ""seller_mentioned"": false}, {""name"": ""Power"", ""unit"": ""HP"", ""value"": ""7.5"", ""buyer_requested"": true, ""seller_mentioned"": false}], ""quantity_required"": {""unit"": ""piece"", ""value"": 1}, ""related_categories"": [{""name"": ""Agricultural Sprayers"", ""reason"": ""HTP pumps are essential components used in agricultural sprayers.""}, {""name"": ""HTP Power Sprayer"", ""reason"": ""A 7.5 HP HTP pump is commonly used in high-capacity power sprayers.""}], ""is_buyer_interested"": true, ""most_specific_category"": {""name"": ""HTP Pump"", ""reason"": ""The buyer specifically asks for an 'HTP pump' for 'Padcrop' (agricultural) use.""}, ""seller_accepts_quantity"": true}], ""next_steps"": {""buyer_next_steps"": [""To contact the shared number for purchasing the HTP pump.""], ""seller_next_steps"": [""To share the contact number for the Koregaon local area.""]}, ""buyer_details"": {""buyer_name"": ""9e34e6829e258d47fd81df2b96624c65b872c4ec885515023f3c5747fbcbdf66"", ""buyer_location"": {""buyer_city"": ""Satara"", ""buyer_locality"": ""Koregaon""}}, ""seller_details"": {""seller_name"": ""64652aec87a9b75f953c74c16829bf2505273a14a39b2a85019931404588e511"", ""seller_location"": {""seller_city"": ""Pune""}}}",2026-07-29 09:24:36.812,148561574946,29/07/26
143483283,BUYER,177154,"{""payment"": {}, ""callback"": ""callback by [Time/Date IST] - [Context]"", ""lead_tag"": {""deal_blockers"": [], ""deal_readiness"": ""Warm"", ""deal_readiness_reason"": ""Buyer asked for details about COW mats on his WhatsApp number for further consideration.""}, ""metadata"": {""call_type"": {""type"": ""B2B"", ""reason"": ""The buyer's inquiry about COW mats typically suggests a B2B context, as these are often used in agricultural or commercial farming settings."", ""evidence"": {""keywords"": [""Cow Mat""], ""order_type"": [""bulk""], ""repeat_buyer"": false}}, ""buyer_intent"": {""narrative"": ""The buyer is inquiring about COW mats and wants to receive more details via WhatsApp."", ""reasoning"": ""The buyer has a specific product in mind (COW mats) and is initiating the next step by requesting information on WhatsApp."", ""intent_level"": ""Medium""}, ""call_outcome"": {""category"": ""Follow-up"", ""conclusion_notes"": ""The seller will share product details on the buyer's WhatsApp number (I will share the details in WhatsApp).""}, ""call_purpose"": ""requirement"", ""all_languages"": [""Hindi"", ""English""], ""primary_language"": ""Hindi"", ""additional_details"": {""buyer_queries"": [{""query"": ""I want to know about COW Mat."", ""category"": ""Specifications"", ""sequence"": 1}], ""seller_queries"": [{""query"": ""Is this your WhatsApp number?"", ""category"": ""Specifications"", ""sequence"": 2}]}, ""intended_application"": ""Dairy Farming""}, ""products"": [{""product_name"": ""COW Mat"", ""specifications"": [], ""related_categories"": [{""name"": ""Rubber Mats"", ""reason"": ""Cow mats are a specific type of durable rubber mat used for animal bedding.""}, {""name"": ""Animal Shelter"", ""reason"": ""Used in animal shelters to provide comfort and hygiene for livestock.""}], ""is_buyer_interested"": true, ""most_specific_category"": {""name"": ""Cow Mat"", ""reason"": ""The buyer explicitly asked for 'Cow Mat' details during the call.""}}], ""next_steps"": {""buyer_next_steps"": [""To review the product details sent by the seller on WhatsApp.""], ""seller_next_steps"": [""To share cow mat specifications and details on the buyer's WhatsApp number.""]}, ""buyer_details"": {""buyer_name"": ""4fddbb2dab7dc1da8f496809e12010264f07ed1e35bc292e7866fb4d1e67f8ce""}, ""seller_details"": {""seller_name"": ""0522a55e2d5f0993a3d66d28864b2862a7218a75ea7968b075333434404485c3""}}",2026-07-29 08:54:34.101,148549100359,29/07/26
12428234,BUYER,7836,"{""callback"": ""callback by Today 2 PM - The call was on hold and then disconnected so the seller needs to return the call."", ""lead_tag"": {""deal_blockers"": [], ""deal_readiness"": ""Cold"", ""deal_readiness_reason"": ""The call was placed on hold and disconnected before any conversation about the product could take place.""}, ""metadata"": {""call_type"": {""type"": ""B2B"", ""reason"": ""The call disconnected during the hold period before any business details or buyer persona could be identified."", ""evidence"": {}}, ""buyer_intent"": {""narrative"": ""The buyer connected via IndiaMART but the call was put on hold and disconnected."", ""reasoning"": ""No requirements or products were discussed as the call was put on hold immediately and then terminated."", ""intent_level"": ""Low""}, ""call_outcome"": {""category"": ""Lost"", ""conclusion_notes"": ""Call was put on hold and disconnected (Nungal pesum nabar ungal azhaippai hold-il vaithullar).""}, ""call_purpose"": ""requirement"", ""all_languages"": [""Tamil"", ""English""], ""primary_language"": ""Tamil"", ""additional_details"": {""buyer_queries"": [], ""seller_queries"": []}}, ""products"": [], ""next_steps"": {""buyer_next_steps"": [], ""seller_next_steps"": []}, ""buyer_details"": {}, ""seller_details"": {}}",2026-07-29 08:02:19.553,148562309034,29/07/26
250708721,BUYER,28608,"{""callback"": ""callback by Tomorrow 5 PM - To finalize (Kal 5 baje call karta hoon)"", ""lead_tag"": {""deal_blockers"": [], ""deal_readiness"": ""Warm"", ""deal_readiness_reason"": ""Buyer has expressed interest in custom branding and requested a catalog of existing designs.""}, ""metadata"": {""call_type"": {""type"": ""B2B"", ""reason"": ""The buyer requires bulk packaging for a commercial flour production unit and is discussing long-term custom branding."", ""evidence"": {""keywords"": [""Atta Packaging"", ""Besan Packaging"", ""Custom Branding"", ""Electronic Cylinders""], ""order_type"": [""commercial"", ""bulk"", ""recurring""], ""repeat_buyer"": true, ""buyer_persona"": {""persona_detail"": ""Flour Producer"", ""persona_category"": ""manufacturer""}, ""quantity_scale"": ""High""}}, ""buyer_intent"": {""narrative"": ""Wants customized 5kg, 1kg and 500g pouches for flour and gram flour packaging."", ""reasoning"": ""The buyer has specific branding requirements, discussed distinct product weights, and requested catalogs to finalize the design."", ""intent_level"": ""High""}, ""call_outcome"": {""category"": ""Follow-up"", ""conclusion_notes"": ""Seller will share the catalog on WhatsApp for further discussion. (Mera WhatsApp pe thoda sa hi bhejiye main aapko details bhej deta hoon)""}, ""call_purpose"": ""requirement"", ""all_languages"": [""Hindi"", ""English""], ""primary_language"": ""Hindi"", ""additional_details"": {""buyer_queries"": [{""query"": ""What would be the cost if I use three to four colors in the design?"", ""category"": ""Pricing"", ""sequence"": 3}, {""query"": ""What is the price for 500 gram pouches?"", ""category"": ""Pricing"", ""sequence"": 5}], ""seller_queries"": [{""query"": ""Do you want your own branding or plain pouches?"", ""category"": ""Specifications"", ""sequence"": 1}, {""query"": ""Which pouch size are you looking for?"", ""category"": ""Specifications"", ""sequence"": 2}]}}, ""products"": [{""price"": {""gst"": {""value"": 18, ""details"": ""18% GST extra""}, ""value"": 275, ""currency"": ""INR"", ""price_unit"": ""kg"", ""buyer_price_reaction"": {""quote"": ""Ok thik hai"", ""category"": ""Accepted""}}, ""product_name"": ""Atta (Besan) Packaging Pouch"", ""specifications"": [{""name"": ""Capacity"", ""unit"": ""kg"", ""value"": ""5"", ""buyer_requested"": false, ""seller_mentioned"": true}, {""name"": ""Cylinder Cost"", ""unit"": ""INR"", ""value"": ""8750"", ""buyer_requested"": false, ""seller_mentioned"": true}, {""name"": ""Yield"", ""unit"": ""pieces/kg"", ""value"": ""32"", ""buyer_requested"": false, ""seller_mentioned"": true}], ""quantity_required"": {""unit"": ""kg"", ""value"": 350}, ""related_categories"": [{""name"": ""Food Packaging Bag"", ""reason"": ""Used for edible flour packaging""}, {""name"": ""Laminated Pouches"", ""reason"": ""Typical material for retail flour packaging""}, {""name"": ""Printed Pouches"", ""reason"": ""Buyer specifically requested custom branding/printing""}], ""is_buyer_interested"": true, ""most_specific_category"": {""name"": ""Flour Bag"", ""reason"": ""Explicitly discussed for 'Atta' (flour) and 'Besan' (gram flour) packaging.""}, ""seller_accepts_quantity"": true}, {""price"": {""gst"": {""value"": 18, ""details"": ""18% GST extra""}, ""value"": 275, ""currency"": ""INR"", ""price_unit"": ""kg""}, ""product_name"": ""Atta Packaging Pouch (1kg)"", ""specifications"": [{""name"": ""Capacity"", ""unit"": ""kg"", ""value"": ""1"", ""buyer_requested"": false, ""seller_mentioned"": true}, {""name"": ""Cylinder Cost"", ""unit"": ""INR"", ""value"": ""7250"", ""buyer_requested"": false, ""seller_mentioned"": true}], ""quantity_required"": {""unit"": ""kg"", ""value"": 200}, ""related_categories"": [{""name"": ""Food Packaging Pouches"", ""reason"": ""Commonly used for 1kg retail packs""}], ""is_buyer_interested"": true, ""most_specific_category"": {""name"": ""Flour Bag"", ""reason"": ""1kg variant for flour packaging""}, ""seller_accepts_quantity"": true}, {""price"": {""gst"": {""value"": 18, ""details"": ""18% GST extra""}, ""value"": 285, ""currency"": ""INR"", ""price_unit"": ""kg""}, ""product_name"": ""Besan Packaging Pouch (500g)"", ""specifications"": [{""name"": ""Capacity"", ""unit"": ""g"", ""value"": ""500"", ""buyer_requested"": false, ""seller_mentioned"": true}, {""name"": ""Cylinder Cost per color"", ""unit"": ""INR"", ""value"": ""4500"", ""buyer_requested"": false, ""seller_mentioned"": true}], ""quantity_required"": {""unit"": ""kg"", ""value"": 200}, ""related_categories"": [{""name"": ""Printed Pouches"", ""reason"": ""Requires custom branding""}], ""is_buyer_interested"": true, ""most_specific_category"": {""name"": ""Food Packaging Pouches"", ""reason"": ""500g pouches for retail food packaging""}, ""seller_accepts_quantity"": true}], ""next_steps"": {""buyer_next_steps"": [""To send a 'Hi' on WhatsApp to receive the catalog"", ""To review the seller's catalog for design selection""], ""seller_next_steps"": [""To share product catalog and contact card on WhatsApp"", ""To follow up on branding requirements once the buyer reviews the catalog""]}, ""buyer_details"": {""buyer_name"": ""c957ac99f1ebcee852fba5322d1f8276a4665848989a5c082af279af3762520d""}, ""seller_details"": {""seller_name"": ""919dbd9402c4396febc12726caabb576253db8c5a574cd3cbe64397859646525""}}",2026-07-29 07:37:02.437,148561525434,29/07/26
241138571,BUYER,35068,"{""payment"": {}, ""callback"": ""callback by Tomorrow 5 PM - To follow up (Kal paanch baje dobara call karti hoon)"", ""lead_tag"": {""deal_blockers"": [{""detail"": ""Seller has a minimum order quantity of 100 units which is higher than buyer's need."", ""category"": ""MOQ""}], ""deal_readiness"": ""Cold"", ""deal_readiness_reason"": ""Clear mismatch between buyer's one-unit requirement and seller's 100-unit minimum order quantity.""}, ""metadata"": {""call_type"": {""type"": ""B2C"", ""reason"": ""The buyer is looking for a single unit for personal use, characteristic of B2C behavior, whereas the seller operates on a B2B bulk supply model."", ""evidence"": {""keywords"": [""IndiaMART"", ""FM player""], ""order_type"": [""one-time""], ""buyer_persona"": {""persona_category"": ""end_consumer""}, ""quantity_scale"": ""Low""}}, ""buyer_intent"": {""narrative"": ""Wants to buy a single FM player unit but the seller requires bulk orders."", ""reasoning"": ""The buyer only needs one piece for personal use, which is far below the seller's commercial bulk requirement."", ""intent_level"": ""Low""}, ""call_outcome"": {""category"": ""Lost"", ""conclusion_notes"": ""The seller refused the order due to MOQ mismatch (Ek piece nahi bhejte, kam se kam 100 piece ka order hota hai).""}, ""call_purpose"": ""requirement"", ""all_languages"": [""Hindi"", ""English""], ""primary_language"": ""Hindi"", ""additional_details"": {""buyer_queries"": [{""query"": ""Can you send one piece of the FM player?"", ""category"": ""Quantity"", ""sequence"": 1, ""answer_by_seller"": ""We do not sell single pieces; the minimum order quantity is 100 units.""}, {""query"": ""Where can I get a single piece of this product from?"", ""category"": ""Availability"", ""sequence"": 2}], ""seller_queries"": []}, ""intended_application"": ""Personal Use""}, ""products"": [{""price"": {}, ""in_stock"": ""in stock"", ""product_name"": ""FM Player"", ""specifications"": [], ""quantity_required"": {""unit"": ""piece"", ""value"": 1}, ""related_categories"": [{""name"": ""Radio"", ""reason"": ""An FM player is a common type of radio device.""}, {""name"": ""Portable Radio"", ""reason"": ""Consumer FM players are typically portable handheld devices.""}], ""is_buyer_interested"": true, ""minimum_order_quantity"": {""unit"": ""pieces"", ""value"": 100}, ""most_specific_category"": {""name"": ""FM Player"", ""reason"": ""The buyer explicitly mentioned needing an 'FM' player via IndiaMART.""}, ""seller_accepts_quantity"": false}], ""next_steps"": {""buyer_next_steps"": [], ""seller_next_steps"": []}, ""buyer_details"": {""buyer_name"": ""47cb263cda56c829c5d2ab9c1389c74e00a338cf866bf10b20108cc8088e9c77""}, ""seller_details"": {""seller_name"": ""f7b3781c5eafc2779a96bae2e4875a83ecce46f198e9f81916521d9d218c7da7""}}",2026-07-29 07:32:48.036,148562427975,29/07/26
241138571,BUYER,35068,"{""callback"": ""callback by Tomorrow 10 AM - To share radio details (Kal subah das baje call karke radio ke bare mein batata hoon)"", ""lead_tag"": {""deal_blockers"": [], ""deal_readiness"": ""Warm"", ""deal_readiness_reason"": ""Expressing query for radio options and pricing with a committed callback for next steps.""}, ""metadata"": {""call_type"": {""type"": ""B2C"", ""reason"": ""The conversation is a simple inquiry about a portable radio for personal or small retail use with no mention of bulk or commercial project scale."", ""evidence"": {""keywords"": [""Multiband Radio"", ""Single Band FM""], ""order_type"": [""one-time""], ""repeat_buyer"": false}}, ""buyer_intent"": {""narrative"": ""Looking for an FM radio, specifically inquired about single band but briefed on multiband options."", ""reasoning"": ""The buyer has a specific product in mind (FM Radio) and is inquiring about variations and pricing to decide."", ""intent_level"": ""Medium""}, ""call_outcome"": {""category"": ""Follow-up"", ""conclusion_notes"": ""Seller will call back tomorrow morning to provide specific model details and pricing (Kal subah call karta hoon).""}, ""call_purpose"": ""requirement"", ""all_languages"": [""Hindi"", ""English""], ""primary_language"": ""Hindi"", ""additional_details"": {""buyer_queries"": [{""query"": ""Do you have single band FM radio?"", ""category"": ""Availability"", ""sequence"": 1, ""answer_by_seller"": ""Currently, single band is not available. I have multiband radios available starting from 400 to 500 Rupees.""}, {""query"": ""What is the price of the multiband radios?"", ""category"": ""Pricing"", ""sequence"": 2}], ""seller_queries"": []}}, ""products"": [{""in_stock"": ""out of stock"", ""product_name"": ""Single Band FM Radio"", ""specifications"": [{""name"": ""Band Type"", ""value"": ""Single Band"", ""buyer_requested"": true, ""seller_mentioned"": false}], ""related_categories"": [{""name"": ""Portable FM Radio"", ""reason"": ""FM radios are typically portable devices.""}, {""name"": ""Radio"", ""reason"": ""General category for audio broadcasting receivers.""}], ""is_buyer_interested"": true, ""most_specific_category"": {""name"": ""FM Radio"", ""reason"": ""The buyer specifically asked for a single band FM Radio.""}}, {""price"": {""value"": 400, ""currency"": ""INR"", ""offer_details"": ""Starting from 400 to 500 Rupees""}, ""in_stock"": ""in stock"", ""product_name"": ""Multiband Radio"", ""specifications"": [{""name"": ""Band Type"", ""value"": ""Multiband"", ""buyer_requested"": false, ""seller_mentioned"": true}], ""related_categories"": [{""name"": ""Radio"", ""reason"": ""It is a type of radio receiver.""}, {""name"": ""Digital Radio"", ""reason"": ""Many modern multiband radios use digital tuning elements.""}], ""is_buyer_interested"": true, ""most_specific_category"": {""name"": ""Multiband Radio"", ""reason"": ""The seller offered multiband radios as an alternative to the out-of-stock single band.""}}], ""next_steps"": {""buyer_next_steps"": [""To wait for the call from the seller regarding product options.""], ""seller_next_steps"": [""To call back tomorrow at 10 AM to provide radio variety and price details.""]}, ""buyer_details"": {""buyer_name"": ""47cb263cda56c829c5d2ab9c1389c74e00a338cf866bf10b20108cc8088e9c77""}, ""seller_details"": {""seller_name"": ""f7b3781c5eafc2779a96bae2e4875a83ecce46f198e9f81916521d9d218c7da7""}}",2026-07-29 07:31:59.778,148562427975,29/07/26
249033181,BUYER,4358,"{""callback"": ""callback by Monday 11 AM - To discuss next steps and clarify requirements"", ""lead_tag"": {""deal_blockers"": [], ""deal_readiness"": ""Warm"", ""deal_readiness_reason"": ""Buyer expressed specific interest in multiple variants and requested a catalog for further consideration.""}, ""metadata"": {""call_type"": {""type"": ""B2B"", ""reason"": ""The conversation revolves around bulk quantities, wholesale pricing, and multiple product variants for resale purposes."", ""evidence"": {""keywords"": [""MOQ"", ""Bulk Price"", ""Catalog"", ""Variants""], ""order_type"": [""bulk"", ""commercial""], ""repeat_buyer"": true, ""buyer_persona"": {""persona_detail"": ""Cosmetic Retailer"", ""persona_category"": ""retailer""}, ""quantity_scale"": ""High""}}, ""buyer_intent"": {""narrative"": ""The buyer is looking for Boba cream in anti-acne, vitamin C, and niacinamide variants for a bulk order."", ""reasoning"": ""The buyer has specific product requirements and is inquiring about MOQ and bulk pricing, indicating professional intent."", ""intent_level"": ""High""}, ""call_outcome"": {""category"": ""Follow-up"", ""conclusion_notes"": ""The buyer requested a catalog and pictures of the products to proceed further (Catalog bhejo, fir process karte hain).""}, ""call_purpose"": ""requirement"", ""all_languages"": [""English"", ""Hindi""], ""primary_language"": ""English"", ""additional_details"": {""buyer_queries"": [{""query"": ""What variants are currently available in the Boba cream range?"", ""category"": ""Specifications"", ""sequence"": 1, ""answer_by_seller"": ""We have multiple variants such as hyaluronic acid, vitamin C, and niacinamide.""}, {""query"": ""What is the minimum quantity that can be ordered for the 50g variant?"", ""category"": ""Quantity"", ""sequence"": 3, ""answer_by_seller"": ""The minimum order quantity for this product is 2000 pieces.""}, {""query"": ""What is the per-unit price for the 50g Boba cream?"", ""category"": ""Pricing"", ""sequence"": 4}], ""seller_queries"": [{""query"": ""Which specific variants or skin concern types are you interested in?"", ""category"": ""Specifications"", ""sequence"": 2, ""answer_by_buyer"": ""I need the anti-acne, vitamin C (for dark spots), and niacinamide (for glowing skin) variants.""}]}}, ""products"": [{""price"": {""value"": 160, ""currency"": ""INR"", ""price_unit"": ""piece"", ""buyer_price_reaction"": {""quote"": ""Okay, let me check and confirm."", ""category"": ""Accepted""}}, ""in_stock"": ""in stock"", ""product_name"": ""Boba Cream"", ""specifications"": [{""name"": ""Variant"", ""value"": ""Hyaluronic Acid"", ""buyer_requested"": true, ""seller_mentioned"": true}, {""name"": ""Variant"", ""value"": ""Vitamin C"", ""buyer_requested"": true, ""seller_mentioned"": true}, {""name"": ""Variant"", ""value"": ""Niacinamide"", ""buyer_requested"": true, ""seller_mentioned"": true}, {""name"": ""Weight"", ""unit"": ""g"", ""value"": ""50"", ""buyer_requested"": false, ""seller_mentioned"": true}], ""quantity_required"": {""unit"": ""pieces"", ""value"": 2000}, ""related_categories"": [{""name"": ""Face Cream"", ""reason"": ""The product is applied to the face for skin concerns like acne and dark spots.""}, {""name"": ""Skin Care Cosmetics"", ""reason"": ""It is a cosmetic product used for skin lightening and glow.""}], ""is_buyer_interested"": true, ""minimum_order_quantity"": {""unit"": ""pieces"", ""value"": 2000}, ""most_specific_category"": {""name"": ""Beauty Cream"", ""reason"": ""The product is specifically described as a skin cream with variants like Vitamin C and Niacinamide for beauty benefits.""}, ""seller_accepts_quantity"": true}], ""next_steps"": {""buyer_next_steps"": [""To review the product catalog and images provided by the seller"", ""To confirm the final quantity for the preferred variants""], ""seller_next_steps"": [""To share the product catalog and photos of Boba cream variants on WhatsApp"", ""To provide the finalized pricing for 2000 units after checking with the senior management""]}, ""buyer_details"": {""buyer_name"": ""623f0b5584eb86d9f905e52679a9ce3bca0bd91a950a03e0eaa1b2f8bb3e9908"", ""buyer_mobile_number"": ""269c474746a0b6ef8d648a82bec3d47800c199b19accd1876ad80d907d4e4615""}, ""seller_details"": {""seller_name"": ""a2acfac793fcfd3ced6506d76fabfcaea56fcb07d59a173663f003b85465a18f"", ""seller_mobile_number"": ""bdf9248c72997bbb4ea647f0e650b0126bfa977ca0661ce4c12f9725e466353b""}}",2026-07-29 07:30:02.068,148561375363,29/07/26
241138571,BUYER,35068,"{""callback"": ""callback by Tomorrow 5 PM - To finalize price"", ""lead_tag"": {""deal_blockers"": [], ""deal_readiness"": ""Hot"", ""deal_readiness_reason"": ""Buyer needs 1 unit urgently and has already sent photos to finalize the deal.""}, ""metadata"": {""call_type"": {""type"": ""B2C"", ""reason"": ""The buyer is looking for a single unit of a radio for personal use, which aligns with B2C behavior."", ""evidence"": {""order_type"": [""one-time""], ""repeat_buyer"": false, ""quantity_scale"": ""Low""}}, ""buyer_intent"": {""narrative"": ""Buyer wants to purchase 1 unit of a simple FM radio and has shared photos via WhatsApp."", ""reasoning"": ""Buyer has a specific single-unit requirement and is proactive in sharing photos and asking for delivery timelines."", ""intent_level"": ""High""}, ""call_outcome"": {""category"": ""Follow-up"", ""conclusion_notes"": ""Seller will check the photo and provide details soon (Photo dekh kar batata hoon).""}, ""call_purpose"": ""requirement"", ""all_languages"": [""Hindi"", ""English""], ""primary_language"": ""Hindi"", ""additional_details"": {""buyer_queries"": [{""query"": ""When will it arrive?"", ""category"": ""Delivery"", ""sequence"": 2}], ""seller_queries"": [{""query"": ""How many pieces do you need?"", ""category"": ""Quantity"", ""sequence"": 1, ""answer_by_buyer"": ""I only need one piece.""}]}}, ""products"": [{""in_stock"": ""in stock"", ""product_name"": ""Simple FM Radio"", ""specifications"": [{""name"": ""Type"", ""value"": ""Simple"", ""buyer_requested"": true, ""seller_mentioned"": false}], ""quantity_required"": {""unit"": ""piece"", ""value"": 1}, ""related_categories"": [{""name"": ""Portable FM Radio"", ""reason"": ""Standard FM units discussed in this context are typically portable.""}], ""is_buyer_interested"": true, ""most_specific_category"": {""name"": ""FM Radio"", ""reason"": ""The conversation specifically revolves around an 'FM' and the buyer requested a 'simple' version.""}, ""seller_accepts_quantity"": true}], ""next_steps"": {""buyer_next_steps"": [""To wait for the seller to review the product photo""], ""seller_next_steps"": [""To check the product photo sent on WhatsApp"", ""To provide pricing and availability for the simple FM radio""]}, ""buyer_details"": {""buyer_name"": ""47cb263cda56c829c5d2ab9c1389c74e00a338cf866bf10b20108cc8088e9c77""}, ""seller_details"": {""seller_name"": ""f7b3781c5eafc2779a96bae2e4875a83ecce46f198e9f81916521d9d218c7da7""}}",2026-07-29 07:30:01.082,148562427975,29/07/26
258304368,BUYER,31979,"{""callback"": ""callback by Today 10:10 AM - To send price details on WhatsApp (10 minute mein aapko message karta hoon)"", ""lead_tag"": {""deal_blockers"": [], ""deal_readiness"": ""Warm"", ""deal_readiness_reason"": ""Buyer is actively inquiring about price and delivery to Kolkata for a specific product he shared via photo.""}, ""metadata"": {""call_type"": {""type"": ""B2C"", ""reason"": ""The buyer is inquiring about the price of a single watch variant shown in a photo, which typically represents a retail/B2C inquiry for personal use."", ""evidence"": {""order_type"": [""one-time""], ""buyer_persona"": {""persona_category"": ""end_consumer""}}}, ""buyer_intent"": {""narrative"": ""Wants to know the price and delivery feasibility for a watch to Kolkata based on a shared image."", ""reasoning"": ""The buyer has a specific interest in a product he already shared visually and is checking if shipping to his location is possible."", ""intent_level"": ""Medium""}, ""call_outcome"": {""category"": ""Follow-up"", ""conclusion_notes"": ""Seller will send price details on WhatsApp within 10 minutes (10 minute mein aapko message karta hoon).""}, ""call_purpose"": ""requirement"", ""all_languages"": [""Hindi"", ""English""], ""primary_language"": ""Hindi"", ""additional_details"": {""buyer_queries"": [{""query"": ""What is the price for the watch whose picture I've sent you?"", ""category"": ""Pricing"", ""sequence"": 1, ""answer_by_seller"": ""I will check and message you the price details on WhatsApp in about 10 minutes.""}, {""query"": ""Where do you ship these orders from?"", ""category"": ""Location"", ""sequence"": 2, ""answer_by_seller"": ""The items are sent from Greater Noida.""}, {""query"": ""Will the order be delivered to Kolkata?"", ""category"": ""Delivery"", ""sequence"": 3, ""answer_by_seller"": ""Yes, the order will definitely be delivered to Kolkata.""}], ""seller_queries"": []}}, ""products"": [{""in_stock"": ""in stock"", ""product_name"": ""Watch"", ""specifications"": [], ""related_categories"": [{""name"": ""Men Wrist Watches"", ""reason"": ""Watches are often categorized by gender, and men's wrist watches are a common primary subcategory.""}], ""is_buyer_interested"": true, ""most_specific_category"": {""name"": ""Wrist Watch"", ""reason"": ""The buyer is inquiring about a watch based on a photo he sent, which is most broadly categorized as a wrist watch.""}}], ""next_steps"": {""buyer_next_steps"": [""To wait for price details on WhatsApp""], ""seller_next_steps"": [""To share watch price on WhatsApp"", ""To confirm delivery charges for Kolkata""]}, ""buyer_details"": {""buyer_name"": ""3ac71bc849203c4f4e675736b330c151d872cfaa6dac9796e87b242aa0447b45""}, ""seller_details"": {""seller_name"": ""bd90eab09c3954335998c45512cb9c206d94337b1daab5660120cce434651372""}}",2026-07-29 07:17:32.430,148561661395,29/07/26
76804533,BUYER,34981,"{""lead_tag"": {""deal_blockers"": [{""detail"": ""Buyer needs 300 pieces but MOQ is 1000 pieces"", ""category"": ""MOQ""}], ""deal_readiness"": ""Warm"", ""deal_readiness_reason"": ""Buyer has a specific quantity requirement and has stated he will discuss the 1000 piece MOQ and reach out soon.""}, ""metadata"": {""call_type"": {""type"": ""B2B"", ""reason"": ""The buyer is inquiring about specialized industrial components (grouting nozzles) in a bulk quantity (300-1000 pieces) for construction or industrial projects."", ""evidence"": {""keywords"": [""Cement Grouting"", ""PVC Lock Nozzle""], ""order_type"": [""bulk"", ""commercial""], ""repeat_buyer"": false, ""buyer_persona"": {""persona_detail"": ""Professional using nozzles for industrial grouting"", ""persona_category"": ""other""}, ""quantity_scale"": ""High""}}, ""buyer_intent"": {""narrative"": ""Looking for 300 units of PVC lock nozzles for cement grouting."", ""reasoning"": ""Buyer specifies the product type, application, and a clear quantity requirement, although it's below the seller's MOQ."", ""intent_level"": ""High""}, ""call_outcome"": {""category"": ""Follow-up"", ""conclusion_notes"": ""Buyer will discuss the 1,000 piece MOQ and contact the seller on his direct number (Theek hai fir 1000 pieces ke liye main baat karta hoon kitna requirement hai).""}, ""call_purpose"": ""requirement"", ""all_languages"": [""Hindi"", ""English""], ""primary_language"": ""Hindi"", ""additional_details"": {""buyer_queries"": [{""query"": ""Do you have PVC lock nozzles for cement grouting?"", ""category"": ""Availability"", ""sequence"": 1, ""answer_by_seller"": ""Yes, it is available.""}, {""query"": ""What is the minimum order quantity?"", ""category"": ""Quantity"", ""sequence"": 3, ""answer_by_seller"": ""The minimum order quantity is a 1,000-piece pack.""}, {""query"": ""What is the price per piece?"", ""category"": ""Pricing"", ""sequence"": 4, ""answer_by_seller"": ""The plain nozzle is priced at 5.50 INR and the lock nozzle is 7.50 INR.""}], ""seller_queries"": [{""query"": ""Where are you calling from?"", ""category"": ""Location"", ""sequence"": 2, ""answer_by_buyer"": ""I am from Angul, Odisha.""}, {""query"": ""How many pieces do you need?"", ""category"": ""Quantity"", ""sequence"": 5, ""answer_by_buyer"": ""I need 300 pieces.""}]}, ""intended_application"": ""Cement Grouting""}, ""products"": [{""price"": {""value"": 7.5, ""currency"": ""INR"", ""price_unit"": ""piece""}, ""in_stock"": ""in stock"", ""product_name"": ""PVC Lock Nozzle (Cement Grouting Nozzle)"", ""specifications"": [{""name"": ""Type"", ""value"": ""Lock"", ""buyer_requested"": true, ""seller_mentioned"": true}, {""name"": ""Material"", ""value"": ""PVC"", ""buyer_requested"": false, ""seller_mentioned"": true}, {""name"": ""Application"", ""value"": ""Cement Grouting"", ""buyer_requested"": false, ""seller_mentioned"": true}], ""quantity_required"": {""unit"": ""pieces"", ""value"": 300}, ""related_categories"": [{""name"": ""Plastic Nozzles"", ""reason"": ""It is made from PVC, which is a type of plastic.""}, {""name"": ""Industrial Nozzles"", ""reason"": ""Used for industrial cement grouting processes.""}], ""is_buyer_interested"": true, ""minimum_order_quantity"": {""unit"": ""pieces"", ""value"": 1000}, ""most_specific_category"": {""name"": ""PVC Spray Nozzles"", ""reason"": ""The product is explicitly identified as a PVC nozzle used for grouting applications.""}, ""seller_accepts_quantity"": false}, {""price"": {""value"": 5.5, ""currency"": ""INR"", ""price_unit"": ""piece""}, ""in_stock"": ""in stock"", ""product_name"": ""Plain PVC Nozzle"", ""specifications"": [{""name"": ""Type"", ""value"": ""Plain"", ""buyer_requested"": false, ""seller_mentioned"": true}, {""name"": ""Material"", ""value"": ""PVC"", ""buyer_requested"": false, ""seller_mentioned"": true}], ""related_categories"": [{""name"": ""Plastic Nozzles"", ""reason"": ""Constructed from PVC material.""}], ""is_buyer_interested"": false, ""minimum_order_quantity"": {""unit"": ""pieces"", ""value"": 1000}, ""most_specific_category"": {""name"": ""PVC Spray Nozzles"", ""reason"": ""This is the plain variation of the PVC nozzle mentioned by the seller.""}}], ""next_steps"": {""buyer_next_steps"": [""To consult internally regarding the 1000 piece MOQ requirement."", ""To contact the seller on his provided direct mobile number.""], ""seller_next_steps"": []}, ""buyer_details"": {""buyer_name"": ""f1e2e34d915fdd763e3f9072f9b039cfb8f8b105d9ddaf168ce3c7613960804d"", ""buyer_location"": {""buyer_city"": ""Angul"", ""buyer_state"": ""Odisha""}}, ""seller_details"": {""seller_mobile_number"": ""387bb69658d45ba8b46438f400bd1f2e65b05057d0ec49eca1a225eb529abe11""}}",2026-07-29 07:07:11.741,148562401652,29/07/26
38777236,BUYER,10367,"{""payment"": {}, ""callback"": ""callback by Today - To proceed (WhatsApp msg ke baad baat karenge)"", ""lead_tag"": {""deal_blockers"": [{""detail"": ""Requirement of 20 pieces may be below commercial production limits"", ""category"": ""MOQ""}], ""deal_readiness"": ""Warm"", ""deal_readiness_reason"": ""Buyer knows the exact quantity and product needed, but is awaiting further catalog/details via WhatsApp.""}, ""metadata"": {""call_type"": {""type"": ""B2C"", ""reason"": ""The buyer is asking for a very small quantity (20 pieces) which usually indicates personal use or a very small-scale requirement typical of B2C."", ""evidence"": {""order_type"": [""one-time""], ""repeat_buyer"": false, ""buyer_persona"": {""persona_category"": ""end_consumer""}, ""quantity_scale"": ""Low""}}, ""buyer_intent"": {""narrative"": ""Buyer wants 20 velvet pouches for use or sale in Pune."", ""reasoning"": ""The buyer specified the material (Velvet) and a precise quantity (20 pieces) and proactively asked about location and delivery."", ""intent_level"": ""High""}, ""call_outcome"": {""category"": ""Follow-up"", ""conclusion_notes"": ""Seller will message on WhatsApp to share details/catalog (Aap mujhe WhatsApp pe message karenge).""}, ""call_purpose"": ""requirement"", ""all_languages"": [""Hindi"", ""English""], ""primary_language"": ""Hindi"", ""additional_details"": {""buyer_queries"": [{""query"": ""Where is your business located in Pune?"", ""category"": ""Location"", ""sequence"": 1, ""answer_by_seller"": ""The business is located in Mumbai in the Dahisar area.""}, {""query"": ""Can you deliver 20 pieces to Pune?"", ""category"": ""Delivery"", ""sequence"": 2, ""answer_by_seller"": ""Specific details will be shared on WhatsApp after the call.""}], ""seller_queries"": []}, ""intended_application"": ""Personal Use""}, ""products"": [{""product_name"": ""Velvet Pouch"", ""specifications"": [{""name"": ""Material"", ""value"": ""Velvet"", ""buyer_requested"": true, ""seller_mentioned"": false}], ""quantity_required"": {""unit"": ""pieces"", ""value"": 20}, ""related_categories"": [{""name"": ""Jewelry Pouches"", ""reason"": ""Velvet pouches are commonly used for jewelry packaging.""}, {""name"": ""Small Pouches"", ""reason"": ""Common classification for this type of drawstring/velvet bag.""}], ""is_buyer_interested"": true, ""most_specific_category"": {""name"": ""Velvet Pouches"", ""reason"": ""Buyer explicitly asked for 'Velvet Pouch'.""}, ""seller_accepts_quantity"": true}], ""next_steps"": {""buyer_next_steps"": [""To send requirement details on WhatsApp""], ""seller_next_steps"": [""To share catalog or product details on WhatsApp post-call""]}, ""buyer_details"": {""buyer_name"": ""a2aad8ed3b5eb1e0e742ff319b59b5791648a3c930998fb815606f2cac8578b7""}, ""seller_details"": {""seller_name"": ""64a0377aaaa910f39fe3b80aa4635340ed6d901433a4c132f519f5263c93179a"", ""seller_location"": {""seller_city"": ""Mumbai"", ""seller_locality"": ""Dahisar""}}}",2026-07-29 06:50:18.130,148561684613,29/07/26
27080558,BUYER,217427,"{""callback"": ""callback by Tomorrow 5 PM - Follow-up on pricing (Kal 5 baje call karta hoon)"", ""lead_tag"": {""deal_blockers"": [{""detail"": ""Buyer compared prices with Amazon and local markets like Karol Bagh."", ""category"": ""Price""}], ""deal_readiness"": ""Warm"", ""deal_readiness_reason"": ""Buyer is actively comparing prices across multiple sources and looking for a better deal.""}, ""metadata"": {""call_type"": {""type"": ""B2C"", ""reason"": ""The call involves a specific product inquiry for a single unit with discussions on GST and pricing comparisons, typical of a small-scale retail interaction."", ""evidence"": {""keywords"": [""Meta Quest"", ""Open Box"", ""GST Warranty"", ""Pan-India Delivery""], ""order_type"": [""one-time""], ""repeat_buyer"": false, ""buyer_persona"": {""persona_detail"": ""Electronics Shop Owner"", ""persona_category"": ""retailer""}, ""quantity_scale"": ""Low""}}, ""buyer_intent"": {""narrative"": ""Buyer wants to purchase one unit of a Meta Quest VR headset and is price-sensitive."", ""reasoning"": ""The buyer has specific product knowledge and is comparing prices but only requires a single unit, indicating a potential retail or small-scale purchase."", ""intent_level"": ""Medium""}, ""call_outcome"": {""category"": ""Follow-up"", ""conclusion_notes"": ""Buyer mentioned he will think about the price and call back. (Soch kar batata hoon)""}, ""call_purpose"": ""requirement"", ""all_languages"": [""Hindi"", ""English""], ""primary_language"": ""Hindi"", ""additional_details"": {""buyer_queries"": [{""query"": ""What is the price of the Meta Quest VR headset?"", ""category"": ""Pricing"", ""sequence"": 1, ""answer_by_seller"": ""The seller quoted 59,000 INR including GST and a one-year warranty.""}, {""query"": ""Do you have a store in Ghaziabad?"", ""category"": ""Location"", ""sequence"": 2, ""answer_by_seller"": ""The seller mentioned there is no store in Ghaziabad but they offer pan-India delivery.""}, {""query"": ""How much for an open-box unit?"", ""category"": ""Pricing"", ""sequence"": 3, ""answer_by_seller"": ""The seller quoted 50,000 INR for an open-box unit.""}], ""seller_queries"": [{""query"": ""How many units are you looking for?"", ""category"": ""Quantity"", ""sequence"": 4, ""answer_by_buyer"": ""The buyer needs only one unit.""}, {""query"": ""Where are you located?"", ""category"": ""Location"", ""sequence"": 5, ""answer_by_buyer"": ""The buyer is located in Delhi.""}]}}, ""products"": [{""price"": {""gst"": {""value"": 18, ""is_gst_included"": true}, ""value"": 59000, ""currency"": ""INR"", ""price_unit"": ""piece"", ""negotiation_notes"": ""Buyer mentioned finding lower prices on Amazon and local markets."", ""buyer_price_reaction"": {""quote"": ""Rate bahut zyada hai"", ""category"": ""Negotiating""}}, ""in_stock"": ""in stock"", ""product_name"": ""Meta Quest VR Headset"", ""specifications"": [{""name"": ""Brand"", ""value"": ""Meta"", ""buyer_requested"": false, ""seller_mentioned"": true}, {""name"": ""Warranty"", ""unit"": ""year"", ""value"": ""1"", ""buyer_requested"": true, ""seller_mentioned"": true}], ""quantity_required"": {""unit"": ""piece"", ""value"": 1}, ""related_categories"": [{""name"": ""Virtual Reality Headset"", ""reason"": ""Meta Quest is a type of VR headset.""}], ""is_buyer_interested"": true, ""most_specific_category"": {""name"": ""Meta Quest VR Headset"", ""reason"": ""The buyer specifically asked for Meta Quest VR headsets.""}, ""seller_accepts_quantity"": true}, {""price"": {""value"": 50000, ""currency"": ""INR"", ""price_unit"": ""piece"", ""buyer_price_reaction"": {""quote"": ""Theek hai rate par thoda kam dekho"", ""category"": ""Negotiating""}}, ""in_stock"": ""in stock"", ""product_name"": ""Meta Quest VR Headset (Open Box)"", ""specifications"": [{""name"": ""Condition"", ""value"": ""Open Box"", ""buyer_requested"": true, ""seller_mentioned"": true}, {""name"": ""Status"", ""value"": ""Working"", ""buyer_requested"": false, ""seller_mentioned"": true}], ""quantity_required"": {""unit"": ""piece"", ""value"": 1}, ""related_categories"": [{""name"": ""Virtual Reality Headset"", ""reason"": ""This is an open-box version of a VR headset.""}], ""is_buyer_interested"": true, ""most_specific_category"": {""name"": ""Meta Quest VR Headset"", ""reason"": ""The buyer inquired about open-box variations of the same product.""}, ""seller_accepts_quantity"": true}], ""next_steps"": {""buyer_next_steps"": [""To compare prices with other sources"", ""To call back if the price is acceptable""], ""seller_next_steps"": [""To share more details about the open-box product on WhatsApp""]}, ""buyer_details"": {""buyer_name"": ""2052fe878a4099d3d063169667e306fd15709b32424df71df29a4884db2f1a5b""}, ""seller_details"": {""seller_name"": ""72e89ea6486449153e9644b6ed850f6e5a3a7788e8331b378412bc71cbf2c267"", ""seller_location"": {""seller_city"": ""Ahmedabad""}}}",2026-07-29 06:47:03.451,148562134067,29/07/26
126461031,BUYER,4752,"{""callback"": ""callback by Tomorrow - To share details (Main das minute mein saari details bhejta hoon)"", ""lead_tag"": {""deal_blockers"": [], ""deal_readiness"": ""Warm"", ""deal_readiness_reason"": ""Buyer has expressed clear interest in specific herbal shampoos and mentioned bulk requirements but the next step involves sharing the catalog and specifications before finalizing.""}, ""metadata"": {""call_type"": {""type"": ""B2B"", ""reason"": ""The buyer is inquiring for products in bulk liters for his own brand, which indicates a B2B requirement for a reseller or distributor."", ""evidence"": {""keywords"": [""Own Brand"", ""Bulk Purchase"", ""Herbal Shampoo""], ""order_type"": [""bulk"", ""commercial""], ""repeat_buyer"": false, ""quantity_scale"": ""High""}}, ""buyer_intent"": {""narrative"": ""Wants to buy red onion, anti-dandruff, and amla-shikakai herbal shampoos in bulk (liters) for his own brand."", ""reasoning"": ""The buyer has specific product interests (red onion, anti-dandruff, amla+shikakai) and clear requirements for bulk quantities in liters for branding purposes."", ""intent_level"": ""High""}, ""call_outcome"": {""category"": ""Follow-up"", ""conclusion_notes"": ""Buyer will share name and requirements on WhatsApp for the catalog. (WhatsApp pe naam aur requirement bhej do)""}, ""call_purpose"": ""requirement"", ""all_languages"": [""Hindi"", ""English""], ""primary_language"": ""Hindi"", ""additional_details"": {""buyer_queries"": [{""query"": ""Which varieties of herbal shampoos are available?"", ""category"": ""Specifications"", ""sequence"": 1, ""answer_by_seller"": ""Aloe vera, neem, shikakai, amla, ritha, anti-dandruff, hairfall control, and red onion herbal shampoos are available.""}, {""query"": ""What is the price range of these products?"", ""category"": ""Pricing"", ""sequence"": 3, ""answer_by_seller"": ""The price will be provided once the packaging size is finalized.""}, {""query"": ""Is bulk shampoo available in liters?"", ""category"": ""Quantity"", ""sequence"": 4, ""answer_by_seller"": ""Yes, it is available in liter quantities.""}], ""seller_queries"": [{""query"": ""In what size of packaging is the shampoo required?"", ""category"": ""Specifications"", ""sequence"": 2}]}, ""intended_application"": ""Retail Resale""}, ""products"": [{""in_stock"": ""in stock"", ""product_name"": ""Onion Shampoo (Red Onion Shampoo)"", ""specifications"": [{""name"": ""Type"", ""value"": ""Red Onion"", ""buyer_requested"": true, ""seller_mentioned"": true}], ""related_categories"": [{""name"": ""Herbal Shampoo"", ""reason"": ""This product is part of the herbal shampoo category as discussed.""}], ""is_buyer_interested"": true, ""most_specific_category"": {""name"": ""Onion Shampoo"", ""reason"": ""The buyer explicitly inquired about red onion herbal shampoo.""}}, {""in_stock"": ""in stock"", ""product_name"": ""Anti Dandruff Shampoo"", ""specifications"": [{""name"": ""Type"", ""value"": ""Anti Dandruff"", ""buyer_requested"": true, ""seller_mentioned"": true}], ""related_categories"": [{""name"": ""Herbal Shampoo"", ""reason"": ""This product is part of the herbal shampoo category as discussed.""}], ""is_buyer_interested"": true, ""most_specific_category"": {""name"": ""Anti Dandruff Shampoo"", ""reason"": ""The buyer explicitly inquired about anti-dandruff herbal shampoo.""}}, {""in_stock"": ""in stock"", ""product_name"": ""Amla Shikakai Shampoo (Amla plus Shikakai)"", ""specifications"": [{""name"": ""Type"", ""value"": ""Amla & Shikakai"", ""buyer_requested"": true, ""seller_mentioned"": true}], ""related_categories"": [{""name"": ""Herbal Shampoo"", ""reason"": ""This product is part of the herbal shampoo category as discussed.""}], ""is_buyer_interested"": true, ""most_specific_category"": {""name"": ""Amla Shikakai Shampoo"", ""reason"": ""The buyer explicitly inquired about amla and shikakai herbal shampoo.""}}], ""next_steps"": {""buyer_next_steps"": [""To share name and requirement details on the seller's WhatsApp number.""], ""seller_next_steps"": [""To send the catalog and price list once the buyer shares his details."", ""To call back in 10 minutes to share complete details.""]}, ""buyer_details"": {""buyer_name"": ""d51ae77904d69eb36a3a1c774def03c1a79c1dbc489641597120308fe9fb25e9""}, ""seller_details"": {""seller_mobile_number"": ""4af931913612885052fc5302307c1e02dadb74dc677a853a08fd0bbbf9ed331c""}}",2026-07-29 06:06:56.694,148562016313,29/07/26
251835830,BUYER,31948,"{""lead_tag"": {""deal_blockers"": [], ""deal_readiness"": ""Warm"", ""deal_readiness_reason"": ""Buyer is actively inquiring about rates for a specific 125 GB memory card requirement.""}, ""metadata"": {""call_type"": {""type"": ""B2B"", ""reason"": ""The buyer specifies a specific high-capacity memory card requirement for procurement in Tirupati, indicating a B2B inquiry."", ""evidence"": {""keywords"": [""125GB Memory Card"", ""Tirupati""], ""order_type"": [""commercial""], ""quantity_scale"": ""High""}}, ""buyer_intent"": {""narrative"": ""Buyer from Tirupati is looking for 125 GB memory cards and requested the rates and details in English or Telugu."", ""reasoning"": ""Buyer specifies a clear capacity (125 GB) and location, and expresses urgency in getting the price details."", ""intent_level"": ""High""}, ""call_outcome"": {""category"": ""Follow-up"", ""conclusion_notes"": ""Sellers had already shared rates, buyer requested communication in English or Telugu (Telugu or English, I don't know Hindi).""}, ""call_purpose"": ""requirement"", ""all_languages"": [""English"", ""Hindi""], ""primary_language"": ""English"", ""additional_details"": {""buyer_queries"": [{""query"": ""What is the rate for 125 GB memory card?"", ""category"": ""Pricing"", ""sequence"": 1}], ""seller_queries"": []}}, ""products"": [{""in_stock"": ""in stock"", ""product_name"": ""Memory Card (125GB)"", ""specifications"": [{""name"": ""Capacity"", ""unit"": ""GB"", ""value"": ""125"", ""buyer_requested"": true, ""seller_mentioned"": false}], ""related_categories"": [{""name"": ""Storage Card"", ""reason"": ""Memory cards are a form of digital storage media.""}, {""name"": ""SD Memory Card"", ""reason"": ""Standard format for high capacity memory cards.""}], ""is_buyer_interested"": true, ""most_specific_category"": {""name"": ""Memory Cards"", ""reason"": ""The buyer explicitly mentioned wanting 'memory card' which is the primary product discussed.""}}], ""next_steps"": {""buyer_next_steps"": [""To check the already shared rates""], ""seller_next_steps"": [""To re-share or confirm rates in English or Telugu""]}, ""buyer_details"": {""buyer_location"": {""buyer_city"": ""Tirupati""}}, ""seller_details"": {}}",2026-07-29 05:54:49.228,148562220163,29/07/26
251835830,BUYER,31948,"{""callback"": ""callback by Monday - To discuss the requirements or for follow up (Monday to callback/followup)"", ""lead_tag"": {""deal_blockers"": [], ""deal_readiness"": ""Warm"", ""deal_readiness_reason"": ""Buyer is inquiring about 225 GB SanDisk memory cards and is awaiting a response on WhatsApp.""}, ""metadata"": {""call_type"": {""type"": ""B2C"", ""reason"": ""The buyer is inquiring for a memory card without specifying any bulk or business context."", ""evidence"": {""order_type"": [""one-time""], ""repeat_buyer"": false}}, ""buyer_intent"": {""narrative"": ""Buyer wants 225 GB SanDisk memory cards and is currently in the price-checking phase."", ""reasoning"": ""The buyer specifies the brand and capacity, indicating a clear requirement, but is yet to receive pricing or confirm quantities."", ""intent_level"": ""Medium""}, ""call_outcome"": {""category"": ""Follow-up"", ""conclusion_notes"": ""The seller will share details on WhatsApp and followed by a call on Monday.""}, ""call_purpose"": ""requirement"", ""all_languages"": [""Telugu"", ""English"", ""Hindi""], ""primary_language"": ""Hindi"", ""additional_details"": {""buyer_queries"": [{""query"": ""How much is the cost of a 225 GB memory card?"", ""category"": ""Pricing"", ""sequence"": 1}], ""seller_queries"": [{""query"": ""Which memory card do you want?"", ""category"": ""Specifications"", ""sequence"": 2}]}}, ""products"": [{""price"": {}, ""in_stock"": ""in stock"", ""product_name"": ""SanDisk Memory Card"", ""specifications"": [{""name"": ""Brand"", ""value"": ""SanDisk"", ""buyer_requested"": true, ""seller_mentioned"": false}, {""name"": ""Capacity"", ""unit"": ""GB"", ""value"": ""225"", ""buyer_requested"": true, ""seller_mentioned"": false}], ""related_categories"": [{""name"": ""Memory Cards"", ""reason"": ""It is a memory card.""}], ""is_buyer_interested"": true, ""most_specific_category"": {""name"": ""SanDisk Memory Cards"", ""reason"": ""The buyer specifically requested for SanDisk memory card.""}}], ""next_steps"": {""buyer_next_steps"": [""To check product details and price on WhatsApp.""], ""seller_next_steps"": [""To share the product details and price on WhatsApp."", ""To call the buyer on Monday.""]}, ""buyer_details"": {""buyer_location"": {""buyer_city"": ""Tirupati""}}, ""seller_details"": {}}",2026-07-29 05:53:13.052,148562220163,29/07/26
76122363,BUYER,188649,"{""payment"": {""payment_mode"": ""net banking"", ""payment_details"": ""Advance online payment required; no COD available.""}, ""lead_tag"": {""deal_blockers"": [{""detail"": ""Buyer asked for COD but seller only offers advance payment."", ""category"": ""Payment""}], ""deal_readiness"": ""Warm"", ""deal_readiness_reason"": ""Buyer is negotiating price and needs to share photos to confirm compatibility.""}, ""metadata"": {""call_type"": {""type"": ""B2C"", ""reason"": ""Retail purchase for a single AC outdoor unit PCB."", ""evidence"": {""order_type"": [""one-time""], ""buyer_persona"": {""persona_category"": ""end_consumer""}, ""quantity_scale"": ""Low""}}, ""buyer_intent"": {""narrative"": ""Wants a MarQ AC Outdoor PCB for delivery to Farrukhabad, UP."", ""reasoning"": ""Buyer specifically asked for a MarQ outdoor PCB, discussed courier delivery, and negotiated the price from 5300 to 5000."", ""intent_level"": ""High""}, ""call_outcome"": {""category"": ""Follow-up"", ""conclusion_notes"": ""Buyer will send product photos on WhatsApp for confirmation (Photo bhejta hoon phir aap batao).""}, ""call_purpose"": ""requirement"", ""all_languages"": [""Hindi"", ""English""], ""primary_language"": ""Hindi"", ""additional_details"": {""buyer_queries"": [{""query"": ""How will I receive the PCB in Farrukhabad?"", ""category"": ""Delivery"", ""sequence"": 1, ""answer_by_seller"": ""You can get it through courier. We will ship from Amravati and it will be delivered directly to your home.""}, {""query"": ""Is there a COD (Cash on Delivery) option available?"", ""category"": ""Credit"", ""sequence"": 2, ""answer_by_seller"": ""Payment must be made online in advance. We do not have COD (Cash on Delivery) option.""}, {""query"": ""What is the price of the PCB?"", ""category"": ""Pricing"", ""sequence"": 3, ""answer_by_seller"": ""The price is 5300 rupees including courier charges.""}], ""seller_queries"": [{""query"": ""Where are you from?"", ""category"": ""Location"", ""sequence"": 4, ""answer_by_buyer"": ""I am from Farrukhabad.""}]}, ""intended_application"": ""AC Repair""}, ""products"": [{""price"": {""value"": 5000, ""currency"": ""INR"", ""price_unit"": ""piece"", ""delivery_charge"": {""value"": 500, ""details"": ""Courier charges of approximately 500-600 rupees are included in the price."", ""is_delivery_charge_included"": true}, ""negotiation_notes"": ""Seller initially quoted 5300 and agreed to 5000 after negotiation."", ""buyer_price_reaction"": {""quote"": ""Thoda concession nahi hoga? (No concession?)"", ""category"": ""Negotiating""}}, ""in_stock"": ""in stock"", ""product_name"": ""MarQ Outdoor PCB (AC PCB)"", ""specifications"": [{""name"": ""Brand"", ""value"": ""MarQ"", ""buyer_requested"": false, ""seller_mentioned"": true}, {""name"": ""Unit Type"", ""value"": ""Outdoor"", ""buyer_requested"": true, ""seller_mentioned"": true}], ""quantity_required"": {""unit"": ""piece"", ""value"": 1}, ""related_categories"": [{""name"": ""Circuit Board"", ""reason"": ""A PCB is essentially a circuit board.""}], ""is_buyer_interested"": true, ""most_specific_category"": {""name"": ""Air Conditioner PCB"", ""reason"": ""Explicitly discussed as a PCB for MarQ brand AC outdoor unit.""}, ""seller_accepts_quantity"": true}], ""next_steps"": {""buyer_next_steps"": [""To send photos of the PCB on WhatsApp to confirm the model.""], ""seller_next_steps"": [""To verify the PCB model from the shared photos.""]}, ""buyer_details"": {""buyer_location"": {""buyer_city"": ""Farrukhabad"", ""buyer_state"": ""UP""}}, ""seller_details"": {""seller_location"": {""seller_city"": ""Amravati""}}}",2026-07-29 05:52:41.891,148561983575,29/07/26
96998185,BUYER,43536,"{""callback"": ""callback by Tomorrow - To send product screenshots (Kal bhejta hoon)"", ""lead_tag"": {""deal_blockers"": [{""detail"": ""Seller does not sell wax heaters"", ""category"": ""Availability""}], ""deal_readiness"": ""Cold"", ""deal_readiness_reason"": ""The seller explicitly stated they do not sell the requested product.""}, ""metadata"": {""call_type"": {""type"": ""B2C"", ""reason"": ""Buyer is looking for salon equipment for what appears to be a small scale or retail setup."", ""evidence"": {""keywords"": [""Wax Heater"", ""Hydrafacial Machine"", ""Salon Trolley""], ""order_type"": [""one-time""], ""repeat_buyer"": false, ""buyer_persona"": {""persona_detail"": ""Salon Owner"", ""persona_category"": ""retailer""}, ""quantity_scale"": ""Low""}}, ""buyer_intent"": {""narrative"": ""Wants a double-sided wax heater and a trolley but seller doesn't deal in them."", ""reasoning"": ""Buyer had specific products in mind from a catalog but seller denies selling those categories."", ""intent_level"": ""Low""}, ""call_outcome"": {""category"": ""Lost"", ""conclusion_notes"": ""Seller does not sell the required products (Wax heater ke liye mana kar diya)""}, ""call_purpose"": ""requirement"", ""all_languages"": [""Tamil"", ""English""], ""primary_language"": ""Tamil"", ""additional_details"": {""buyer_queries"": [{""query"": ""Do you have double side wax heater?"", ""category"": ""Specifications"", ""sequence"": 1}, {""query"": ""Do you have a wax heater trolley?"", ""category"": ""Availability"", ""sequence"": 2}], ""seller_queries"": [{""query"": ""Are you talking about the Hydrafacial machine?"", ""category"": ""Specifications"", ""sequence"": 3, ""answer_by_buyer"": ""No, I saw them in your PDF catalog.""}]}}, ""products"": [{""in_stock"": ""not sold"", ""product_name"": ""Double Side Wax Heater"", ""quantity_required"": {""unit"": ""piece"", ""value"": 1}, ""related_categories"": [{""name"": ""Salon Equipment"", ""reason"": ""Wax heaters are a standard part of salon equipment.""}], ""is_buyer_interested"": true, ""most_specific_category"": {""name"": ""Wax Heaters"", ""reason"": ""The buyer specifically inquired about a double-sided wax heater.""}}, {""in_stock"": ""not sold"", ""product_name"": ""Wax Heater Trolley"", ""quantity_required"": {""unit"": ""piece"", ""value"": 1}, ""related_categories"": [{""name"": ""Spa Accessories"", ""reason"": ""Trolleys are often used in spa and salon environments.""}], ""is_buyer_interested"": true, ""most_specific_category"": {""name"": ""Salon Equipment"", ""reason"": ""The buyer asked for a trolley specifically for use with a wax heater.""}}, {""in_stock"": ""in stock"", ""product_name"": ""Hydra Facial Machine"", ""related_categories"": [{""name"": ""Skin Analysis Machine"", ""reason"": ""Hydrafacial machines are used in clinical skin treatments.""}], ""is_buyer_interested"": false, ""most_specific_category"": {""name"": ""Hydrafacial Machine"", ""reason"": ""The seller mentioned this as their primary product line.""}}], ""next_steps"": {""buyer_next_steps"": [""To send screenshots of the PDF catalog to clarify the product requirement""], ""seller_next_steps"": []}, ""buyer_details"": {""buyer_name"": ""be6c467c71925e3f737f04165406deafe35b31573fbab7af465b119f0abc084c"", ""buyer_mobile_number"": ""45b1c45ab21925e5ea400d67756ebe8ceca956e68d50afba97957894e9a1a4f8""}, ""seller_details"": {""seller_name"": ""4a577ac3c017756a7cf2c8689ea5876f168c690497d05ef8e22da2dd13a22c11""}}",2026-07-29 05:34:16.556,148561679234,29/07/26
125351095,BUYER,10108,"{""callback"": ""callback by Tomorrow 10 AM - To discuss (Kal 10 baje call karta hoon)"", ""lead_tag"": {""deal_blockers"": [{""detail"": ""Seller does not have surgical gloves in stock"", ""category"": ""Availability""}], ""deal_readiness"": ""Warm"", ""deal_readiness_reason"": ""Buyer is actively inquiring about specific glove types and has received a referral to the wholesaler.""}, ""metadata"": {""call_type"": {""type"": ""B2B"", ""reason"": ""The buyer was referred to a wholesale distributor, indicating bulk purchase intent typical of B2B transactions."", ""evidence"": {""keywords"": [""Latex Gloves"", ""Nitrile Gloves"", ""Wholesale Shop"", ""Surgical Gloves""], ""order_type"": [""bulk""], ""repeat_buyer"": false, ""quantity_scale"": ""High""}}, ""buyer_intent"": {""narrative"": ""Wants to purchase latex and nitrile examination gloves."", ""reasoning"": ""Buyer is asking for specific types like surgical, latex, and nitrile, showing clear product knowledge and requirement."", ""intent_level"": ""High""}, ""call_outcome"": {""category"": ""Follow-up"", ""conclusion_notes"": ""Seller provided the contact details of a Mumbai-based wholesaler (Jitendra Shah) to the buyer (Number diya hai contact kar lena).""}, ""call_purpose"": ""requirement"", ""all_languages"": [""Hindi"", ""English"", ""Marathi""], ""primary_language"": ""Marathi"", ""additional_details"": {""buyer_queries"": [{""query"": ""Do you have surgical gloves?"", ""category"": ""Specifications"", ""sequence"": 1}, {""query"": ""Where are you located in Mumbai?"", ""category"": ""Location"", ""sequence"": 3}], ""seller_queries"": [{""query"": ""Which type of gloves do you need?"", ""category"": ""Specifications"", ""sequence"": 2}, {""query"": ""Where are you located?"", ""category"": ""Location"", ""sequence"": 4}]}, ""intended_application"": ""Medical Supplies""}, ""products"": [{""in_stock"": ""not sold"", ""product_name"": ""Latex and Nitrile Examination Gloves"", ""specifications"": [{""name"": ""Type"", ""value"": ""Examination"", ""buyer_requested"": true, ""seller_mentioned"": true}], ""related_categories"": [{""name"": ""Nitrile Gloves"", ""reason"": ""Both latex and nitrile materials were discussed for examination purposes.""}], ""is_buyer_interested"": true, ""most_specific_category"": {""name"": ""Latex Gloves"", ""reason"": ""The buyer specifically asked for latex and nitrile examination gloves.""}}, {""in_stock"": ""out of stock"", ""product_name"": ""Surgical Gloves"", ""specifications"": [{""name"": ""Type"", ""value"": ""Surgical"", ""buyer_requested"": true, ""seller_mentioned"": false}], ""is_buyer_interested"": true, ""most_specific_category"": {""name"": ""Safety Gloves"", ""reason"": ""The buyer inquired about surgical gloves but the seller confirmed they are not available.""}}], ""next_steps"": {""buyer_next_steps"": [""To contact the wholesaler Jitendra Shah at the provided number 8657740181""], ""seller_next_steps"": [""To call back tomorrow morning at 10 AM""]}, ""buyer_details"": {""buyer_name"": ""2a62d3e636cf9a4b6879790e54aac89bd4808f3f4517c2ad89b83de666391cee"", ""buyer_location"": {""buyer_city"": ""Raigad"", ""buyer_locality"": ""Navi Mumbai""}}, ""seller_details"": {""seller_name"": ""edb2630940f1a6d6a48dd91179df6bd2ecfcd5cf555fc0f2edc5abcc41d99129"", ""seller_location"": {""seller_city"": ""Mumbai"", ""seller_locality"": ""Grant Road""}}}",2026-07-29 05:30:58.972,148561876985,29/07/26
5426649,BUYER,153076,"{""payment"": {}, ""callback"": ""callback by Today - To send requirement on WhatsApp (Ispe msg karta hun)"", ""lead_tag"": {""deal_blockers"": [], ""deal_readiness"": ""Warm"", ""deal_readiness_reason"": ""Trading requirement mentioned with pricing discussed and agreement to share details on WhatsApp.""}, ""metadata"": {""call_type"": {""type"": ""B2B"", ""reason"": ""Buyer explicitly mentioned 'Mera trading ka kaam hai' (I have a trading business) and is asking for specialized injection grade materials in bulk."", ""evidence"": {""keywords"": [""Trading"", ""Injection Molding"", ""Granules""], ""order_type"": [""commercial"", ""bulk""], ""repeat_buyer"": true, ""buyer_persona"": {""persona_detail"": ""Plastic Granule Trader"", ""persona_category"": ""wholesaler""}, ""quantity_scale"": ""High""}}, ""buyer_intent"": {""narrative"": ""Wants PP Natural and LD granules for trading in Kolkata."", ""reasoning"": ""Buyer specifies grade as injection molding and states they have a trading business, indicating bulk requirement."", ""intent_level"": ""High""}, ""call_outcome"": {""category"": ""Follow-up"", ""conclusion_notes"": ""Will message on the provided number (Ispe message karta hun)""}, ""call_purpose"": ""requirement"", ""all_languages"": [""Hindi"", ""English""], ""primary_language"": ""Hindi"", ""additional_details"": {""buyer_queries"": [{""query"": ""What is the price of Natural PP Injection Grade?"", ""category"": ""Pricing"", ""sequence"": 1, ""answer_by_seller"": ""98 plus GST.""}], ""seller_queries"": []}, ""intended_application"": ""Commercial Trading""}, ""products"": [{""price"": {""gst"": {""value"": 18}, ""value"": 98, ""currency"": ""INR"", ""price_unit"": ""kg""}, ""in_stock"": ""in stock"", ""product_name"": ""PP Natural (Injection Grade)"", ""specifications"": [{""name"": ""Grade"", ""value"": ""Injection Molding"", ""buyer_requested"": true, ""seller_mentioned"": true}, {""name"": ""Color"", ""value"": ""Natural"", ""buyer_requested"": true, ""seller_mentioned"": true}], ""related_categories"": [{""name"": ""PP Injection Materials"", ""reason"": ""Specifically mentioned for injection molding application.""}, {""name"": ""Polypropylene"", ""reason"": ""Base polymer for the granules requested.""}, {""name"": ""PP Granules"", ""reason"": ""Standard category for polypropylene pellets.""}], ""is_buyer_interested"": true, ""most_specific_category"": {""name"": ""Natural PP Granule"", ""reason"": ""Seller confirmed availability of PP Natural Injection Molding grade.""}}, {""product_name"": ""LD Granules"", ""specifications"": [{""name"": ""Material"", ""value"": ""LD"", ""buyer_requested"": true, ""seller_mentioned"": false}], ""related_categories"": [{""name"": ""LDPE Granule"", ""reason"": ""LD typically refers to Low Density Polyethylene.""}], ""is_buyer_interested"": true, ""most_specific_category"": {""name"": ""LD Granules"", ""reason"": ""Buyer specifically asked for LD requirement.""}}], ""next_steps"": {""buyer_next_steps"": [""To message the seller on WhatsApp with detailed requirements""], ""seller_next_steps"": [""To provide further details once the buyer messages on WhatsApp""]}, ""buyer_details"": {""buyer_mobile_number"": ""7257335f55fe56ee4490cef7e3dc2e4f08c651214b8a37488959825075feeffe""}, ""seller_details"": {""seller_mobile_number"": ""5fad62591add258c042db5438edbc8dc87cd2b2451a4d313cb062e158028a5ad""}}",2026-07-29 05:26:09.650,148562128134,29/07/26
161252315,BUYER,38128,"{""callback"": ""callback by Within a half an hour - To provide feedback on the 4ft SS ball stock status (half an hour mein hum log feedback de dete hai)"", ""lead_tag"": {""deal_blockers"": [{""detail"": ""4ft ball stock needs to be checked; 3ft is available."", ""category"": ""Availability""}], ""deal_readiness"": ""Warm"", ""deal_readiness_reason"": ""Buyer is actively inquiring about specific sizes and finishes, awaiting stock confirmation within 30 minutes to proceed.""}, ""metadata"": {""call_type"": {""type"": ""B2B"", ""reason"": ""The seller asks for company details and the intended purpose for using the industrial-sized stainless steel balls, indicating a B2B transaction."", ""evidence"": {""keywords"": [""Mirror Finish"", ""Company Details"", ""48 inch""], ""order_type"": [""commercial""], ""quantity_scale"": ""High""}}, ""buyer_intent"": {""narrative"": ""Buyer wants to purchase 4ft mirror-finish stainless steel balls."", ""reasoning"": ""The buyer knows exactly what size (4ft/48 inch) and finish (mirror) is required and is following up on an earlier inquiry."", ""intent_level"": ""High""}, ""call_outcome"": {""category"": ""Follow-up"", ""conclusion_notes"": ""Seller will check stock for the 4ft ball and provide feedback within half an hour (half an hour mein hum log feedback de dete hai).""}, ""call_purpose"": ""requirement"", ""all_languages"": [""Hindi"", ""English""], ""primary_language"": ""Hindi"", ""additional_details"": {""buyer_queries"": [{""query"": ""Is the 4ft Stainless Steel ball with mirror finish available?"", ""category"": ""Availability"", ""sequence"": 1}], ""seller_queries"": [{""query"": ""What kind of finish do you need?"", ""category"": ""Specifications"", ""sequence"": 2, ""answer_by_buyer"": ""Mirror finish""}, {""query"": ""For what purpose do you need this ball?"", ""category"": ""Specifications"", ""sequence"": 3}]}}, ""products"": [{""in_stock"": ""in stock"", ""product_name"": ""3ft SS Ball"", ""specifications"": [{""name"": ""Material"", ""value"": ""Stainless Steel"", ""buyer_requested"": false, ""seller_mentioned"": true}, {""name"": ""Size"", ""unit"": ""ft"", ""value"": ""3"", ""buyer_requested"": false, ""seller_mentioned"": true}], ""related_categories"": [{""name"": ""Steel Balls"", ""reason"": ""Stainless steel balls are a specific type of steel balls.""}], ""is_buyer_interested"": true, ""most_specific_category"": {""name"": ""Stainless Steel Balls"", ""reason"": ""The product is explicitly described as a 3ft SS (Stainless Steel) Ball.""}}, {""product_name"": ""4ft SS Ball"", ""specifications"": [{""name"": ""Material"", ""value"": ""Stainless Steel"", ""buyer_requested"": false, ""seller_mentioned"": true}, {""name"": ""Size"", ""unit"": ""ft"", ""value"": ""4"", ""buyer_requested"": true, ""seller_mentioned"": true}, {""name"": ""Size"", ""unit"": ""inch"", ""value"": ""48"", ""buyer_requested"": true, ""seller_mentioned"": true}, {""name"": ""Finish"", ""value"": ""Mirror Finish"", ""buyer_requested"": true, ""seller_mentioned"": true}], ""related_categories"": [{""name"": ""Steel Balls"", ""reason"": ""Standard categorization for stainless metal spheres.""}], ""is_buyer_interested"": true, ""most_specific_category"": {""name"": ""Stainless Steel Balls"", ""reason"": ""The product is identified as a 4ft/48 inch SS (Stainless Steel) Ball with mirror finish.""}}], ""next_steps"": {""buyer_next_steps"": [""To share company details and quantity requirement on WhatsApp""], ""seller_next_steps"": [""To check stock availability for 4ft SS ball"", ""To provide feedback within 30 minutes""]}, ""buyer_details"": {""buyer_name"": ""ba77b58f6c3a0ce3b7f2a58cade72a97667d330eac4499ccd8d77b15baa93538""}, ""seller_details"": {""seller_name"": ""1ff27e6e2bbe6166f3e8054e819732b0b173f02ff52a7f5353abe8e8f3647a1d""}}",2026-07-29 05:23:49.942,148549288546,29/07/26
68004019,BUYER,149881,"{""callback"": ""callback by Today 10 PM - To send catalog on WhatsApp"", ""lead_tag"": {""deal_blockers"": [], ""deal_readiness"": ""Warm"", ""deal_readiness_reason"": ""Buyer has clear interest in a specific product variant and is awaiting a catalog to proceed. ""}, ""metadata"": {""call_type"": {""type"": ""B2C"", ""reason"": ""The buyer is inquiring about curtain tracks for personal or small-scale use without mentioning a business or bulk requirement."", ""evidence"": {""keywords"": [""Curtain Channel"", ""Silent Track"", ""I-Track""], ""order_type"": [""one-time""], ""repeat_buyer"": false, ""buyer_persona"": {""persona_category"": ""end_consumer""}}}, ""buyer_intent"": {""narrative"": ""Buyer is looking for curtain channels, specifically silent track ones, for his requirements in Gujarat."", ""reasoning"": ""Buyer is inquiring about specific product variants like silent tracks and has specified his location, showing genuine interest though pricing is not yet finalized."", ""intent_level"": ""Medium""}, ""call_outcome"": {""category"": ""Follow-up"", ""conclusion_notes"": ""Seller will share the catalog on WhatsApp for review (Main aapko WhatsApp pe details bhejti hoon)""}, ""call_purpose"": ""requirement"", ""all_languages"": [""Hindi"", ""Gujarati""], ""primary_language"": ""Hindi"", ""additional_details"": {""buyer_queries"": [{""query"": ""Is curtain channel available?"", ""category"": ""Availability"", ""sequence"": 1}, {""query"": ""What is the price of curtain channel?"", ""category"": ""Pricing"", ""sequence"": 2}, {""query"": ""What comes in a silent track?"", ""category"": ""Specifications"", ""sequence"": 4}], ""seller_queries"": [{""query"": ""Where are you from?"", ""category"": ""Location"", ""sequence"": 3}, {""query"": ""Do you need M12 jumbo track or silent track?"", ""category"": ""Specifications"", ""sequence"": 5}]}, ""intended_application"": ""Curtain Installation""}, ""products"": [{""in_stock"": ""in stock"", ""product_name"": ""M12 Jumbo Track"", ""related_categories"": [{""name"": ""Curtain Hardware"", ""reason"": ""Jumbo tracks are essential hardware components for curtain systems.""}], ""is_buyer_interested"": false, ""most_specific_category"": {""name"": ""Curtain Tracks"", ""reason"": ""The seller explicitly mentions jumbo tracks and silent tracks which are varieties of curtain tracks.""}}, {""in_stock"": ""in stock"", ""product_name"": ""Silent Track (I-Track)"", ""specifications"": [{""name"": ""Material"", ""value"": ""Fiber coating inside"", ""buyer_requested"": true, ""seller_mentioned"": true}], ""related_categories"": [{""name"": ""Curtain System"", ""reason"": ""Silent tracks are a specialized type of curtain system designed for quiet operation.""}], ""is_buyer_interested"": true, ""most_specific_category"": {""name"": ""Curtain Tracks"", ""reason"": ""Silent track consists of an internal fiber coating for quiet movement, fitting the category of curtain tracks.""}}], ""next_steps"": {""buyer_next_steps"": [""To review the catalog on WhatsApp"", ""To confirm the final order quantity""], ""seller_next_steps"": [""To share the product catalog on WhatsApp"", ""To quote final prices for the silent track""]}, ""buyer_details"": {""buyer_name"": ""3f5ca6a0042fe117e790abc07a827326d0cdfb1a4ff54910ce326061ca9a1059"", ""buyer_location"": {""buyer_state"": ""Gujarat""}}, ""seller_details"": {""seller_name"": ""eb2a27e815933025f8a75e760a2efd847ebf3889d302e155efaa98bee577c379""}}",2026-07-29 05:13:02.169,148560953567,29/07/26
272449257,BUYER,445988,"{""payment"": {}, ""callback"": ""callback by None - None"", ""lead_tag"": {""deal_blockers"": [], ""deal_readiness"": ""Warm"", ""deal_readiness_reason"": ""The buyer is inquiring about the process and price of a specific product and will share the product photo on WhatsApp to proceed further.""}, ""metadata"": {""call_type"": {""type"": ""B2C"", ""reason"": ""The buyer is inquiring about a single product for himself."", ""evidence"": {""order_type"": [""one-time""], ""repeat_buyer"": false}}, ""buyer_intent"": {""narrative"": ""Wants to buy a product from the seller."", ""reasoning"": ""The buyer has a specific product in mind and is asking for the ordering process and pricing."", ""intent_level"": ""Medium""}, ""call_outcome"": {""category"": ""Follow-up"", ""conclusion_notes"": ""The seller shared his contact number and asked the buyer to share the product's photo on WhatsApp for further discussion (Ok, share the photo on WhatsApp).""}, ""call_purpose"": ""requirement"", ""all_languages"": [""Hindi"", ""English""], ""primary_language"": ""Hindi"", ""additional_details"": {""buyer_queries"": [{""query"": ""How can I order a product?"", ""category"": ""Other"", ""sequence"": 1}, {""query"": ""Can you tell me the price of the product?"", ""category"": ""Pricing"", ""sequence"": 2}], ""seller_queries"": [{""query"": ""Can you share the photo of the product you want to buy on WhatsApp?"", ""category"": ""Specifications"", ""sequence"": 3}]}}, ""products"": [{""product_name"": ""Product"", ""is_buyer_interested"": true}], ""next_steps"": {""buyer_next_steps"": [""To save the seller's number and share the product photo on WhatsApp.""], ""seller_next_steps"": [""To provide product information and pricing once the photo is received.""]}, ""buyer_details"": {""buyer_name"": ""52e605ff21b44368c249df57d41d3a88d4ac720a5226f864bcffce20c17cc5d3""}, ""seller_details"": {""seller_mobile_number"": ""a4e2d888021439b6c0686d628e3bedf9764dc791cff9789671d3273d45388900""}}",2026-07-29 05:12:39.230,148561232985,29/07/26
266325508,BUYER,190291,"{""callback"": ""callback by Tomorrow - To confirm the specifications regarding gasket sheet once shared on whatsapp (Kal phone karta hoon)"", ""lead_tag"": {""deal_blockers"": [], ""deal_readiness"": ""Warm"", ""deal_readiness_reason"": ""The sale is pending because of variety of material available with the seller and seller needs the specifications on whatsapp first.""}, ""metadata"": {""call_type"": {""type"": ""B2B"", ""reason"": ""The buyer's requirement for 8mm gasket sheets for industrial use in अरुणाचल प्रदेश indicates a business-to-business (B2B) transaction."", ""evidence"": {""keywords"": [""Industrial plastic grade"", ""8mm thickness"", ""Arunachal Pradesh""], ""order_type"": [""bulk""], ""quantity_scale"": ""High""}}, ""buyer_intent"": {""narrative"": ""The buyer is inquiring for industrial grade gasket sheets for pipe manufacturing and provides specific details about the size and thickness."", ""reasoning"": ""The buyer has specific requirements for the gasket sheets and is willing to check out the catalog and move forward."", ""intent_level"": ""High""}, ""call_outcome"": {""category"": ""Follow-up"", ""conclusion_notes"": ""The seller shared the catalog with the buyer and asked for further specifications on WhatsApp. (Catalog share kar raha hoon)""}, ""call_purpose"": ""requirement"", ""all_languages"": [""Hindi"", ""English""], ""primary_language"": ""Hindi"", ""additional_details"": {""buyer_queries"": [{""query"": ""I ordered foam gasket from Amazon but it is of no use, so do you have foam ones?"", ""category"": ""Specifications"", ""sequence"": 1, ""answer_by_seller"": ""We don't keep foam ones, we have industrial plastic sheets.""}, {""query"": ""Can you share the available varieties of the rubber sheet?"", ""category"": ""Specifications"", ""sequence"": 2, ""answer_by_seller"": ""I will share my catalog, please check and let me know.""}, {""query"": ""Is there any possibility you can deliver this rubber sheet at Arunachal Pradesh?"", ""category"": ""Specifications"", ""sequence"": 3, ""answer_by_seller"": ""Rubber is different and our materials are polymers.""}], ""seller_queries"": [{""query"": ""Is your number 8822602560?"", ""category"": ""Quantity"", ""sequence"": 4, ""answer_by_buyer"": ""Yes it is correct.""}]}}, ""products"": [{""in_stock"": ""in stock"", ""product_name"": ""Plastic Sheet (Gasket Sheet)"", ""specifications"": [{""name"": ""Thickness"", ""unit"": ""mm"", ""value"": ""8"", ""buyer_requested"": false, ""seller_mentioned"": false}, {""name"": ""Application"", ""value"": ""Gasket"", ""buyer_requested"": false, ""seller_mentioned"": false}, {""name"": ""Grade"", ""value"": ""Industrial Plastic Grade"", ""buyer_requested"": false, ""seller_mentioned"": true}], ""related_categories"": [{""name"": ""HM Sheets"", ""reason"": ""High Molecular weight sheets are used in heavy-duty industrial applications including gaskets.""}, {""name"": ""Polymer Sheet"", ""reason"": ""Gasket sheets are generally made of polymer material.""}], ""is_buyer_interested"": true, ""most_specific_category"": {""name"": ""Plastic Sheets"", ""reason"": ""The buyer asked for industrial plastic sheets for gasket manufacturing.""}}, {""in_stock"": ""in stock"", ""product_name"": ""PP Sheet"", ""specifications"": [{""name"": ""Material"", ""value"": ""Polypropylene"", ""buyer_requested"": false, ""seller_mentioned"": true}], ""related_categories"": [{""name"": ""Plastic Sheets"", ""reason"": ""PP is a common plastic polymer used for sheet fabrication.""}], ""is_buyer_interested"": false, ""most_specific_category"": {""name"": ""Polypropylene Sheets"", ""reason"": ""The seller mentioned this product as part of their polymer range.""}}, {""in_stock"": ""in stock"", ""product_name"": ""HM Sheet"", ""specifications"": [{""name"": ""Material"", ""value"": ""High Molecular Polyethylene"", ""buyer_requested"": false, ""seller_mentioned"": true}], ""related_categories"": [{""name"": ""Plastic Sheets"", ""reason"": ""HM sheets belong to the standard category of thermoplastic boards.""}], ""is_buyer_interested"": false, ""most_specific_category"": {""name"": ""HM Sheets"", ""reason"": ""The seller mentioned this high molecular weight product as available in their catalog.""}}, {""in_stock"": ""in stock"", ""product_name"": ""Delrin Sheet"", ""specifications"": [{""name"": ""Material"", ""value"": ""Delrin"", ""buyer_requested"": false, ""seller_mentioned"": true}], ""related_categories"": [{""name"": ""Acetal Sheet"", ""reason"": ""Delrin is a brand name for acetal (POM) homopolymer.""}, {""name"": ""POM Sheet"", ""reason"": ""Delrin is a common type of POM material.""}], ""is_buyer_interested"": false, ""most_specific_category"": {""name"": ""Delrin Sheet"", ""reason"": ""Explicitly mentioned by the seller as a type of polymer sheet offered.""}}, {""in_stock"": ""in stock"", ""product_name"": ""UHMW Sheet"", ""specifications"": [{""name"": ""Material"", ""value"": ""UHMWPE"", ""buyer_requested"": false, ""seller_mentioned"": true}], ""related_categories"": [{""name"": ""Plastic Sheets"", ""reason"": ""UHMW is a standard industrial plastic sheet used for high wear resistance.""}], ""is_buyer_interested"": false, ""most_specific_category"": {""name"": ""HM Sheets"", ""reason"": ""Mentioned by seller as part of their industrial product range.""}}], ""next_steps"": {""buyer_next_steps"": [""To provide the required specifications on WhatsApp."", ""To check the catalog provided by the seller.""], ""seller_next_steps"": [""To share the product catalog on WhatsApp."", ""To clarify the types of polymer sheets available.""]}, ""buyer_details"": {""buyer_name"": ""1aa46ad028c640c08352bbc08abff2115ee74cc3236c284aedb020504796727f""}, ""seller_details"": {""seller_name"": ""372fb41298889bc4df223a601cf4475407cdeae0938692ae018737ec1335190b""}}",2026-07-29 05:12:33.788,148561927995,29/07/26
20435854,BUYER,7663,"{""callback"": ""callback by Tomorrow 10 AM - To discuss pricing (Kal subah 10 baje call karenge)"", ""lead_tag"": {""deal_blockers"": [{""detail"": ""Buyer feels the price is high"", ""category"": ""Price""}], ""deal_readiness"": ""Warm"", ""deal_readiness_reason"": ""Buyer expressed interest but found the price high; however, a callback is planned.""}, ""metadata"": {""call_type"": {""type"": ""B2B"", ""reason"": ""The buyer inquired about bulk packaging of cooking oil which is usually for commercial use."", ""evidence"": {""keywords"": [""Soybean Oil"", ""15 kg tin""], ""order_type"": [""bulk"", ""commercial""], ""quantity_scale"": ""High""}}, ""buyer_intent"": {""narrative"": ""Wants to buy soybean oil in 15 kg tins for commercial use."", ""reasoning"": ""Buyer had a specific quantity and product in mind but was deterred by the price."", ""intent_level"": ""Medium""}, ""call_outcome"": {""category"": ""Follow-up"", ""conclusion_notes"": ""Price discussed and buyer will follow up later (Price zyada hai, baad mein dekhenge).""}, ""call_purpose"": ""requirement"", ""all_languages"": [""Hindi"", ""English""], ""primary_language"": ""Hindi"", ""additional_details"": {""buyer_queries"": [{""query"": ""What is the rate?"", ""category"": ""Pricing"", ""sequence"": 3}], ""seller_queries"": [{""query"": ""Where are you calling from?"", ""category"": ""Location"", ""sequence"": 1}]}, ""intended_application"": ""Commercial Cooking""}, ""products"": [{""price"": {""gst"": {""is_gst_included"": false}, ""value"": 2400, ""currency"": ""INR"", ""price_unit"": ""15 kg tin"", ""buyer_price_reaction"": {""quote"": ""Price is high (Rate zyada hai)"", ""category"": ""Negotiating""}}, ""in_stock"": ""in stock"", ""product_name"": ""Soybean Oil"", ""specifications"": [{""name"": ""Packaging Type"", ""value"": ""Tin"", ""buyer_requested"": true, ""seller_mentioned"": true}, {""name"": ""Weight"", ""unit"": ""kg"", ""value"": ""15"", ""buyer_requested"": false, ""seller_mentioned"": true}], ""related_categories"": [{""name"": ""Soybean Oil"", ""reason"": ""It is the core product discussed.""}], ""is_buyer_interested"": true, ""most_specific_category"": {""name"": ""Fortune Refined Soyabean Oil"", ""reason"": ""The buyer specifically asked for soybean oil in tins.""}}], ""next_steps"": {""buyer_next_steps"": [""To check price and confirm order""], ""seller_next_steps"": [""To follow up on the quote provided""]}, ""buyer_details"": {""buyer_name"": ""b8f067f3af4cd1674f5949b81a4eeca88bfa433da391ffcea203b1270d619c80"", ""buyer_mobile_number"": ""074258cc16496d1637a268e9e661b84194fd4343d9b33ea7ecbf411e572d1738""}, ""seller_details"": {""seller_name"": ""9e681630f917327445198eac1ea4a14c57a2092839c7b54c08a8d599c0c52c89""}}",2026-07-29 05:03:46.886,148489668852,29/07/26
105770722,BUYER,73795,"{""callback"": ""callback by Soon - to share price (price update panren)"", ""lead_tag"": {""deal_blockers"": [], ""deal_readiness"": ""Warm"", ""deal_readiness_reason"": ""Buyer is seeking price for a specific model but next step is sharing details on WhatsApp.""}, ""metadata"": {""call_type"": {""type"": ""B2C"", ""reason"": ""The buyer is inquiring about a specific professional-grade tool model, indicating a likely specific application, though quantity is not yet discussed."", ""evidence"": {""keywords"": [""Stanley"", ""Fatmax 6"", ""Adjustable Wrench""], ""order_type"": [""other""]}}, ""buyer_intent"": {""narrative"": ""Seeking price for Stanley Adjustable Wrench Fatmax 6 model."", ""reasoning"": ""Buyer specified a brand and a particular model (Stanley Fatmax 6) indicating high knowledge and intent."", ""intent_level"": ""High""}, ""call_outcome"": {""category"": ""Follow-up"", ""conclusion_notes"": ""Seller will share price details on WhatsApp (WhatsApp number tharen WhatsApp pannunga price update panren).""}, ""call_purpose"": ""requirement"", ""all_languages"": [""Tamil"", ""English"", ""Hindi""], ""primary_language"": ""Tamil"", ""additional_details"": {""buyer_queries"": [{""query"": ""What is the price of the Stanley Adjustable Wrench Fatmax 6 model?"", ""category"": ""Pricing"", ""sequence"": 1, ""answer_by_seller"": ""Message me on WhatsApp, I will provide the price details.""}], ""seller_queries"": []}}, ""products"": [{""product_name"": ""Stanley Adjustable Wrench (Fatmax 6)"", ""specifications"": [{""name"": ""Brand"", ""value"": ""Stanley"", ""buyer_requested"": true, ""seller_mentioned"": false}, {""name"": ""Model"", ""value"": ""Fatmax 6"", ""buyer_requested"": true, ""seller_mentioned"": false}], ""related_categories"": [{""name"": ""Stanley Wrenches & Sockets"", ""reason"": ""The product is explicitly stated as a Stanley brand wrench.""}, {""name"": ""Wrenches"", ""reason"": ""General category for wrench tools.""}], ""is_buyer_interested"": true, ""most_specific_category"": {""name"": ""Adjustable Wrenches"", ""reason"": ""The buyer specifically mentioned an 'adjustable wrench'.""}}], ""next_steps"": {""buyer_next_steps"": [""To message the seller on WhatsApp to receive the price quote""], ""seller_next_steps"": [""To share the price for the Stanley Fatmax 6 wrench on WhatsApp""]}, ""buyer_details"": {""buyer_name"": ""bab81d393e3d032e1b4b1102e991c4460c9c9b353099f1df50dd7fb55a23fb22""}, ""seller_details"": {""seller_name"": ""90cc33a41b541af2c1964e3e10a46088cbdedf63031efaa35d588a698c91193f""}}",2026-07-29 04:54:11.336,148561821575,29/07/26
82639893,BUYER,11143,"{""callback"": ""callback by Today - To share the requirement (I will forward you in WhatsApp)"", ""lead_tag"": {""deal_blockers"": [], ""deal_readiness"": ""Warm"", ""deal_readiness_reason"": ""Wants to share specs on WhatsApp and is awaiting photos to confirm order.""}, ""metadata"": {""call_type"": {""type"": ""B2B"", ""reason"": ""Buyer mentions customers are asking for samples, implying a resale/B2B context."", ""evidence"": {""keywords"": [""Samples"", ""Catalog"", ""Requirement""], ""order_type"": [""recurring""], ""repeat_buyer"": true}}, ""buyer_intent"": {""narrative"": ""Interested in buying tea and requested photos to finalize the order."", ""reasoning"": ""The buyer specifically followed up for a catalog and photos to shared with his customers, indicating active demand."", ""intent_level"": ""High""}, ""call_outcome"": {""category"": ""Follow-up"", ""conclusion_notes"": ""Seller will share photos on WhatsApp; buyer will then confirm requirements (I will forward you in WhatsApp)""}, ""call_purpose"": ""requirement"", ""all_languages"": [""English""], ""primary_language"": ""English"", ""additional_details"": {""buyer_queries"": [{""query"": ""Can you share product photos and details?"", ""category"": ""Specifications"", ""sequence"": 1}], ""seller_queries"": []}}, ""products"": [{""product_name"": ""Tea"", ""related_categories"": [{""name"": ""CTC Tea"", ""reason"": ""Common bulk tea variety""}, {""name"": ""Green Tea"", ""reason"": ""Popular specialty tea category""}], ""is_buyer_interested"": true, ""most_specific_category"": {""name"": ""Tea"", ""reason"": ""The call pertains to product catalogs and samples in the tea industry based on the context of the seller's business.""}}], ""next_steps"": {""buyer_next_steps"": [""To share requirements on WhatsApp""], ""seller_next_steps"": [""To share product photos on WhatsApp""]}, ""buyer_details"": {""buyer_name"": ""237923c380703d042f60a6010fc7ede21cccd00d232f33bcb60cb9e2d429f948""}, ""seller_details"": {""seller_name"": ""edb2630940f1a6d6a48dd91179df6bd2ecfcd5cf555fc0f2edc5abcc41d99129"", ""seller_mobile_number"": ""85b131f6d1962bc5e4b690cef902d3c9062ca870c51f48b095210739c1424fc2""}}",2026-07-29 04:53:11.003,148561452367,29/07/26
106137873,BUYER,23217,"{""callback"": """", ""lead_tag"": {""deal_blockers"": [{""detail"": ""Requirement of 5 pieces is below the minimum limit of 50 pieces"", ""category"": ""MOQ""}], ""deal_readiness"": ""Cold"", ""deal_readiness_reason"": ""Requirement of 5 pieces is significantly lower than the minimum order quantity of 50 pieces""}, ""metadata"": {""call_type"": {""type"": ""B2C"", ""reason"": ""The buyer requested a very small quantity of 5 pieces for personal use, which is typical of a B2C interaction."", ""evidence"": {""keywords"": [""carton quantity"", ""bulk deal""], ""order_type"": [""one-time""], ""repeat_buyer"": false, ""buyer_persona"": {""persona_category"": ""end_consumer""}, ""quantity_scale"": ""Low""}}, ""buyer_intent"": {""narrative"": ""Wants to buy 5 candle lamps for personal use but the seller requires a bulk order."", ""reasoning"": ""Buyer stated a specific product and quantity but the requirement does not meet the seller's minimum order criteria."", ""intent_level"": ""High""}, ""call_outcome"": {""category"": ""Lost"", ""conclusion_notes"": ""Seller rejected the low quantity and then took another call (Ek call aa raha hai mujhe wo le raha hoon)""}, ""call_purpose"": ""requirement"", ""all_languages"": [""Hindi"", ""English""], ""primary_language"": ""Hindi"", ""additional_details"": {""buyer_queries"": [{""query"": ""What is the minimum order quantity?"", ""category"": ""Quantity"", ""sequence"": 2}, {""query"": ""Can you share details on the price?"", ""category"": ""Pricing"", ""sequence"": 3, ""answer_by_seller"": ""50 pieces (carton quantity)""}], ""seller_queries"": [{""query"": ""How many pieces do you need?"", ""category"": ""Quantity"", ""sequence"": 1, ""answer_by_buyer"": ""5 pieces""}]}}, ""products"": [{""in_stock"": ""in stock"", ""product_name"": ""Candle Lamp"", ""specifications"": [], ""quantity_required"": {""unit"": ""pieces"", ""value"": 5}, ""related_categories"": [{""name"": ""Decorative Candle Lamp"", ""reason"": ""Candle lamps are used for decorative purposes.""}, {""name"": ""Candle Holder"", ""reason"": ""Candle lamps function as holders for candles.""}], ""is_buyer_interested"": true, ""minimum_order_quantity"": {""unit"": ""pieces"", ""value"": 50}, ""most_specific_category"": {""name"": ""Candle Lamp"", ""reason"": ""The buyer explicitly asked for a candle lamp, which matches this category.""}, ""seller_accepts_quantity"": false}], ""next_steps"": {""buyer_next_steps"": [], ""seller_next_steps"": []}, ""buyer_details"": {}, ""seller_details"": {}}",2026-07-29 04:52:00.642,148561637975,29/07/26
25152476,BUYER,193919,"{""callback"": ""callback by Tomorrow 10 AM - To receive prices for the different capacities of the ABC fire extinguisher (Kal subah 10 baje call karta hun rate ke liye)"", ""lead_tag"": {""deal_blockers"": [], ""deal_readiness"": ""Warm"", ""deal_readiness_reason"": ""The buyer has a specific requirement for ABC extinguishers and has agreed to follow up for pricing tomorrow morning.""}, ""metadata"": {""call_type"": {""type"": ""B2B"", ""reason"": ""The buyer is inquiring about multiple capacities of industrial safety equipment (fire extinguishers) typical for commercial or business compliance."", ""evidence"": {""keywords"": [""ABC Fire Extinguisher"", ""Ultrafire"", ""Safety Equipment""], ""order_type"": [""commercial""], ""repeat_buyer"": false, ""quantity_scale"": ""High""}}, ""buyer_intent"": {""narrative"": ""Wants Ultrafire brand ABC type fire extinguishers in 4kg, 6kg, and 9kg capacities."", ""reasoning"": ""The buyer specifically asked for a brand and then discussed specific technical capacities (4kg, 6kg, 9kg) and followed up for pricing."", ""intent_level"": ""High""}, ""call_outcome"": {""category"": ""Follow-up"", ""conclusion_notes"": ""Will call tomorrow at 10 AM for pricing (Kal subah 10 baje call karunga rate ke liye)""}, ""call_purpose"": ""requirement"", ""all_languages"": [""Hindi"", ""English""], ""primary_language"": ""Hindi"", ""additional_details"": {""buyer_queries"": [{""query"": ""Do you have the Minimax brand?"", ""category"": ""Specifications"", ""sequence"": 1, ""answer_by_seller"": ""We don't have Minimax; we have Ultrafire.""}, {""query"": ""What capacities do you have available?"", ""category"": ""Specifications"", ""sequence"": 2, ""answer_by_seller"": ""We have multiple capacities available including 4kg, 6kg, and 9kg.""}, {""query"": ""What is the price for these capacities?"", ""category"": ""Pricing"", ""sequence"": 3, ""answer_by_seller"": ""I will check the price and tell you by tomorrow morning; please call me around 10 AM.""}], ""seller_queries"": []}}, ""products"": [{""in_stock"": ""in stock"", ""product_name"": ""Ultrafire ABC Fire Extinguisher (4kg)"", ""specifications"": [{""name"": ""Brand"", ""value"": ""Ultrafire"", ""buyer_requested"": false, ""seller_mentioned"": true}, {""name"": ""Capacity"", ""unit"": ""kg"", ""value"": ""4"", ""buyer_requested"": true, ""seller_mentioned"": true}, {""name"": ""Type"", ""value"": ""ABC"", ""buyer_requested"": true, ""seller_mentioned"": true}], ""related_categories"": [{""name"": ""Fire Extinguishers"", ""reason"": ""Category of safety devices used to extinguish small fires.""}], ""is_buyer_interested"": true, ""most_specific_category"": {""name"": ""ABC Fire Extinguisher"", ""reason"": ""The buyer specifically requested ABC type extinguishers from the Ultrafire brand.""}}, {""in_stock"": ""in stock"", ""product_name"": ""Ultrafire ABC Fire Extinguisher (6kg)"", ""specifications"": [{""name"": ""Brand"", ""value"": ""Ultrafire"", ""buyer_requested"": false, ""seller_mentioned"": true}, {""name"": ""Capacity"", ""unit"": ""kg"", ""value"": ""6"", ""buyer_requested"": true, ""seller_mentioned"": true}, {""name"": ""Type"", ""value"": ""ABC"", ""buyer_requested"": true, ""seller_mentioned"": true}], ""related_categories"": [{""name"": ""Fire Extinguishers"", ""reason"": ""Category of safety devices used to extinguish small fires.""}], ""is_buyer_interested"": true, ""most_specific_category"": {""name"": ""ABC Fire Extinguisher"", ""reason"": ""The buyer specifically requested ABC type extinguishers from the Ultrafire brand.""}}, {""in_stock"": ""in stock"", ""product_name"": ""Ultrafire ABC Fire Extinguisher (9kg)"", ""specifications"": [{""name"": ""Brand"", ""value"": ""Ultrafire"", ""buyer_requested"": false, ""seller_mentioned"": true}, {""name"": ""Capacity"", ""unit"": ""kg"", ""value"": ""9"", ""buyer_requested"": true, ""seller_mentioned"": true}, {""name"": ""Type"", ""value"": ""ABC"", ""buyer_requested"": true, ""seller_mentioned"": true}], ""related_categories"": [{""name"": ""Fire Extinguishers"", ""reason"": ""Category of safety devices used to extinguish small fires.""}], ""is_buyer_interested"": true, ""most_specific_category"": {""name"": ""ABC Fire Extinguisher"", ""reason"": ""The buyer specifically requested ABC type extinguishers from the Ultrafire brand.""}}], ""next_steps"": {""buyer_next_steps"": [""To call at 10 AM tomorrow to get the price quotes""], ""seller_next_steps"": [""To check and provide pricing for 4kg, 6kg, and 9kg ABC extinguishers""]}, ""buyer_details"": {""buyer_name"": ""fbe94c75bdef166fa79d065a34b76e66d67cf7f1cd310fb852ed0dac922c8a40"", ""buyer_mobile_number"": ""9cf208e20ac4ddc5ed9641e2d70bbf80f5cdfef792115a25a0fa8c9241895cfb""}, ""seller_details"": {""seller_name"": ""42f01089619ff6290f7bff7dd468913f28f3a32bdb7bdf42f80f20e293457814""}}",2026-07-29 04:49:03.878,148561705613,29/07/26
180085041,BUYER,220557,"{""callback"": ""callback by Today - To check collection and place order (Abhi kar do aaj order karunga)"", ""lead_tag"": {""deal_blockers"": [], ""deal_readiness"": ""Hot"", ""deal_readiness_reason"": ""Wants to place an order today after seeing the product catalog on WhatsApp. (Abhi kar do aaj order karunga) ""}, ""metadata"": {""call_type"": {""type"": ""B2B"", ""reason"": ""The buyer identified as a reseller, accepted a bulk MOQ of 15 pieces, and discussed wholesale rates, indicating a business-to-business transaction."", ""evidence"": {""keywords"": [""Reseller"", ""Wholesale Rates"", ""Chikankari"", ""Mul Cotton""], ""order_type"": [""bulk"", ""commercial""], ""repeat_buyer"": true, ""buyer_persona"": {""persona_detail"": ""Reseller"", ""persona_category"": ""retailer""}, ""quantity_scale"": ""High""}}, ""buyer_intent"": {""narrative"": ""Reseller looking for Chikankari Mul Cotton sarees for business with a clear minimum quantity readiness."", ""reasoning"": ""Knows their requirement, accepts the seller's MOQ of 15 pieces, identifies as a reseller, and wants to place an order today."", ""intent_level"": ""High""}, ""call_outcome"": {""category"": ""Follow-up"", ""conclusion_notes"": ""Seller will share the catalog on WhatsApp, and the buyer will place the order today. (Abhi kar do aaj order karunga)""}, ""call_purpose"": ""requirement"", ""all_languages"": [""Hindi"", ""English""], ""primary_language"": ""Hindi"", ""additional_details"": {""buyer_queries"": [{""query"": ""Do you have Chikankari Mul Cotton saree?"", ""category"": ""Availability"", ""sequence"": 1}, {""query"": ""Where is your place?"", ""category"": ""Location"", ""sequence"": 2}], ""seller_queries"": [{""query"": ""What is the requirement?"", ""category"": ""Quantity"", ""sequence"": 3}]}, ""intended_application"": ""Retail Resale""}, ""products"": [{""in_stock"": ""in stock"", ""product_name"": ""Chikankari Mul Cotton Saree"", ""specifications"": [{""name"": ""Fabric"", ""value"": ""Mul Cotton"", ""buyer_requested"": true, ""seller_mentioned"": true}, {""name"": ""Work"", ""value"": ""Chikankari"", ""buyer_requested"": true, ""seller_mentioned"": false}], ""quantity_required"": {""unit"": ""pieces"", ""value"": 15}, ""related_categories"": [{""name"": ""Pure Cotton Saree"", ""reason"": ""Mul Mul cotton is a type of pure cotton fabric.""}, {""name"": ""Handicraft Saree"", ""reason"": ""Chikankari is a traditional hand embroidery craft.""}], ""is_buyer_interested"": true, ""minimum_order_quantity"": {""unit"": ""pieces"", ""value"": 15}, ""most_specific_category"": {""name"": ""Cotton Sarees"", ""reason"": ""The buyer specifically asked for Mul Cotton sarees, which falls under this broad category.""}, ""seller_accepts_quantity"": true}], ""next_steps"": {""buyer_next_steps"": [""To send a message on WhatsApp for the catalog."", ""To place the order today.""], ""seller_next_steps"": [""To share the website or catalog link via WhatsApp.""]}, ""buyer_details"": {""buyer_name"": ""92125812f4159a7e8712862af1c77ddb60993dd49a448f869cea030809e2bbf1""}, ""seller_details"": {""seller_name"": ""9ebc59c1af67d0dd352755e4c71e2e42b767ff8c5907485542bfd135935a8084""}}",2026-07-29 04:17:28.111,148561688363,29/07/26
269976231,BUYER,56258,"{""payment"": {}, ""callback"": ""callback by None - None"", ""lead_tag"": {""deal_blockers"": [{""detail"": ""The buyer needs 4 meters while the seller's minimum order quantity is 100 meters."", ""category"": ""MOQ""}], ""deal_readiness"": ""Cold"", ""deal_readiness_reason"": ""The buyer requires a very small quantity (4 meters) for a medical device prototype, significantly lower than the seller's MOQ of 100 meters.""}, ""metadata"": {""call_type"": {""type"": ""B2B"", ""reason"": ""The buyer represents a medical institution developing a device and needs a small sample for testing, making it a B2B enquiry despite the low quantity."", ""evidence"": {""keywords"": [""Medical Grade"", ""Medical Device"", ""JSS Hospital"", ""Prototyping""], ""order_type"": [""trial"", ""sample""], ""repeat_buyer"": false, ""buyer_persona"": {""persona_detail"": ""JSS Institution/Hospital"", ""persona_category"": ""institution""}, ""quantity_scale"": ""Low""}}, ""buyer_intent"": {""narrative"": ""Buyer from JSS Institution needs 4 meters of 6mm medical-grade pipe for a device prototype but the quantity is too low for the seller."", ""reasoning"": ""The buyer has specific technical requirements but only needs a very small quantity for testing/development."", ""intent_level"": ""Medium""}, ""call_outcome"": {""category"": ""Lost"", ""conclusion_notes"": ""The seller's MOQ is 100 meters, while the buyer only requires 4-10 meters. The seller refused the small quantity (Nahi hota toh mein aap ko de deta sir).""}, ""call_purpose"": ""requirement"", ""all_languages"": [""Hindi"", ""English""], ""primary_language"": ""English"", ""additional_details"": {""buyer_queries"": [{""query"": ""I need a pipe with a 6mm outer diameter, medical grade. What is the inner diameter?"", ""category"": ""Specifications"", ""sequence"": 1}, {""query"": ""What is the minimum order quantity?"", ""category"": ""Quantity"", ""sequence"": 3}, {""query"": ""Can I get 10 meters?"", ""category"": ""Quantity"", ""sequence"": 5}], ""seller_queries"": [{""query"": ""What is the inner diameter (ID) you're looking for?"", ""category"": ""Specifications"", ""sequence"": 2}, {""query"": ""How many meters do you need for now?"", ""category"": ""Quantity"", ""sequence"": 4}]}, ""intended_application"": ""Medical Device Prototyping""}, ""products"": [{""price"": {}, ""in_stock"": ""in stock"", ""product_name"": ""Medical Grade Pipe"", ""specifications"": [{""name"": ""Outer Diameter"", ""unit"": ""mm"", ""value"": ""6"", ""buyer_requested"": false, ""seller_mentioned"": false}, {""name"": ""Grade"", ""value"": ""Medical"", ""buyer_requested"": false, ""seller_mentioned"": false}], ""quantity_required"": {""unit"": ""meters"", ""value"": 4}, ""related_categories"": [{""name"": ""Silicone Hose"", ""reason"": ""Medical grade pipes of this size are frequently classified under silicone hoses.""}, {""name"": ""High Purity Tubing"", ""reason"": ""Medical grade applications require high purity standards.""}], ""is_buyer_interested"": true, ""minimum_order_quantity"": {""unit"": ""meters"", ""value"": 100}, ""most_specific_category"": {""name"": ""Silicone Tube"", ""reason"": ""The buyer's requirement for a 6mm outer diameter medical-grade pipe for a hospital device typically refers to silicone tubing, commonly used in medical applications.""}, ""seller_accepts_quantity"": false}], ""next_steps"": {""buyer_next_steps"": [], ""seller_next_steps"": []}, ""buyer_details"": {""buyer_name"": ""05ac422ced0d9b5ebceb59b1c645d6a33968870ac9aab336fef6f764e8c93365""}, ""seller_details"": {""seller_name"": ""85f5e10431f69bc2a14046a13aabaefc660103b6de7a84f75c4b96181d03f0b5""}}",2026-07-29 03:53:52.998,148562050267,29/07/26
161252315,BUYER,38128,"{""callback"": ""callback by Today - To confirm stock availability for 4 feet SS Ball (Stock check karke confirm kar do)"", ""lead_tag"": {""deal_blockers"": [{""detail"": ""Seller only confirmed 3 feet availability; 4 feet needs a stock check."", ""category"": ""Availability""}], ""deal_readiness"": ""Warm"", ""deal_readiness_reason"": ""The buyer has a specific requirement for one unit of a 4 feet SS ball and is waiting for a stock availability confirmation.""}, ""metadata"": {""call_type"": {""type"": ""B2C"", ""reason"": ""The buyer is inquiring about a single unit (one piece) of a large stainless steel ball, which typically aligns with retail or decorative use rather than industrial bulk supply."", ""evidence"": {""keywords"": [""Stainless Steel Ball""], ""order_type"": [""one-time""], ""repeat_buyer"": false, ""quantity_scale"": ""Low""}}, ""buyer_intent"": {""narrative"": ""Looking for a single 4-feet stainless steel ball for an unspecified use."", ""reasoning"": ""The buyer has specific size requirements and quantity in mind but is only asking for a single unit, indicating possible retail or sample use."", ""intent_level"": ""Medium""}, ""call_outcome"": {""category"": ""Follow-up"", ""conclusion_notes"": ""Seller will check stock for the 4-feet size and update on WhatsApp (Stock check karke confirm kar dunga).""}, ""call_purpose"": ""requirement"", ""all_languages"": [""Hindi"", ""English""], ""primary_language"": ""Hindi"", ""additional_details"": {""buyer_queries"": [{""query"": ""Do you have 4 feet stainless steel balls?"", ""category"": ""Specifications"", ""sequence"": 1, ""answer_by_seller"": ""The maximum size currently available is 3 feet, but I will check the stock for 4 feet.""}], ""seller_queries"": [{""query"": ""How many pieces do you require?"", ""category"": ""Quantity"", ""sequence"": 2, ""answer_by_buyer"": ""I need only one piece.""}]}}, ""products"": [{""in_stock"": ""in stock"", ""product_name"": ""Stainless Steel Ball"", ""specifications"": [{""name"": ""Material"", ""value"": ""Stainless Steel"", ""buyer_requested"": true, ""seller_mentioned"": true}, {""name"": ""Size"", ""unit"": ""feet"", ""value"": ""4"", ""buyer_requested"": true, ""seller_mentioned"": false}], ""quantity_required"": {""unit"": ""piece"", ""value"": 1}, ""related_categories"": [{""name"": ""Stainless Steel Balls"", ""reason"": ""The product is explicitly mentioned as being made of stainless steel.""}, {""name"": ""SS Railing Ball"", ""reason"": ""Balls of this size are commonly used in railing and decorative applications.""}], ""is_buyer_interested"": true, ""most_specific_category"": {""name"": ""SS Railing Ball"", ""reason"": ""The discussion is about large size stainless steel balls, which are frequently used as railing ornaments or architectural features.""}, ""seller_accepts_quantity"": true}, {""in_stock"": ""in stock"", ""product_name"": ""Stainless Steel Ball"", ""specifications"": [{""name"": ""Material"", ""value"": ""Stainless Steel"", ""buyer_requested"": false, ""seller_mentioned"": true}, {""name"": ""Size"", ""unit"": ""feet"", ""value"": ""3"", ""buyer_requested"": false, ""seller_mentioned"": true}], ""related_categories"": [{""name"": ""Stainless Steel Balls"", ""reason"": ""General category for the material mentioned.""}], ""is_buyer_interested"": false, ""most_specific_category"": {""name"": ""SS Railing Ball"", ""reason"": ""Seller confirmed 3 feet size is available.""}}], ""next_steps"": {""buyer_next_steps"": [""To wait for stock confirmation from the seller on WhatsApp.""], ""seller_next_steps"": [""To check stock availability for the 4 feet stainless steel ball."", ""To update the status to the buyer on WhatsApp.""]}, ""buyer_details"": {""buyer_name"": ""ba77b58f6c3a0ce3b7f2a58cade72a97667d330eac4499ccd8d77b15baa93538"", ""buyer_mobile_number"": ""f4fc159e2a7a0b3bc584b3949ea5a2bacac1e0e1e2dce7d49d49ef69eaa24021""}, ""seller_details"": {""seller_name"": ""2bb1d9aea4e1afe85c086246aa04237082f4aca66e77327c3964967bb9b9c4ba""}}",2026-07-29 03:53:31.453,148549288546,29/07/26
161252315,BUYER,38128,"{""callback"": ""callback by Tomorrow 5 PM - To follow up on industrial balls (Kal 5 baje call karta hoon)"", ""lead_tag"": {""deal_blockers"": [{""detail"": ""Seller does not manufacture hollow sheet metal balls"", ""category"": ""Other""}], ""deal_readiness"": ""Cold"", ""deal_readiness_reason"": ""The seller does not manufacture the specific type of hollow ball requested by the buyer.""}, ""metadata"": {""call_type"": {""type"": ""B2C"", ""reason"": ""The buyer is looking for a single decorative item for a showroom, which is more of an end-consumer/retail request, and the seller only deals in industrial-grade components."", ""evidence"": {""order_type"": [""other""], ""repeat_buyer"": false, ""quantity_scale"": ""Low""}}, ""buyer_intent"": {""narrative"": ""Wants a 4-foot hollow metal ball for display purposes."", ""reasoning"": ""The buyer specified a size and application but the seller does not handle that product type."", ""intent_level"": ""Low""}, ""call_outcome"": {""category"": ""Lost"", ""conclusion_notes"": ""The seller does not make the hollow balls the buyer wants (Hum hollow balls nahi banate).""}, ""call_purpose"": ""requirement"", ""all_languages"": [""Hindi"", ""English""], ""primary_language"": ""Hindi"", ""additional_details"": {""buyer_queries"": [{""query"": ""Do you have 4-foot balls?"", ""category"": ""Specifications"", ""sequence"": 1}, {""query"": ""Are the industrial balls solid?"", ""category"": ""Specifications"", ""sequence"": 4}], ""seller_queries"": [{""query"": ""What size do you need?"", ""category"": ""Specifications"", ""sequence"": 2}, {""query"": ""For what purpose do you need them?"", ""category"": ""Specifications"", ""sequence"": 5}]}, ""intended_application"": ""Showroom Display""}, ""products"": [{""in_stock"": ""not sold"", ""product_name"": ""Hollow Sheet Metal Ball (Ball)"", ""specifications"": [{""name"": ""Size"", ""unit"": ""feet"", ""value"": ""4"", ""buyer_requested"": true, ""seller_mentioned"": false}, {""name"": ""Type"", ""value"": ""Hollow"", ""buyer_requested"": false, ""seller_mentioned"": false}], ""related_categories"": [{""name"": ""Steel Balls"", ""reason"": ""General category for spherical steel products.""}, {""name"": ""Railing Ball"", ""reason"": ""Hollow balls are often used in decorative railings.""}], ""is_buyer_interested"": true, ""most_specific_category"": {""name"": ""MS Hollow Ball"", ""reason"": ""The buyer specifically asked for a hollow sheet metal ball for exhibition.""}}, {""in_stock"": ""in stock"", ""product_name"": ""Industrial Ball"", ""specifications"": [{""name"": ""Size"", ""unit"": ""inch"", ""value"": ""1"", ""buyer_requested"": false, ""seller_mentioned"": true}, {""name"": ""Size"", ""unit"": ""inch"", ""value"": ""2"", ""buyer_requested"": false, ""seller_mentioned"": true}, {""name"": ""Size"", ""unit"": ""inch"", ""value"": ""3"", ""buyer_requested"": false, ""seller_mentioned"": true}, {""name"": ""Type"", ""value"": ""Solid"", ""buyer_requested"": false, ""seller_mentioned"": true}], ""related_categories"": [{""name"": ""Chrome Steel Ball"", ""reason"": ""Industrial balls are frequently made of chrome steel.""}, {""name"": ""Precision Balls"", ""reason"": ""Industrial balls are typically manufactured to precise tolerances.""}], ""is_buyer_interested"": false, ""most_specific_category"": {""name"": ""Steel Balls"", ""reason"": ""The seller mentioned providing smaller industrial-grade solid balls.""}}], ""next_steps"": {""buyer_next_steps"": [], ""seller_next_steps"": []}, ""buyer_details"": {""buyer_name"": ""ba77b58f6c3a0ce3b7f2a58cade72a97667d330eac4499ccd8d77b15baa93538""}, ""seller_details"": {""seller_name"": ""1ff27e6e2bbe6166f3e8054e819732b0b173f02ff52a7f5353abe8e8f3647a1d""}}",2026-07-29 03:52:17.741,148549288546,29/07/26
82639893,BUYER,11143,"{""lead_tag"": {""deal_blockers"": [], ""deal_readiness"": ""Warm"", ""deal_readiness_reason"": ""Specific details are being confirmed by the seller within a few minutes.""}, ""metadata"": {""call_type"": {""type"": ""B2C"", ""reason"": ""The buyer is asking for a small quantity (10 kg) as a sample, suggesting it might be for a business test or personal use."", ""evidence"": {""order_type"": [""sample""], ""quantity_scale"": ""Low""}}, ""buyer_intent"": {""narrative"": ""Buyer wants to purchase 10 kg samples of green tea dust and broken tea."", ""reasoning"": ""The buyer specifies the type of tea and quantity for the sample."", ""intent_level"": ""Medium""}, ""call_outcome"": {""category"": ""Follow-up"", ""conclusion_notes"": ""Seller will call back in 5-10 minutes (5-10 minutes mein wapas call karke details bataunga).""}, ""call_purpose"": ""requirement"", ""all_languages"": [""Hindi"", ""English""], ""primary_language"": ""English"", ""additional_details"": {""buyer_queries"": [{""query"": ""Is green tea dust or broken available?"", ""category"": ""Availability"", ""sequence"": 1}], ""seller_queries"": [{""query"": ""Where are you calling from?"", ""category"": ""Location"", ""sequence"": 2, ""answer_by_buyer"": ""Hyderabad""}]}}, ""products"": [{""in_stock"": ""in stock"", ""product_name"": ""Green Tea (Dust)"", ""specifications"": [{""name"": ""Type"", ""value"": ""Dust"", ""buyer_requested"": true, ""seller_mentioned"": true}], ""quantity_required"": {""unit"": ""kg"", ""value"": 10}, ""related_categories"": [{""name"": ""Tea"", ""reason"": ""Green tea is a category of tea.""}], ""is_buyer_interested"": true, ""most_specific_category"": {""name"": ""Green Tea"", ""reason"": ""The buyer specifically requested green tea.""}, ""seller_accepts_quantity"": true}, {""in_stock"": ""in stock"", ""product_name"": ""Green Tea (Broken)"", ""specifications"": [{""name"": ""Type"", ""value"": ""Broken"", ""buyer_requested"": true, ""seller_mentioned"": true}], ""quantity_required"": {""unit"": ""kg"", ""value"": 10}, ""related_categories"": [{""name"": ""Tea"", ""reason"": ""Green tea is a category of tea.""}], ""is_buyer_interested"": true, ""most_specific_category"": {""name"": ""Green Tea"", ""reason"": ""The buyer specifically requested green tea.""}, ""seller_accepts_quantity"": true}], ""next_steps"": {""buyer_next_steps"": [], ""seller_next_steps"": [""To call the buyer back in 10 minutes to discuss details""]}, ""buyer_details"": {""buyer_name"": ""237923c380703d042f60a6010fc7ede21cccd00d232f33bcb60cb9e2d429f948"", ""buyer_location"": {""buyer_city"": ""Hyderabad""}}, ""seller_details"": {""seller_name"": ""edb2630940f1a6d6a48dd91179df6bd2ecfcd5cf555fc0f2edc5abcc41d99129""}}",2026-07-29 03:38:18.814,148561452367,29/07/26
163649620,BUYER,151473,"{""callback"": ""callback by Today 1 PM - To reconnect after network issue (Ek baje call karta hoon network problem hai)"", ""lead_tag"": {""deal_blockers"": [], ""deal_readiness"": ""Cold"", ""deal_readiness_reason"": ""The call was interrupted by network issues immediately without any product discussion. ""}, ""metadata"": {""call_type"": {""type"": ""B2C"", ""reason"": ""The call was disconnected before any business context or quantity could be established."", ""evidence"": {""repeat_buyer"": false}}, ""buyer_intent"": {""narrative"": ""Interested in products but call was cut short due to audio issues."", ""reasoning"": ""The buyer initiated contact but no specific product or quantity was discussed before the network failed."", ""intent_level"": ""Low""}, ""call_outcome"": {""category"": ""Follow-up"", ""conclusion_notes"": ""Call was disconnected due to poor network, will call back later (Awaaz nahi aa rahi, ek baje call karta hoon).""}, ""call_purpose"": ""requirement"", ""all_languages"": [""Marathi"", ""Hindi""], ""primary_language"": ""Marathi"", ""additional_details"": {""buyer_queries"": [], ""seller_queries"": [{""query"": ""Do you know Marathi? "", ""category"": ""Availability"", ""sequence"": 1}]}}, ""products"": [], ""next_steps"": {""buyer_next_steps"": [""To receive the callback at 1 PM.""], ""seller_next_steps"": [""To call back at 1 PM to discuss the requirement.""]}, ""buyer_details"": {""buyer_name"": ""7665a7c10c182db8b03b50764282ff7f12d08141438016ec0fdbad8b0cd3a39b""}, ""seller_details"": {""seller_name"": ""d7124e6b58a6f6ddb2a659cc4d1214ece511cbcb18a435c63d090594b49fbe55""}}",2026-07-29 03:03:48.881,148562061759,29/07/26
229376909,BUYER,445988,"{""payment"": {}, ""callback"": ""callback by Today 5:15 PM - To discuss requirement after reaching (5-10 minute ruko pahuch ke karta hoon)"", ""lead_tag"": {""deal_blockers"": [], ""deal_readiness"": ""Hot"", ""deal_readiness_reason"": ""Seller explicitly committed to call back within 10-15 minutes to discuss the requirement once he reaches his destination.""}, ""metadata"": {""call_type"": {""type"": ""B2B"", ""reason"": ""The call is a follow-up to a digital inquiry but lacked specific details to determine B2B/B2C status at this stage."", ""evidence"": {""keywords"": [""WhatsApp Message""], ""repeat_buyer"": false}}, ""buyer_intent"": {""narrative"": ""Sent a message on WhatsApp regarding a product requirement."", ""reasoning"": ""Buyer specifically followed up on a WhatsApp message sent earlier, showing active interest in the product."", ""intent_level"": ""Medium""}, ""call_outcome"": {""category"": ""Follow-up"", ""conclusion_notes"": ""Seller promised to call back in 10-15 minutes to discuss further (10-15 minute ruko pahuch ke karta hoon).""}, ""call_purpose"": ""followup"", ""all_languages"": [""Hindi"", ""English""], ""primary_language"": ""Hindi"", ""additional_details"": {""buyer_queries"": [], ""seller_queries"": []}}, ""products"": [{""product_name"": ""Product as per WhatsApp message"", ""specifications"": [], ""is_buyer_interested"": true}], ""next_steps"": {""buyer_next_steps"": [""To wait for the seller's return call in 15 minutes""], ""seller_next_steps"": [""To call the buyer back within 15 minutes to discuss the WhatsApp inquiry""]}, ""buyer_details"": {""buyer_name"": ""31ed7ed9f6f454dd4726dfb03591f684495e7df1c1b14c92ab9759210b986805""}, ""seller_details"": {""seller_name"": ""46ed260db5a4cb33871f0b308aae3e899602cd7f20c6841677e4079d8b9e5ec3""}}",2026-07-29 03:02:24.770,148562049595,29/07/26
252497158,BUYER,55220,"{""callback"": ""callback by Monday 1 PM - To finalize order (Somvar 1 baje call karta hoon)"", ""lead_tag"": {""deal_blockers"": [], ""deal_readiness"": ""Warm"", ""deal_readiness_reason"": ""Buyer is interested in multiple accessories and confirmed a callback time to finalize everything.""}, ""metadata"": {""call_type"": {""type"": ""B2B"", ""reason"": ""Buyer mentioned needing parts for multiple vehicles and discussed reselling context, indicating a B2B transaction."", ""evidence"": {""order_type"": [""commercial""], ""repeat_buyer"": false, ""quantity_scale"": ""High""}}, ""buyer_intent"": {""narrative"": ""Wants a complete set of accessories including front/rear bumper guards, roof rails, and door visors for a 2024 Kia Sonet."", ""reasoning"": ""Buyer specifies exact car model and year, asks for prices of multiple specific parts, and commits to a specific callback time."", ""intent_level"": ""High""}, ""call_outcome"": {""category"": ""Follow-up"", ""conclusion_notes"": ""Will call back on Monday at 1 PM to finalize (Somvar 1 baje call karke finalize karta hoon)""}, ""call_purpose"": ""requirement"", ""all_languages"": [""Hindi"", ""English""], ""primary_language"": ""Hindi"", ""additional_details"": {""buyer_queries"": [{""query"": ""Do you have accessories for a 2024 model Kia Sonet?"", ""category"": ""Specifications"", ""sequence"": 1}, {""query"": ""What is the price of the front bumper guard?"", ""category"": ""Pricing"", ""sequence"": 2}, {""query"": ""What is the price of the rear bumper guard?"", ""category"": ""Pricing"", ""sequence"": 3}, {""query"": ""What is the total price including roof rails and door visors?"", ""category"": ""Pricing"", ""sequence"": 4}], ""seller_queries"": [{""query"": ""Do you need these for personal use or for a shop?"", ""category"": ""Quantity"", ""sequence"": 5}]}, ""intended_application"": ""Retail Resale""}, ""products"": [{""price"": {""value"": 4500, ""currency"": ""INR"", ""price_unit"": ""piece"", ""buyer_price_reaction"": {""quote"": ""Can you do it for less?"", ""category"": ""Negotiating""}}, ""in_stock"": ""in stock"", ""product_name"": ""Front Bumper Guard (Kia Sonet 2024)"", ""specifications"": [{""name"": ""Vehicle Model"", ""value"": ""Kia Sonet"", ""buyer_requested"": true, ""seller_mentioned"": true}, {""name"": ""Model Year"", ""value"": ""2024"", ""buyer_requested"": true, ""seller_mentioned"": true}], ""related_categories"": [{""name"": ""Car Bumper Guard"", ""reason"": ""It is a type of bumper protection accessory.""}, {""name"": ""Car Accessories"", ""reason"": ""General category for vehicle add-ons.""}], ""is_buyer_interested"": true, ""most_specific_category"": {""name"": ""Car Front Guard"", ""reason"": ""The buyer specifically asked for a front guard for a Kia Sonet.""}}, {""price"": {""value"": 3800, ""currency"": ""INR"", ""price_unit"": ""piece""}, ""in_stock"": ""in stock"", ""product_name"": ""Rear Bumper Guard (Kia Sonet 2024)"", ""specifications"": [{""name"": ""Vehicle Model"", ""value"": ""Kia Sonet"", ""buyer_requested"": true, ""seller_mentioned"": true}], ""related_categories"": [{""name"": ""Car Bumper Guard"", ""reason"": ""It is a type of bumper protection accessory.""}], ""is_buyer_interested"": true, ""most_specific_category"": {""name"": ""Rear Guard"", ""reason"": ""The buyer specifically asked for a back guard for a Kia Sonet.""}}, {""price"": {""value"": 1800, ""currency"": ""INR"", ""price_unit"": ""set""}, ""in_stock"": ""in stock"", ""product_name"": ""Roof Rails (Kia Sonet 2024)"", ""specifications"": [{""name"": ""Vehicle Model"", ""value"": ""Kia Sonet"", ""buyer_requested"": true, ""seller_mentioned"": true}], ""related_categories"": [{""name"": ""Car Exterior Accessories"", ""reason"": ""Exterior add-on for vehicles.""}], ""is_buyer_interested"": true, ""most_specific_category"": {""name"": ""Roof Rails"", ""reason"": ""Specifically mentioned by the buyer as part of the requirement set.""}}, {""price"": {""value"": 850, ""currency"": ""INR"", ""price_unit"": ""set""}, ""in_stock"": ""in stock"", ""product_name"": ""Door Visors (Kia Sonet 2024)"", ""specifications"": [{""name"": ""Vehicle Model"", ""value"": ""Kia Sonet"", ""buyer_requested"": true, ""seller_mentioned"": true}], ""related_categories"": [{""name"": ""Car Exterior Accessories"", ""reason"": ""Exterior add-on for window protection.""}], ""is_buyer_interested"": true, ""most_specific_category"": {""name"": ""Car Door Visors"", ""reason"": ""Specifically mentioned by the buyer as part of the requirement set.""}}], ""next_steps"": {""buyer_next_steps"": [""To call back on Monday at 1 PM to finalize the order""], ""seller_next_steps"": [""To share the updated price list for 2024 Kia Sonet accessories""]}, ""buyer_details"": {""buyer_mobile_number"": ""09823d064a9b0a067c8ae7465e97a2acee322102684c4cad5b3bee9c89d47447""}, ""seller_details"": {""seller_name"": ""fc0177c1b1250e0d0aabc4a783e6e7abb614dec230c63d5d60ebacdd986161d3""}}",2026-07-29 02:58:58.723,148561574034,29/07/26
271073757,BUYER,156195,"{""callback"": ""callback by Tomorrow 5 PM – To follow up on prices (Kal 5 baje call karta hoon)"", ""lead_tag"": {""deal_blockers"": [{""detail"": ""Buyer disappointed with the increase in price from 40 to 70 per piece."", ""category"": ""Price""}], ""deal_readiness"": ""Cold"", ""deal_readiness_reason"": ""The buyer was discouraged by the higher price than listed online and didn't commit to a next step.""}, ""metadata"": {""call_type"": {""type"": ""B2B"", ""reason"": ""The buyer's requirement for 100 units suggests a business use rather than personal."", ""evidence"": {""keywords"": [""Moulds"", ""Plastic""], ""order_type"": [""one-time""], ""repeat_buyer"": false, ""buyer_persona"": {""persona_detail"": ""Buyer didn't specify his role"", ""persona_category"": ""other""}, ""quantity_scale"": ""High""}}, ""buyer_intent"": {""narrative"": ""Looking for 100 pieces of plastic cover block moulds."", ""reasoning"": ""The buyer has a specific quantity and material in mind but was put off by the price increase."", ""intent_level"": ""Medium""}, ""call_outcome"": {""category"": ""Lost"", ""conclusion_notes"": ""The buyer ended the call saying they'll call back after hearing the price (Theek hai toh call karta hoon).""}, ""call_purpose"": ""requirement"", ""all_languages"": [""Hindi"", ""English""], ""primary_language"": ""Hindi"", ""additional_details"": {""buyer_queries"": [{""query"": ""Do you sell cover block moulds?"", ""category"": ""Availability"", ""sequence"": 1}, {""query"": ""What's the price for 100 pieces?"", ""category"": ""Pricing"", ""sequence"": 2}, {""query"": ""Can I get the plastic one?"", ""category"": ""Specifications"", ""sequence"": 3}], ""seller_queries"": [{""query"": ""How many pieces do you want?"", ""category"": ""Quantity"", ""sequence"": 4}, {""query"": ""Where are you calling from?"", ""category"": ""Location"", ""sequence"": 5}]}}, ""products"": [{""price"": {""value"": 70, ""currency"": ""INR"", ""price_unit"": ""piece"", ""negotiation_notes"": ""The buyer mentioned that the product was listed for 40 on the website, while the seller quoted 70."", ""buyer_price_reaction"": {""quote"": ""Your product is listed for 40 on the website."", ""category"": ""Negotiating""}}, ""in_stock"": ""in stock"", ""product_name"": ""Cover Block Mould (Plastic)"", ""specifications"": [{""name"": ""Material"", ""value"": ""Plastic"", ""buyer_requested"": true, ""seller_mentioned"": true}], ""quantity_required"": {""unit"": ""pieces"", ""value"": 100}, ""related_categories"": [{""name"": ""Moulds"", ""reason"": ""This product is essentially a type of mould used in construction.""}], ""is_buyer_interested"": true, ""most_specific_category"": {""name"": ""Cover Block Moulds"", ""reason"": ""The buyer explicitly asked for cover block moulds.""}, ""seller_accepts_quantity"": true}], ""next_steps"": {""buyer_next_steps"": [], ""seller_next_steps"": []}, ""buyer_details"": {""buyer_name"": ""8d08e5bec63d92b6fd98be317c4e06b509f13a27db0bec2c1a473d22922a58f4""}, ""seller_details"": {""seller_name"": ""82ce13b589d7bf24a56c62cde8f167fc01000b9bba8aaff2893b79a8a017323f""}}",2026-07-29 02:48:41.450,148562402867,29/07/26
146738734,BUYER,123794,"{""callback"": ""callback by Tomorrow 10 AM - To provide product details after reaching office"", ""lead_tag"": {""deal_blockers"": [], ""deal_readiness"": ""Warm"", ""deal_readiness_reason"": ""Wants details for a specific 4-layer lunch box seen on WhatsApp.""}, ""metadata"": {""call_type"": {""type"": ""B2C"", ""reason"": ""Individual buyer inquiring about a single lunch box for personal use."", ""evidence"": {""keywords"": [""IndiaMART catalog"", ""4-layer lunch box""], ""order_type"": [""one-time""], ""repeat_buyer"": false, ""quantity_scale"": ""Low""}}, ""buyer_intent"": {""narrative"": ""Interested in a 4-layer lunch box priced at 255 rupees."", ""reasoning"": ""Identified a specific product and price from the seller's catalog."", ""intent_level"": ""Medium""}, ""call_outcome"": {""category"": ""Follow-up"", ""conclusion_notes"": ""Will provide details after reaching the office (Office pahunchke batata hoon)""}, ""call_purpose"": ""requirement"", ""all_languages"": [""Hindi"", ""English""], ""primary_language"": ""Hindi"", ""additional_details"": {""buyer_queries"": [{""query"": ""Is this product available from IndiaMART?"", ""category"": ""Availability"", ""sequence"": 1}, {""query"": ""Can you provide details about the 4-layer lunch box?"", ""category"": ""Specifications"", ""sequence"": 3}], ""seller_queries"": [{""query"": ""Where are you calling from?"", ""category"": ""Location"", ""sequence"": 2}, {""query"": ""Do you know the model name of the lunch box?"", ""category"": ""Specifications"", ""sequence"": 4}]}}, ""products"": [{""price"": {""value"": 255, ""currency"": ""INR"", ""buyer_price_reaction"": {""quote"": ""255 price dikha raha tha"", ""category"": ""Accepted""}}, ""in_stock"": ""in stock"", ""product_name"": ""4-Layer Tiffin (Lunch Box)"", ""specifications"": [{""name"": ""Layers"", ""value"": ""4"", ""buyer_requested"": false, ""seller_mentioned"": false}], ""related_categories"": [{""name"": ""Stainless Steel Lunch Box"", ""reason"": ""Common material for tiered tiffins.""}, {""name"": ""Bento Boxes"", ""reason"": ""Multi-layered food containers.""}], ""is_buyer_interested"": true, ""most_specific_category"": {""name"": ""Lunch Boxes"", ""reason"": ""The buyer refers to the product as a tiffin/lunch box.""}}], ""next_steps"": {""buyer_next_steps"": [""To wait for a callback with product details""], ""seller_next_steps"": [""To check product details at the office and call back""]}, ""buyer_details"": {""buyer_name"": ""623f0b5584eb86d9f905e52679a9ce3bca0bd91a950a03e0eaa1b2f8bb3e9908"", ""buyer_location"": {""buyer_city"": ""Barabanki""}}, ""seller_details"": {""seller_location"": {""seller_city"": ""Kanpur""}}}",2026-07-29 02:43:02.335,148562195946,29/07/26
190106546,BUYER,146939,"{""lead_tag"": {""deal_blockers"": [], ""deal_readiness"": ""Cold"", ""deal_readiness_reason"": ""The call disconnected almost immediately without any business discussion.""}, ""metadata"": {""call_type"": {""type"": ""B2C"", ""reason"": ""The call is classified as B2C/Irrelevant due to lack of any business conversation; it's a failed connection attempt.""}, ""buyer_intent"": {""narrative"": ""The buyer initiated a call but no requirement was discussed."", ""reasoning"": ""The call was too short to establish any specific product or business interest beyond the connection being made."", ""intent_level"": ""Low""}, ""call_outcome"": {""category"": ""Lost"", ""conclusion_notes"": ""Disconnected before conversation could start.""}, ""call_purpose"": ""irrelevant"", ""all_languages"": [""Hindi""], ""primary_language"": ""Hindi"", ""additional_details"": {""buyer_queries"": [], ""seller_queries"": []}}, ""products"": [], ""next_steps"": {""buyer_next_steps"": [], ""seller_next_steps"": []}, ""buyer_details"": {""buyer_name"": ""489f3692b9eef815408f32d6f1856383a7f2003cd693e886b14a307110adb095""}, ""seller_details"": {""seller_name"": ""1bd2df6d8ec1208b600ae8ace31f9be7a795856771fd77e4a22fba9310d7dbd7""}}",2026-07-29 02:19:11.544,148562365534,29/07/26
94683562,BUYER,445988,"{""payment"": {}, ""callback"": ""callback by Today - To confirm availability and finalize based on stock check (Ek minute ke andar call karta hoon)"", ""lead_tag"": {""deal_blockers"": [], ""deal_readiness"": ""Hot"", ""deal_readiness_reason"": ""Urgent requirement for delivery today as requested by the buyer. ""}, ""metadata"": {""call_type"": {""type"": ""B2C"", ""reason"": ""Single unit inquiry for personal use with immediate delivery requirement for a personal product category. "", ""evidence"": {""keywords"": [""Silicone Material"", ""Wearable"", ""Without belt""], ""order_type"": [""one-time"", ""urgent""], ""repeat_buyer"": false, ""buyer_persona"": {""persona_category"": ""end_consumer""}, ""quantity_scale"": ""Low""}}, ""buyer_intent"": {""narrative"": ""Wants a wearable silicone dildo without belt for delivery today in Faridabad."", ""reasoning"": ""Provides specific product type and location with an urgent delivery requirement for the same day. "", ""intent_level"": ""High""}, ""call_outcome"": {""category"": ""Follow-up"", ""conclusion_notes"": ""Seller will check stock availability and call back in a minute (Ek minute ke andar call karta hoon).""}, ""call_purpose"": ""requirement"", ""all_languages"": [""Hindi"", ""English""], ""primary_language"": ""Hindi"", ""additional_details"": {""buyer_queries"": [{""query"": ""What is the price of the dildo?"", ""category"": ""Pricing"", ""sequence"": 1}, {""query"": ""When will the delivery happen?"", ""category"": ""Delivery"", ""sequence"": 2}], ""seller_queries"": [{""query"": ""Do you need a dildo with or without a belt?"", ""category"": ""Specifications"", ""sequence"": 3}, {""query"": ""Do you need the wearable ones or hand-use ones?"", ""category"": ""Specifications"", ""sequence"": 4}, {""query"": ""Where do you need the delivery?"", ""category"": ""Location"", ""sequence"": 5}, {""query"": ""When do you need the delivery?"", ""category"": ""Delivery"", ""sequence"": 6}]}, ""intended_application"": ""Personal Use""}, ""products"": [{""price"": {""value"": 1200, ""currency"": ""INR"", ""price_unit"": ""piece"", ""buyer_price_reaction"": {""quote"": ""Acha acha"", ""category"": ""Accepted""}}, ""in_stock"": ""in stock"", ""product_name"": ""Silicone Dildo"", ""specifications"": [{""name"": ""Material"", ""value"": ""Silicone"", ""buyer_requested"": false, ""seller_mentioned"": true}, {""name"": ""Belt"", ""value"": ""Without belt"", ""buyer_requested"": false, ""seller_mentioned"": true}, {""name"": ""Type"", ""value"": ""Wearable"", ""buyer_requested"": false, ""seller_mentioned"": true}], ""quantity_required"": {""unit"": ""piece"", ""value"": 1}, ""related_categories"": [{""name"": ""Personal Vibrators and Massagers for Women"", ""reason"": ""Dildos are often used as personal massagers for women.""}], ""is_buyer_interested"": true, ""most_specific_category"": {""name"": ""Sex Toys For Men and Women"", ""reason"": ""The product dildo is mentioned as a silicone material wearable item for personal use.""}, ""seller_accepts_quantity"": true}], ""next_steps"": {""buyer_next_steps"": [""To wait for the seller's callback regarding stock availability.""], ""seller_next_steps"": [""To check stock availability for the wearable dildo."", ""To call back and confirm delivery possibility for today.""]}, ""buyer_details"": {""buyer_name"": ""18838d4a59181e4c5021eb2b012e845730302b49bd9f851d3358ae353eb0793c"", ""buyer_location"": {""buyer_city"": ""Faridabad""}}, ""seller_details"": {""seller_name"": ""876d522bcbfdf20b432d466838f3f0537f9da514883e9c38d51134d2a16fc2e0""}}",2026-07-29 01:52:24.421,148561578867,29/07/26
72412852,BUYER,157379,"{""callback"": ""callback by Saturday 9th August - To discuss TPA 1118 product details (Saturday 9 August ko baat karenge)"", ""lead_tag"": {""deal_blockers"": [{""detail"": ""Requested model TPA 1118 D2 is currently unavailable with the seller"", ""category"": ""Availability""}], ""deal_readiness"": ""Cold"", ""deal_readiness_reason"": ""The requested model is unavailable, and the discussion was paused until a later date.""}, ""metadata"": {""call_type"": {""type"": ""B2B"", ""reason"": ""The buyer is inquiring about specific industrial/chemical model codes commonly used in B2B transactions."", ""evidence"": {""keywords"": [""TPA 1118 D2"", ""Model variant""], ""order_type"": [""commercial""]}}, ""buyer_intent"": {""narrative"": ""Looking for a specific TPA 1118 D2 model chemical."", ""reasoning"": ""The buyer has a specific model requirement and asked for alternatives when the initial request was unavailable."", ""intent_level"": ""Medium""}, ""call_outcome"": {""category"": ""Follow-up"", ""conclusion_notes"": ""Agreed to reconnect on Saturday, 9th August to discuss further. (Saturday 9th August ko baat karenge)""}, ""call_purpose"": ""requirement"", ""all_languages"": [""Hindi"", ""English""], ""primary_language"": ""Hindi"", ""additional_details"": {""buyer_queries"": [{""query"": ""Do you have the TPA 1118 D2 model?"", ""category"": ""Specifications"", ""sequence"": 1}, {""query"": ""Are there any other variants of the 1118 model available?"", ""category"": ""Availability"", ""sequence"": 2}], ""seller_queries"": []}}, ""products"": [{""in_stock"": ""not sold"", ""product_name"": ""TPA 1118 D2"", ""specifications"": [{""name"": ""Model Number"", ""value"": ""D2"", ""buyer_requested"": true, ""seller_mentioned"": true}], ""related_categories"": [{""name"": ""Alcohol Solvents"", ""reason"": ""Commonly used as a solvent or intermediary in chemical processing.""}], ""is_buyer_interested"": true, ""most_specific_category"": {""name"": ""Alcohol Based Chemicals"", ""reason"": ""TPA 1118 belongs to specialized chemical compounds often categorized under base alcohol or solvent chemicals.""}}, {""product_name"": ""TPA 1118 (Other Models)"", ""related_categories"": [{""name"": ""Alcohol Solvents"", ""reason"": ""General category for this type of chemical compound.""}], ""is_buyer_interested"": true, ""most_specific_category"": {""name"": ""Alcohol Based Chemicals"", ""reason"": ""The buyer inquired about other variants of the TPA 1118 chemical line.""}}], ""next_steps"": {""buyer_next_steps"": [""To call back on 9th August to check for available model variants""], ""seller_next_steps"": [""To confirm availability of other TPA 1118 models by 9th August""]}, ""buyer_details"": {""buyer_name"": ""71e55b13fcc3496accbca07c83514d080555706f3af97b3f68256addad4669d9""}, ""seller_details"": {""seller_name"": ""5ac27801be90045af517dd790a0a3488d062880eac773ab7f81dc40d1f2580ca""}}",2026-07-29 01:50:25.428,148562400213,29/07/26
247950216,BUYER,108093,"{""callback"": ""callback by Tomorrow evening - To finalize price details and quantity (Kal sham ko call karta hoon details final karne ke liye)"", ""lead_tag"": {""deal_blockers"": [{""detail"": ""Discrepancy between online price and quoted price"", ""category"": ""Price""}], ""deal_readiness"": ""Warm"", ""deal_readiness_reason"": ""Buyer is actively negotiating price but has specified a clear immediate need for 3 units.""}, ""metadata"": {""call_type"": {""type"": ""B2C"", ""reason"": ""The buyer is asking for a very small quantity (3 pieces) and did not mention any business or shop, indicating personal or retail use."", ""evidence"": {""keywords"": [""Lead Acid"", ""Sultanpur""], ""order_type"": [""one-time""], ""repeat_buyer"": false, ""buyer_persona"": {""persona_category"": ""end_consumer""}, ""quantity_scale"": ""Low""}}, ""buyer_intent"": {""narrative"": ""Wants to purchase 3 lead acid batteries for use in Sultanpur but is negotiating on price due to online discrepancy."", ""reasoning"": ""Buyer specified exact quantity and chemistry (lead acid) and is discussing specific price differences between online listings and quote."", ""intent_level"": ""High""}, ""call_outcome"": {""category"": ""Follow-up"", ""conclusion_notes"": ""Buyer will call back tomorrow after checking details (Kal call karta hoon)""}, ""call_purpose"": ""requirement"", ""all_languages"": [""Hindi"", ""English""], ""primary_language"": ""Hindi"", ""additional_details"": {""buyer_queries"": [{""query"": ""What is the price for three batteries?"", ""category"": ""Pricing"", ""sequence"": 1, ""answer_by_seller"": ""10500 for three pieces""}, {""query"": ""Why is it showing 2300 online?"", ""category"": ""Pricing"", ""sequence"": 2, ""answer_by_seller"": ""Those were old rates mentioned online""}], ""seller_queries"": [{""query"": ""Which battery do you need, Lead or Lithium?"", ""category"": ""Specifications"", ""sequence"": 3, ""answer_by_buyer"": ""Lead Acid Battery""}, {""query"": ""How many pieces do you need?"", ""category"": ""Quantity"", ""sequence"": 4, ""answer_by_buyer"": ""Three pieces""}, {""query"": ""Where are you calling from?"", ""category"": ""Location"", ""sequence"": 5, ""answer_by_buyer"": ""Sultanpur""}]}}, ""products"": [{""price"": {""value"": 10500, ""currency"": ""INR"", ""price_unit"": ""3 pieces"", ""negotiation_notes"": ""Buyer mentioned that the online price is 2300 while the seller quoted 10500 for 3 pieces."", ""buyer_price_reaction"": {""quote"": ""Mobile pe toh 2300 show kar raha hai"", ""category"": ""Negotiating""}}, ""in_stock"": ""in stock"", ""product_name"": ""Lead Acid Battery"", ""specifications"": [{""name"": ""Battery Chemistry"", ""value"": ""Lead Acid"", ""buyer_requested"": false, ""seller_mentioned"": true}], ""quantity_required"": {""unit"": ""pieces"", ""value"": 3}, ""related_categories"": [{""name"": ""Electric Vehicle Battery"", ""reason"": ""Lead acid batteries are often used in EVs and Rickshaws.""}], ""is_buyer_interested"": true, ""most_specific_category"": {""name"": ""Lead Acid Battery"", ""reason"": ""Buyer explicitly asked for Lead Acid battery and the seller confirmed availability.""}, ""seller_accepts_quantity"": true}], ""next_steps"": {""buyer_next_steps"": [""To call back tomorrow to finalize the deal""], ""seller_next_steps"": [""To confirm final discounted price for 3 units if possible""]}, ""buyer_details"": {""buyer_name"": ""dceea76e6acd1a4f750fe0dc0921c8af8b1b9e1ead7d2f00e6fd214dd3874a30""}, ""seller_details"": {""seller_name"": ""ab1f7b7600761ef53800ccb5fd8b18827e4e7f191534d11a33ebbfa5482b767f""}}",2026-07-29 01:35:39.363,148562109852,29/07/26
272450363,BUYER,180204,"{""payment"": {}, ""callback"": ""callback by Today evening - To share details (I will call you by evening)"", ""lead_tag"": {""deal_blockers"": [], ""deal_readiness"": ""Warm"", ""deal_readiness_reason"": ""Wants pricing and information for multiple products today.""}, ""metadata"": {""call_type"": {""type"": ""B2B"", ""reason"": ""The conversation revolves around multiple pharmaceutical injections for commercial or medical supply purposes."", ""evidence"": {""keywords"": [""Pharmaceutical"", ""Injectables""], ""order_type"": [""bulk"", ""commercial""], ""quantity_scale"": ""High""}}, ""buyer_intent"": {""narrative"": ""Interested in purchasing various pharmaceutical injections and requested pricing."", ""reasoning"": ""Identified specific products of interest and requested photos and prices for bulk purchase consideration."", ""intent_level"": ""Medium""}, ""call_outcome"": {""category"": ""Follow-up"", ""conclusion_notes"": ""Information and prices will be shared by evening (I will call you by evening).""}, ""call_purpose"": ""requirement"", ""all_languages"": [""English""], ""primary_language"": ""English"", ""additional_details"": {""buyer_queries"": [{""query"": ""What are the prices for the products?"", ""category"": ""Pricing"", ""sequence"": 1}, {""query"": ""Can you share details and photos of the injections?"", ""category"": ""Specifications"", ""sequence"": 3}], ""seller_queries"": [{""query"": ""Which products are you looking for specifically?"", ""category"": ""Specifications"", ""sequence"": 2}]}, ""intended_application"": ""Medical Supply""}, ""products"": [{""in_stock"": ""in stock"", ""product_name"": ""Actimmune Injection"", ""specifications"": [], ""related_categories"": [{""name"": ""Injectable Products"", ""reason"": ""It is an injectable pharmaceutical product.""}, {""name"": ""Pharmaceutical Injectables"", ""reason"": ""Belongs to the category of pharmaceutical injectables.""}], ""is_buyer_interested"": true, ""most_specific_category"": {""name"": ""Actimmune Injection"", ""reason"": ""Explicitly mentioned by the buyer as a requirement.""}}, {""in_stock"": ""in stock"", ""product_name"": ""Romiplostim Injection"", ""specifications"": [], ""related_categories"": [{""name"": ""Injectable Products"", ""reason"": ""It is an injectable medication.""}], ""is_buyer_interested"": true, ""most_specific_category"": {""name"": ""Romiplostim Injection"", ""reason"": ""Specifically requested by the buyer.""}}, {""in_stock"": ""in stock"", ""product_name"": ""Myalept Injection"", ""specifications"": [], ""related_categories"": [{""name"": ""Pharmaceutical Injectables"", ""reason"": ""Standard injectable pharmaceutical.""}], ""is_buyer_interested"": true, ""most_specific_category"": {""name"": ""Myalept Injection"", ""reason"": ""Stated as a requirement during the call.""}}, {""in_stock"": ""in stock"", ""product_name"": ""Zolgensma Injection"", ""specifications"": [], ""related_categories"": [{""name"": ""Injectable Products"", ""reason"": ""Classified as an injectable.""}], ""is_buyer_interested"": true, ""most_specific_category"": {""name"": ""Zolgensma Injection"", ""reason"": ""Inquired by the buyer.""}}], ""next_steps"": {""buyer_next_steps"": [""To review shared product photos and prices""], ""seller_next_steps"": [""To share product details and pricing for multiple injections"", ""To call the buyer by evening to discuss further""]}, ""buyer_details"": {""buyer_name"": ""3b9b05c720497601bfacaf66e58e8e37e3545ea9ab671665ad2e72e483c4872f"", ""buyer_mobile_number"": ""bc562a88e3110e34c05069bb1052cccdcbfe866ed563a489df7cdd4d85af8200""}, ""seller_details"": {""seller_name"": ""8b5a08e9aaed258b25dee81598aca4f26461999c1fe0a449ecc72057adcb3a2e""}}",2026-07-29 00:41:44.895,148562127013,29/07/26
272386891,BUYER,650106,"{""payment"": {}, ""callback"": ""callback by Monday - To confirm stock and details (Monday ko call karke confirm karta hoon)"", ""lead_tag"": {""deal_blockers"": [], ""deal_readiness"": ""Warm"", ""deal_readiness_reason"": ""Interested in 500mg Sildenafil tablets and agreed to a follow-up call on Monday.""}, ""metadata"": {""call_type"": {""type"": ""B2B"", ""reason"": ""The buyer is inquiring about a bulk quantity of 100 units for commercial distribution or retail sale."", ""evidence"": {""order_type"": [""commercial"", ""bulk""], ""repeat_buyer"": false, ""buyer_persona"": {""persona_category"": ""retailer""}, ""quantity_scale"": ""High""}}, ""buyer_intent"": {""narrative"": ""Justin is interested in purchasing 100 units of 500mg Sildenafil tablets."", ""reasoning"": ""The buyer specified a high-dosage requirement (500mg) and a clear quantity (100 units), showing serious intent."", ""intent_level"": ""High""}, ""call_outcome"": {""category"": ""Follow-up"", ""conclusion_notes"": ""Agreed to follow up on Monday (Monday ko call karke confirm karta hoon).""}, ""call_purpose"": ""requirement"", ""all_languages"": [""Hindi"", ""English""], ""primary_language"": ""English"", ""additional_details"": {""buyer_queries"": [{""query"": ""What is the price of the 500mg tablets?"", ""category"": ""Pricing"", ""sequence"": 1, ""answer_by_seller"": ""The price is 40 INR per strip.""}, {""query"": ""Is the 500mg dose available?"", ""category"": ""Availability"", ""sequence"": 2, ""answer_by_seller"": ""Yes, we have 500mg Sildenafil and also Tadalafil available.""}], ""seller_queries"": [{""query"": ""How much quantity do you need?"", ""category"": ""Quantity"", ""sequence"": 3, ""answer_by_buyer"": ""I am looking for around 100 units.""}]}}, ""products"": [{""price"": {""value"": 40, ""currency"": ""INR"", ""price_unit"": ""strip"", ""buyer_price_reaction"": {""quote"": ""Okay, that seems fine."", ""category"": ""Accepted""}}, ""in_stock"": ""in stock"", ""product_name"": ""Sildenafil Tablets"", ""specifications"": [{""name"": ""Strength"", ""unit"": ""mg"", ""value"": ""500"", ""buyer_requested"": true, ""seller_mentioned"": true}], ""quantity_required"": {""unit"": ""units"", ""value"": 100}, ""related_categories"": [{""name"": ""Pharmaceutical Tablets"", ""reason"": ""Sildenafil is a pharmaceutical grade tablet.""}], ""is_buyer_interested"": true, ""most_specific_category"": {""name"": ""Sildenafil Tablets"", ""reason"": ""The conversation specifically discussed Sildenafil tablets in 500mg dosage.""}, ""seller_accepts_quantity"": true}, {""in_stock"": ""in stock"", ""product_name"": ""Tadalafil Tablets"", ""specifications"": [{""name"": ""Component"", ""value"": ""Tadalafil"", ""buyer_requested"": false, ""seller_mentioned"": true}], ""related_categories"": [{""name"": ""Pharmaceutical Tablets"", ""reason"": ""Tadalafil is a standard pharmaceutical tablet.""}], ""is_buyer_interested"": false, ""most_specific_category"": {""name"": ""Tadalafil Tablets"", ""reason"": ""The seller mentioned having Tadalafil available as an alternative.""}}], ""next_steps"": {""buyer_next_steps"": [""To confirm the final order on Monday""], ""seller_next_steps"": [""To check stock availability for 500mg dosage"", ""To call back on Monday""]}, ""buyer_details"": {""buyer_name"": ""102cf10b5286bad9fcfe5e275ace3ddd7dcc23931fb0ca93dc223daf9877cabd""}, ""seller_details"": {""seller_name"": ""155b15ab7e3fe9073e63e2276255c033ca67d23191c8009659a2e261e3a7885c""}}",2026-07-28 21:05:40.619,148561481346,29/07/26
19234730,BUYER,65178,"{""callback"": ""callback by [Time/Date IST] - [Context]"", ""lead_tag"": {""deal_blockers"": [], ""deal_readiness"": ""Warm"", ""deal_readiness_reason"": ""The buyer has specified a quantity and description, indicating genuine interest, but has not yet confirmed the final purchase.""}, ""metadata"": {""call_type"": {""type"": ""B2B"", ""reason"": ""The buyer is inquiring for a quantity of 100 pieces, which is generally indicative of a B2B requirement for resale or commercial use."", ""evidence"": {""order_type"": [""bulk""], ""quantity_scale"": ""High""}}, ""buyer_intent"": {""narrative"": ""Buyer wants 100 pieces of black Tony & Guy brushes with handles."", ""reasoning"": ""The buyer has specified the quantity and detailed specifications for the product, showing high intent."", ""intent_level"": ""High""}, ""call_outcome"": {""category"": ""Follow-up"", ""conclusion_notes"": ""The seller shared his WhatsApp number and requested a photo of the brush (Ek baar number likh lijiye, WhatsApp number likh lo ek baar, photo daal dijiye).""}, ""call_purpose"": ""requirement"", ""all_languages"": [""Hindi"", ""English""], ""primary_language"": ""Hindi"", ""additional_details"": {""buyer_queries"": [{""query"": ""Do you have Tony & Guy's brush?"", ""category"": ""Specifications"", ""sequence"": 1}], ""seller_queries"": [{""query"": ""How many pieces do you want?"", ""category"": ""Quantity"", ""sequence"": 2}, {""query"": ""Which one do you need? Send a photo first."", ""category"": ""Specifications"", ""sequence"": 3}]}, ""intended_application"": ""Retail Resale""}, ""products"": [{""in_stock"": ""in stock"", ""product_name"": ""Tony & Guy Brush"", ""specifications"": [{""name"": ""Color"", ""unit"": ""unit"", ""value"": ""Black"", ""buyer_requested"": false, ""seller_mentioned"": false}, {""name"": ""Handle"", ""unit"": ""unit"", ""value"": ""Yes"", ""buyer_requested"": false, ""seller_mentioned"": false}], ""quantity_required"": {""unit"": ""pieces"", ""value"": 100}, ""related_categories"": [{""name"": ""Brushes"", ""reason"": ""It is a type of brush used for hair styling.""}, {""name"": ""Bristle Brushes"", ""reason"": ""Likely a bristle brush used in salon styling.""}], ""is_buyer_interested"": true, ""most_specific_category"": {""name"": ""Professional Hair Brushes"", ""reason"": ""The buyer specified 'Tony & Guy', which is a well-known brand for professional hair styling products including brushes.""}, ""seller_accepts_quantity"": true}], ""next_steps"": {""buyer_next_steps"": [""To share the photo of the brush on WhatsApp""], ""seller_next_steps"": [""To provide pricing and other details on WhatsApp after receiving the photo""]}, ""buyer_details"": {""buyer_name"": ""f17e9f11fe73e8fd81da7bc3c2ebd2c729fde03ea6bc443f74b6b42c64febfc1""}, ""seller_details"": {""seller_name"": ""4b79be6a5c777ed09b7b10b6601f002f10149444bd37b98b6f3706e0018767d7""}}",2026-07-28 14:14:18.974,148547283313,29/07/26
272434909,BUYER,257861,"{""lead_tag"": {""deal_blockers"": [], ""deal_readiness"": ""Warm"", ""deal_readiness_reason"": ""Discussed specific quantities and will share photos and company details shortly.""}, ""metadata"": {""call_type"": {""type"": ""B2C"", ""reason"": ""The buyer is inquiring for a specific brand-name medication and has provided a small quantity requirement, typical of retail or personal medical needs, suggesting a B2C nature."", ""evidence"": {""order_type"": [""commercial""], ""quantity_scale"": ""Low""}}, ""buyer_intent"": {""narrative"": ""Wants to buy around 10 units of Mesterolone and inquired about price and company details."", ""reasoning"": ""Buyer specifically mentioned the medicine name and provided a specific quantity requirement."", ""intent_level"": ""High""}, ""call_outcome"": {""category"": ""Follow-up"", ""conclusion_notes"": ""Seller will share product photos and details on WhatsApp (WhatsApp pe photos bhejti hoon).""}, ""call_purpose"": ""requirement"", ""all_languages"": [""Hindi"", ""English""], ""primary_language"": ""Hindi"", ""additional_details"": {""buyer_queries"": [{""query"": ""What is the price?"", ""category"": ""Pricing"", ""sequence"": 2}], ""seller_queries"": [{""query"": ""Where are you calling from?"", ""category"": ""Location"", ""sequence"": 1, ""answer_by_buyer"": ""Faridabad""}, {""query"": ""How many pieces do you need?"", ""category"": ""Quantity"", ""sequence"": 3, ""answer_by_buyer"": ""10-10 or something like that.""}]}}, ""products"": [{""in_stock"": ""in stock"", ""product_name"": ""Mesterolone"", ""specifications"": [], ""quantity_required"": {""unit"": ""pieces"", ""value"": 10}, ""related_categories"": [{""name"": ""Generic Antihypertensive Drug"", ""reason"": ""Fits the broader category of blood pressure and hormonal medications.""}], ""is_buyer_interested"": true, ""most_specific_category"": {""name"": ""Blood Pressure Medicine"", ""reason"": ""Mesterolone is often categorized under generic hypertensive or related pharmaceutical products.""}, ""seller_accepts_quantity"": true}], ""next_steps"": {""buyer_next_steps"": [""To send a 'Hi' message on WhatsApp""], ""seller_next_steps"": [""To share product photos and company details on WhatsApp""]}, ""buyer_details"": {""buyer_location"": {""buyer_city"": ""Faridabad""}}, ""seller_details"": {}}",2026-07-28 13:30:01.949,148561702334,29/07/26
272429348,BUYER,35424,"{""callback"": ""callback by Tomorrow 5 PM - To finalize (Kal 5 baje call karta hoon)"", ""lead_tag"": {""deal_blockers"": [], ""deal_readiness"": ""Warm"", ""deal_readiness_reason"": ""Buyer is interested and has discussed specific pricing and location for pick-up/delivery.""}, ""metadata"": {""call_type"": {""type"": ""B2C"", ""reason"": ""The buyer is inquiring about a single unit for personal or small-scale use and discussing local delivery."", ""evidence"": {""order_type"": [""one-time""], ""quantity_scale"": ""Low""}}, ""buyer_intent"": {""narrative"": ""Wants to purchase an FRP portable toilet for delivery in Delhi or pickup from Faridabad."", ""reasoning"": ""Buyer asked specific questions about material, price, location, and models, showing high intent to purchase."", ""intent_level"": ""High""}, ""call_outcome"": {""category"": ""Follow-up"", ""conclusion_notes"": ""Buyer gathered all details and might visit the factory or place an order (Aate hain).""}, ""call_purpose"": ""requirement"", ""all_languages"": [""Hindi"", ""English""], ""primary_language"": ""Hindi"", ""additional_details"": {""buyer_queries"": [{""query"": ""What is the price of the portable toilet?"", ""category"": ""Pricing"", ""sequence"": 1, ""answer_by_seller"": ""The starting price for portable toilets is ₹18,000.""}, {""query"": ""Which models are available?"", ""category"": ""Specifications"", ""sequence"": 2, ""answer_by_seller"": ""Yes, it is available in Indian or Western styles.""}, {""query"": ""I see some models for ₹3200 on Indiamart, do you have those?"", ""category"": ""Pricing"", ""sequence"": 3}, {""query"": ""Does it include a bathroom or is it just a toilet?"", ""category"": ""Specifications"", ""sequence"": 4, ""answer_by_seller"": ""The ₹18,000 unit is a single toilet room.""}, {""query"": ""What material is it made of?"", ""category"": ""Specifications"", ""sequence"": 5, ""answer_by_seller"": ""It is made of FRP (Fiber Plastic).""}, {""query"": ""What are the delivery charges for Delhi?"", ""category"": ""Delivery"", ""sequence"": 6, ""answer_by_seller"": ""Delivery charges are extra and depend on the distance. For Badarpur, we can send it via Porter.""}, {""query"": ""Where is your location in Faridabad?"", ""category"": ""Location"", ""sequence"": 7, ""answer_by_seller"": ""Our factory is in Gurukul Industrial Area near Green Valley, Faridabad.""}, {""query"": ""Will the price be lower if I pick it up directly from the factory?"", ""category"": ""Pricing"", ""sequence"": 8, ""answer_by_seller"": ""The price is the same whether you buy from the factory or get it delivered.""}], ""seller_queries"": [{""query"": ""Would you like an Indian style or Western style toilet?"", ""category"": ""Specifications"", ""sequence"": 9, ""answer_by_buyer"": ""I am looking for an Indian style toilet.""}, {""query"": ""Where in Delhi do you need the delivery?"", ""category"": ""Location"", ""sequence"": 10, ""answer_by_buyer"": ""I need it in Badarpur, Delhi.""}]}}, ""products"": [{""price"": {""value"": 18000, ""currency"": ""INR"", ""price_unit"": ""piece"", ""delivery_charge"": {""details"": ""Delivery extra via Porter to Delhi"", ""currency"": ""INR"", ""is_delivery_charge_included"": false}}, ""in_stock"": ""in stock"", ""product_name"": ""FRP Portable Toilet"", ""specifications"": [{""name"": ""Material"", ""value"": ""FRP"", ""buyer_requested"": true, ""seller_mentioned"": true}, {""name"": ""Style"", ""value"": ""Indian"", ""buyer_requested"": true, ""seller_mentioned"": true}], ""related_categories"": [{""name"": ""Portable Toilets"", ""reason"": ""It is a portable toilet unit.""}], ""is_buyer_interested"": true, ""most_specific_category"": {""name"": ""FRP Portable Toilet"", ""reason"": ""The seller explicitly mentioned the material as FRP (Fiber Plastic) and the product is a portable toilet.""}}], ""next_steps"": {""buyer_next_steps"": [""To visit the factory in Faridabad"", ""To confirm order""], ""seller_next_steps"": [""To share the location on WhatsApp""]}, ""buyer_details"": {""buyer_location"": {""buyer_city"": ""Delhi""}, ""buyer_mobile_number"": ""128570c116ad7ab00860917c7797c2de58da27327235c2f6d7418cf131648c6a""}, ""seller_details"": {""seller_name"": ""a1fd973ae59aace78a9c6bc74a6f3d39d903dc2b7e2b7bf215f3670681f2d1e6"", ""seller_location"": {""seller_city"": ""Faridabad"", ""seller_locality"": ""Gurukul Industrial Area near Green Valley""}}}",2026-07-28 11:42:54.935,148537826446,29/07/26
123432027,BUYER,186107,"{""callback"": ""callback by Monday 12 PM - To send catalog and details on WhatsApp"", ""lead_tag"": {""deal_blockers"": [{""detail"": ""High quality stock is currently unavailable"", ""category"": ""Availability""}], ""deal_readiness"": ""Warm"", ""deal_readiness_reason"": ""Ready to buy once specs are finalized and catalog is reviewed""}, ""metadata"": {""call_type"": {""type"": ""B2B"", ""reason"": ""Buyer is inquiring about bulk pricing and minimum order quantities for resale or commercial use"", ""evidence"": {""keywords"": [""High Quality"", ""Low Quality"", ""IndiaMART"", ""Catalog""], ""order_type"": [""bulk"", ""commercial""], ""repeat_buyer"": false, ""quantity_scale"": ""High""}}, ""buyer_intent"": {""narrative"": ""Looking to purchase vegetable peelers and comparing high vs low quality options"", ""reasoning"": ""Asking detailed questions about price, weight, quality grades, and stock replenishment timelines"", ""intent_level"": ""Medium""}, ""call_outcome"": {""category"": ""Follow-up"", ""conclusion_notes"": ""Will share catalog and details on WhatsApp (Is number pe hi likh ke bhej do, main catalog bhejti hoon)""}, ""call_purpose"": ""requirement"", ""all_languages"": [""Hindi"", ""English""], ""primary_language"": ""Hindi"", ""additional_details"": {""buyer_queries"": [{""query"": ""What is the price of the vegetable peeler?"", ""category"": ""Pricing"", ""sequence"": 1}, {""query"": ""What is the weight and quality of the peeler?"", ""category"": ""Specifications"", ""sequence"": 2}, {""query"": ""What is the minimum order quantity?"", ""category"": ""Quantity"", ""sequence"": 3}, {""query"": ""What quality is the 60 rupee peeler?"", ""category"": ""Specifications"", ""sequence"": 4}, {""query"": ""When will the high quality 60 rupee peeler be back in stock?"", ""category"": ""Availability"", ""sequence"": 5}, {""query"": ""What is the price and catalog for the low quality peeler?"", ""category"": ""Pricing"", ""sequence"": 6}], ""seller_queries"": []}, ""intended_application"": ""Retail Resale""}, ""products"": [{""price"": {""value"": 60, ""currency"": ""INR"", ""price_unit"": ""piece""}, ""in_stock"": ""out of stock"", ""product_name"": ""High Quality Vegetable Peeler"", ""specifications"": [{""name"": ""Quality"", ""value"": ""High"", ""buyer_requested"": true, ""seller_mentioned"": true}], ""related_categories"": [{""name"": ""Stainless Steel Vegetable Peeler"", ""reason"": ""Implicitly a common material for commercial vegetable peelers""}, {""name"": ""Potato Peeler"", ""reason"": ""Commonly used application for vegetable peelers""}], ""is_buyer_interested"": true, ""most_specific_category"": {""name"": ""Vegetable Peeler & Grater"", ""reason"": ""The conversation specifically focuses on vegetable peelers with different quality grades""}}, {""price"": {""value"": 35, ""currency"": ""INR"", ""price_unit"": ""piece""}, ""in_stock"": ""in stock"", ""product_name"": ""Low Quality Vegetable Peeler"", ""specifications"": [{""name"": ""Quality"", ""value"": ""Low"", ""buyer_requested"": false, ""seller_mentioned"": true}], ""related_categories"": [{""name"": ""Potato Peeler"", ""reason"": ""Standard category for budget peelers""}], ""is_buyer_interested"": true, ""most_specific_category"": {""name"": ""Vegetable Peeler & Grater"", ""reason"": ""Specifically identified as a lower price point vegetable peeler variety""}}], ""next_steps"": {""buyer_next_steps"": [""To send a Hi message on WhatsApp to the seller's number""], ""seller_next_steps"": [""To share the product catalog and price list on WhatsApp"", ""To update about high quality stock availability""]}, ""buyer_details"": {""buyer_mobile_number"": ""e9ba7ecbcfca1c9b901604969134da52a4ce96747f8129e31c5ed0f6143b31ac""}, ""seller_details"": {}}",2026-07-28 10:12:39.024,148560885734,29/07/26
161439542,BUYER,141408,"{""callback"": ""callback by Tomorrow 5 PM - To finalized price (Kal 5 baje call karta hoon)"", ""lead_tag"": {""deal_blockers"": [{""detail"": ""White powder with 90+ whiteness not available"", ""category"": ""Availability""}], ""deal_readiness"": ""Cold"", ""deal_readiness_reason"": ""Specific requirement for 90+ whiteness cannot be met as the product is off-white only.""}, ""metadata"": {""call_type"": {""type"": ""B2B"", ""reason"": ""The buyer is looking for raw materials (chalk powder) for distemper paint manufacturing in industrial quantities."", ""evidence"": {""keywords"": [""Paint Grade"", ""Distemper"", ""Off-white"", ""Whiteness percentage""], ""order_type"": [""commercial""], ""buyer_persona"": {""persona_detail"": ""Paint Manufacturer"", ""persona_category"": ""manufacturer""}, ""quantity_scale"": ""High""}}, ""buyer_intent"": {""narrative"": ""Wants to purchase chalk powder for manufacturing distemper paint."", ""reasoning"": ""Buyer specifically mentioned the material is needed for distemper grade paint but has a strict whiteness requirement."", ""intent_level"": ""Medium""}, ""call_outcome"": {""category"": ""Lost"", ""conclusion_notes"": ""Required high whiteness grade not available (White nahi milega).""}, ""call_purpose"": ""requirement"", ""all_languages"": [""Hindi"", ""English""], ""primary_language"": ""Hindi"", ""additional_details"": {""buyer_queries"": [{""query"": ""What is the current rate for chalk powder?"", ""category"": ""Pricing"", ""sequence"": 1}, {""query"": ""Is China clay available?"", ""category"": ""Specifications"", ""sequence"": 3}, {""query"": ""What is the whiteness percentage?"", ""category"": ""Specifications"", ""sequence"": 4}], ""seller_queries"": [{""query"": ""Where are you calling from?"", ""category"": ""Location"", ""sequence"": 2}]}, ""intended_application"": ""Distemper Paint Manufacturing""}, ""products"": [{""price"": {""value"": 2200, ""currency"": ""INR"", ""price_unit"": ""ton""}, ""in_stock"": ""in stock"", ""product_name"": ""Chalk Powder"", ""specifications"": [{""name"": ""Whiteness"", ""value"": ""Off-white"", ""buyer_requested"": true, ""seller_mentioned"": true}, {""name"": ""Grade"", ""value"": ""Paint Grade (Distemper)"", ""buyer_requested"": false, ""seller_mentioned"": false}], ""related_categories"": [{""name"": ""Whiting Powder"", ""reason"": ""Chalk powder is often used as whiting in paint applications.""}], ""is_buyer_interested"": false, ""most_specific_category"": {""name"": ""Chalk Lumps"", ""reason"": ""The buyer is inquiring for chalk powder for industrial use in paint.""}}, {""in_stock"": ""not sold"", ""product_name"": ""China Clay"", ""specifications"": [], ""is_buyer_interested"": false, ""most_specific_category"": {""name"": ""Processed Minerals"", ""reason"": ""China clay (Kaolin) is a processed mineral mentioned in the call.""}}], ""next_steps"": {""buyer_next_steps"": [], ""seller_next_steps"": []}, ""buyer_details"": {""buyer_location"": {""buyer_city"": ""Siwan"", ""buyer_state"": ""Bihar""}}, ""seller_details"": {""seller_name"": ""e3642e4a2d0c33cc25de83f673d3bba97cd3dcafda323ac72e5bead6119cad7f""}}",2026-07-28 09:09:32.599,148562338895,29/07/26
243612651,BUYER,44209,"{""payment"": {}, ""callback"": """", ""lead_tag"": {""deal_blockers"": [{""detail"": ""Seller's shop is not located in the buyer's desired city (Mathura-Vrindavan)"", ""category"": ""Location""}], ""deal_readiness"": ""Cold"", ""deal_readiness_reason"": ""The seller's lack of a physical shop in the requested location led to immediate disengagement.""}, ""metadata"": {""call_type"": {""type"": ""B2B"", ""reason"": ""The buyer was asking for wholesale products, suggesting a retail or business purpose, though the call ended quickly due to location mismatch."", ""evidence"": {""keywords"": [""Wholesale"", ""Rajasthan manufacture""], ""order_type"": [""bulk""], ""buyer_persona"": {""persona_category"": ""retailer""}}}, ""buyer_intent"": {""narrative"": ""Looking for Radha printed dupattas at wholesale in Mathura Vrindavan."", ""reasoning"": ""Buyer inquired about location but disengaged when the shop was found to be in Rajasthan instead of his preferred city."", ""intent_level"": ""Low""}, ""call_outcome"": {""category"": ""Lost"", ""conclusion_notes"": ""Not interested in Rajasthan-based supply, wanted local shop in Mathura Vrindavan (Wahan aapki shop nahi hain... okay). ""}, ""call_purpose"": ""requirement"", ""all_languages"": [""Hindi"", ""English""], ""primary_language"": ""Hindi"", ""additional_details"": {""buyer_queries"": [{""query"": ""Where is your shop located?"", ""category"": ""Location"", ""sequence"": 1}, {""query"": ""Do you have a shop in Mathura Vrindavan?"", ""category"": ""Location"", ""sequence"": 2}], ""seller_queries"": []}, ""intended_application"": ""Retail Resale""}, ""products"": [{""in_stock"": ""in stock"", ""product_name"": ""Radha Printed Dupatta"", ""specifications"": [{""name"": ""Type"", ""value"": ""Printed"", ""buyer_requested"": false, ""seller_mentioned"": true}, {""name"": ""Pattern"", ""value"": ""Radha Print"", ""buyer_requested"": false, ""seller_mentioned"": true}], ""related_categories"": [{""name"": ""Dupattas"", ""reason"": ""General category for all dupatta varieties.""}, {""name"": ""Cotton Dupatta"", ""reason"": ""Radha printed dupattas are frequently made of cotton for religious/devotional use.""}], ""is_buyer_interested"": true, ""most_specific_category"": {""name"": ""Printed Dupatta"", ""reason"": ""The buyer explicitly asked for 'Radha printed dupattas'.""}}], ""next_steps"": {""buyer_next_steps"": [], ""seller_next_steps"": []}, ""buyer_details"": {""buyer_name"": ""d9becfca41ed8d07a394cf422e945eb6c0f87dcc5c07d463be47bdd19546bdfd""}, ""seller_details"": {""seller_name"": ""c30f3cfd3a437f9cf605c4a887f97d4090d906a1090b9d50befdcef7fc520fc0"", ""seller_location"": {""seller_state"": ""Rajasthan""}}}",2026-07-28 07:41:09.105,148520292085,29/07/26
