fel.id,fel.file_id,user_glid,src_mcat_id,extracted_at,llm_extracted_json_masked
2089600,2106388,10684496,10424,1970-01-01 00:00:00.000,"{""lead_tag"": {""deal_blockers"": [], ""deal_readiness"": ""Warm"", ""deal_readiness_reason"": ""Buyer is serious about his requirement and is planning to visit the shop by today afternoon.""}, ""metadata"": {""call_type"": {""type"": ""B2B"", ""reason"": ""The buyer is constructing a footpath with substantial area dimensions (1800 sq ft approx), indicating a commercial or civil work context."", ""evidence"": {""keywords"": [""footpath construction""], ""order_type"": {""order_type_category"": ""commercial""}, ""buyer_persona"": {""persona_category"": ""contractor""}, ""quantity_scale"": ""High""}}, ""buyer_intent"": {""narrative"": ""Mahesh is looking for paver blocks and kerb stones for a footpath project in Savli with a specific layout of 180 feet length and 10 feet width."", ""reasoning"": ""The buyer provides clear dimensions for the site and has a very specific material requirement regarding size and machine type. He's also planning a visit."", ""intent_level"": ""High""}, ""call_outcome"": {""category"": ""Pending"", ""conclusion_notes"": ""The deal is pending as the buyer wants to visit the shop to see the physical samples to match with existing blocks.""}, ""call_purpose"": ""requirement"", ""all_languages"": [""Gujarati"", ""English"", ""Hindi""], ""primary_language"": ""Gujarati"", ""additional_details"": {""buyer_queries"": [{""query"": ""Is hydraulic press variety available in 4x8 size?"", ""category"": ""Specifications"", ""sequence"": 1}], ""seller_queries"": [{""query"": ""What thickness is required - 60mm or 80mm?"", ""category"": ""Specifications"", ""sequence"": 2}]}, ""intended_application"": ""Footpath Construction""}, ""products"": [{""product_name"": ""Paver Block"", ""specifications"": [{""name"": ""Size"", ""value"": ""4 inch by 8 inch""}, {""name"": ""Machine Type"", ""value"": ""Hydraulic Press""}, {""name"": ""Thickness"", ""value"": ""60 mm""}], ""is_buyer_interested"": true}, {""product_name"": ""Paver Block"", ""specifications"": [{""name"": ""Size"", ""value"": ""4 inch by 8 inch""}, {""name"": ""Machine Type"", ""value"": ""Hydraulic Press""}, {""name"": ""Thickness"", ""value"": ""80 mm""}], ""is_buyer_interested"": true}, {""product_name"": ""Kerb Stone"", ""is_buyer_interested"": true}], ""next_steps"": {""buyer_next_steps"": [""To share photos of current blocks"", ""To visit the factory today afternoon""], ""seller_next_steps"": [""To share product catalog and address on WhatsApp""]}, ""buyer_details"": {""buyer_name"": ""b732a2c6a1d94923fc03656ee0c18edef1bf90ba5d836618648a5c47e0baf41b""}, ""seller_details"": {""seller_location"": {""seller_city"": ""Savli"", ""seller_locality"": ""Mehi Power Transformer""}}}"
2279182,2295978,1001263,31157,1970-01-01 00:00:00.000,"{""lead_tag"": {""deal_blockers"": [{""detail"": ""The buyer needs 5 litres but the seller's minimum packing is 50 litres"", ""category"": ""MOQ""}], ""deal_readiness"": ""Cold"", ""deal_readiness_reason"": ""The buyer's requirement is significantly lower than the seller's minimum packaging size""}, ""metadata"": {""call_type"": {""type"": ""B2B"", ""reason"": ""The buyer is inquiring for a chemical used in jewelry manufacturing but the quantity requested is small."", ""evidence"": {""keywords"": [""Jewelry"", ""CAD work""], ""order_type"": {""order_type_category"": ""commercial""}, ""repeat_buyer"": false, ""buyer_persona"": {""persona_detail"": ""Jewelry CAD work"", ""persona_category"": ""manufacturer""}, ""quantity_scale"": ""Low""}}, ""buyer_intent"": {""narrative"": ""Wants 5 litres of Isopropyl Alcohol for jewelry CAD work, but has a quantity mismatch with the seller's MOQ"", ""reasoning"": ""The buyer has a specific but small quantity requirement that does not meet the seller's minimum order quantity of 50 litres"", ""intent_level"": ""Low""}, ""call_outcome"": {""category"": ""Follow-up"", ""conclusion_notes"": ""The buyer will get back after checking the price (Ok ok chalo tamne kahu)""}, ""call_purpose"": ""requirement"", ""all_languages"": [""Gujarati""], ""primary_language"": ""Gujarati"", ""additional_details"": {""buyer_queries"": [{""query"": ""What is the rate for IPA?"", ""category"": ""Pricing"", ""sequence"": 1}, {""query"": ""What is the price for a 50 litre pack of IPA?"", ""category"": ""Pricing"", ""sequence"": 3}], ""seller_queries"": [{""query"": ""How much IPA is required?"", ""category"": ""Quantity"", ""sequence"": 2}]}, ""intended_application"": ""Jewelry CAD work""}, ""products"": [{""price"": {""gst"": {""is_gst_included"": false}, ""value"": 125, ""currency"": ""INR"", ""price_unit"": ""litre"", ""buyer_price_reaction"": {""quote"": ""Ok ok chalo tamne kahu"", ""category"": ""Accepted""}}, ""in_stock"": ""in stock"", ""product_name"": ""IPA (Isopropyl Alcohol)"", ""quantity_required"": {""unit"": ""litres"", ""value"": 5}, ""related_categories"": [{""name"": ""Chemical Solvent"", ""reason"": ""Isopropyl Alcohol is commonly used as an industrial chemical solvent""}, {""name"": ""Industrial Solvents"", ""reason"": ""IPA is a widely used solvent in various industrial processes""}], ""is_buyer_interested"": true, ""minimum_order_quantity"": {""unit"": ""litres"", ""value"": 50}, ""most_specific_category"": {""name"": ""Isopropyl Alcohol IPA"", ""reason"": ""The buyer explicitly asked for IPA, which stands for Isopropyl Alcohol""}, ""seller_accepts_quantity"": false}], ""next_steps"": {""buyer_next_steps"": [""To confirm if 50 litre quantity is acceptable""], ""seller_next_steps"": []}, ""buyer_details"": {""buyer_name"": ""bd878fa2293de72e9c871463e1c2ef2964acb0ea282540c9d2f52fe32c6d18d1"", ""buyer_location"": {""buyer_city"": ""Ahmedabad"", ""buyer_locality"": ""Gurudwara""}}, ""seller_details"": {""seller_location"": {""seller_city"": ""Ahmedabad""}}}"
3118114,3134940,8436657,4167,1970-01-01 00:00:00.000,"{""callback"": ""callback by Tomorrow 10 AM - To confirm the order quantity and finalize prices."", ""lead_tag"": {""deal_blockers"": [{""detail"": ""Buyer needs 5,000 pcs but seller MOQ is 25,000 pcs"", ""category"": ""MOQ""}], ""deal_readiness"": ""Cold"", ""deal_readiness_reason"": ""Large mismatch between buyer's required quantity and seller's minimum order requirement.""}, ""metadata"": {""call_type"": {""type"": ""B2B"", ""reason"": ""The buyer was looking for bulk quantities (5,000 pcs) likely for resale, and the seller operates as a bulk manufacturer/wholesaler (MOQ 25,000 pcs)."", ""evidence"": {""keywords"": [""IndiaMART inquiry""], ""order_type"": [""bulk""], ""repeat_buyer"": false, ""buyer_persona"": {""persona_category"": ""retailer""}, ""quantity_scale"": ""High""}}, ""buyer_intent"": {""narrative"": ""Wants 5,000 pieces of diapers but the seller only accepts orders of 25,000+ pieces."", ""reasoning"": ""Buyer had a specific quantity and size in mind but the seller's MOQ was much higher than his requirement."", ""intent_level"": ""Medium""}, ""call_outcome"": {""category"": ""Lost"", ""conclusion_notes"": ""Quantity mismatch (MOQ 25000 pieces hai aur requirement 5000 ki hai)""}, ""call_purpose"": ""requirement"", ""all_languages"": [""Hindi"", ""English""], ""primary_language"": ""Hindi"", ""additional_details"": {""buyer_queries"": [{""query"": ""What is the minimum quantity you deal in?"", ""category"": ""Quantity"", ""sequence"": 2}, {""query"": ""What would be the price for M size?"", ""category"": ""Pricing"", ""sequence"": 3}], ""seller_queries"": [{""query"": ""We don't deal in such low quantities."", ""category"": ""Quantity"", ""sequence"": 1}]}}, ""products"": [{""price"": {""value"": 4.5, ""currency"": ""INR"", ""price_unit"": ""piece"", ""buyer_price_reaction"": {""quote"": ""Theek hai"", ""category"": ""Accepted""}}, ""in_stock"": ""in stock"", ""product_name"": ""Diaper"", ""specifications"": [{""name"": ""Size"", ""value"": ""M"", ""buyer_requested"": true, ""seller_mentioned"": true}], ""quantity_required"": {""unit"": ""pieces"", ""value"": 5000}, ""related_categories"": [{""name"": ""Baby Diapers"", ""reason"": ""Commonly referred to as diapers in a B2B context for baby care.""}, {""name"": ""Disposable Baby Diapers"", ""reason"": ""Diapers discussed in bulk are typically disposable types.""}], ""is_buyer_interested"": true, ""minimum_order_quantity"": {""unit"": ""pieces"", ""value"": 25000}, ""most_specific_category"": {""name"": ""Diaper"", ""reason"": ""The conversation explicitly discusses 'diapers' for multiple sizes and bulk quantity.""}, ""seller_accepts_quantity"": false}], ""next_steps"": {""buyer_next_steps"": [], ""seller_next_steps"": []}, ""buyer_details"": {""buyer_name"": ""84696d86eb6abe2025ed83e54fd192202917fe6a305c989fff0a616e300680b1"", ""buyer_mobile_number"": ""6b6713c7b4be8b1ba5de053592f88bd80acb1d920ce6806f190d686a32f8cfd4""}, ""seller_details"": {""seller_name"": ""602d3d0ab5e96a205221e5a0ea2e85b4d8aee8562a064533e95591f94d2df19e""}}"
2283233,2300030,8436657,4167,1970-01-01 00:00:00.000,"{""lead_tag"": {""deal_blockers"": [], ""deal_readiness"": ""Warm"", ""deal_readiness_reason"": ""Buyer is looking to start a new business and requested a catalog to proceed.""}, ""metadata"": {""call_type"": {""type"": ""B2B"", ""reason"": ""The buyer explicitly mentions wanting to start a business, which implies commercial/B2B intent for resale or distribution."", ""evidence"": {""keywords"": [""Business start karna hai"", ""Loose Diapers""], ""order_type"": {""order_type_category"": ""commercial""}, ""repeat_buyer"": true, ""buyer_persona"": {""persona_detail"": ""New Business Owner"", ""persona_category"": ""wholesaler""}}}, ""buyer_intent"": {""narrative"": ""Buyer wants to start a business for loose diapers and is inquiring from Kota."", ""reasoning"": ""Buyer clearly stated they want to start a business specifically for loose diapers and requested pricing information."", ""intent_level"": ""High""}, ""call_outcome"": {""category"": ""Pending"", ""conclusion_notes"": ""Sellers will send the rate card on WhatsApp for the buyer to review (WhatsApp pe rate card send karta hoon).""}, ""call_purpose"": ""requirement"", ""all_languages"": [""Hindi"", ""English""], ""primary_language"": ""Hindi"", ""additional_details"": {""buyer_queries"": [{""query"": ""Requesting rates for loose diapers."", ""category"": ""Pricing"", ""sequence"": 1}], ""seller_queries"": []}}, ""products"": [{""product_name"": ""Loose Diapers"", ""specifications"": [{""name"": ""Type"", ""value"": ""Loose"", ""buyer_requested"": true, ""seller_mentioned"": false}], ""related_categories"": [{""name"": ""Diaper"", ""reason"": ""The product belongs to the general category of diapers.""}, {""name"": ""Baby Diapers"", ""reason"": ""The context of 'loose diapers' in a new business setup usually refers to baby hygiene products.""}], ""is_buyer_interested"": true, ""most_specific_category"": {""name"": ""Kids Diaper"", ""reason"": ""The buyer specifically mentioned being interested in starting a business for 'loose diapers' and babies.""}}], ""next_steps"": {""buyer_next_steps"": [""To check the rate card sent on WhatsApp""], ""seller_next_steps"": [""To share the rate card on WhatsApp""]}, ""buyer_details"": {""buyer_name"": ""721d3feb57b853075a86941b5b7117408d99341fbe428db003f20079049a2a1c""}, ""seller_details"": {""seller_name"": ""602d3d0ab5e96a205221e5a0ea2e85b4d8aee8562a064533e95591f94d2df19e""}}"
9137,9139,339337,29864,1970-01-01 00:00:00.000,"{""metadata"": {""call_type"": {""type"": ""B2B"", ""reason"": ""The buyer is asking for 20-20 pieces of two different lengths, which implies a bulk order for business use. He also asked for fine pitch with 2mm pitch which is a specification for industrial use."", ""evidence"": {""order_type"": ""bulk"", ""quantity_scale"": ""High""}}, ""call_purpose"": ""requirement"", ""all_languages"": [""gujarati""], ""primary_language"": ""gujarati""}, ""products"": [{""product_name"": ""Grub Screw"", ""specifications"": [{""name"": ""Size"", ""value"": ""M24"", ""buyer_requested"": true, ""seller_mentioned"": false}, {""name"": ""Pitch"", ""unit"": ""mm"", ""value"": ""2"", ""buyer_requested"": true, ""seller_mentioned"": false}, {""name"": ""Type"", ""value"": ""Fine Pitch"", ""buyer_requested"": true, ""seller_mentioned"": false}, {""name"": ""Length"", ""unit"": ""mm"", ""value"": ""70"", ""buyer_requested"": true, ""seller_mentioned"": false}, {""name"": ""Material"", ""value"": ""MS"", ""buyer_requested"": true, ""seller_mentioned"": true}, {""name"": ""Grade"", ""value"": ""8.8"", ""buyer_requested"": true, ""seller_mentioned"": true}], ""quantity_required"": {""unit"": ""numbers"", ""value"": 20}, ""related_categories"": [{""name"": ""Screws"", ""reason"": ""Grub screws are a type of screw, hence categorized under screws.""}, {""name"": ""Set Screws"", ""reason"": ""Grub screws are also known as set screws.""}], ""is_buyer_interested"": true, ""most_specific_category"": {""name"": ""Grub Screw"", ""reason"": ""The buyer explicitly asked for \""grub screw\"" in the call.""}}, {""product_name"": ""Grub Screw"", ""specifications"": [{""name"": ""Size"", ""value"": ""M24"", ""buyer_requested"": true, ""seller_mentioned"": false}, {""name"": ""Pitch"", ""unit"": ""mm"", ""value"": ""2"", ""buyer_requested"": true, ""seller_mentioned"": false}, {""name"": ""Type"", ""value"": ""Fine Pitch"", ""buyer_requested"": true, ""seller_mentioned"": false}, {""name"": ""Length"", ""unit"": ""mm"", ""value"": ""40"", ""buyer_requested"": true, ""seller_mentioned"": false}, {""name"": ""Material"", ""value"": ""MS"", ""buyer_requested"": true, ""seller_mentioned"": true}, {""name"": ""Grade"", ""value"": ""8.8"", ""buyer_requested"": true, ""seller_mentioned"": true}], ""quantity_required"": {""unit"": ""numbers"", ""value"": 20}, ""related_categories"": [{""name"": ""Screws"", ""reason"": ""Grub screws are a type of screw, hence categorized under screws.""}, {""name"": ""Set Screws"", ""reason"": ""Grub screws are also known as set screws.""}], ""is_buyer_interested"": true, ""most_specific_category"": {""name"": ""Grub Screw"", ""reason"": ""The buyer explicitly asked for \""grub screw\"" in the call.""}}], ""next_steps"": {""buyer_next_steps"": [], ""seller_next_steps"": [""To share product details on WhatsApp""]}, ""buyer_details"": {""buyer_name"": ""f2b95147ef43dc9c4742013360b3e56ebad66a575b338890ba9d66848ecac19b"", ""buyer_mobile_number"": ""257bf5fa6b97b5384ed0c17675c6e2d4617ba7c166cc13f24fe5c3f2f1376c36""}, ""seller_details"": {""seller_name"": ""489f3692b9eef815408f32d6f1856383a7f2003cd693e886b14a307110adb095"", ""seller_mobile_number"": ""d17fdf64f02cce2696a0407e03354ca4d74f2a8754ee0f8c7090a23004ba2773""}}"
9235,9237,5525698,7797,1970-01-01 00:00:00.000,"{""metadata"": {""call_type"": {""type"": ""B2C"", ""reason"": ""The buyer inquired about steel glasses for personal use, asking for 100 pieces, which is not a bulk quantity. The seller also suggested purchasing from a local shop, indicating a B2C nature of the request."", ""evidence"": {""order_type"": ""one-time"", ""buyer_persona"": ""end customer"", ""quantity_scale"": ""Low""}}, ""call_purpose"": ""requirement"", ""all_languages"": [""hindi""], ""primary_language"": ""hindi""}, ""products"": [{""specifications"": [{""name"": ""Material"", ""value"": ""steel"", ""buyer_requested"": true, ""seller_mentioned"": false}, {""name"": ""Capacity"", ""unit"": ""ml"", ""value"": ""100"", ""buyer_requested"": true, ""seller_mentioned"": false}, {""name"": ""Capacity"", ""unit"": ""ml"", ""value"": ""250"", ""buyer_requested"": true, ""seller_mentioned"": false}], ""quantity_required"": {""unit"": ""pieces"", ""value"": 100}, ""related_categories"": [{""name"": ""Drinking Glasses"", ""reason"": ""Steel glasses are a type of drinking glass, making this a relevant related category.""}, {""name"": ""Kitchen Glasses"", ""reason"": ""Drinking glasses are commonly used in the kitchen, so this is a relevant related category.""}], ""is_buyer_interested"": false, ""most_specific_category"": {""name"": ""Steel Glasses"", ""reason"": ""The buyer explicitly asked for 'steel ka glass' (steel glass) which directly matches this category.""}}], ""next_steps"": {""buyer_next_steps"": [], ""seller_next_steps"": []}, ""buyer_details"": {""buyer_name"": ""4a577ac3c017756a7cf2c8689ea5876f168c690497d05ef8e22da2dd13a22c11"", ""buyer_location"": {""buyer_city"": ""Kharagpur""}, ""buyer_mobile_number"": ""35f6fccdc07bfccc764b35b4dfe5f8dc110e8604a1747a22da67735492e1e3ff""}, ""seller_details"": {""seller_name"": ""7c78eea7a591b0c8a4dad680372e35ca12e11cffdac5c69a39700c8014fbcc82"", ""seller_location"": {""seller_city"": ""New Delhi""}}}"
2609107,2625920,8436657,4167,1970-01-01 00:00:00.000,"{""lead_tag"": {""deal_blockers"": [{""detail"": ""Call abruptly ends before any business discussion occurs."", ""category"": ""Other""}], ""deal_readiness"": ""Cold"", ""deal_readiness_reason"": ""No concrete information about pricing or inventory was exchanged as the call was very brief.""}, ""metadata"": {""call_type"": {""type"": ""B2C"", ""reason"": ""The call is an initial inquiry about a common consumer product with no indicators of business scale yet."", ""evidence"": {""order_type"": [""other""], ""repeat_buyer"": false, ""buyer_persona"": {""persona_category"": ""end_consumer""}}}, ""buyer_intent"": {""narrative"": ""Wants to inquire about diapers and check available sizes."", ""reasoning"": ""The buyer initiated a query but the call ended before specific details or quantities were explored."", ""intent_level"": ""Low""}, ""call_outcome"": {""category"": ""Follow-up"", ""conclusion_notes"": ""Call ended abruptly after initial greetings and basic inquiry (Call cuts off).""}, ""call_purpose"": ""requirement"", ""all_languages"": [""Hindi"", ""English""], ""primary_language"": ""Hindi"", ""additional_details"": {""buyer_queries"": [{""query"": ""Which sizes are available?"", ""category"": ""Specifications"", ""sequence"": 1}], ""seller_queries"": []}}, ""products"": [{""product_name"": ""Diaper"", ""specifications"": [{""name"": ""Size"", ""value"": ""Medium"", ""buyer_requested"": true, ""seller_mentioned"": false}], ""related_categories"": [{""name"": ""Baby Diaper Pants"", ""reason"": ""Diaper inquiries in a B2B context often involve baby diaper pants.""}, {""name"": ""Adult Diapers"", ""reason"": ""General diaper category can also encompass adult variants depending on further specification.""}], ""is_buyer_interested"": true, ""most_specific_category"": {""name"": ""Diaper"", ""reason"": ""The buyer indicates a general requirement for diapers, asking about available sizes and price ranges without specifying a brand.""}}], ""next_steps"": {""buyer_next_steps"": [""To reconnect and specify full requirements""], ""seller_next_steps"": [""To call back and provide product details""]}, ""buyer_details"": {""buyer_name"": ""623f0b5584eb86d9f905e52679a9ce3bca0bd91a950a03e0eaa1b2f8bb3e9908""}, ""seller_details"": {""seller_name"": ""602d3d0ab5e96a205221e5a0ea2e85b4d8aee8562a064533e95591f94d2df19e""}}"
2609199,2626011,8436657,4167,1970-01-01 00:00:00.000,"{""lead_tag"": {""deal_blockers"": [], ""deal_readiness"": ""Warm"", ""deal_readiness_reason"": ""Discussing business specific brand manufacturing and waiting for a price list to proceed with calculations.""}, ""metadata"": {""call_type"": {""type"": ""B2B"", ""reason"": ""The buyer is looking for third-party manufacturing for their own brand, indicating a B2B commercial intent for business resale."", ""evidence"": {""keywords"": [""Own Brand"", ""Price List"", ""Manufacturing""], ""order_type"": [""commercial""], ""repeat_buyer"": true, ""buyer_persona"": {""persona_detail"": ""Wants to launch own brand"", ""persona_category"": ""manufacturer""}}}, ""buyer_intent"": {""narrative"": ""Wants to start his own brand of diapers and is inquiring about manufacturing costs and slot availability for Bihar."", ""reasoning"": ""The buyer has a specific business goal (own brand) but is currently at the information-gathering stage (requesting price list)."", ""intent_level"": ""Medium""}, ""call_outcome"": {""category"": ""Follow-up"", ""conclusion_notes"": ""The seller will send the price list on WhatsApp for the buyer to review (WhatsApp pe price list bhej deta hoon).""}, ""call_purpose"": ""requirement"", ""all_languages"": [""Hindi"", ""English""], ""primary_language"": ""Hindi"", ""additional_details"": {""buyer_queries"": [{""query"": ""What are the rates for different sizes for my own brand?"", ""category"": ""Pricing"", ""sequence"": 1, ""answer_by_seller"": ""I will send you the price list on WhatsApp.""}], ""seller_queries"": [{""query"": ""Where are you calling from?"", ""category"": ""Location"", ""sequence"": 2, ""answer_by_buyer"": ""Currently in Delhi but looking for delivery in Bihar.""}]}, ""intended_application"": ""Own Brand Manufacturing""}, ""products"": [{""product_name"": ""Diaper"", ""specifications"": [{""name"": ""Manufacturing Type"", ""value"": ""Private Label/Own Brand"", ""buyer_requested"": true, ""seller_mentioned"": false}], ""related_categories"": [{""name"": ""Baby Diapers"", ""reason"": ""Diapers are commonly used for babies and frequently associated with this category.""}, {""name"": ""Diapering Products"", ""reason"": ""This is a broad category encompassing all diaper-related items.""}], ""is_buyer_interested"": true, ""most_specific_category"": {""name"": ""Diaper Third Party Manufacturing"", ""reason"": ""The buyer explicitly mentioned needing manufacturing for their own brand (apna brand banane pe), which aligns with third-party or private label manufacturing.""}}], ""next_steps"": {""buyer_next_steps"": [""To check the price list on WhatsApp""], ""seller_next_steps"": [""To share the price list on WhatsApp""]}, ""buyer_details"": {""buyer_name"": ""623f0b5584eb86d9f905e52679a9ce3bca0bd91a950a03e0eaa1b2f8bb3e9908""}, ""seller_details"": {}}"
3120868,3137693,1001263,31157,1970-01-01 00:00:00.000,"{""lead_tag"": {""deal_blockers"": [{""detail"": ""Buyer needs delivery in Delhi, seller is in Ahmedabad"", ""category"": ""Location""}], ""deal_readiness"": ""Warm"", ""deal_readiness_reason"": ""Buyer shared a specific requirement and took the seller's number for quotation but location logistics need finalization. ""}, ""metadata"": {""call_type"": {""type"": ""B2B"", ""reason"": ""The buyer is inquiring for a bulk quantity of 100 liters for commercial use, moving through professional transport logistics."", ""evidence"": {""order_type"": [""commercial"", ""bulk""], ""quantity_scale"": ""High""}}, ""buyer_intent"": {""narrative"": ""Buyer wants to purchase 100 liters of 99% pure Isopropyl Alcohol for delivery in Delhi."", ""reasoning"": ""Buyer provided specific volume and purity requirements and asked for a quotation after discussing pricing."", ""intent_level"": ""High""}, ""call_outcome"": {""category"": ""Follow-up"", ""conclusion_notes"": ""Buyer saved the seller's number and will send a text for the quotation (Abhi text kar raha hoon).""}, ""call_purpose"": ""requirement"", ""all_languages"": [""Hindi"", ""English""], ""primary_language"": ""Hindi"", ""additional_details"": {""buyer_queries"": [{""query"": ""What is the price per liter?"", ""category"": ""Pricing"", ""sequence"": 1, ""answer_by_seller"": ""150 per liter. ""}, {""query"": ""How will it be delivered to Delhi?"", ""category"": ""Delivery"", ""sequence"": 3, ""answer_by_seller"": ""It will be dispatched from Ahmedabad via transport. ""}, {""query"": ""Is this the 99.9% purity one?"", ""category"": ""Specifications"", ""sequence"": 5, ""answer_by_seller"": ""Yes, it is 99% pure. ""}], ""seller_queries"": [{""query"": ""How much quantity do you need?"", ""category"": ""Quantity"", ""sequence"": 2, ""answer_by_buyer"": ""100 liters. ""}, {""query"": ""Do you need fresh or recycled grade?"", ""category"": ""Specifications"", ""sequence"": 4, ""answer_by_buyer"": ""Fresh quality. ""}]}, ""intended_application"": ""Commercial Chemical Use""}, ""products"": [{""price"": {""value"": 150, ""currency"": ""INR"", ""price_unit"": ""liter"", ""buyer_price_reaction"": {""quote"": ""150 per liter"", ""category"": ""Accepted""}}, ""in_stock"": ""in stock"", ""product_name"": ""IPA (Isopropyl Alcohol)"", ""specifications"": [{""name"": ""Purity"", ""unit"": ""%"", ""value"": ""99"", ""buyer_requested"": true, ""seller_mentioned"": true}, {""name"": ""Grade"", ""value"": ""Fresh"", ""buyer_requested"": false, ""seller_mentioned"": true}], ""quantity_required"": {""unit"": ""liters"", ""value"": 100}, ""related_categories"": [{""name"": ""Chemical Solvent"", ""reason"": ""IPA is widely used as an industrial chemical solvent.""}], ""is_buyer_interested"": true, ""most_specific_category"": {""name"": ""Isopropyl Alcohol IPA"", ""reason"": ""The conversation explicitly mentions IPA 99.9%.""}, ""seller_accepts_quantity"": true}], ""next_steps"": {""buyer_next_steps"": [""To send a message on WhatsApp for the quotation""], ""seller_next_steps"": [""To share the quotation once the buyer texts on WhatsApp""]}, ""buyer_details"": {""buyer_name"": ""21262a3cb5337627b0fad9d891c16adb40706bd3e57534416dd02bbe5917d184"", ""buyer_location"": {""buyer_city"": ""New Delhi""}}, ""seller_details"": {""seller_location"": {""seller_city"": ""Ahmedabad""}, ""seller_mobile_number"": ""b1c6fc758a9b20f434a5b0446a62fbe6a9c27bdc552585bfb11f5525679bd63e""}}"
2284115,2300913,8436657,4167,1970-01-01 00:00:00.000,"{""payment"": {}, ""lead_tag"": {""deal_blockers"": [], ""deal_readiness"": ""Warm"", ""deal_readiness_reason"": ""The intent is clear as the buyer is asking for quotations but the seller is currently busy driving.""}, ""metadata"": {""call_type"": {""type"": ""B2B"", ""reason"": ""The request for a quotation and the formal inquiry through a B2B platform suggests a retail or wholesale interest rather than a single personal purchase."", ""evidence"": {""keywords"": [""Quotation""], ""order_type"": {""order_type_category"": ""commercial""}, ""repeat_buyer"": false, ""buyer_persona"": {""persona_category"": ""retailer""}}}, ""buyer_intent"": {""narrative"": ""Wants to purchase diapers and is seeking a quotation from the supplier."", ""reasoning"": ""The buyer has a specific product in mind and is sharing contact details to receive a quote."", ""intent_level"": ""Medium""}, ""call_outcome"": {""category"": ""Follow-up"", ""conclusion_notes"": ""Seller will send the quotation later as they were driving during the call (Quotation bhejta hoon driving kar raha hoon).""}, ""call_purpose"": ""requirement"", ""all_languages"": [""Hindi"", ""English""], ""primary_language"": ""Hindi"", ""additional_details"": {""buyer_queries"": [{""query"": ""What is the price or quotation for the diapers?"", ""category"": ""Pricing"", ""sequence"": 1}], ""seller_queries"": []}}, ""products"": [{""in_stock"": ""in stock"", ""product_name"": ""Diaper"", ""specifications"": [], ""related_categories"": [{""name"": ""Baby Diapers"", ""reason"": ""Diapers are commonly associated with baby care.""}, {""name"": ""Adult Diapers"", ""reason"": ""The product category includes variations for adults as well.""}], ""is_buyer_interested"": true, ""most_specific_category"": {""name"": ""Diaper"", ""reason"": ""The buyer explicitly asked for diapers, which is the most generic and accurate term provided in the category list.""}}], ""next_steps"": {""buyer_next_steps"": [""To share the active WhatsApp number or message on IndiaMART""], ""seller_next_steps"": [""To share the quotation on WhatsApp once finished driving""]}, ""buyer_details"": {""buyer_name"": ""4607f49e6986415fa0c208500f0f10a77999c00c9b78f7fe78235f55f2413da4"", ""buyer_location"": {""buyer_city"": ""Jaipur""}, ""buyer_mobile_number"": ""946cbc049887d9e41207d429cd1f90a2f2336d994134f113f639aa73557a66e3""}, ""seller_details"": {""seller_name"": ""602d3d0ab5e96a205221e5a0ea2e85b4d8aee8562a064533e95591f94d2df19e"", ""seller_location"": {""seller_city"": ""New Delhi""}}}"
2284249,2301046,8436657,4167,1970-01-01 00:00:00.000,"{""lead_tag"": {""deal_blockers"": [], ""deal_readiness"": ""Warm"", ""deal_readiness_reason"": ""Seller is currently driving and promised to send details immediately after.""}, ""metadata"": {""call_type"": {""type"": ""B2B"", ""reason"": ""The call is a brief follow-up regarding a product requirement; however, without quantity or persona details, specific B2B/B2C classification isn't possible from this snippet."", ""evidence"": {""repeat_buyer"": false}}, ""buyer_intent"": {""narrative"": ""Buyer is following up on a previously discussed diaper requirement to get more details."", ""reasoning"": ""The buyer is proactively following up on a previous conversation, indicating a genuine interest in proceeding."", ""intent_level"": ""Medium""}, ""call_outcome"": {""category"": ""Follow-up"", ""conclusion_notes"": ""Seller promised to send details shortly (bhej raha hoon standard driving thoda bhej raha hoon).""}, ""call_purpose"": ""followup"", ""all_languages"": [""Hindi""], ""primary_language"": ""Hindi"", ""additional_details"": {""buyer_queries"": [], ""seller_queries"": []}}, ""products"": [{""product_name"": ""Diaper"", ""specifications"": [], ""related_categories"": [{""name"": ""Diaper"", ""reason"": ""The buyer and seller are referring to diapers discussed in their previous interaction.""}], ""is_buyer_interested"": true}], ""next_steps"": {""buyer_next_steps"": [""To wait for the details being sent by the seller""], ""seller_next_steps"": [""To send the requested details once finished driving""]}, ""buyer_details"": {""buyer_name"": ""4607f49e6986415fa0c208500f0f10a77999c00c9b78f7fe78235f55f2413da4""}, ""seller_details"": {""seller_name"": ""602d3d0ab5e96a205221e5a0ea2e85b4d8aee8562a064533e95591f94d2df19e""}}"
2610286,2627099,10684496,10424,1970-01-01 00:00:00.000,"{""lead_tag"": {""deal_blockers"": [], ""deal_readiness"": ""Warm"", ""deal_readiness_reason"": ""Specific dimensions and quantity shared, next step is to provide rates and availability.""}, ""metadata"": {""call_type"": {""type"": ""B2B"", ""reason"": ""The quantity of 750 large kerb stones indicates a commercial or construction project scale, typical of B2B transactions."", ""evidence"": {""keywords"": [""Commercial Project"", ""Vadodara"", ""Quantity 750""], ""order_type"": [""bulk"", ""commercial""], ""buyer_persona"": {""persona_category"": ""contractor""}, ""quantity_scale"": ""High""}}, ""buyer_intent"": {""narrative"": ""Seeking 750 pieces of 12x12x6 inch kerb stones for a project in Padra."", ""reasoning"": ""Buyer provided exact dimensions (12x12x6), a specific quantity (750), and a clear delivery location (Padra)."", ""intent_level"": ""High""}, ""call_outcome"": {""category"": ""Follow-up"", ""conclusion_notes"": ""Pending rate and stock check by the seller (Check karke rate batata hoon).""}, ""call_purpose"": ""requirement"", ""all_languages"": [""Gujarati"", ""Hindi"", ""English""], ""primary_language"": ""Gujarati"", ""additional_details"": {""buyer_queries"": [{""query"": ""Are 12x12x6 inch kerb stones available?"", ""category"": ""Availability"", ""sequence"": 1, ""answer_by_seller"": ""I will check and let you know the rates and everything.""}, {""query"": ""What is the rate for these?"", ""category"": ""Pricing"", ""sequence"": 4, ""answer_by_seller"": ""I'll check the rates and tell you.""}], ""seller_queries"": [{""query"": ""What is the quantity and where is it needed?"", ""category"": ""Quantity"", ""sequence"": 2, ""answer_by_buyer"": ""750 pieces needed in Padra.""}]}, ""intended_application"": ""Infrastructure Construction""}, ""products"": [{""product_name"": ""Kerb Stone"", ""specifications"": [{""name"": ""Size"", ""unit"": ""inch"", ""value"": ""12x12"", ""buyer_requested"": true, ""seller_mentioned"": false}, {""name"": ""Thickness"", ""unit"": ""inch"", ""value"": ""6"", ""buyer_requested"": true, ""seller_mentioned"": false}], ""quantity_required"": {""unit"": ""pieces"", ""value"": 750}, ""related_categories"": [{""name"": ""KERB Stones"", ""reason"": ""Explicitly requested dimensions are standard for road kerbs.""}, {""name"": ""RCC Material"", ""reason"": ""These components are typically made of reinforced cement concrete for infrastructure.""}], ""is_buyer_interested"": true, ""most_specific_category"": {""name"": ""Concrete Kerb Stone"", ""reason"": ""The dimensions 12x12x6 inches are characteristic of heavy-duty concrete kerb stones used for road channeling and dividers.""}, ""seller_accepts_quantity"": true}], ""next_steps"": {""buyer_next_steps"": [""To wait for the price and stock confirmation""], ""seller_next_steps"": [""To check rates for 750 units and confirm availability"", ""To provide the price and details to the customer""]}, ""buyer_details"": {""buyer_name"": ""5f41142e8f997a19b6e8830e4d430a066a4413fded1c0df672eef1119b2d9806""}, ""seller_details"": {""seller_name"": ""a71683124e66554d23430d99d4e963652ca8e6d25f4ae3f893645560e6d46698"", ""seller_location"": {""seller_city"": ""Vadodara"", ""seller_locality"": ""Savli""}}}"
3124027,3140852,23807911,38778,1970-01-01 00:00:00.000,"{""payment"": {""payment_details"": ""Buyer requested rate without GST bill""}, ""callback"": ""callback by Tomorrow - To discuss rates after checking WhatsApp (Kal batata hoon details)"", ""lead_tag"": {""deal_blockers"": [{""detail"": ""Buyer says rate is high and getting it cheaper elsewhere"", ""category"": ""Price""}], ""deal_readiness"": ""Warm"", ""deal_readiness_reason"": ""Buyer is actively negotiating and comparing prices but committed to a callback after review.""}, ""metadata"": {""call_type"": {""type"": ""B2B"", ""reason"": ""Buyer is inquiring about bulk quantities (10 cartons) for commercial use in Mumbai."", ""evidence"": {""keywords"": [""4 inch"", ""Stretch Film"", ""Carton""], ""order_type"": [""commercial"", ""bulk""], ""repeat_buyer"": false, ""buyer_persona"": {""persona_category"": ""retailer""}, ""quantity_scale"": ""High""}}, ""buyer_intent"": {""narrative"": ""Wants 8-10 cartons of 4 inch stretch film for Mumbai locality."", ""reasoning"": ""Buyer provided specific size, quantity, and location details while negotiating on price and GST."", ""intent_level"": ""High""}, ""call_outcome"": {""category"": ""Follow-up"", ""conclusion_notes"": ""Will check details on WhatsApp and discuss further (WhatsApp karke rakho main batata hoon)""}, ""call_purpose"": ""requirement"", ""all_languages"": [""Hindi"", ""English""], ""primary_language"": ""Hindi"", ""additional_details"": {""buyer_queries"": [{""query"": ""What is the rate for 4 inch stretch film?"", ""category"": ""Pricing"", ""sequence"": 1, ""answer_by_seller"": ""150 Rupees per kg""}, {""query"": ""How much for transportation to Girgaon?"", ""category"": ""Delivery"", ""sequence"": 2, ""answer_by_seller"": ""300 to 400 Rupees for 10 cartons""}, {""query"": ""What is the rate without GST?"", ""category"": ""Pricing"", ""sequence"": 3}], ""seller_queries"": [{""query"": ""What is the required quantity?"", ""category"": ""Quantity"", ""sequence"": 4, ""answer_by_buyer"": ""8 to 10 cartons""}, {""query"": ""Where are you calling from?"", ""category"": ""Location"", ""sequence"": 5, ""answer_by_buyer"": ""Mumbai Girgaon""}]}, ""intended_application"": ""Product Packaging""}, ""products"": [{""price"": {""gst"": {""details"": ""Buyer asked for price without GST bill"", ""is_gst_included"": false}, ""value"": 150, ""currency"": ""INR"", ""price_unit"": ""kg"", ""delivery_charge"": {""value"": 300, ""details"": ""300 to 400 for 10 cartons from Vasai"", ""currency"": ""INR"", ""is_delivery_charge_included"": false}, ""negotiation_notes"": ""Buyer says market rate is around 152-153 and wants a better deal."", ""buyer_price_reaction"": {""quote"": ""Rate is high, getting for 152 in market"", ""category"": ""Negotiating""}}, ""in_stock"": ""in stock"", ""product_name"": ""4 inch Stretch Film"", ""specifications"": [{""name"": ""Size"", ""unit"": ""inch"", ""value"": ""4"", ""buyer_requested"": false, ""seller_mentioned"": true}], ""quantity_required"": {""unit"": ""Carton"", ""value"": 8}, ""related_categories"": [{""name"": ""Packaging Materials"", ""reason"": ""Stretch film is a primary packaging material.""}, {""name"": ""Plastic Rolls"", ""reason"": ""Stretch films are supplied in roll form.""}], ""is_buyer_interested"": true, ""most_specific_category"": {""name"": ""Stretch Film"", ""reason"": ""Explicitly mentioned as 4 inch stretch film in the call.""}, ""seller_accepts_quantity"": true}], ""next_steps"": {""buyer_next_steps"": [""To check technical and price details on WhatsApp"", ""To call back and confirm""], ""seller_next_steps"": [""To share product details and pricing on WhatsApp""]}, ""buyer_details"": {""buyer_name"": ""112a43ed0920e6627c5637f14991ff4c8d7c8fde0cfbc712dc7b25fd2f9abf69"", ""buyer_location"": {""buyer_city"": ""Mumbai"", ""buyer_locality"": ""Girgaon""}}, ""seller_details"": {""seller_location"": {""seller_city"": ""Mumbai"", ""seller_locality"": ""Vasai""}, ""seller_mobile_number"": ""93bdab16eff384d036cbf9dfaadf7952ab1bc658b7a5eecb39e9985e24b7a680""}}"
2102269,2119058,8436657,4167,1970-01-01 00:00:00.000,"{""lead_tag"": {""deal_blockers"": [{""detail"": ""Seller does not provide home delivery for small quantities."", ""category"": ""Availability""}], ""deal_readiness"": ""Warm"", ""deal_readiness_reason"": ""Buyer has a specific quantity requirement and is inquiring about office pickup in Patna.""}, ""metadata"": {""call_type"": {""type"": ""B2C"", ""reason"": ""The buyer explicitly mentioned needing the product for 'personal home use' and discussed small quantities (100 pieces), qualifying as B2C."", ""evidence"": {""keywords"": [""personal use"", ""home use"", ""loose packing""], ""order_type"": {""order_type_category"": ""one-time""}, ""repeat_buyer"": false, ""buyer_persona"": {""persona_category"": ""end_consumer""}, ""quantity_scale"": ""Low""}}, ""buyer_intent"": {""narrative"": ""Wants to buy 100 pieces of diapers for personal home use in Bihar."", ""reasoning"": ""The buyer specifically asked for price comparisons between loose and packed diapers and asked how to receive them for home use."", ""intent_level"": ""High""}, ""call_outcome"": {""category"": ""Pending"", ""conclusion_notes"": ""Buyer needs to visit the Patna branch as home delivery for small quantities is not available.""}, ""call_purpose"": ""requirement"", ""all_languages"": [""Hindi"", ""English""], ""primary_language"": ""Hindi"", ""additional_details"": {""buyer_queries"": [{""query"": ""Is home delivery available for small quantities?"", ""category"": ""Delivery"", ""sequence"": 1}], ""seller_queries"": [{""query"": ""Where are you calling from?"", ""category"": ""Other"", ""sequence"": 2}]}, ""intended_application"": ""Personal Home Use""}, ""products"": [{""price"": {""gst"": {""details"": ""GST is explicitly mentioned as included in the price."", ""is_gst_included"": true}, ""value"": 340, ""currency"": ""INR"", ""price_unit"": ""packet""}, ""in_stock"": ""in stock"", ""product_name"": ""Loose Diapers"", ""specifications"": [{""name"": ""Packaging"", ""value"": ""Transparent Pouch"", ""buyer_requested"": false, ""seller_mentioned"": true}, {""name"": ""Quantity per packet"", ""unit"": ""pieces"", ""value"": ""75"", ""buyer_requested"": false, ""seller_mentioned"": true}, {""name"": ""Size range"", ""value"": ""Small to Large"", ""buyer_requested"": false, ""seller_mentioned"": true}], ""quantity_required"": {""unit"": ""pieces"", ""value"": 100}, ""related_categories"": [{""name"": ""Disposable Baby Diapers"", ""reason"": ""Standard diapers discussed for personal use are typically disposable.""}], ""is_buyer_interested"": true, ""most_specific_category"": {""name"": ""Diaper"", ""reason"": ""The conversation consistently refers to 'diapers' in both loose and packet forms for personal use.""}, ""seller_accepts_quantity"": true}, {""price"": {""value"": 450, ""currency"": ""INR"", ""price_unit"": ""packet""}, ""in_stock"": ""in stock"", ""product_name"": ""Packed Diapers"", ""specifications"": [{""name"": ""Condition"", ""value"": ""Premium/Packed"", ""buyer_requested"": false, ""seller_mentioned"": true}], ""related_categories"": [{""name"": ""Baby Care Products"", ""reason"": ""Diapers fall under baby care category.""}], ""is_buyer_interested"": true, ""most_specific_category"": {""name"": ""Diaper"", ""reason"": ""Referred to as general diapers for home use.""}}], ""next_steps"": {""buyer_next_steps"": [""To visit the Patna office to collect the diapers""], ""seller_next_steps"": [""To share the Patna branch contact number with the buyer""]}, ""buyer_details"": {""buyer_location"": {""buyer_city"": ""Araria"", ""buyer_state"": ""Bihar""}}, ""seller_details"": {""seller_location"": {""seller_city"": ""Patna"", ""seller_state"": ""Bihar""}}}"
2102505,2119294,8436657,4167,1970-01-01 00:00:00.000,"{""lead_tag"": {""deal_blockers"": [{""detail"": ""Discussion still pending regarding specific sizes and current stock variety."", ""category"": ""Availability""}], ""deal_readiness"": ""Warm"", ""deal_readiness_reason"": ""The buyer has an established business and is actively looking for specific products like diaper pants.""}, ""metadata"": {""call_type"": {""type"": ""B2B"", ""reason"": ""The buyer mentions running a diaper business in Araria, Bihar and is looking for a supply of around 200 units, indicating a B2B resale context."", ""evidence"": {""keywords"": [""Retail Shop"", ""Araria Bihar""], ""order_type"": {""order_type_category"": ""bulk""}, ""repeat_buyer"": true, ""buyer_persona"": {""persona_detail"": ""Store owner in Araria"", ""persona_category"": ""retailer""}, ""quantity_scale"": ""High""}}, ""buyer_intent"": {""narrative"": ""Wants to source 200 units of diapers for their business in Araria, Bihar."", ""reasoning"": ""The buyer mentions they already have a business and are looking to add stock/inventory."", ""intent_level"": ""High""}, ""call_outcome"": {""category"": ""Follow-up"", ""conclusion_notes"": ""Seller will share catalog on WhatsApp for further selection (WhatsApp par catalogue bhej do).""}, ""call_purpose"": ""requirement"", ""all_languages"": [""Hindi""], ""primary_language"": ""Hindi"", ""additional_details"": {""buyer_queries"": [{""query"": ""Where is your company located?"", ""category"": ""Availability"", ""sequence"": 1}], ""seller_queries"": [{""query"": ""What is your specific requirement for diapers?"", ""category"": ""Specifications"", ""sequence"": 2}]}, ""intended_application"": ""Retail Resale""}, ""products"": [{""product_name"": ""Diapers"", ""quantity_required"": {""unit"": ""pieces"", ""value"": 200}, ""related_categories"": [{""name"": ""Baby Diapers"", ""reason"": ""Diapers often imply baby diapers in a retail/wholesale distribution context.""}], ""is_buyer_interested"": true, ""most_specific_category"": {""name"": ""Diaper"", ""reason"": ""The buyer mentions having a diaper business and general interest in diaper requirements.""}, ""seller_accepts_quantity"": true}], ""next_steps"": {""buyer_next_steps"": [""To check the catalog provided by the seller"", ""To confirm the specific sizes and variants needed""], ""seller_next_steps"": [""To share the product catalog and price list on WhatsApp""]}, ""buyer_details"": {""buyer_location"": {""buyer_city"": ""Araria"", ""buyer_state"": ""Bihar""}, ""buyer_mobile_number"": ""90daf5a83507dfeae199d5b7ed7f901017e4a177e47e752ac4eec35c704c362b""}, ""seller_details"": {""seller_name"": ""602d3d0ab5e96a205221e5a0ea2e85b4d8aee8562a064533e95591f94d2df19e"", ""seller_location"": {""seller_city"": ""New Delhi""}}}"
2618857,2635670,8436657,4167,1970-01-01 00:00:00.000,"{""lead_tag"": {""deal_blockers"": [], ""deal_readiness"": ""Warm"", ""deal_readiness_reason"": ""The buyer is inquiring about wholesale rates for loose diapers.""}, ""metadata"": {""call_type"": {""type"": ""B2B"", ""reason"": ""The buyer is asking for wholesale deals and loose packaging, which is characteristic of B2B trade for resale or redistribution."", ""evidence"": {""keywords"": [""Wholesale""], ""order_type"": [""bulk""], ""buyer_persona"": {""persona_category"": ""wholesaler""}, ""quantity_scale"": ""High""}}, ""buyer_intent"": {""narrative"": ""The buyer wants to purchase loose diapers in wholesale quantities."", ""reasoning"": ""The buyer has a specific product (loose diapers) and sourcing mode (wholesale) in mind."", ""intent_level"": ""Medium""}, ""call_outcome"": {""category"": ""Follow-up"", ""conclusion_notes"": ""The buyer will confirm the quantity to get a price quote.""}, ""call_purpose"": ""requirement"", ""all_languages"": [""Hindi"", ""English""], ""primary_language"": ""Hindi"", ""additional_details"": {""buyer_queries"": [{""query"": ""Do you deal in diapers in wholesale?"", ""category"": ""Quantity"", ""sequence"": 1, ""answer_by_seller"": ""Yes, we do.""}, {""query"": ""What companies do you have?"", ""category"": ""Specifications"", ""sequence"": 2, ""answer_by_seller"": ""We have various companies.""}, {""query"": ""What will be the rate for loose diapers?"", ""category"": ""Pricing"", ""sequence"": 3, ""answer_by_seller"": ""The rate depends on the quantity. Please tell me your quantity.""}], ""seller_queries"": [{""query"": ""What is the quantity you need?"", ""category"": ""Quantity"", ""sequence"": 4}]}, ""intended_application"": ""Wholesale Resale""}, ""products"": [{""product_name"": ""Diaper"", ""specifications"": [{""name"": ""Packaging Type"", ""value"": ""Loose"", ""buyer_requested"": true, ""seller_mentioned"": true}], ""related_categories"": [{""name"": ""Disposable Diaper"", ""reason"": ""Diapers mentioned in wholesale context typically refer to disposable types.""}], ""is_buyer_interested"": true, ""most_specific_category"": {""name"": ""Diaper"", ""reason"": ""The buyer explicitly asked to deal in diapers in wholesale.""}}], ""next_steps"": {""buyer_next_steps"": [""To provide the required quantity""], ""seller_next_steps"": [""To provide pricing once quantity is shared""]}, ""buyer_details"": {""buyer_name"": ""c0b1eac6bb604a5648a2b165f824467e3d1b04f8e682a8a75fef7f833a6190f0""}, ""seller_details"": {""seller_name"": ""28716f5e99d3c20d5bff5082b8fa4c7197a2360d55156f04f0302d4f7db21f0f""}}"
1493320,1510092,8436657,4167,1970-01-01 00:00:00.000,"{""lead_tag"": {""deal_blockers"": [{""detail"": ""Call disconnected before any business discussion began."", ""category"": ""Other""}], ""deal_readiness"": ""Cold"", ""deal_readiness_reason"": ""The call was extremely brief and ended immediately after identification without any requirement discussion.""}, ""metadata"": {""call_type"": {""type"": ""B2B"", ""reason"": ""The call is likely B2B as it originated from an IndiaMART business lead, though conversation was too short to confirm scale."", ""evidence"": {""buyer_persona"": {""persona_category"": ""other""}}}, ""buyer_intent"": {""narrative"": ""Buyer initiated a call but the conversation ended prematurely after asking who is speaking."", ""reasoning"": ""The buyer only asked for identification ('Kaun bol rahe hain') and did not proceed to discuss requirements."", ""intent_level"": ""Low""}, ""call_outcome"": {""category"": ""Follow-up"", ""conclusion_notes"": ""Call disconnected immediately after introduction (Kaun bol rahe hain).""}, ""call_purpose"": ""requirement"", ""all_languages"": [""Hindi""], ""primary_language"": ""Hindi"", ""additional_details"": {""buyer_queries"": [{""query"": ""Who is speaking?"", ""category"": ""Other"", ""sequence"": 1}], ""seller_queries"": []}}, ""products"": [{""product_name"": ""Diaper"", ""related_categories"": [{""name"": ""Baby Care Products"", ""reason"": ""Diapers are a core segment of the baby care category.""}], ""is_buyer_interested"": true, ""most_specific_category"": {""name"": ""Diaper"", ""reason"": ""The call was triggered by an IndiaMART inquiry for diaper products based on the seller's business category.""}}], ""next_steps"": {""buyer_next_steps"": [""To state the requirement if calling back""], ""seller_next_steps"": [""To call the buyer to discuss the diaper requirement""]}, ""buyer_details"": {""buyer_name"": ""6c95389c854c659a098a8645a7138d6d7111548460fd87bf5ed42d62776b7fb6"", ""buyer_location"": {""buyer_city"": ""Motihari""}, ""buyer_mobile_number"": ""021b35c94350a47ef1d1f883484cc611c34f648cabd01cc6467da37d07778b29""}, ""seller_details"": {""seller_name"": ""602d3d0ab5e96a205221e5a0ea2e85b4d8aee8562a064533e95591f94d2df19e"", ""seller_location"": {""seller_city"": ""New Delhi""}}}"
1493378,1510147,8436657,4167,1970-01-01 00:00:00.000,"{""payment"": {""payment_mode"": ""bank transfer"", ""payment_details"": ""50% advance payment required to process the order.""}, ""lead_tag"": {""deal_blockers"": [{""detail"": ""Concerned about the reliability of the 50% advance payment request."", ""category"": ""Payment""}], ""deal_readiness"": ""Warm"", ""deal_readiness_reason"": ""Interested in 10,000 pieces and discussing payment terms like 50% advance, planning to follow up shortly.""}, ""metadata"": {""call_type"": {""type"": ""B2B"", ""reason"": ""The discussion involves a minimum order of 10,000 units and professional logistics, indicating a B2B trade for resale."", ""evidence"": {""keywords"": [""10,000 piece"", ""50,000 INR"", ""Transport"", ""Advance Payment""], ""order_type"": {""order_type_category"": ""bulk""}, ""repeat_buyer"": true, ""buyer_persona"": {""persona_category"": ""retailer""}, ""quantity_scale"": ""High""}}, ""buyer_intent"": {""narrative"": ""Seeking 10,000 pieces of Hagiz (Huggies) diapers for delivery to Motihari, Bihar."", ""reasoning"": ""The buyer provided specific location details, discussed bulk MOQ, verified price per piece, and asked about advance payment terms."", ""intent_level"": ""High""}, ""call_outcome"": {""category"": ""Follow-up"", ""conclusion_notes"": ""Will decide and talk tomorrow morning (Morning mein aapse baat karti hoon).""}, ""call_purpose"": ""requirement"", ""all_languages"": [""Hindi"", ""English""], ""primary_language"": ""Hindi"", ""additional_details"": {""buyer_queries"": [{""query"": ""What is the minimum and maximum order for the 4.30 price?"", ""category"": ""Quantity"", ""sequence"": 1}, {""query"": ""Is it reliable to pay 50% advance?"", ""category"": ""Credit"", ""sequence"": 3}], ""seller_queries"": [{""query"": ""From where in Bihar are you speaking?"", ""category"": ""Delivery"", ""sequence"": 2}]}, ""intended_application"": ""Retail Resale""}, ""products"": [{""price"": {""gst"": {""value"": 5, ""is_gst_included"": true}, ""value"": 4.5, ""currency"": ""INR"", ""price_unit"": ""piece"", ""offer_details"": ""Approximate total cost for 10,000 pieces is 50,000 INR."", ""delivery_charge"": {""value"": 1000, ""details"": ""Delivery from Delhi to Motihari will cost approximately 1000 per bundle."", ""currency"": ""INR""}}, ""product_name"": ""Hagiz (Huggies)"", ""specifications"": [{""name"": ""Size"", ""value"": ""Medium, Small, and Large mix"", ""buyer_requested"": false, ""seller_mentioned"": true}], ""related_categories"": [{""name"": ""Baby Diapers"", ""reason"": ""Huggies (Hagiz) is a leading baby diaper brand.""}, {""name"": ""Disposable Baby Diapers"", ""reason"": ""Baby diapers are typically disposable items sold in bulk.""}], ""is_buyer_interested"": true, ""minimum_order_quantity"": {""unit"": ""piece"", ""value"": 10000}, ""most_specific_category"": {""name"": ""Diaper"", ""reason"": ""The call centers around a product called 'Hagiz' (Huggies) discussed at a per piece rate and high volume.""}, ""seller_accepts_quantity"": true}, {""product_name"": ""Adult Diapers"", ""related_categories"": [{""name"": ""Diaper"", ""reason"": ""Adult diapers are a specific subset of the broader diaper category.""}], ""is_buyer_interested"": false, ""most_specific_category"": {""name"": ""Adult Diapers"", ""reason"": ""Mentioned as an additional product available with the seller.""}}, {""product_name"": ""Sanitary Pad"", ""is_buyer_interested"": false, ""most_specific_category"": {""name"": ""Diapering Products"", ""reason"": ""Sanitary pads were mentioned as part of the seller's product range.""}}], ""next_steps"": {""buyer_next_steps"": [""To call back tomorrow morning to finalize the decision.""], ""seller_next_steps"": [""To prepare for a potential visit as the buyer might come to the Delhi office.""]}, ""buyer_details"": {""buyer_location"": {""buyer_city"": ""Motihari"", ""buyer_state"": ""Bihar""}}, ""seller_details"": {""seller_location"": {""seller_city"": ""Delhi"", ""seller_locality"": ""Bawana Industrial Area""}}}"
2119164,2135954,23807911,38778,1970-01-01 00:00:00.000,"{""payment"": {""payment_details"": ""Price quoted is per kg excluding GST.""}, ""lead_tag"": {""deal_blockers"": [{""detail"": ""Buyer mentioned cheaper market rates compared to the seller's quote."", ""category"": ""Price""}], ""deal_readiness"": ""Warm"", ""deal_readiness_reason"": ""Buyer has a recurring requirement of 1 ton per month but is currently comparing market prices.""}, ""metadata"": {""call_type"": {""type"": ""B2B"", ""reason"": ""The buyer discusses a recurring monthly requirement of 1 ton, indicating a B2B or commercial distribution context."", ""evidence"": {""keywords"": [""Manual Grade"", ""Baby Core"", ""Recurring requirement""], ""order_type"": {""order_type_category"": ""recurring""}, ""repeat_buyer"": true, ""buyer_persona"": {""persona_category"": ""wholesaler""}, ""quantity_scale"": ""High""}}, ""buyer_intent"": {""narrative"": ""Buyer wants 200kg of 30 micron manual grade stretch film for immediate use with a recurring monthly need of 1 ton."", ""reasoning"": ""Buyer provided specific technical requirements (microns, width, grade) and discussed future bulk volumes."", ""intent_level"": ""High""}, ""call_outcome"": {""category"": ""Follow-up"", ""conclusion_notes"": ""Buyer will work out the details and get back (Work out karke batata hoon)""}, ""call_purpose"": ""requirement"", ""all_languages"": [""Hindi"", ""English""], ""primary_language"": ""Hindi"", ""additional_details"": {""buyer_queries"": [{""query"": ""Is 30 microns stretch film available?"", ""category"": ""Availability"", ""sequence"": 1}, {""query"": ""What is the core weight?"", ""category"": ""Specifications"", ""sequence"": 3}], ""seller_queries"": [{""query"": ""What is the quantity?"", ""category"": ""Quantity"", ""sequence"": 2}]}, ""intended_application"": ""Commercial Packaging""}, ""products"": [{""price"": {""gst"": {""is_gst_included"": false}, ""value"": 170, ""currency"": ""INR"", ""price_unit"": ""kg"", ""negotiation_notes"": ""Buyer mentioned market rates are lower (160-170); Seller noted the core is 4.5mm baby core."", ""buyer_price_reaction"": {""quote"": ""Market mein 170-160 bhi chal raha hai"", ""category"": ""Negotiating""}}, ""in_stock"": ""in stock"", ""product_name"": ""Manual Grade Stretch Film"", ""specifications"": [{""name"": ""Thickness"", ""unit"": ""microns"", ""value"": ""30"", ""buyer_requested"": true, ""seller_mentioned"": false}, {""name"": ""Thickness"", ""unit"": ""microns"", ""value"": ""23"", ""buyer_requested"": false, ""seller_mentioned"": true}, {""name"": ""Width"", ""unit"": ""mm"", ""value"": ""500"", ""buyer_requested"": true, ""seller_mentioned"": true}, {""name"": ""Width"", ""unit"": ""inch"", ""value"": ""18"", ""buyer_requested"": false, ""seller_mentioned"": true}, {""name"": ""Core Thickness"", ""unit"": ""mm"", ""value"": ""4.5"", ""buyer_requested"": false, ""seller_mentioned"": true}, {""name"": ""Core Weight"", ""unit"": ""gram"", ""value"": ""400"", ""buyer_requested"": false, ""seller_mentioned"": true}, {""name"": ""Grade"", ""value"": ""Manual"", ""buyer_requested"": false, ""seller_mentioned"": false}], ""quantity_required"": {""unit"": ""kg"", ""value"": 200}, ""related_categories"": [{""name"": ""Plastic Wrapping Film"", ""reason"": ""Stretch film is a type of plastic wrapping film used for packaging.""}, {""name"": ""Packaging Rolls"", ""reason"": ""The product is supplied in roll form for packaging applications.""}], ""is_buyer_interested"": true, ""most_specific_category"": {""name"": ""Stretch Film"", ""reason"": ""The buyer specifically asks for 'stretch film' for manual grade use.""}, ""seller_accepts_quantity"": true}], ""next_steps"": {""buyer_next_steps"": [""To work out the details and revert back""], ""seller_next_steps"": []}, ""buyer_details"": {""buyer_name"": ""7d38852ae00d6bc23def586df1f3de8a22ec7d09cd5f32aea01cfe9c1140a2db"", ""buyer_location"": {""buyer_city"": ""Mumbai"", ""buyer_state"": ""Maharashtra"", ""buyer_locality"": ""Taloja""}}, ""seller_details"": {""seller_name"": ""6dce69facae598b79f7aab72a638381e6a79594b33ea60a89d34d02171fbc44a"", ""seller_location"": {""seller_city"": ""Mumbai""}}}"
2097450,2114239,8590995,181023,1970-01-01 00:00:00.000,"{""lead_tag"": {""deal_blockers"": [], ""deal_readiness"": ""Warm"", ""deal_readiness_reason"": ""Specific pricing and samples were discussed, and a move to WhatsApp for further coordination was initiated.""}, ""metadata"": {""call_type"": {""type"": ""B2B"", ""reason"": ""The buyer is inquiring about standardized electrical components by size and requesting samples, indicating commercial intent for resale or professional use."", ""evidence"": {""order_type"": {""order_type_category"": ""commercial""}, ""buyer_persona"": {""persona_category"": ""retailer""}}}, ""buyer_intent"": {""narrative"": ""Seeking pricing and samples for 25mm junction boxes."", ""reasoning"": ""The buyer knows exactly what size they need and is inquiring about pricing and samples."", ""intent_level"": ""Medium""}, ""call_outcome"": {""category"": ""Pending"", ""conclusion_notes"": ""Pricing Shared, move to WhatsApp for samples (WhatsApp pe Hi likh ke bhejo bhejta hoon)""}, ""call_purpose"": ""requirement"", ""all_languages"": [""Hindi"", ""English""], ""primary_language"": ""Hindi"", ""additional_details"": {""buyer_queries"": [{""query"": ""What is the current price of 25mm Junction Box?"", ""category"": ""Pricing"", ""sequence"": 1}, {""query"": ""Can you provide samples?"", ""category"": ""Specifications"", ""sequence"": 2}], ""seller_queries"": [{""query"": ""How many pieces do you need?"", ""category"": ""Quantity"", ""sequence"": 3}]}}, ""products"": [{""price"": {""value"": 100, ""currency"": ""INR"", ""price_unit"": ""piece""}, ""product_name"": ""Junction Box [Jaston Box]"", ""specifications"": [{""name"": ""Size"", ""unit"": ""mm"", ""value"": ""25"", ""buyer_requested"": true, ""seller_mentioned"": true}], ""related_categories"": [{""name"": ""PVC Junction Box"", ""reason"": ""Junction boxes of this size are commonly made of PVC for electrical fittings.""}, {""name"": ""Conduit Boxes"", ""reason"": ""25mm is a standard conduit size, and junction boxes are a type of conduit box.""}], ""is_buyer_interested"": true, ""most_specific_category"": {""name"": ""Junction Boxes"", ""reason"": ""The buyer explicitly asked for 'Jaston Box' (Junction Box) and mentioned a size of 25mm.""}}], ""next_steps"": {""buyer_next_steps"": [""To send a 'Hi' message on WhatsApp"", ""To check for the seller's catalog or sample photos""], ""seller_next_steps"": [""To share product samples or photos on WhatsApp""]}, ""buyer_details"": {""buyer_name"": ""9705df1acd9cd5228e94bf0e4a65b434cab5674779747893de19098a3f17fe1a""}, ""seller_details"": {""seller_name"": ""d71773e78ee55879e5aab044222e48436f47b59897db2c62e8202d19d861dc91""}}"
2306784,2323583,1001263,31157,1970-01-01 00:00:00.000,"{""lead_tag"": {""deal_blockers"": [{""detail"": ""Buyer needs 5-10 liters but seller minimum is 25 liters."", ""category"": ""MOQ""}, {""detail"": ""Seller quote of 150 is much higher than buyer's expectation of 85."", ""category"": ""Price""}], ""deal_readiness"": ""Cold"", ""deal_readiness_reason"": ""High mismatch between requested quantity (5L) and MOQ (25L), plus significant price gap.""}, ""metadata"": {""call_type"": {""type"": ""B2C"", ""reason"": ""The buyer is looking for a very small quantity (5L) suggesting retail/personal use rather than industrial bulk purchase."", ""evidence"": {""order_type"": {""order_type_category"": ""one-time""}, ""repeat_buyer"": false, ""buyer_persona"": {""persona_category"": ""end_consumer""}, ""quantity_scale"": ""Low""}}, ""buyer_intent"": {""narrative"": ""Buyer wants to purchase 5 to 10 liters of IPA cleaner for specific use."", ""reasoning"": ""Buyer has a specific volume and product in mind but is hesitant due to high MOQ and price."", ""intent_level"": ""Medium""}, ""call_outcome"": {""category"": ""Lost"", ""conclusion_notes"": ""Call ended abruptly after quantity and price disagreement.""}, ""call_purpose"": ""requirement"", ""all_languages"": [""Hindi"", ""English""], ""primary_language"": ""Hindi"", ""additional_details"": {""buyer_queries"": [{""query"": ""What is the price per liter?"", ""category"": ""Pricing"", ""sequence"": 1}, {""query"": ""Can you reduce the price since IndiaMART shows 85 per liter?"", ""category"": ""Pricing"", ""sequence"": 3}], ""seller_queries"": [{""query"": ""How much quantity do you need?"", ""category"": ""Quantity"", ""sequence"": 2}]}}, ""products"": [{""price"": {""value"": 150, ""currency"": ""INR"", ""price_unit"": ""liter"", ""buyer_price_reaction"": {""quote"": ""In IndiaMART it is for 85 per liter."", ""category"": ""Negotiating""}}, ""product_name"": ""Isopropyl Alcohol IPA (IPA Cleaner)"", ""specifications"": [{""name"": ""Product Type"", ""value"": ""IPA Cleaner"", ""buyer_requested"": true, ""seller_mentioned"": true}], ""quantity_required"": {""unit"": ""liters"", ""value"": 5}, ""related_categories"": [{""name"": ""Industrial Solvents"", ""reason"": ""IPA is a common industrial solvent used for cleaning and sanitization.""}, {""name"": ""Chemical Solvent"", ""reason"": ""Alcohols like IPA are classified as chemical solvents.""}], ""is_buyer_interested"": true, ""minimum_order_quantity"": {""unit"": ""liters"", ""value"": 25}, ""most_specific_category"": {""name"": ""Isopropyl Alcohol IPA"", ""reason"": ""The buyer explicitly asks for Isopropyl Alcohol (IPA) cleaner.""}, ""seller_accepts_quantity"": false}], ""next_steps"": {""buyer_next_steps"": [], ""seller_next_steps"": []}, ""buyer_details"": {""buyer_name"": ""e72d828adcdb28bea7f141b12a5232edb30496a47f7c8bee6169acae42d10b05""}, ""seller_details"": {""seller_name"": ""3563122f4bc86b2b381bb72c8afc585b88ea9bc9904512c82ca13ea620c5bc4b""}}"
60585,60587,5525698,7797,1970-01-01 00:00:00.000,"{""metadata"": {""call_type"": {""type"": ""B2B"", ""reason"": ""The buyer explicitly states he wants to 'start a business' (kaam start karna chahta hu) and requests a quantity of '1000 pieces', indicating a bulk purchase for commercial purposes. He also asks to visit the seller's 'factory', which points to a B2B interaction."", ""evidence"": {""keywords"": [""kaam start karna chahta hu"", ""factory""], ""order_type"": ""trial"", ""repeat_buyer"": false, ""buyer_persona"": ""shop keeper"", ""quantity_scale"": ""High""}}, ""call_purpose"": ""requirement"", ""all_languages"": [""Hindi""], ""primary_language"": ""Hindi""}, ""products"": [{""price"": {""gst"": {""value"": 18, ""is_gst_included"": false}, ""value"": 310, ""currency"": ""INR"", ""price_unit"": ""kilo""}, ""in_stock"": ""in stock"", ""product_name"": ""Stainless steel flower glass"", ""specifications"": [{""name"": ""Material"", ""value"": ""Stainless Steel"", ""buyer_requested"": false, ""seller_mentioned"": true}, {""name"": ""Design"", ""value"": ""Flower"", ""buyer_requested"": false, ""seller_mentioned"": true}, {""name"": ""Weight per piece"", ""unit"": ""gram"", ""value"": ""100"", ""buyer_requested"": true, ""seller_mentioned"": true}], ""quantity_required"": {""unit"": ""piece"", ""value"": 1000}, ""related_categories"": [{""name"": ""Drinking Glasses"", ""reason"": ""The product is a 'glass' which is commonly used for drinking.""}, {""name"": ""Steel Glasses"", ""reason"": ""The product is made of 'stainless steel', which falls under the broader category of 'Steel Glasses'.""}], ""is_buyer_interested"": true, ""most_specific_category"": {""name"": ""Stainless Steel Glasses"", ""reason"": ""The product is explicitly identified as 'stainless steel flower glass' by the seller and 'glass' by the buyer, specifying both material and form.""}}], ""next_steps"": {""buyer_next_steps"": [""To get the seller's personal number"", ""To visit the seller's factory""], ""seller_next_steps"": [""To share personal contact number"", ""To provide factory address""]}, ""buyer_details"": {""buyer_name"": ""558571a68678d189523800c47deae3e74f431a6e11e7e48b937c8a1067d151fc"", ""buyer_location"": {""buyer_state"": ""Delhi"", ""buyer_locality"": ""Alipur""}}, ""seller_details"": {""seller_name"": ""7c78eea7a591b0c8a4dad680372e35ca12e11cffdac5c69a39700c8014fbcc82"", ""seller_location"": {""seller_city"": ""Delhi"", ""seller_locality"": ""Bawana Industrial Area""}, ""seller_mobile_number"": ""ff84ee8da283ef6e4fff3de548ad84044bbfafaa45d7f3c1481a925d6ce8a068""}}"
1231625,1245994,11150611,17058,1970-01-01 00:00:00.000,"{""payment"": {}, ""lead_tag"": {""deal_blockers"": [], ""deal_readiness"": ""Warm"", ""deal_readiness_reason"": ""Buyer is seeking price quotes for specific bulk quantities and is ready to share samples.""}, ""metadata"": {""call_type"": {""type"": ""B2B"", ""reason"": ""The buyer is inquiring about manufacturing a large quantity (500-1000 pieces) of leather keychains, which indicates commercial intent."", ""evidence"": {""keywords"": [""Leather"", ""Bulk"", ""Manufacturing""], ""order_type"": ""Bulk"", ""repeat_buyer"": false, ""buyer_persona"": ""Wholesaler/Retailer"", ""quantity_scale"": ""High""}}, ""buyer_intent"": {""narrative"": ""Wants to purchase 500 to 1000 pieces of simple leather keychains."", ""reasoning"": ""Buyer specified a material (leather) and requested pricing for specific bulk volume slabs."", ""intent_level"": ""High""}, ""call_purpose"": ""requirement"", ""all_languages"": [""Gujarati"", ""Hindi"", ""English""], ""buyer_conclusion"": {""category"": ""Pending"", ""conclusion_notes"": ""Waiting for pricing for 500 and 1000 pieces on WhatsApp (500 ane 1000 piece na thoda bhav aapjo).""}, ""primary_language"": ""Gujarati"", ""additional_details"": {""buyer_queries"": [{""query"": ""What is the minimum order quantity?"", ""category"": ""Quantity"", ""sequence"": 1}, {""query"": ""What is the price for 500 and 1000 pieces?"", ""category"": ""Price"", ""sequence"": 2}, {""query"": ""Can you send photos of different types of keychains?"", ""category"": ""Product"", ""sequence"": 3}], ""seller_queries"": [{""query"": ""What quantity do you need?"", ""category"": ""Quantity"", ""sequence"": 1}, {""query"": ""Is this number on WhatsApp?"", ""category"": ""Connectivity"", ""sequence"": 2}]}, ""intended_application"": ""Retail Resale""}, ""products"": [{""price"": {}, ""in_stock"": ""in stock"", ""product_name"": ""Leather Keychain (Leather vada kitchen)"", ""specifications"": [{""name"": ""Material"", ""value"": ""Leather"", ""buyer_requested"": true, ""seller_mentioned"": false}, {""name"": ""Style"", ""value"": ""Simple"", ""buyer_requested"": true, ""seller_mentioned"": false}], ""quantity_required"": {""unit"": ""pieces"", ""value"": 500}, ""related_categories"": [{""name"": ""Keychains"", ""reason"": ""Generic category for the requested item.""}, {""name"": ""Leather Key Rings"", ""reason"": ""The product is a leather-based key accessory.""}, {""name"": ""Key Rings"", ""reason"": ""Keychains belong to the broader category of key rings and holders.""}], ""is_buyer_interested"": true, ""most_specific_category"": {""name"": ""Leather Keychain"", ""reason"": ""The buyer specifically requested 'leather' keychains ('leather vada').""}, ""quantity_accepted_by_seller"": true}, {""price"": {}, ""in_stock"": ""in stock"", ""product_name"": ""Leather Keychain (Leather vada kitchen)"", ""specifications"": [{""name"": ""Material"", ""value"": ""Leather"", ""buyer_requested"": true, ""seller_mentioned"": false}, {""name"": ""Style"", ""value"": ""Simple"", ""buyer_requested"": true, ""seller_mentioned"": false}], ""quantity_required"": {""unit"": ""pieces"", ""value"": 1000}, ""related_categories"": [{""name"": ""Keychains"", ""reason"": ""Generic category for the requested item.""}, {""name"": ""Leather Key Rings"", ""reason"": ""The product is a leather-based key accessory.""}, {""name"": ""Key Rings"", ""reason"": ""Keychains belong to the broader category of key rings and holders.""}], ""is_buyer_interested"": true, ""most_specific_category"": {""name"": ""Leather Keychain"", ""reason"": ""The buyer specifically requested 'leather' keychains ('leather vada').""}, ""quantity_accepted_by_seller"": true}], ""call_back"": ""callback by Today - To share details on WhatsApp (WhatsApp karta hoon)"", ""next_steps"": {""buyer_next_steps"": [""To share sample photos on WhatsApp""], ""seller_next_steps"": [""To share pricing for 500 and 1000 pieces on WhatsApp"", ""To share catalog or photos of different types of keychains""]}, ""buyer_details"": {""buyer_name"": ""6c324a8a106f686764319ebbc9aec080cb27e78af93854fb866dc2acfd4c4ac8"", ""buyer_location"": {""buyer_city"": ""Vadodara""}, ""buyer_mobile_number"": ""fba0e05ad86c1d166c04bfbad80a121ddbe854111935171a63891807ac4f149e""}, ""seller_details"": {""seller_name"": ""2415f50d4aa44c1aeefdee019793fce717601a184ab1f140c0af1a03c2e4b8ac"", ""seller_location"": {""seller_city"": ""Nashik""}}, ""minimum_order_quantity"": {""unit"": ""pieces"", ""value"": 500}}"
409720,414599,5525698,7797,1970-01-01 00:00:00.000,"{""payment"": {""payment_mode"": ""cash"", ""payment_details"": ""Advance payment of 5000-10000 mentioned, with the balance to be paid at transport.""}, ""metadata"": {""call_type"": {""type"": ""B2B"", ""reason"": ""The buyer is requesting a high quantity of glasses (up to 300kg) for business purposes and discussing logistics via transport, indicating a B2B transaction."", ""evidence"": {""keywords"": [""250-300 kg"", ""transport"", ""regular supply""], ""order_type"": ""bulk"", ""repeat_buyer"": true, ""buyer_persona"": ""wholesaler"", ""quantity_scale"": ""High""}}, ""call_purpose"": ""requirement"", ""all_languages"": [""Hindi"", ""English""], ""primary_language"": ""Hindi""}, ""products"": [{""price"": {""value"": 290, ""currency"": ""INR"", ""price_unit"": ""kg""}, ""in_stock"": ""in stock"", ""product_name"": ""Wedding Glass (No. 20)"", ""specifications"": [{""name"": ""Model"", ""value"": ""20 number"", ""buyer_requested"": true, ""seller_mentioned"": false}, {""name"": ""Type"", ""value"": ""Wedding"", ""buyer_requested"": true, ""seller_mentioned"": false}], ""quantity_required"": {""unit"": ""kg"", ""value"": 250}, ""related_categories"": [{""name"": ""Kitchen Glasses"", ""reason"": ""Drinking glasses are a sub-category of kitchenware.""}], ""is_buyer_interested"": true, ""most_specific_category"": {""name"": ""Drinking Glasses"", ""reason"": ""The conversation is specifically about purchasing 'Glass' sold by weight.""}}], ""next_steps"": {""buyer_next_steps"": [""To confirm price with the owner"", ""To coordinate with the transporter Mehthab Bhai""], ""seller_next_steps"": [""To speak with the transporter in Moradabad regarding logistics""]}, ""buyer_details"": {""buyer_name"": ""1f2cfecf5447d89faa1ed78929443df144413f45164a7920ab20136bb320a8b9"", ""buyer_location"": {""buyer_city"": ""Moradabad"", ""buyer_locality"": ""Redi Mohalla""}}, ""seller_details"": {""seller_name"": ""8b5a08e9aaed258b25dee81598aca4f26461999c1fe0a449ecc72057adcb3a2e"", ""seller_location"": {""seller_locality"": ""Sadar Bazar""}}}"
409789,414748,5525698,7797,1970-01-01 00:00:00.000,"{""metadata"": {""call_type"": {""type"": ""B2B"", ""reason"": ""The buyer is asking for product photos on WhatsApp to proceed with an inquiry for what appears to be a business requirement based on the tone and context of the interaction."", ""evidence"": {""order_type"": ""commercial""}}, ""call_purpose"": ""requirement"", ""all_languages"": [""Hindi"", ""English""], ""primary_language"": ""Hindi""}, ""products"": [{""product_name"": ""Glass (General)"", ""specifications"": [{""name"": ""Product Photos"", ""value"": ""To be shared on WhatsApp"", ""buyer_requested"": true, ""seller_mentioned"": true}], ""is_buyer_interested"": true}], ""next_steps"": {""buyer_next_steps"": [""To check photos on WhatsApp""], ""seller_next_steps"": [""To send product photos on the buyer's WhatsApp number""]}, ""buyer_details"": {""buyer_name"": ""1f2cfecf5447d89faa1ed78929443df144413f45164a7920ab20136bb320a8b9""}, ""seller_details"": {""seller_name"": ""7c78eea7a591b0c8a4dad680372e35ca12e11cffdac5c69a39700c8014fbcc82""}}"
2137012,2153801,886018,85843,1970-01-01 00:00:00.000,"{""lead_tag"": {""deal_blockers"": [], ""deal_readiness"": ""Hot"", ""deal_readiness_reason"": ""Specific requirement for 2 rolls of 100 meters each and contact exchange for further details.""}, ""metadata"": {""call_type"": {""type"": ""B2C"", ""reason"": ""The buyer is asking for a very small quantity (2 pieces) of bubble wrap, indicating retail or personal use."", ""evidence"": {""order_type"": {""order_type_category"": ""one-time""}, ""buyer_persona"": {""persona_category"": ""end_consumer""}, ""quantity_scale"": ""Low""}}, ""buyer_intent"": {""narrative"": ""Wants to purchase 2 pieces of 100-meter bubble rolls."", ""reasoning"": ""The buyer specifies exact quantity (2 pieces) and specification (100-meter length)."", ""intent_level"": ""High""}, ""call_outcome"": {""category"": ""Pending"", ""conclusion_notes"": ""Moving to WhatsApp for further discussion (WhatsApp kar do).""}, ""call_purpose"": ""requirement"", ""all_languages"": [""Hindi"", ""English""], ""primary_language"": ""Hindi"", ""additional_details"": {""buyer_queries"": [], ""seller_queries"": []}}, ""products"": [{""in_stock"": ""in stock"", ""product_name"": ""Bubble Roll"", ""specifications"": [{""name"": ""Length"", ""unit"": ""meter"", ""value"": ""100"", ""buyer_requested"": true, ""seller_mentioned"": false}], ""quantity_required"": {""unit"": ""pieces"", ""value"": 2}, ""related_categories"": [{""name"": ""Air Bubble Roll"", ""reason"": ""Bubble rolls are a type of air bubble rolls used for protective packaging.""}, {""name"": ""Packaging Materials"", ""reason"": ""Bubble wrap is a foundational material used in the packaging industry.""}], ""is_buyer_interested"": true, ""most_specific_category"": {""name"": ""Bubble Wrap"", ""reason"": ""The buyer explicitly asked for bubble roll and specific length rolls often categorized as bubble wrap for packaging.""}, ""seller_accepts_quantity"": true}], ""next_steps"": {""buyer_next_steps"": [""To message the seller on WhatsApp at 9322512822""], ""seller_next_steps"": [""To share product details and pricing on WhatsApp""]}, ""buyer_details"": {""buyer_name"": ""c40a9b81df37c777e559fb86ca5ab757b6c499272a0fab0bad8d003d9ed49a65""}, ""seller_details"": {""seller_name"": ""1ed6572c98a5275a098f9e5c8dee2d432508554165958189445918d27efaf446""}}"
2149440,2166230,8436657,4167,1970-01-01 00:00:00.000,"{""lead_tag"": {""deal_blockers"": [], ""deal_readiness"": ""Warm"", ""deal_readiness_reason"": ""Buyer has a clear requirement from a medical shop and the seller is transferring the lead to a local branch for contact.""}, ""metadata"": {""call_type"": {""type"": ""B2B"", ""reason"": ""The buyer mentioned calling from 'Harendra Medical', indicating a retail shop context for commercial resale in Gopalganj, Bihar."", ""evidence"": {""keywords"": [""Medical shop"", ""Newborn"", ""Supply""], ""order_type"": {""order_type_category"": ""commercial""}, ""repeat_buyer"": true, ""buyer_persona"": {""persona_detail"": ""Medical Shop Owner"", ""persona_category"": ""retailer""}}}, ""buyer_intent"": {""narrative"": ""Buyer from a medical shop in Bihar is looking for a supply of tape-type baby diapers for newborns."", ""reasoning"": ""Buyer specified the product type, target age group (newborn), and identified himself as calling from a medical shop."", ""intent_level"": ""High""}, ""call_outcome"": {""category"": ""Follow-up"", ""conclusion_notes"": ""The seller is transferring the lead to their Patna branch for further processing (Patna mein branch hai, wahan ka number de deta hoon).""}, ""call_purpose"": ""requirement"", ""all_languages"": [""Hindi"", ""English""], ""primary_language"": ""Hindi"", ""additional_details"": {""buyer_queries"": [{""query"": ""What are the product details and brand availability?"", ""category"": ""Specifications"", ""sequence"": 1}], ""seller_queries"": []}, ""intended_application"": ""Retail Resale""}, ""products"": [{""product_name"": ""Baby Diaper (Tape Type)"", ""specifications"": [{""name"": ""Type"", ""value"": ""Tape type"", ""buyer_requested"": true, ""seller_mentioned"": false}, {""name"": ""Age Group"", ""value"": ""Newborn"", ""buyer_requested"": true, ""seller_mentioned"": false}], ""related_categories"": [{""name"": ""Baby Care Products"", ""reason"": ""Diapers are a core segment of the baby care category discussed.""}, {""name"": ""Disposable Baby Diapers"", ""reason"": ""Tape-style diapers for newborns typically fall into this sub-category.""}], ""is_buyer_interested"": true, ""most_specific_category"": {""name"": ""Baby Diapers"", ""reason"": ""The buyer specifically requested tape-type diapers for newborn babies.""}}], ""next_steps"": {""buyer_next_steps"": [""To wait for contact from the Patna branch representative""], ""seller_next_steps"": [""To share the Patna branch contact details via WhatsApp"", ""To facilitate contact between the branch and the buyer""]}, ""buyer_details"": {""buyer_name"": ""264acc6645e96ae42414c34dc5ab0e96e620809cbee80a3fe3a2e0e272741c3e"", ""buyer_location"": {""buyer_city"": ""Gopalganj"", ""buyer_state"": ""Bihar""}}, ""seller_details"": {""seller_location"": {""seller_city"": ""Patna""}}}"
2149488,2166279,8436657,4167,1970-01-01 00:00:00.000,"{""lead_tag"": {""deal_blockers"": [], ""deal_readiness"": ""Cold"", ""deal_readiness_reason"": ""Primary goal of the call was limited to swapping contact numbers to avoid IndiaMART bridging without any product discussion.""}, ""metadata"": {""call_type"": {""type"": ""B2C"", ""reason"": ""The call was restricted to sharing contact details. No business context, industrial requirement, or retail purpose was mentioned to classify as B2B or B2C."", ""evidence"": {""repeat_buyer"": false}}, ""buyer_intent"": {""narrative"": ""Wants to establish direct communication with the seller by sharing a personal mobile number."", ""reasoning"": ""The conversation was purely technical/logistical regarding phone numbers and did not involve any product specifications, price, or quantity inquiries."", ""intent_level"": ""Low""}, ""call_outcome"": {""category"": ""Pending"", ""conclusion_notes"": ""Buyer shared a direct mobile number to connect outside the IndiaMART platform (IndiaMART number se call ja raha hai, number le lijiye).""}, ""call_purpose"": ""followup"", ""all_languages"": [""Hindi"", ""English""], ""primary_language"": ""Hindi"", ""additional_details"": {""buyer_queries"": [], ""seller_queries"": []}}, ""products"": [], ""next_steps"": {""buyer_next_steps"": [""To call the seller on the direct mobile number provided""], ""seller_next_steps"": [""To wait for the call from the buyer on the direct number""]}, ""buyer_details"": {""buyer_name"": ""264acc6645e96ae42414c34dc5ab0e96e620809cbee80a3fe3a2e0e272741c3e""}, ""seller_details"": {}}"
415736,422903,5525698,7797,1970-01-01 00:00:00.000,"{""payment"": {""payment_details"": ""Buyer offered 5,000 INR advance but seller requested 10,000 INR.""}, ""metadata"": {""call_type"": {""type"": ""B2B"", ""reason"": ""The buyer is inquiring about a bulk requirement for glasses and discussing commercial logistics like transport and advance payment, indicating a B2B transaction."", ""evidence"": {""keywords"": [""transport"", ""quotation"", ""advance payment""], ""order_type"": ""bulk"", ""repeat_buyer"": false, ""buyer_persona"": ""shop keeper"", ""quantity_scale"": ""High""}}, ""call_purpose"": ""requirement"", ""all_languages"": [""Hindi"", ""English""], ""primary_language"": ""Hindi""}, ""products"": [{""in_stock"": ""in stock"", ""product_name"": ""Glass"", ""specifications"": [], ""related_categories"": [{""name"": ""Kitchen Glasses"", ""reason"": ""Drinking glasses are a standard kitchen item.""}, {""name"": ""Tumblers"", ""reason"": ""Tumbler is a common synonymous term for drinking glasses.""}], ""is_buyer_interested"": true, ""most_specific_category"": {""name"": ""Drinking Glasses"", ""reason"": ""The conversation explicitly mentions 'glass' as the product being purchased and discussed for shipping.""}}], ""next_steps"": {""buyer_next_steps"": [""To share transport details"", ""To make an advance payment of 10,000 INR""], ""seller_next_steps"": [""To wait for buyer's confirmation on transport details""]}, ""buyer_details"": {""buyer_name"": ""1f2cfecf5447d89faa1ed78929443df144413f45164a7920ab20136bb320a8b9"", ""buyer_location"": {""buyer_city"": ""Moradabad""}}, ""seller_details"": {""seller_name"": ""8b5a08e9aaed258b25dee81598aca4f26461999c1fe0a449ecc72057adcb3a2e"", ""seller_location"": {""seller_city"": ""New Delhi""}}}"
415820,422989,5525698,7797,1970-01-01 00:00:00.000,"{""metadata"": {""call_type"": {""type"": ""B2B"", ""reason"": ""The buyer is inquiring about multiple boxes of product which indicates a B2B retail or wholesale context."", ""evidence"": {""keywords"": [""two box""], ""repeat_buyer"": true, ""buyer_persona"": ""shop keeper"", ""quantity_scale"": ""High""}}, ""call_purpose"": ""requirement"", ""all_languages"": [""Hindi"", ""English""], ""primary_language"": ""Hindi""}, ""products"": [{""in_stock"": ""in stock"", ""product_name"": ""Glass (Planning)"", ""specifications"": [{""name"": ""Status"", ""value"": ""Planning"", ""buyer_requested"": false, ""seller_mentioned"": true}], ""quantity_required"": {""unit"": ""box"", ""value"": 2}, ""is_buyer_interested"": true, ""most_specific_category"": {""name"": ""Drinking Glasses"", ""reason"": ""The background conversation and context of the seller's business suggest glassware, and the buyer mentions 'two box' of a product that is being 'planned'.""}}], ""next_steps"": {""buyer_next_steps"": [], ""seller_next_steps"": [""To provide details on the product in the boxes""]}, ""buyer_details"": {""buyer_name"": ""1f2cfecf5447d89faa1ed78929443df144413f45164a7920ab20136bb320a8b9"", ""buyer_location"": {""buyer_city"": ""Moradabad""}, ""buyer_mobile_number"": ""03310066f3679ccba8c0a902977b916c8b2c93a16a196b5b0667ef42f07d82ca""}, ""seller_details"": {""seller_name"": ""7c78eea7a591b0c8a4dad680372e35ca12e11cffdac5c69a39700c8014fbcc82"", ""seller_location"": {""seller_city"": ""New Delhi""}}}"
415824,422993,5525698,7797,1970-01-01 00:00:00.000,"{""metadata"": {""call_type"": {""type"": ""B2B"", ""reason"": ""The buyer is inquiring about a specific transport service (Lakshmi Transport) to move goods to Moradabad, indicating a commercial B2B relationship involving bulk logistics."", ""evidence"": {""keywords"": [""Moradabad"", ""transport""], ""order_type"": ""bulk"", ""repeat_buyer"": true, ""buyer_persona"": ""wholesaler"", ""quantity_scale"": ""High""}}, ""call_purpose"": ""followup"", ""all_languages"": [""Hindi"", ""English""], ""primary_language"": ""Hindi""}, ""products"": [], ""next_steps"": {""buyer_next_steps"": [""To send the transport contact number to the seller""], ""seller_next_steps"": [""To talk to the transport person after receiving the number""]}, ""buyer_details"": {""buyer_name"": ""1f2cfecf5447d89faa1ed78929443df144413f45164a7920ab20136bb320a8b9"", ""buyer_location"": {""buyer_city"": ""Moradabad""}}, ""seller_details"": {""seller_name"": ""8b5a08e9aaed258b25dee81598aca4f26461999c1fe0a449ecc72057adcb3a2e""}}"
416562,423730,5525698,7797,1970-01-01 00:00:00.000,"{""metadata"": {""call_type"": {""type"": ""B2C"", ""reason"": ""The call is irrelevant as it involves one party providing a contact number for another person (Saurabh) to the other party. There is no product discussion or business transaction occurring."", ""evidence"": {""repeat_buyer"": false}}, ""call_purpose"": ""irrelevant"", ""all_languages"": [""Hindi""], ""primary_language"": ""Hindi""}, ""products"": [], ""next_steps"": {""buyer_next_steps"": [""To call the provided number (8766209466) to speak with Saurabh""], ""seller_next_steps"": []}, ""buyer_details"": {""buyer_mobile_number"": ""03310066f3679ccba8c0a902977b916c8b2c93a16a196b5b0667ef42f07d82ca""}, ""seller_details"": {""seller_name"": ""7c78eea7a591b0c8a4dad680372e35ca12e11cffdac5c69a39700c8014fbcc82"", ""seller_location"": {""seller_city"": ""New Delhi""}}}"
3166108,3182936,8436657,4167,1970-01-01 00:00:00.000,"{""callback"": ""callback by Today Soon - Finalize the deal after meeting (Meeting khatam hone ke baad call back karta hoon)"", ""lead_tag"": {""deal_blockers"": [], ""deal_readiness"": ""Hot"", ""deal_readiness_reason"": ""Wants immediate delivery of 30,000 pieces of diapers for his private label brand""}, ""metadata"": {""call_type"": {""type"": ""B2B"", ""reason"": ""Buyer is looking for 30,000 pieces of diapers for his own brand, indicating a commercial B2B requirement."", ""evidence"": {""keywords"": [""Private Label Brand"", ""Third Party Manufacturing"", ""Grade A"", ""Grade B""], ""order_type"": [""bulk"", ""commercial"", ""urgent""], ""repeat_buyer"": true, ""buyer_persona"": {""persona_detail"": ""Private Label Brand Owner"", ""persona_category"": ""retailer""}, ""quantity_scale"": ""High""}}, ""buyer_intent"": {""narrative"": ""Wants to buy 30,000 pieces of A and B grade diapers for private label branding in Lucknow"", ""reasoning"": ""Clear requirement of high quantity and specific query about quality consistency for private labeling."", ""intent_level"": ""High""}, ""call_outcome"": {""category"": ""Follow-up"", ""conclusion_notes"": ""Seller will share price list on WhatsApp after a meeting (Price list WhatsApp par bhej raha hoon)""}, ""call_purpose"": ""requirement"", ""all_languages"": [""Hindi"", ""English""], ""primary_language"": ""Hindi"", ""additional_details"": {""buyer_queries"": [{""query"": ""What will be the rates and what quantities will you provide?"", ""category"": ""Pricing"", ""sequence"": 1}, {""query"": ""Will I get the same diaper every time or does it change?"", ""category"": ""Specifications"", ""sequence"": 2, ""answer_by_seller"": ""In A grade, you will get the same diaper every time. In B grade, the stock changes as it contains many brands.""}], ""seller_queries"": []}, ""intended_application"": ""Private Label Resale""}, ""products"": [{""in_stock"": ""in stock"", ""product_name"": ""Grade A Diaper"", ""specifications"": [{""name"": ""Grade"", ""value"": ""A"", ""buyer_requested"": false, ""seller_mentioned"": true}, {""name"": ""Consistency"", ""value"": ""Same Every Time"", ""buyer_requested"": true, ""seller_mentioned"": true}], ""quantity_required"": {""unit"": ""pieces"", ""value"": 30000}, ""related_categories"": [{""name"": ""Baby Diapers"", ""reason"": ""Commonly used for infants.""}, {""name"": ""Disposable Baby Diapers"", ""reason"": ""Standard market format.""}], ""is_buyer_interested"": true, ""most_specific_category"": {""name"": ""Diaper"", ""reason"": ""General term used by the buyer for baby diaper products.""}, ""seller_accepts_quantity"": true}, {""in_stock"": ""in stock"", ""product_name"": ""Grade B Diaper"", ""specifications"": [{""name"": ""Grade"", ""value"": ""B"", ""buyer_requested"": false, ""seller_mentioned"": true}, {""name"": ""Consistency"", ""value"": ""Changes/Mixed Brands"", ""buyer_requested"": true, ""seller_mentioned"": true}], ""quantity_required"": {""unit"": ""pieces"", ""value"": 30000}, ""related_categories"": [{""name"": ""Baby Diapers"", ""reason"": ""Lower segment baby diapers.""}], ""is_buyer_interested"": true, ""most_specific_category"": {""name"": ""Diaper"", ""reason"": ""General categorization for the product requirement.""}, ""seller_accepts_quantity"": true}], ""next_steps"": {""buyer_next_steps"": [""To check the price list shared by the seller""], ""seller_next_steps"": [""To share the price list on WhatsApp"", ""To call back after the meeting is over""]}, ""buyer_details"": {""buyer_name"": ""180d803a580fabe1a24ddfdf6bf51ecbea0eb81f256b69ee6b39b33d294f6ebf"", ""buyer_location"": {""buyer_city"": ""Lucknow""}}, ""seller_details"": {""seller_location"": {""seller_city"": ""New Delhi""}}}"
2338781,2355584,2188040,106032,1970-01-01 00:00:00.000,"{""lead_tag"": {""deal_blockers"": [], ""deal_readiness"": ""Warm"", ""deal_readiness_reason"": ""Moving to WhatsApp to share product photos and finalize details.""}, ""metadata"": {""call_type"": {""type"": ""B2B"", ""reason"": ""Buyer is asking for specific industrial sprays by the box, likely for a shop or workshop use."", ""evidence"": {""order_type"": {""order_type_category"": ""commercial""}, ""buyer_persona"": {""persona_category"": ""retailer""}, ""quantity_scale"": ""Low""}}, ""buyer_intent"": {""narrative"": ""Wants to purchase one box each of silicone, non-silicone, and anti-corrosion Kripa sprays."", ""reasoning"": ""Specify brand Kripa and detailed types of sprays with clear quantities per item."", ""intent_level"": ""High""}, ""call_outcome"": {""category"": ""Pending"", ""conclusion_notes"": ""Moving to WhatsApp for product verification (Photo bhejta hoon).""}, ""call_purpose"": ""requirement"", ""all_languages"": [""Hindi"", ""English""], ""primary_language"": ""Hindi"", ""additional_details"": {""buyer_queries"": [], ""seller_queries"": [{""query"": ""What is the quantity?"", ""category"": ""Quantity"", ""sequence"": 1}]}, ""intended_application"": ""Industrial Production""}, ""products"": [{""product_name"": ""Silicone Mold Release Spray (Kripa)"", ""specifications"": [{""name"": ""Brand"", ""value"": ""Kripa"", ""buyer_requested"": true, ""seller_mentioned"": true}, {""name"": ""Type"", ""value"": ""Silicone"", ""buyer_requested"": true, ""seller_mentioned"": false}], ""quantity_required"": {""unit"": ""box"", ""value"": 1}, ""related_categories"": [{""name"": ""Silicone Release Agent"", ""reason"": ""Silicone sprays are commonly used as release agents in molding processes.""}], ""is_buyer_interested"": true, ""most_specific_category"": {""name"": ""Silicone Spray"", ""reason"": ""The buyer specifically requested silicone mold release spray for his application.""}, ""seller_accepts_quantity"": true}, {""product_name"": ""Non-Silicone Mold Release Spray (Kripa)"", ""specifications"": [{""name"": ""Brand"", ""value"": ""Kripa"", ""buyer_requested"": true, ""seller_mentioned"": true}, {""name"": ""Type"", ""value"": ""Non-Silicone"", ""buyer_requested"": true, ""seller_mentioned"": false}], ""quantity_required"": {""unit"": ""box"", ""value"": 1}, ""related_categories"": [{""name"": ""Lubricant Spray"", ""reason"": ""Non-silicone sprays serve as lubricants and release agents.""}], ""is_buyer_interested"": true, ""most_specific_category"": {""name"": ""Welding Spray"", ""reason"": ""The buyer asked for non-silicone spray which is often used in welding environments.""}, ""seller_accepts_quantity"": true}, {""product_name"": ""Anti-Corrosion Spray (Kripa)"", ""specifications"": [{""name"": ""Brand"", ""value"": ""Kripa"", ""buyer_requested"": true, ""seller_mentioned"": true}, {""name"": ""Function"", ""value"": ""Anti-Corrosion"", ""buyer_requested"": true, ""seller_mentioned"": false}], ""quantity_required"": {""unit"": ""box"", ""value"": 1}, ""related_categories"": [{""name"": ""Anti Spatter Spray"", ""reason"": ""Anti-corrosion sprays in this context are often used to prevent weld spatter.""}], ""is_buyer_interested"": true, ""most_specific_category"": {""name"": ""Welding Spray"", ""reason"": ""The buyer specifically requested anti-corrosion/anti-spatter type spray.""}, ""seller_accepts_quantity"": true}], ""next_steps"": {""buyer_next_steps"": [""To send photos of the required sprays on WhatsApp""], ""seller_next_steps"": [""To check the sent photos and confirm availability""]}, ""buyer_details"": {""buyer_name"": ""4f0645761ceff50aec389142f018819bdd9292dd9a1bba4310bc6160d2974983""}, ""seller_details"": {}}"
3170369,3187197,8436657,4167,1970-01-01 00:00:00.000,"{""payment"": {}, ""callback"": ""callback by Tomorrow - To discuss and finalize the deal details (Baat karte hain)"", ""lead_tag"": {""deal_blockers"": [{""detail"": ""Buyer needs help with private labeling and selling on ecommerce platform"", ""category"": ""Other""}], ""deal_readiness"": ""Warm"", ""deal_readiness_reason"": ""Buyer has clear quantity requirements and is seeking bulk prices for an e-commerce venture.""}, ""metadata"": {""call_type"": {""type"": ""B2B"", ""reason"": ""Buyer intends to sell on Flipkart and discussed a high quantity of 25,000 pieces at bulk rates, indicating a B2B transaction."", ""evidence"": {""keywords"": [""Flipkart"", ""Loose packing"", ""Third party brand"", ""A grade"", ""B grade""], ""order_type"": [""bulk"", ""commercial""], ""repeat_buyer"": true, ""buyer_persona"": {""persona_detail"": ""E-commerce seller"", ""persona_category"": ""retailer""}, ""quantity_scale"": ""High""}}, ""buyer_intent"": {""narrative"": ""Wants to source diapers for e-commerce resale on Flipkart."", ""reasoning"": ""Buyer specifies selling on Flipkart, asks for specific packing details, and discusses quantity and pricing for business use."", ""intent_level"": ""High""}, ""call_outcome"": {""category"": ""Follow-up"", ""conclusion_notes"": ""Will speak tomorrow (Baat karte hain)""}, ""call_purpose"": ""requirement"", ""all_languages"": [""Hindi"", ""English""], ""primary_language"": ""Hindi"", ""additional_details"": {""buyer_queries"": [{""query"": ""How many pieces come in one pack?"", ""category"": ""Specifications"", ""sequence"": 1}, {""query"": ""What is the rate for small pieces?"", ""category"": ""Pricing"", ""sequence"": 2}, {""query"": ""Is there a minimum order quantity?"", ""category"": ""Quantity"", ""sequence"": 3}], ""seller_queries"": [{""query"": ""Are you looking for online sales?"", ""category"": ""Specifications"", ""sequence"": 4}]}, ""intended_application"": ""Retail Resale""}, ""products"": [{""price"": {""value"": 4.5, ""currency"": ""INR"", ""price_unit"": ""piece"", ""buyer_price_reaction"": {""quote"": ""Theek hai rate"", ""category"": ""Accepted""}}, ""in_stock"": ""in stock"", ""product_name"": ""Diaper (A Grade)"", ""specifications"": [{""name"": ""Grade"", ""value"": ""A"", ""buyer_requested"": false, ""seller_mentioned"": true}, {""name"": ""Packaging Type"", ""value"": ""Loose transparent pouch"", ""buyer_requested"": false, ""seller_mentioned"": true}, {""name"": ""Pieces per pack"", ""value"": ""75"", ""buyer_requested"": false, ""seller_mentioned"": true}], ""quantity_required"": {""unit"": ""pieces"", ""value"": 25000}, ""related_categories"": [{""name"": ""Baby Diapers"", ""reason"": ""The products are frequently referred to as diapers, typical for baby care.""}], ""is_buyer_interested"": true, ""minimum_order_quantity"": {""unit"": ""pieces"", ""value"": 25000}, ""most_specific_category"": {""name"": ""Diaper"", ""reason"": ""The discussion centeres around supplying diapers in loose or custom packaging.""}, ""seller_accepts_quantity"": true}, {""price"": {""value"": 4, ""currency"": ""INR"", ""price_unit"": ""piece""}, ""in_stock"": ""in stock"", ""product_name"": ""Diaper (B Grade)"", ""specifications"": [{""name"": ""Grade"", ""value"": ""B"", ""buyer_requested"": false, ""seller_mentioned"": true}, {""name"": ""Packaging Type"", ""value"": ""Loose"", ""buyer_requested"": false, ""seller_mentioned"": true}], ""quantity_required"": {""unit"": ""pieces"", ""value"": 25000}, ""related_categories"": [{""name"": ""Disposable Diaper"", ""reason"": ""These items are single-use hygiene products discussed in bulk.""}], ""is_buyer_interested"": true, ""minimum_order_quantity"": {""unit"": ""pieces"", ""value"": 25000}, ""most_specific_category"": {""name"": ""Diaper"", ""reason"": ""The conversation involves bulk trading of loose diapers.""}, ""seller_accepts_quantity"": true}], ""next_steps"": {""buyer_next_steps"": [""To provide brand details if private labeling is required""], ""seller_next_steps"": [""To call the client tomorrow for further discussion""]}, ""buyer_details"": {""buyer_name"": ""50bf4c9269f1f982e9310ad430723e1f90018cffab77dab4b960af5e0bb692cf"", ""buyer_mobile_number"": ""a76ef10568eb393d5e60c3e2993eaf085af5452cd9240438f80af6ef4915b45a""}, ""seller_details"": {""seller_name"": ""602d3d0ab5e96a205221e5a0ea2e85b4d8aee8562a064533e95591f94d2df19e""}}"
1811264,1828046,8436657,4167,1970-01-01 00:00:00.000,"{""callback"": ""callback by Tomorrow 5 PM - to finalize the deal (Paisa bako kal 5 baje call karo batata hoon)"", ""lead_tag"": {""deal_blockers"": [], ""deal_readiness"": ""Hot"", ""deal_readiness_reason"": ""Wants products for online selling and is in talks about finalizing price by tomorrow.""}, ""metadata"": {""call_type"": {""type"": ""B2B"", ""reason"": ""The buyer asks for wholesale price and mentions he'll sell online, which means it's for commercial use."", ""evidence"": {""keywords"": [""Wholesale price"", ""Online selling""], ""order_type"": {""order_type_category"": ""commercial""}, ""buyer_persona"": {""persona_detail"": ""online selling"", ""persona_category"": ""retailer""}}}, ""buyer_intent"": {""narrative"": ""The buyer is inquiring for diapers for online selling."", ""reasoning"": ""The buyer has a specific product in mind and mentions he wants to sell it online."", ""intent_level"": ""High""}, ""call_outcome"": {""category"": ""Follow-up"", ""conclusion_notes"": ""Will finalize by tomorrow (Paisa bako kal 5 baje call karo batata hoon)""}, ""call_purpose"": ""requirement"", ""all_languages"": [""Hindi"", ""Gujarati""], ""primary_language"": ""Hindi"", ""additional_details"": {""buyer_queries"": [{""query"": ""What is the wholesale price?"", ""category"": ""Pricing"", ""sequence"": 1}], ""seller_queries"": []}, ""intended_application"": ""Online selling""}, ""products"": [{""price"": {""value"": 340, ""currency"": ""INR"", ""price_unit"": ""75 pieces"", ""buyer_price_reaction"": {""quote"": ""What is the wholesale price?"", ""category"": ""Negotiating""}}, ""in_stock"": ""in stock"", ""product_name"": ""Diaper"", ""specifications"": [{""name"": ""Quantity per packet"", ""unit"": ""pieces"", ""value"": ""75"", ""buyer_requested"": false, ""seller_mentioned"": true}], ""related_categories"": [{""name"": ""Baby Diapers"", ""reason"": ""Diapers are most commonly related to baby diapers.""}], ""is_buyer_interested"": true, ""most_specific_category"": {""name"": ""Diaper"", ""reason"": ""The buyer is inquiring about diapers.""}}], ""next_steps"": {""buyer_next_steps"": [""To call back tomorrow by 5 PM to finalize.""], ""seller_next_steps"": [""To share details on WhatsApp""]}, ""buyer_details"": {""buyer_name"": ""63f2bd5617540b212a8869f2d7ae1b5cd7e05c9f0098d0b90811295724d848d9""}, ""seller_details"": {""seller_name"": ""602d3d0ab5e96a205221e5a0ea2e85b4d8aee8562a064533e95591f94d2df19e""}}"
2341059,2357862,23807911,38778,1970-01-01 00:00:00.000,"{""lead_tag"": {""deal_blockers"": [], ""deal_readiness"": ""Warm"", ""deal_readiness_reason"": ""The buyer has clear size requirements and is ready to review a quotation on WhatsApp.""}, ""metadata"": {""call_type"": {""type"": ""B2B"", ""reason"": ""The seller is a manufacturer and the buyer uses terms like 'requirement' and 'quotation' for specific industrial packaging sizes, indicating a B2B relationship."", ""evidence"": {""order_type"": {""order_type_category"": ""commercial""}, ""repeat_buyer"": true, ""buyer_persona"": {""persona_category"": ""distributor""}}}, ""buyer_intent"": {""narrative"": ""The buyer is looking for stretch films in sizes 3 inch, 6 inch, and 12 inch for packaging purposes."", ""reasoning"": ""The buyer specifies exact sizes (3, 6, 12 inches) and confirms industrial/packaging use, seeking a quotation from the manufacturer."", ""intent_level"": ""High""}, ""call_outcome"": {""category"": ""Follow-up"", ""conclusion_notes"": ""The seller will send a quotation on WhatsApp after the buyer initiates contact (WhatsApp pe quotation de deta hoon).""}, ""call_purpose"": ""requirement"", ""all_languages"": [""Hindi"", ""English""], ""primary_language"": ""Hindi"", ""additional_details"": {""buyer_queries"": [], ""seller_queries"": [{""query"": ""What are your requirements?"", ""category"": ""Specifications"", ""sequence"": 1}]}, ""intended_application"": ""Industrial Packaging""}, ""products"": [{""product_name"": ""Stretch Film (3 inch)"", ""specifications"": [{""name"": ""Size"", ""unit"": ""inch"", ""value"": ""3"", ""buyer_requested"": true, ""seller_mentioned"": false}], ""related_categories"": [{""name"": ""Packaging Materials"", ""reason"": ""Stretch films are primarily used for securing and protecting items during transit and storage.""}], ""is_buyer_interested"": true, ""most_specific_category"": {""name"": ""Stretch Film"", ""reason"": ""The buyer explicitly mentions the requirement for stretch film of various sizes for packaging use.""}, ""seller_accepts_quantity"": true}, {""product_name"": ""Stretch Film (6 inch)"", ""specifications"": [{""name"": ""Size"", ""unit"": ""inch"", ""value"": ""6"", ""buyer_requested"": true, ""seller_mentioned"": false}], ""related_categories"": [{""name"": ""Packaging Materials"", ""reason"": ""Stretch films are primarily used for securing and protecting items during transit and storage.""}], ""is_buyer_interested"": true, ""most_specific_category"": {""name"": ""Stretch Film"", ""reason"": ""The buyer explicitly mentions the requirement for stretch film of various sizes for packaging use.""}, ""seller_accepts_quantity"": true}, {""product_name"": ""Stretch Film (12 inch)"", ""specifications"": [{""name"": ""Size"", ""unit"": ""inch"", ""value"": ""12"", ""buyer_requested"": true, ""seller_mentioned"": false}], ""related_categories"": [{""name"": ""Packaging Materials"", ""reason"": ""Stretch films are primarily used for securing and protecting items during transit and storage.""}], ""is_buyer_interested"": true, ""most_specific_category"": {""name"": ""Stretch Film"", ""reason"": ""The buyer explicitly mentions the requirement for stretch film of various sizes for packaging use.""}, ""seller_accepts_quantity"": true}], ""next_steps"": {""buyer_next_steps"": [""To send 'Hi' on WhatsApp to the seller's number""], ""seller_next_steps"": [""To share the quotation on WhatsApp""]}, ""buyer_details"": {""buyer_name"": ""8f57d4da62a629cf192eac63efdf11a808ae1c512febbbe4eb753c107b41d3c8""}, ""seller_details"": {}}"
2338947,2355751,2188040,106032,1970-01-01 00:00:00.000,"{""lead_tag"": {""deal_blockers"": [{""detail"": ""Communication issues due to call dropping/audio cutting."", ""category"": ""Other""}], ""deal_readiness"": ""Warm"", ""deal_readiness_reason"": ""The buyer is trying to obtain the WhatsApp number to share further requirements.""}, ""metadata"": {""call_type"": {""type"": ""B2B"", ""reason"": ""The conversation is in an early stage of inquiry for product specifications or pricing over WhatsApp, common in B2B transactions."", ""evidence"": {""repeat_buyer"": false}}, ""buyer_intent"": {""narrative"": ""The buyer wants to connect via WhatsApp to discuss requirements for welding-related products but faced communication issues."", ""reasoning"": ""The buyer proactively asked for a WhatsApp number to proceed, showing genuine interest despite technical difficulties."", ""intent_level"": ""Medium""}, ""call_outcome"": {""category"": ""Follow-up"", ""conclusion_notes"": ""The call was cut short due to audio issues while the buyer was asking for the WhatsApp number (WhatsApp number kaunsa hai).""}, ""call_purpose"": ""requirement"", ""all_languages"": [""Hindi"", ""English""], ""primary_language"": ""Hindi"", ""additional_details"": {""buyer_queries"": [{""query"": ""Which number is used for WhatsApp?"", ""category"": ""Other"", ""sequence"": 1}], ""seller_queries"": []}}, ""products"": [{""product_name"": ""Welding Accessories"", ""is_buyer_interested"": true}], ""next_steps"": {""buyer_next_steps"": [""To obtain and save the seller's WhatsApp number"", ""To share requirements on WhatsApp""], ""seller_next_steps"": [""To provide the correct WhatsApp number to the buyer""]}, ""buyer_details"": {""buyer_name"": ""925dae4ac100f6ff302e8e7d7451258c06ac3efb9977b662f06c93cfe52d52cf""}, ""seller_details"": {""seller_name"": ""f9989023d4749c43af56b92b6d1b7d019056a5f550b744f94d2096293895d1e8""}}"
2339946,2356746,2188040,106032,1970-01-01 00:00:00.000,"{""callback"": ""callback by Tomorrow - To share price details (Kal aapko pura detail deta hoon)"", ""lead_tag"": {""deal_blockers"": [], ""deal_readiness"": ""Warm"", ""deal_readiness_reason"": ""Expressing interest in a specific brand and requesting price information for several products.""}, ""metadata"": {""call_type"": {""type"": ""B2B"", ""reason"": ""The buyer is inquiring about multiple product lines (silicon, non-silicon, mold release) from a specific manufacturer (Metatic), indicating potential B2B interest for supply or distribution."", ""evidence"": {""keywords"": [""Metatic brand"", ""Silicon"", ""Non-silicon"", ""Mold release""], ""order_type"": {""order_type_category"": ""bulk""}}}, ""buyer_intent"": {""narrative"": ""Interested in purchasing silicon, non-silicon, and mold release products from Metatic brand."", ""reasoning"": ""The buyer specifically asks about the available products (silicon, non-silicon, and mold release) and requests the seller's price list."", ""intent_level"": ""High""}, ""call_outcome"": {""category"": ""Follow-up"", ""conclusion_notes"": ""The seller agreed to provide product details and pricing tomorrow since they are not currently at the factory (Abhi factory mein nahi hoon, kal aapko deta hoon).""}, ""call_purpose"": ""requirement"", ""all_languages"": [""Hindi"", ""English""], ""primary_language"": ""Hindi"", ""additional_details"": {""buyer_queries"": [{""query"": ""Does it include all four items: Silicon, non-silicon, and mold release?"", ""category"": ""Specifications"", ""sequence"": 1}, {""query"": ""Can you provide the price for these items?"", ""category"": ""Pricing"", ""sequence"": 2}], ""seller_queries"": []}}, ""products"": [{""in_stock"": ""in stock"", ""product_name"": ""Silicon Spray (Metatic)"", ""specifications"": [{""name"": ""Brand"", ""value"": ""Metatic"", ""buyer_requested"": true, ""seller_mentioned"": true}, {""name"": ""Type"", ""value"": ""Silicon"", ""buyer_requested"": false, ""seller_mentioned"": true}], ""related_categories"": [{""name"": ""Welding Spray"", ""reason"": ""Silicon sprays are often used in welding processes as anti-spatter agents.""}, {""name"": ""Welding Accessories"", ""reason"": ""Often categorized under general welding maintenance and accessory products.""}], ""is_buyer_interested"": true, ""most_specific_category"": {""name"": ""Silicone Spray"", ""reason"": ""The buyer explicitly inquired about silicon spray and the seller confirmed they manufacture it under the brand Metatic.""}}, {""in_stock"": ""in stock"", ""product_name"": ""Non-Silicon Spray (Metatic)"", ""specifications"": [{""name"": ""Brand"", ""value"": ""Metatic"", ""buyer_requested"": true, ""seller_mentioned"": true}, {""name"": ""Type"", ""value"": ""Non-Silicon"", ""buyer_requested"": false, ""seller_mentioned"": true}, {""name"": ""Form"", ""value"": ""Gas-free liquid"", ""buyer_requested"": false, ""seller_mentioned"": true}], ""related_categories"": [{""name"": ""Welding Spray"", ""reason"": ""Non-silicon sprays are frequently used for anti-spatter protection in welding.""}, {""name"": ""Paintable Welding Anti Spatter"", ""reason"": ""Non-silicon versions are often preferred for being paintable after application.""}], ""is_buyer_interested"": true, ""most_specific_category"": {""name"": ""Anti Spatter Spray"", ""reason"": ""The seller mentions a non-silicon gas-free product which is commonly used as an anti-spatter spray in welding.""}}, {""in_stock"": ""in stock"", ""product_name"": ""Mold Release Spray"", ""specifications"": [{""name"": ""Type"", ""value"": ""Mold Release"", ""buyer_requested"": true, ""seller_mentioned"": true}], ""related_categories"": [{""name"": ""Silicone Spray"", ""reason"": ""Many mold release agents are formulated with silicone.""}], ""is_buyer_interested"": true, ""most_specific_category"": {""name"": ""Silicone Release Agent"", ""reason"": ""The buyer explicitly asks for mold release products, which are typically silicone-based or related release agents.""}}, {""in_stock"": ""in stock"", ""product_name"": ""Anti Spatter Spray (Metatic)"", ""specifications"": [{""name"": ""Weight"", ""unit"": ""gram"", ""value"": ""500"", ""buyer_requested"": false, ""seller_mentioned"": true}, {""name"": ""Material Weight"", ""unit"": ""ml"", ""value"": ""200"", ""buyer_requested"": false, ""seller_mentioned"": true}, {""name"": ""Gas Content"", ""unit"": ""gram"", ""value"": ""300"", ""buyer_requested"": false, ""seller_mentioned"": true}, {""name"": ""Form"", ""value"": ""Gas-free liquid"", ""buyer_requested"": false, ""seller_mentioned"": true}], ""related_categories"": [{""name"": ""Welding Spray"", ""reason"": ""Standard category for anti-spatter aerosols or liquids used in welding.""}], ""is_buyer_interested"": true, ""most_specific_category"": {""name"": ""Anti Spatter Spray"", ""reason"": ""The seller displays an anti-spatter spray bottle photo and discusses it being gas-free liquid.""}}], ""next_steps"": {""buyer_next_steps"": [""To wait for the seller's price and product details.""], ""seller_next_steps"": [""To provide full product details and pricing tomorrow."", ""To check the buyer's requirement and share the catalog on WhatsApp.""]}, ""buyer_details"": {""buyer_mobile_number"": ""badc4ef21018fe11ed9c9ea4d73ca39c2d8cab936ef8616e88c1a3f48f78970a""}, ""seller_details"": {""seller_name"": ""f9989023d4749c43af56b92b6d1b7d019056a5f550b744f94d2096293895d1e8""}}"
3173096,3189924,8436657,4167,1970-01-01 00:00:00.000,"{""payment"": {}, ""callback"": ""callback by Sunday - Discussion about requirements (Sunda ko phone karna)"", ""lead_tag"": {""deal_blockers"": [], ""deal_readiness"": ""Warm"", ""deal_readiness_reason"": ""The buyer plans to visit the seller premises on Sunday for further discussion, indicating genuine intent but not an immediate purchase yet.""}, ""metadata"": {""call_type"": {""type"": ""B2B"", ""reason"": ""The buyer owns an online sales business and is looking for a manufacturing partner for long-term supply under his own brand."", ""evidence"": {""keywords"": [""OEM"", ""Manufacturing"", ""Online Sales"", ""Own Brand""], ""order_type"": [""recurring"", ""commercial""], ""repeat_buyer"": true, ""buyer_persona"": {""persona_detail"": ""Online Seller"", ""persona_category"": ""retailer""}}}, ""buyer_intent"": {""narrative"": ""Wants a diaper manufacturer to produce products under his own brand for online sales."", ""reasoning"": ""The buyer is specifically looking for an OEM manufacturer for his online business and plans a visit to the seller's office."", ""intent_level"": ""High""}, ""call_outcome"": {""category"": ""Follow-up"", ""conclusion_notes"": ""The parties agreed to meet at the seller's Bawana office this Sunday to discuss further (itne mere number se whatsapp karta hoon, aap number save karlena aur ana Sunday ko).""}, ""call_purpose"": ""requirement"", ""all_languages"": [""Hindi"", ""English""], ""primary_language"": ""Hindi"", ""additional_details"": {""buyer_queries"": [{""query"": ""Do you have Milo diapers?"", ""category"": ""Specifications"", ""sequence"": 1}, {""query"": ""What brands do you have?"", ""category"": ""Other"", ""sequence"": 2, ""answer_by_seller"": ""We don't sell specific brands. We are manufacturers and provide third-party manufacturing (OEM) services where we pack products under your own brand.""}, {""query"": ""Where is your office and is it open on Sunday?"", ""category"": ""Location"", ""sequence"": 4, ""answer_by_seller"": ""Our office is located in Bawana and is open on Sundays.""}], ""seller_queries"": [{""query"": ""From where are you calling?"", ""category"": ""Other"", ""sequence"": 3, ""answer_by_buyer"": ""We sell products online.""}]}, ""intended_application"": ""Retail Resale""}, ""products"": [{""in_stock"": ""in stock"", ""product_name"": ""Diaper Third Party Manufacturing (Milo Diapers)"", ""specifications"": [{""name"": ""Manufacturing Type"", ""value"": ""OEM/Third-party"", ""buyer_requested"": false, ""seller_mentioned"": true}], ""related_categories"": [{""name"": ""Diapering Products"", ""reason"": ""This is the broad category for all diaper related items.""}, {""name"": ""Disposable Baby Diapers"", ""reason"": ""The core product being manufactured is disposable diapers.""}], ""is_buyer_interested"": true, ""most_specific_category"": {""name"": ""Diaper Third Party Manufacturing"", ""reason"": ""The seller explicitly mentioned being a manufacturer and offering OEM services for diapers under the buyer's brand.""}}, {""in_stock"": ""not sold"", ""product_name"": ""Milo Diapers"", ""is_buyer_interested"": true}], ""next_steps"": {""buyer_next_steps"": [""To visit the seller's office in Bawana on Sunday"", ""To save the seller's contact number""], ""seller_next_steps"": [""To share the office location and contact details on WhatsApp""]}, ""buyer_details"": {""buyer_name"": ""49e60a7c53c51ba018595353811cefaeb20b5a27d2567fdce469cb1e77fc2312""}, ""seller_details"": {""seller_name"": ""42b5bf6a3fa51849bc05c7050141a81591133b5f470cdef4ff6628e1222ff0a1"", ""seller_location"": {""seller_city"": ""New Delhi"", ""seller_locality"": ""Bawana""}, ""seller_mobile_number"": ""44356a9cc8d606cfa22df4d35c27655494aa7acb6c252ef75b0e6c3cad53d3b9""}}"
2342807,2359611,8436657,4167,1970-01-01 00:00:00.000,"{""lead_tag"": {""deal_blockers"": [{""detail"": ""No verbal communication established during the call"", ""category"": ""Other""}], ""deal_readiness"": ""Cold"", ""deal_readiness_reason"": ""The call was non-responsive with no conversation taking place.""}, ""metadata"": {""call_type"": {""type"": ""B2C"", ""reason"": ""Indeterminable due to zero communication in the recording.""}, ""buyer_intent"": {""narrative"": ""Buyer connected but no communication occurred."", ""reasoning"": ""The call was empty with no details discussed regarding products or requirements."", ""intent_level"": ""Low""}, ""call_outcome"": {""category"": ""Lost"", ""conclusion_notes"": ""Call was dropped or silent without any discussion.""}, ""call_purpose"": ""irrelevant"", ""all_languages"": [], ""primary_language"": ""Not Applicable"", ""additional_details"": {""buyer_queries"": [], ""seller_queries"": []}}, ""products"": [], ""next_steps"": {""buyer_next_steps"": [], ""seller_next_steps"": []}, ""buyer_details"": {""buyer_name"": ""000e02e40e441be798211aaf86d037bacd3dedbc8a6318ca5f9a5c72ad52ffbe"", ""buyer_location"": {""buyer_city"": ""Faridabad""}}, ""seller_details"": {""seller_name"": ""602d3d0ab5e96a205221e5a0ea2e85b4d8aee8562a064533e95591f94d2df19e"", ""seller_location"": {""seller_city"": ""New Delhi""}}}"
2342940,2359744,8436657,4167,1970-01-01 00:00:00.000,"{""lead_tag"": {""deal_blockers"": [{""detail"": ""Call went to voicemail and thereafter no verbal exchange took place."", ""category"": ""Other""}], ""deal_readiness"": ""Cold"", ""deal_readiness_reason"": ""No conversation occurred as the call was not successfully connected to a person.""}, ""metadata"": {""call_type"": {""type"": ""B2C"", ""reason"": ""The call did not result in any business discussion as the parties did not interact.""}, ""buyer_intent"": {""narrative"": ""The buyer attempted to connect but no conversation occurred."", ""reasoning"": ""The call was not answered by a person; it went to voicemail and then had background noise with no specific requirement stated."", ""intent_level"": ""Low""}, ""call_outcome"": {""category"": ""Lost"", ""conclusion_notes"": ""Call not connected (Voicemail/No response)""}, ""call_purpose"": ""irrelevant"", ""all_languages"": [""English""], ""primary_language"": ""English"", ""additional_details"": {""buyer_queries"": [], ""seller_queries"": []}}, ""products"": [], ""next_steps"": {""buyer_next_steps"": [], ""seller_next_steps"": []}, ""buyer_details"": {}, ""seller_details"": {}}"
101178,101186,5525698,7797,1970-01-01 00:00:00.000,"{""metadata"": {""call_type"": {""type"": ""B2B"", ""reason"": ""The buyer is looking to purchase 150 pieces of steel glasses for a gifting purpose at a low price, explicitly stating they are looking for a direct manufacturer on IndiaMART. While the quantity is low for typical B2B bulk orders, the buyer's intent to connect with a manufacturer for best pricing, along with the seller's mention of a 100 kg MOQ for manufacturers, indicates a B2B inquiry from a buyer seeking wholesale rates for a large personal or event-based requirement."", ""evidence"": {""keywords"": [""manufacturer"", ""gifting"", ""low price""], ""order_type"": ""one-time"", ""repeat_buyer"": false, ""buyer_persona"": ""end customer"", ""quantity_scale"": ""Low""}}, ""call_purpose"": ""requirement"", ""all_languages"": [""Hindi""], ""primary_language"": ""Hindi""}, ""products"": [{""price"": {""value"": 280, ""currency"": ""INR"", ""price_unit"": ""kilo""}, ""in_stock"": ""not sold"", ""product_name"": ""Steel Glass"", ""specifications"": [{""name"": ""Capacity"", ""unit"": ""ml"", ""value"": ""250"", ""buyer_requested"": true, ""seller_mentioned"": false}, {""name"": ""Capacity"", ""unit"": ""ml"", ""value"": ""300"", ""buyer_requested"": true, ""seller_mentioned"": false}, {""name"": ""Starting Weight"", ""unit"": ""gram"", ""value"": ""50"", ""buyer_requested"": false, ""seller_mentioned"": true}, {""name"": ""Material"", ""value"": ""Steel"", ""buyer_requested"": true, ""seller_mentioned"": true}], ""quantity_required"": {""unit"": ""glasses"", ""value"": 150}, ""related_categories"": [{""name"": ""Drinking Glasses"", ""reason"": ""Steel glasses are commonly used for drinking purposes, making this a relevant broader category.""}, {""name"": ""Kitchen Glasses"", ""reason"": ""Steel glasses are a common item found in kitchens, fitting this category.""}, {""name"": ""Tumblers"", ""reason"": ""Steel glasses often come in a tumbler design, making 'Tumblers' a suitable related category.""}], ""is_buyer_interested"": true, ""most_specific_category"": {""name"": ""Steel Glasses"", ""reason"": ""The product is explicitly referred to as 'Steel Glass' by both the buyer and the seller.""}}], ""next_steps"": {""buyer_next_steps"": [""To visit Delhi for purchasing glasses""], ""seller_next_steps"": []}, ""buyer_details"": {""buyer_location"": {""buyer_city"": ""Gurugram""}}, ""seller_details"": {""seller_location"": {""seller_city"": ""Delhi""}}}"
3177965,3194794,8436657,4167,1970-01-01 00:00:00.000,"{""callback"": ""callback by Tomorrow 11 AM - To discuss rates after checking inventory (Kal 11 baje call karta hoon rate confirm karke)"", ""lead_tag"": {""deal_blockers"": [{""detail"": ""Medium size B-Grade stock availability needs verification"", ""category"": ""Availability""}], ""deal_readiness"": ""Warm"", ""deal_readiness_reason"": ""Buyer has a specific size and grade requirement but is awaiting price confirmation tomorrow.""}, ""metadata"": {""call_type"": {""type"": ""B2B"", ""reason"": ""The buyer is inquiring about specific product grades and sizes typical of B2B stock inquiries."", ""evidence"": {""keywords"": [""B-Grade"", ""Medium Size""], ""order_type"": [""bulk""], ""repeat_buyer"": false}}, ""buyer_intent"": {""narrative"": ""Wants B-grade baby diapers in Medium size and is interested in bulk pricing."", ""reasoning"": ""The buyer has specified a specific size (Medium) and quality grade (B-grade) and agreed to a follow-up for pricing."", ""intent_level"": ""High""}, ""call_outcome"": {""category"": ""Follow-up"", ""conclusion_notes"": ""Will check stock and provide rates tomorrow (Kal rates batata hoon stock check karke)""}, ""call_purpose"": ""requirement"", ""all_languages"": [""Hindi"", ""English""], ""primary_language"": ""Hindi"", ""additional_details"": {""buyer_queries"": [], ""seller_queries"": [{""query"": ""Will medium size B-Grade work for you?"", ""category"": ""Availability"", ""sequence"": 1}]}}, ""products"": [{""price"": {""negotiation_notes"": ""Prices to be discussed tomorrow morning after stock verification.""}, ""in_stock"": ""in stock"", ""product_name"": ""Baby Diapers (Medium Size B-Grade)"", ""specifications"": [{""name"": ""Grade"", ""value"": ""B-Grade"", ""buyer_requested"": false, ""seller_mentioned"": true}, {""name"": ""Size"", ""value"": ""Medium"", ""buyer_requested"": false, ""seller_mentioned"": true}], ""related_categories"": [{""name"": ""Disposable Baby Diapers"", ""reason"": ""These are disposable baby hygiene products.""}, {""name"": ""Diaper"", ""reason"": ""Generic parent category for the product discussed.""}], ""is_buyer_interested"": true, ""most_specific_category"": {""name"": ""Baby Diapers"", ""reason"": ""The buyer specifically requested Medium size B-grade baby diapers.""}}], ""next_steps"": {""buyer_next_steps"": [""To receive the pricing and stock confirmation call tomorrow""], ""seller_next_steps"": [""To check inventory for Medium size B-grade diapers"", ""To call back at 11 AM tomorrow with price details""]}, ""buyer_details"": {""buyer_name"": ""21aaee3e83189b0d3227f9efcdfb20db02a6d551cbe4d362d12f80a650ec283d""}, ""seller_details"": {""seller_name"": ""602d3d0ab5e96a205221e5a0ea2e85b4d8aee8562a064533e95591f94d2df19e""}}"
2158272,2175061,4840824,53088,1970-01-01 00:00:00.000,"{""payment"": {}, ""lead_tag"": {""deal_blockers"": [], ""deal_readiness"": ""Hot"", ""deal_readiness_reason"": ""Detailed technical interest with specific size and type requirements for immediate purchase.""}, ""metadata"": {""call_type"": {""type"": ""B2B"", ""reason"": ""The buyer is looking for specific technical components for fountain setups, suggesting a professional or commercial application rather than common home retail."", ""evidence"": {""order_type"": {""order_type_category"": ""commercial""}, ""repeat_buyer"": false, ""buyer_persona"": {""persona_detail"": ""Fountain Installer"", ""persona_category"": ""service_provider""}, ""quantity_scale"": ""Low""}}, ""buyer_intent"": {""narrative"": ""Wants a 3/8 inch movable fountain nozzle."", ""reasoning"": ""The buyer knew specific dimensions (3/8 inch) and the specific type of application (fountain), indicating high technical intent."", ""intent_level"": ""High""}, ""call_outcome"": {""category"": ""Follow-up"", ""conclusion_notes"": ""Need to call back from another number to discuss details (Main aapko abhi turant call kar raha hoon).""}, ""call_purpose"": ""requirement"", ""all_languages"": [""Hindi"", ""English""], ""primary_language"": ""Hindi"", ""additional_details"": {""buyer_queries"": [{""query"": ""Do you have 3/8 inch movable fountain nozzles available?"", ""category"": ""Availability"", ""sequence"": 1}], ""seller_queries"": []}}, ""products"": [{""in_stock"": ""in stock"", ""product_name"": ""Fountain Nozzle"", ""specifications"": [{""name"": ""Size"", ""unit"": ""inch"", ""value"": ""3/8"", ""buyer_requested"": true, ""seller_mentioned"": false}, {""name"": ""Type"", ""value"": ""Movable"", ""buyer_requested"": true, ""seller_mentioned"": false}], ""quantity_required"": {""unit"": ""pieces"", ""value"": 1}, ""related_categories"": [{""name"": ""Jet Fountain"", ""reason"": ""Individual fountain nozzles often create jet patterns used in decorative fountains.""}, {""name"": ""Brass Nozzle"", ""reason"": ""Many decorative fountain nozzles are standard brass components.""}], ""is_buyer_interested"": true, ""most_specific_category"": {""name"": ""Fountain Nozzle"", ""reason"": ""The buyer specifically asks for nozzles used in fountains (fountain ke liye nozzle lagta hai).""}}], ""next_steps"": {""buyer_next_steps"": [""To receive a call back from the office number to discuss technicalities and procurement.""], ""seller_next_steps"": [""To call back the buyer at the provided number 9414316621 to discuss the 3/8 inch fountain nozzle requirement.""]}, ""buyer_details"": {""buyer_mobile_number"": ""e2935776d90399b0ecfd60542a7d8a9a288dc4476d8bdd6cd139c34f82de8848""}, ""seller_details"": {""seller_mobile_number"": ""84c960f26557e102d75f78aaeb94f9036dffedb4e1ecc6e9d851a24bd313e8b4""}}"
2672420,2689236,23807911,38778,1970-01-01 00:00:00.000,"{""payment"": {}, ""callback"": ""callback by Monday - To confirm details"", ""lead_tag"": {""deal_blockers"": [], ""deal_readiness"": ""Warm"", ""deal_readiness_reason"": ""Genuine intent shown for multiple sizes with specific price and location inquiries.""}, ""metadata"": {""call_type"": {""type"": ""B2B"", ""reason"": ""Buyer is inquiring about specific industrial packaging materials for business use."", ""evidence"": {""keywords"": [""Stretch Film"", ""Wrapping"", ""Packaging"", ""Factory Use""], ""order_type"": [""bulk"", ""commercial""], ""repeat_buyer"": false, ""quantity_scale"": ""High""}}, ""buyer_intent"": {""narrative"": ""Wants wrapping stretch film in 6 inch and 12 inch sizes for potential bulk order."", ""reasoning"": ""Buyer had clear specifications for sizes and was comparing prices, showing professional intent."", ""intent_level"": ""High""}, ""call_outcome"": {""category"": ""Follow-up"", ""conclusion_notes"": ""Will check details and confirm (Details bhejte hi confirm karta hoon)""}, ""call_purpose"": ""requirement"", ""all_languages"": [""Hindi"", ""English""], ""primary_language"": ""Hindi"", ""additional_details"": {""buyer_queries"": [{""query"": ""Do you keep stretchable films for wrapping?"", ""category"": ""Availability"", ""sequence"": 1}, {""query"": ""Where is your shop located?"", ""category"": ""Location"", ""sequence"": 2}, {""query"": ""How much does the 6-inch roll weigh?"", ""category"": ""Specifications"", ""sequence"": 6}], ""seller_queries"": [{""query"": ""How much quantity do you need?"", ""category"": ""Quantity"", ""sequence"": 3}, {""query"": ""What size do you need?"", ""category"": ""Specifications"", ""sequence"": 4}, {""query"": ""What price are you seeing online?"", ""category"": ""Pricing"", ""sequence"": 5}]}, ""intended_application"": ""Packaging wrapping""}, ""products"": [{""price"": {""value"": 155, ""currency"": ""INR"", ""price_unit"": ""kg""}, ""in_stock"": ""in stock"", ""product_name"": ""Stretch Film (Stretching Film Roll)"", ""specifications"": [{""name"": ""Size"", ""value"": ""6 inch"", ""buyer_requested"": false, ""seller_mentioned"": false}, {""name"": ""Size"", ""value"": ""12 inch"", ""buyer_requested"": false, ""seller_mentioned"": false}], ""related_categories"": [{""name"": ""Wrapping Film"", ""reason"": ""The buyer explicitly mentioned using it for wrapping boxes.""}, {""name"": ""Packaging Rolls"", ""reason"": ""This is a standard roll-form packaging material.""}], ""is_buyer_interested"": true, ""most_specific_category"": {""name"": ""PVC Stretch Film"", ""reason"": ""The product is described as a stretchable film used for wrapping boxes.""}}, {""price"": {""value"": 110, ""currency"": ""INR"", ""price_unit"": ""kg""}, ""in_stock"": ""in stock"", ""product_name"": ""Strapping Roll (Strapping Patta)"", ""specifications"": [], ""related_categories"": [{""name"": ""Packaging Materials"", ""reason"": ""General category for industrial packing supplies.""}], ""is_buyer_interested"": false, ""most_specific_category"": {""name"": ""Packaging Rolls"", ""reason"": ""Commonly used industrial strapping material.""}}], ""next_steps"": {""buyer_next_steps"": [""To share requirements on WhatsApp""], ""seller_next_steps"": [""To share product details and weights on WhatsApp""]}, ""buyer_details"": {""buyer_name"": ""c541221ec5f5a9f47288e00e0a502a56987f5b8d0b1542cb668b5bfe583df50f"", ""buyer_mobile_number"": ""641c320bc91d4764bc6cc36f4030d428b8f355d98621ffc9095a3c1e41541973""}, ""seller_details"": {""seller_name"": ""6dce69facae598b79f7aab72a638381e6a79594b33ea60a89d34d02171fbc44a"", ""seller_location"": {""seller_city"": ""Vasai""}}}"
1535008,1551781,8436657,4167,1970-01-01 00:00:00.000,"{""payment"": {""payment_mode"": ""upi""}, ""callback"": ""callback by Monday 1 PM - To confirm stock"", ""lead_tag"": {""deal_blockers"": [], ""deal_readiness"": ""Warm"", ""deal_readiness_reason"": ""The buyer has a genuine interest for baby diapers and asking for white labeling services which shows that he's a serious buyer.""}, ""metadata"": {""call_type"": {""type"": ""B2B"", ""reason"": ""The buyer is inquiring for white labeling services for baby diapers, which is a common B2B practice. The buyer is also asking for the minimum order quantity (MOQ) for the same, which further supports the B2B classification."", ""evidence"": {""keywords"": [""White Labeling"", ""Baby Diapers"", ""Third Party Manufacturing""], ""order_type"": {""order_type_category"": ""recurring""}, ""repeat_buyer"": true, ""buyer_persona"": {""persona_category"": ""retailer""}, ""quantity_scale"": ""High""}}, ""buyer_intent"": {""narrative"": ""The buyer is inquiring for baby diapers with white labeling service."", ""reasoning"": ""The buyer has high intent for the product and is asking for detailed information such as the location of the office, MOQ, and whether the seller provides white labeling services."", ""intent_level"": ""High""}, ""call_outcome"": {""category"": ""Pending"", ""conclusion_notes"": ""The deal is yet to be finalized (Ek baar aap office aa jao aap saari cheeze dekh lo)""}, ""call_purpose"": ""requirement"", ""all_languages"": [""Hindi"", ""English""], ""primary_language"": ""Hindi"", ""additional_details"": {""buyer_queries"": [{""query"": ""Do you offer white labeling services?"", ""category"": ""Specifications"", ""sequence"": 1}, {""query"": ""What is your office location?"", ""category"": ""Availability"", ""sequence"": 2}, {""query"": ""What is the minimum order quantity for white labeling?"", ""category"": ""Quantity"", ""sequence"": 3}], ""seller_queries"": []}, ""intended_application"": ""Retail Resale""}, ""products"": [{""price"": {""currency"": ""INR"", ""buyer_price_reaction"": {""quote"": ""Theek hai"", ""category"": ""Accepted""}}, ""in_stock"": ""in stock"", ""product_name"": ""Baby Diaper"", ""specifications"": [{""name"": ""White Labeling"", ""value"": ""Available"", ""buyer_requested"": true, ""seller_mentioned"": true}, {""name"": ""Manufacturing Type"", ""value"": ""Third Party OEM"", ""buyer_requested"": true, ""seller_mentioned"": true}], ""quantity_required"": {""unit"": ""pieces""}, ""related_categories"": [{""name"": ""Diaper Third Party Manufacturing"", ""reason"": ""The buyer asked for white labeling and the seller mentioned they do third party OEM work.""}], ""is_buyer_interested"": true, ""minimum_order_quantity"": {""unit"": ""kg""}, ""most_specific_category"": {""name"": ""Baby Diapers"", ""reason"": ""The buyer specifically asked for baby diapers and the seller confirmed they do third-party manufacturing.""}, ""seller_accepts_quantity"": true}], ""next_steps"": {""buyer_next_steps"": [""To visit the office/factory in Bawana Industrial Area"", ""To call back at 1 PM on Monday""], ""seller_next_steps"": [""To share office location and contact details on WhatsApp"", ""To discuss pricing and quantity in person""]}, ""buyer_details"": {""buyer_name"": ""2b58bf386bb99971779cb9b4677a9fa4a5793c8e30c8f982aec8485d65f95284""}, ""seller_details"": {""seller_name"": ""3d9fd49780729c7bd0a73e2d5e9c12b1720114d4d1b6363eef5bb2a650b0e6ba"", ""seller_location"": {""seller_city"": ""New Delhi"", ""seller_state"": ""Delhi"", ""seller_locality"": ""Bawana Industrial Area""}}}"
2356947,2373750,23807911,38778,1970-01-01 00:00:00.000,"{""callback"": ""callback by Tomorrow 5 PM - To finalize price and order details (Kal 5 baje call karta hoon)"", ""lead_tag"": {""deal_blockers"": [], ""deal_readiness"": ""Warm"", ""deal_readiness_reason"": ""Buyer inquired about specific sizes and price, suggesting intent to purchase after internal confirmation.""}, ""metadata"": {""call_type"": {""type"": ""B2B"", ""reason"": ""The discussion involves bulk pricing per kg for industrial packaging materials, typical of B2B transactions."", ""evidence"": {""keywords"": [""Stretch Film"", ""Mumbai""], ""order_type"": {""order_type_category"": ""commercial""}, ""quantity_scale"": ""High""}}, ""buyer_intent"": {""narrative"": ""Looking for 10-inch and 12-inch stretch films for local use in Mumbai."", ""reasoning"": ""Buyer provided specific size requirements and inquired about pricing per kg, indicating genuine interest."", ""intent_level"": ""Medium""}, ""call_outcome"": {""category"": ""Pending"", ""conclusion_notes"": ""Buyer is evaluating the price and will likely confirm later.""}, ""call_purpose"": ""requirement"", ""all_languages"": [""Hindi"", ""English""], ""primary_language"": ""Hindi"", ""additional_details"": {""buyer_queries"": [{""query"": ""What is the price for 10-inch stretch film?"", ""category"": ""Pricing"", ""sequence"": 1}, {""query"": ""What is the price for 12-inch stretch film?"", ""category"": ""Pricing"", ""sequence"": 2}], ""seller_queries"": []}}, ""products"": [{""price"": {""value"": 165, ""currency"": ""INR"", ""price_unit"": ""kg""}, ""in_stock"": ""in stock"", ""product_name"": ""10-inch Stretch Film"", ""specifications"": [{""name"": ""Size"", ""unit"": ""inch"", ""value"": ""10"", ""buyer_requested"": true, ""seller_mentioned"": true}], ""related_categories"": [{""name"": ""Packaging Rolls"", ""reason"": ""Stretch film is a type of packaging roll used for securing goods.""}, {""name"": ""LLDPE Stretch Film Roll"", ""reason"": ""Most industrial stretch films are made from LLDPE.""}], ""is_buyer_interested"": true, ""most_specific_category"": {""name"": ""Stretch Film"", ""reason"": ""The buyer specifically asked for stretch film rolls.""}}, {""price"": {""value"": 165, ""currency"": ""INR"", ""price_unit"": ""kg""}, ""in_stock"": ""in stock"", ""product_name"": ""12-inch Stretch Film"", ""specifications"": [{""name"": ""Size"", ""unit"": ""inch"", ""value"": ""12"", ""buyer_requested"": true, ""seller_mentioned"": true}], ""related_categories"": [{""name"": ""Packaging Rolls"", ""reason"": ""Stretch film is commonly used as a packaging material.""}, {""name"": ""LLDPE Stretch Film Roll"", ""reason"": ""These are standard industrial stretch films.""}], ""is_buyer_interested"": true, ""most_specific_category"": {""name"": ""Stretch Film"", ""reason"": ""The buyer specifically asked for stretch film rolls.""}}], ""next_steps"": {""buyer_next_steps"": [""To confirm the required quantity for both 10-inch and 12-inch films.""], ""seller_next_steps"": [""To provide a formal quote if requested.""]}, ""buyer_details"": {""buyer_name"": ""757e1a6c9cc1b4c07c52f1fe4eea5419caf53e49b99fe0f9da6630f8e2413159"", ""buyer_location"": {""buyer_city"": ""Mulund""}}, ""seller_details"": {""seller_name"": ""6dce69facae598b79f7aab72a638381e6a79594b33ea60a89d34d02171fbc44a""}}"
1826656,1843437,8436657,4167,1970-01-01 00:00:00.000,"{""lead_tag"": {""deal_blockers"": [], ""deal_readiness"": ""Warm"", ""deal_readiness_reason"": ""Needs for personal use but was surprised by the large MOQ mentioned initially, however agreed to purchase smaller quantity.""}, ""metadata"": {""call_type"": {""type"": ""B2C"", ""reason"": ""The buyer explicitly mentions needing the diapers for her own child at home and discusses a small quantity compared to industrial/wholesale standards."", ""evidence"": {""keywords"": [""Personal Use"", ""Baby Care""], ""order_type"": {""order_type_category"": ""one-time""}, ""buyer_persona"": {""persona_category"": ""end_consumer""}, ""quantity_scale"": ""Low""}}, ""buyer_intent"": {""narrative"": ""Seeking baby diapers for personal use for her 6-7 month old baby."", ""reasoning"": ""The buyer specifies the age of the baby and daily usage requirements, indicating a genuine personal need."", ""intent_level"": ""Medium""}, ""call_outcome"": {""category"": ""Follow-up"", ""conclusion_notes"": ""The buyer saved the number and mentioned she would inform when she needs them (Maen aapko bata dungi thodi der mein).""}, ""call_purpose"": ""requirement"", ""all_languages"": [""Hindi"", ""English""], ""primary_language"": ""Hindi"", ""additional_details"": {""buyer_queries"": [{""query"": ""What is the price of baby diapers?"", ""category"": ""Pricing"", ""sequence"": 1}, {""query"": ""What will be the price for 5000 pieces?"", ""category"": ""Pricing"", ""sequence"": 4}], ""seller_queries"": [{""query"": ""Do you need loose diapers or brand packing?"", ""category"": ""Specifications"", ""sequence"": 2}, {""query"": ""Where are you calling from?"", ""category"": ""Quantity"", ""sequence"": 3}, {""query"": ""What size do you need?"", ""category"": ""Specifications"", ""sequence"": 5}]}, ""intended_application"": ""Personal Use""}, ""products"": [{""price"": {""value"": 5, ""currency"": ""INR"", ""price_unit"": ""piece"", ""negotiation_notes"": ""The price was slightly increased for smaller quantity from approximately 1.5 L for 25k pcs to 5 rupees per pc for 5k pcs."", ""buyer_price_reaction"": {""quote"": ""Chaltega koi dikkat nahi"", ""category"": ""Accepted""}}, ""in_stock"": ""in stock"", ""product_name"": ""Baby Diapers"", ""specifications"": [{""name"": ""Type"", ""value"": ""Loose"", ""buyer_requested"": false, ""seller_mentioned"": true}, {""name"": ""Size"", ""value"": ""Medium/Large"", ""buyer_requested"": true, ""seller_mentioned"": true}], ""quantity_required"": {""unit"": ""pieces"", ""value"": 5000}, ""related_categories"": [{""name"": ""Diaper"", ""reason"": ""General category for absorbent undergarments.""}], ""is_buyer_interested"": true, ""minimum_order_quantity"": {""unit"": ""pieces"", ""value"": 25000}, ""most_specific_category"": {""name"": ""Baby Diapers"", ""reason"": ""The conversation revolves around diapers specifically for a 6-7 month old baby.""}, ""seller_accepts_quantity"": true}], ""next_steps"": {""buyer_next_steps"": [""To confirm the required date for the diapers""], ""seller_next_steps"": [""To provide quote for smaller quantity""]}, ""buyer_details"": {""buyer_location"": {""buyer_city"": ""Noida""}}, ""seller_details"": {""seller_mobile_number"": ""630ceb8b7ac2e149d02e29d148e4888aaca728bf14e26d105c33c40be184f400""}}"
1826656,1843437,8436657,4167,1970-01-01 00:00:00.000,"{""lead_tag"": {""deal_blockers"": [], ""deal_readiness"": ""Warm"", ""deal_readiness_reason"": ""Needs for personal use but was surprised by the large MOQ mentioned initially, however agreed to purchase smaller quantity.""}, ""metadata"": {""call_type"": {""type"": ""B2C"", ""reason"": ""The buyer explicitly mentions needing the diapers for her own child at home and discusses a small quantity compared to industrial/wholesale standards."", ""evidence"": {""keywords"": [""Personal Use"", ""Baby Care""], ""order_type"": {""order_type_category"": ""one-time""}, ""buyer_persona"": {""persona_category"": ""end_consumer""}, ""quantity_scale"": ""Low""}}, ""buyer_intent"": {""narrative"": ""Seeking baby diapers for personal use for her 6-7 month old baby."", ""reasoning"": ""The buyer specifies the age of the baby and daily usage requirements, indicating a genuine personal need."", ""intent_level"": ""Medium""}, ""call_outcome"": {""category"": ""Follow-up"", ""conclusion_notes"": ""The buyer saved the number and mentioned she would inform when she needs them (Maen aapko bata dungi thodi der mein).""}, ""call_purpose"": ""requirement"", ""all_languages"": [""Hindi"", ""English""], ""primary_language"": ""Hindi"", ""additional_details"": {""buyer_queries"": [{""query"": ""What is the price of baby diapers?"", ""category"": ""Pricing"", ""sequence"": 1}, {""query"": ""What will be the price for 5000 pieces?"", ""category"": ""Pricing"", ""sequence"": 4}], ""seller_queries"": [{""query"": ""Do you need loose diapers or brand packing?"", ""category"": ""Specifications"", ""sequence"": 2}, {""query"": ""Where are you calling from?"", ""category"": ""Quantity"", ""sequence"": 3}, {""query"": ""What size do you need?"", ""category"": ""Specifications"", ""sequence"": 5}]}, ""intended_application"": ""Personal Use""}, ""products"": [{""price"": {""value"": 5, ""currency"": ""INR"", ""price_unit"": ""piece"", ""negotiation_notes"": ""The price was slightly increased for smaller quantity from approximately 1.5 L for 25k pcs to 5 rupees per pc for 5k pcs."", ""buyer_price_reaction"": {""quote"": ""Chaltega koi dikkat nahi"", ""category"": ""Accepted""}}, ""in_stock"": ""in stock"", ""product_name"": ""Baby Diapers"", ""specifications"": [{""name"": ""Type"", ""value"": ""Loose"", ""buyer_requested"": false, ""seller_mentioned"": true}, {""name"": ""Size"", ""value"": ""Medium/Large"", ""buyer_requested"": true, ""seller_mentioned"": true}], ""quantity_required"": {""unit"": ""pieces"", ""value"": 5000}, ""related_categories"": [{""name"": ""Diaper"", ""reason"": ""General category for absorbent undergarments.""}], ""is_buyer_interested"": true, ""minimum_order_quantity"": {""unit"": ""pieces"", ""value"": 25000}, ""most_specific_category"": {""name"": ""Baby Diapers"", ""reason"": ""The conversation revolves around diapers specifically for a 6-7 month old baby.""}, ""seller_accepts_quantity"": true}], ""next_steps"": {""buyer_next_steps"": [""To confirm the required date for the diapers""], ""seller_next_steps"": [""To provide quote for smaller quantity""]}, ""buyer_details"": {""buyer_location"": {""buyer_city"": ""Noida""}}, ""seller_details"": {""seller_mobile_number"": ""630ceb8b7ac2e149d02e29d148e4888aaca728bf14e26d105c33c40be184f400""}}"
2359371,2376175,8579467,9729,1970-01-01 00:00:00.000,"{""callback"": ""callback by Tomorrow - To confirm the requirement (Kal 5 baje call karta hoon)"", ""lead_tag"": {""deal_blockers"": [{""detail"": ""Seller is in Ludhiana and buyer is in Gurdaspur, leading to high transport costs."", ""category"": ""Location""}], ""deal_readiness"": ""Cold"", ""deal_readiness_reason"": ""The quantity is very low and the distance between locations makes transportation commercially unviable.""}, ""metadata"": {""call_type"": {""type"": ""B2C"", ""reason"": ""The buyer's requirement for only two plates for personal or small-scale use, combined with a rejection due to transport costs on a small volume, indicates a B2C scenario."", ""evidence"": {""order_type"": {""order_type_category"": ""one-time""}, ""repeat_buyer"": false, ""buyer_persona"": {""persona_category"": ""end_consumer""}, ""quantity_scale"": ""Low""}}, ""buyer_intent"": {""narrative"": ""Wants 2 pieces of 12mm MS Plate in Gurdaspur."", ""reasoning"": ""Buyer only needs 2 pieces, which is a retail-level requirement, and the seller's location makes it unfeasible due to high freight costs."", ""intent_level"": ""Low""}, ""call_outcome"": {""category"": ""Lost"", ""conclusion_notes"": ""Distance is too much for 2 plates (Gurdaspur yahan se bahut door hai, 2 plate ka bhaada bahut pad jayega.)""}, ""call_purpose"": ""requirement"", ""all_languages"": [""Hindi"", ""English""], ""primary_language"": ""Hindi"", ""additional_details"": {""buyer_queries"": [{""query"": ""What is the transport cost from Ludhiana to Gurdaspur?"", ""category"": ""Pricing"", ""sequence"": 3}, {""query"": ""Do you have any local distributors in Gurdaspur?"", ""category"": ""Availability"", ""sequence"": 4}], ""seller_queries"": [{""query"": ""How much quantity do you need?"", ""category"": ""Quantity"", ""sequence"": 1}, {""query"": ""Where is the delivery location?"", ""category"": ""Delivery"", ""sequence"": 2}]}}, ""products"": [{""price"": {""gst"": {""value"": 18, ""is_gst_included"": false}, ""value"": 60, ""currency"": ""INR"", ""price_unit"": ""kg"", ""buyer_price_reaction"": {""quote"": ""Theek hai"", ""category"": ""Accepted""}}, ""in_stock"": ""in stock"", ""product_name"": ""MS Plate"", ""specifications"": [{""name"": ""Thickness"", ""unit"": ""mm"", ""value"": ""12"", ""buyer_requested"": true, ""seller_mentioned"": false}], ""quantity_required"": {""unit"": ""pieces"", ""value"": 2}, ""related_categories"": [{""name"": ""Mild Steel Hot Rolled Sheet"", ""reason"": ""MS Plates are often categorized alongside hot rolled sheets in steel trade.""}, {""name"": ""Steel Plates"", ""reason"": ""Generic parent category for all types of steel plate products.""}], ""is_buyer_interested"": true}, {""price"": {""gst"": {""value"": 18, ""is_gst_included"": false}, ""value"": 60, ""currency"": ""INR"", ""price_unit"": ""kg""}, ""in_stock"": ""in stock"", ""product_name"": ""MS Plate"", ""specifications"": [{""name"": ""Thickness"", ""unit"": ""mm"", ""value"": ""10"", ""buyer_requested"": true, ""seller_mentioned"": false}], ""quantity_required"": {""unit"": ""pieces"", ""value"": 2}, ""related_categories"": [{""name"": ""Steel Plates"", ""reason"": ""Standard category for mild steel plate products.""}], ""is_buyer_interested"": true}], ""next_steps"": {""buyer_next_steps"": [""To find a local shop in Gurdaspur for the requirement.""], ""seller_next_steps"": []}, ""buyer_details"": {""buyer_name"": ""489f3692b9eef815408f32d6f1856383a7f2003cd693e886b14a307110adb095""}, ""seller_details"": {""seller_location"": {""seller_city"": ""Ludhiana""}}}"
2678940,2695759,8436657,4167,1970-01-01 00:00:00.000,"{""callback"": ""callback by Tomorrow - To visit and check material (Kal aata hoon)"", ""lead_tag"": {""deal_blockers"": [], ""deal_readiness"": ""Hot"", ""deal_readiness_reason"": ""Wants to visit tomorrow and buy 1 lakh pieces. 1 lakh piece lene hain, kal aata hoon. National wide delivery available. (1 lack pieces lene hain, kal aata hoon. National wide delivery available.).""}, ""metadata"": {""call_type"": {""type"": ""B2B"", ""reason"": ""The buyer's requirement for 1 lakh pieces clearly indicates a business-to-business deal for resale or distribution purposes."", ""evidence"": {""order_type"": [""bulk"", ""commercial""], ""repeat_buyer"": true, ""quantity_scale"": ""High""}}, ""buyer_intent"": {""narrative"": ""Wants 1 lakh pieces of baby diapers for loose packaging in various sizes."", ""reasoning"": ""Strong interest with high quantity requirement and a specific plan to visit the seller's location the next day."", ""intent_level"": ""High""}, ""call_outcome"": {""category"": ""Follow-up"", ""conclusion_notes"": ""Wants to visit tomorrow and check material before buying (Kal aata hoon).""}, ""call_purpose"": ""requirement"", ""all_languages"": [""Hindi"", ""English""], ""primary_language"": ""Hindi"", ""additional_details"": {""buyer_queries"": [{""query"": ""What is the rate? (Kya rate hai?)"", ""category"": ""Pricing"", ""sequence"": 2, ""answer_by_seller"": ""335.75 including GST""}, {""query"": ""Is GST included? (Gst isme included hai?)"", ""category"": ""Pricing"", ""sequence"": 3, ""answer_by_seller"": ""Wait, let me check. Standard Quality 335.75 piece, B-grade 300 piece.""}, {""query"": ""Give me the best rate. (Sahi rate batao.)"", ""category"": ""Pricing"", ""sequence"": 5, ""answer_by_seller"": ""Standard Quality (A-grade) is 335.75/unit and B-grade is 300/unit. Normal Quality is 320/unit.""}], ""seller_queries"": [{""query"": ""How many pieces do you need? (Kitne piece chahiye?)"", ""category"": ""Quantity"", ""sequence"": 1, ""answer_by_buyer"": ""1 lakh piece. (Aek lakh piece.)""}, {""query"": ""Where are you calling from? (Kahan se bol rahe ho?)"", ""category"": ""Location"", ""sequence"": 4, ""answer_by_buyer"": ""Delhi.""}]}, ""intended_application"": ""Commercial Resale""}, ""products"": [{""price"": {""gst"": {""is_gst_included"": true}, ""value"": 335.75, ""currency"": ""INR"", ""price_unit"": ""piece"", ""buyer_price_reaction"": {""quote"": ""Thoda kam karo (Reduce a bit)"", ""category"": ""Negotiating""}}, ""in_stock"": ""in stock"", ""product_name"": ""Standard Quality Baby Diapers (Loose)"", ""specifications"": [{""name"": ""Quality"", ""value"": ""Standard (A-grade)"", ""buyer_requested"": false, ""seller_mentioned"": true}, {""name"": ""Size"", ""value"": ""S, M, L, XL"", ""buyer_requested"": true, ""seller_mentioned"": true}, {""name"": ""Packaging"", ""value"": ""Loose"", ""buyer_requested"": false, ""seller_mentioned"": true}], ""quantity_required"": {""unit"": ""pieces"", ""value"": 100000}, ""related_categories"": [{""name"": ""Disposable Baby Diapers"", ""reason"": ""The product is likely disposable based on standard B2B diaper trading.""}], ""is_buyer_interested"": true, ""most_specific_category"": {""name"": ""Baby Diapers"", ""reason"": ""The discussion centers around baby diapers in sizes S, M, L, XL for loose packaging.""}, ""seller_accepts_quantity"": true}, {""price"": {""value"": 300, ""currency"": ""INR"", ""price_unit"": ""piece""}, ""in_stock"": ""in stock"", ""product_name"": ""B-grade Baby Diapers (Loose)"", ""specifications"": [{""name"": ""Quality"", ""value"": ""B-grade"", ""buyer_requested"": false, ""seller_mentioned"": true}, {""name"": ""Size"", ""value"": ""S, M, L, XL"", ""buyer_requested"": true, ""seller_mentioned"": true}, {""name"": ""Packaging"", ""value"": ""Loose"", ""buyer_requested"": false, ""seller_mentioned"": true}], ""quantity_required"": {""unit"": ""pieces"", ""value"": 100000}, ""related_categories"": [{""name"": ""Disposable Baby Diapers"", ""reason"": ""Disposable baby diapers categorization.""}], ""is_buyer_interested"": true, ""most_specific_category"": {""name"": ""Baby Diapers"", ""reason"": ""B-grade version of the baby diapers discussed.""}, ""seller_accepts_quantity"": true}, {""price"": {""value"": 320, ""currency"": ""INR"", ""price_unit"": ""piece""}, ""in_stock"": ""in stock"", ""product_name"": ""Normal Quality Baby Diapers (Loose)"", ""specifications"": [{""name"": ""Quality"", ""value"": ""Normal (Non-ADL)"", ""buyer_requested"": false, ""seller_mentioned"": true}, {""name"": ""Size"", ""value"": ""S, M, L, XL"", ""buyer_requested"": true, ""seller_mentioned"": true}, {""name"": ""Packaging"", ""value"": ""Loose"", ""buyer_requested"": false, ""seller_mentioned"": true}], ""quantity_required"": {""unit"": ""pieces"", ""value"": 100000}, ""related_categories"": [{""name"": ""Disposable Baby Diapers"", ""reason"": ""Disposable category.""}], ""is_buyer_interested"": true, ""most_specific_category"": {""name"": ""Baby Diapers"", ""reason"": ""Lower cost normal quality nappies/diapers.""}, ""seller_accepts_quantity"": true}], ""next_steps"": {""buyer_next_steps"": [""To visit the seller's location tomorrow.""], ""seller_next_steps"": [""To share location on WhatsApp.""]}, ""buyer_details"": {""buyer_name"": ""d7124e6b58a6f6ddb2a659cc4d1214ece511cbcb18a435c63d090594b49fbe55"", ""buyer_location"": {""buyer_city"": ""Delhi""}, ""buyer_mobile_number"": ""8144957176862a11d9a774716d7fe8a30b6e0ab7b4a83de37c9dfa6e05bbc431""}, ""seller_details"": {""seller_location"": {""seller_city"": ""Bawana""}, ""seller_mobile_number"": ""67d4312833a93f881e8448cf83f612dbd3d9ead26f22015691cc3d2b66051eaa""}}"
3196736,3213564,1001263,31157,1970-01-01 00:00:00.000,"{""payment"": {}, ""callback"": ""callback by None - None"", ""lead_tag"": {""deal_blockers"": [], ""deal_readiness"": ""Warm"", ""deal_readiness_reason"": ""Buyer has clear quantity and purity specs and requested a catalog for pesticide industry use.""}, ""metadata"": {""call_type"": {""type"": ""B2B"", ""reason"": ""Buyer is purchasing bulk chemical drums for industrial manufacturing of pesticides, indicating a B2B transaction."", ""evidence"": {""keywords"": [""Pesticide Industry"", ""Distilled Grade"", ""Industrial Chemicals""], ""order_type"": [""bulk"", ""commercial""], ""repeat_buyer"": false, ""buyer_persona"": {""persona_detail"": ""Pesticide Manufacturer"", ""persona_category"": ""manufacturer""}, ""quantity_scale"": ""High""}}, ""buyer_intent"": {""narrative"": ""Wants 5 drums of Isopropyl Alcohol for pesticide manufacturing in Delhi."", ""reasoning"": ""Buyer specifies industrial use (pesticide), specific quantity (5 drums/160 kg each), and asks for specific purity levels (95-97%)."", ""intent_level"": ""High""}, ""call_outcome"": {""category"": ""Follow-up"", ""conclusion_notes"": ""Seller will share specifications and pricing after the buyer sends business details (Send me details on WhatsApp).""}, ""call_purpose"": ""requirement"", ""all_languages"": [""Hindi"", ""English""], ""primary_language"": ""Hindi"", ""additional_details"": {""buyer_queries"": [{""query"": ""What purity levels are available for IPA?"", ""category"": ""Specifications"", ""sequence"": 1}, {""query"": ""Can you provide the rates for distilled grade IPA?"", ""category"": ""Pricing"", ""sequence"": 2}, {""query"": ""Can I use it for the pesticide industry?"", ""category"": ""Specifications"", ""sequence"": 3}], ""seller_queries"": [{""query"": ""What purity level do you require?"", ""category"": ""Specifications"", ""sequence"": 4}, {""query"": ""Where are you calling from?"", ""category"": ""Location"", ""sequence"": 5}]}, ""intended_application"": ""Pesticide Production""}, ""products"": [{""in_stock"": ""in stock"", ""product_name"": ""Isopropyl Alcohol (IPA)"", ""specifications"": [{""name"": ""Purity"", ""value"": ""96-97%"", ""buyer_requested"": true, ""seller_mentioned"": true}, {""name"": ""Purity"", ""value"": ""99.5%"", ""buyer_requested"": true, ""seller_mentioned"": true}, {""name"": ""Grade"", ""value"": ""Distilled"", ""buyer_requested"": false, ""seller_mentioned"": true}, {""name"": ""Testing"", ""value"": ""MTO Pass"", ""buyer_requested"": false, ""seller_mentioned"": true}, {""name"": ""Weight per Drum"", ""unit"": ""kg"", ""value"": ""160"", ""buyer_requested"": false, ""seller_mentioned"": true}, {""name"": ""Volume per Drum"", ""unit"": ""liters"", ""value"": ""200"", ""buyer_requested"": false, ""seller_mentioned"": true}], ""quantity_required"": {""unit"": ""drums"", ""value"": 5}, ""related_categories"": [{""name"": ""Isopropyl Alcohol IPA"", ""reason"": ""The primary product discussed is Isopropyl Alcohol for industrial use.""}, {""name"": ""Industrial Solvents"", ""reason"": ""IPA is widely used as an industrial solvent in various chemical processes.""}], ""is_buyer_interested"": true, ""seller_accepts_quantity"": true}], ""next_steps"": {""buyer_next_steps"": [""To share company details on WhatsApp""], ""seller_next_steps"": [""To share product specifications and rates on WhatsApp""]}, ""buyer_details"": {""buyer_name"": ""5f4df959a11580fc14aa6b139adb2ab40a2cfde5399c1cb6f7c9968eae5a825f"", ""buyer_location"": {""buyer_city"": ""Delhi""}}, ""seller_details"": {""seller_name"": ""5ddc9f1ce1d3d99b1848624a72becd3a6e3f539794fd64720cef8f13608d42c5"", ""seller_location"": {}}}"
1555529,1572303,23807911,38778,1970-01-01 00:00:00.000,"{""lead_tag"": {""deal_blockers"": [{""detail"": ""Buyer is negotiating for a lower rate than the quoted 167 per kg."", ""category"": ""Price""}], ""deal_readiness"": ""Warm"", ""deal_readiness_reason"": ""Buyer shared specific technical requirements and requested photos to proceed with a 100-150kg order.""}, ""metadata"": {""call_type"": {""type"": ""B2B"", ""reason"": ""The buyer represents an industry (Nexfiber Industries) and is inquiring about bulk quantities (100-150kg) for industrial use."", ""evidence"": {""keywords"": [""Industries"", ""23 microns"", ""bulk rate"", ""100-150 kg""], ""order_type"": {""order_type_category"": ""bulk""}, ""repeat_buyer"": false, ""buyer_persona"": {""persona_detail"": ""Nexfiber Industries"", ""persona_category"": ""manufacturer""}, ""quantity_scale"": ""High""}}, ""buyer_intent"": {""narrative"": ""Wants to purchase 100 to 150 kg of 23 micron 4 inch stretch rolls for Nexfiber Industries in Mumbai."", ""reasoning"": ""Buyer provided very specific dimensions (23 microns, 4 inches), a clear quantity range (100-150 kg), and requested photos to finalize the order."", ""intent_level"": ""High""}, ""call_outcome"": {""category"": ""Pending"", ""conclusion_notes"": ""Will connect on WhatsApp for photos and further negotiation (WhatsApp pe message karta hoon photos bhej dena)""}, ""call_purpose"": ""requirement"", ""all_languages"": [""Hindi"", ""English""], ""primary_language"": ""Hindi"", ""additional_details"": {""buyer_queries"": [{""query"": ""Is there any scope for price reduction for 100-150 kg quantity?"", ""category"": ""Pricing"", ""sequence"": 1}], ""seller_queries"": []}, ""intended_application"": ""Industrial Packaging""}, ""products"": [{""price"": {""gst"": {""details"": ""Price is 167 plus GST"", ""is_gst_included"": false}, ""value"": 167, ""currency"": ""INR"", ""price_unit"": ""kg"", ""buyer_price_reaction"": {""quote"": ""Kuch kam nahi hoga?"", ""category"": ""Negotiating""}}, ""product_name"": ""Stretch Roll"", ""specifications"": [{""name"": ""Thickness"", ""unit"": ""microns"", ""value"": ""23"", ""buyer_requested"": true, ""seller_mentioned"": false}, {""name"": ""Width"", ""unit"": ""inch"", ""value"": ""4"", ""buyer_requested"": true, ""seller_mentioned"": false}], ""quantity_required"": {""unit"": ""kg"", ""value"": 100}, ""related_categories"": [{""name"": ""Stretch Film"", ""reason"": ""The core product discussed is a stretch roll used for packaging applications.""}, {""name"": ""LDPE Roll"", ""reason"": ""Stretch films are commonly manufactured using PE/LDPE materials.""}], ""is_buyer_interested"": true, ""most_specific_category"": {""name"": ""LLDPE Stretch Film Roll"", ""reason"": ""The buyer specifically requested stretch rolls with 23 micron thickness and 4 inch width, which describes standard LLDPE stretch film used for industrial wrapping.""}, ""seller_accepts_quantity"": true}], ""next_steps"": {""buyer_next_steps"": [""To send a WhatsApp message to the seller"", ""To check product photos provided by the seller""], ""seller_next_steps"": [""To share product photos and details on WhatsApp""]}, ""buyer_details"": {""buyer_name"": ""1d461a133cdb151a917752f659fda90d198473632a43356888a317723865957c"", ""buyer_location"": {""buyer_city"": ""Mumbai""}}, ""seller_details"": {""seller_name"": ""942b33622f09df66e59dddce397b6eff4cd470750668c01dd04376a1544987c1""}}"
3197511,3214339,1001263,31157,1970-01-01 00:00:00.000,"{""callback"": ""callback by Today - To reply on WhatsApp regarding IPA (WhatsApp pe check karke reply karta hoon)"", ""lead_tag"": {""deal_blockers"": [], ""deal_readiness"": ""Warm"", ""deal_readiness_reason"": ""Buyer has sent details on WhatsApp and is awaiting a response for IPA.""}, ""metadata"": {""call_type"": {""type"": ""B2B"", ""reason"": ""The buyer is inquiring about Isopropyl Alcohol (IPA), which is typically a B2B industrial solvent."", ""evidence"": {""keywords"": [""IPA""]}}, ""buyer_intent"": {""narrative"": ""Looking for Isopropyl Alcohol (IPA) and has already shared details on WhatsApp."", ""reasoning"": ""Buyer is actively following up on a WhatsApp inquiry for a specific chemical (IPA), showing clear intent."", ""intent_level"": ""Medium""}, ""call_outcome"": {""category"": ""Follow-up"", ""conclusion_notes"": ""Seller will check WhatsApp and reply (WhatsApp kiya hai, reply kar dijiyega).""}, ""call_purpose"": ""requirement"", ""all_languages"": [""Hindi"", ""English""], ""primary_language"": ""Hindi"", ""additional_details"": {""buyer_queries"": [{""query"": ""I have WhatsApped you, can you please reply for IPA?"", ""category"": ""Specifications"", ""sequence"": 1}], ""seller_queries"": []}}, ""products"": [{""in_stock"": ""in stock"", ""product_name"": ""IPA (Isopropyl Alcohol)"", ""specifications"": [{""name"": ""Product Code"", ""value"": ""IPA"", ""buyer_requested"": true, ""seller_mentioned"": false}], ""related_categories"": [{""name"": ""Alcohol Solvents"", ""reason"": ""IPA is a widely used alcohol-based solvent.""}, {""name"": ""Industrial Solvents"", ""reason"": ""IPA is a common industrial solvent used across various sectors.""}], ""is_buyer_interested"": true, ""most_specific_category"": {""name"": ""Isopropyl Alcohol IPA"", ""reason"": ""The buyer explicitly inquired about 'IPA' which stands for Isopropyl Alcohol.""}}], ""next_steps"": {""buyer_next_steps"": [""To wait for the seller's response on WhatsApp""], ""seller_next_steps"": [""To check WhatsApp and reply to the buyer's query for IPA""]}, ""buyer_details"": {}, ""seller_details"": {}}"
148279,148288,5525698,7797,1970-01-01 00:00:00.000,"{""metadata"": {""call_type"": {""type"": ""B2B"", ""reason"": ""The buyer explicitly states a requirement for 5000 sets of steel glasses, indicating a large-scale bulk purchase typical of a B2B transaction, likely for resale or commercial use."", ""evidence"": {""order_type"": ""bulk"", ""repeat_buyer"": false, ""buyer_persona"": ""wholesaler"", ""quantity_scale"": ""High""}}, ""call_purpose"": ""requirement"", ""all_languages"": [""Hindi""], ""primary_language"": ""Hindi""}, ""products"": [{""price"": {""gst"": {""details"": ""plus GST"", ""is_gst_included"": false}, ""value"": 200, ""currency"": ""INR"", ""price_unit"": ""kilo""}, ""in_stock"": ""in stock"", ""product_name"": ""Steel Glass"", ""specifications"": [{""name"": ""Material"", ""value"": ""Steel"", ""buyer_requested"": true, ""seller_mentioned"": false}, {""name"": ""Set Type"", ""unit"": ""piece"", ""value"": ""6"", ""buyer_requested"": true, ""seller_mentioned"": false}, {""name"": ""Capacity"", ""unit"": ""ml"", ""value"": ""300"", ""buyer_requested"": true, ""seller_mentioned"": false}, {""name"": ""Pieces per Kilogram"", ""unit"": ""piece"", ""value"": ""20"", ""buyer_requested"": false, ""seller_mentioned"": true}], ""quantity_required"": {""unit"": ""set"", ""value"": 5000}, ""related_categories"": [{""name"": ""Drinking Glasses"", ""reason"": ""Steel glasses are a type of drinking glass.""}, {""name"": ""Kitchen Glasses"", ""reason"": ""Steel glasses are commonly used as kitchenware.""}], ""is_buyer_interested"": true, ""most_specific_category"": {""name"": ""Steel Glasses"", ""reason"": ""The buyer specifically asked 'स्टील में गिलास बनाते हो' (Do you make steel glasses?) and the seller confirmed availability, clearly indicating 'Steel Glasses' as the primary product.""}}], ""next_steps"": {""buyer_next_steps"": [""To send 'Hi' to the seller's number on WhatsApp""], ""seller_next_steps"": [""To share product details via WhatsApp""]}, ""buyer_details"": {""buyer_name"": ""ad3ce63bce26227e949c88c707dafe1fd30e3d379b927cd9bb52af2151926e00"", ""buyer_mobile_number"": ""d09bd0d39fa14f3f2a2aba40ca92df1f153853cd9ec5b5804422021c38f4bf3c""}, ""seller_details"": {""seller_name"": ""7c78eea7a591b0c8a4dad680372e35ca12e11cffdac5c69a39700c8014fbcc82"", ""seller_mobile_number"": ""ff84ee8da283ef6e4fff3de548ad84044bbfafaa45d7f3c1481a925d6ce8a068""}}"
1557227,1573999,886018,38778,1970-01-01 00:00:00.000,"{""lead_tag"": {""deal_blockers"": [{""detail"": ""Buyer believes market rates have decreased compared to the seller's quote."", ""category"": ""Price""}], ""deal_readiness"": ""Warm"", ""deal_readiness_reason"": ""Checking current market rates for specific product variations with a serious interest in Nashik supply.""}, ""metadata"": {""call_type"": {""type"": ""B2B"", ""reason"": ""Buyer is asking for commercial rates of packaging materials (stretch film) which is typically a B2B transaction for reselling or industrial packaging."", ""evidence"": {""keywords"": [""12mm core"", ""Baby roll"", ""Market rate""], ""buyer_persona"": {""persona_category"": ""retailer""}, ""quantity_scale"": ""High""}}, ""buyer_intent"": {""narrative"": ""Seeking current prices for 12mm core stretch film and baby stretch film rolls for use in Nashik."", ""reasoning"": ""Inquired about specific technical variations (12mm core, baby rolls) and provided his specific location."", ""intent_level"": ""High""}, ""call_outcome"": {""category"": ""Follow-up"", ""conclusion_notes"": ""Checking market rates (Theek hai chalega). Buyer expressed that rates should be lower.""}, ""call_purpose"": ""requirement"", ""all_languages"": [""Marathi"", ""Hindi""], ""primary_language"": ""Marathi"", ""additional_details"": {""buyer_queries"": [{""query"": ""What is the current rate for 12mm core stretch film?"", ""category"": ""Pricing"", ""sequence"": 1}, {""query"": ""What is the rate for baby stretch film?"", ""category"": ""Pricing"", ""sequence"": 2}], ""seller_queries"": []}, ""intended_application"": ""Industrial Packaging""}, ""products"": [{""price"": {""value"": 185, ""currency"": ""INR"", ""price_unit"": ""kg"", ""offer_details"": ""Price quoted as 185"", ""buyer_price_reaction"": {""quote"": ""Rate has decreased now (Itna rate toh abhi kam ho gaya)"", ""category"": ""Negotiating""}}, ""product_name"": ""Stretch Film (12mm Core)"", ""specifications"": [{""name"": ""Core Size"", ""unit"": ""mm"", ""value"": ""12"", ""buyer_requested"": true, ""seller_mentioned"": false}], ""related_categories"": [{""name"": ""LDPE Roll"", ""reason"": ""Stretch films are commonly made of LLDPE or LDPE materials.""}, {""name"": ""Packaging Materials"", ""reason"": ""Stretch film is a primary material used in industrial packaging.""}], ""is_buyer_interested"": true, ""most_specific_category"": {""name"": ""Stretch Film"", ""reason"": ""The product is explicitly identified as 'Stretch Film' used for packaging applications.""}}, {""price"": {""value"": 190, ""currency"": ""INR"", ""price_unit"": ""kg"", ""offer_details"": ""Price quoted as 190""}, ""product_name"": ""Baby Stretch Film"", ""specifications"": [{""name"": ""Type"", ""value"": ""Baby Roll"", ""buyer_requested"": true, ""seller_mentioned"": false}], ""related_categories"": [{""name"": ""Plastic Wrapping Film"", ""reason"": ""Used for small-scale wrapping and packaging.""}], ""is_buyer_interested"": true, ""most_specific_category"": {""name"": ""Stretch Film"", ""reason"": ""Referred to as 'Baby' which is a common trade term for small-width stretch film rolls.""}}], ""next_steps"": {""buyer_next_steps"": [""To evaluate the quoted prices against market rates""], ""seller_next_steps"": [""To follow up for order confirmation if the price is accepted""]}, ""buyer_details"": {""buyer_name"": ""6e33209b8019450f2b2cf8922ffbe6ea37149e66be07577e8fe0bf0261891f94"", ""buyer_location"": {""buyer_city"": ""Nashik""}}, ""seller_details"": {""seller_name"": ""1ed6572c98a5275a098f9e5c8dee2d432508554165958189445918d27efaf446""}}"
2377335,2394138,8436657,4167,1970-01-01 00:00:00.000,"{""lead_tag"": {""deal_blockers"": [{""detail"": ""Buyer needs 50 boxes (approx 12,000 pcs) but seller's MOQ is 100,000 pieces."", ""category"": ""MOQ""}], ""deal_readiness"": ""Cold"", ""deal_readiness_reason"": ""High quantity mismatch between requirement and minimum order limit.""}, ""metadata"": {""call_type"": {""type"": ""B2B"", ""reason"": ""The buyer is inquiring for a significant quantity (50 boxes) for a specific district, indicating resale or distribution intent."", ""evidence"": {""keywords"": [""50 peti"", ""Distt Bulandshahr"", ""Agency in Aligarh"", ""1 lakh piece MOQ""], ""order_type"": {""order_type_category"": ""bulk""}, ""repeat_buyer"": true, ""buyer_persona"": {""persona_detail"": ""Regional Distributor"", ""persona_category"": ""distributor""}, ""quantity_scale"": ""High""}}, ""buyer_intent"": {""narrative"": ""Wants to purchase 50 boxes of S1 Carrot Buds for distribution in Bulandshahr."", ""reasoning"": ""Buyer specifically asked for S1 Carrot Buds, mentioned a specific quantity (50 boxes), and asked about regional availability."", ""intent_level"": ""High""}, ""call_outcome"": {""category"": ""Pending"", ""conclusion_notes"": ""Quantity mismatch; buyer needs 50 boxes while seller requires 1 lakh pieces for delivery (Itni kam quantity mein nahi pahucha payenge).""}, ""call_purpose"": ""requirement"", ""all_languages"": [""Hindi"", ""English""], ""primary_language"": ""Hindi"", ""additional_details"": {""buyer_queries"": [{""query"": ""Is there any agency in Aligarh?"", ""category"": ""Availability"", ""sequence"": 1}, {""query"": ""Can you deliver 50 boxes to Bulandshahr for 5.50 rupees?"", ""category"": ""Delivery"", ""sequence"": 2}], ""seller_queries"": [{""query"": ""Which size do you need?"", ""category"": ""Specifications"", ""sequence"": 3}, {""query"": ""How much quantity do you need?"", ""category"": ""Quantity"", ""sequence"": 4}]}, ""intended_application"": ""Retail Resale""}, ""products"": [{""price"": {""value"": 5.5, ""currency"": ""INR"", ""price_unit"": ""piece"", ""delivery_charge"": {""details"": ""Free transportation for 1 lakh pieces in Delhi or 5 lakh pieces outside Delhi."", ""is_delivery_charge_included"": false}}, ""in_stock"": ""in stock"", ""product_name"": ""S1 Carrot Buds"", ""specifications"": [{""name"": ""Size"", ""value"": ""Small"", ""buyer_requested"": false, ""seller_mentioned"": true}, {""name"": ""Packaging"", ""unit"": ""pieces"", ""value"": ""240 per box"", ""buyer_requested"": false, ""seller_mentioned"": true}], ""quantity_required"": {""unit"": ""boxes"", ""value"": 50}, ""related_categories"": [{""name"": ""Baby Diapers"", ""reason"": ""Carrot brand often deals in both baby diapers and related baby care accessories like buds.""}], ""is_buyer_interested"": true, ""minimum_order_quantity"": {""unit"": ""pieces"", ""value"": 100000}, ""most_specific_category"": {""name"": ""Baby Care Products"", ""reason"": ""The product discussed is Carrot Buds, which are cotton buds used in baby care.""}, ""seller_accepts_quantity"": false}], ""next_steps"": {""buyer_next_steps"": [""To consider increasing order quantity to meet the 1 lakh piece MOQ""], ""seller_next_steps"": []}, ""buyer_details"": {""buyer_location"": {""buyer_city"": ""Bulandshahr"", ""buyer_state"": ""Uttar Pradesh""}}, ""seller_details"": {""seller_location"": {""seller_city"": ""New Delhi""}}}"
3214475,3231305,8436657,4167,1970-01-01 00:00:00.000,"{""callback"": ""callback by Tomorrow - To share locations and pricing (Kal batata hoon)"", ""lead_tag"": {""deal_blockers"": [], ""deal_readiness"": ""Warm"", ""deal_readiness_reason"": ""Looking for large quantities of baby diapers with specifically tape-style but yet to finalize pricing and specifics""}, ""metadata"": {""call_type"": {""type"": ""B2B"", ""reason"": ""Buyer is seeking large volumes (approx 1 lakh value) of baby diapers for institutional use in a hospital, indicating a B2B relationship."", ""evidence"": {""keywords"": [""Wholesale"", ""Hospital Supply"", ""Tape Style"", ""New Born""], ""order_type"": [""bulk"", ""recurring"", ""commercial""], ""repeat_buyer"": true, ""buyer_persona"": {""persona_detail"": ""Hospital Supplier"", ""persona_category"": ""institution""}, ""quantity_scale"": ""High""}}, ""buyer_intent"": {""narrative"": ""Wants to buy large bulk quantities of tape style baby diapers for a hospital in Delhi"", ""reasoning"": ""Discussed specific size, style, and quantified potential order volume at around 1 lakh."", ""intent_level"": ""High""}, ""call_outcome"": {""category"": ""Follow-up"", ""conclusion_notes"": ""Seller committed to share the location and price info. (Main location bhej deta hoon list ke saath)""}, ""call_purpose"": ""requirement"", ""all_languages"": [""Hindi"", ""English""], ""primary_language"": ""Hindi"", ""additional_details"": {""buyer_queries"": [{""query"": ""Do you have new born size but not pant style?"", ""category"": ""Specifications"", ""sequence"": 1}, {""query"": ""What will be the price for quantities of around 1 lakh?"", ""category"": ""Pricing"", ""sequence"": 2, ""answer_by_seller"": ""I will send you a price list and photos on WhatsApp.""}, {""query"": ""Can you provide samples?"", ""category"": ""Specifications"", ""sequence"": 3, ""answer_by_seller"": ""You will have to come to my location Bawana Industrial Area Sector 1 to check samples.""}], ""seller_queries"": [{""query"": ""What is your specification and requirement?"", ""category"": ""Specifications"", ""sequence"": 4, ""answer_by_buyer"": ""I am looking for New Born size tape-style baby diapers in bulk for hospitals.""}, {""query"": ""Where are you from?"", ""category"": ""Location"", ""sequence"": 5, ""answer_by_buyer"": ""I am from South Delhi.""}]}, ""intended_application"": ""Hospital Supply""}, ""products"": [{""price"": {""currency"": ""INR"", ""negotiation_notes"": ""Buyer asked for a wholesale rate for bulk ordering around 1 lakh worth of products."", ""buyer_price_reaction"": {""quote"": ""Thok wala rate batana (Tell me wholesale rate)"", ""category"": ""Negotiating""}}, ""in_stock"": ""in stock"", ""product_name"": ""Baby Diapers (Tape Style)"", ""specifications"": [{""name"": ""Style"", ""value"": ""Tape-style"", ""buyer_requested"": true, ""seller_mentioned"": true}, {""name"": ""Size"", ""value"": ""New Born"", ""buyer_requested"": true, ""seller_mentioned"": true}], ""related_categories"": [{""name"": ""Disposable Baby Diapers"", ""reason"": ""These are standardized disposable diapers mentioned for hospital use.""}, {""name"": ""Baby Care Products"", ""reason"": ""Diapers are a sub-segment of overall baby care items.""}], ""is_buyer_interested"": true, ""most_specific_category"": {""name"": ""Baby Diapers"", ""reason"": ""Discussed specifically new born size diapers in tape-style which falls under this category.""}}], ""next_steps"": {""buyer_next_steps"": [""To check price list on whatsapp"", ""To visit Bawana Industrial Area to inspect samples""], ""seller_next_steps"": [""To share product price list"", ""To share company location via WhatsApp""]}, ""buyer_details"": {""buyer_location"": {""buyer_city"": ""Delhi""}}, ""seller_details"": {""seller_location"": {""seller_city"": ""Bawana"", ""seller_state"": ""Delhi"", ""seller_locality"": ""Sector 1""}}}"
1865073,1881854,1001263,31157,1970-01-01 00:00:00.000,"{""callback"": ""callback by tomorrow - To provide stock and price details (Kaale badho reply aapu)"", ""lead_tag"": {""deal_blockers"": [{""detail"": ""Buyer is a trader and seeking a better final price than 110."", ""category"": ""Price""}], ""deal_readiness"": ""Warm"", ""deal_readiness_reason"": ""Buyer has a specific bulk requirement and is negotiating price, needs to share company details.""}, ""metadata"": {""call_type"": {""type"": ""B2B"", ""reason"": ""Buyer is a trader looking for bulk quantities (35 barrels) for resale, making it a B2B transaction."", ""evidence"": {""keywords"": [""Recovered"", ""99 plus"", ""35 barrels""], ""order_type"": {""order_type_category"": ""bulk""}, ""repeat_buyer"": true, ""buyer_persona"": {""persona_detail"": ""Trader"", ""persona_category"": ""wholesaler""}, ""quantity_scale"": ""High""}}, ""buyer_intent"": {""narrative"": ""Wants 35 barrels of 99 plus recovered IPA for trading purposes."", ""reasoning"": ""Buyer specifies volume, grade, and moisture tolerance, indicating professional procurement."", ""intent_level"": ""High""}, ""call_outcome"": {""category"": ""Follow-up"", ""conclusion_notes"": ""Seller will check stock and provide final quote tomorrow (Kaale badho reply aapu).""}, ""call_purpose"": ""requirement"", ""all_languages"": [""Gujarati"", ""English""], ""primary_language"": ""Gujarati"", ""additional_details"": {""buyer_queries"": [{""query"": ""What is the final price for a trader?"", ""category"": ""Pricing"", ""sequence"": 2}, {""query"": ""Where will the delivery be from?"", ""category"": ""Delivery"", ""sequence"": 3}], ""seller_queries"": [{""query"": ""Where are you calling from?"", ""category"": ""Other"", ""sequence"": 1}]}, ""intended_application"": ""Retail Resale""}, ""products"": [{""price"": {""value"": 110, ""currency"": ""INR"", ""price_unit"": ""kg"", ""delivery_charge"": {""details"": ""Delivery from Ahmedabad"", ""is_delivery_charge_included"": false}, ""buyer_price_reaction"": {""quote"": ""Bhai main trader hoon final bhav aapo"", ""category"": ""Negotiating""}}, ""product_name"": ""99 Plus Recovered IPA (Isopropyl Alcohol)"", ""specifications"": [{""name"": ""Purity"", ""unit"": ""%"", ""value"": ""99"", ""buyer_requested"": true, ""seller_mentioned"": true}, {""name"": ""Type"", ""value"": ""Recovered"", ""buyer_requested"": true, ""seller_mentioned"": true}, {""name"": ""Moisture Content"", ""unit"": ""%"", ""value"": ""2"", ""buyer_requested"": false, ""seller_mentioned"": true}], ""quantity_required"": {""unit"": ""barrels"", ""value"": 35}, ""related_categories"": [{""name"": ""Alcohol Solvents"", ""reason"": ""IPA is a common alcohol based solvent used industrially.""}, {""name"": ""Industrial Solvents"", ""reason"": ""The bulk quantity and recovery grade indicate industrial solvent use.""}], ""is_buyer_interested"": true, ""most_specific_category"": {""name"": ""Isopropyl Alcohol IPA"", ""reason"": ""The buyer asks for IPA 99 plus recovered, which is a specific type of Isopropyl Alcohol.""}, ""seller_accepts_quantity"": true}], ""next_steps"": {""buyer_next_steps"": [""To send company details on WhatsApp"", ""To say Hi on WhatsApp""], ""seller_next_steps"": [""To check stock availability"", ""To provide final price and reply tomorrow""]}, ""buyer_details"": {""buyer_name"": ""45fab2fd52dcaa7d97b18a1762af1f2d63d2e54b607521ed83768317c7b3257c"", ""buyer_location"": {""buyer_city"": ""Surat""}}, ""seller_details"": {""seller_location"": {""seller_city"": ""Ahmedabad""}}}"
1865073,1881854,1001263,31157,1970-01-01 00:00:00.000,"{""callback"": ""callback by tomorrow - To provide stock and price details (Kaale badho reply aapu)"", ""lead_tag"": {""deal_blockers"": [{""detail"": ""Buyer is a trader and seeking a better final price than 110."", ""category"": ""Price""}], ""deal_readiness"": ""Warm"", ""deal_readiness_reason"": ""Buyer has a specific bulk requirement and is negotiating price, needs to share company details.""}, ""metadata"": {""call_type"": {""type"": ""B2B"", ""reason"": ""Buyer is a trader looking for bulk quantities (35 barrels) for resale, making it a B2B transaction."", ""evidence"": {""keywords"": [""Recovered"", ""99 plus"", ""35 barrels""], ""order_type"": {""order_type_category"": ""bulk""}, ""repeat_buyer"": true, ""buyer_persona"": {""persona_detail"": ""Trader"", ""persona_category"": ""wholesaler""}, ""quantity_scale"": ""High""}}, ""buyer_intent"": {""narrative"": ""Wants 35 barrels of 99 plus recovered IPA for trading purposes."", ""reasoning"": ""Buyer specifies volume, grade, and moisture tolerance, indicating professional procurement."", ""intent_level"": ""High""}, ""call_outcome"": {""category"": ""Follow-up"", ""conclusion_notes"": ""Seller will check stock and provide final quote tomorrow (Kaale badho reply aapu).""}, ""call_purpose"": ""requirement"", ""all_languages"": [""Gujarati"", ""English""], ""primary_language"": ""Gujarati"", ""additional_details"": {""buyer_queries"": [{""query"": ""What is the final price for a trader?"", ""category"": ""Pricing"", ""sequence"": 2}, {""query"": ""Where will the delivery be from?"", ""category"": ""Delivery"", ""sequence"": 3}], ""seller_queries"": [{""query"": ""Where are you calling from?"", ""category"": ""Other"", ""sequence"": 1}]}, ""intended_application"": ""Retail Resale""}, ""products"": [{""price"": {""value"": 110, ""currency"": ""INR"", ""price_unit"": ""kg"", ""delivery_charge"": {""details"": ""Delivery from Ahmedabad"", ""is_delivery_charge_included"": false}, ""buyer_price_reaction"": {""quote"": ""Bhai main trader hoon final bhav aapo"", ""category"": ""Negotiating""}}, ""product_name"": ""99 Plus Recovered IPA (Isopropyl Alcohol)"", ""specifications"": [{""name"": ""Purity"", ""unit"": ""%"", ""value"": ""99"", ""buyer_requested"": true, ""seller_mentioned"": true}, {""name"": ""Type"", ""value"": ""Recovered"", ""buyer_requested"": true, ""seller_mentioned"": true}, {""name"": ""Moisture Content"", ""unit"": ""%"", ""value"": ""2"", ""buyer_requested"": false, ""seller_mentioned"": true}], ""quantity_required"": {""unit"": ""barrels"", ""value"": 35}, ""related_categories"": [{""name"": ""Alcohol Solvents"", ""reason"": ""IPA is a common alcohol based solvent used industrially.""}, {""name"": ""Industrial Solvents"", ""reason"": ""The bulk quantity and recovery grade indicate industrial solvent use.""}], ""is_buyer_interested"": true, ""most_specific_category"": {""name"": ""Isopropyl Alcohol IPA"", ""reason"": ""The buyer asks for IPA 99 plus recovered, which is a specific type of Isopropyl Alcohol.""}, ""seller_accepts_quantity"": true}], ""next_steps"": {""buyer_next_steps"": [""To send company details on WhatsApp"", ""To say Hi on WhatsApp""], ""seller_next_steps"": [""To check stock availability"", ""To provide final price and reply tomorrow""]}, ""buyer_details"": {""buyer_name"": ""45fab2fd52dcaa7d97b18a1762af1f2d63d2e54b607521ed83768317c7b3257c"", ""buyer_location"": {""buyer_city"": ""Surat""}}, ""seller_details"": {""seller_location"": {""seller_city"": ""Ahmedabad""}}}"
1858034,1874814,8436657,4167,1970-01-01 00:00:00.000,"{""callback"": ""callback by Tomorrow 12 PM - To confirm if 6 packs can be shipped (Kal 12 baje call karke finalize karte hain)"", ""lead_tag"": {""deal_blockers"": [{""detail"": ""Buyer wants 6 packs, which is below seller's bulk threshold"", ""category"": ""MOQ""}], ""deal_readiness"": ""Warm"", ""deal_readiness_reason"": ""Buyer is ready to purchase 6 packs but seller usually deals in larger quantities.""}, ""metadata"": {""call_type"": {""type"": ""B2C"", ""reason"": ""The buyer explicitly mentioned the product is for 'home use' and for her 'baby', requesting only 6 packs, which characterizes a B2C interaction."", ""evidence"": {""keywords"": [""Home use"", ""Baby use""], ""order_type"": {""order_type_category"": ""one-time""}, ""buyer_persona"": {""persona_category"": ""end_consumer""}, ""quantity_scale"": ""Low""}}, ""buyer_intent"": {""narrative"": ""Wants to buy 6 packs of baby diapers for home use."", ""reasoning"": ""Buyer specifically mentioned the pack size (78-80 pieces) and the total quantity (6 packs) for personal use."", ""intent_level"": ""High""}, ""call_outcome"": {""category"": ""Follow-up"", ""conclusion_notes"": ""Pending due to low quantity request; seller will confirm tomorrow (Kal batati hoon).""}, ""call_purpose"": ""requirement"", ""all_languages"": [""Hindi"", ""English""], ""primary_language"": ""Hindi"", ""additional_details"": {""buyer_queries"": [{""query"": ""Will the price be 3 rupees per piece for 78 to 80 pieces?"", ""category"": ""Pricing"", ""sequence"": 1}], ""seller_queries"": [{""query"": ""What is your required quantity?"", ""category"": ""Quantity"", ""sequence"": 2}]}, ""intended_application"": ""Home Use""}, ""products"": [{""price"": {""value"": 3, ""price_unit"": ""piece""}, ""in_stock"": ""in stock"", ""product_name"": ""Baby Diaper"", ""specifications"": [{""name"": ""Pack Size"", ""unit"": ""pieces"", ""value"": ""78"", ""buyer_requested"": true, ""seller_mentioned"": false}], ""quantity_required"": {""unit"": ""packs"", ""value"": 6}, ""related_categories"": [{""name"": ""Diapering Products"", ""reason"": ""Diapers are a sub-category of broader diapering products.""}], ""is_buyer_interested"": true, ""most_specific_category"": {""name"": ""Baby Diapers"", ""reason"": ""The buyer specifically mentioned diapers for their baby.""}, ""seller_accepts_quantity"": false}], ""next_steps"": {""buyer_next_steps"": [""To wait for a call back regarding order acceptance.""], ""seller_next_steps"": [""To confirm if an order of 6 packs can be fulfilled.""]}, ""buyer_details"": {""buyer_name"": ""f479b4ac320a8b673d5e168b0265ddbe8735381c08ca596808210ca9635bf3b7""}, ""seller_details"": {""seller_name"": ""602d3d0ab5e96a205221e5a0ea2e85b4d8aee8562a064533e95591f94d2df19e""}}"
1858034,1874814,8436657,4167,1970-01-01 00:00:00.000,"{""callback"": ""callback by Tomorrow 12 PM - To confirm if 6 packs can be shipped (Kal 12 baje call karke finalize karte hain)"", ""lead_tag"": {""deal_blockers"": [{""detail"": ""Buyer wants 6 packs, which is below seller's bulk threshold"", ""category"": ""MOQ""}], ""deal_readiness"": ""Warm"", ""deal_readiness_reason"": ""Buyer is ready to purchase 6 packs but seller usually deals in larger quantities.""}, ""metadata"": {""call_type"": {""type"": ""B2C"", ""reason"": ""The buyer explicitly mentioned the product is for 'home use' and for her 'baby', requesting only 6 packs, which characterizes a B2C interaction."", ""evidence"": {""keywords"": [""Home use"", ""Baby use""], ""order_type"": {""order_type_category"": ""one-time""}, ""buyer_persona"": {""persona_category"": ""end_consumer""}, ""quantity_scale"": ""Low""}}, ""buyer_intent"": {""narrative"": ""Wants to buy 6 packs of baby diapers for home use."", ""reasoning"": ""Buyer specifically mentioned the pack size (78-80 pieces) and the total quantity (6 packs) for personal use."", ""intent_level"": ""High""}, ""call_outcome"": {""category"": ""Follow-up"", ""conclusion_notes"": ""Pending due to low quantity request; seller will confirm tomorrow (Kal batati hoon).""}, ""call_purpose"": ""requirement"", ""all_languages"": [""Hindi"", ""English""], ""primary_language"": ""Hindi"", ""additional_details"": {""buyer_queries"": [{""query"": ""Will the price be 3 rupees per piece for 78 to 80 pieces?"", ""category"": ""Pricing"", ""sequence"": 1}], ""seller_queries"": [{""query"": ""What is your required quantity?"", ""category"": ""Quantity"", ""sequence"": 2}]}, ""intended_application"": ""Home Use""}, ""products"": [{""price"": {""value"": 3, ""price_unit"": ""piece""}, ""in_stock"": ""in stock"", ""product_name"": ""Baby Diaper"", ""specifications"": [{""name"": ""Pack Size"", ""unit"": ""pieces"", ""value"": ""78"", ""buyer_requested"": true, ""seller_mentioned"": false}], ""quantity_required"": {""unit"": ""packs"", ""value"": 6}, ""related_categories"": [{""name"": ""Diapering Products"", ""reason"": ""Diapers are a sub-category of broader diapering products.""}], ""is_buyer_interested"": true, ""most_specific_category"": {""name"": ""Baby Diapers"", ""reason"": ""The buyer specifically mentioned diapers for their baby.""}, ""seller_accepts_quantity"": false}], ""next_steps"": {""buyer_next_steps"": [""To wait for a call back regarding order acceptance.""], ""seller_next_steps"": [""To confirm if an order of 6 packs can be fulfilled.""]}, ""buyer_details"": {""buyer_name"": ""f479b4ac320a8b673d5e168b0265ddbe8735381c08ca596808210ca9635bf3b7""}, ""seller_details"": {""seller_name"": ""602d3d0ab5e96a205221e5a0ea2e85b4d8aee8562a064533e95591f94d2df19e""}}"
1577956,1594730,28792251,4237,1970-01-01 00:00:00.000,"{""lead_tag"": {""deal_blockers"": [], ""deal_readiness"": ""Warm"", ""deal_readiness_reason"": ""Buyer provided exact dimensions and color, and swapped numbers but details are pending sharing.""}, ""metadata"": {""call_type"": {""type"": ""B2B"", ""reason"": ""The specific dimensions and requirement type suggest a commercial/business application."", ""evidence"": {""keywords"": [""50 x 60""], ""order_type"": {""order_type_category"": ""commercial""}}}, ""buyer_intent"": {""narrative"": ""Wants pink 50x60 stickers."", ""reasoning"": ""Buyer provided specific dimensions (50x60) and color preference (pink)."", ""intent_level"": ""High""}, ""call_outcome"": {""category"": ""Follow-up"", ""conclusion_notes"": ""WhatsApp details to be shared (WhatsApp pe aap saari details mujhe bhej dena).""}, ""call_purpose"": ""requirement"", ""all_languages"": [""Hindi"", ""English""], ""primary_language"": ""Hindi"", ""additional_details"": {""buyer_queries"": [{""query"": ""I need 50 x 60 pink stickers"", ""category"": ""Specifications"", ""sequence"": 1}], ""seller_queries"": [{""query"": ""Could you please note down your WhatsApp number?"", ""category"": ""Other"", ""sequence"": 2}]}}, ""products"": [{""specifications"": [{""name"": ""Size"", ""unit"": ""mm"", ""value"": ""50 x 60"", ""buyer_requested"": true, ""seller_mentioned"": false}, {""name"": ""Color"", ""value"": ""Pink"", ""buyer_requested"": true, ""seller_mentioned"": false}], ""related_categories"": [{""name"": ""Roll Labels"", ""reason"": ""Industrial scale stickers are often supplied in roll format.""}, {""name"": ""Self Adhesive Stickers"", ""reason"": ""Most industrial stickers are self-adhesive.""}], ""is_buyer_interested"": true, ""most_specific_category"": {""name"": ""Stickers"", ""reason"": ""The buyer specifically asks for stickers (\""sticker chahiye tha\"") of size 50 x 60.""}}], ""next_steps"": {""buyer_next_steps"": [""To share requirement details on WhatsApp""], ""seller_next_steps"": [""To share product details and quotations on WhatsApp""]}, ""buyer_details"": {""buyer_mobile_number"": ""7d1e19fdd087dc282fd7bf91e664ec6a2d1286308a8a46424c54d4559673e98c""}, ""seller_details"": {}}"
1866891,1883672,1001263,31157,1970-01-01 00:00:00.000,"{""payment"": {""payment_details"": ""Advance against proforma invoice discussed""}, ""lead_tag"": {""deal_blockers"": [{""detail"": ""Immediate same-day sample/small quantity pick-up not possible as staff left."", ""category"": ""Availability""}], ""deal_readiness"": ""Hot"", ""deal_readiness_reason"": ""Urgent requirement for tomorrow morning to complete a production batch/MS report.""}, ""metadata"": {""call_type"": {""type"": ""B2B"", ""reason"": ""Buyer owns a manufacturing unit in Changodar and requires 2-3 barrels regularly every month, indicating a B2B relationship."", ""evidence"": {""keywords"": [""Manufacturing Unit"", ""Monthly requirement"", ""Barrels"", ""GST"", ""Proforma invoice""], ""order_type"": {""order_type_category"": ""recurring""}, ""repeat_buyer"": true, ""buyer_persona"": {""persona_detail"": ""Perfume Manufacturer"", ""persona_category"": ""manufacturer""}, ""quantity_scale"": ""High""}}, ""buyer_intent"": {""narrative"": ""Wants 2-3 barrels of IPA monthly for perfume manufacturing and needs a small sample urgently by tomorrow."", ""reasoning"": ""Buyer has a manufacturing unit, specific monthly requirement (2-3 barrels), and urgent need for a sample to complete a batch."", ""intent_level"": ""High""}, ""call_outcome"": {""category"": ""Follow-up"", ""conclusion_notes"": ""Agreed to process proforma tomorrow after sharing details (Billing detail bhej dena... proforma bhej dunga).""}, ""call_purpose"": ""requirement"", ""all_languages"": [""Gujarati"", ""English""], ""primary_language"": ""Gujarati"", ""additional_details"": {""buyer_queries"": [{""query"": ""What is the rate for IPA?"", ""category"": ""Pricing"", ""sequence"": 1}, {""query"": ""Can I get 1kg or 500g today for an MS report?"", ""category"": ""Quantity"", ""sequence"": 4}], ""seller_queries"": [{""query"": ""Where are you calling from?"", ""category"": ""Other"", ""sequence"": 2}, {""query"": ""How much quantity do you need?"", ""category"": ""Quantity"", ""sequence"": 3}]}, ""intended_application"": ""Perfume Manufacturing""}, ""products"": [{""price"": {""gst"": {""details"": ""118 plus GST"", ""is_gst_included"": false}, ""value"": 118, ""currency"": ""INR"", ""price_unit"": ""kg"", ""buyer_price_reaction"": {""quote"": ""If IPA set is done for me, I will use it tomorrow morning."", ""category"": ""Negotiating""}}, ""in_stock"": ""in stock"", ""product_name"": ""IPA (Isopropyl Alcohol)"", ""specifications"": [{""name"": ""Grade"", ""value"": ""99 GC"", ""buyer_requested"": false, ""seller_mentioned"": true}], ""quantity_required"": {""unit"": ""barrels"", ""value"": 2}, ""related_categories"": [{""name"": ""Industrial Solvents"", ""reason"": ""IPA is a common industrial solvent used in various manufacturing processes like perfume production.""}, {""name"": ""Chemical Solvent"", ""reason"": ""It acts as a chemical solvent in industrial applications.""}], ""is_buyer_interested"": true, ""most_specific_category"": {""name"": ""Isopropyl Alcohol IPA"", ""reason"": ""The buyer explicitly asks for the rate of 'IPA' and mentions its use in a perfume manufacturing unit, confirming its identity as Isopropyl Alcohol.""}, ""seller_accepts_quantity"": true}], ""next_steps"": {""buyer_next_steps"": [""To share billing and bank details for proforma invoice"", ""To contact after 11 AM tomorrow""], ""seller_next_steps"": [""To send proforma invoice once buyer details are received"", ""To arrange 200g-1kg sample by tomorrow morning""]}, ""buyer_details"": {""buyer_name"": ""b66811423f3e4d1c74b0bd39a2f0c0ab19438429747d19be105f166f5a1bb5bb"", ""buyer_location"": {""buyer_city"": ""Ahmedabad"", ""buyer_locality"": ""Changodar""}}, ""seller_details"": {""seller_name"": ""3563122f4bc86b2b381bb72c8afc585b88ea9bc9904512c82ca13ea620c5bc4b"", ""seller_location"": {""seller_city"": ""Ahmedabad"", ""seller_locality"": ""Kishanpur""}}}"
1866891,1883672,1001263,31157,1970-01-01 00:00:00.000,"{""payment"": {""payment_details"": ""Advance against proforma invoice discussed""}, ""lead_tag"": {""deal_blockers"": [{""detail"": ""Immediate same-day sample/small quantity pick-up not possible as staff left."", ""category"": ""Availability""}], ""deal_readiness"": ""Hot"", ""deal_readiness_reason"": ""Urgent requirement for tomorrow morning to complete a production batch/MS report.""}, ""metadata"": {""call_type"": {""type"": ""B2B"", ""reason"": ""Buyer owns a manufacturing unit in Changodar and requires 2-3 barrels regularly every month, indicating a B2B relationship."", ""evidence"": {""keywords"": [""Manufacturing Unit"", ""Monthly requirement"", ""Barrels"", ""GST"", ""Proforma invoice""], ""order_type"": {""order_type_category"": ""recurring""}, ""repeat_buyer"": true, ""buyer_persona"": {""persona_detail"": ""Perfume Manufacturer"", ""persona_category"": ""manufacturer""}, ""quantity_scale"": ""High""}}, ""buyer_intent"": {""narrative"": ""Wants 2-3 barrels of IPA monthly for perfume manufacturing and needs a small sample urgently by tomorrow."", ""reasoning"": ""Buyer has a manufacturing unit, specific monthly requirement (2-3 barrels), and urgent need for a sample to complete a batch."", ""intent_level"": ""High""}, ""call_outcome"": {""category"": ""Follow-up"", ""conclusion_notes"": ""Agreed to process proforma tomorrow after sharing details (Billing detail bhej dena... proforma bhej dunga).""}, ""call_purpose"": ""requirement"", ""all_languages"": [""Gujarati"", ""English""], ""primary_language"": ""Gujarati"", ""additional_details"": {""buyer_queries"": [{""query"": ""What is the rate for IPA?"", ""category"": ""Pricing"", ""sequence"": 1}, {""query"": ""Can I get 1kg or 500g today for an MS report?"", ""category"": ""Quantity"", ""sequence"": 4}], ""seller_queries"": [{""query"": ""Where are you calling from?"", ""category"": ""Other"", ""sequence"": 2}, {""query"": ""How much quantity do you need?"", ""category"": ""Quantity"", ""sequence"": 3}]}, ""intended_application"": ""Perfume Manufacturing""}, ""products"": [{""price"": {""gst"": {""details"": ""118 plus GST"", ""is_gst_included"": false}, ""value"": 118, ""currency"": ""INR"", ""price_unit"": ""kg"", ""buyer_price_reaction"": {""quote"": ""If IPA set is done for me, I will use it tomorrow morning."", ""category"": ""Negotiating""}}, ""in_stock"": ""in stock"", ""product_name"": ""IPA (Isopropyl Alcohol)"", ""specifications"": [{""name"": ""Grade"", ""value"": ""99 GC"", ""buyer_requested"": false, ""seller_mentioned"": true}], ""quantity_required"": {""unit"": ""barrels"", ""value"": 2}, ""related_categories"": [{""name"": ""Industrial Solvents"", ""reason"": ""IPA is a common industrial solvent used in various manufacturing processes like perfume production.""}, {""name"": ""Chemical Solvent"", ""reason"": ""It acts as a chemical solvent in industrial applications.""}], ""is_buyer_interested"": true, ""most_specific_category"": {""name"": ""Isopropyl Alcohol IPA"", ""reason"": ""The buyer explicitly asks for the rate of 'IPA' and mentions its use in a perfume manufacturing unit, confirming its identity as Isopropyl Alcohol.""}, ""seller_accepts_quantity"": true}], ""next_steps"": {""buyer_next_steps"": [""To share billing and bank details for proforma invoice"", ""To contact after 11 AM tomorrow""], ""seller_next_steps"": [""To send proforma invoice once buyer details are received"", ""To arrange 200g-1kg sample by tomorrow morning""]}, ""buyer_details"": {""buyer_name"": ""b66811423f3e4d1c74b0bd39a2f0c0ab19438429747d19be105f166f5a1bb5bb"", ""buyer_location"": {""buyer_city"": ""Ahmedabad"", ""buyer_locality"": ""Changodar""}}, ""seller_details"": {""seller_name"": ""3563122f4bc86b2b381bb72c8afc585b88ea9bc9904512c82ca13ea620c5bc4b"", ""seller_location"": {""seller_city"": ""Ahmedabad"", ""seller_locality"": ""Kishanpur""}}}"
2387074,2403879,8436657,4167,1970-01-01 00:00:00.000,"{""callback"": ""callback by Today - To discuss pricing and packaging details at the office"", ""lead_tag"": {""deal_blockers"": [], ""deal_readiness"": ""Warm"", ""deal_readiness_reason"": ""The buyer owns a chemistry shop and needs diapers for resale, but specifics like pricing and packaging were not shared, and he was asked to visit the office.""}, ""metadata"": {""call_type"": {""type"": ""B2B"", ""reason"": ""The buyer owns a chemistry shop and is inquiring about purchasing diapers for his business. This indicates a B2B transaction where the items are bought for resale."", ""evidence"": {""keywords"": [""Chemistry Shop"", ""Office Visit""], ""order_type"": {""order_type_category"": ""commercial""}, ""repeat_buyer"": true, ""buyer_persona"": {""persona_detail"": ""Chemist"", ""persona_category"": ""retailer""}}}, ""buyer_intent"": {""narrative"": ""The buyer wants to purchase diapers for his pharmacy shop and is inquiring about pricing and packaging."", ""reasoning"": ""The buyer specifically mentioned being a chemist shop owner, which indicates a clear intent to buy for resale."", ""intent_level"": ""High""}, ""call_outcome"": {""category"": ""Follow-up"", ""conclusion_notes"": ""The seller asked the buyer to visit the office in Bawana to discuss pricing and packaging (Office aa jaiye meeting kar lete hain).""}, ""call_purpose"": ""requirement"", ""all_languages"": [""Hindi"", ""English""], ""primary_language"": ""Hindi"", ""additional_details"": {""buyer_queries"": [{""query"": ""How many pieces are in one packet?"", ""category"": ""Quantity"", ""sequence"": 1}, {""query"": ""What is the price of the diaper packet?"", ""category"": ""Pricing"", ""sequence"": 2}], ""seller_queries"": []}}, ""products"": [{""in_stock"": ""in stock"", ""product_name"": ""Diaper"", ""specifications"": [{""name"": ""Packaging"", ""value"": ""packets"", ""buyer_requested"": true, ""seller_mentioned"": false}], ""related_categories"": [{""name"": ""Baby Care Products"", ""reason"": ""Diapers are a core category within baby care products.""}, {""name"": ""Disposable Diaper"", ""reason"": ""Most diapers sold in pharmacies are disposable, fitting this category.""}], ""is_buyer_interested"": true, ""most_specific_category"": {""name"": ""Diaper"", ""reason"": ""The buyer explicitly used the term 'diaper' for his chemist shop's requirement.""}}], ""next_steps"": {""buyer_next_steps"": [""To visit the seller's office in Bawana for a meeting""], ""seller_next_steps"": [""To share the office address on WhatsApp""]}, ""buyer_details"": {""buyer_name"": ""7ec305a28e6cbba2804767f862da39a6e869ce6a24d0990ca5a425ed4a51589a"", ""buyer_location"": {""buyer_city"": ""New Delhi"", ""buyer_locality"": ""Nangloi""}}, ""seller_details"": {""seller_location"": {""seller_city"": ""New Delhi"", ""seller_locality"": ""Bawana""}}}"
2388174,2404978,8436657,4167,1970-01-01 00:00:00.000,"{""callback"": ""callback by Today - To send catalog on WhatsApp (I will send you on your WhatsApp number)"", ""lead_tag"": {""deal_blockers"": [{""detail"": ""High minimum order quantity of 5000 pieces"", ""category"": ""MOQ""}], ""deal_readiness"": ""Warm"", ""deal_readiness_reason"": ""The buyer has a specific high-volume requirement but needs to evaluate pricing and designs from the catalog first.""}, ""metadata"": {""call_type"": {""type"": ""B2B"", ""reason"": ""The conversation involves large bulk quantities (5000 pcs) and requests for a catalog, typical of a B2B retail or wholesale inquiry."", ""evidence"": {""keywords"": [""Catalog"", ""B2B"", ""Quantity""], ""order_type"": {""order_type_category"": ""bulk""}, ""repeat_buyer"": true, ""buyer_persona"": {""persona_category"": ""retailer""}, ""quantity_scale"": ""High""}}, ""buyer_intent"": {""narrative"": ""Wants to purchase 5000 units of baby diapers for business use."", ""reasoning"": ""The buyer has a specific large quantity requirement and followed up for a catalog and pricing."", ""intent_level"": ""High""}, ""call_outcome"": {""category"": ""Follow-up"", ""conclusion_notes"": ""Seller will share the product catalog and pricing over WhatsApp for further evaluation (I will send you on your WhatsApp number).""}, ""call_purpose"": ""requirement"", ""all_languages"": [""English"", ""Hindi""], ""primary_language"": ""English"", ""additional_details"": {""buyer_queries"": [{""query"": ""What is the price of baby diapers?"", ""category"": ""Pricing"", ""sequence"": 1}, {""query"": ""What is the minimum order quantity for baby diapers?"", ""category"": ""Quantity"", ""sequence"": 2}, {""query"": ""Can you send the catalog of the baby diapers?"", ""category"": ""Specifications"", ""sequence"": 4}], ""seller_queries"": [{""query"": ""I will send the price on your WhatsApp number, is this your WhatsApp number?"", ""category"": ""Quantity"", ""sequence"": 3}]}, ""intended_application"": ""Retail Resale""}, ""products"": [{""in_stock"": ""in stock"", ""product_name"": ""Baby Diapers"", ""specifications"": [{""name"": ""Type"", ""value"": ""Baby"", ""buyer_requested"": true, ""seller_mentioned"": false}], ""quantity_required"": {""unit"": ""pieces"", ""value"": 5000}, ""related_categories"": [{""name"": ""Disposable Baby Diapers"", ""reason"": ""Baby diapers are primarily disposable in nature.""}, {""name"": ""Diapering Products"", ""reason"": ""Baby diapers fall under the broad category of diapering products.""}], ""is_buyer_interested"": true, ""minimum_order_quantity"": {""unit"": ""pieces"", ""value"": 5000}, ""most_specific_category"": {""name"": ""Baby Diapers"", ""reason"": ""The buyer specifically inquired about 'baby diapers' and requested a catalog for the same.""}, ""seller_accepts_quantity"": true}], ""next_steps"": {""buyer_next_steps"": [""To review the catalog once received on WhatsApp"", ""To confirm the final order based on pricing""], ""seller_next_steps"": [""To share the product catalog on WhatsApp"", ""To provide pricing details for 5000 pieces on WhatsApp""]}, ""buyer_details"": {""buyer_name"": ""4e3961a42edad4345c7aa198f4ba27a28cb3cbe46ad96296da159ac05138c083""}, ""seller_details"": {""seller_name"": ""602d3d0ab5e96a205221e5a0ea2e85b4d8aee8562a064533e95591f94d2df19e""}}"
3218056,3234886,8436657,4167,1970-01-01 00:00:00.000,"{""callback"": ""callback by Tomorrow 5 PM - To finalize (Kal 5 baje call karta hoon)"", ""lead_tag"": {""deal_blockers"": [], ""deal_readiness"": ""Warm"", ""deal_readiness_reason"": ""The buyer was asking for the quantities and price of the product and as the call was ended by the seller saying that she would clarify things on a later call.""}, ""metadata"": {""call_type"": {""type"": ""B2B"", ""reason"": ""The seller said that she doesn't do business for small quantities."", ""evidence"": {""keywords"": [""loose packing"", ""bundle""], ""order_type"": [""bulk""], ""repeat_buyer"": false, ""quantity_scale"": ""High""}}, ""buyer_intent"": {""narrative"": ""Mohammed is looking for diapers."", ""reasoning"": ""The buyer was inquiring about the price and quantity of the product and also said that he will call later to finalise."", ""intent_level"": ""Medium""}, ""call_outcome"": {""category"": ""Follow-up"", ""conclusion_notes"": ""The call was ended on the note of talking later. (Kal 5 baje call karta hoon)""}, ""call_purpose"": ""requirement"", ""all_languages"": [""Hindi"", ""English""], ""primary_language"": ""Hindi"", ""additional_details"": {""buyer_queries"": [{""query"": ""What is the price of it?"", ""category"": ""Pricing"", ""sequence"": 1}, {""query"": ""How many will come in a bundle?"", ""category"": ""Quantity"", ""sequence"": 2}, {""query"": ""How many should I order?"", ""category"": ""Quantity"", ""sequence"": 4}], ""seller_queries"": [{""query"": ""How much do you want?"", ""category"": ""Availability"", ""sequence"": 3}]}}, ""products"": [{""price"": {""value"": 4.5, ""currency"": ""INR"", ""price_unit"": ""piece""}, ""in_stock"": ""in stock"", ""product_name"": ""Diaper"", ""specifications"": [{""name"": ""Type"", ""value"": ""loose"", ""buyer_requested"": false, ""seller_mentioned"": true}], ""quantity_required"": {""unit"": ""bundle"", ""value"": 10}, ""related_categories"": [{""name"": ""Diaper"", ""reason"": ""General term for absorbent underwear for hygiene.""}], ""is_buyer_interested"": true, ""minimum_order_quantity"": {""unit"": ""pieces"", ""value"": 75}, ""most_specific_category"": {""name"": ""Diaper"", ""reason"": ""The speakers are talking about diapers.""}, ""seller_accepts_quantity"": true}, {""price"": {""value"": 4.5, ""currency"": ""INR"", ""price_unit"": ""piece""}, ""in_stock"": ""in stock"", ""product_name"": ""Bundle Diaper"", ""specifications"": [{""name"": ""Type"", ""value"": ""Bundle"", ""buyer_requested"": false, ""seller_mentioned"": true}], ""quantity_required"": {""unit"": ""bundle"", ""value"": 10}, ""related_categories"": [{""name"": ""Diaper"", ""reason"": ""General term for absorbent underwear for hygiene.""}], ""is_buyer_interested"": true, ""minimum_order_quantity"": {""unit"": ""pieces"", ""value"": 75}, ""most_specific_category"": {""name"": ""Diaper"", ""reason"": ""The speakers are talking about diapers.""}, ""seller_accepts_quantity"": true}], ""next_steps"": {""buyer_next_steps"": [""To call again tomorrow.""], ""seller_next_steps"": [""To call the buyer back.""]}, ""buyer_details"": {""buyer_name"": ""863498dfa3f35f634f532b3cab89b0f8b6baaf9a2a94722c52ca2ef44377efc2"", ""buyer_mobile_number"": ""e7989267960d2b2add1fd2027fea9efdc9efab5b7f2ecbe6d45be2f8850f408c""}, ""seller_details"": {""seller_name"": ""602d3d0ab5e96a205221e5a0ea2e85b4d8aee8562a064533e95591f94d2df19e""}}"
2205342,2222136,1220424,139617,1970-01-01 00:00:00.000,"{""lead_tag"": {""deal_blockers"": [{""detail"": ""No current requirement for the product."", ""category"": ""Other""}], ""deal_readiness"": ""Cold"", ""deal_readiness_reason"": ""The seller states they currently have no requirement for the product.""}, ""metadata"": {""call_type"": {""type"": ""B2B"", ""reason"": ""The call involves a business (Bharat Polymers) inquiring about nursery bags potentially for commercial use, though the lead was disqualified due to lack of immediate need."", ""evidence"": {""order_type"": {""order_type_category"": ""commercial""}, ""repeat_buyer"": false, ""buyer_persona"": {""persona_detail"": ""Bharat Polymers"", ""persona_category"": ""manufacturer""}}}, ""buyer_intent"": {""narrative"": ""The caller identified as being from Bharat Polymers and was following up on an inquiry for nursery bags, but the recipient stated no current need."", ""reasoning"": ""The intended buyer explicitly stated they have no requirement for the nursery bags at this time."", ""intent_level"": ""Low""}, ""call_outcome"": {""category"": ""Lost"", ""conclusion_notes"": ""The recipient stated there is no requirement currently (Abhi toh kuch requirement nahi hai iska).""}, ""call_purpose"": ""requirement"", ""all_languages"": [""Hindi"", ""Marathi"", ""English""], ""primary_language"": ""Hindi"", ""additional_details"": {""buyer_queries"": [], ""seller_queries"": []}}, ""products"": [{""product_name"": ""Nursery Bags"", ""specifications"": [], ""related_categories"": [{""name"": ""Plastic Bags"", ""reason"": ""Nursery bags are typically made of LDPE/HDPE plastic materials.""}, {""name"": ""Grow Bag"", ""reason"": ""Nursery bags are a specific type of grow bags used for seedlings and young plants.""}], ""is_buyer_interested"": false, ""most_specific_category"": {""name"": ""Nursery Bags"", ""reason"": ""The buyer mentions sending an inquiry for nursery bags, and the seller confirms they manufacture them.""}}], ""next_steps"": {""buyer_next_steps"": [], ""seller_next_steps"": []}, ""buyer_details"": {""buyer_location"": {""buyer_city"": ""Nashik""}}, ""seller_details"": {}}"
2220215,2237009,24065895,2699,1970-01-01 00:00:00.000,"{""lead_tag"": {""deal_blockers"": [], ""deal_readiness"": ""Warm"", ""deal_readiness_reason"": ""Specific technical requirements for a 15 HP motor discussed and interested in pricing via WhatsApp.""}, ""metadata"": {""call_type"": {""type"": ""B2B"", ""reason"": ""The buyer is looking for a specific high-power motor drive (15-30 HP), suggesting industrial or commercial use rather than routine retail."", ""evidence"": {""keywords"": [""15 HP motor"", ""Starter"", ""30 HP drive""], ""order_type"": {""order_type_category"": ""commercial""}, ""buyer_persona"": {""persona_category"": ""end_consumer""}, ""quantity_scale"": ""Low""}}, ""buyer_intent"": {""narrative"": ""Seeking a Ricoh starter/drive for a 15 HP motor capable of 2-phase to 3-phase conversion."", ""reasoning"": ""The buyer knows the exact motor capacity (15 HP) and the specific brand (Ricoh) they are looking for."", ""intent_level"": ""High""}, ""call_outcome"": {""category"": ""Follow-up"", ""conclusion_notes"": ""Seller will share price ranges on WhatsApp (WhatsApp pe bhejta hoon).""}, ""call_purpose"": ""requirement"", ""all_languages"": [""Hindi"", ""English""], ""primary_language"": ""Hindi"", ""additional_details"": {""buyer_queries"": [{""query"": ""What is the price range for a Ricoh starter for a 15 HP motor?"", ""category"": ""Pricing"", ""sequence"": 1}], ""seller_queries"": []}}, ""products"": [{""in_stock"": ""in stock"", ""product_name"": ""Ricoh Starter (Drive)"", ""specifications"": [{""name"": ""Phase"", ""value"": ""Two Phase to Three Phase"", ""buyer_requested"": true, ""seller_mentioned"": false}, {""name"": ""Capacity"", ""unit"": ""HP"", ""value"": ""30"", ""buyer_requested"": false, ""seller_mentioned"": true}, {""name"": ""Compatible Motor Capacity"", ""unit"": ""HP"", ""value"": ""15"", ""buyer_requested"": false, ""seller_mentioned"": true}, {""name"": ""Brand"", ""value"": ""Ricoh"", ""buyer_requested"": false, ""seller_mentioned"": false}, {""name"": ""Capacity"", ""unit"": ""kW"", ""value"": ""30"", ""buyer_requested"": false, ""seller_mentioned"": true}], ""related_categories"": [{""name"": ""VFD"", ""reason"": ""Variable Frequency Drives are commonly used as motor starters in high HP industrial applications to control speed and torque.""}, {""name"": ""Motor Drives"", ""reason"": ""The product is explicitly requested to run a motor, placing it in the general motor drives category.""}], ""is_buyer_interested"": true, ""most_specific_category"": {""name"": ""AC Motor Drive"", ""reason"": ""The conversation involves a drive (starter) for a 15 HP motor, which typically refers to an AC motor drive in this industrial context.""}}], ""next_steps"": {""buyer_next_steps"": [""To check product ranges and prices on WhatsApp""], ""seller_next_steps"": [""To share pricing details for the 30 HP drive on WhatsApp""]}, ""buyer_details"": {""buyer_name"": ""a631f4488a457da27b4a64dc8f2d85085b50ff568be99125cf6f8f45c759878e""}, ""seller_details"": {""seller_name"": ""5f4df959a11580fc14aa6b139adb2ab40a2cfde5399c1cb6f7c9968eae5a825f""}}"
1585852,1602625,8436657,4167,1970-01-01 00:00:00.000,"{""callback"": ""callback by Today - To share catalog and price list after receiving WhatsApp message (WhatsApp kijiye main rate aur price list dono bhej deta hoon)"", ""lead_tag"": {""deal_blockers"": [{""detail"": ""The price may be a concern as the buyer has already received rates from other companies."", ""category"": ""Price""}], ""deal_readiness"": ""Warm"", ""deal_readiness_reason"": ""The buyer has already inquired with multiple companies and is now comparing rates.""}, ""metadata"": {""call_type"": {""type"": ""B2B"", ""reason"": ""The buyer is inquiring for bulk purchase of sanitary napkins and diapers for his business."", ""evidence"": {""keywords"": [""Manufacturing"", ""Third party"", ""Loose"", ""Brand packing"", ""Job work""], ""order_type"": {""order_type_category"": ""bulk""}, ""repeat_buyer"": true, ""buyer_persona"": {""persona_category"": ""retailer""}}}, ""buyer_intent"": {""narrative"": ""Wants to purchase sanitary napkins and baby diapers as well as diapers."", ""reasoning"": ""The buyer has a clear requirement for specific products and is actively comparing prices from different suppliers."", ""intent_level"": ""High""}, ""call_outcome"": {""category"": ""Follow-up"", ""conclusion_notes"": ""The seller requested a WhatsApp message to share the catalog and price list, which the buyer agreed to. (WhatsApp kijiye main rate aur price list dono bhej deta hoon)""}, ""call_purpose"": ""requirement"", ""all_languages"": [""Hindi"", ""English""], ""primary_language"": ""Hindi"", ""additional_details"": {""buyer_queries"": [{""query"": ""Does your organization engage in trading or manufacturing activities?"", ""category"": ""Specifications"", ""sequence"": 1}, {""query"": ""Can you provide the current pricing for your products?"", ""category"": ""Pricing"", ""sequence"": 3}], ""seller_queries"": [{""query"": ""Could you please provide your contact number for WhatsApp?"", ""category"": ""Specifications"", ""sequence"": 2}]}}, ""products"": [{""in_stock"": ""in stock"", ""product_name"": ""Diaper (Baby diapers)"", ""specifications"": [{""name"": ""Product type"", ""value"": ""Baby Diaper"", ""buyer_requested"": true, ""seller_mentioned"": false}], ""related_categories"": [{""name"": ""Baby Diapers"", ""reason"": ""The buyer mentioned baby diapers""}], ""is_buyer_interested"": true, ""most_specific_category"": {""name"": ""Diaper"", ""reason"": ""The buyer is inquiring about diapers for his business.""}}, {""in_stock"": ""in stock"", ""product_name"": ""Sanitary Napkin"", ""specifications"": [{""name"": ""Product type"", ""value"": ""Sanitary Napkin"", ""buyer_requested"": true, ""seller_mentioned"": false}], ""related_categories"": [{""name"": ""Baby Care Products"", ""reason"": ""The buyer mentioned sanitary napkins""}], ""is_buyer_interested"": true, ""most_specific_category"": {""name"": ""Diapering Products"", ""reason"": ""The buyer is inquiring about sanitary napkins for his business.""}}], ""next_steps"": {""buyer_next_steps"": [""To send a message on WhatsApp to the seller""], ""seller_next_steps"": [""To share the catalog and price list on WhatsApp""]}, ""buyer_details"": {""buyer_name"": ""69975c4c0cdb7973f22907b72e8a7c437facc90084754d2debbd3b17bf9600a2""}, ""seller_details"": {""seller_location"": {""seller_city"": ""Delhi""}}}"
1585903,1602677,8436657,4167,1970-01-01 00:00:00.000,"{""callback"": ""callback by Tomorrow 11 AM - To check about diaper stock and pricing (Kal 11 baje call karke diaper ka stock aur price confirm karta hoon)"", ""lead_tag"": {""deal_blockers"": [{""detail"": ""Specific stock confirmation pending for specific sizes"", ""category"": ""Availability""}], ""deal_readiness"": ""Warm"", ""deal_readiness_reason"": ""Buyer is confirming the mobile number and expressed interest in diapers for his retail shop but needs to check rates first.""}, ""metadata"": {""call_type"": {""type"": ""B2B"", ""reason"": ""The buyer mentioned having a retail shop and is inquiring about products for resale, indicating a B2B relationship."", ""evidence"": {""keywords"": [""Retail Shop""], ""repeat_buyer"": true, ""buyer_persona"": {""persona_detail"": ""Retail Shop Owner"", ""persona_category"": ""retailer""}}}, ""buyer_intent"": {""narrative"": ""Wants to inquire about diapers for his retail shop and confirmed his contact details."", ""reasoning"": ""The buyer specifically called to rectify his contact number on the platform and mentioned a requirement for diapers for retail resale."", ""intent_level"": ""Medium""}, ""call_outcome"": {""category"": ""Follow-up"", ""conclusion_notes"": ""Contact details rectified, waiting for detailed product discussion (Number note kar liya hai, baaki details baad mein baat karte hain)""}, ""call_purpose"": ""requirement"", ""all_languages"": [""Hindi"", ""English""], ""primary_language"": ""Hindi"", ""additional_details"": {""buyer_queries"": [], ""seller_queries"": []}, ""intended_application"": ""Retail Resale""}, ""products"": [{""in_stock"": ""in stock"", ""product_name"": ""Diaper"", ""related_categories"": [{""name"": ""Baby Diapers"", ""reason"": ""Diapers are most commonly associated with baby care in a retail shop context.""}, {""name"": ""Adult Diapers"", ""reason"": ""Retail shops often stock adult diapers alongside baby diapers.""}], ""is_buyer_interested"": true, ""most_specific_category"": {""name"": ""Diaper"", ""reason"": ""The buyer explicitly mentioned needing diapers for his shop without specifying a brand or sub-type yet.""}}], ""next_steps"": {""buyer_next_steps"": [""To share specific diaper size requirements on WhatsApp""], ""seller_next_steps"": [""To share diaper catalog and price list on the updated mobile number""]}, ""buyer_details"": {""buyer_name"": ""69975c4c0cdb7973f22907b72e8a7c437facc90084754d2debbd3b17bf9600a2"", ""buyer_mobile_number"": ""d8c61eb0156e1408cac577d2685e2b75d6041e45a871f0509a9020e91a4dae47""}, ""seller_details"": {""seller_name"": ""602d3d0ab5e96a205221e5a0ea2e85b4d8aee8562a064533e95591f94d2df19e""}}"
881471,893053,7273434,87517,1970-01-01 00:00:00.000,"{""payment"": {}, ""lead_tag"": {""deal_blockers"": [], ""deal_readiness"": ""Warm"", ""deal_readiness_reason"": ""Enquiring about specific technical types and brand alternatives for urinal sensors.""}, ""metadata"": {""call_type"": {""type"": ""B2B"", ""reason"": ""The enquiry is for urinal sensors, which are typically installed in commercial or institutional buildings rather than residential homes."", ""evidence"": {""keywords"": [""Urinal Sensor"", ""Hindware"", ""Concealed"", ""Exposed""], ""order_type"": ""Commercial"", ""repeat_buyer"": false, ""buyer_persona"": ""Contractor"", ""quantity_scale"": ""High""}}, ""buyer_intent"": {""narrative"": ""Seeking urinal sensors for commercial use, specifically comparing Hindware and Jaquar brands."", ""reasoning"": ""Buyer specifically asked about concealed and exposed types and mentioned brand compatibility with existing Jaquar urinals."", ""intent_level"": ""High""}, ""call_purpose"": ""requirement"", ""all_languages"": [""Hindi"", ""English""], ""buyer_conclusion"": {""category"": ""Follow-up"", ""conclusion_notes"": ""Checking technical requirements for concealed vs exposed models (Check karke batata hoon concealed hai ya exposed)""}, ""primary_language"": ""Hindi"", ""additional_details"": {""buyer_queries"": [{""query"": ""What is the price for Jaquar urinal sensors?"", ""category"": ""Price"", ""sequence"": 1}, {""query"": ""Is the sensor concealed or exposed type?"", ""category"": ""Technical"", ""sequence"": 2}], ""seller_queries"": [{""query"": ""Do you need a concealed or an exposed sensor?"", ""category"": ""Technical"", ""sequence"": 3}]}, ""intended_application"": ""Commercial Bathroom Fitting""}, ""products"": [{""price"": {""value"": 2800, ""currency"": ""INR"", ""price_unit"": ""piece""}, ""in_stock"": ""in stock"", ""product_name"": ""Hindware Urinal Sensor (Concealed)"", ""specifications"": [{""name"": ""Brand"", ""value"": ""Hindware"", ""buyer_requested"": false, ""seller_mentioned"": true}, {""name"": ""Type"", ""value"": ""Concealed"", ""buyer_requested"": true, ""seller_mentioned"": true}, {""name"": ""Warranty"", ""unit"": ""Year"", ""value"": ""1"", ""buyer_requested"": false, ""seller_mentioned"": true}, {""name"": ""Battery Life"", ""unit"": ""Years"", ""value"": ""1.5"", ""buyer_requested"": false, ""seller_mentioned"": true}], ""related_categories"": [{""name"": ""Automatic Urinal Flusher"", ""reason"": ""The sensor acts as an automatic flusher for the urinal system.""}, {""name"": ""Hindware Sensors"", ""reason"": ""The product discussed is explicitly mentioned as being from the Hindware brand.""}], ""is_buyer_interested"": true, ""most_specific_category"": {""name"": ""Urinal Sensor"", ""reason"": ""The buyer and seller are specifically discussing electronic sensors used to flush urinals automatically.""}, ""quantity_accepted_by_seller"": true}, {""price"": {""value"": 2800, ""currency"": ""INR"", ""price_unit"": ""piece""}, ""in_stock"": ""in stock"", ""product_name"": ""Hindware Urinal Sensor (Exposed)"", ""specifications"": [{""name"": ""Brand"", ""value"": ""Hindware"", ""buyer_requested"": false, ""seller_mentioned"": true}, {""name"": ""Type"", ""value"": ""Exposed"", ""buyer_requested"": true, ""seller_mentioned"": true}, {""name"": ""Warranty"", ""unit"": ""Year"", ""value"": ""1"", ""buyer_requested"": false, ""seller_mentioned"": true}, {""name"": ""Battery Life"", ""unit"": ""Years"", ""value"": ""1.5"", ""buyer_requested"": false, ""seller_mentioned"": true}], ""related_categories"": [{""name"": ""Automatic Urinal Flusher"", ""reason"": ""The product is used to automate the flushing process.""}, {""name"": ""Urinal Flusher"", ""reason"": ""It serves the primary purpose of flushing a urinal.""}], ""is_buyer_interested"": true, ""most_specific_category"": {""name"": ""Urinal Sensor"", ""reason"": ""Discussion centers on urinal sensors for automatic flushing functionality.""}, ""quantity_accepted_by_seller"": true}], ""call_back"": ""callback by Tomorrow 11 AM - To share catalog (Kal 11 baje bhejta hoon)"", ""next_steps"": {""buyer_next_steps"": [""To confirm whether concealed or exposed type is required""], ""seller_next_steps"": [""To share product catalog and details on WhatsApp""]}, ""buyer_details"": {""buyer_name"": ""66c073943b0f2ddaf07a78dd68225f20db2a5c920ab8c23bdde4e75a163e3ec3"", ""buyer_location"": {""buyer_city"": ""New Delhi""}, ""buyer_mobile_number"": ""56ed72ac294b41441485fa8bd6941e5e55c6145848ca350b3306a9cb3d26118a""}, ""seller_details"": {""seller_name"": ""84696d86eb6abe2025ed83e54fd192202917fe6a305c989fff0a616e300680b1"", ""seller_location"": {""seller_city"": ""Mumbai""}}, ""minimum_order_quantity"": {}}"
881544,893133,7273434,87517,1970-01-01 00:00:00.000,"{""payment"": {}, ""lead_tag"": {""deal_blockers"": [""Communication: Call was placed on hold before discussion concluded""], ""deal_readiness"": ""Warm"", ""deal_readiness_reason"": ""Specific product interest expressed but the call was interrupted by a hold message.""}, ""metadata"": {""call_type"": {""type"": ""B2B"", ""reason"": ""The product discussed is a hygiene maintenance item typically used in commercial or public restrooms, suggesting a B2B context."", ""evidence"": {""keywords"": [""Urinal Screen""], ""buyer_persona"": ""Facility Manager"", ""quantity_scale"": ""Low""}}, ""buyer_intent"": {""narrative"": ""The buyer is looking for Urinal Screens."", ""reasoning"": ""The buyer explicitly repeated the product name several times to ensure the seller understood the requirement."", ""intent_level"": ""Medium""}, ""call_purpose"": ""requirement"", ""all_languages"": [""English"", ""Hindi"", ""Marathi""], ""buyer_conclusion"": {""category"": ""Pending"", ""conclusion_notes"": ""The call was put on hold by the recipient before details could be finalized.""}, ""primary_language"": ""English"", ""additional_details"": {""buyer_queries"": [{""query"": ""Is the urinal screen available for purchase?"", ""category"": ""Availability"", ""sequence"": 1}], ""seller_queries"": []}, ""intended_application"": ""Restroom Maintenance""}, ""products"": [{""in_stock"": ""in stock"", ""product_name"": ""Urinal Screen"", ""specifications"": [], ""related_categories"": [{""name"": ""Toilet Accessories"", ""reason"": ""Urinal screens are categorized as accessories for public or commercial toilets.""}], ""is_buyer_interested"": true, ""most_specific_category"": {""name"": ""Urinal Screen"", ""reason"": ""The buyer specifically requested to purchase Urinal Screens.""}}], ""call_back"": ""callback by In 1 hour - To resume the discussion (Call was put on hold)"", ""next_steps"": {""buyer_next_steps"": [""To wait for the seller to resume the call""], ""seller_next_steps"": [""To provide product pricing and quantity options""]}, ""buyer_details"": {}, ""seller_details"": {}, ""minimum_order_quantity"": {}}"
2708867,2725687,8436657,4167,1970-01-01 00:00:00.000,"{""payment"": {}, ""callback"": ""callback by Tomorrow 4:30 PM - To check stock status (Kal chaar sade char baje check karke batata hoon)"", ""lead_tag"": {""deal_blockers"": [{""detail"": ""Buyer needs 5,000-10,000 units but seller's MOQ is 25,000"", ""category"": ""MOQ""}], ""deal_readiness"": ""Cold"", ""deal_readiness_reason"": ""Significant mismatch between buyer requirement and seller's minimum order quantity.""}, ""metadata"": {""call_type"": {""type"": ""B2B"", ""reason"": ""The buyer is inquiring about bulk quantities of 5,000 to 10,000 units for professional use, suggesting a B2B context."", ""evidence"": {""keywords"": [""Use and throw"", ""A Grade""], ""order_type"": [""bulk"", ""commercial""], ""repeat_buyer"": false, ""buyer_persona"": {""persona_category"": ""retailer""}, ""quantity_scale"": ""High""}}, ""buyer_intent"": {""narrative"": ""Seeking 5,000-10,000 pieces of use and throw diapers for resale or business use."", ""reasoning"": ""The buyer specifies a quantity range and asks for specific product grades, indicating clear business intent."", ""intent_level"": ""Medium""}, ""call_outcome"": {""category"": ""Lost"", ""conclusion_notes"": ""High MOQ requirement from seller (MOQ 25k vs requirement 5k-10k)""}, ""call_purpose"": ""requirement"", ""all_languages"": [""Hindi"", ""English""], ""primary_language"": ""Hindi"", ""additional_details"": {""buyer_queries"": [{""query"": ""Do you have use and throw diapers?"", ""category"": ""Availability"", ""sequence"": 1, ""answer_by_seller"": ""Yes, I have them.""}, {""query"": ""What is the price?"", ""category"": ""Pricing"", ""sequence"": 2}, {""query"": ""What is your minimum order quantity?"", ""category"": ""Quantity"", ""sequence"": 4, ""answer_by_seller"": ""Minimum quantity is 25,000 pieces.""}, {""query"": ""What is the pricing for A grade?"", ""category"": ""Pricing"", ""sequence"": 5, ""answer_by_seller"": ""The price for A grade is 4.50 rupees per piece.""}], ""seller_queries"": [{""query"": ""What is your quantity requirement?"", ""category"": ""Quantity"", ""sequence"": 3, ""answer_by_buyer"": ""5,000 to 10,000 pieces.""}]}, ""intended_application"": ""Retail Resale""}, ""products"": [{""price"": {""value"": 4.5, ""currency"": ""INR"", ""price_unit"": ""piece""}, ""in_stock"": ""in stock"", ""product_name"": ""Use and throw diaper (A Grade)"", ""specifications"": [{""name"": ""Grade"", ""value"": ""A Grade"", ""buyer_requested"": false, ""seller_mentioned"": true}], ""quantity_required"": {""unit"": ""pieces"", ""value"": 5000}, ""related_categories"": [{""name"": ""Baby Diapers"", ""reason"": ""Use and throw diapers are a major segment of the baby diaper market.""}, {""name"": ""Diaper"", ""reason"": ""General category for all types of diapers identified in the call.""}], ""is_buyer_interested"": true, ""minimum_order_quantity"": {""unit"": ""pieces"", ""value"": 25000}, ""most_specific_category"": {""name"": ""Disposable Diaper"", ""reason"": ""Buyer specifically asked for 'use and throw' diapers, which are disposable.""}, ""seller_accepts_quantity"": false}], ""next_steps"": {""buyer_next_steps"": [], ""seller_next_steps"": []}, ""buyer_details"": {""buyer_name"": ""375312ba8de49afa1236283d6b331a09c042bb08010b58fb4ba6e028ca4c7d46""}, ""seller_details"": {""seller_name"": ""602d3d0ab5e96a205221e5a0ea2e85b4d8aee8562a064533e95591f94d2df19e""}}"
1875057,1891837,8436657,4167,1970-01-01 00:00:00.000,"{""lead_tag"": {""deal_blockers"": [], ""deal_readiness"": ""Hot"", ""deal_readiness_reason"": ""Discussing specific bulk quantities and negotiated pricing for immediate interest.""}, ""metadata"": {""call_type"": {""type"": ""B2B"", ""reason"": ""The buyer is inquiring about manufacturing prices for high bulk quantities (300-400 packets) for commercial purposes."", ""evidence"": {""keywords"": [""Manufacturer"", ""Bulk quantity"", ""Loose packet"", ""GST included""], ""order_type"": {""order_type_category"": ""bulk""}, ""repeat_buyer"": true, ""buyer_persona"": {""persona_category"": ""wholesaler""}, ""quantity_scale"": ""High""}}, ""buyer_intent"": {""narrative"": ""Wants to purchase 300 to 400 packets of baby diapers in mixed sizes from small to large."", ""reasoning"": ""Buyer provided specific bulk quantity figures and asked about slab-based pricing."", ""intent_level"": ""High""}, ""call_outcome"": {""category"": ""Follow-up"", ""conclusion_notes"": ""Moving to WhatsApp due to call connectivity/vibration issues (Awaaz mein vibration ho rahi hai).""}, ""call_purpose"": ""requirement"", ""all_languages"": [""Hindi"", ""English""], ""primary_language"": ""Hindi"", ""additional_details"": {""buyer_queries"": [], ""seller_queries"": [{""query"": ""What quantity will you take?"", ""category"": ""Quantity"", ""sequence"": 1}]}, ""intended_application"": ""Bulk Resale""}, ""products"": [{""price"": {""gst"": {""is_gst_included"": true}, ""value"": 4.5, ""currency"": ""INR"", ""price_unit"": ""piece"", ""negotiation_notes"": ""Buyer asked if there is scope for better pricing on higher quantities.""}, ""product_name"": ""Baby Diaper (Small to Large)"", ""specifications"": [{""name"": ""Size"", ""value"": ""Small to Large"", ""buyer_requested"": false, ""seller_mentioned"": true}, {""name"": ""Pack Type"", ""value"": ""Loose"", ""buyer_requested"": false, ""seller_mentioned"": true}, {""name"": ""Pieces per Packet"", ""value"": ""75"", ""buyer_requested"": false, ""seller_mentioned"": true}], ""related_categories"": [{""name"": ""Diaper"", ""reason"": ""General category for absorbent undergarments discussed.""}, {""name"": ""Baby Diapers"", ""reason"": ""The conversation focuses on products specifically for infants.""}], ""is_buyer_interested"": true, ""most_specific_category"": {""name"": ""Baby Diaper Pants"", ""reason"": ""The buyer and seller specifically discuss 'baby diapers' with a packet size of 75 pieces, which is common for diaper pants.""}}, {""price"": {""gst"": {""is_gst_included"": true}, ""value"": 4.35, ""currency"": ""INR"", ""price_unit"": ""piece""}, ""product_name"": ""Baby Diaper (Bulk Order)"", ""specifications"": [{""name"": ""Quantity"", ""unit"": ""packets"", ""value"": ""300 to 400"", ""buyer_requested"": true, ""seller_mentioned"": false}], ""quantity_required"": {""unit"": ""packets"", ""value"": 300}, ""related_categories"": [{""name"": ""Baby Diapers"", ""reason"": ""Bulk requirement for infant diapers.""}], ""is_buyer_interested"": true, ""most_specific_category"": {""name"": ""Baby Diaper Pants"", ""reason"": ""Extracted as a separate product due to different pricing based on bulk quantity.""}, ""seller_accepts_quantity"": true}], ""next_steps"": {""buyer_next_steps"": [""To check message on WhatsApp""], ""seller_next_steps"": [""To message on WhatsApp""]}, ""buyer_details"": {""buyer_name"": ""a3da73976501812cd7b821a20bfb09af0a6a891e419cdfb761fb19a92c914242""}, ""seller_details"": {}}"
1875057,1891837,8436657,4167,1970-01-01 00:00:00.000,"{""lead_tag"": {""deal_blockers"": [], ""deal_readiness"": ""Hot"", ""deal_readiness_reason"": ""Discussing specific bulk quantities and negotiated pricing for immediate interest.""}, ""metadata"": {""call_type"": {""type"": ""B2B"", ""reason"": ""The buyer is inquiring about manufacturing prices for high bulk quantities (300-400 packets) for commercial purposes."", ""evidence"": {""keywords"": [""Manufacturer"", ""Bulk quantity"", ""Loose packet"", ""GST included""], ""order_type"": {""order_type_category"": ""bulk""}, ""repeat_buyer"": true, ""buyer_persona"": {""persona_category"": ""wholesaler""}, ""quantity_scale"": ""High""}}, ""buyer_intent"": {""narrative"": ""Wants to purchase 300 to 400 packets of baby diapers in mixed sizes from small to large."", ""reasoning"": ""Buyer provided specific bulk quantity figures and asked about slab-based pricing."", ""intent_level"": ""High""}, ""call_outcome"": {""category"": ""Follow-up"", ""conclusion_notes"": ""Moving to WhatsApp due to call connectivity/vibration issues (Awaaz mein vibration ho rahi hai).""}, ""call_purpose"": ""requirement"", ""all_languages"": [""Hindi"", ""English""], ""primary_language"": ""Hindi"", ""additional_details"": {""buyer_queries"": [], ""seller_queries"": [{""query"": ""What quantity will you take?"", ""category"": ""Quantity"", ""sequence"": 1}]}, ""intended_application"": ""Bulk Resale""}, ""products"": [{""price"": {""gst"": {""is_gst_included"": true}, ""value"": 4.5, ""currency"": ""INR"", ""price_unit"": ""piece"", ""negotiation_notes"": ""Buyer asked if there is scope for better pricing on higher quantities.""}, ""product_name"": ""Baby Diaper (Small to Large)"", ""specifications"": [{""name"": ""Size"", ""value"": ""Small to Large"", ""buyer_requested"": false, ""seller_mentioned"": true}, {""name"": ""Pack Type"", ""value"": ""Loose"", ""buyer_requested"": false, ""seller_mentioned"": true}, {""name"": ""Pieces per Packet"", ""value"": ""75"", ""buyer_requested"": false, ""seller_mentioned"": true}], ""related_categories"": [{""name"": ""Diaper"", ""reason"": ""General category for absorbent undergarments discussed.""}, {""name"": ""Baby Diapers"", ""reason"": ""The conversation focuses on products specifically for infants.""}], ""is_buyer_interested"": true, ""most_specific_category"": {""name"": ""Baby Diaper Pants"", ""reason"": ""The buyer and seller specifically discuss 'baby diapers' with a packet size of 75 pieces, which is common for diaper pants.""}}, {""price"": {""gst"": {""is_gst_included"": true}, ""value"": 4.35, ""currency"": ""INR"", ""price_unit"": ""piece""}, ""product_name"": ""Baby Diaper (Bulk Order)"", ""specifications"": [{""name"": ""Quantity"", ""unit"": ""packets"", ""value"": ""300 to 400"", ""buyer_requested"": true, ""seller_mentioned"": false}], ""quantity_required"": {""unit"": ""packets"", ""value"": 300}, ""related_categories"": [{""name"": ""Baby Diapers"", ""reason"": ""Bulk requirement for infant diapers.""}], ""is_buyer_interested"": true, ""most_specific_category"": {""name"": ""Baby Diaper Pants"", ""reason"": ""Extracted as a separate product due to different pricing based on bulk quantity.""}, ""seller_accepts_quantity"": true}], ""next_steps"": {""buyer_next_steps"": [""To check message on WhatsApp""], ""seller_next_steps"": [""To message on WhatsApp""]}, ""buyer_details"": {""buyer_name"": ""a3da73976501812cd7b821a20bfb09af0a6a891e419cdfb761fb19a92c914242""}, ""seller_details"": {}}"
1875149,1891931,8436657,4167,1970-01-01 00:00:00.000,"{""lead_tag"": {""deal_blockers"": [{""detail"": ""High setup cost for custom brand packaging discussed."", ""category"": ""Price""}], ""deal_readiness"": ""Warm"", ""deal_readiness_reason"": ""Interested in private labeling and B grade products, needing detailed costs on WhatsApp.""}, ""metadata"": {""call_type"": {""type"": ""B2B"", ""reason"": ""Buyer is a retailer planning to sell under their own brand, indicating a commercial B2B relationship."", ""evidence"": {""keywords"": [""B Grade"", ""Retailer"", ""Third Party Manufacturing"", ""Packaging""], ""order_type"": {""order_type_category"": ""bulk""}, ""repeat_buyer"": true, ""buyer_persona"": {""persona_category"": ""retailer""}}}, ""buyer_intent"": {""narrative"": ""Wants to source A or B grade diapers for retail resale under their own brand/packaging."", ""reasoning"": ""Specifically asked about private labeling, packaging costs, and location logistics."", ""intent_level"": ""High""}, ""call_outcome"": {""category"": ""Follow-up"", ""conclusion_notes"": ""Moving to WhatsApp for detailed pricing and specifications (WhatsApp pe message karta hoon).""}, ""call_purpose"": ""requirement"", ""all_languages"": [""Hindi"", ""English""], ""primary_language"": ""Hindi"", ""additional_details"": {""buyer_queries"": [{""query"": ""What is the difference between A grade and B grade products?"", ""category"": ""Specifications"", ""sequence"": 1}, {""query"": ""What is the cost for getting custom packaging/branding done?"", ""category"": ""Pricing"", ""sequence"": 2}], ""seller_queries"": []}, ""intended_application"": ""Retail Resale""}, ""products"": [{""price"": {""value"": 300, ""price_unit"": ""packet""}, ""specifications"": [{""name"": ""Grade"", ""value"": ""B"", ""buyer_requested"": false, ""seller_mentioned"": true}, {""name"": ""Quantity per Packet"", ""unit"": ""pieces"", ""value"": ""75"", ""buyer_requested"": true, ""seller_mentioned"": true}], ""related_categories"": [{""name"": ""Baby Diapers"", ""reason"": ""Diapers used in a retail retail context often refer to baby diapers unless stated otherwise.""}, {""name"": ""Diaper Third Party Manufacturing"", ""reason"": ""The buyer inquires about private labeling and packaging their own brand.""}], ""is_buyer_interested"": true, ""most_specific_category"": {""name"": ""Diaper"", ""reason"": ""The conversation revolves around A and B grade diapers, specifically discussing pouch quantities of 75 pieces.""}}, {""specifications"": [{""name"": ""Grade"", ""value"": ""A"", ""buyer_requested"": false, ""seller_mentioned"": true}, {""name"": ""Design"", ""value"": ""Single"", ""buyer_requested"": false, ""seller_mentioned"": true}], ""related_categories"": [{""name"": ""Baby Diapers"", ""reason"": ""Common classification for general diaper inquiries.""}], ""is_buyer_interested"": true, ""most_specific_category"": {""name"": ""Diaper"", ""reason"": ""The seller mentions A grade as a standard factory-made option with single design.""}}], ""next_steps"": {""buyer_next_steps"": [""To check message on WhatsApp for further details""], ""seller_next_steps"": [""To share product details and pricing on WhatsApp""]}, ""buyer_details"": {""buyer_name"": ""a3da73976501812cd7b821a20bfb09af0a6a891e419cdfb761fb19a92c914242"", ""buyer_location"": {""buyer_city"": ""Faridabad""}}, ""seller_details"": {""seller_name"": ""602d3d0ab5e96a205221e5a0ea2e85b4d8aee8562a064533e95591f94d2df19e"", ""seller_location"": {""seller_city"": ""New Delhi""}}}"
1875149,1891931,8436657,4167,1970-01-01 00:00:00.000,"{""lead_tag"": {""deal_blockers"": [{""detail"": ""High setup cost for custom brand packaging discussed."", ""category"": ""Price""}], ""deal_readiness"": ""Warm"", ""deal_readiness_reason"": ""Interested in private labeling and B grade products, needing detailed costs on WhatsApp.""}, ""metadata"": {""call_type"": {""type"": ""B2B"", ""reason"": ""Buyer is a retailer planning to sell under their own brand, indicating a commercial B2B relationship."", ""evidence"": {""keywords"": [""B Grade"", ""Retailer"", ""Third Party Manufacturing"", ""Packaging""], ""order_type"": {""order_type_category"": ""bulk""}, ""repeat_buyer"": true, ""buyer_persona"": {""persona_category"": ""retailer""}}}, ""buyer_intent"": {""narrative"": ""Wants to source A or B grade diapers for retail resale under their own brand/packaging."", ""reasoning"": ""Specifically asked about private labeling, packaging costs, and location logistics."", ""intent_level"": ""High""}, ""call_outcome"": {""category"": ""Follow-up"", ""conclusion_notes"": ""Moving to WhatsApp for detailed pricing and specifications (WhatsApp pe message karta hoon).""}, ""call_purpose"": ""requirement"", ""all_languages"": [""Hindi"", ""English""], ""primary_language"": ""Hindi"", ""additional_details"": {""buyer_queries"": [{""query"": ""What is the difference between A grade and B grade products?"", ""category"": ""Specifications"", ""sequence"": 1}, {""query"": ""What is the cost for getting custom packaging/branding done?"", ""category"": ""Pricing"", ""sequence"": 2}], ""seller_queries"": []}, ""intended_application"": ""Retail Resale""}, ""products"": [{""price"": {""value"": 300, ""price_unit"": ""packet""}, ""specifications"": [{""name"": ""Grade"", ""value"": ""B"", ""buyer_requested"": false, ""seller_mentioned"": true}, {""name"": ""Quantity per Packet"", ""unit"": ""pieces"", ""value"": ""75"", ""buyer_requested"": true, ""seller_mentioned"": true}], ""related_categories"": [{""name"": ""Baby Diapers"", ""reason"": ""Diapers used in a retail retail context often refer to baby diapers unless stated otherwise.""}, {""name"": ""Diaper Third Party Manufacturing"", ""reason"": ""The buyer inquires about private labeling and packaging their own brand.""}], ""is_buyer_interested"": true, ""most_specific_category"": {""name"": ""Diaper"", ""reason"": ""The conversation revolves around A and B grade diapers, specifically discussing pouch quantities of 75 pieces.""}}, {""specifications"": [{""name"": ""Grade"", ""value"": ""A"", ""buyer_requested"": false, ""seller_mentioned"": true}, {""name"": ""Design"", ""value"": ""Single"", ""buyer_requested"": false, ""seller_mentioned"": true}], ""related_categories"": [{""name"": ""Baby Diapers"", ""reason"": ""Common classification for general diaper inquiries.""}], ""is_buyer_interested"": true, ""most_specific_category"": {""name"": ""Diaper"", ""reason"": ""The seller mentions A grade as a standard factory-made option with single design.""}}], ""next_steps"": {""buyer_next_steps"": [""To check message on WhatsApp for further details""], ""seller_next_steps"": [""To share product details and pricing on WhatsApp""]}, ""buyer_details"": {""buyer_name"": ""a3da73976501812cd7b821a20bfb09af0a6a891e419cdfb761fb19a92c914242"", ""buyer_location"": {""buyer_city"": ""Faridabad""}}, ""seller_details"": {""seller_name"": ""602d3d0ab5e96a205221e5a0ea2e85b4d8aee8562a064533e95591f94d2df19e"", ""seller_location"": {""seller_city"": ""New Delhi""}}}"
185057,185070,28792251,4237,1970-01-01 00:00:00.000,"{""metadata"": {""call_type"": {""type"": ""B2B"", ""reason"": ""The buyer explicitly states a need for 'sticker' with specific dimensions (38x15 mm), a high quantity (50,000 pieces), and asks for thermal labels to be used with carbon ribbon, which points to commercial/business use. The purchase of wax ribbon further supports a B2B context for labeling operations."", ""evidence"": {""keywords"": [""thermal"", ""carbon""], ""order_type"": ""bulk"", ""repeat_buyer"": false, ""buyer_persona"": ""Shop keeper"", ""quantity_scale"": ""High""}}, ""call_purpose"": ""requirement"", ""all_languages"": [""Hindi"", ""English""], ""primary_language"": ""Hindi""}, ""products"": [{""price"": {""value"": 206, ""currency"": ""INR"", ""price_unit"": ""roll""}, ""in_stock"": ""in stock"", ""product_name"": ""Sticker [Label]"", ""specifications"": [{""name"": ""Dimensions"", ""value"": ""38 by 15"", ""buyer_requested"": true, ""seller_mentioned"": false}, {""name"": ""Type"", ""value"": ""Thermal"", ""buyer_requested"": true, ""seller_mentioned"": true}, {""name"": ""Usage with Carbon"", ""value"": ""Yes"", ""buyer_requested"": false, ""seller_mentioned"": false}, {""name"": ""Pieces per roll"", ""unit"": ""pieces"", ""value"": ""4000"", ""buyer_requested"": false, ""seller_mentioned"": true}], ""quantity_required"": {""unit"": ""pieces"", ""value"": 50000}, ""related_categories"": [{""name"": ""Stickers"", ""reason"": ""The buyer initially asked for 'sticker' and the product is a type of sticker.""}, {""name"": ""Self Adhesive Stickers"", ""reason"": ""Labels are generally self-adhesive, and this is a common characteristic of such stickers.""}, {""name"": ""Roll Labels"", ""reason"": ""The seller mentioned '4000 ki packing hogi ek roll mein', indicating the stickers are supplied in roll form.""}, {""name"": ""Label Sticker"", ""reason"": ""The seller used the term 'label' when clarifying the buyer's requirement ('kis type ka label hai?'), making 'Label Sticker' a relevant broader category.""}], ""is_buyer_interested"": true, ""most_specific_category"": {""name"": ""Thermal Stickers"", ""reason"": ""The buyer explicitly asked for 'thermal thermal' stickers to be used 'carbon ke saath' (with carbon), which specifically indicates thermal transfer stickers. Hence, 'Thermal Stickers' is the most specific category.""}}, {""price"": {""gst"": {""value"": 18, ""is_gst_included"": false}, ""value"": 200, ""currency"": ""INR""}, ""in_stock"": ""in stock"", ""product_name"": ""Wax Ribbon"", ""specifications"": [{""name"": ""Size"", ""value"": ""105 by 300"", ""buyer_requested"": false, ""seller_mentioned"": true}], ""quantity_required"": {""unit"": ""rolls"", ""value"": 2}, ""related_categories"": [], ""is_buyer_interested"": true, ""most_specific_category"": {""name"": ""Wax Ribbon"", ""reason"": ""The seller explicitly referred to the product as 'Wax Ribbon' and provided specific dimensions for it, making 'Wax Ribbon' the most specific category.""}}], ""next_steps"": {""buyer_next_steps"": [""To receive WhatsApp message for product and cost details""], ""seller_next_steps"": [""To send product and cost details via WhatsApp""]}, ""buyer_details"": {""buyer_name"": ""4320472dca0d474b698d34e00ea152eae7c4fe91290b6745c78ed67b4b0551b4"", ""buyer_mobile_number"": ""0109f90e83737152cb0de57c72d8a530135d2daebe3537bdf2112ed0564c78a9""}, ""seller_details"": {}}"
2219950,2236744,8436657,4167,1970-01-01 00:00:00.000,"{""lead_tag"": {""deal_blockers"": [{""detail"": ""Seller only supplies from Delhi, buyer is in Mumbai (Delhi se hi hoga)"", ""category"": ""Location""}], ""deal_readiness"": ""Cold"", ""deal_readiness_reason"": ""The seller cannot supply from Delhi to Mumbai, creating a logistical mismatch.""}, ""metadata"": {""call_type"": {""type"": ""B2B"", ""reason"": ""The buyer is asking about 'supply' in a specific locality, suggesting a business or retail interest rather than personal use."", ""evidence"": {""keywords"": [""Ghatkopar"", ""Supply""], ""order_type"": {""order_type_category"": ""commercial""}}}, ""buyer_intent"": {""narrative"": ""Wants baby diapers for supply in Ghatkopar, Mumbai."", ""reasoning"": ""While the buyer has a specific location and product in mind, the deal died instantly due to regional supply constraints."", ""intent_level"": ""Low""}, ""call_outcome"": {""category"": ""Lost"", ""conclusion_notes"": ""Seller explicitly refused supply to Mumbai (Nahi hoga na? Delhi se hi hoga)""}, ""call_purpose"": ""requirement"", ""all_languages"": [""Hindi"", ""English""], ""primary_language"": ""Hindi"", ""additional_details"": {""buyer_queries"": [{""query"": ""Will delivery be possible in Ghatkopar, Mumbai?"", ""category"": ""Delivery"", ""sequence"": 1}], ""seller_queries"": []}}, ""products"": [{""product_name"": ""Baby Diapers"", ""specifications"": [{""name"": ""Type"", ""value"": ""Baby"", ""buyer_requested"": true, ""seller_mentioned"": false}], ""related_categories"": [{""name"": ""Baby Care Products"", ""reason"": ""Baby diapers are a fundamental part of the baby care products industry.""}, {""name"": ""Diaper"", ""reason"": ""Generic parent category for the requested product.""}], ""is_buyer_interested"": true, ""most_specific_category"": {""name"": ""Baby Diapers"", ""reason"": ""The buyer specifically mentions 'baby diapers' as their requirement.""}}], ""next_steps"": {""buyer_next_steps"": [], ""seller_next_steps"": []}, ""buyer_details"": {""buyer_location"": {""buyer_city"": ""Mumbai"", ""buyer_locality"": ""Ghatkopar""}, ""buyer_mobile_number"": ""1f93281cf520982654a9735823a279202e4e39ae362afa3246d994a08106129d""}, ""seller_details"": {""seller_name"": ""602d3d0ab5e96a205221e5a0ea2e85b4d8aee8562a064533e95591f94d2df19e"", ""seller_location"": {""seller_city"": ""Delhi""}}}"
2405916,2422719,8436657,4167,1970-01-01 00:00:00.000,"{""callback"": ""callback by Tomorrow - To check stock status (Kal call karta hoon)"", ""lead_tag"": {""deal_blockers"": [], ""deal_readiness"": ""Warm"", ""deal_readiness_reason"": ""Inquiring about samples and wholesale rates for diaper pants.""}, ""metadata"": {""call_type"": {""type"": ""B2B"", ""reason"": ""The buyer asks for wholesale prices and samples, typical of a B2B trader or retailer."", ""evidence"": {""keywords"": [""Wholesale"", ""Pampers"", ""Sample""], ""order_type"": {""order_type_category"": ""bulk""}}}, ""buyer_intent"": {""narrative"": ""Buyer is looking for wholesale rates and samples for diapers."", ""reasoning"": ""Buyer specifically asked for wholesale rates and sample availability, indicating business intent."", ""intent_level"": ""Medium""}, ""call_outcome"": {""category"": ""Follow-up"", ""conclusion_notes"": ""Stock will be available after the 15th (15 tareekh ko banega). Follow up tomorrow.""}, ""call_purpose"": ""requirement"", ""all_languages"": [""Hindi"", ""English""], ""primary_language"": ""Hindi"", ""additional_details"": {""buyer_queries"": [{""query"": ""Inquired about samples for pampers or diapers."", ""category"": ""Specifications"", ""sequence"": 1}, {""query"": ""Asked for wholesale price list."", ""category"": ""Pricing"", ""sequence"": 2}, {""query"": ""Asked when diapers will be available."", ""category"": ""Availability"", ""sequence"": 3}], ""seller_queries"": []}}, ""products"": [{""in_stock"": ""out of stock"", ""product_name"": ""Pampers (Diaper)"", ""specifications"": [{""name"": ""Type"", ""value"": ""Sample"", ""buyer_requested"": true, ""seller_mentioned"": false}], ""related_categories"": [{""name"": ""Baby Diaper Pants"", ""reason"": ""Pampers is a leading brand in baby diaper pants.""}, {""name"": ""Pull Up Diaper"", ""reason"": ""Commonly associated with pampers pants style.""}], ""is_buyer_interested"": true, ""most_specific_category"": {""name"": ""Diaper"", ""reason"": ""The buyer refers to 'pampers' and 'diapers' which falls under the general diaper category.""}}, {""in_stock"": ""out of stock"", ""product_name"": ""Diapers"", ""specifications"": [{""name"": ""Type"", ""value"": ""Wholesale"", ""buyer_requested"": false, ""seller_mentioned"": false}], ""related_categories"": [{""name"": ""Baby Diapers"", ""reason"": ""The general term diaper in this context refers to baby hygiene.""}], ""is_buyer_interested"": true, ""most_specific_category"": {""name"": ""Diaper"", ""reason"": ""Buyer mentioned diapers in a wholesale context.""}}], ""next_steps"": {""buyer_next_steps"": [""To call back tomorrow to confirm stock status.""], ""seller_next_steps"": [""To provide price list once stock is ready.""]}, ""buyer_details"": {""buyer_name"": ""13aacf62bf7029566aa6488bd4722075f9c8a3fa3e63ae018819998ff619e409""}, ""seller_details"": {""seller_name"": ""602d3d0ab5e96a205221e5a0ea2e85b4d8aee8562a064533e95591f94d2df19e""}}"
2251266,2268063,8436657,4167,1970-01-01 00:00:00.000,"{""lead_tag"": {""deal_blockers"": [{""detail"": ""The seller was unavailable to take the call."", ""category"": ""Availability""}], ""deal_readiness"": ""Cold"", ""deal_readiness_reason"": ""The call was not answered and went to voicemail, so no discussion took place.""}, ""metadata"": {""call_type"": {""type"": ""B2C"", ""reason"": ""The call was an automated voicemail response and contained no business discussion or product details.""}, ""buyer_intent"": {""narrative"": ""Buyer attempted to contact the seller but the call was redirected to voicemail."", ""reasoning"": ""The call was essentially a missed connection as it hit voicemail immediately."", ""intent_level"": ""Low""}, ""call_outcome"": {""category"": ""Lost"", ""conclusion_notes"": ""The call was not answered and went to voicemail (The person you are trying to reach is not available).""}, ""call_purpose"": ""irrelevant"", ""all_languages"": [""English""], ""primary_language"": ""English"", ""additional_details"": {""buyer_queries"": [], ""seller_queries"": []}}, ""products"": [], ""next_steps"": {""buyer_next_steps"": [], ""seller_next_steps"": []}, ""buyer_details"": {}, ""seller_details"": {}}"
2251390,2268186,8436657,4167,1970-01-01 00:00:00.000,"{""lead_tag"": {""deal_blockers"": [], ""deal_readiness"": ""Warm"", ""deal_readiness_reason"": ""Wants to visit the factory and has requested a price list to proceed with an online business requirement.""}, ""metadata"": {""call_type"": {""type"": ""B2B"", ""reason"": ""Buyer is looking for a manufacturer to source diapers for his online business, indicating B2B intent."", ""evidence"": {""keywords"": [""Manufacturer"", ""Online work"", ""Size wise"", ""Equal quantity""], ""order_type"": {""order_type_category"": ""commercial""}, ""repeat_buyer"": true, ""buyer_persona"": {""persona_detail"": ""Online Seller"", ""persona_category"": ""retailer""}}}, ""buyer_intent"": {""narrative"": ""Wants to source loose baby diapers in specific sizes (M, L) for an online retail business."", ""reasoning"": ""Explicitly mentions having an online business, asks for specific pricing for size-based orders, and agrees to a factory visit."", ""intent_level"": ""High""}, ""call_outcome"": {""category"": ""Pending"", ""conclusion_notes"": ""Awaiting price list review and factory visit (Price list send kar raha hoon).""}, ""call_purpose"": ""requirement"", ""all_languages"": [""Hindi"", ""English""], ""primary_language"": ""Hindi"", ""additional_details"": {""buyer_queries"": [{""query"": ""What is the starting price per piece for diapers?"", ""category"": ""Pricing"", ""sequence"": 1}, {""query"": ""What is the price difference if I order specific sizes like Medium or Large separately?"", ""category"": ""Pricing"", ""sequence"": 2}], ""seller_queries"": [{""query"": ""Where are you calling from?"", ""category"": ""Other"", ""sequence"": 3}]}, ""intended_application"": ""Online Retail Sales""}, ""products"": [{""price"": {""gst"": {""is_gst_included"": true}, ""value"": 4.5, ""currency"": ""INR"", ""price_unit"": ""piece""}, ""product_name"": ""Diaper"", ""specifications"": [{""name"": ""Size"", ""value"": ""NB to L"", ""buyer_requested"": false, ""seller_mentioned"": true}, {""name"": ""Packaging"", ""value"": ""Loose"", ""buyer_requested"": true, ""seller_mentioned"": true}], ""related_categories"": [{""name"": ""Baby Diapers"", ""reason"": ""General category for absorbent undergarments for babies.""}, {""name"": ""Disposable Baby Diapers"", ""reason"": ""Retail and online sales usually involve disposable varieties.""}], ""is_buyer_interested"": true, ""most_specific_category"": {""name"": ""Baby Diaper Pants"", ""reason"": ""The seller is a baby diaper manufacturer and mentions standard sizes from Small to Large and specific availability of Medium and Large sizes.""}}, {""price"": {""currency"": ""INR"", ""negotiation_notes"": ""Rate varies if specific sizes like Medium or Large are ordered separately.""}, ""product_name"": ""Medium Size Diaper"", ""specifications"": [{""name"": ""Size"", ""value"": ""Medium"", ""buyer_requested"": true, ""seller_mentioned"": true}], ""related_categories"": [{""name"": ""Baby Diapers"", ""reason"": ""Category for infant hygiene products.""}], ""is_buyer_interested"": true, ""most_specific_category"": {""name"": ""Baby Diaper Pants"", ""reason"": ""Discussed as a size-specific requirement for online sales.""}}, {""price"": {""currency"": ""INR""}, ""product_name"": ""Large Size Diaper"", ""specifications"": [{""name"": ""Size"", ""value"": ""Large"", ""buyer_requested"": true, ""seller_mentioned"": true}], ""related_categories"": [{""name"": ""Baby Diapers"", ""reason"": ""Category for infant hygiene products.""}], ""is_buyer_interested"": true, ""most_specific_category"": {""name"": ""Baby Diaper Pants"", ""reason"": ""Discussed as a size-specific requirement for the buyer's ecommerce business.""}}], ""next_steps"": {""buyer_next_steps"": [""To check the price list shared on WhatsApp"", ""To visit the factory in Bawana""], ""seller_next_steps"": [""To share the product price list on WhatsApp"", ""To share the factory location with the contact""]}, ""buyer_details"": {""buyer_name"": ""1c7272b3cb1d980b7701040e8afd537af886a437cd718ffdaf7c49c41171e11c"", ""buyer_location"": {""buyer_city"": ""New Delhi"", ""buyer_locality"": ""Trinagar""}}, ""seller_details"": {""seller_location"": {""seller_city"": ""New Delhi"", ""seller_locality"": ""Bawana""}}}"
1342701,1359464,8436657,4167,1970-01-01 00:00:00.000,"{""payment"": {}, ""callback"": ""callback by Tomorrow Morning - To discuss pricing after checking the price list (Kal morning mein phone karunga)"", ""lead_tag"": {""deal_blockers"": [], ""deal_readiness"": ""Warm"", ""deal_readiness_reason"": ""Buyer is reviewing the price list and plans to visit for further discussions tomorrow.""}, ""metadata"": {""call_type"": {""type"": ""B2B"", ""reason"": ""The buyer mentions specific product grades (A and B) and requests a price list for business inventory, suggesting a B2B retail or wholesale context."", ""evidence"": {""keywords"": [""Grade A"", ""Grade B"", ""Price list"", ""IndiaMART""], ""order_type"": {""order_type_category"": ""commercial""}, ""buyer_persona"": {""persona_category"": ""retailer""}, ""quantity_scale"": ""High""}}, ""buyer_intent"": {""narrative"": ""Buyer is looking for Grade A and Grade B baby diaper pants for business purposes."", ""reasoning"": ""The buyer explicitly mentioned specific grades, intent to visit the office, and a plan for a follow-up call tomorrow."", ""intent_level"": ""High""}, ""call_outcome"": {""category"": ""Pending"", ""conclusion_notes"": ""The buyer will review the price list sent on WhatsApp and call back tomorrow morning. (Kal subah phone karta hoon)""}, ""call_purpose"": ""requirement"", ""all_languages"": [""Hindi"", ""English""], ""primary_language"": ""Hindi"", ""additional_details"": {""buyer_queries"": [{""query"": ""What are the prices and quotations for Grade A and Grade B diapers?"", ""category"": ""Pricing"", ""sequence"": 1}, {""query"": ""What is the minimum order quantity?"", ""category"": ""Quantity"", ""sequence"": 2}], ""seller_queries"": [{""query"": ""Where are you calling from?"", ""category"": ""Other"", ""sequence"": 3}]}, ""intended_application"": ""Retail Resale""}, ""products"": [{""price"": {""negotiation_notes"": ""Buyer asked if prices could be negotiated during a face-to-face visit.""}, ""product_name"": ""Grade A Baby Diaper Pants"", ""specifications"": [{""name"": ""Grade"", ""value"": ""A"", ""buyer_requested"": false, ""seller_mentioned"": true}], ""related_categories"": [{""name"": ""Baby Diapers"", ""reason"": ""The product belongs to the broader baby diaper category.""}], ""is_buyer_interested"": true, ""most_specific_category"": {""name"": ""Baby Diaper Pants"", ""reason"": ""The buyer explicitly mentioned baby diaper pants during the inquiry.""}}, {""price"": {}, ""product_name"": ""Grade B Baby Diaper Pants"", ""specifications"": [{""name"": ""Grade"", ""value"": ""B"", ""buyer_requested"": false, ""seller_mentioned"": true}], ""related_categories"": [{""name"": ""Baby Diapers"", ""reason"": ""This is a sub-type of baby diapers.""}], ""is_buyer_interested"": true, ""most_specific_category"": {""name"": ""Baby Diaper Pants"", ""reason"": ""The buyer specifically inquired about baby diaper pants.""}}], ""next_steps"": {""buyer_next_steps"": [""To review the price list on WhatsApp"", ""To call back tomorrow morning""], ""seller_next_steps"": [""To send the price list on WhatsApp""]}, ""buyer_details"": {""buyer_name"": ""171300fe037cbd2da927ca8b8fbfa743f12865c2ba36461e16b1d381295b0f46""}, ""seller_details"": {""seller_name"": ""602d3d0ab5e96a205221e5a0ea2e85b4d8aee8562a064533e95591f94d2df19e""}}"
1897659,1914441,1001263,31157,1970-01-01 00:00:00.000,"{""payment"": {}, ""lead_tag"": {""deal_blockers"": [{""detail"": ""Buyer is concerned about transport costs from Ahmedabad to Mumbai Vasai."", ""category"": ""Location""}], ""deal_readiness"": ""Warm"", ""deal_readiness_reason"": ""Buyer has a specific requirement for 2 drums for cleaning and is negotiating transport costs.""}, ""metadata"": {""call_type"": {""type"": ""B2B"", ""reason"": ""The requirement for multiple drums of IPA for cleaning purposes and discussion about transport per kg rates indicate a B2B commercial transaction."", ""evidence"": {""keywords"": [""Cleaning"", ""Drum"", ""Transport charge""], ""order_type"": {""order_type_category"": ""commercial""}, ""repeat_buyer"": false, ""buyer_persona"": {""persona_detail"": ""Small scale manufacturer or refiller"", ""persona_category"": ""manufacturer""}, ""quantity_scale"": ""High""}}, ""buyer_intent"": {""narrative"": ""Wants 2 drums of IPA for cleaning purposes in Mumbai Vasai."", ""reasoning"": ""Buyer provided specific quantity (2 drums), usage (cleaning), and location (Vasai), and was actively discussing logistics cost."", ""intent_level"": ""High""}, ""call_outcome"": {""category"": ""Follow-up"", ""conclusion_notes"": ""Seller will provide the rate after the buyer sends details on WhatsApp (Bhav do toh main dekhunga).""}, ""call_purpose"": ""requirement"", ""all_languages"": [""Hindi"", ""Gujarati"", ""English""], ""primary_language"": ""Hindi"", ""additional_details"": {""buyer_queries"": [{""query"": ""What is the price for IPA per kg?"", ""category"": ""Pricing"", ""sequence"": 1}, {""query"": ""How much will the transport cost per drum?"", ""category"": ""Delivery"", ""sequence"": 3}], ""seller_queries"": [{""query"": ""Where are you located?"", ""category"": ""Delivery"", ""sequence"": 2}, {""query"": ""What is the intended use for the IPA?"", ""category"": ""Specifications"", ""sequence"": 4}]}, ""intended_application"": ""Industrial Cleaning""}, ""products"": [{""price"": {""price_unit"": ""kg"", ""delivery_charge"": {""value"": 4, ""details"": ""One drum transport charge is approximately 4 to 5 rupees per unit."", ""currency"": ""INR""}}, ""in_stock"": ""in stock"", ""product_name"": ""IPA [Isopropyl Alcohol]"", ""specifications"": [{""name"": ""Use Case"", ""value"": ""Cleaning"", ""buyer_requested"": false, ""seller_mentioned"": false}, {""name"": ""Packaging Type"", ""value"": ""Drum"", ""buyer_requested"": false, ""seller_mentioned"": true}], ""quantity_required"": {""unit"": ""drum"", ""value"": 2}, ""related_categories"": [{""name"": ""Alcohol Solvents"", ""reason"": ""Isopropyl Alcohol is a widely used industrial alcohol solvent.""}, {""name"": ""Industrial Solvents"", ""reason"": ""The buyer mentions using it for cleaning purposes in a commercial/industrial context.""}], ""is_buyer_interested"": true, ""most_specific_category"": {""name"": ""Isopropyl Alcohol IPA"", ""reason"": ""The buyer specifically asks for IPA which is a common abbreviation for Isopropyl Alcohol, and mentions it is for cleaning use.""}, ""seller_accepts_quantity"": true}], ""next_steps"": {""buyer_next_steps"": [""To share company profile and requirements on WhatsApp""], ""seller_next_steps"": [""To provide the final quote/price over WhatsApp"", ""To check transport feasibility and costs to Vasai Mumbai""]}, ""buyer_details"": {""buyer_location"": {""buyer_city"": ""Mumbai"", ""buyer_locality"": ""Vasai""}}, ""seller_details"": {""seller_location"": {""seller_city"": ""Ahmedabad""}}}"
1897659,1914441,1001263,31157,1970-01-01 00:00:00.000,"{""payment"": {}, ""lead_tag"": {""deal_blockers"": [{""detail"": ""Buyer is concerned about transport costs from Ahmedabad to Mumbai Vasai."", ""category"": ""Location""}], ""deal_readiness"": ""Warm"", ""deal_readiness_reason"": ""Buyer has a specific requirement for 2 drums for cleaning and is negotiating transport costs.""}, ""metadata"": {""call_type"": {""type"": ""B2B"", ""reason"": ""The requirement for multiple drums of IPA for cleaning purposes and discussion about transport per kg rates indicate a B2B commercial transaction."", ""evidence"": {""keywords"": [""Cleaning"", ""Drum"", ""Transport charge""], ""order_type"": {""order_type_category"": ""commercial""}, ""repeat_buyer"": false, ""buyer_persona"": {""persona_detail"": ""Small scale manufacturer or refiller"", ""persona_category"": ""manufacturer""}, ""quantity_scale"": ""High""}}, ""buyer_intent"": {""narrative"": ""Wants 2 drums of IPA for cleaning purposes in Mumbai Vasai."", ""reasoning"": ""Buyer provided specific quantity (2 drums), usage (cleaning), and location (Vasai), and was actively discussing logistics cost."", ""intent_level"": ""High""}, ""call_outcome"": {""category"": ""Follow-up"", ""conclusion_notes"": ""Seller will provide the rate after the buyer sends details on WhatsApp (Bhav do toh main dekhunga).""}, ""call_purpose"": ""requirement"", ""all_languages"": [""Hindi"", ""Gujarati"", ""English""], ""primary_language"": ""Hindi"", ""additional_details"": {""buyer_queries"": [{""query"": ""What is the price for IPA per kg?"", ""category"": ""Pricing"", ""sequence"": 1}, {""query"": ""How much will the transport cost per drum?"", ""category"": ""Delivery"", ""sequence"": 3}], ""seller_queries"": [{""query"": ""Where are you located?"", ""category"": ""Delivery"", ""sequence"": 2}, {""query"": ""What is the intended use for the IPA?"", ""category"": ""Specifications"", ""sequence"": 4}]}, ""intended_application"": ""Industrial Cleaning""}, ""products"": [{""price"": {""price_unit"": ""kg"", ""delivery_charge"": {""value"": 4, ""details"": ""One drum transport charge is approximately 4 to 5 rupees per unit."", ""currency"": ""INR""}}, ""in_stock"": ""in stock"", ""product_name"": ""IPA [Isopropyl Alcohol]"", ""specifications"": [{""name"": ""Use Case"", ""value"": ""Cleaning"", ""buyer_requested"": false, ""seller_mentioned"": false}, {""name"": ""Packaging Type"", ""value"": ""Drum"", ""buyer_requested"": false, ""seller_mentioned"": true}], ""quantity_required"": {""unit"": ""drum"", ""value"": 2}, ""related_categories"": [{""name"": ""Alcohol Solvents"", ""reason"": ""Isopropyl Alcohol is a widely used industrial alcohol solvent.""}, {""name"": ""Industrial Solvents"", ""reason"": ""The buyer mentions using it for cleaning purposes in a commercial/industrial context.""}], ""is_buyer_interested"": true, ""most_specific_category"": {""name"": ""Isopropyl Alcohol IPA"", ""reason"": ""The buyer specifically asks for IPA which is a common abbreviation for Isopropyl Alcohol, and mentions it is for cleaning use.""}, ""seller_accepts_quantity"": true}], ""next_steps"": {""buyer_next_steps"": [""To share company profile and requirements on WhatsApp""], ""seller_next_steps"": [""To provide the final quote/price over WhatsApp"", ""To check transport feasibility and costs to Vasai Mumbai""]}, ""buyer_details"": {""buyer_location"": {""buyer_city"": ""Mumbai"", ""buyer_locality"": ""Vasai""}}, ""seller_details"": {""seller_location"": {""seller_city"": ""Ahmedabad""}}}"
1609849,1626623,8436657,4167,1970-01-01 00:00:00.000,"{""callback"": ""callback by Tomorrow evening - To finalize price lists with the buyer"", ""lead_tag"": {""deal_blockers"": [{""detail"": ""Need to share price and product details for the whole range first"", ""category"": ""Other""}], ""deal_readiness"": ""Warm"", ""deal_readiness_reason"": ""Buyer is opening a new shop and needs a full product price list to proceed.""}, ""metadata"": {""call_type"": {""type"": ""B2B"", ""reason"": ""Buyer is opening a new shop and requires a full inventory price list for ongoing commercial resale."", ""evidence"": {""keywords"": [""New shop"", ""Price list""], ""order_type"": {""order_type_category"": ""commercial""}, ""repeat_buyer"": true, ""buyer_persona"": {""persona_detail"": ""New shop owner"", ""persona_category"": ""retailer""}}}, ""buyer_intent"": {""narrative"": ""Wants price lists for various diapers for a new shop in Bidar, Karnataka."", ""reasoning"": ""Buyer is setting up a new business and specifically requested a full price list for diaper products."", ""intent_level"": ""High""}, ""call_outcome"": {""category"": ""Follow-up"", ""conclusion_notes"": ""Seller will send the price list on WhatsApp (WhatsApp par price list send karta hoon).""}, ""call_purpose"": ""requirement"", ""all_languages"": [""Hindi"", ""English""], ""primary_language"": ""Hindi"", ""additional_details"": {""buyer_queries"": [{""query"": ""What are the prices for the full diaper product range?"", ""category"": ""Pricing"", ""sequence"": 1}], ""seller_queries"": []}, ""intended_application"": ""Retail Resale""}, ""products"": [{""in_stock"": ""in stock"", ""product_name"": ""Diaper"", ""specifications"": [], ""related_categories"": [{""name"": ""Baby Care Products"", ""reason"": ""Diapers are a primary sub-category of baby care items.""}, {""name"": ""Baby Diapers"", ""reason"": ""The inquiry is likely focused on baby diapers for a retail shop.""}, {""name"": ""Adult Diapers"", ""reason"": ""The shop may stock adult diapers as part of its general diaper inventory.""}], ""is_buyer_interested"": true, ""most_specific_category"": {""name"": ""Diaper"", ""reason"": ""The buyer specifically mentioned opening a shop for diapers and requested a price list for them.""}}], ""next_steps"": {""buyer_next_steps"": [""To review the price list provided by the seller""], ""seller_next_steps"": [""To share the complete diaper product price list on WhatsApp""]}, ""buyer_details"": {""buyer_name"": ""1ed6572c98a5275a098f9e5c8dee2d432508554165958189445918d27efaf446"", ""buyer_location"": {""buyer_city"": ""Bidar"", ""buyer_state"": ""Karnataka""}}, ""seller_details"": {""seller_location"": {""seller_city"": ""New Delhi""}}}"
1610020,1626794,8436657,4167,1970-01-01 00:00:00.000,"{""lead_tag"": {""deal_blockers"": [{""detail"": ""Seller is not interested in the e-commerce selling service offered by the caller."", ""category"": ""Other""}], ""deal_readiness"": ""Cold"", ""deal_readiness_reason"": ""The seller explicitly refused the service offer for selling products on e-commerce platforms.""}, ""metadata"": {""call_type"": {""type"": ""B2B"", ""reason"": ""The call is from a service provider (B2B context) attempting to offer account management/sales services to a manufacturer/brand, though it was rejected."", ""evidence"": {""keywords"": [""E-commerce platform"", ""Meesho"", ""Flipkart"", ""Amazon""], ""buyer_persona"": {""persona_detail"": ""E-commerce platform seller service"", ""persona_category"": ""service_provider""}}}, ""buyer_intent"": {""narrative"": ""Seeking to provide e-commerce selling services for the seller's diaper products on platforms like Meesho and Amazon."", ""reasoning"": ""The contact was a service pitch rather than a product purchase inquiry, and it was immediately rejected."", ""intent_level"": ""Low""}, ""call_outcome"": {""category"": ""Lost"", ""conclusion_notes"": ""The seller declined the service offer (Nahi sir).""}, ""call_purpose"": ""irrelevant"", ""all_languages"": [""Hindi"", ""English""], ""primary_language"": ""Hindi"", ""additional_details"": {""buyer_queries"": [], ""seller_queries"": []}, ""intended_application"": ""E-commerce Resale""}, ""products"": [{""product_name"": ""Diaper"", ""specifications"": [], ""related_categories"": [{""name"": ""Baby Care Products"", ""reason"": ""Diapers are a core component of baby care product offerings.""}, {""name"": ""Disposable Baby Diapers"", ""reason"": ""Standard e-commerce diaper listings typically focus on disposable varieties.""}], ""is_buyer_interested"": false, ""most_specific_category"": {""name"": ""Diaper"", ""reason"": ""The caller mentioned dealing in diapers for e-commerce platforms like Meesho, Flipkart, and Amazon.""}}], ""next_steps"": {""buyer_next_steps"": [], ""seller_next_steps"": []}, ""buyer_details"": {""buyer_name"": ""c0b1eac6bb604a5648a2b165f824467e3d1b04f8e682a8a75fef7f833a6190f0""}, ""seller_details"": {""seller_name"": ""602d3d0ab5e96a205221e5a0ea2e85b4d8aee8562a064533e95591f94d2df19e""}}"
3248761,3265586,8436657,4167,1970-01-01 00:00:00.000,"{""payment"": {}, ""callback"": ""callback by [Date/Time Unknown] - As the seller says they'll call back to provide quotes after looking into it."", ""lead_tag"": {""deal_blockers"": [], ""deal_readiness"": ""Warm"", ""deal_readiness_reason"": ""The buyer wants to start his brand online and is seeking quotes for manufacturing.""}, ""metadata"": {""call_type"": {""type"": ""B2B"", ""reason"": ""The buyer wants white-labeled products for his online business."", ""evidence"": {""keywords"": [""White labeling"", ""Branding""], ""order_type"": [""commercial""], ""repeat_buyer"": true, ""buyer_persona"": {""persona_detail"": ""Online startup owner"", ""persona_category"": ""retailer""}, ""quantity_scale"": ""High""}}, ""buyer_intent"": {""narrative"": ""The buyer wants to manufacture diapers under his brand name for his online business."", ""reasoning"": ""The buyer has specific requirements for packaging and branding for his existing online business."", ""intent_level"": ""High""}, ""call_outcome"": {""category"": ""Follow-up"", ""conclusion_notes"": ""The seller said he'll look into it and call back with details.""}, ""call_purpose"": ""requirement"", ""all_languages"": [""Hindi"", ""English""], ""primary_language"": ""Hindi"", ""additional_details"": {""buyer_queries"": [{""query"": ""What's the per-piece price?"", ""category"": ""Pricing"", ""sequence"": 1, ""answer_by_seller"": ""The seller said he'll provide details over the phone call later.""}], ""seller_queries"": [{""query"": ""Do you have a brand?"", ""category"": ""Specifications"", ""sequence"": 2, ""answer_by_buyer"": ""The buyer currently has an online business for the same but wants to start his own brand.""}]}, ""intended_application"": ""Retail Resale""}, ""products"": [{""in_stock"": ""in stock"", ""product_name"": ""Diaper (Packing) (White Labeling)"", ""specifications"": [{""name"": ""Type"", ""value"": ""Packing"", ""buyer_requested"": true, ""seller_mentioned"": false}, {""name"": ""Nature"", ""value"": ""White Labeling"", ""buyer_requested"": false, ""seller_mentioned"": true}], ""related_categories"": [{""name"": ""Diaper"", ""reason"": ""The buyer wants to manufacture diapers.""}], ""is_buyer_interested"": true, ""most_specific_category"": {""name"": ""Diaper Third Party Manufacturing"", ""reason"": ""The buyer wants to manufacture diapers under his brand name.""}}], ""next_steps"": {""buyer_next_steps"": [""To provide more details after the seller provides quotes""], ""seller_next_steps"": [""To call back the buyer with quotes for white labeling diapers""]}, ""buyer_details"": {""buyer_name"": ""647da4f863a2898d1e83d454901a5ff3a176a91fdc6b5e902de3b39bf342042c"", ""buyer_mobile_number"": ""9f40fc3247ba9c50030d43e2158e51b223e3f2778cce8295351c77f4cef45f80""}, ""seller_details"": {""seller_name"": ""602d3d0ab5e96a205221e5a0ea2e85b4d8aee8562a064533e95591f94d2df19e"", ""seller_location"": {""seller_city"": ""New Delhi""}}}"
1903596,1920376,1001263,31157,1970-01-01 00:00:00.000,"{""payment"": {""payment_mode"": ""bank transfer"", ""payment_details"": ""50% advance on Purchase Order and 50% against LR number/Dispatch.""}, ""callback"": ""callback by Tomorrow - To discuss payment and quality (Kal baat karte hain quality aur payment finalize karne ke liye)"", ""lead_tag"": {""deal_blockers"": [], ""deal_readiness"": ""Hot"", ""deal_readiness_reason"": ""Immediate requirement for 495 kg with partial advance payment agreed.""}, ""metadata"": {""call_type"": {""type"": ""B2B"", ""reason"": ""The buyer is discussing industrial-scale quantities (approx 500kg), asking for credit terms for future larger supplies, and requesting technical documentation like COA, typical of B2B transactions."", ""evidence"": {""keywords"": [""Certificate of Analysis"", ""Industrial Use"", ""165kg Drum"", ""PDC option""], ""order_type"": {""order_type_category"": ""bulk""}, ""repeat_buyer"": true, ""buyer_persona"": {""persona_category"": ""manufacturer""}, ""quantity_scale"": ""High""}}, ""buyer_intent"": {""narrative"": ""Wants to purchase 495kg of 99% pure Isopropyl Alcohol for industrial use."", ""reasoning"": ""Buyer specified exact concentration, quantity, and brand (Deepak), and negotiated payment terms."", ""intent_level"": ""High""}, ""call_outcome"": {""category"": ""Pending"", ""conclusion_notes"": ""Agreed on price and trial quantity; buyer will share transport details and seller will share COA (COA bhijva do, 3 drum order karte hain).""}, ""call_purpose"": ""requirement"", ""all_languages"": [""Hindi"", ""English""], ""primary_language"": ""Hindi"", ""additional_details"": {""buyer_queries"": [{""query"": ""Is there a credit or PDC option available for future larger orders?"", ""category"": ""Other"", ""sequence"": 1}, {""query"": ""Can you provide the Certificate of Analysis (COA)?"", ""category"": ""Specifications"", ""sequence"": 4}], ""seller_queries"": [{""query"": ""Do you need pure or next to pure grade?"", ""category"": ""Quantity"", ""sequence"": 2}, {""query"": ""What are your transportation and delivery details?"", ""category"": ""Delivery"", ""sequence"": 3}]}, ""intended_application"": ""Industrial Production""}, ""products"": [{""price"": {""gst"": {""value"": 18, ""details"": ""18 percent GST extra"", ""is_gst_included"": false}, ""value"": 145, ""currency"": ""INR"", ""price_unit"": ""kg"", ""buyer_price_reaction"": {""quote"": ""Theek hai plus 18 percent GST and freight"", ""category"": ""Accepted""}}, ""in_stock"": ""in stock"", ""product_name"": ""Isopropyl Alcohol (IPA)"", ""specifications"": [{""name"": ""Purity"", ""unit"": ""%"", ""value"": ""99"", ""buyer_requested"": true, ""seller_mentioned"": true}, {""name"": ""Brand"", ""value"": ""Deepak"", ""buyer_requested"": false, ""seller_mentioned"": true}, {""name"": ""Packaging"", ""unit"": ""kg"", ""value"": ""165 per drum"", ""buyer_requested"": false, ""seller_mentioned"": true}], ""quantity_required"": {""unit"": ""kg"", ""value"": 495}, ""related_categories"": [{""name"": ""Chemical Solvent"", ""reason"": ""IPA is widely used as an industrial chemical solvent.""}, {""name"": ""Industrial Solvents"", ""reason"": ""Used in various manufacturing processes.""}], ""is_buyer_interested"": true, ""most_specific_category"": {""name"": ""Isopropyl Alcohol IPA"", ""reason"": ""Directly requested 99% pure IPA and discussed Deepak brand.""}, ""seller_accepts_quantity"": true}, {""in_stock"": ""in stock"", ""product_name"": ""Reprocessed Isopropyl Alcohol"", ""specifications"": [{""name"": ""Moisture Content"", ""unit"": ""%"", ""value"": ""1.2"", ""buyer_requested"": false, ""seller_mentioned"": true}, {""name"": ""Type"", ""value"": ""Reprocessed"", ""buyer_requested"": false, ""seller_mentioned"": true}], ""related_categories"": [{""name"": ""Chemical Solvent"", ""reason"": ""Low grade solvent option.""}], ""is_buyer_interested"": false, ""most_specific_category"": {""name"": ""Isopropyl Alcohol IPA"", ""reason"": ""Mentioned as a re-processed version of IPA.""}}], ""next_steps"": {""buyer_next_steps"": [""To share transportation details"", ""To send 50 percent advance payment proof""], ""seller_next_steps"": [""To share Certificate of Analysis (COA) on WhatsApp"", ""To share company profile/catalog on WhatsApp""]}, ""buyer_details"": {""buyer_name"": ""3caeb1fe9939783e2a8f3649df883ff935b2e4bfa66cd08bc258e169f686d692"", ""buyer_location"": {""buyer_city"": ""New Delhi"", ""buyer_locality"": ""Okhla""}}, ""seller_details"": {""seller_name"": ""3563122f4bc86b2b381bb72c8afc585b88ea9bc9904512c82ca13ea620c5bc4b"", ""seller_location"": {""seller_city"": ""Ahmedabad""}, ""seller_mobile_number"": ""55a6e2f1d127fdfc45e1f79f7d30235e77827f12d8c47f5003163697dd86bb5c""}}"
2734425,2751245,8436657,4167,1970-01-01 00:00:00.000,"{""payment"": {}, ""callback"": ""callback by Monday 11 AM - To finalise (Somvaar subah 11 baje call kariye/karunga)"", ""lead_tag"": {""deal_blockers"": [], ""deal_readiness"": ""Warm"", ""deal_readiness_reason"": ""The buyer has shown interest and specified a date and time for further conversation to finalize the deal.""}, ""metadata"": {""call_type"": {""type"": ""B2B"", ""reason"": ""The call pertains to a business inquiry for diapers based on an online listing."", ""evidence"": {""keywords"": [""IndiaMART""]}}, ""buyer_intent"": {""narrative"": ""Wants to inquire about the diaper price listed on Indiamart."", ""reasoning"": ""The buyer specifically mentions the price displayed on the platform and wants to verify its current applicability."", ""intent_level"": ""Medium""}, ""call_outcome"": {""category"": ""Follow-up"", ""conclusion_notes"": ""Will connect on Monday at 11 AM (Somvaar subah 11 baje baat karte hai)""}, ""call_purpose"": ""requirement"", ""all_languages"": [""Hindi"", ""English""], ""primary_language"": ""Hindi"", ""additional_details"": {""buyer_queries"": [{""query"": ""Is the 4 rupee per unit price still applicable?"", ""category"": ""Pricing"", ""sequence"": 1}], ""seller_queries"": []}}, ""products"": [{""price"": {""value"": 4, ""currency"": ""INR""}, ""in_stock"": ""in stock"", ""product_name"": ""Diaper"", ""specifications"": [], ""related_categories"": [{""name"": ""Baby Diapers"", ""reason"": ""Diapers are primary baby care products.""}, {""name"": ""Adult Diapers"", ""reason"": ""Diapers can also include adult variants depending on specific business needs.""}], ""is_buyer_interested"": true, ""most_specific_category"": {""name"": ""Diaper"", ""reason"": ""The conversation revolves around the pricing of diapers listed on IndiaMART.""}}], ""next_steps"": {""buyer_next_steps"": [""To call back on Monday at 11 AM""], ""seller_next_steps"": [""To provide updated pricing information during the follow-up call""]}, ""buyer_details"": {""buyer_mobile_number"": ""3a7a0131511e5c21b16f1ccd617b3523f2765bb02d2ab166ffad1da26f78fa66""}, ""seller_details"": {""seller_name"": ""602d3d0ab5e96a205221e5a0ea2e85b4d8aee8562a064533e95591f94d2df19e""}}"
1910805,1927587,24065895,2699,1970-01-01 00:00:00.000,"{""lead_tag"": {""deal_blockers"": [{""detail"": ""Seller is a supplier in the same category"", ""category"": ""Other""}], ""deal_readiness"": ""Cold"", ""deal_readiness_reason"": ""Seller is actually a competitor or supplier themselves, leading to no transaction.""}, ""metadata"": {""call_type"": {""type"": ""B2B"", ""reason"": ""The caller appears to be looking for a supplier/partner, and the receiver is a manufacturer/dealer, but since both are in the trade, it is a business-to-business mismatch."", ""evidence"": {""keywords"": [""VFD supply"", ""All brands""], ""repeat_buyer"": false, ""buyer_persona"": {""persona_category"": ""wholesaler""}}}, ""buyer_intent"": {""narrative"": ""Seeking VFD supply, but identifies as a seller themselves."", ""reasoning"": ""The recipient of the call clarified that they are also VFD suppliers, making the inquiry irrelevant for a purchase."", ""intent_level"": ""Low""}, ""call_outcome"": {""category"": ""Lost"", ""conclusion_notes"": ""Both parties are suppliers for the same product (Hum log hi dete hain VFD).""}, ""call_purpose"": ""irrelevant"", ""all_languages"": [""Hindi""], ""primary_language"": ""Hindi"", ""additional_details"": {""buyer_queries"": [], ""seller_queries"": [{""query"": ""Which model do you provide?"", ""category"": ""Specifications"", ""sequence"": 1}]}}, ""products"": [{""product_name"": ""VFD"", ""specifications"": [{""name"": ""Brand"", ""value"": ""All brands"", ""buyer_requested"": false, ""seller_mentioned"": true}], ""related_categories"": [{""name"": ""AC Drive"", ""reason"": ""VFDs are commonly referred to as AC Drives in industrial automation.""}, {""name"": ""Variable Frequency Drive Inverter"", ""reason"": ""Technical term for VFDs used for motor speed control.""}], ""is_buyer_interested"": false, ""most_specific_category"": {""name"": ""VFD"", ""reason"": ""The seller states they specialize in and supply all brands of VFDs""}}], ""next_steps"": {""buyer_next_steps"": [], ""seller_next_steps"": []}, ""buyer_details"": {""buyer_name"": ""768a238e0667c41c9312d886dd3bf18df4825c6d73b0e096e33ac066a7207c05""}, ""seller_details"": {""seller_name"": ""5f4df959a11580fc14aa6b139adb2ab40a2cfde5399c1cb6f7c9968eae5a825f"", ""seller_location"": {""seller_city"": ""Pune""}}}"
2745477,2762297,886018,85843,1970-01-01 00:00:00.000,"{""callback"": ""callback by Tomorrow 1 PM - To confirm availability (Kal 1 baje call karta hoon)"", ""lead_tag"": {""deal_blockers"": [], ""deal_readiness"": ""Warm"", ""deal_readiness_reason"": ""Wants 2 rolls and agreed to follow up, pending stock confirmation.""}, ""metadata"": {""call_type"": {""type"": ""B2B"", ""reason"": ""The buyer is inquiring about small bulk quantities of packaging material for business use, likely for resale or shipping."", ""evidence"": {""order_type"": [""bulk""], ""repeat_buyer"": false, ""quantity_scale"": ""Low""}}, ""buyer_intent"": {""narrative"": ""Looking for 2 bubble wrap rolls for use in Madhya Pradesh."", ""reasoning"": ""Knows the product need and quantity but the location is far from the seller, and availability/logistics need further discussion."", ""intent_level"": ""Medium""}, ""call_outcome"": {""category"": ""Follow-up"", ""conclusion_notes"": ""Will check on availability and follow up (Bhej denge, kal baje call karta hoon).""}, ""call_purpose"": ""requirement"", ""all_languages"": [""Hindi"", ""English""], ""primary_language"": ""Hindi"", ""additional_details"": {""buyer_queries"": [{""query"": ""How much is in one roll, and what is the price?"", ""category"": ""Specifications"", ""sequence"": 1, ""answer_by_seller"": ""One roll contains approximately 70-80 meters and costs 400 INR.""}], ""seller_queries"": [{""query"": ""How many rolls do you need?"", ""category"": ""Quantity"", ""sequence"": 2, ""answer_by_buyer"": ""I need 2 rolls.""}, {""query"": ""Where are you calling from?"", ""category"": ""Location"", ""sequence"": 3, ""answer_by_buyer"": ""I am calling from Madhya Pradesh.""}]}}, ""products"": [{""price"": {""value"": 400, ""currency"": ""INR"", ""price_unit"": ""roll""}, ""in_stock"": ""in stock"", ""product_name"": ""Bubble Roll (Bubble Panni)"", ""specifications"": [{""name"": ""Length"", ""unit"": ""meters"", ""value"": ""70"", ""buyer_requested"": false, ""seller_mentioned"": true}], ""quantity_required"": {""unit"": ""rolls"", ""value"": 2}, ""related_categories"": [{""name"": ""Air Bubble Roll"", ""reason"": ""Bubble wrap in rolls is often categorized as air bubble roll in B2B markets.""}, {""name"": ""Packaging Rolls"", ""reason"": ""It is a type of protective material supplied in roll form.""}], ""is_buyer_interested"": true, ""most_specific_category"": {""name"": ""Bubble Wrap"", ""reason"": ""The buyer explicitly asked for 'bubble panni' and the seller confirmed it as 'bubble roll'.""}, ""seller_accepts_quantity"": true}], ""next_steps"": {""buyer_next_steps"": [""To provide full delivery address if needed""], ""seller_next_steps"": [""To confirm stock availability and shipping feasibility to Madhya Pradesh""]}, ""buyer_details"": {""buyer_mobile_number"": ""4600eac147296724619e510aab74a22915608a84dfec2201dc24090e94fe9b21""}, ""seller_details"": {}}"
2747142,2763963,4229437,34520,1970-01-01 00:00:00.000,"{""callback"": ""callback by Tomorrow 11 AM - To share machine details (Kal 11 baje call karunga)"", ""lead_tag"": {""deal_blockers"": [], ""deal_readiness"": ""Warm"", ""deal_readiness_reason"": ""Interested in a small capacity machine and requested product details by tomorrow""}, ""metadata"": {""call_type"": {""type"": ""B2B"", ""reason"": ""The buyer operates a manufacturing unit and requires the machine for commercial waste processing."", ""evidence"": {""keywords"": [""Manufacturing Plant"", ""Paper Roll"", ""Daily Capacity""], ""order_type"": [""one-time"", ""commercial""], ""repeat_buyer"": false, ""buyer_persona"": {""persona_detail"": ""Paper Roll Manufacturer"", ""persona_category"": ""manufacturer""}, ""quantity_scale"": ""Low""}}, ""buyer_intent"": {""narrative"": ""Buyer from a paper manufacturing plant needs a shredder for internal waste management."", ""reasoning"": ""Buyer runs a manufacturing facility and is looking for a low-capacity machine for office/plant waste."", ""intent_level"": ""Medium""}, ""call_outcome"": {""category"": ""Follow-up"", ""conclusion_notes"": ""Seller will share details and call back tomorrow morning (Kal subah 11 baje call kar dunga)""}, ""call_purpose"": ""requirement"", ""all_languages"": [""Gujarati"", ""Hindi"", ""English""], ""primary_language"": ""Gujarati"", ""additional_details"": {""buyer_queries"": [{""query"": ""What is the smallest capacity machine available?"", ""category"": ""Specifications"", ""sequence"": 1}, {""query"": ""What is the daily processing capacity of the base model?"", ""category"": ""Availability"", ""sequence"": 2}], ""seller_queries"": [{""query"": ""What type of material do you need to shred?"", ""category"": ""Specifications"", ""sequence"": 3}, {""query"": ""How many papers do you need to shred daily?"", ""category"": ""Quantity"", ""sequence"": 4}]}, ""intended_application"": ""Industrial Waste Processing""}, ""products"": [{""price"": {""value"": 75000, ""currency"": ""INR""}, ""in_stock"": ""in stock"", ""product_name"": ""Paper Shredding Machine"", ""specifications"": [{""name"": ""Daily Capacity"", ""unit"": ""kg"", ""value"": ""200"", ""buyer_requested"": true, ""seller_mentioned"": true}], ""quantity_required"": {""unit"": ""pieces"", ""value"": 1}, ""related_categories"": [{""name"": ""Industrial Paper Shredders"", ""reason"": ""The machine is intended for use in a manufacturing plant environment.""}], ""is_buyer_interested"": true, ""most_specific_category"": {""name"": ""Paper Shredding Machine"", ""reason"": ""The conversation explicitly centers around a machine for shredding paper waste.""}}], ""next_steps"": {""buyer_next_steps"": [""To review shared machine details""], ""seller_next_steps"": [""To share machine catalogue and pricing on WhatsApp"", ""To call the buyer at 11 AM tomorrow""]}, ""buyer_details"": {""buyer_name"": ""bfef4adc39f01b033fe749bb5f28f10b581fef319d34445d21a7bc63fe732fa3"", ""buyer_location"": {""buyer_city"": ""Botad""}, ""buyer_mobile_number"": ""c380bf3f928399146435eb913f9b34f84c1187b318dda4e865d8135400ccb0d9""}, ""seller_details"": {""seller_location"": {""seller_city"": ""Ahmedabad""}}}"
246095,248131,5525698,7797,1970-01-01 00:00:00.000,"{""metadata"": {""call_type"": {""type"": ""B2C"", ""reason"": ""The buyer inquired about 'steel glasses' without specifying quantity or business intent. The seller stated they don't deal in the product, leading to a short call without B2B indicators like bulk orders or commercial use."", ""evidence"": {""repeat_buyer"": false, ""buyer_persona"": ""end customer""}}, ""call_purpose"": ""requirement"", ""all_languages"": [""Hindi""], ""primary_language"": ""Hindi""}, ""products"": [{""in_stock"": ""not sold"", ""product_name"": ""Steel Glasses"", ""related_categories"": [{""name"": ""Drinking Glasses"", ""reason"": ""Steel glasses are a type of drinking glass.""}, {""name"": ""Kitchen Glasses"", ""reason"": ""Steel glasses are commonly used in kitchens.""}], ""is_buyer_interested"": true, ""most_specific_category"": {""name"": ""Steel Glasses"", ""reason"": ""The buyer explicitly asked for 'steel ke glass' which directly translates to 'Steel Glasses'.""}}], ""next_steps"": {""buyer_next_steps"": [""To find another seller for steel glasses""]}, ""buyer_details"": {}, ""seller_details"": {}}"
1358850,1375613,8436657,4167,1970-01-01 00:00:00.000,"{""callback"": ""callback by Tomorrow Morning - To discuss price and details further (Aapne kaha tha kal morning mein phone karne ke liye)"", ""lead_tag"": {""deal_blockers"": [{""detail"": ""Buyer wants a lower price than 340 per packet"", ""category"": ""Price""}], ""deal_readiness"": ""Warm"", ""deal_readiness_reason"": ""Buyer is willing to purchase a full vehicle load of stock if the price is right and requested further details to decide on the order quantity and pricing structure. Since there is intent for a bulk purchase but further discussion is needed, the lead is warm. He was also inquiring about container rates and looking for competitive pricing for his business requirement. The buyer will follow up next morning which shows genuine interest in proceeding with the deal once the price is finalized. He also mentioned that they should meet and talk which shows seriousness. The buyer's business requirement is for Baby Diaper Pants which were discussed in the call. He is looking for A grade baby diaper pants with 75 pieces per packet. The seller has provided a price of 340 per packet and is willing to reduce it for a full container load. The buyer also asked for per piece price which is around 4.5 rupees. This indicates that the buyer is a wholesaler or a retailer looking for bulk purchase. The seller will share more details on WhatsApp. This shows that the transaction is progressing towards a deal. So the lead is warm.""}, ""metadata"": {""call_type"": {""type"": ""B2B"", ""reason"": ""The buyer is discussing full container and vehicle loads of products, which is typical for a B2B wholesaler or distributor context."", ""evidence"": {""keywords"": [""vehicle load"", ""container load"", ""A grade"", ""per packet rate""], ""order_type"": {""order_type_category"": ""bulk""}, ""repeat_buyer"": true, ""buyer_persona"": {""persona_category"": ""wholesaler""}, ""quantity_scale"": ""High""}}, ""buyer_intent"": {""narrative"": ""Wants to buy high-grade baby diaper pants in bulk, considering a full vehicle load."", ""reasoning"": ""Buyer specifically asks for A-grade product, discusses detailed pricing for bulk orders, and requests container-level pricing."", ""intent_level"": ""High""}, ""call_outcome"": {""category"": ""Pending"", ""conclusion_notes"": ""Awaiting container pricing details on WhatsApp to finalize (Aap WhatsApp pe rate bhej do)""}, ""call_purpose"": ""requirement"", ""all_languages"": [""Hindi"", ""English""], ""primary_language"": ""Hindi"", ""additional_details"": {""buyer_queries"": [{""query"": ""Is there a lower price available for the child diaper pants?"", ""category"": ""Pricing"", ""sequence"": 2}, {""query"": ""How many pieces are in the container?"", ""category"": ""Specifications"", ""sequence"": 3}], ""seller_queries"": []}}, ""products"": [{""price"": {""gst"": {""is_gst_included"": true}, ""value"": 340, ""currency"": ""INR"", ""price_unit"": ""packet"", ""offer_details"": ""335 per packet for container or vehicle load purchase."", ""negotiation_notes"": ""Seller offered a 5 INR discount per packet for full vehicle loads."", ""buyer_price_reaction"": {""quote"": ""Isse kam nahi padega? (Won't it be cheaper than this?)"", ""category"": ""Negotiating""}}, ""in_stock"": ""in stock"", ""product_name"": ""A-Grade Baby Diaper Pants"", ""specifications"": [{""name"": ""Grade"", ""value"": ""A"", ""buyer_requested"": true, ""seller_mentioned"": true}, {""name"": ""Pack Size"", ""unit"": ""pieces"", ""value"": ""75"", ""buyer_requested"": false, ""seller_mentioned"": true}, {""name"": ""Sizes"", ""value"": ""Small to Large"", ""buyer_requested"": true, ""seller_mentioned"": true}], ""related_categories"": [{""name"": ""Baby Diapers"", ""reason"": ""Core product category for infant hygiene.""}], ""is_buyer_interested"": true, ""most_specific_category"": {""name"": ""Baby Diaper Pants"", ""reason"": ""Explicitly discussed baby diapers with 75 pieces per pack, commonly sold as pants in these quantities.""}}], ""next_steps"": {""buyer_next_steps"": [""To review the precise pricing for container loads sent on WhatsApp""], ""seller_next_steps"": [""To send details of container pricing and quantity on WhatsApp""]}, ""buyer_details"": {""buyer_name"": ""171300fe037cbd2da927ca8b8fbfa743f12865c2ba36461e16b1d381295b0f46""}, ""seller_details"": {""seller_name"": ""602d3d0ab5e96a205221e5a0ea2e85b4d8aee8562a064533e95591f94d2df19e""}}"
2750336,2767159,8436657,4167,1970-01-01 00:00:00.000,"{""callback"": ""callback by Tomorrow 10 AM - To discuss requirements (Kal 10 baje call karke detail leta hun)"", ""lead_tag"": {""deal_blockers"": [], ""deal_readiness"": ""Warm"", ""deal_readiness_reason"": ""The buyer connected for a requirement and requested a call tomorrow morning to discuss details further.""}, ""metadata"": {""call_type"": {""type"": ""B2B"", ""reason"": ""The call was initiated for a professional product inquiry but no specific B2C or B2B markers were clear yet due to technical issues."", ""evidence"": {""order_type"": [""other""]}}, ""buyer_intent"": {""narrative"": ""Wants to discuss product requirements further in a follow-up call."", ""reasoning"": ""The buyer reached out regarding an IndiaMART inquiry but requested a call tomorrow to provide details due to call connectivity issues."", ""intent_level"": ""Medium""}, ""call_outcome"": {""category"": ""Follow-up"", ""conclusion_notes"": ""Will call tomorrow at 10 AM (Kal subah 10 baje call karta hun detail lene ke liye)""}, ""call_purpose"": ""requirement"", ""all_languages"": [""Hindi"", ""English""], ""primary_language"": ""Hindi"", ""additional_details"": {""buyer_queries"": [{""query"": ""Are the products available?"", ""category"": ""Availability"", ""sequence"": 1}], ""seller_queries"": []}}, ""products"": [{""product_name"": ""Diaper"", ""specifications"": [], ""related_categories"": [{""name"": ""Diaper"", ""reason"": ""The buyer's inquiry was regarding diapers as per the provided context.""}], ""is_buyer_interested"": true}], ""next_steps"": {""buyer_next_steps"": [""To call back tomorrow morning to discuss requirements""], ""seller_next_steps"": []}, ""buyer_details"": {""buyer_name"": ""84696d86eb6abe2025ed83e54fd192202917fe6a305c989fff0a616e300680b1"", ""buyer_mobile_number"": ""6b6713c7b4be8b1ba5de053592f88bd80acb1d920ce6806f190d686a32f8cfd4""}, ""seller_details"": {""seller_name"": ""602d3d0ab5e96a205221e5a0ea2e85b4d8aee8562a064533e95591f94d2df19e""}}"
3259616,3276447,8436657,4167,1970-01-01 00:00:00.000,"{""lead_tag"": {""deal_blockers"": [], ""deal_readiness"": ""Warm"", ""deal_readiness_reason"": ""Buyer is requesting samples for approval before proceeding with a large container order.""}, ""metadata"": {""call_type"": {""type"": ""B2B"", ""reason"": ""Buyer is inquiring about container-level quantities (7.5 lakh pieces) for business purposes and discussed private labeling/branding."", ""evidence"": {""keywords"": [""2 containers"", ""branding"", ""manufacturing unit"", ""7.5 lakh pieces""], ""order_type"": [""bulk"", ""commercial"", ""recurring""], ""repeat_buyer"": true, ""buyer_persona"": {""persona_category"": ""wholesaler""}, ""quantity_scale"": ""High""}}, ""buyer_intent"": {""narrative"": ""Wants to purchase 7.5 lakh baby diapers for resale with custom branding."", ""reasoning"": ""Buyer has a specific high-volume requirement (2 containers) and is discussing custom branding and manufacturing units."", ""intent_level"": ""High""}, ""call_outcome"": {""category"": ""Follow-up"", ""conclusion_notes"": ""Samples to be sent on Sunday to the buyer's address (Sunday ko sample bhijwa dunga).""}, ""call_purpose"": ""requirement"", ""all_languages"": [""Hindi"", ""English""], ""primary_language"": ""Hindi"", ""additional_details"": {""buyer_queries"": [{""query"": ""What is the jumbo pack rate?"", ""category"": ""Quantity"", ""sequence"": 1}, {""query"": ""Where is your manufacturing unit located?"", ""category"": ""Location"", ""sequence"": 2, ""answer_by_seller"": ""Nepal and Bihar (Fatuha). Office is in Delhi.""}, {""query"": ""How soon can 7.5 lakh pieces be available?"", ""category"": ""Delivery"", ""sequence"": 3, ""answer_by_seller"": ""Two containers can be ready within 10 days in standard designs.""}, {""query"": ""Can we do custom branding on the packs?"", ""category"": ""Specifications"", ""sequence"": 4, ""answer_by_seller"": ""Yes, branding on the pack is possible. Minimum 250kg pouch printing is required.""}], ""seller_queries"": [{""query"": ""What quantity do you require?"", ""category"": ""Quantity"", ""sequence"": 5, ""answer_by_buyer"": ""7.5 lakh pieces (2 containers).""}, {""query"": ""What sizes do you need?"", ""category"": ""Specifications"", ""sequence"": 6, ""answer_by_buyer"": ""Mix of all sizes from Small to Extra Large.""}]}}, ""products"": [{""price"": {""delivery_charge"": {""details"": ""Price includes freight (With freight ke sath rate milega)"", ""is_delivery_charge_included"": true}, ""negotiation_notes"": ""Seller quoted container rates and mentioned price includes freight."", ""buyer_price_reaction"": {""quote"": ""Rate sahi lagaiyega"", ""category"": ""Negotiating""}}, ""in_stock"": ""in stock"", ""product_name"": ""Baby Diapers"", ""specifications"": [{""name"": ""Size"", ""value"": ""Small to Extra Large"", ""buyer_requested"": false, ""seller_mentioned"": true}, {""name"": ""Packaging"", ""value"": ""75 pieces Jumbo Pack"", ""buyer_requested"": true, ""seller_mentioned"": true}, {""name"": ""Type"", ""value"": ""Loose in Plain Poly"", ""buyer_requested"": true, ""seller_mentioned"": true}, {""name"": ""Custom Branding"", ""value"": ""Possible on pack"", ""buyer_requested"": true, ""seller_mentioned"": true}], ""quantity_required"": {""unit"": ""pieces"", ""value"": 750000}, ""related_categories"": [{""name"": ""Disposable Baby Diapers"", ""reason"": ""Common classification for the requested bulk diaper product.""}], ""is_buyer_interested"": true, ""most_specific_category"": {""name"": ""Baby Diaper Pants"", ""reason"": ""The conversation revolves around S to XL sizes and jumbo packs typical for baby diaper pants.""}, ""seller_accepts_quantity"": true}], ""next_steps"": {""buyer_next_steps"": [""To share delivery address for samples"", ""To review the price list and catalog sent on WhatsApp""], ""seller_next_steps"": [""To send samples of all sizes on Sunday"", ""To organize a meeting with the MD for customization discussions""]}, ""buyer_details"": {""buyer_name"": ""aa6fb94ae1c0a50ebc250ae70d39443b6cbf0d605cf15fdddb9c17d41d319787"", ""buyer_location"": {""buyer_city"": ""Gurgaon""}, ""buyer_mobile_number"": ""fe5ec3032d505b669f569ff2f23d50520cfec04de8b488d57b5fcaab5a47c8b3""}, ""seller_details"": {""seller_location"": {""seller_city"": ""Delhi"", ""seller_locality"": ""Bawana Industrial Area""}}}"
2737362,2754182,8436657,4167,1970-01-01 00:00:00.000,"{""callback"": ""callback by Tomorrow 10 AM - To discuss (Kal 10 baje call karta hoon)"", ""lead_tag"": {""deal_blockers"": [{""detail"": ""Requirement of 400 pieces is way below seller's MOQ of 25,000"", ""category"": ""MOQ""}], ""deal_readiness"": ""Cold"", ""deal_readiness_reason"": ""Large quantity mismatch exists; the seller requires 25,000 units while the buyer only needs 400.""}, ""metadata"": {""call_type"": {""type"": ""B2B"", ""reason"": ""The conversation involves bulk manufacturing levels with an MOQ of 25,000 pieces for unbranded products intended for further branding/resale."", ""evidence"": {""keywords"": [""Non branded"", ""Raw material"", ""Bulk manufacturing"", ""Resale""], ""order_type"": [""bulk"", ""commercial""], ""repeat_buyer"": true, ""quantity_scale"": ""High""}}, ""buyer_intent"": {""narrative"": ""Wants around 400 tape diapers but seller's MOQ is 25,000 pieces."", ""reasoning"": ""Buyer had a very small requirement of 400 pieces compared to the seller's industrial-scale MOQ of 25,000 units."", ""intent_level"": ""Low""}, ""call_outcome"": {""category"": ""Follow-up"", ""conclusion_notes"": ""Will send the price list on WhatsApp (Price list bhej deta hoon WhatsApp pe)""}, ""call_purpose"": ""requirement"", ""all_languages"": [""Hindi"", ""English""], ""primary_language"": ""Hindi"", ""additional_details"": {""buyer_queries"": [{""query"": ""What brand is this?"", ""category"": ""Specifications"", ""sequence"": 1, ""answer_by_seller"": ""The products are unbranded and can be packed under any brand name.""}, {""query"": ""What would be the cost of 25,000 pieces?"", ""category"": ""Pricing"", ""sequence"": 3, ""answer_by_seller"": ""The price is 4.5 rupees per piece including GST for NB size.""}], ""seller_queries"": [{""query"": ""What quantity do you need?"", ""category"": ""Quantity"", ""sequence"": 2, ""answer_by_buyer"": ""Around 400 pieces.""}]}}, ""products"": [{""price"": {""gst"": {""is_gst_included"": true}, ""value"": 4.5, ""currency"": ""INR"", ""price_unit"": ""piece"", ""buyer_price_reaction"": {""quote"": ""Including GST and everything?"", ""category"": ""Accepted""}}, ""in_stock"": ""in stock"", ""product_name"": ""Tape Diaper"", ""specifications"": [{""name"": ""Type"", ""value"": ""Tape"", ""buyer_requested"": true, ""seller_mentioned"": true}, {""name"": ""Brand"", ""value"": ""Unbranded"", ""buyer_requested"": false, ""seller_mentioned"": true}, {""name"": ""Size"", ""value"": ""NB"", ""buyer_requested"": false, ""seller_mentioned"": true}], ""quantity_required"": {""unit"": ""pieces"", ""value"": 400}, ""related_categories"": [{""name"": ""Baby Diapers"", ""reason"": ""The products discussed are standard diapers typically used for babies.""}, {""name"": ""Disposable Diaper"", ""reason"": ""Tape diapers are commonly disposable in nature.""}], ""is_buyer_interested"": true, ""minimum_order_quantity"": {""unit"": ""pieces"", ""value"": 25000}, ""most_specific_category"": {""name"": ""Diaper"", ""reason"": ""The buyer specifically asked for tape-style diapers and the seller confirmed selling unbranded diapers.""}, ""seller_accepts_quantity"": false}], ""next_steps"": {""buyer_next_steps"": [""To review the price list sent by the seller""], ""seller_next_steps"": [""To share price list on WhatsApp""]}, ""buyer_details"": {""buyer_name"": ""b7ee66d972bbc9b1e7ec85e1e4d88304b99781182d121396c6acf69418394fe3"", ""buyer_location"": {""buyer_city"": ""Greater Noida""}}, ""seller_details"": {""seller_name"": ""602d3d0ab5e96a205221e5a0ea2e85b4d8aee8562a064533e95591f94d2df19e""}}"
1366847,1383610,8436657,4167,1970-01-01 00:00:00.000,"{""callback"": ""callback by Tomorrow - To share catalog and discuss pricing (Kal call karke batati hoon)"", ""lead_tag"": {""deal_blockers"": [{""detail"": ""Price not discussed in the first call"", ""category"": ""Price""}], ""deal_readiness"": ""Warm"", ""deal_readiness_reason"": ""Buyer is seeking specific product details from a different city and has requested a callback.""}, ""metadata"": {""call_type"": {""type"": ""B2B"", ""reason"": ""The call originated from an IndiaMART inquiry commonly associated with B2B retail or wholesale procurement."", ""evidence"": {""keywords"": [""IndiaMART"", ""Surat""], ""buyer_persona"": {""persona_category"": ""retailer""}}}, ""buyer_intent"": {""narrative"": ""Wants to discuss product requirements from Surat with a New Delhi based seller."", ""reasoning"": ""Buyer specifically identified herself and her location, seeking to initiate a business conversation about products."", ""intent_level"": ""Medium""}, ""call_outcome"": {""category"": ""Follow-up"", ""conclusion_notes"": ""Follow-up scheduled for tomorrow (Kal baat karte hain)""}, ""call_purpose"": ""requirement"", ""all_languages"": [""Hindi""], ""primary_language"": ""Hindi"", ""additional_details"": {""buyer_queries"": [{""query"": ""Are you speaking from Surat?"", ""category"": ""Other"", ""sequence"": 1}], ""seller_queries"": []}}, ""products"": [{""product_name"": ""Diaper"", ""related_categories"": [{""name"": ""Baby Diapers"", ""reason"": ""General inquiry for diaper products typically falls under baby care categories unless specified otherwise.""}], ""is_buyer_interested"": true}], ""next_steps"": {""buyer_next_steps"": [""To receive call from seller tomorrow""], ""seller_next_steps"": [""To call the buyer tomorrow for detailed discussion""]}, ""buyer_details"": {""buyer_name"": ""200e75f94011beee543861034eb7d11a475010eb366e4504718e68fc87620b61"", ""buyer_location"": {""buyer_city"": ""Surat""}, ""buyer_mobile_number"": ""e033a02572fb0c18c58203cd59c8d9bb683c1267f92e499967790c1af68f4023""}, ""seller_details"": {""seller_name"": ""602d3d0ab5e96a205221e5a0ea2e85b4d8aee8562a064533e95591f94d2df19e"", ""seller_location"": {""seller_city"": ""New Delhi""}}}"
1367517,1384282,8436657,4167,1970-01-01 00:00:00.000,"{""payment"": {}, ""lead_tag"": {""deal_blockers"": [], ""deal_readiness"": ""Warm"", ""deal_readiness_reason"": ""Looking for pricing and product details for resale purposes""}, ""metadata"": {""call_type"": {""type"": ""B2B"", ""reason"": ""Retailer looking for stock for resale purposes in bulk."", ""evidence"": {""keywords"": [""loose"", ""retail sale""], ""order_type"": {""order_type_category"": ""commercial""}, ""repeat_buyer"": true, ""buyer_persona"": {""persona_category"": ""retailer""}}}, ""buyer_intent"": {""narrative"": ""Wants to buy loose diapers for retail resale in Surat."", ""reasoning"": ""Resells diapers in retail and is inquiring about bulk pricing and availability."", ""intent_level"": ""Medium""}, ""call_outcome"": {""category"": ""Pending"", ""conclusion_notes"": ""To share photos on WhatsApp (Ek baar photo bhej dena WhatsApp pe)""}, ""call_purpose"": ""requirement"", ""all_languages"": [""Hindi"", ""English""], ""primary_language"": ""Hindi"", ""additional_details"": {""buyer_queries"": [{""query"": ""What is the rate for the diapers?"", ""category"": ""Pricing"", ""sequence"": 1}, {""query"": ""What sizes do you have?"", ""category"": ""Specifications"", ""sequence"": 2}, {""query"": ""Can you send some photos of the loose diapers?"", ""category"": ""Specifications"", ""sequence"": 3}], ""seller_queries"": [{""query"": ""Which size do you need?"", ""category"": ""Specifications"", ""sequence"": 4}]}, ""intended_application"": ""Retail Resale""}, ""products"": [{""price"": {}, ""in_stock"": ""in stock"", ""product_name"": ""Loose Diaper"", ""specifications"": [{""name"": ""Packaging Type"", ""value"": ""Loose"", ""buyer_requested"": false, ""seller_mentioned"": true}, {""name"": ""Size"", ""buyer_requested"": true, ""seller_mentioned"": false}], ""related_categories"": [{""name"": ""Disposable Diaper"", ""reason"": ""Diapers mentioned are usually of disposable nature.""}, {""name"": ""Baby Diapers"", ""reason"": ""Most common type of loose diapers discussed in retail contexts.""}], ""is_buyer_interested"": true, ""most_specific_category"": {""name"": ""Diaper"", ""reason"": ""General term used during the call for describing the product.""}}], ""next_steps"": {""buyer_next_steps"": [""To send a 'Hi' on WhatsApp""], ""seller_next_steps"": [""To share product photos on WhatsApp""]}, ""buyer_details"": {""buyer_name"": ""7c78eea7a591b0c8a4dad680372e35ca12e11cffdac5c69a39700c8014fbcc82"", ""buyer_location"": {""buyer_city"": ""Surat""}}, ""seller_details"": {""seller_name"": ""602d3d0ab5e96a205221e5a0ea2e85b4d8aee8562a064533e95591f94d2df19e"", ""seller_location"": {""seller_city"": ""New Delhi""}}}"
2755136,2771956,8436657,4167,1970-01-01 00:00:00.000,"{""callback"": ""callback by specific time/day - not mentioned (No specific time or day mentioned for the catalog or follow-up call)"", ""lead_tag"": {""deal_blockers"": [], ""deal_readiness"": ""Warm"", ""deal_readiness_reason"": ""Wants to start a business and requested a catalog to review rates before proceeding.""}, ""metadata"": {""call_type"": {""type"": ""B2B"", ""reason"": ""The buyer explicitly states the intent to start a business ('diaper ka kaam start karna hai'), implying bulk requirements for commercial resale."", ""evidence"": {""keywords"": [""Start business"", ""Catalog"", ""Rates""], ""order_type"": [""bulk"", ""commercial""], ""repeat_buyer"": true, ""buyer_persona"": {""persona_detail"": ""Starting a new diaper business"", ""persona_category"": ""retailer""}, ""quantity_scale"": ""High""}}, ""buyer_intent"": {""narrative"": ""Wants to start a diaper business and requested rates and a catalog."", ""reasoning"": ""The buyer has a clear goal of starting a business and is proactively asking for price lists and catalogs to begin the procurement process."", ""intent_level"": ""High""}, ""call_outcome"": {""category"": ""Follow-up"", ""conclusion_notes"": ""Seller agreed to send the catalog to the buyer (Send kar dunga).""}, ""call_purpose"": ""requirement"", ""all_languages"": [""Hindi"", ""English""], ""primary_language"": ""Hindi"", ""additional_details"": {""buyer_queries"": [{""query"": ""What are the rates for the diapers?"", ""category"": ""Pricing"", ""sequence"": 1}, {""query"": ""Do you have a catalog that you can send?"", ""category"": ""Other"", ""sequence"": 2, ""answer_by_seller"": ""I will send it.""}], ""seller_queries"": []}}, ""products"": [{""product_name"": ""Diaper"", ""related_categories"": [{""name"": ""Baby Diapers"", ""reason"": ""Diapers are most commonly associated with baby care when starting a retail business.""}, {""name"": ""Adult Diapers"", ""reason"": ""A diaper business often includes adult hygiene products as well.""}], ""is_buyer_interested"": true, ""most_specific_category"": {""name"": ""Diaper"", ""reason"": ""The buyer specifically mentioned wanting to start a business for diapers.""}}], ""next_steps"": {""buyer_next_steps"": [""To review the catalog and rates once received from the seller.""], ""seller_next_steps"": [""To send the product catalog and price list to the buyer.""]}, ""buyer_details"": {}, ""seller_details"": {""seller_name"": ""ef8ffe93a9e6b35e81c9b64c341849def9a5bf9758210612eba8901d646c198a""}}"
2755188,2772008,8436657,4167,1970-01-01 00:00:00.000,"{""lead_tag"": {""deal_blockers"": [], ""deal_readiness"": ""Hot"", ""deal_readiness_reason"": ""Buyer is currently in the market searching for options and wants to start the business immediately today or tomorrow.""}, ""metadata"": {""call_type"": {""type"": ""B2B"", ""reason"": ""The buyer is looking for a supplier to start a new business venture involving both local and branded diapers, indicating a commercial B2B requirement."", ""evidence"": {""keywords"": [""Market search"", ""Start business"", ""Branded and Local""], ""order_type"": [""commercial"", ""bulk""], ""repeat_buyer"": true, ""buyer_persona"": {""persona_detail"": ""Business Startup"", ""persona_category"": ""retailer""}, ""quantity_scale"": ""High""}}, ""buyer_intent"": {""narrative"": ""Wants to start a diaper business and is looking for local and branded options in 75-pack sizes."", ""reasoning"": ""The buyer is actively searching in the market today to finalize prices and start business immediately."", ""intent_level"": ""High""}, ""call_outcome"": {""category"": ""Follow-up"", ""conclusion_notes"": ""Seller agreed to send the catalog on WhatsApp for further discussion (WhatsApp kar dijiye catalog).""}, ""call_purpose"": ""requirement"", ""all_languages"": [""Hindi"", ""English""], ""primary_language"": ""Hindi"", ""additional_details"": {""buyer_queries"": [{""query"": ""Can you send your catalog on WhatsApp?"", ""category"": ""Specifications"", ""sequence"": 1, ""answer_by_seller"": ""I will send it to your number ending in 7708.""}], ""seller_queries"": [{""query"": ""Is your number ending in 7708?"", ""category"": ""Location"", ""sequence"": 2, ""answer_by_buyer"": ""Yes, that is correct.""}]}, ""intended_application"": ""Retail Resale""}, ""products"": [{""product_name"": ""Diaper"", ""specifications"": [{""name"": ""Pack Size"", ""value"": ""75"", ""buyer_requested"": true, ""seller_mentioned"": false}, {""name"": ""Brand Type"", ""value"": ""Local and Branded"", ""buyer_requested"": true, ""seller_mentioned"": false}], ""related_categories"": [{""name"": ""Baby Diapers"", ""reason"": ""Diapers with a packing size of 75 are commonly used for baby care.""}, {""name"": ""Adult Diapers"", ""reason"": ""The term 'diapers' could also encompass adult incontinence products.""}], ""is_buyer_interested"": true, ""most_specific_category"": {""name"": ""Diaper"", ""reason"": ""The buyer explicitly mentions needing a catalog for 'diapers' and specifies interest in '75 packing' which is common for bulk diaper packs.""}}], ""next_steps"": {""buyer_next_steps"": [""To check the catalog on WhatsApp""], ""seller_next_steps"": [""To share the product catalog on WhatsApp""]}, ""buyer_details"": {}, ""seller_details"": {}}"
2760659,2777479,8436657,4167,1970-01-01 00:00:00.000,"{""callback"": ""callback by Today evening - To send product rates (Abhi system par nahi baitha isliye nahi bhej raha, bhejega)"", ""lead_tag"": {""deal_blockers"": [], ""deal_readiness"": ""Warm"", ""deal_readiness_reason"": ""Buyer is seeking rates for multiple brands for potential bulk purchase.""}, ""metadata"": {""call_type"": {""type"": ""B2B"", ""reason"": ""The buyer's enquiry about multiple brands, including local ones and wipes, suggests a retail or wholesale interest for resale."", ""evidence"": {""order_type"": [""bulk"", ""commercial""], ""repeat_buyer"": true}}, ""buyer_intent"": {""narrative"": ""Looking for rates for various brands of baby diapers and wipes."", ""reasoning"": ""The buyer is asking for pricing on specific brands like Timmy, Chicky, and Huggies, indicating a serious interest but is currently in the price comparison phase."", ""intent_level"": ""Medium""}, ""call_outcome"": {""category"": ""Follow-up"", ""conclusion_notes"": ""Seller will send the rates once available at the system (Abhi system par nahi baitha isliye nahi bhej raha, bhejega)""}, ""call_purpose"": ""requirement"", ""all_languages"": [""Hindi"", ""English""], ""primary_language"": ""Hindi"", ""additional_details"": {""buyer_queries"": [{""query"": ""Can you send the rates for diapers?"", ""category"": ""Pricing"", ""sequence"": 1}], ""seller_queries"": []}}, ""products"": [{""product_name"": ""Baby Diapers"", ""specifications"": [{""name"": ""Brand"", ""value"": ""Timmy"", ""buyer_requested"": true, ""seller_mentioned"": false}, {""name"": ""Brand"", ""value"": ""Chicky"", ""buyer_requested"": true, ""seller_mentioned"": false}, {""name"": ""Brand"", ""value"": ""Huggies"", ""buyer_requested"": true, ""seller_mentioned"": false}], ""related_categories"": [{""name"": ""Disposable Baby Diapers"", ""reason"": ""Baby diapers mentioned are commonly disposable in nature.""}, {""name"": ""Baby Care Products"", ""reason"": ""Diapers are a core part of baby care items.""}], ""is_buyer_interested"": true, ""most_specific_category"": {""name"": ""Baby Diapers"", ""reason"": ""The buyer is inquiring about various brands of diapers like Huggies and Timmy, which are primary baby diaper brands.""}}, {""product_name"": ""Wipes"", ""related_categories"": [{""name"": ""Baby Care Products"", ""reason"": ""Wipes are used for baby hygiene and skincare.""}], ""is_buyer_interested"": true, ""most_specific_category"": {""name"": ""Baby Care Products"", ""reason"": ""Wipes are a standard baby care product requested alongside diapers.""}}], ""next_steps"": {""buyer_next_steps"": [""To review the rates once received""], ""seller_next_steps"": [""To send the rates for various diaper brands and wipes on WhatsApp""]}, ""buyer_details"": {""buyer_name"": ""5ec6881ba42f261646c989c418aa6d1eab40276e67c703a1edad399624628d2a""}, ""seller_details"": {""seller_name"": ""602d3d0ab5e96a205221e5a0ea2e85b4d8aee8562a064533e95591f94d2df19e""}}"
617823,627601,2186854,4107,1970-01-01 00:00:00.000,"{""payment"": {}, ""lead_tag"": {""deal_blockers"": [], ""deal_readiness"": ""Warm"", ""deal_readiness_reason"": ""Wants to see photos of the products before proceeding.""}, ""metadata"": {""call_type"": {""type"": ""B2B"", ""reason"": ""The buyer is inquiring with a textile manufacturer (ML Textiles) found on IndiaMART, which is a typical B2B platform for sourcing inventory."", ""evidence"": {""order_type"": ""bulk"", ""repeat_buyer"": false, ""buyer_persona"": ""retailer"", ""quantity_scale"": ""High""}}, ""buyer_intent"": {""narrative"": ""Wants to buy single bed sheets of 60x90 size and is inquiring about price and quality."", ""reasoning"": ""The buyer provided specific dimensions and inquired about thread count, showing genuine interest in the product quality."", ""intent_level"": ""Medium""}, ""call_purpose"": ""requirement"", ""all_languages"": [""Hindi"", ""English""], ""buyer_conclusion"": {""category"": ""Pending"", ""conclusion_notes"": ""Interested, will check photos and confirm (Photos dekh kar batata hoon)""}, ""primary_language"": ""Hindi"", ""additional_details"": {""buyer_queries"": [{""query"": ""What is the thread count of the bedsheet?"", ""category"": ""Specification"", ""sequence"": 1}], ""seller_queries"": []}, ""intended_application"": ""Retail Resale""}, ""products"": [{""price"": {""value"": 125, ""currency"": ""INR"", ""price_unit"": ""set""}, ""in_stock"": ""in stock"", ""product_name"": ""Single Bed Sheet (1 Bedsheet + 1 Pillow Cover)"", ""specifications"": [{""name"": ""Size"", ""value"": ""60x90"", ""buyer_requested"": true, ""seller_mentioned"": true}, {""name"": ""GSM"", ""value"": ""110"", ""buyer_requested"": false, ""seller_mentioned"": true}, {""name"": ""Bed Type"", ""value"": ""Single"", ""buyer_requested"": false, ""seller_mentioned"": true}, {""name"": ""Included Components"", ""value"": ""1 Bedsheet and 1 Pillow cover"", ""buyer_requested"": false, ""seller_mentioned"": true}], ""related_categories"": [{""name"": ""Bed Sheets"", ""reason"": ""Single bed sheets are a sub-category of the broader bed sheets category.""}], ""is_buyer_interested"": true, ""most_specific_category"": {""name"": ""Single Bed Sheet"", ""reason"": ""The buyer explicitly asked for single bed bedsheets and specified the size 60x90.""}}, {""price"": {""value"": 250, ""currency"": ""INR"", ""price_unit"": ""pair""}, ""in_stock"": ""in stock"", ""product_name"": ""Single Bed Sheet (2 Bedsheets + 2 Pillow Covers)"", ""specifications"": [{""name"": ""Size"", ""value"": ""60x90"", ""buyer_requested"": true, ""seller_mentioned"": true}, {""name"": ""GSM"", ""value"": ""110"", ""buyer_requested"": false, ""seller_mentioned"": true}, {""name"": ""Bed Type"", ""value"": ""Single"", ""buyer_requested"": false, ""seller_mentioned"": true}, {""name"": ""Included Components"", ""value"": ""2 Bedsheets and 2 Pillow covers"", ""buyer_requested"": false, ""seller_mentioned"": true}], ""related_categories"": [{""name"": ""Bed Sheets"", ""reason"": ""Part of the general bed sheets category.""}], ""is_buyer_interested"": true, ""most_specific_category"": {""name"": ""Single Bed Sheet"", ""reason"": ""The buyer asked for single bedsheets, and the seller offered a pair variant.""}}], ""call_back"": ""callback by Tomorrow 1 PM - Detailed discussion"", ""next_steps"": {""buyer_next_steps"": [""To send a message on WhatsApp for photos""], ""seller_next_steps"": [""To share product photos on WhatsApp""]}, ""buyer_details"": {}, ""seller_details"": {""seller_mobile_number"": ""bef65ad8f602fcd464a45c211d70efd558cb6a03b400b1070055998fbb2d83a7""}, ""minimum_order_quantity"": {}}"
2980785,2997607,8436657,4167,1970-01-01 00:00:00.000,"{""callback"": ""callback by Tonight - To discuss once prices and images are shared"", ""lead_tag"": {""deal_blockers"": [], ""deal_readiness"": ""Warm"", ""deal_readiness_reason"": ""Buyer is researching a new business venture and will review prices/photos before proceeding.""}, ""metadata"": {""call_type"": {""type"": ""B2B"", ""reason"": ""The buyer mentions starting his own business in diapers, indicating a B2B resale context."", ""evidence"": {""keywords"": [""Retail Shop"", ""Business Startup""], ""order_type"": [""commercial"", ""bulk""], ""buyer_persona"": {""persona_detail"": ""Prospective Entrepreneur"", ""persona_category"": ""other""}, ""quantity_scale"": ""High""}}, ""buyer_intent"": {""narrative"": ""Tanwir wants to start a diaper business and is inquiring about pricing and types."", ""reasoning"": ""The buyer is exploring a new business opportunity and asking for specific price lists and images."", ""intent_level"": ""Medium""}, ""call_outcome"": {""category"": ""Follow-up"", ""conclusion_notes"": ""The seller shared his contact number for the buyer to reach out on WhatsApp for a catalog and images.""}, ""call_purpose"": ""requirement"", ""all_languages"": [""Hindi"", ""English""], ""primary_language"": ""Hindi"", ""additional_details"": {""buyer_queries"": [{""query"": ""What are the packing sizes available?"", ""category"": ""Specifications"", ""sequence"": 1}, {""query"": ""What are the rates?"", ""category"": ""Pricing"", ""sequence"": 2}, {""query"": ""Where are you located?"", ""category"": ""Location"", ""sequence"": 3}], ""seller_queries"": [{""query"": ""Do you need loose or packed diapers?"", ""category"": ""Specifications"", ""sequence"": 4}]}, ""intended_application"": ""Retail Resale""}, ""products"": [{""price"": {""value"": 4.5, ""currency"": ""INR"", ""price_unit"": ""piece""}, ""in_stock"": ""in stock"", ""product_name"": ""A Grade Baby Diapers"", ""specifications"": [{""name"": ""Grade"", ""value"": ""A"", ""buyer_requested"": false, ""seller_mentioned"": true}, {""name"": ""Size Range"", ""value"": ""Small to Large"", ""buyer_requested"": false, ""seller_mentioned"": true}, {""name"": ""Packaging"", ""value"": ""75 pieces loose in handle pouch"", ""buyer_requested"": false, ""seller_mentioned"": true}], ""related_categories"": [{""name"": ""Baby Diapers"", ""reason"": ""Product specifically for babies.""}], ""is_buyer_interested"": true, ""most_specific_category"": {""name"": ""Diaper"", ""reason"": ""General inquiry about baby diapers for business.""}}, {""price"": {""value"": 4, ""currency"": ""INR"", ""price_unit"": ""piece""}, ""in_stock"": ""in stock"", ""product_name"": ""B Grade Baby Diapers"", ""specifications"": [{""name"": ""Grade"", ""value"": ""B"", ""buyer_requested"": false, ""seller_mentioned"": true}, {""name"": ""Size Range"", ""value"": ""Small to Large"", ""buyer_requested"": false, ""seller_mentioned"": true}], ""is_buyer_interested"": true, ""most_specific_category"": {""name"": ""Diaper"", ""reason"": ""B Grade diapers mentioned as a variant.""}}], ""next_steps"": {""buyer_next_steps"": [""To message the seller on WhatsApp"", ""To review the catalog and photos""], ""seller_next_steps"": [""To share product rates and images on WhatsApp""]}, ""buyer_details"": {""buyer_name"": ""3b0456124edd8b64296776cb909c81efff7d2c654cee05d7ad5c92804d4c7937""}, ""seller_details"": {""seller_location"": {""seller_city"": ""Bawana""}}}"
2981004,2997825,8436657,4167,1970-01-01 00:00:00.000,"{""callback"": ""callback by Monday 1 PM - To confirm stock"", ""lead_tag"": {""deal_blockers"": [{""detail"": ""Large security deposit required for custom printing"", ""category"": ""Other""}], ""deal_readiness"": ""Warm"", ""deal_readiness_reason"": ""Buyer is willing to purchase 25,000 pieces but is yet to receive the quotation via WhatsApp.""}, ""metadata"": {""call_type"": {""type"": ""B2B"", ""reason"": ""The buyer is inquiring for a bulk quantity of 25,000 diapers and discussed custom brand printing, indicating a resale or distribution intent."", ""evidence"": {""keywords"": [""Loose Diaper"", ""Mixed Sizes"", ""25,000 Pieces"", ""Bulk Supply""], ""order_type"": [""bulk"", ""commercial""], ""repeat_buyer"": true, ""buyer_persona"": {""persona_category"": ""wholesaler""}, ""quantity_scale"": ""High""}}, ""buyer_intent"": {""narrative"": ""Seeking 25,000 units of loose diapers in mixed sizes from Uttar Pradesh."", ""reasoning"": ""The buyer specified a high quantity of 25,000 pieces and stayed engaged to discuss quality grades and custom printing costs."", ""intent_level"": ""High""}, ""call_outcome"": {""category"": ""Follow-up"", ""conclusion_notes"": ""Moving to WhatsApp for quotation and catalog (Message karo quotation bhejta hoon)""}, ""call_purpose"": ""requirement"", ""all_languages"": [""Hindi"", ""English""], ""primary_language"": ""Hindi"", ""additional_details"": {""buyer_queries"": [{""query"": ""What is your minimum order quantity?"", ""category"": ""Quantity"", ""sequence"": 1, ""answer_by_seller"": ""The minimum order quantity is 25,000 pieces.""}, {""query"": ""What is the price per piece?"", ""category"": ""Pricing"", ""sequence"": 2, ""answer_by_seller"": ""Grade A diapers (Newborn to Large) are priced at 4.5 INR per piece, while Grade B are 4 INR per piece.""}, {""query"": ""What is the difference between Grade A and Grade B?"", ""category"": ""Specifications"", ""sequence"": 3, ""answer_by_seller"": ""Grade A is premium, super quality compared to Grade B, though both are good.""}, {""query"": ""Can I mix different sizes in the 25,000 piece order?"", ""category"": ""Quantity"", ""sequence"": 4, ""answer_by_seller"": ""Yes, you can mix all sizes within the 25,000 piece order.""}, {""query"": ""Can I get my name printed on the diapers?"", ""category"": ""Other"", ""sequence"": 5, ""answer_by_seller"": ""For printing on the diaper, a security deposit of 4 Lakh INR is required.""}, {""query"": ""Is GST included in the prices you mentioned?"", ""category"": ""Pricing"", ""sequence"": 6}], ""seller_queries"": [{""query"": ""Where are you calling from?"", ""category"": ""Location"", ""sequence"": 7, ""answer_by_buyer"": ""I am calling from UP.""}, {""query"": ""What is your required quantity?"", ""category"": ""Quantity"", ""sequence"": 8, ""answer_by_buyer"": ""I need 25,000 pieces.""}]}, ""intended_application"": ""Retail Resale""}, ""products"": [{""price"": {""value"": 4.5, ""currency"": ""INR"", ""price_unit"": ""piece""}, ""in_stock"": ""in stock"", ""product_name"": ""Loose Diaper (Grade A)"", ""specifications"": [{""name"": ""Grade"", ""value"": ""A"", ""buyer_requested"": false, ""seller_mentioned"": true}, {""name"": ""Packaging"", ""value"": ""Loose"", ""buyer_requested"": false, ""seller_mentioned"": true}, {""name"": ""Standard Size"", ""value"": ""Small to Large"", ""buyer_requested"": true, ""seller_mentioned"": true}], ""quantity_required"": {""unit"": ""pieces"", ""value"": 25000}, ""related_categories"": [{""name"": ""Baby Diapers"", ""reason"": ""The discussion of sizes like Small to Large and Newborn implies baby diaper availability.""}], ""is_buyer_interested"": true, ""minimum_order_quantity"": {""unit"": ""pieces"", ""value"": 25000}, ""most_specific_category"": {""name"": ""Diaper"", ""reason"": ""The seller explicitly refers to the product as loose diapers in various sizes.""}, ""seller_accepts_quantity"": true}, {""price"": {""value"": 4, ""currency"": ""INR"", ""price_unit"": ""piece""}, ""in_stock"": ""in stock"", ""product_name"": ""Loose Diaper (Grade B)"", ""specifications"": [{""name"": ""Grade"", ""value"": ""B"", ""buyer_requested"": false, ""seller_mentioned"": true}, {""name"": ""Packaging"", ""value"": ""Loose"", ""buyer_requested"": false, ""seller_mentioned"": true}], ""quantity_required"": {""unit"": ""pieces"", ""value"": 25000}, ""related_categories"": [{""name"": ""Baby Diapers"", ""reason"": ""Sizes discussed match baby diaper sizing.""}], ""is_buyer_interested"": true, ""minimum_order_quantity"": {""unit"": ""pieces"", ""value"": 25000}, ""most_specific_category"": {""name"": ""Diaper"", ""reason"": ""Common term used for loose diapers discussed in the call.""}, ""seller_accepts_quantity"": true}], ""next_steps"": {""buyer_next_steps"": [""To message the seller on WhatsApp to receive the catalog and quotation"", ""To share the list of required sizes""], ""seller_next_steps"": [""To share the product catalog and price list on WhatsApp"", ""To send the formal quotation for 25,000 pieces""]}, ""buyer_details"": {""buyer_name"": ""6e7b21d1178f415c69ab23e7330355943a6ef8bb71c047bca0391643997cc760"", ""buyer_location"": {""buyer_state"": ""UP""}}, ""seller_details"": {""seller_name"": ""ef8ffe93a9e6b35e81c9b64c341849def9a5bf9758210612eba8901d646c198a"", ""seller_mobile_number"": ""630ceb8b7ac2e149d02e29d148e4888aaca728bf14e26d105c33c40be184f400""}}"
2981485,2998306,8436657,4167,1970-01-01 00:00:00.000,"{""lead_tag"": {""deal_blockers"": [], ""deal_readiness"": ""Warm"", ""deal_readiness_reason"": ""Buyer is currently researching and has requested price and product details on WhatsApp for further discussion.""}, ""metadata"": {""call_type"": {""type"": ""B2B"", ""reason"": ""The call involves a discussion for a large quantity (50,000 pieces) across multiple sizes with pricing shared for A and B grades, typically for resale or bulk trade."", ""evidence"": {""keywords"": [""A-grade"", ""B-grade"", ""Bulk order"", ""GST include""], ""order_type"": [""bulk"", ""commercial""], ""repeat_buyer"": true, ""buyer_persona"": {""persona_category"": ""wholesaler""}, ""quantity_scale"": ""High""}}, ""buyer_intent"": {""narrative"": ""Buyer is looking for baby diapers in sizes S, M, L, XL, and NB for business purposes in Bihar."", ""reasoning"": ""The buyer specifies various sizes and accepts bulk pricing information for 50,000 units, indicating commercial interest."", ""intent_level"": ""Medium""}, ""call_outcome"": {""category"": ""Follow-up"", ""conclusion_notes"": ""The buyer requested more details on WhatsApp (WhatsApp par details bhej dijiye) and the seller shared his contact number.""}, ""call_purpose"": ""requirement"", ""all_languages"": [""Hindi"", ""English""], ""primary_language"": ""Hindi"", ""additional_details"": {""buyer_queries"": [{""query"": ""Do you make baby diapers?"", ""category"": ""Specifications"", ""sequence"": 1, ""answer_by_seller"": ""We manufacture products in S, M, L, XL, and NB sizes.""}, {""query"": ""What is the price for the different sizes?"", ""category"": ""Pricing"", ""sequence"": 2, ""answer_by_seller"": ""The A-grade product is priced at 4.5 rupees per piece, including GST, for bulk orders of 50,000 pieces across all sizes. B-grade is 4 rupees.""}, {""query"": ""Where is your business located?"", ""category"": ""Location"", ""sequence"": 3, ""answer_by_seller"": ""We are located in Bawana, Delhi.""}], ""seller_queries"": [{""query"": ""Where are you calling from?"", ""category"": ""Location"", ""sequence"": 4, ""answer_by_buyer"": ""I am calling from Bhojpur, Bihar.""}]}, ""intended_application"": ""Retail Resale""}, ""products"": [{""price"": {""gst"": {""is_gst_included"": true}, ""value"": 4.5, ""currency"": ""INR"", ""price_unit"": ""piece"", ""buyer_price_reaction"": {""quote"": ""I need A-grade."", ""category"": ""Accepted""}}, ""in_stock"": ""in stock"", ""product_name"": ""Baby Diaper (A-grade)"", ""specifications"": [{""name"": ""Grade"", ""value"": ""A"", ""buyer_requested"": true, ""seller_mentioned"": true}, {""name"": ""Sizes"", ""value"": ""S, M, L, XL, NB"", ""buyer_requested"": true, ""seller_mentioned"": true}], ""related_categories"": [{""name"": ""Disposable Baby Diapers"", ""reason"": ""Baby diapers discussed are likely disposable given the bulk pricing per piece.""}], ""is_buyer_interested"": true, ""most_specific_category"": {""name"": ""Baby Diapers"", ""reason"": ""The conversation specifically focuses on baby diapers of various sizes (S, M, L, XL, NB).""}}, {""price"": {""value"": 4, ""currency"": ""INR"", ""price_unit"": ""piece""}, ""in_stock"": ""in stock"", ""product_name"": ""Baby Diaper (B-grade)"", ""specifications"": [{""name"": ""Grade"", ""value"": ""B"", ""buyer_requested"": false, ""seller_mentioned"": true}], ""is_buyer_interested"": false, ""most_specific_category"": {""name"": ""Baby Diapers"", ""reason"": ""The seller offered B-grade baby diapers as a cheaper alternative.""}}], ""next_steps"": {""buyer_next_steps"": [""To send a message on the seller's provided phone number.""], ""seller_next_steps"": [""To share product details and company profile on WhatsApp.""]}, ""buyer_details"": {""buyer_location"": {""buyer_state"": ""Bihar""}}, ""seller_details"": {""seller_location"": {""seller_city"": ""New Delhi"", ""seller_locality"": ""Bawana""}, ""seller_mobile_number"": ""630ceb8b7ac2e149d02e29d148e4888aaca728bf14e26d105c33c40be184f400""}}"
2768251,2785071,8436657,4167,1970-01-01 00:00:00.000,"{""callback"": ""callback by Monday 1 PM - To confirm stock"", ""lead_tag"": {""deal_blockers"": [{""detail"": ""Does not stock requested brands (Mamypoko, Mamy Poko Pants, Klesta)"", ""category"": ""Availability""}], ""deal_readiness"": ""Cold"", ""deal_readiness_reason"": ""Buyer specifically asked for brands the seller doesn't stock and did not show interest in the seller's own brand.""}, ""metadata"": {""call_type"": {""type"": ""B2B"", ""reason"": ""Buyer is looking for 50 cartons of baby diapers, indicating a bulk commercial requirement for resale."", ""evidence"": {""keywords"": [""50 Cartons"", ""Expired Stock"", ""A Grade"", ""Own Brand""], ""order_type"": [""bulk"", ""commercial""], ""repeat_buyer"": false, ""quantity_scale"": ""High""}}, ""buyer_intent"": {""narrative"": ""Wants 50 cartons of baby diapers for resale."", ""reasoning"": ""Buyer stated a specific quantity (50 cartons) and was looking for specific brands like Klesta or expired stock but ended the call after brand mismatch."", ""intent_level"": ""Medium""}, ""call_outcome"": {""category"": ""Lost"", ""conclusion_notes"": ""Seller does not deal in the requested brands (Sorry sir ye sab nahi hota hamare pass).""}, ""call_purpose"": ""requirement"", ""all_languages"": [""Hindi"", ""English""], ""primary_language"": ""Hindi"", ""additional_details"": {""buyer_queries"": [{""query"": ""Do you have sanitary pads?"", ""category"": ""Availability"", ""sequence"": 1}, {""query"": ""Do you have baby diapers?"", ""category"": ""Availability"", ""sequence"": 2}, {""query"": ""Do you have expired stock?"", ""category"": ""Specifications"", ""sequence"": 3}, {""query"": ""Which brands do you have?"", ""category"": ""Availability"", ""sequence"": 5}, {""query"": ""Do you have Klesta diapers?"", ""category"": ""Availability"", ""sequence"": 7}], ""seller_queries"": [{""query"": ""Which size do you need?"", ""category"": ""Specifications"", ""sequence"": 4}, {""query"": ""Did you say Stay Care or Plus?"", ""category"": ""Availability"", ""sequence"": 6}]}}, ""products"": [{""price"": {""value"": 14, ""currency"": ""INR"", ""price_unit"": ""6 pieces""}, ""in_stock"": ""in stock"", ""product_name"": ""Stay Care Plus Baby Diaper"", ""specifications"": [{""name"": ""Brand"", ""value"": ""Stay Care Plus"", ""buyer_requested"": false, ""seller_mentioned"": true}, {""name"": ""Quality Grade"", ""value"": ""A Grade"", ""buyer_requested"": false, ""seller_mentioned"": true}, {""name"": ""Packing"", ""unit"": ""pieces"", ""value"": ""6"", ""buyer_requested"": false, ""seller_mentioned"": true}], ""quantity_required"": {""unit"": ""cartons"", ""value"": 50}, ""related_categories"": [{""name"": ""Diaper"", ""reason"": ""General term for the product category.""}, {""name"": ""Baby Care Products"", ""reason"": ""Diapers are a primary baby care item.""}], ""is_buyer_interested"": true, ""most_specific_category"": {""name"": ""Baby Diapers"", ""reason"": ""The buyer specifically requested baby diapers (Baby diaper chahiye).""}, ""seller_accepts_quantity"": true}], ""next_steps"": {""buyer_next_steps"": [], ""seller_next_steps"": []}, ""buyer_details"": {""buyer_name"": ""46ed260db5a4cb33871f0b308aae3e899602cd7f20c6841677e4079d8b9e5ec3"", ""buyer_mobile_number"": ""6cdf29f110971b1a55ace11f5ef344508d809d3f6be43f5fd02753e67aacf384""}, ""seller_details"": {""seller_name"": ""602d3d0ab5e96a205221e5a0ea2e85b4d8aee8562a064533e95591f94d2df19e""}}"
2768546,2785366,8436657,4167,1970-01-01 00:00:00.000,"{""callback"": ""callback by Tomorrow 10 AM - To discuss next steps and share price (Kal subah 10 baje call karenge)"", ""lead_tag"": {""deal_blockers"": [{""detail"": ""MOQ is 10,000 pieces"", ""category"": ""MOQ""}], ""deal_readiness"": ""Warm"", ""deal_readiness_reason"": ""Buyer has interest in bulk purchase but needs time to confirm requirements.""}, ""metadata"": {""call_type"": {""type"": ""B2B"", ""reason"": ""The buyer is inquiring for a high quantity of 10,000 pieces which signifies a B2B transaction for reselling or distribution."", ""evidence"": {""keywords"": [""Baby Diapers"", ""B Grade"", ""Bulk Purchase"", ""10,000 pieces""], ""order_type"": [""bulk"", ""commercial""], ""repeat_buyer"": false, ""quantity_scale"": ""High""}}, ""buyer_intent"": {""narrative"": ""Wants to purchase baby diapers in bulk for commercial distribution."", ""reasoning"": ""Buyer is inquiring about bulk quantities and different grades of products."", ""intent_level"": ""Medium""}, ""call_outcome"": {""category"": ""Follow-up"", ""conclusion_notes"": ""Will speak again tomorrow at 10 AM to finalize details (Kal subah 10 baje baat karte hai detail mein)""}, ""call_purpose"": ""requirement"", ""all_languages"": [""Hindi"", ""English""], ""primary_language"": ""Hindi"", ""additional_details"": {""buyer_queries"": [{""query"": ""What is the price of the baby diaper?"", ""category"": ""Pricing"", ""sequence"": 1}, {""query"": ""What is the minimum quantity you can provide?"", ""category"": ""Quantity"", ""sequence"": 2}, {""query"": ""Do you have B-grade or A-grade diapers?"", ""category"": ""Specifications"", ""sequence"": 3}], ""seller_queries"": [{""query"": ""What is the quantity you require?"", ""category"": ""Quantity"", ""sequence"": 4}]}}, ""products"": [{""price"": {""gst"": {""details"": ""GST is not included in the price mentioned as 3.45"", ""is_gst_included"": false}, ""value"": 3.45, ""currency"": ""INR"", ""price_unit"": ""piece"", ""buyer_price_reaction"": {""quote"": ""Theek hai"", ""category"": ""Accepted""}}, ""in_stock"": ""in stock"", ""product_name"": ""B Grade Baby Diaper"", ""specifications"": [{""name"": ""Grade"", ""value"": ""B Grade"", ""buyer_requested"": false, ""seller_mentioned"": true}], ""related_categories"": [{""name"": ""Disposable Baby Diapers"", ""reason"": ""Baby diapers of B grade are disposable products for infant care.""}], ""is_buyer_interested"": true, ""minimum_order_quantity"": {""unit"": ""pieces"", ""value"": 10000}, ""most_specific_category"": {""name"": ""Baby Diapers"", ""reason"": ""The buyer specifically asks for baby diapers and the seller confirms the same.""}, ""seller_accepts_quantity"": true}, {""in_stock"": ""in stock"", ""product_name"": ""A Grade Baby Diaper"", ""specifications"": [{""name"": ""Grade"", ""value"": ""A Grade"", ""buyer_requested"": true, ""seller_mentioned"": true}], ""related_categories"": [{""name"": ""Disposable Baby Diapers"", ""reason"": ""A grade diapers are commonly used disposable baby care products.""}], ""is_buyer_interested"": true, ""minimum_order_quantity"": {""unit"": ""pieces"", ""value"": 10000}, ""most_specific_category"": {""name"": ""Baby Diapers"", ""reason"": ""The seller offers A grade as an alternative for infant care.""}, ""seller_accepts_quantity"": true}], ""next_steps"": {""buyer_next_steps"": [""To confirm the grade of diaper required""], ""seller_next_steps"": [""To call back tomorrow at 10 AM"", ""To share details of other diaper grades""]}, ""buyer_details"": {""buyer_mobile_number"": ""eda124d6bfae5562c82f249e43868470e268888885149415b1a8aaffbf36e33c""}, ""seller_details"": {""seller_name"": ""602d3d0ab5e96a205221e5a0ea2e85b4d8aee8562a064533e95591f94d2df19e""}}"
2776435,2793255,8436657,4167,1970-01-01 00:00:00.000,"{""callback"": ""callback by Saturday 1 PM - To confirm stock (Bata dunga kal is time phone karke)"", ""lead_tag"": {""deal_blockers"": [], ""deal_readiness"": ""Warm"", ""deal_readiness_reason"": ""Buyer is interested in starting a business but currently gathering pricing details via catalog.""}, ""metadata"": {""call_type"": {""type"": ""B2B"", ""reason"": ""The buyer mentions wanting to start a business with diapers, which implies a commercial/B2B context for resale."", ""evidence"": {""keywords"": [""Diapers"", ""Business"", ""Price List""], ""order_type"": [""commercial""], ""repeat_buyer"": true, ""buyer_persona"": {""persona_detail"": ""Business Startup"", ""persona_category"": ""retailer""}}}, ""buyer_intent"": {""narrative"": ""Wants to start a business related to diapers and requested a price list."", ""reasoning"": ""The buyer expressed intent to work in the diaper category but is at the initial stage of requesting a catalog/price list."", ""intent_level"": ""Medium""}, ""call_outcome"": {""category"": ""Follow-up"", ""conclusion_notes"": ""Seller mentioned that the price list has been sent on WhatsApp (WhatsApp par check kar lof).""}, ""call_purpose"": ""requirement"", ""all_languages"": [""Hindi"", ""English""], ""primary_language"": ""Hindi"", ""additional_details"": {""buyer_queries"": [{""query"": ""I wanted to do some work related to diapers so I needed some help with that."", ""category"": ""Pricing"", ""sequence"": 1}], ""seller_queries"": [{""query"": ""Check your WhatsApp for the price list."", ""category"": ""Availability"", ""sequence"": 2}]}, ""intended_application"": ""Retail Resale""}, ""products"": [{""in_stock"": ""in stock"", ""product_name"": ""Diaper"", ""related_categories"": [{""name"": ""Baby Diapers"", ""reason"": ""General category for diaper products.""}, {""name"": ""Adult Diapers"", ""reason"": ""Potential variation in the diaper business category.""}], ""is_buyer_interested"": true, ""most_specific_category"": {""name"": ""Diaper"", ""reason"": ""The buyer explicitly mentioned wanting to work with diapers (diaper se related kaam).""}}], ""next_steps"": {""buyer_next_steps"": [""To check the price list on WhatsApp""], ""seller_next_steps"": [""To ensure the catalog was received and follow up on the requirement""]}, ""buyer_details"": {""buyer_name"": ""aa27749c8dbfa6e17b61196d114f402a28a46df6da56b4c22f2adb53d9ad4884"", ""buyer_mobile_number"": ""1a47d1cabc925b44c3ae99e2ba18bddc89da30665e029c0ea037b10e0df2d89f""}, ""seller_details"": {""seller_name"": ""602d3d0ab5e96a205221e5a0ea2e85b4d8aee8562a064533e95591f94d2df19e""}}"
2776762,2793583,8436657,4167,1970-01-01 00:00:00.000,"{""callback"": ""callback by Tomorrow 5 PM - To finalize (Kal 5 baje call karta hoon)"", ""lead_tag"": {""deal_blockers"": [{""detail"": ""High MOQ of 25000 pieces"", ""category"": ""MOQ""}], ""deal_readiness"": ""Cold"", ""deal_readiness_reason"": ""Buyer requested a lower quantity and samples but was refused by the seller.""}, ""metadata"": {""call_type"": {""type"": ""B2B"", ""reason"": ""The seller quoted a bulk MOQ of 25,000 pieces, indicating a B2B transaction scale."", ""evidence"": {""order_type"": [""bulk""], ""quantity_scale"": ""High""}}, ""buyer_intent"": {""narrative"": ""Looking for small size diapers with a lower MOQ than 25,000 pieces."", ""reasoning"": ""The buyer inquired about small size diapers and price but disengaged after hearing the high MOQ and lack of sample delivery."", ""intent_level"": ""Low""}, ""call_outcome"": {""category"": ""Lost"", ""conclusion_notes"": ""Buyer requested lower quantity and samples which were refused (Kam nahi ho sakta? Nahin) ""}, ""call_purpose"": ""requirement"", ""all_languages"": [""Hindi"", ""English""], ""primary_language"": ""Hindi"", ""additional_details"": {""buyer_queries"": [{""query"": ""What is the price for small size diapers?"", ""category"": ""Pricing"", ""sequence"": 1}, {""query"": ""What is the minimum order quantity?"", ""category"": ""Quantity"", ""sequence"": 2}, {""query"": ""Can I get less than 25,000 pieces?"", ""category"": ""Quantity"", ""sequence"": 3}, {""query"": ""Can you send samples?"", ""category"": ""Other"", ""sequence"": 4}, {""query"": ""Where is your office?"", ""category"": ""Location"", ""sequence"": 5}], ""seller_queries"": []}}, ""products"": [{""price"": {""value"": 4.5, ""currency"": ""INR"", ""price_unit"": ""piece""}, ""in_stock"": ""in stock"", ""product_name"": ""Small Size Diaper"", ""specifications"": [{""name"": ""Size"", ""value"": ""Small"", ""buyer_requested"": true, ""seller_mentioned"": true}], ""related_categories"": [{""name"": ""Diaper"", ""reason"": ""The product is a type of diaper.""}], ""is_buyer_interested"": true, ""minimum_order_quantity"": {""unit"": ""pieces"", ""value"": 25000}, ""most_specific_category"": {""name"": ""Baby Diapers"", ""reason"": ""The buyer specifically asked for small size diapers which is a common baby diaper size.""}}], ""next_steps"": {""buyer_next_steps"": [""To visit the office in Bawana, Delhi if interested in samples""], ""seller_next_steps"": []}, ""buyer_details"": {""buyer_name"": ""4b7bb8c301065be38ebed64ed1e85e4ef6f6a06210b6c29abc5919619819b7c0""}, ""seller_details"": {""seller_location"": {""seller_city"": ""Delhi"", ""seller_locality"": ""Bawana""}}}"
2985209,3002031,8436657,4167,1970-01-01 00:00:00.000,"{""payment"": {}, ""callback"": ""callback by Tomorrow - To settle accounts (Kal karwa dijiye)"", ""lead_tag"": {""deal_blockers"": [], ""deal_readiness"": ""Hot"", ""deal_readiness_reason"": ""Buyer has immediate requirement of 2000 units and was directed to local office for fulfillment.""}, ""metadata"": {""call_type"": {""type"": ""B2B"", ""reason"": ""The buyer's requirement for 2000 pieces and specific retail packaging sizes indicates a B2B reselling context."", ""evidence"": {""keywords"": [""Bulk Quantity"", ""Cartoon Packing""], ""order_type"": [""bulk"", ""commercial""], ""repeat_buyer"": true, ""buyer_persona"": {""persona_category"": ""retailer""}, ""quantity_scale"": ""High""}}, ""buyer_intent"": {""narrative"": ""Wants 2000 pieces of baby diapers for Kishanganj, Bihar."", ""reasoning"": ""Buyer specified quantity (2000 pcs) and inquired about specific packaging sizes (1, 10, 50 pcs), showing clear purchase intent."", ""intent_level"": ""High""}, ""call_outcome"": {""category"": ""Follow-up"", ""conclusion_notes"": ""Buyer was given the Patna office contact number to source the material locally (Patna mein bhi office hai wahan se mil jayega)""}, ""call_purpose"": ""requirement"", ""all_languages"": [""Hindi"", ""English""], ""primary_language"": ""Hindi"", ""additional_details"": {""buyer_queries"": [{""query"": ""Will the packaging be single or combo?"", ""category"": ""Specifications"", ""sequence"": 1}, {""query"": ""Is it available in 1 piece, 10 pieces, and 50 pieces?"", ""category"": ""Quantity"", ""sequence"": 2}], ""seller_queries"": [{""query"": ""How much quantity do you need?"", ""category"": ""Quantity"", ""sequence"": 3}, {""query"": ""Do you need it in packing or loose?"", ""category"": ""Specifications"", ""sequence"": 4}]}, ""intended_application"": ""Retail Resale""}, ""products"": [{""in_stock"": ""in stock"", ""product_name"": ""Baby Diaper"", ""specifications"": [{""name"": ""Packaging"", ""value"": ""Cartoon/Single/Combo/Loose"", ""buyer_requested"": true, ""seller_mentioned"": true}, {""name"": ""Pack Size"", ""value"": ""1/10/50 pcs"", ""buyer_requested"": true, ""seller_mentioned"": true}], ""quantity_required"": {""unit"": ""pieces"", ""value"": 2000}, ""related_categories"": [{""name"": ""Diaper"", ""reason"": ""Standard parent category for baby diapers.""}, {""name"": ""Baby Care Products"", ""reason"": ""Broader category including diapering necessities.""}], ""is_buyer_interested"": true, ""most_specific_category"": {""name"": ""Baby Diapers"", ""reason"": ""The buyer explicitly asked for 'baby diapers' during the inquiry.""}, ""seller_accepts_quantity"": true}], ""next_steps"": {""buyer_next_steps"": [""To contact the seller's Patna office using the provided mobile number"", ""To mention the conversation with the Delhi office for ordering""], ""seller_next_steps"": [""To facilitate the order through the Patna office branch""]}, ""buyer_details"": {""buyer_name"": ""21262a3cb5337627b0fad9d891c16adb40706bd3e57534416dd02bbe5917d184"", ""buyer_location"": {""buyer_city"": ""Kishanganj"", ""buyer_state"": ""Bihar""}}, ""seller_details"": {""seller_name"": ""42b5bf6a3fa51849bc05c7050141a81591133b5f470cdef4ff6628e1222ff0a1"", ""seller_location"": {""seller_city"": ""New Delhi""}}}"
2777055,2793875,8436657,4167,1970-01-01 00:00:00.000,"{""lead_tag"": {""deal_blockers"": [{""detail"": ""Buyer was inquiring if prices were as listed or inclusive of other costs."", ""category"": ""Price""}], ""deal_readiness"": ""Warm"", ""deal_readiness_reason"": ""Buyer is inquiring about bulk purchase and has requested specifications over WhatsApp.""}, ""metadata"": {""call_type"": {""type"": ""B2B"", ""reason"": ""The buyer is inquiring for a very large quantity (1 lakh pieces) for business purposes in Bahraich."", ""evidence"": {""keywords"": [""Commercial Purchase"", ""Bulk Supply""], ""order_type"": [""bulk"", ""commercial""], ""buyer_persona"": {""persona_category"": ""wholesaler""}, ""quantity_scale"": ""High""}}, ""buyer_intent"": {""narrative"": ""Wants to buy baby diapers in bulk for commercial distribution in Bahraich."", ""reasoning"": ""The buyer specifically asked for 1 lakh pieces and enquired about size and transportation costs."", ""intent_level"": ""High""}, ""call_outcome"": {""category"": ""Follow-up"", ""conclusion_notes"": ""Buyer asked to share details on WhatsApp to confirm (WhatsApp kar sakte hain details check karne ke liye)""}, ""call_purpose"": ""requirement"", ""all_languages"": [""Hindi"", ""English""], ""primary_language"": ""Hindi"", ""additional_details"": {""buyer_queries"": [{""query"": ""Is the price mentioned on the portal correct?"", ""category"": ""Pricing"", ""sequence"": 1, ""answer_by_seller"": ""The priced mentioned on Indiamart is correct but based on the product grade it will be either 4.5 or 4 rupees per piece.""}, {""query"": ""What size is suitable for 3 to 6 months old baby?"", ""category"": ""Specifications"", ""sequence"": 2, ""answer_by_seller"": ""Small size for baby from 3 to 6 months old.""}, {""query"": ""Who will pay for the transportation to Bahraich?"", ""category"": ""Delivery"", ""sequence"": 3, ""answer_by_seller"": ""The buyer will have to bear the transportation costs when delivering out of Delhi.""}], ""seller_queries"": []}, ""intended_application"": ""Commercial Resale""}, ""products"": [{""price"": {""gst"": {""is_gst_included"": true}, ""value"": 4.5, ""currency"": ""INR"", ""price_unit"": ""piece"", ""delivery_charge"": {""details"": ""To be paid by buyer for delivery outside Delhi"", ""is_delivery_charge_included"": false}, ""buyer_price_reaction"": {""quote"": ""Theek hai"", ""category"": ""Accepted""}}, ""in_stock"": ""in stock"", ""product_name"": ""Grade A Baby Diapers"", ""specifications"": [{""name"": ""Size"", ""value"": ""Small"", ""buyer_requested"": true, ""seller_mentioned"": true}, {""name"": ""Age Group"", ""value"": ""3-6 months"", ""buyer_requested"": true, ""seller_mentioned"": true}, {""name"": ""Grade"", ""value"": ""A"", ""buyer_requested"": false, ""seller_mentioned"": true}], ""quantity_required"": {""unit"": ""pieces"", ""value"": 100000}, ""related_categories"": [{""name"": ""Disposable Baby Diapers"", ""reason"": ""These are common high-volume commercial disposable products.""}], ""is_buyer_interested"": true, ""most_specific_category"": {""name"": ""Baby Diapers"", ""reason"": ""The conversation specifically focuses on diapers for babies aged 3 to 6 months.""}, ""seller_accepts_quantity"": true}, {""price"": {""gst"": {""is_gst_included"": true}, ""value"": 4, ""currency"": ""INR"", ""price_unit"": ""piece"", ""delivery_charge"": {""is_delivery_charge_included"": false}}, ""in_stock"": ""in stock"", ""product_name"": ""Grade B Baby Diapers"", ""specifications"": [{""name"": ""Grade"", ""value"": ""B"", ""buyer_requested"": false, ""seller_mentioned"": true}], ""quantity_required"": {""unit"": ""pieces"", ""value"": 100000}, ""related_categories"": [{""name"": ""Kids Diaper"", ""reason"": ""Suitable for babies or children.""}], ""is_buyer_interested"": true, ""most_specific_category"": {""name"": ""Baby Diapers"", ""reason"": ""Discussion regarding budget-friendly B grade diapers for infants.""}, ""seller_accepts_quantity"": true}], ""next_steps"": {""buyer_next_steps"": [""To check the product details once received on WhatsApp""], ""seller_next_steps"": [""To share product details and specifications on WhatsApp""]}, ""buyer_details"": {""buyer_location"": {""buyer_city"": ""Bahraich""}}, ""seller_details"": {""seller_location"": {""seller_city"": ""Delhi""}}}"
2777880,2794700,8436657,4167,1970-01-01 00:00:00.000,"{""callback"": ""callback by Tomorrow - To send pricelist and details (theek hai mai apko price list bhej raha hu - 0:11, ok 0:24)"", ""lead_tag"": {""deal_blockers"": [], ""deal_readiness"": ""Warm"", ""deal_readiness_reason"": ""The seller committed to sending a price list and the buyer expressed specific interest in Diapro wipes.""}, ""metadata"": {""call_type"": {""type"": ""B2B"", ""reason"": ""The buyer is asking for a company price list and follows up on previous pricing, which is typical for a retail business owner or commercial buyer stocking products."", ""evidence"": {""keywords"": [""WhatsApp"", ""Price list""], ""order_type"": [""commercial"", ""recurring""], ""repeat_buyer"": true}}, ""buyer_intent"": {""narrative"": ""The buyer is inquiring about the prices for Diapro wipes and has asked for the company's local price list."", ""reasoning"": ""The buyer specifically mentioned a product name 'Diapro' and is following up on a previous call for pricing, indicating genuine interest."", ""intent_level"": ""Medium""}, ""call_outcome"": {""category"": ""Follow-up"", ""conclusion_notes"": ""The seller agreed to send the price list on WhatsApp (Theek hai mai apko price list bhej raha hu).""}, ""call_purpose"": ""requirement"", ""all_languages"": [""Hindi"", ""English""], ""primary_language"": ""Hindi"", ""additional_details"": {""buyer_queries"": [{""query"": ""I called yesterday for the rates of Diapro wipes."", ""category"": ""Pricing"", ""sequence"": 1}], ""seller_queries"": []}}, ""products"": [{""in_stock"": ""in stock"", ""product_name"": ""Diapro Wipes"", ""specifications"": [{""name"": ""Product type"", ""value"": ""Wipes"", ""buyer_requested"": true, ""seller_mentioned"": false}], ""related_categories"": [{""name"": ""Baby Care Products"", ""reason"": ""Wipes are a core part of baby care hygiene.""}, {""name"": ""Baby Diapers"", ""reason"": ""Often sold alongside diapers under the same brand.""}], ""is_buyer_interested"": true, ""most_specific_category"": {""name"": ""Diaper"", ""reason"": ""The buyer is inquiring about Diapro, which is a known brand in the diaper and wipes category.""}}, {""in_stock"": ""out of stock"", ""product_name"": ""Westa-B Wipes"", ""specifications"": [{""name"": ""Availability"", ""value"": ""Not available"", ""buyer_requested"": false, ""seller_mentioned"": true}], ""is_buyer_interested"": false}], ""next_steps"": {""buyer_next_steps"": [""To review the price list provided by the seller on WhatsApp.""], ""seller_next_steps"": [""To share the company price list and product details on WhatsApp.""]}, ""buyer_details"": {}, ""seller_details"": {}}"
1657268,1674044,3226024,30613,1970-01-01 00:00:00.000,"{""lead_tag"": {""deal_blockers"": [{""detail"": ""Quoted price is higher than previous purchase rate of 1950."", ""category"": ""Price""}, {""detail"": ""Needs 2-year warranty but seller offers only 1-year."", ""category"": ""Availability""}], ""deal_readiness"": ""Warm"", ""deal_readiness_reason"": ""Wants to buy 50 bundles for reselling but is looking for a 2-year warranty and a lower price point.""}, ""metadata"": {""call_type"": {""type"": ""B2B"", ""reason"": ""The buyer identified himself as a shop owner looking to resell and requested a bulk quantity of 50 bundles."", ""evidence"": {""keywords"": [""Retail Shop"", ""Bundles"", ""Warranty""], ""order_type"": {""order_type_category"": ""bulk""}, ""repeat_buyer"": true, ""buyer_persona"": {""persona_detail"": ""Shop Owner"", ""persona_category"": ""retailer""}, ""quantity_scale"": ""High""}}, ""buyer_intent"": {""narrative"": ""Wants 50 bundles of COB rope lights for his retail shop to resell."", ""reasoning"": ""Explicitly mentions shop ownership, specific quantity (50 bundles), and exact color requirements (Warm White and Pink)."", ""intent_level"": ""High""}, ""call_outcome"": {""category"": ""Pending"", ""conclusion_notes"": ""Needs 2-year warranty which is currently unavailable with the seller's brand (2 saal guarantee mein chahiye).""}, ""call_purpose"": ""requirement"", ""all_languages"": [""Hindi"", ""English""], ""primary_language"": ""Hindi"", ""additional_details"": {""buyer_queries"": [{""query"": ""Is Helm brand available?"", ""category"": ""Availability"", ""sequence"": 1}, {""query"": ""Is a 2-year warranty available?"", ""category"": ""Specifications"", ""sequence"": 2}], ""seller_queries"": []}, ""intended_application"": ""Retail Resale""}, ""products"": [{""price"": {""gst"": {""is_gst_included"": true}, ""value"": 2100, ""currency"": ""INR"", ""buyer_price_reaction"": {""quote"": ""Last time it was 1950, so specify according to that"", ""category"": ""Negotiating""}}, ""product_name"": ""Lumexa Cob Light (Rope Light)"", ""specifications"": [{""name"": ""Warranty"", ""unit"": ""year"", ""value"": ""1"", ""buyer_requested"": true, ""seller_mentioned"": true}, {""name"": ""Size"", ""unit"": ""mm"", ""value"": ""12"", ""buyer_requested"": false, ""seller_mentioned"": true}, {""name"": ""Bundle Length"", ""unit"": ""meter"", ""value"": ""50"", ""buyer_requested"": false, ""seller_mentioned"": true}, {""name"": ""Color"", ""value"": ""Warm White"", ""buyer_requested"": true, ""seller_mentioned"": false}, {""name"": ""Color"", ""value"": ""Pink"", ""buyer_requested"": true, ""seller_mentioned"": false}], ""quantity_required"": {""unit"": ""bundles"", ""value"": 50}, ""related_categories"": [{""name"": ""LED COB Light"", ""reason"": ""The buyer explicitly mentioned 'LM Cob Light' which refers to Chip-on-Board LED technology.""}, {""name"": ""Flexible LED Light"", ""reason"": ""The seller confirmed these are 'Rope Lights' which are flexible lighting solutions.""}], ""is_buyer_interested"": true, ""most_specific_category"": {""name"": ""LED Lights"", ""reason"": ""The buyer specifically asked for 'Cob Light' and 'Rope Light' with a 2-year warranty and warm white/pink color options.""}, ""seller_accepts_quantity"": true}], ""next_steps"": {""buyer_next_steps"": [""To check market for 2-year warranty options""], ""seller_next_steps"": []}, ""buyer_details"": {""buyer_name"": ""4320472dca0d474b698d34e00ea152eae7c4fe91290b6745c78ed67b4b0551b4""}, ""seller_details"": {""seller_name"": ""3916284aafcf7adac206d7ea999696b1f22df2e0bb168e3c5896246fb8495485""}}"
1652559,1669333,8436657,4167,1970-01-01 00:00:00.000,"{""callback"": """", ""lead_tag"": {""deal_blockers"": [], ""deal_readiness"": ""Cold"", ""deal_readiness_reason"": ""The buyer turns out to be a competitor or a fellow manufacturer, leading to no immediate transaction interest.""}, ""metadata"": {""call_type"": {""type"": ""B2B"", ""reason"": ""The conversation involves B2B manufacturing services for commercial brands."", ""evidence"": {""keywords"": [""Contract Manufacturing"", ""Diaper Manufacturer"", ""Tape-type Diaper""], ""order_type"": {""order_type_category"": ""commercial""}, ""repeat_buyer"": false, ""buyer_persona"": {""persona_category"": ""manufacturer""}}}, ""buyer_intent"": {""narrative"": ""Wants to inquire about diaper manufacturing but reveals himself as a fellow manufacturer."", ""reasoning"": ""The buyer claims to be a contract manufacturer for several brands, which makes the intent for purchase low or purely exploratory for competition analysis."", ""intent_level"": ""Low""}, ""call_outcome"": {""category"": ""Lost"", ""conclusion_notes"": ""The interaction ended as the buyer identified as a competitor manufacturer (Thank you)""}, ""call_purpose"": ""requirement"", ""all_languages"": [""Hindi"", ""English""], ""primary_language"": ""Hindi"", ""additional_details"": {""buyer_queries"": [], ""seller_queries"": [{""query"": ""Do you need tape-type or pant-type diapers?"", ""category"": ""Specifications"", ""sequence"": 1}]}}, ""products"": [{""in_stock"": ""in stock"", ""product_name"": ""Pant Style Diaper"", ""specifications"": [{""name"": ""Type"", ""value"": ""Pant Type"", ""buyer_requested"": false, ""seller_mentioned"": true}], ""related_categories"": [{""name"": ""Baby Diapers"", ""reason"": ""It is a primary classification of infant hygiene wear.""}, {""name"": ""Disposable Baby Diapers"", ""reason"": ""Common variant of the product discussed.""}], ""is_buyer_interested"": true, ""most_specific_category"": {""name"": ""Baby Diaper Pants"", ""reason"": ""The seller confirms they manufacture 'pant-style' diapers for infants.""}}, {""in_stock"": ""in stock"", ""product_name"": ""Tape Type Diaper"", ""specifications"": [{""name"": ""Type"", ""value"": ""Tape Type"", ""buyer_requested"": false, ""seller_mentioned"": true}], ""related_categories"": [{""name"": ""Baby Cotton Nappies"", ""reason"": ""Related infant care product.""}, {""name"": ""Disposable Baby Nappies"", ""reason"": ""Alternative market term for the same product.""}], ""is_buyer_interested"": true, ""most_specific_category"": {""name"": ""Baby Diapers"", ""reason"": ""The seller mentions they manufacture tape-type diapers used for babies.""}}], ""next_steps"": {""buyer_next_steps"": [], ""seller_next_steps"": []}, ""buyer_details"": {""buyer_name"": ""efc6c8c8de1929382723cc31814a1880119e6f8b32b52b910ec0b84e7920d6b1""}, ""seller_details"": {""seller_name"": ""602d3d0ab5e96a205221e5a0ea2e85b4d8aee8562a064533e95591f94d2df19e""}}"
1393841,1410606,8436657,4167,1970-01-01 00:00:00.000,"{""lead_tag"": {""deal_blockers"": [{""detail"": ""Buyer mentioned a lower price per piece seen on IndiaMART compared to the quoted packet price."", ""category"": ""Price""}], ""deal_readiness"": ""Warm"", ""deal_readiness_reason"": ""Buyer has a high volume requirement of 3.5 to 4 lakh pieces but is currently negotiating on the price point noticed online.""}, ""metadata"": {""call_type"": {""type"": ""B2B"", ""reason"": ""The buyer is inquiring for a very large quantity (3.5 to 4 lakh pieces) which indicates a B2B distribution or wholesale persona."", ""evidence"": {""keywords"": [""4 lakh piece"", ""350 packet"", ""A grade""], ""order_type"": {""order_type_category"": ""bulk""}, ""repeat_buyer"": false, ""buyer_persona"": {""persona_category"": ""wholesaler""}, ""quantity_scale"": ""High""}}, ""buyer_intent"": {""narrative"": ""Wants to purchase 3.5 to 4 lakh pieces of baby diapers for business use."", ""reasoning"": ""The buyer has a specific high-volume quantity in mind and is comparing prices seen on IndiaMART."", ""intent_level"": ""High""}, ""call_outcome"": {""category"": ""Pending"", ""conclusion_notes"": ""The buyer was looking for C-grade which is unavailable and is negotiating on the price for A-grade (3.5 to 4 lakh piece requirement).""}, ""call_purpose"": ""requirement"", ""all_languages"": [""Hindi"", ""Gujarati""], ""primary_language"": ""Hindi"", ""additional_details"": {""buyer_queries"": [{""query"": ""What is the rate for baby diapers?"", ""category"": ""Pricing"", ""sequence"": 1}, {""query"": ""Is C-grade available?"", ""category"": ""Availability"", ""sequence"": 2}], ""seller_queries"": []}, ""intended_application"": ""Retail Resale""}, ""products"": [{""price"": {""value"": 350, ""currency"": ""INR"", ""price_unit"": ""75 piece packet"", ""buyer_price_reaction"": {""quote"": ""Indiamart pe 3 rupees per piece likha hai"", ""category"": ""Negotiating""}}, ""in_stock"": ""in stock"", ""product_name"": ""Baby Diaper (A Grade)"", ""specifications"": [{""name"": ""Grade"", ""value"": ""A"", ""buyer_requested"": false, ""seller_mentioned"": true}, {""name"": ""Size"", ""value"": ""Small to Large"", ""buyer_requested"": true, ""seller_mentioned"": true}, {""name"": ""Packaging"", ""unit"": ""piece"", ""value"": ""75"", ""buyer_requested"": false, ""seller_mentioned"": true}], ""quantity_required"": {""unit"": ""piece"", ""value"": 350000}, ""related_categories"": [{""name"": ""Baby Care Products"", ""reason"": ""Diapers are a sub-category of baby care products""}, {""name"": ""Diaper"", ""reason"": ""Core category for the product mentioned""}], ""is_buyer_interested"": true, ""most_specific_category"": {""name"": ""Baby Diapers"", ""reason"": ""The buyer inquired specifically about Baby Diapers with size options and price per piece""}, ""seller_accepts_quantity"": true}, {""in_stock"": ""out of stock"", ""product_name"": ""Baby Diaper (C Grade)"", ""specifications"": [{""name"": ""Grade"", ""value"": ""C"", ""buyer_requested"": true, ""seller_mentioned"": true}], ""related_categories"": [{""name"": ""Diaper"", ""reason"": ""General category for the requested product""}], ""is_buyer_interested"": false, ""most_specific_category"": {""name"": ""Baby Diapers"", ""reason"": ""The discussion involved baby diapers of different quality grades""}}], ""next_steps"": {""buyer_next_steps"": [""To reconsider the price per packet for A-grade diapers""], ""seller_next_steps"": [""To share more details or formal quote if pricing aligns""]}, ""buyer_details"": {""buyer_name"": ""805618876c5565a832990af5a413d63225940f24c009d8f61474513cfb323b02""}, ""seller_details"": {""seller_name"": ""602d3d0ab5e96a205221e5a0ea2e85b4d8aee8562a064533e95591f94d2df19e"", ""seller_location"": {""seller_city"": ""New Delhi""}}}"
946341,959154,28792251,4237,1970-01-01 00:00:00.000,"{""payment"": {}, ""lead_tag"": {""deal_blockers"": [""MOQ: Requirement below minimum limit of 10 rolls""], ""deal_readiness"": ""Cold"", ""deal_readiness_reason"": ""Buyer requires only 1 roll while seller's MOQ is 10 rolls.""}, ""metadata"": {""call_type"": {""type"": ""B2C"", ""reason"": ""The buyer wants a very small quantity (1 roll) for sampling, which suggests a small-scale or retail need."", ""evidence"": {""keywords"": [""barcode"", ""roll""], ""order_type"": ""sample"", ""repeat_buyer"": false, ""buyer_persona"": ""end customer"", ""quantity_scale"": ""Low""}}, ""buyer_intent"": {""narrative"": ""Wants 1 roll of barcode labels of size 50mm x 12.5mm for testing/sample purposes."", ""reasoning"": ""Buyer is only looking for a single roll while the market standard MOQ is higher."", ""intent_level"": ""Low""}, ""call_purpose"": ""requirement"", ""all_languages"": [""Hindi"", ""English""], ""buyer_conclusion"": {""category"": ""Follow-up"", ""conclusion_notes"": ""Buyer requested a sample of 1 roll, but seller cannot provide less than 10 rolls.""}, ""primary_language"": ""Hindi"", ""additional_details"": {""buyer_queries"": [{""query"": ""Can I get 1 roll as a sample?"", ""category"": ""Quantity"", ""sequence"": 3}], ""seller_queries"": [{""query"": ""What size do you need?"", ""category"": ""Specs"", ""sequence"": 1}, {""query"": ""What quantity do you need?"", ""category"": ""Quantity"", ""sequence"": 2}, {""query"": ""Where are you located?"", ""category"": ""Location"", ""sequence"": 4}]}, ""intended_application"": ""Sample Testing""}, ""products"": [{""in_stock"": ""in stock"", ""product_name"": ""Barcode Label"", ""specifications"": [{""name"": ""Size"", ""unit"": ""mm"", ""value"": ""50 x 12.5"", ""buyer_requested"": true, ""seller_mentioned"": false}], ""quantity_required"": {""unit"": ""roll"", ""value"": 1}, ""related_categories"": [{""name"": ""Roll Labels"", ""reason"": ""The buyer mentioned requirement in rolls.""}, {""name"": ""Barcode"", ""reason"": ""The product is for barcode labeling.""}], ""is_buyer_interested"": true, ""most_specific_category"": {""name"": ""Barcode Label"", ""reason"": ""The buyer explicitly asked for barcode labels with specific dimensions of 50mm x 12.5mm and mentioned rolls.""}, ""quantity_accepted_by_seller"": true}], ""call_back"": ""callback by Tomorrow - To discuss MOQ possibility"", ""next_steps"": {""buyer_next_steps"": [""To consider increasing quantity to meet MOQ of 10 rolls""], ""seller_next_steps"": [""To check if single roll sample can be provided""]}, ""buyer_details"": {""buyer_name"": ""3947b64b4d15ef17f217ba251317a6a86b141287cf06723c451801a8a54908a3"", ""buyer_location"": {""buyer_city"": ""Delhi""}, ""buyer_mobile_number"": ""9d8ecc36e9f7f91a76a87d796b3f56e7370916db431413924198661386d2c0bc""}, ""seller_details"": {""seller_name"": ""768a238e0667c41c9312d886dd3bf18df4825c6d73b0e096e33ac066a7207c05"", ""seller_location"": {""seller_city"": ""New Delhi"", ""seller_locality"": ""Mayapuri""}, ""seller_mobile_number"": ""ce3a598687c8d2e5aa6bedad20e059b4a78cca0adad7e563b07998d5cd226b8c""}, ""minimum_order_quantity"": {""unit"": ""roll"", ""value"": 10}}"
946475,959291,28792251,4237,1970-01-01 00:00:00.000,"{""payment"": {}, ""lead_tag"": {""deal_blockers"": [], ""deal_readiness"": ""Hot"", ""deal_readiness_reason"": ""Specific dimensions and material quality shared with immediate follow-up requested""}, ""metadata"": {""call_type"": {""type"": ""B2B"", ""reason"": ""The requirement for specific barcode label sizes (50x12.5mm) and paper quality for product identification indicates industrial/B2B usage."", ""evidence"": {""keywords"": [""Barcode Labels"", ""Matt Finish"", ""Chromo Paper"", ""Mayapuri Industrial Area""], ""order_type"": ""Commercial"", ""buyer_persona"": ""Business Owner"", ""quantity_scale"": ""High""}}, ""buyer_intent"": {""narrative"": ""Wants barcode labels of size 50mm x 12.5mm in matte finish for business use."", ""reasoning"": ""Buyer provided precise dimensions and specific material requirements (matte, tearable paper)."", ""intent_level"": ""High""}, ""call_purpose"": ""requirement"", ""all_languages"": [""Hindi"", ""English""], ""buyer_conclusion"": {""category"": ""Follow-up"", ""conclusion_notes"": ""Waiting for photos and price list on WhatsApp (Photo bhejta hoon fir rate bhi de deta hoon)""}, ""primary_language"": ""Hindi"", ""additional_details"": {""buyer_queries"": [{""query"": ""What is the price for these barcode labels?"", ""category"": ""Price"", ""sequence"": 1}], ""seller_queries"": [{""query"": ""What size and paper quality do you need?"", ""category"": ""Specifications"", ""sequence"": 2}]}, ""intended_application"": ""Product Labeling""}, ""products"": [{""price"": {}, ""in_stock"": ""in stock"", ""product_name"": ""Barcode Label (Barcode Sticker)"", ""specifications"": [{""name"": ""Width"", ""unit"": ""mm"", ""value"": ""50"", ""buyer_requested"": true, ""seller_mentioned"": false}, {""name"": ""Height"", ""unit"": ""mm"", ""value"": ""12.5"", ""buyer_requested"": true, ""seller_mentioned"": false}, {""name"": ""Finish"", ""value"": ""Matt"", ""buyer_requested"": true, ""seller_mentioned"": false}, {""name"": ""Paper Quality"", ""value"": ""Chromo (Tearable)"", ""buyer_requested"": false, ""seller_mentioned"": true}], ""related_categories"": [{""name"": ""Barcode Stickers"", ""reason"": ""Barcode labels are commonly referred to and used as barcode stickers.""}, {""name"": ""Chromo Labels"", ""reason"": ""The seller mentioned chromo paper which is a standard material for these labels.""}, {""name"": ""Label Sticker"", ""reason"": ""The product is a self-adhesive label sticker used for barcoding.""}], ""is_buyer_interested"": true, ""most_specific_category"": {""name"": ""Barcode Label"", ""reason"": ""The buyer specifically requested barcode labels with exact dimensions for printing.""}, ""quantity_accepted_by_seller"": true}], ""call_back"": ""callback by Soon - To send photos and rates (Photo bhejta hoon fir rate bhi de deta hoon)"", ""next_steps"": {""buyer_next_steps"": [""To check photos and rates on WhatsApp""], ""seller_next_steps"": [""To share product photos on WhatsApp"", ""To provide price quotation for 50mm x 12.5mm labels""]}, ""buyer_details"": {""buyer_name"": ""3947b64b4d15ef17f217ba251317a6a86b141287cf06723c451801a8a54908a3"", ""buyer_location"": {""buyer_city"": ""Delhi""}, ""buyer_mobile_number"": ""9d8ecc36e9f7f91a76a87d796b3f56e7370916db431413924198661386d2c0bc""}, ""seller_details"": {""seller_name"": ""768a238e0667c41c9312d886dd3bf18df4825c6d73b0e096e33ac066a7207c05"", ""seller_location"": {""seller_city"": ""New Delhi"", ""seller_locality"": ""Mayapuri""}}, ""minimum_order_quantity"": {}}"
950540,963404,28792251,4237,1970-01-01 00:00:00.000,"{""payment"": {}, ""lead_tag"": {""deal_blockers"": [], ""deal_readiness"": ""Cold"", ""deal_readiness_reason"": ""The call was not answered and connected to an automated voicemail service.""}, ""metadata"": {""call_type"": {""reason"": ""The call was not connected and was handled by an automated voicemail prompt."", ""evidence"": {""buyer_persona"": """"}}, ""buyer_intent"": {""narrative"": ""The call was unsuccessful as it reached a voicemail service without interaction."", ""reasoning"": ""No requirements or intent could be established as the recipient was unavailable."", ""intent_level"": ""Low""}, ""call_purpose"": ""irrelevant"", ""all_languages"": [""English""], ""buyer_conclusion"": {""category"": ""Lost"", ""conclusion_notes"": ""The call went to voicemail and no message was recorded (Recipient not available).""}, ""primary_language"": ""English"", ""additional_details"": {""buyer_queries"": [], ""seller_queries"": []}, ""intended_application"": """"}, ""products"": [], ""call_back"": """", ""next_steps"": {""buyer_next_steps"": [], ""seller_next_steps"": []}, ""buyer_details"": {}, ""seller_details"": {}, ""minimum_order_quantity"": {}}"
1664130,1680906,7273434,87517,1970-01-01 00:00:00.000,"{""lead_tag"": {""deal_blockers"": [{""detail"": ""Seller has MOQ requirement and doesn't supply small quantities."", ""category"": ""Availability""}], ""deal_readiness"": ""Warm"", ""deal_readiness_reason"": ""The buyer has a bulk requirement and the seller is a manufacturer and importer. ""}, ""metadata"": {""call_type"": {""type"": ""B2B"", ""reason"": ""The buyer clearly states that she is a supplier and has a bulk requirement for her client. "", ""evidence"": {""keywords"": [""Urinal Mat"", ""Rubber Gloves"", ""Supplier""], ""order_type"": {""order_type_category"": ""bulk""}, ""repeat_buyer"": true, ""buyer_persona"": {""persona_detail"": ""Supplier"", ""persona_category"": ""distributor""}, ""quantity_scale"": ""High""}}, ""buyer_intent"": {""narrative"": ""The buyer is a supplier from Sikkim looking for a bulk quantity of urinal mats and heavy rubber gloves."", ""reasoning"": ""High intent is indicated since the buyer is a supplier and is asking for specific products for bulk supply. "", ""intent_level"": ""High""}, ""call_outcome"": {""category"": ""Follow-up"", ""conclusion_notes"": ""The seller asked the buyer to share requirements on WhatsApp to provide photos and prices. (Picture and requirement WhatsApp par daal dijiye, phir mai aapko rate and photo bhej dunga)""}, ""call_purpose"": ""requirement"", ""all_languages"": [""Hindi"", ""English""], ""primary_language"": ""Hindi"", ""additional_details"": {""buyer_queries"": [{""query"": ""Do you sell only urinal mats or other products?"", ""category"": ""Specifications"", ""sequence"": 1}], ""seller_queries"": [{""query"": ""From where are you calling and what is the quantity you need?"", ""category"": ""Quantity"", ""sequence"": 1}, {""query"": ""What is your line of business?"", ""category"": ""Specifications"", ""sequence"": 2}]}}, ""products"": [{""in_stock"": ""in stock"", ""product_name"": ""Urinal Mat"", ""specifications"": [{""name"": ""Product Category"", ""value"": ""Urinal Mat"", ""buyer_requested"": true, ""seller_mentioned"": false}], ""related_categories"": [{""name"": ""Urinal Cube"", ""reason"": ""Urinal cubes are also used to keep the urinals clean and provide fragrance.""}, {""name"": ""Bathroom Fittings"", ""reason"": ""Urinal mats are bathroom accessories but are related to fittings.""}], ""is_buyer_interested"": true, ""most_specific_category"": {""name"": ""Urinal Screen"", ""reason"": ""A urinal mat is primarily used as a screen to prevent clogging and provide a pleasant aroma. ""}}, {""in_stock"": ""in stock"", ""product_name"": ""Heavy Rubber Gloves"", ""specifications"": [{""name"": ""Type"", ""value"": ""Heavy Rubber Gloves"", ""buyer_requested"": true, ""seller_mentioned"": false}], ""is_buyer_interested"": true}], ""next_steps"": {""buyer_next_steps"": [""To share visiting card or GST details on WhatsApp."", ""To share specific requirements on WhatsApp.""], ""seller_next_steps"": [""To share catalog and prices on WhatsApp after receiving the requirement.""]}, ""buyer_details"": {""buyer_name"": ""f7e3ca4417e556367c64e7de4cb2591f6e1179579d31b7c83e4de775d1faa39b"", ""buyer_mobile_number"": ""e16cc5fc6d662c5a5eef577c1b026e10ee13e66719db971466f5efed10a4c733""}, ""seller_details"": {""seller_name"": ""84696d86eb6abe2025ed83e54fd192202917fe6a305c989fff0a616e300680b1"", ""seller_mobile_number"": ""931190e0192e77c9c4a8a25dcab919fed63def2517f02f0797ff87a618d59053""}}"
2476272,2493081,8436657,4167,1970-01-01 00:00:00.000,"{""lead_tag"": {""deal_blockers"": [], ""deal_readiness"": ""Warm"", ""deal_readiness_reason"": ""Buyer is inquiring about rates for specific sizes and the seller has agreed to send a price list shortly.""}, ""metadata"": {""call_type"": {""type"": ""B2B"", ""reason"": ""The buyer is inquiring via IndiaMART for product pricing across multiple sizes, which is typical for retail or wholesale business inquiries."", ""evidence"": {""order_type"": [""commercial""]}}, ""buyer_intent"": {""narrative"": ""Wants to know the rates for tape-style diapers in small, medium, and large sizes."", ""reasoning"": ""The buyer identified specific sizes and the product type from the seller's online listing but is currently only asking for the price list."", ""intent_level"": ""Medium""}, ""call_outcome"": {""category"": ""Follow-up"", ""conclusion_notes"": ""The seller will send a price list to the buyer (Price list send karta hoon aapko).""}, ""call_purpose"": ""requirement"", ""all_languages"": [""Hindi"", ""English""], ""primary_language"": ""Hindi"", ""additional_details"": {""buyer_queries"": [{""query"": ""What is the rate for these?"", ""category"": ""Pricing"", ""sequence"": 1, ""answer_by_seller"": ""I will send you the price list right now.""}], ""seller_queries"": []}}, ""products"": [{""product_name"": ""Diaper (Tape Type)"", ""specifications"": [{""name"": ""Size"", ""value"": ""Small"", ""buyer_requested"": true, ""seller_mentioned"": false}, {""name"": ""Size"", ""value"": ""Medium"", ""buyer_requested"": true, ""seller_mentioned"": false}, {""name"": ""Size"", ""value"": ""Large"", ""buyer_requested"": true, ""seller_mentioned"": false}, {""name"": ""Type"", ""value"": ""Tape Type"", ""buyer_requested"": true, ""seller_mentioned"": false}], ""related_categories"": [{""name"": ""Baby Diapers"", ""reason"": ""The mention of sizes like small and medium for diapers typically refers to baby care products.""}], ""is_buyer_interested"": true, ""most_specific_category"": {""name"": ""Diaper"", ""reason"": ""The buyer specifically mentioned looking for Small, Medium, and Large size diapers from the seller's IndiaMART page.""}}], ""next_steps"": {""buyer_next_steps"": [""To check the price list once received from the seller""], ""seller_next_steps"": [""To share the price list with the buyer on WhatsApp""]}, ""buyer_details"": {""buyer_name"": ""2060a8b9f4f1ff944b782717cc4b856dcf8acccc9e0c36187aa644b28c885078""}, ""seller_details"": {}}"
1400485,1417250,8436657,4167,1970-01-01 00:00:00.000,"{""payment"": {}, ""callback"": ""callback by Monday 1 PM - To confirm stock"", ""lead_tag"": {""deal_blockers"": [], ""deal_readiness"": ""Warm"", ""deal_readiness_reason"": ""Showing serious interest in product pricing and requesting catalog photographs for evaluation.""}, ""metadata"": {""call_type"": {""type"": ""B2B"", ""reason"": ""The buyer is inquiring about loose diapers, which is a common B2B request for repackaging or retail resale in bulk formats."", ""evidence"": {""keywords"": [""Loose Diapers"", ""Baby Diapers""], ""order_type"": {""order_type_category"": ""commercial""}, ""repeat_buyer"": false, ""buyer_persona"": {""persona_category"": ""retailer""}}}, ""buyer_intent"": {""narrative"": ""Seeking loose baby diapers from Gujarat and requested product photos."", ""reasoning"": ""The inquiry is specific about the product type (loose baby diapers) and geographic location, but remains at the evaluation stage after receiving the price quote."", ""intent_level"": ""Medium""}, ""call_outcome"": {""category"": ""Pending"", ""conclusion_notes"": ""Awaiting catalog photos on WhatsApp to proceed with the evaluation (WhatsApp kar do photo).""}, ""call_purpose"": ""requirement"", ""all_languages"": [""Hindi"", ""English""], ""primary_language"": ""Hindi"", ""additional_details"": {""buyer_queries"": [{""query"": ""Can you send the photos and other details on WhatsApp?"", ""category"": ""Specifications"", ""sequence"": 1}], ""seller_queries"": []}, ""intended_application"": ""Retail Resale""}, ""products"": [{""price"": {""gst"": {""is_gst_included"": false}, ""value"": 4.25, ""currency"": ""INR"", ""price_unit"": ""piece""}, ""in_stock"": ""in stock"", ""product_name"": ""Loose Baby Diapers"", ""specifications"": [{""name"": ""Type"", ""value"": ""Loose"", ""buyer_requested"": true, ""seller_mentioned"": true}, {""name"": ""Category"", ""value"": ""Baby"", ""buyer_requested"": false, ""seller_mentioned"": true}], ""related_categories"": [{""name"": ""Diaper"", ""reason"": ""General category for baby hygiene products discussed.""}, {""name"": ""Baby Care Products"", ""reason"": ""Baby diapers are a fundamental part of the baby care category.""}], ""is_buyer_interested"": true, ""most_specific_category"": {""name"": ""Baby Diapers"", ""reason"": ""The speaker explicitly mentions requirement for 'Baby Diaper'.""}}], ""next_steps"": {""buyer_next_steps"": [""To review the product photos and details once received on WhatsApp.""], ""seller_next_steps"": [""To share product photos and details on WhatsApp.""]}, ""buyer_details"": {""buyer_location"": {""buyer_state"": ""Gujarat""}}, ""seller_details"": {""seller_name"": ""602d3d0ab5e96a205221e5a0ea2e85b4d8aee8562a064533e95591f94d2df19e""}}"
314194,317877,5801075,9738,1970-01-01 00:00:00.000,"{""payment"": {}, ""metadata"": {""call_type"": {""type"": ""B2B"", ""reason"": ""The buyer is inquiring about a screw with very specific dimensions (8 mm diameter, 80 mm length) and a particular head type (plain or bent down). This level of precise technical specification suggests a commercial or industrial requirement, likely for a manufacturer or a builder, rather than a typical B2C purchase. The seller also asks for images to understand the specific requirement, which is common in B2B transactions for custom or specialized parts."", ""evidence"": {""keywords"": [""8 mm"", ""80 mm"", ""plain head"", ""bent down head""], ""order_type"": ""commercial"", ""repeat_buyer"": false, ""buyer_persona"": ""Manufacturer"", ""quantity_scale"": ""High""}}, ""call_purpose"": ""requirement"", ""all_languages"": [""Hindi""], ""primary_language"": ""Hindi""}, ""products"": [{""product_name"": ""Screw"", ""specifications"": [{""name"": ""Diameter"", ""unit"": ""mm"", ""value"": ""8"", ""buyer_requested"": true, ""seller_mentioned"": false}, {""name"": ""Length"", ""unit"": ""mm"", ""value"": ""80"", ""buyer_requested"": true, ""seller_mentioned"": false}, {""name"": ""Head Type"", ""value"": ""plain or bent down"", ""buyer_requested"": true, ""seller_mentioned"": false}], ""related_categories"": [{""name"": ""Metal Screws"", ""reason"": ""Screws are typically made of metal, and the specified dimensions (diameter, length) are common for metal fasteners used in various applications.""}], ""is_buyer_interested"": true, ""most_specific_category"": {""name"": ""Screws"", ""reason"": ""The buyer is explicitly asking for a 'screw' and discussing its physical attributes and desired head type.""}}], ""next_steps"": {""buyer_next_steps"": [""To send images of the required screw to the seller's WhatsApp number""], ""seller_next_steps"": [""To receive images on WhatsApp""]}, ""buyer_details"": {}, ""seller_details"": {""seller_mobile_number"": ""60d427ef33a5ea29e03e4477d8c0cd9f66a6682aed9e56bb92054c416f3b9438""}, ""minimum_order_quantity"": {}}"
2481246,2498053,8436657,4167,1970-01-01 00:00:00.000,"{""callback"": ""callback by Tomorrow 10 AM - To provide contact person's number (Main aapko waha ka number send kar deta hoon)"", ""lead_tag"": {""deal_blockers"": [], ""deal_readiness"": ""Warm"", ""deal_readiness_reason"": ""Buyer is inquiring about third-party manufacturing details and office hours for a potential visit.""}, ""metadata"": {""call_type"": {""type"": ""B2B"", ""reason"": ""The buyer is inquiring about third-party manufacturing and white labeling for loose diapers, indicating a B2B business model."", ""evidence"": {""keywords"": [""Loose Supply"", ""White Labeling"", ""Third-party manufacturing""], ""order_type"": [""commercial""], ""buyer_persona"": {""persona_detail"": ""Third-party brand owner"", ""persona_category"": ""manufacturer""}}}, ""buyer_intent"": {""narrative"": ""Wants to source loose diapers for white-labeled third-party manufacturing in Patna."", ""reasoning"": ""Buyer had specific queries about loose supply, white labeling, and visited the offline office location details."", ""intent_level"": ""High""}, ""call_outcome"": {""category"": ""Follow-up"", ""conclusion_notes"": ""Seller will share the contact number for the Patna office (Main aapko waha ka number send kar deta hoon)""}, ""call_purpose"": ""requirement"", ""all_languages"": [""Hindi"", ""English""], ""primary_language"": ""Hindi"", ""additional_details"": {""buyer_queries"": [{""query"": ""Do you supply loose diapers?"", ""category"": ""Availability"", ""sequence"": 1, ""answer_by_seller"": ""Yes, we supply loose diapers.""}, {""query"": ""Where is your office located?"", ""category"": ""Location"", ""sequence"": 2}, {""query"": ""IndiaMART shows Bihar, where in Bihar?"", ""category"": ""Location"", ""sequence"": 3, ""answer_by_seller"": ""We also have an office in Patna near Zero Mile.""}, {""query"": ""Do you supply to third-party companies under white labeling?"", ""category"": ""Specifications"", ""sequence"": 4, ""answer_by_seller"": ""Yes, we do third-party manufacturing under white labeling.""}, {""query"": ""What are the office hours so I can visit?"", ""category"": ""Other"", ""sequence"": 5, ""answer_by_seller"": ""I will send you the contact number for that office.""}], ""seller_queries"": []}}, ""products"": [{""in_stock"": ""in stock"", ""product_name"": ""Loose Diapers"", ""specifications"": [{""name"": ""Packaging Type"", ""value"": ""Loose"", ""buyer_requested"": true, ""seller_mentioned"": true}, {""name"": ""Service Type"", ""value"": ""White Labeling / Third Party Manufacturing"", ""buyer_requested"": true, ""seller_mentioned"": true}], ""related_categories"": [{""name"": ""Baby Diapers"", ""reason"": ""Diapers are the core product discussed.""}, {""name"": ""Disposable Diaper"", ""reason"": ""Loose diapers are typically disposable types for bulk supply.""}], ""is_buyer_interested"": true, ""most_specific_category"": {""name"": ""Diaper Third Party Manufacturing"", ""reason"": ""Buyer explicitly asked about white labeling and loose supply for third-party companies.""}}], ""next_steps"": {""buyer_next_steps"": [""To contact the Patna office once the number is shared"", ""To visit the Patna office for further discussion""], ""seller_next_steps"": [""To share the Patna office contact number with the buyer""]}, ""buyer_details"": {""buyer_name"": ""896d27199da66de7a2cff2a177e5f6443b6b5dd7fb9355d8bf48f4adb12ca0cc"", ""buyer_location"": {""buyer_city"": ""Patna""}}, ""seller_details"": {""seller_location"": {""seller_city"": ""New Delhi""}}}"
3295968,3312798,8436657,4167,1970-01-01 00:00:00.000,"{""callback"": ""callback by Tomorrow 5 PM - To finalize (Kal 5 baje call karta hoon)"", ""lead_tag"": {""deal_blockers"": [{""detail"": ""Both parties are sellers trying to sell to each other"", ""category"": ""Other""}], ""deal_readiness"": ""Cold"", ""deal_readiness_reason"": ""Both parties are primarily sellers and the conversation turned into a cross-offer of stock""}, ""metadata"": {""call_type"": {""type"": ""B2B"", ""reason"": ""The buyer is inquiring about bulk rates and later offers to sell his own stock, indicating a B2B wholesaler persona."", ""evidence"": {""keywords"": [""Branded"", ""Loose"", ""75 piece pack""], ""order_type"": [""bulk"", ""commercial""], ""repeat_buyer"": false, ""buyer_persona"": {""persona_detail"": ""Wholesaler or Stockist"", ""persona_category"": ""wholesaler""}, ""quantity_scale"": ""High""}}, ""buyer_intent"": {""narrative"": ""Initially inquired about rates but then tried to sell his own stock to the seller."", ""reasoning"": ""The buyer transitioned from inquiring about rates to offering his own stock of Small and Medium diapers at lower prices."", ""intent_level"": ""Low""}, ""call_outcome"": {""category"": ""Lost"", ""conclusion_notes"": ""Both parties are sellers; the buyer tried to offer his own stock (Hum log khud bechte hain)""}, ""call_purpose"": ""requirement"", ""all_languages"": [""Hindi"", ""English""], ""primary_language"": ""Hindi"", ""additional_details"": {""buyer_queries"": [{""query"": ""What is the rate for diapers?"", ""category"": ""Pricing"", ""sequence"": 1, ""answer_by_seller"": ""Branded is 4.80 rupees per diaper, and loose is 330 rupees for 75 pieces.""}, {""query"": ""What sizes are available?"", ""category"": ""Specifications"", ""sequence"": 2, ""answer_by_seller"": ""Sizes are available from Medium to Large and XL up to 5.50 rupees.""}, {""query"": ""Which brand is it?"", ""category"": ""Specifications"", ""sequence"": 4, ""answer_by_seller"": ""We have brands like Easy Baby and Little Bunny.""}], ""seller_queries"": [{""query"": ""Do you need loose or branded diapers?"", ""category"": ""Specifications"", ""sequence"": 3, ""answer_by_buyer"": ""Branded.""}, {""query"": ""Why do you need my WhatsApp number?"", ""category"": ""Other"", ""sequence"": 5}, {""query"": ""Do you want to buy or sell?"", ""category"": ""Other"", ""sequence"": 6, ""answer_by_buyer"": ""I will send photos of my stock.""}]}, ""intended_application"": ""Retail Resale""}, ""products"": [{""price"": {""value"": 4.8, ""currency"": ""INR"", ""price_unit"": ""piece""}, ""in_stock"": ""in stock"", ""product_name"": ""Easy Baby Diapers (Branded Diapers)"", ""specifications"": [{""name"": ""Brand"", ""value"": ""Easy Baby"", ""buyer_requested"": false, ""seller_mentioned"": true}, {""name"": ""Size"", ""value"": ""Medium to Large"", ""buyer_requested"": true, ""seller_mentioned"": true}], ""related_categories"": [{""name"": ""Diapering Products"", ""reason"": ""Diapers are the primary product in the diapering category.""}], ""is_buyer_interested"": false, ""most_specific_category"": {""name"": ""Baby Diapers"", ""reason"": ""The conversation specifically discusses baby diaper sizes like Medium, Large, and XL and packs of 75 pieces.""}}, {""price"": {""value"": 5.5, ""currency"": ""INR"", ""price_unit"": ""piece""}, ""in_stock"": ""in stock"", ""product_name"": ""XL Branded Diapers"", ""specifications"": [{""name"": ""Size"", ""value"": ""XL"", ""buyer_requested"": true, ""seller_mentioned"": true}], ""is_buyer_interested"": false, ""most_specific_category"": {""name"": ""Baby Diaper Pants"", ""reason"": ""Large and XL sizes in bulk packs of 75 are typical for baby diaper pants.""}}, {""price"": {""value"": 330, ""currency"": ""INR"", ""price_unit"": ""75 pieces""}, ""in_stock"": ""in stock"", ""product_name"": ""Loose Diapers"", ""specifications"": [{""name"": ""Packaging"", ""value"": ""Loose"", ""buyer_requested"": false, ""seller_mentioned"": true}, {""name"": ""Quantity per pack"", ""unit"": ""pieces"", ""value"": ""75"", ""buyer_requested"": false, ""seller_mentioned"": true}], ""is_buyer_interested"": false, ""most_specific_category"": {""name"": ""Disposable Diaper"", ""reason"": ""Loose diapers sold in bulk counts are generally disposable type.""}}], ""next_steps"": {""buyer_next_steps"": [], ""seller_next_steps"": []}, ""buyer_details"": {""buyer_location"": {""buyer_city"": ""Delhi""}}, ""seller_details"": {""seller_name"": ""ef8ffe93a9e6b35e81c9b64c341849def9a5bf9758210612eba8901d646c198a""}}"
2787173,2803993,8436657,4167,1970-01-01 00:00:00.000,"{""callback"": ""callback by Tomorrow - To confirm the order after brother's consent (Kal bhai se baat karke bataati hoon)"", ""lead_tag"": {""deal_blockers"": [{""detail"": ""Gap of 0.5-1.0 INR per piece between buyer's expectation and seller's quote."", ""category"": ""Price""}], ""deal_readiness"": ""Warm"", ""deal_readiness_reason"": ""Buyer has clear requirement for resale and will confirm after final discussion with partner.""}, ""metadata"": {""call_type"": {""type"": ""B2B"", ""reason"": ""The buyer runs an online platform and intends to source loose diapers for commercial resale, looking for wholesale rates lower than the local market."", ""evidence"": {""keywords"": [""Online Platform"", ""Bulk purchase"", ""B-Grade"", ""Non-branded"", ""Loose Pack""], ""order_type"": [""recurring"", ""commercial""], ""buyer_persona"": {""persona_detail"": ""Online Retailer"", ""persona_category"": ""retailer""}, ""quantity_scale"": ""Low""}}, ""buyer_intent"": {""narrative"": ""Wants to source loose B-grade diapers for online resale starting with 2 packets per size."", ""reasoning"": ""Buyer has an online business, specific size requirements, and is comparing prices with other wholesale markets like Mangolpuri."", ""intent_level"": ""High""}, ""call_outcome"": {""category"": ""Follow-up"", ""conclusion_notes"": ""Will confirm after consulting brother (Kal bhai se baat karke batata hoon)""}, ""call_purpose"": ""requirement"", ""all_languages"": [""Hindi"", ""English""], ""primary_language"": ""Hindi"", ""additional_details"": {""buyer_queries"": [{""query"": ""How many pieces are in one packet?"", ""category"": ""Specifications"", ""sequence"": 101}, {""query"": ""Can you give it for 3.5 rupees per piece?"", ""category"": ""Pricing"", ""sequence"": 102}, {""query"": ""Can you deliver through Porter?"", ""category"": ""Delivery"", ""sequence"": 103}], ""seller_queries"": [{""query"": ""What will be your quantity?"", ""category"": ""Quantity"", ""sequence"": 201}]}, ""intended_application"": ""Online Resale""}, ""products"": [{""price"": {""value"": 4, ""currency"": ""INR"", ""price_unit"": ""piece"", ""delivery_charge"": {""is_delivery_charge_included"": false}, ""negotiation_notes"": ""Buyer requested 3.5 INR but seller quoted 4.0-4.5 INR due to recent price updates."", ""buyer_price_reaction"": {""quote"": ""Thoda cost zyada hai"", ""category"": ""Negotiating""}}, ""in_stock"": ""in stock"", ""product_name"": ""Loose Diaper (B-Grade Non-branded)"", ""specifications"": [{""name"": ""Type"", ""value"": ""Loose (Non-branded)"", ""buyer_requested"": false, ""seller_mentioned"": true}, {""name"": ""Grade"", ""value"": ""B Grade"", ""buyer_requested"": false, ""seller_mentioned"": true}, {""name"": ""Packing Unit"", ""unit"": ""piece"", ""value"": ""75"", ""buyer_requested"": true, ""seller_mentioned"": true}], ""quantity_required"": {""unit"": ""packet"", ""value"": 2}, ""related_categories"": [{""name"": ""Baby Diapers"", ""reason"": ""The context of sizes and online resale suggests these are for babies.""}, {""name"": ""Disposable Diaper"", ""reason"": ""The bulk loose packing is typical of disposable variants.""}], ""is_buyer_interested"": true, ""most_specific_category"": {""name"": ""Diaper"", ""reason"": ""The conversation revolves around loose, non-branded diapers of different sizes.""}}], ""next_steps"": {""buyer_next_steps"": [""To consult with brother regarding the price gap"", ""To visit the Bawana office if required""], ""seller_next_steps"": [""To check stock availability for future bulk orders""]}, ""buyer_details"": {""buyer_name"": ""a86d61e4c4516ca829dfb5a3b31186e0b2c11268b2d2a225384df86f71b72944""}, ""seller_details"": {""seller_name"": ""602d3d0ab5e96a205221e5a0ea2e85b4d8aee8562a064533e95591f94d2df19e"", ""seller_location"": {""seller_city"": ""New Delhi"", ""seller_locality"": ""Bawana""}}}"
2483448,2500256,8436657,4167,1970-01-01 00:00:00.000,"{""callback"": ""callback by Tomorrow 5 PM - To discuss bulk pricing"", ""lead_tag"": {""deal_blockers"": [{""detail"": ""Price negotiation for bulk purchase"", ""category"": ""Price""}], ""deal_readiness"": ""Warm"", ""deal_readiness_reason"": ""Looking to purchase in bulk but price finalized post-catalogue review""}, ""metadata"": {""call_type"": {""type"": ""B2B"", ""reason"": ""The buyer is looking for bulk supply for their business and is interested in recurring orders from local branch"", ""evidence"": {""order_type"": [""bulk""], ""repeat_buyer"": true, ""buyer_persona"": {""persona_category"": ""retailer""}, ""quantity_scale"": ""High""}}, ""buyer_intent"": {""narrative"": ""Wants to purchase baby diapers in bulk from the Patna branch for the retail shop"", ""reasoning"": ""Inquired specifically about the local Patna branch and requested details for further discussion"", ""intent_level"": ""Medium""}, ""call_outcome"": {""category"": ""Follow-up"", ""conclusion_notes"": ""Will connect to discuss pricing later (5 baje baat karte hain rate ke liye)""}, ""call_purpose"": ""requirement"", ""all_languages"": [""Hindi"", ""English""], ""primary_language"": ""Hindi"", ""additional_details"": {""buyer_queries"": [{""query"": ""Can you share the contact details for the Zero Mile branch?"", ""category"": ""Specifications"", ""sequence"": 1}, {""query"": ""What is your company name?"", ""category"": ""Specifications"", ""sequence"": 2}], ""seller_queries"": []}, ""intended_application"": ""Retail Resale""}, ""products"": [{""price"": {""negotiation_notes"": ""Bulk pricing to be discussed at 5 PM""}, ""in_stock"": ""in stock"", ""product_name"": ""Baby Diaper"", ""specifications"": [{""name"": ""Pack Size"", ""unit"": ""pieces"", ""value"": ""30"", ""buyer_requested"": true, ""seller_mentioned"": true}], ""related_categories"": [{""name"": ""Baby Care Products"", ""reason"": ""Baby diapers are a core part of baby care ranges""}], ""is_buyer_interested"": true, ""most_specific_category"": {""name"": ""Baby Diapers"", ""reason"": ""Explicitly discussed baby diapers and 30-piece packs""}}], ""next_steps"": {""buyer_next_steps"": [""To review the product catalogue"", ""To call back at 5 PM for price negotiation""], ""seller_next_steps"": [""To share product catalog on WhatsApp"", ""To provide bulk pricing details""]}, ""buyer_details"": {""buyer_name"": ""6e64789bb2a68e269bab55f99ef55cbb20a6ade8ec2b1c01388da5b343be9497""}, ""seller_details"": {""seller_name"": ""44104fcaef8476724152090d6d7bd9afa8ca5b385f6a99d3c6cf36b943b9872d"", ""seller_location"": {""seller_city"": ""Patna""}, ""seller_mobile_number"": ""1dc53e4aa105540f55aa20cbba197e3b3e20bc43f693e3709f02a384f69cbfa0""}}"
3305791,3322621,8436657,4167,1970-01-01 00:00:00.000,"{""callback"": ""callback by Tomorrow - To confirm the size and price (Kal 5 baje call karta hoon)"", ""lead_tag"": {""deal_blockers"": [], ""deal_readiness"": ""Warm"", ""deal_readiness_reason"": ""Discussed specific sizes and pricing for baby diapers, currently finalizing quantity""}, ""metadata"": {""call_type"": {""type"": ""B2B"", ""reason"": ""The buyer is inquiring about loose diapers at a per-piece rate, indicating a bulk purchase for commercial or retail purposes."", ""evidence"": {""order_type"": [""bulk""], ""repeat_buyer"": false, ""quantity_scale"": ""High""}}, ""buyer_intent"": {""narrative"": ""Interested in purchasing loose baby diapers in medium and extra-large sizes."", ""reasoning"": ""Buyer inquired about specific sizes and the price per piece, showing genuine interest."", ""intent_level"": ""Medium""}, ""call_outcome"": {""category"": ""Follow-up"", ""conclusion_notes"": ""Negotiation ongoing regarding price for medium size and quantity (Kal batata hoon).""}, ""call_purpose"": ""requirement"", ""all_languages"": [""Hindi"", ""English""], ""primary_language"": ""Hindi"", ""additional_details"": {""buyer_queries"": [{""query"": ""Do you have loose diapers?"", ""category"": ""Availability"", ""sequence"": 1, ""answer_by_seller"": ""Yes, I have loose diapers.""}, {""query"": ""What is the rate?"", ""category"": ""Pricing"", ""sequence"": 2, ""answer_by_seller"": ""4.5 rupees per piece for extra-large size.""}, {""query"": ""What is the price for medium size?"", ""category"": ""Availability"", ""sequence"": 3, ""answer_by_seller"": ""Medium size is also available.""}], ""seller_queries"": [{""query"": ""What is your quantity requirement?"", ""category"": ""Quantity"", ""sequence"": 4}]}, ""intended_application"": ""Retail Resale""}, ""products"": [{""price"": {""value"": 4.5, ""currency"": ""INR"", ""price_unit"": ""piece""}, ""in_stock"": ""in stock"", ""product_name"": ""Loose Baby Diapers"", ""specifications"": [{""name"": ""Size"", ""value"": ""XL"", ""buyer_requested"": false, ""seller_mentioned"": true}, {""name"": ""Type"", ""value"": ""Loose"", ""buyer_requested"": false, ""seller_mentioned"": true}], ""quantity_required"": {}, ""related_categories"": [{""name"": ""Diaper"", ""reason"": ""The product discussed is a loose diaper.""}, {""name"": ""Baby Diapers"", ""reason"": ""The diapers are specifically for babies as mentioned by the seller.""}], ""is_buyer_interested"": true}, {""price"": {""currency"": ""INR"", ""price_unit"": ""piece""}, ""in_stock"": ""in stock"", ""product_name"": ""Loose Baby Diapers"", ""specifications"": [{""name"": ""Size"", ""value"": ""Medium"", ""buyer_requested"": true, ""seller_mentioned"": true}, {""name"": ""Type"", ""value"": ""Loose"", ""buyer_requested"": false, ""seller_mentioned"": true}], ""quantity_required"": {}, ""related_categories"": [{""name"": ""Diaper"", ""reason"": ""The product discussed is a loose diaper.""}, {""name"": ""Baby Diapers"", ""reason"": ""The diapers are specifically for babies as mentioned by the seller.""}], ""is_buyer_interested"": true}], ""next_steps"": {""buyer_next_steps"": [""To confirm the quantity requirement for medium size diapers""], ""seller_next_steps"": [""To provide the final quote once quantity is confirmed""]}, ""buyer_details"": {""buyer_mobile_number"": ""8f341cdedff0e2df4c7c1461cd2aa7cb3483b7d4017e9081d18f84620576ad3a""}, ""seller_details"": {""seller_name"": ""602d3d0ab5e96a205221e5a0ea2e85b4d8aee8562a064533e95591f94d2df19e"", ""seller_mobile_number"": ""7fa31f0dc7e074f8b8f7c4a650507f315019a867b94109872074355675709c4f""}}"
1963131,1979915,8436657,4167,1970-01-01 00:00:00.000,"{""callback"": ""callback by Tomorrow - To confirm details"", ""lead_tag"": {""deal_blockers"": [{""detail"": ""OEM/White-labeling requirement"", ""category"": ""Other""}], ""deal_readiness"": ""Warm"", ""deal_readiness_reason"": ""Ready to move but needs details on WhatsApp for his specific brand.""}, ""metadata"": {""call_type"": {""type"": ""B2B"", ""reason"": ""The buyer is inquiring for OEM services for his own brand, indicating a professional B2B requirement for manufacturing."", ""evidence"": {""keywords"": [""OEM"", ""Own Brand"", ""Bulk Packaging""], ""order_type"": {""order_type_category"": ""commercial""}, ""repeat_buyer"": true, ""buyer_persona"": {""persona_category"": ""manufacturer""}, ""quantity_scale"": ""High""}}, ""buyer_intent"": {""narrative"": ""Wants to source baby diapers in bulk for his own brand with OEM service."", ""reasoning"": ""Clear intent for OEM manufacturing and specifically asked for price and packaging options."", ""intent_level"": ""High""}, ""call_outcome"": {""category"": ""Follow-up"", ""conclusion_notes"": ""Wants details on WhatsApp regarding rates and packaging (whatsapp kijiye rate ke saath)""}, ""call_purpose"": ""requirement"", ""all_languages"": [""Hindi"", ""English""], ""primary_language"": ""Hindi"", ""additional_details"": {""buyer_queries"": [{""query"": ""What is the price of the baby diaper?"", ""category"": ""Pricing"", ""sequence"": 1}, {""query"": ""Can you package the diapers in our specific brand?"", ""category"": ""Specifications"", ""sequence"": 3}], ""seller_queries"": []}}, ""products"": [{""price"": {""gst"": {""is_gst_included"": true}, ""value"": 4.5, ""currency"": ""INR"", ""price_unit"": ""piece""}, ""in_stock"": ""in stock"", ""product_name"": ""Baby Diaper"", ""specifications"": [{""name"": ""Size"", ""value"": ""Small to Large"", ""buyer_requested"": false, ""seller_mentioned"": true}, {""name"": ""Packaging"", ""value"": ""75 pieces per packet"", ""buyer_requested"": false, ""seller_mentioned"": true}], ""related_categories"": [{""name"": ""Baby Diapers"", ""reason"": ""The core product discussed is diapers for infants.""}, {""name"": ""Disposable Baby Diapers"", ""reason"": ""The rate and packaging context suggests disposable variants.""}], ""is_buyer_interested"": true, ""most_specific_category"": {""name"": ""Diaper Third Party Manufacturing"", ""reason"": ""The buyer specifically asked about manufacturing diapers under his own brand (Our brand mein hoga ya nahi).""}}], ""next_steps"": {""buyer_next_steps"": [""To review catalog and rates on WhatsApp""], ""seller_next_steps"": [""To share detailed rates and packaging options on WhatsApp""]}, ""buyer_details"": {""buyer_name"": ""ca978112ca1bbdcafac231b39a23dc4da786eff8147c4e72b9807785afee48bb""}, ""seller_details"": {""seller_name"": ""602d3d0ab5e96a205221e5a0ea2e85b4d8aee8562a064533e95591f94d2df19e""}}"
2491715,2508523,8436657,4167,1970-01-01 00:00:00.000,"{""payment"": {}, ""lead_tag"": {""deal_blockers"": [], ""deal_readiness"": ""Warm"", ""deal_readiness_reason"": ""Buyer plans to visit the office to start an online business venture.""}, ""metadata"": {""call_type"": {""type"": ""B2B"", ""reason"": ""The buyer mentions starting an online business and requires all sizes, indicating a B2B reselling context."", ""evidence"": {""keywords"": [""Online Business"", ""All sizes""], ""order_type"": [""commercial"", ""bulk""], ""repeat_buyer"": true, ""buyer_persona"": {""persona_detail"": ""Online Business Owner"", ""persona_category"": ""retailer""}}}, ""buyer_intent"": {""narrative"": ""Wants to purchase Huggies diapers in all sizes to start an online business."", ""reasoning"": ""Buyer specifically mentioned starting an online business and requested all sizes, showing professional intent."", ""intent_level"": ""High""}, ""call_outcome"": {""category"": ""Follow-up"", ""conclusion_notes"": ""Seller is sharing the location for the buyer to visit the office (Ek baar office aa jaiye online kaam chalu karna hai toh).""}, ""call_purpose"": ""requirement"", ""all_languages"": [""Hindi"", ""English""], ""primary_language"": ""Hindi"", ""additional_details"": {""buyer_queries"": [{""query"": ""I need information regarding Huggies."", ""category"": ""Other"", ""sequence"": 1, ""answer_by_seller"": ""Which size do you need?""}, {""query"": ""Can you share your number so I can check the location?"", ""category"": ""Location"", ""sequence"": 3, ""answer_by_seller"": ""Provided the mobile number and confirmed sending the location on WhatsApp.""}], ""seller_queries"": [{""query"": ""Which size do you need?"", ""category"": ""Specifications"", ""sequence"": 2, ""answer_by_buyer"": ""I need all sizes as I want to start an online business.""}, {""query"": ""From where are you calling?"", ""category"": ""Location"", ""sequence"": 4, ""answer_by_buyer"": ""Delhi.""}]}, ""intended_application"": ""Online Business Resale""}, ""products"": [{""in_stock"": ""in stock"", ""product_name"": ""Huggies (Haggis)"", ""specifications"": [{""name"": ""Size"", ""value"": ""All"", ""buyer_requested"": true, ""seller_mentioned"": true}], ""related_categories"": [{""name"": ""Baby Diapers"", ""reason"": ""Huggies is primarily a baby diaper brand discussed in the context of sizes.""}, {""name"": ""Diapering Products"", ""reason"": ""General category for all items related to diapering.""}], ""is_buyer_interested"": true, ""most_specific_category"": {""name"": ""Diaper"", ""reason"": ""The buyer and seller explicitly refer to the product by the brand name 'Huggies' which is a well-known diaper brand.""}, ""seller_accepts_quantity"": true}], ""next_steps"": {""buyer_next_steps"": [""To visit the office"", ""To check the location shared on WhatsApp""], ""seller_next_steps"": [""To share the current location on WhatsApp""]}, ""buyer_details"": {""buyer_location"": {""buyer_city"": ""Delhi""}}, ""seller_details"": {}}"
2807826,2824646,8436657,4167,1970-01-01 00:00:00.000,"{""callback"": ""callback by Tomorrow 12 PM - To discuss rates (Kal 12 baje phone karna rate discuss karne ke liye)"", ""lead_tag"": {""deal_blockers"": [{""detail"": ""Prices were not disclosed during the initial call."", ""category"": ""Other""}], ""deal_readiness"": ""Warm"", ""deal_readiness_reason"": ""Ready to discuss pricing and finalize on a scheduled callback next day.""}, ""metadata"": {""call_type"": {""type"": ""B2B"", ""reason"": ""The buyer inquired about a bulk quantity of 3,000 diapers for business purposes in Chandigarh, indicating a B2B transaction."", ""evidence"": {""keywords"": [""3000 pieces"", ""Retail Shop"", ""Chandigarh""], ""order_type"": [""bulk"", ""commercial""], ""repeat_buyer"": false, ""quantity_scale"": ""High""}}, ""buyer_intent"": {""narrative"": ""Wants 3000 pieces of diapers across S, M, L, and Newborn sizes for a shop in Chandigarh."", ""reasoning"": ""Specific quantity (3000 pcs) and multiple sizes mentioned for a business location (Chandigarh)."", ""intent_level"": ""High""}, ""call_outcome"": {""category"": ""Follow-up"", ""conclusion_notes"": ""Scheduled a callback for tomorrow at 12 PM to finalize rates (Kal 12 baje call karke rate batata hoon).""}, ""call_purpose"": ""requirement"", ""all_languages"": [""Hindi"", ""English""], ""primary_language"": ""Hindi"", ""additional_details"": {""buyer_queries"": [{""query"": ""Are diapers available?"", ""category"": ""Availability"", ""sequence"": 1}, {""query"": ""I need 3,000 pieces across different sizes."", ""category"": ""Quantity"", ""sequence"": 2}, {""query"": ""What are the rates?"", ""category"": ""Pricing"", ""sequence"": 4}], ""seller_queries"": [{""query"": ""Where are you calling from?"", ""category"": ""Location"", ""sequence"": 3}, {""query"": ""Can I call you at 12 PM tomorrow to discuss pricing?"", ""category"": ""Pricing"", ""sequence"": 5}]}, ""intended_application"": ""Retail Resale""}, ""products"": [{""in_stock"": ""in stock"", ""product_name"": ""Diaper"", ""specifications"": [{""name"": ""Size"", ""value"": ""S"", ""buyer_requested"": true, ""seller_mentioned"": false}, {""name"": ""Size"", ""value"": ""M"", ""buyer_requested"": true, ""seller_mentioned"": false}, {""name"": ""Size"", ""value"": ""L"", ""buyer_requested"": true, ""seller_mentioned"": false}, {""name"": ""Size"", ""value"": ""Newborn (XS)"", ""buyer_requested"": true, ""seller_mentioned"": false}], ""quantity_required"": {""unit"": ""pieces"", ""value"": 3000}, ""related_categories"": [{""name"": ""Baby Diapers"", ""reason"": ""The requested sizes (S, M, L, XS/Newborn) clearly indicate use for infants.""}], ""is_buyer_interested"": true, ""most_specific_category"": {""name"": ""Diaper"", ""reason"": ""The buyer specifically used the term 'Diaper' for their requirement across multiple sizes.""}, ""seller_accepts_quantity"": true}], ""next_steps"": {""buyer_next_steps"": [""To take the call at 12 PM tomorrow to discuss pricing.""], ""seller_next_steps"": [""To call back at 12 PM tomorrow with the best rates for all sizes.""]}, ""buyer_details"": {""buyer_name"": ""c38640a4e6f22c4a09c50d31ba17c08ff024348af985334dee5b6dece607e6dc""}, ""seller_details"": {""seller_name"": ""602d3d0ab5e96a205221e5a0ea2e85b4d8aee8562a064533e95591f94d2df19e""}}"
1684980,1701755,23807911,38778,1970-01-01 00:00:00.000,"{""lead_tag"": {""deal_blockers"": [{""detail"": ""Buyer found the quoted price of 160 per kg plus GST to be excessive."", ""category"": ""Price""}], ""deal_readiness"": ""Cold"", ""deal_readiness_reason"": ""Price mismatch as the buyer felt the rate was too high and ended the call showing no further interest.""}, ""metadata"": {""call_type"": {""type"": ""B2B"", ""reason"": ""The buyer is looking for bulk quantities (1-2 tons) for a trade link business, which clearly indicates a B2B transaction."", ""evidence"": {""order_type"": {""order_type_category"": ""bulk""}, ""buyer_persona"": {""persona_detail"": ""JM Trade Link Baddi"", ""persona_category"": ""wholesaler""}, ""quantity_scale"": ""High""}}, ""buyer_intent"": {""narrative"": ""Wants 1 to 2 tons of stretch film for his trading business in Baddi."", ""reasoning"": ""The buyer has a specific quantity (1-2 tons) and location, indicating a genuine business need, but the price gap led to a quick termination."", ""intent_level"": ""Medium""}, ""call_outcome"": {""category"": ""Lost"", ""conclusion_notes"": ""Buyer rejected the price and closed the conversation (Zyada bata rahe ho sir bahut rate. Shukriya).""}, ""call_purpose"": ""requirement"", ""all_languages"": [""Hindi"", ""English""], ""primary_language"": ""Hindi"", ""additional_details"": {""buyer_queries"": [], ""seller_queries"": [{""query"": ""Which area are you from? (Kaunse area se baat kar rahe ho sir?)"", ""category"": ""Other"", ""sequence"": 1}]}, ""intended_application"": ""Industrial Packaging Trade""}, ""products"": [{""price"": {""gst"": {""value"": 18, ""is_gst_included"": false}, ""value"": 160, ""currency"": ""INR"", ""price_unit"": ""kg"", ""negotiation_notes"": ""Buyer attempted to negotiate stating the quoted price of 160/kg was too high compared to his expectations."", ""buyer_price_reaction"": {""quote"": ""Zyaada bata rahe ho sir bahut rate"", ""category"": ""Too High""}}, ""product_name"": ""Stretch Film"", ""quantity_required"": {""unit"": ""tonnes"", ""value"": 1}, ""related_categories"": [{""name"": ""Packaging Materials"", ""reason"": ""Stretch film is a fundamental material used in industrial packaging.""}, {""name"": ""Plastic Rolls"", ""reason"": ""Stretch films are typically supplied in roll form for application.""}], ""is_buyer_interested"": true, ""most_specific_category"": {""name"": ""Stretch Film"", ""reason"": ""The buyer explicitly asked for stretch film, which is the exact product being discussed.""}, ""seller_accepts_quantity"": true}], ""next_steps"": {""buyer_next_steps"": [], ""seller_next_steps"": []}, ""buyer_details"": {""buyer_name"": ""37bda420ed8181fa31b71e6466e33d7a3d9816a9183d77b11fc1187d9964f394"", ""buyer_location"": {""buyer_city"": ""Baddi""}}, ""seller_details"": {""seller_name"": ""6dce69facae598b79f7aab72a638381e6a79594b33ea60a89d34d02171fbc44a""}}"
1685503,1702279,8436657,4167,1970-01-01 00:00:00.000,"{""lead_tag"": {""deal_blockers"": [], ""deal_readiness"": ""Hot"", ""deal_readiness_reason"": ""Price list has already been shared and contact was established with the main decision maker.""}, ""metadata"": {""call_type"": {""type"": ""B2B"", ""reason"": ""The buyer represents 'Kushwaha Traders' and is asking for professional quotes and catalogues for resale/business use."", ""evidence"": {""keywords"": [""A grade"", ""Kushwaha Traders"", ""Price list""], ""order_type"": {""order_type_category"": ""commercial""}, ""repeat_buyer"": true, ""buyer_persona"": {""persona_category"": ""wholesaler""}}}, ""buyer_intent"": {""narrative"": ""Wants to purchase A grade adult diapers for commercial supply purposes."", ""reasoning"": ""The buyer specifically asked for A grade quality and requested a price quote and catalogue immediately."", ""intent_level"": ""High""}, ""call_outcome"": {""category"": ""Pending"", ""conclusion_notes"": ""Catalog shared on WhatsApp, buyer will review and get back (Price list send kar diya hai check kar lo)""}, ""call_purpose"": ""requirement"", ""all_languages"": [""Hindi"", ""English""], ""primary_language"": ""Hindi"", ""additional_details"": {""buyer_queries"": [{""query"": ""Can you send the quotation/price list for A grade adult diapers on WhatsApp?"", ""category"": ""Pricing"", ""sequence"": 1}], ""seller_queries"": [{""query"": ""Could you share your contact number for better coordination?"", ""category"": ""Other"", ""sequence"": 2}]}, ""intended_application"": ""Retail Resale""}, ""products"": [{""product_name"": ""A Grade Adult Diaper"", ""specifications"": [{""name"": ""Grade"", ""value"": ""A"", ""buyer_requested"": true, ""seller_mentioned"": true}], ""related_categories"": [{""name"": ""Diaper"", ""reason"": ""The product belongs to the broader diaper category as mentioned by the buyer.""}], ""is_buyer_interested"": true, ""most_specific_category"": {""name"": ""Adult Diapers"", ""reason"": ""The buyer specifically requested 'adult diaper' in 'A grade' quality during the call.""}}], ""next_steps"": {""buyer_next_steps"": [""To check the shared price list"", ""To discuss the quote with the senior""], ""seller_next_steps"": [""To follow up after sharing the catalog and price list on WhatsApp""]}, ""buyer_details"": {""buyer_name"": ""8eab9a4de653ffe6daf45cd801bc4196ba0e0af72475e4bcb190fc7935aded66""}, ""seller_details"": {""seller_name"": ""8b574785bff2f93eab90b9ffcd849c706f14a69f52c8fd44bbb6692337e62b24""}}"
976371,989570,8679761,751,1970-01-01 00:00:00.000,"{""payment"": {}, ""lead_tag"": {""deal_blockers"": [], ""deal_readiness"": ""Warm"", ""deal_readiness_reason"": ""Specific requirement for a machinery part with photos being shared for confirmation""}, ""metadata"": {""call_type"": {""type"": ""B2B"", ""reason"": ""The inquiry is for a specific industrial spare part for heavy construction machinery (Dynapac Roller)."", ""evidence"": {""keywords"": [""Dynapac Roller"", ""PMP Pump"", ""Model number""], ""order_type"": ""one-time"", ""buyer_persona"": ""Construction Equipment Maintenance/Owner"", ""quantity_scale"": ""Low""}}, ""buyer_intent"": {""narrative"": ""Seeking a PMP brand pump for a Dynapac roller machine and is ready to share photos."", ""reasoning"": ""Buyer provides specific machine and brand details and agrees to send technical photos for identification."", ""intent_level"": ""High""}, ""call_purpose"": ""requirement"", ""all_languages"": [""Hindi"", ""English""], ""buyer_conclusion"": {""category"": ""Pending"", ""conclusion_notes"": ""Awaiting photos from the buyer to confirm the model (Photo bhej dunga)""}, ""primary_language"": ""Hindi"", ""additional_details"": {""buyer_queries"": [{""query"": ""Is the PMP pump for the Dynapac roller available?"", ""category"": ""Availability"", ""sequence"": 1}], ""seller_queries"": [{""query"": ""What is the model number of the pump?"", ""category"": ""Specifications"", ""sequence"": 2}]}, ""intended_application"": ""Construction Equipment Maintenance""}, ""products"": [{""product_name"": ""PMP Pump (Dynapac Roller Pump)"", ""specifications"": [{""name"": ""Brand"", ""value"": ""PMP"", ""buyer_requested"": false, ""seller_mentioned"": true}, {""name"": ""Compatible Machine"", ""value"": ""Dynapac Roller"", ""buyer_requested"": true, ""seller_mentioned"": false}], ""related_categories"": [{""name"": ""Hydraulic Power Pumps"", ""reason"": ""Machine-mounted pumps for rollers are typically hydraulic power components.""}], ""is_buyer_interested"": true, ""most_specific_category"": {""name"": ""Hydraulic Pumps"", ""reason"": ""The product is a pump used in a Dynapac roller, which is standard hydraulic construction equipment.""}}], ""call_back"": ""callback by Tomorrow - To check product availability after receiving photos"", ""next_steps"": {""buyer_next_steps"": [""To share photos of the PMP pump on WhatsApp""], ""seller_next_steps"": [""To verify the pump model from the photos provided""]}, ""buyer_details"": {""buyer_mobile_number"": ""09d7e848febda50941354a1b81758db75a23107e459a523cd5e8a7cfc9c0a58e""}, ""seller_details"": {}, ""minimum_order_quantity"": {}}"
2496461,2513268,1001263,31157,1970-01-01 00:00:00.000,"{""payment"": {}, ""lead_tag"": {""deal_blockers"": [], ""deal_readiness"": ""Warm"", ""deal_readiness_reason"": ""Buyer is requesting a sample for initial testing before committing to a larger order.""}, ""metadata"": {""call_type"": {""type"": ""B2B"", ""reason"": ""The buyer represents a trading company (Royal Traders) looking for product samples, indicating a B2B sourcing intent even though the immediate quantity is small."", ""evidence"": {""keywords"": [""Solvent"", ""Sample"", ""Laboratory Chemical""], ""order_type"": [""sample""], ""buyer_persona"": {""persona_detail"": ""Trading company 'Royal Traders'"", ""persona_category"": ""retailer""}, ""quantity_scale"": ""Low""}}, ""buyer_intent"": {""narrative"": ""Seeking a sample of Isopropyl Alcohol (IPA) for testing purposes from a supplier in Ahmedabad."", ""reasoning"": ""The buyer has clear product knowledge and a specific location, but is currently only at the sampling stage."", ""intent_level"": ""Medium""}, ""call_outcome"": {""category"": ""Follow-up"", ""conclusion_notes"": ""The seller advised the buyer to procure a sample from a laboratory chemical dealer (Sample ke liye laboratory chemical wale ke paas se le lo).""}, ""call_purpose"": ""requirement"", ""all_languages"": [""Gujarati"", ""Hindi"", ""English""], ""primary_language"": ""Gujarati"", ""additional_details"": {""buyer_queries"": [{""query"": ""Do you keep IPA?"", ""category"": ""Availability"", ""sequence"": 1, ""answer_by_seller"": ""Yes, we have it.""}, {""query"": ""What type of IPA do you have?"", ""category"": ""Specifications"", ""sequence"": 6, ""answer_by_seller"": ""It is solvent grade.""}], ""seller_queries"": [{""query"": ""Where are you calling from?"", ""category"": ""Location"", ""sequence"": 2, ""answer_by_buyer"": ""I am calling from Ahmedabad, specifically Chandkheda.""}, {""query"": ""Which company are you from?"", ""category"": ""Other"", ""sequence"": 3, ""answer_by_buyer"": ""Royal Traders.""}, {""query"": ""How much IPA do you need?"", ""category"": ""Quantity"", ""sequence"": 4, ""answer_by_buyer"": ""Currently I need it for a sample.""}]}, ""intended_application"": ""Sample Testing""}, ""products"": [{""in_stock"": ""in stock"", ""product_name"": ""IPA (Isopropyl Alcohol)"", ""specifications"": [{""name"": ""Grade"", ""value"": ""Solvent"", ""buyer_requested"": false, ""seller_mentioned"": true}], ""quantity_required"": {""unit"": ""sample"", ""value"": 1}, ""related_categories"": [{""name"": ""Industrial Solvents"", ""reason"": ""The seller mentions it is a solvent grade chemical.""}, {""name"": ""Chemical Solvent"", ""reason"": ""IPA is widely classified and used as a chemical solvent in commercial applications.""}], ""is_buyer_interested"": true, ""most_specific_category"": {""name"": ""Isopropyl Alcohol IPA"", ""reason"": ""The buyer explicitly asks for 'IPA' and the seller characterizes it as a 'solvent' used in the laboratory and industrial context.""}, ""seller_accepts_quantity"": true}], ""next_steps"": {""buyer_next_steps"": [""To obtain a sample from a laboratory chemical supplier as suggested""], ""seller_next_steps"": [""To provide details for specialized laboratory grade suppliers if required""]}, ""buyer_details"": {""buyer_name"": ""a7641db3c90875365c5d7c925b43dfb5796421ec754f51c97c0e3cc315abbd2a"", ""buyer_location"": {""buyer_city"": ""Ahmedabad"", ""buyer_locality"": ""Chandkheda""}}, ""seller_details"": {""seller_name"": ""3563122f4bc86b2b381bb72c8afc585b88ea9bc9904512c82ca13ea620c5bc4b""}}"
2500259,2517067,28792251,4237,1970-01-01 00:00:00.000,"{""lead_tag"": {""deal_blockers"": [], ""deal_readiness"": ""Warm"", ""deal_readiness_reason"": ""The buyer has clear specifications for a roll of stickers and the seller has confirmed the packing size.""}, ""metadata"": {""call_type"": {""type"": ""B2C"", ""reason"": ""The buyer is asking for only one roll, which is a very low quantity typical of personal use or a small business trial, suggesting a B2C interaction."", ""evidence"": {""order_type"": [""trial"", ""one-time""], ""buyer_persona"": {""persona_category"": ""end_consumer""}, ""quantity_scale"": ""Low""}}, ""buyer_intent"": {""narrative"": ""Wants to purchase one roll of barcode stickers for labeling purposes."", ""reasoning"": ""The buyer has exact size requirements (15x30 mm) but is only asking for a single roll, indicating a small-scale or trial requirement."", ""intent_level"": ""Medium""}, ""call_outcome"": {""category"": ""Follow-up"", ""conclusion_notes"": ""The buyer inquired about the quantity per roll and the seller clarified the standard packing is 3000 or 3500 pieces.""}, ""call_purpose"": ""requirement"", ""all_languages"": [""Hindi"", ""English""], ""primary_language"": ""Hindi"", ""additional_details"": {""buyer_queries"": [{""query"": ""How many pieces are in one roll?"", ""category"": ""Quantity"", ""sequence"": 1, ""answer_by_seller"": ""There are 3000 or 3500 pieces in a single roll packing.""}], ""seller_queries"": [{""query"": ""Which size do you need?"", ""category"": ""Specifications"", ""sequence"": 2, ""answer_by_buyer"": ""I need 15x30 size.""}]}, ""intended_application"": ""Product Labeling""}, ""products"": [{""in_stock"": ""in stock"", ""product_name"": ""Barcode Sticker"", ""specifications"": [{""name"": ""Size"", ""unit"": ""mm"", ""value"": ""15x30"", ""buyer_requested"": true, ""seller_mentioned"": false}, {""name"": ""Quantity per Roll"", ""unit"": ""pcs"", ""value"": ""3000"", ""buyer_requested"": true, ""seller_mentioned"": true}], ""quantity_required"": {""unit"": ""roll"", ""value"": 1}, ""related_categories"": [{""name"": ""Self Adhesive Stickers"", ""reason"": ""Barcode stickers are commonly manufactured as self-adhesive labels for ease of application.""}, {""name"": ""Roll Form Sticker"", ""reason"": ""The product is discussed in terms of 'rolls', which is a standard roll form sticker format.""}], ""is_buyer_interested"": true, ""most_specific_category"": {""name"": ""Barcode Stickers"", ""reason"": ""The buyer specifically requested barcode stickers and specified a size of 15x30 mm, which is typical for small barcode labeling.""}, ""seller_accepts_quantity"": true}], ""next_steps"": {""buyer_next_steps"": [""To confirm if 3000-3500 pieces per roll meet their specific application needs""], ""seller_next_steps"": [""To share the pricing for a single roll of 15x30 mm barcode stickers""]}, ""buyer_details"": {""buyer_name"": ""623f0b5584eb86d9f905e52679a9ce3bca0bd91a950a03e0eaa1b2f8bb3e9908""}, ""seller_details"": {""seller_name"": ""768a238e0667c41c9312d886dd3bf18df4825c6d73b0e096e33ac066a7207c05"", ""seller_location"": {""seller_city"": ""Delhi""}}}"
2500620,2517428,28792251,4237,1970-01-01 00:00:00.000,"{""lead_tag"": {""deal_blockers"": [], ""deal_readiness"": ""Hot"", ""deal_readiness_reason"": ""Buyer is ready to share photos and finalized the price and specs during the call.""}, ""metadata"": {""call_type"": {""type"": ""B2B"", ""reason"": ""The buyer is inquiring about roll-form stickers with specific industrial sizes, indicating B2B intent for packaging or labeling."", ""evidence"": {""keywords"": [""Printed"", ""Roll"", ""15x30 mm""], ""order_type"": [""bulk"", ""commercial""], ""repeat_buyer"": false, ""buyer_persona"": {""persona_category"": ""other""}, ""quantity_scale"": ""High""}}, ""buyer_intent"": {""narrative"": ""Buyer wants 2 rolls of printed stickers of size 15x30 mm for business use."", ""reasoning"": ""The buyer had specific dimensions, quantity, and was ready to exchange contact details for further steps."", ""intent_level"": ""High""}, ""call_outcome"": {""category"": ""Follow-up"", ""conclusion_notes"": ""Buyer will share photos on WhatsApp to proceed (WhatsApp pe photo bhejta hoon).""}, ""call_purpose"": ""requirement"", ""all_languages"": [""Hindi"", ""English""], ""primary_language"": ""Hindi"", ""additional_details"": {""buyer_queries"": [{""query"": ""What will be the rate?"", ""category"": ""Pricing"", ""sequence"": 1, ""answer_by_seller"": ""It will cost 250 rupees per roll.""}, {""query"": ""How many pieces in one roll?"", ""category"": ""Quantity"", ""sequence"": 2, ""answer_by_seller"": ""There will be 3000 pieces in one roll.""}, {""query"": ""Size will be 15x30 mm only, right?"", ""category"": ""Specifications"", ""sequence"": 3, ""answer_by_seller"": ""Yes, absolutely, it will be the same size.""}], ""seller_queries"": [{""query"": ""What is your good name, sir?"", ""category"": ""Other"", ""sequence"": 4, ""answer_by_buyer"": ""Amit.""}]}, ""intended_application"": ""Product Labeling""}, ""products"": [{""price"": {""value"": 250, ""currency"": ""INR"", ""price_unit"": ""roll""}, ""in_stock"": ""in stock"", ""product_name"": ""Printed Stickers"", ""specifications"": [{""name"": ""Type"", ""value"": ""Printed"", ""buyer_requested"": true, ""seller_mentioned"": true}, {""name"": ""Size"", ""unit"": ""mm"", ""value"": ""15x30"", ""buyer_requested"": true, ""seller_mentioned"": true}, {""name"": ""Pieces per Roll"", ""unit"": ""piece"", ""value"": ""3000"", ""buyer_requested"": false, ""seller_mentioned"": true}], ""quantity_required"": {""unit"": ""roll"", ""value"": 2}, ""related_categories"": [{""name"": ""Roll Form Sticker"", ""reason"": ""The product is being discussed in terms of 'rolls'.""}, {""name"": ""Barcode Stickers"", ""reason"": ""Common application for this size and roll format in B2B contexts.""}], ""is_buyer_interested"": true, ""most_specific_category"": {""name"": ""Printed Stickers"", ""reason"": ""The buyer specifically requested 'Printed' stickers and discussed a specific size and quantity in rolls.""}, ""seller_accepts_quantity"": true}], ""next_steps"": {""buyer_next_steps"": [""To share reference photo of the sticker on WhatsApp""], ""seller_next_steps"": [""To check the reference photo and confirm the order details""]}, ""buyer_details"": {""buyer_name"": ""623f0b5584eb86d9f905e52679a9ce3bca0bd91a950a03e0eaa1b2f8bb3e9908""}, ""seller_details"": {""seller_name"": ""05d08de271d2773a504b3a30f98df26cccda55689a8dc3514f55d3f247553d2b""}}"
2822742,2839563,8436657,4167,1970-01-01 00:00:00.000,"{""callback"": ""callback by Today - To send catalog on WhatsApp (Abhi main whatsapp pe bhej raha hoon)"", ""lead_tag"": {""deal_blockers"": [], ""deal_readiness"": ""Hot"", ""deal_readiness_reason"": ""Buyer has clear bulk requirement for one container and is ready to review prices immediately.""}, ""metadata"": {""call_type"": {""type"": ""B2B"", ""reason"": ""Buyer requested a full container load for commercial distribution in Gujarat, indicating a B2B transaction."", ""evidence"": {""keywords"": [""One container"", ""Gujarat delivery""], ""order_type"": [""bulk"", ""commercial""], ""quantity_scale"": ""High""}}, ""buyer_intent"": {""narrative"": ""Wants to buy one container of baby diapers for use in Gujarat."", ""reasoning"": ""Buyer specified a high-volume quantity (one container) and a specific destination (Gujarat), showing serious commercial intent."", ""intent_level"": ""High""}, ""call_outcome"": {""category"": ""Follow-up"", ""conclusion_notes"": ""Seller will share details on WhatsApp (Main bhej raha hoon aapko whatsapp pe details)""}, ""call_purpose"": ""requirement"", ""all_languages"": [""Hindi"", ""English""], ""primary_language"": ""Hindi"", ""additional_details"": {""buyer_queries"": [{""query"": ""I needed baby diapers, about one container."", ""category"": ""Availability"", ""sequence"": 1}], ""seller_queries"": [{""query"": ""Where are you calling from?"", ""category"": ""Location"", ""sequence"": 2}]}, ""intended_application"": ""Commercial Distribution""}, ""products"": [{""in_stock"": ""in stock"", ""product_name"": ""Baby Diapers"", ""specifications"": [], ""quantity_required"": {""unit"": ""container"", ""value"": 1}, ""related_categories"": [{""name"": ""Disposable Baby Diapers"", ""reason"": ""Baby diapers for one container requirement are standard disposable types.""}, {""name"": ""Kids Diaper"", ""reason"": ""Baby diapers belong to the broader kids category.""}], ""is_buyer_interested"": true, ""most_specific_category"": {""name"": ""Baby Diapers"", ""reason"": ""The buyer explicitly asked for baby diapers in the call.""}, ""seller_accepts_quantity"": true}], ""next_steps"": {""buyer_next_steps"": [""To check price list on WhatsApp""], ""seller_next_steps"": [""To share product catalog and price list on WhatsApp""]}, ""buyer_details"": {""buyer_name"": ""2a0db316ae871ce409f7b4b4479447a36584b7c217717cb2802035afd258ed56"", ""buyer_mobile_number"": ""a04539987293f068c6bdf308d2808a5b61b6dd03b172965d098e6363aa1cd4b7""}, ""seller_details"": {""seller_name"": ""602d3d0ab5e96a205221e5a0ea2e85b4d8aee8562a064533e95591f94d2df19e"", ""seller_location"": {""seller_city"": ""New Delhi""}}}"
3329778,3346608,28792251,4237,1970-01-01 00:00:00.000,"{""payment"": {}, ""callback"": ""callback by Today 2:15 PM - For photo (Abhi WhatsApp kariye)"", ""lead_tag"": {""deal_blockers"": [], ""deal_readiness"": ""Warm"", ""deal_readiness_reason"": ""Buyer is ready to share photos and roll numbers to proceed with the inquiry.""}, ""metadata"": {""call_type"": {""type"": ""B2B"", ""reason"": ""The buyer is inquiring about a high quantity of 700 rolls of barcode stickers, which is typical for commercial or industrial labeling needs."", ""evidence"": {""keywords"": [""Barcode Stickers"", ""Bulk Quantity"", ""Roll Number""], ""order_type"": [""bulk"", ""commercial""], ""repeat_buyer"": false, ""buyer_persona"": {""persona_category"": ""other""}, ""quantity_scale"": ""High""}}, ""buyer_intent"": {""narrative"": ""Wants 700 rolls of 48mm x 18mm barcode sticker labels."", ""reasoning"": ""Buyer provided specific dimensions and a clear bulk quantity requirement."", ""intent_level"": ""High""}, ""call_outcome"": {""category"": ""Follow-up"", ""conclusion_notes"": ""Buyer will send product photos on WhatsApp for further discussion (Abhi WhatsApp kar raha hoon).""}, ""call_purpose"": ""requirement"", ""all_languages"": [""Hindi"", ""English""], ""primary_language"": ""Hindi"", ""additional_details"": {""buyer_queries"": [{""query"": ""What is the roll number?"", ""category"": ""Specifications"", ""sequence"": 3}], ""seller_queries"": [{""query"": ""What is the quantity?"", ""category"": ""Quantity"", ""sequence"": 1, ""answer_by_buyer"": ""700 rolls""}, {""query"": ""What is the sticker size?"", ""category"": ""Specifications"", ""sequence"": 2, ""answer_by_buyer"": ""48mm by 18mm""}, {""query"": ""Can you send a photo on WhatsApp?"", ""category"": ""Specifications"", ""sequence"": 4}]}, ""intended_application"": ""Commercial Labeling""}, ""products"": [{""price"": {}, ""in_stock"": ""in stock"", ""product_name"": ""Barcode Sticker Labels"", ""specifications"": [{""name"": ""Width"", ""unit"": ""mm"", ""value"": ""48"", ""buyer_requested"": false, ""seller_mentioned"": false}, {""name"": ""Height"", ""unit"": ""mm"", ""value"": ""18"", ""buyer_requested"": false, ""seller_mentioned"": false}, {""name"": ""Roll Number"", ""value"": ""2435"", ""buyer_requested"": true, ""seller_mentioned"": false}], ""quantity_required"": {""unit"": ""rolls"", ""value"": 700}, ""related_categories"": [{""name"": ""Roll Labels"", ""reason"": ""The product is requested in roll form.""}, {""name"": ""Self Adhesive Labels"", ""reason"": ""Barcode stickers are typically self-adhesive.""}], ""is_buyer_interested"": true, ""most_specific_category"": {""name"": ""Barcode Stickers"", ""reason"": ""The buyer specifically asked for barcode sticker labels.""}, ""seller_accepts_quantity"": true}], ""next_steps"": {""buyer_next_steps"": [""To share product photos on WhatsApp"", ""To provide the roll number 2435""], ""seller_next_steps"": [""To check requirements after receiving WhatsApp photos""]}, ""buyer_details"": {""buyer_name"": ""d51ae77904d69eb36a3a1c774def03c1a79c1dbc489641597120308fe9fb25e9""}, ""seller_details"": {""seller_name"": ""768a238e0667c41c9312d886dd3bf18df4825c6d73b0e096e33ac066a7207c05""}}"
3330637,3347467,28792251,4237,1970-01-01 00:00:00.000,"{""payment"": {}, ""callback"": ""callback by Tomorrow - To share the price details"", ""lead_tag"": {""deal_blockers"": [], ""deal_readiness"": ""Warm"", ""deal_readiness_reason"": ""Buyer is seeking a specific quantity for resale and has shared contact details for a price quote.""}, ""metadata"": {""call_type"": {""type"": ""B2B"", ""reason"": ""The buyer explicitly mentioned purchasing for resale and requested a bulk quantity of 300 units, which is typical for a B2B transaction."", ""evidence"": {""keywords"": [""Resale"", ""Wax Ribbon Premium"", ""Suntech Premium""], ""order_type"": [""bulk"", ""commercial""], ""repeat_buyer"": true, ""buyer_persona"": {""persona_category"": ""retailer""}, ""quantity_scale"": ""High""}}, ""buyer_intent"": {""narrative"": ""Wants to purchase 300 pieces of Wax Ribbon Premium (55mm x 100m) for resale purposes."", ""reasoning"": ""The buyer specified the exact product model, dimensions, and quantity for resale, indicating high intent."", ""intent_level"": ""High""}, ""call_outcome"": {""category"": ""Follow-up"", ""conclusion_notes"": ""Seller will provide pricing details and the buyer will send firm details (Price deta hoon... Firm ki detail bhej dunga).""}, ""call_purpose"": ""requirement"", ""all_languages"": [""Hindi"", ""English""], ""primary_language"": ""Hindi"", ""additional_details"": {""buyer_queries"": [{""query"": ""Do you deal in wax ribbons?"", ""category"": ""Availability"", ""sequence"": 1}, {""query"": ""What is the price for the wax ribbons?"", ""category"": ""Pricing"", ""sequence"": 3, ""answer_by_seller"": ""I will provide the prices.""}], ""seller_queries"": [{""query"": ""What is your contact number?"", ""category"": ""Other"", ""sequence"": 2, ""answer_by_buyer"": ""7017734225""}]}, ""intended_application"": ""Retail Resale""}, ""products"": [{""price"": {""negotiation_notes"": ""Buyer emphasized the purchase is for resale, implying a need for competitive pricing.""}, ""in_stock"": ""in stock"", ""product_name"": ""Suntech Premium Wax Resin Ribbon"", ""specifications"": [{""name"": ""Type"", ""value"": ""Wax Resin Premium"", ""buyer_requested"": true, ""seller_mentioned"": true}, {""name"": ""Width"", ""unit"": ""mm"", ""value"": ""55"", ""buyer_requested"": true, ""seller_mentioned"": true}, {""name"": ""Length"", ""unit"": ""meter"", ""value"": ""100"", ""buyer_requested"": true, ""seller_mentioned"": true}, {""name"": ""Brand"", ""value"": ""Suntech"", ""buyer_requested"": true, ""seller_mentioned"": false}], ""quantity_required"": {""unit"": ""pieces"", ""value"": 300}, ""related_categories"": [{""name"": ""Barcode"", ""reason"": ""Wax ribbons are a primary consumable used in barcode printing.""}], ""is_buyer_interested"": true, ""most_specific_category"": {""name"": ""Wax Ribbon"", ""reason"": ""The buyer explicitly asked for 'Wax Ribbon Premium' for barcode printing applications.""}, ""seller_accepts_quantity"": true}], ""next_steps"": {""buyer_next_steps"": [""To send the firm's details to the seller""], ""seller_next_steps"": [""To share the pricing for the 55mm x 100m wax ribbon""]}, ""buyer_details"": {""buyer_name"": ""d51ae77904d69eb36a3a1c774def03c1a79c1dbc489641597120308fe9fb25e9"", ""buyer_mobile_number"": ""62ef50e7fdeea5627be3679a7afd9ad933ee54061d00d1b4559eb46abb93e761""}, ""seller_details"": {""seller_name"": ""768a238e0667c41c9312d886dd3bf18df4825c6d73b0e096e33ac066a7207c05""}}"
1698942,1715715,8436657,4167,1970-01-01 00:00:00.000,"{""lead_tag"": {""deal_blockers"": [], ""deal_readiness"": ""Warm"", ""deal_readiness_reason"": ""Buyer is serious about white labeling and has requested a price list and samples to proceed.""}, ""metadata"": {""call_type"": {""type"": ""B2B"", ""reason"": ""The buyer is looking for third-party manufacturing/white labeling for their brand with a minimum order quantity of 25,000 pieces."", ""evidence"": {""keywords"": [""White labeling"", ""Manufacturing"", ""Price list""], ""order_type"": {""order_type_category"": ""bulk""}, ""repeat_buyer"": true, ""buyer_persona"": {""persona_detail"": ""Brand Owner"", ""persona_category"": ""other""}, ""quantity_scale"": ""High""}}, ""buyer_intent"": {""narrative"": ""Wants to manufacture baby and adult diapers under their own brand (white labeling) from Mumbai."", ""reasoning"": ""Buyer has specific manufacturing requirements like white labeling and requested detailed price lists and samples."", ""intent_level"": ""High""}, ""call_outcome"": {""category"": ""Pending"", ""conclusion_notes"": ""Awaiting catalog and price list on WhatsApp to check rates and request samples.""}, ""call_purpose"": ""requirement"", ""all_languages"": [""Hindi"", ""English""], ""primary_language"": ""Hindi"", ""additional_details"": {""buyer_queries"": [{""query"": ""What is the per piece rate for different packaging sizes like 1, 2, or 10 pieces?"", ""category"": ""Pricing"", ""sequence"": 1}], ""seller_queries"": []}}, ""products"": [{""product_name"": ""Baby Diaper (Pants)"", ""specifications"": [{""name"": ""Grade"", ""value"": ""A"", ""buyer_requested"": false, ""seller_mentioned"": true}, {""name"": ""White Labeling"", ""value"": ""Available"", ""buyer_requested"": true, ""seller_mentioned"": true}], ""related_categories"": [{""name"": ""Baby Diapers"", ""reason"": ""Generic category for all baby diaper variants discussed.""}, {""name"": ""Diaper Third Party Manufacturing"", ""reason"": ""Buyer explicitly asked for 'white labeling' and 'brand manufacturing'.""}], ""is_buyer_interested"": true, ""minimum_order_quantity"": {""unit"": ""pieces"", ""value"": 25000}, ""most_specific_category"": {""name"": ""Baby Diaper Pants"", ""reason"": ""The call mentions 37-pair baby diapers and diaper pants with various packing sizes (1, 2, 5, 10, up to 75 pieces).""}, ""seller_accepts_quantity"": true}, {""product_name"": ""Adult Diapers"", ""specifications"": [{""name"": ""Service"", ""value"": ""White Labeling"", ""buyer_requested"": true, ""seller_mentioned"": true}], ""related_categories"": [{""name"": ""Diaper Third Party Manufacturing"", ""reason"": ""Requirement is for private label/manufacturing.""}], ""is_buyer_interested"": true, ""most_specific_category"": {""name"": ""Adult Diapers"", ""reason"": ""The buyer explicitly mentions adult diapers as a requirement for white labeling.""}}], ""next_steps"": {""buyer_next_steps"": [""To review the price list and catalog on WhatsApp"", ""To request and check samples""], ""seller_next_steps"": [""To share the price list and catalog on WhatsApp"", ""To provide product quality details""]}, ""buyer_details"": {""buyer_location"": {""buyer_city"": ""Mumbai""}}, ""seller_details"": {}}"
1103047,1116904,28792251,4237,1970-01-01 00:00:00.000,"{""payment"": {}, ""lead_tag"": {""deal_blockers"": [], ""deal_readiness"": ""Warm"", ""deal_readiness_reason"": ""The buyer has a specific material requirement (Polyester) and has moved to WhatsApp to share specs.""}, ""metadata"": {""call_type"": {""type"": ""B2B"", ""reason"": ""The buyer's requirement for FSSAI stickers in roll form with specific material (Polyester) strongly suggests a commercial or manufacturing business use."", ""evidence"": {""keywords"": [""FSSAI Stickers"", ""Polyester material"", ""Roll stickers""], ""order_type"": ""Bulk/Commercial"", ""repeat_buyer"": true, ""buyer_persona"": ""Manufacturer or Food Processor"", ""quantity_scale"": ""High""}}, ""buyer_intent"": {""narrative"": ""Wants Polyester FSSAI stickers in roll form for food products."", ""reasoning"": ""The buyer knew specific material requirements (Polyester instead of paper) and immediately asked for the seller's WhatsApp to send details."", ""intent_level"": ""High""}, ""call_purpose"": ""requirement"", ""all_languages"": [""Hindi"", ""English""], ""buyer_conclusion"": {""category"": ""Pending"", ""conclusion_notes"": ""Details move to WhatsApp for sizing and price finalization.""}, ""primary_language"": ""Hindi"", ""additional_details"": {""buyer_queries"": [{""query"": ""Do you work with roll stickers?"", ""category"": ""Service Scope"", ""sequence"": 1}, {""query"": ""I need FSSAI stickers for fruits and vegetables, do you have those?"", ""category"": ""Product Availability"", ""sequence"": 2}, {""query"": ""I need them in Polyester material, not paper. Is that possible?"", ""category"": ""Technical Specs"", ""sequence"": 3}], ""seller_queries"": [{""query"": ""What size do you need?"", ""category"": ""Specs"", ""sequence"": 4}, {""query"": ""How much quantity do you need?"", ""category"": ""Quantity"", ""sequence"": 5}]}, ""intended_application"": ""Food Packaging Compliance""}, ""products"": [{""in_stock"": ""in stock"", ""specifications"": [{""name"": ""Type"", ""value"": ""FSSAI stickers"", ""buyer_requested"": true, ""seller_mentioned"": false}, {""name"": ""Form"", ""value"": ""Roll"", ""buyer_requested"": true, ""seller_mentioned"": false}, {""name"": ""Material"", ""value"": ""Polyester"", ""buyer_requested"": true, ""seller_mentioned"": true}], ""related_categories"": [{""name"": ""Roll Form Sticker"", ""reason"": ""The buyer specifically requested for stickers in roll form.""}, {""name"": ""Label Sticker"", ""reason"": ""These are adhesive labels used for branding and information on products.""}, {""name"": ""Self Adhesive Stickers"", ""reason"": ""FSSAI stickers are typically self-adhesive for easy application onto food packaging.""}], ""is_buyer_interested"": true, ""most_specific_category"": {""name"": ""Printed Stickers"", ""reason"": ""The buyer specifically asked for FSSAI stickers which are a type of printed labels used for food compliance information.""}}], ""call_back"": """", ""next_steps"": {""buyer_next_steps"": [""To share size and quantity on WhatsApp""], ""seller_next_steps"": [""To share rates once size and quantity are received""]}, ""buyer_details"": {""buyer_name"": ""50bf4c9269f1f982e9310ad430723e1f90018cffab77dab4b960af5e0bb692cf""}, ""seller_details"": {""seller_name"": ""a347158a813a1d5c382cc6a582854206daaccd9e0242dd16afb2f5e27d748807""}, ""minimum_order_quantity"": {}}"
2818173,2834994,8436657,4167,1970-01-01 00:00:00.000,"{""callback"": ""callback by Tomorrow 1 PM - Follow up on bulk order (Kal 1 baje call karta hoon)"", ""lead_tag"": {""deal_blockers"": [{""detail"": ""Total requirement is below 25,000 pieces"", ""category"": ""MOQ""}], ""deal_readiness"": ""Cold"", ""deal_readiness_reason"": ""Requirement is substantially below the minimum quantity of 25,000 pieces.""}, ""metadata"": {""call_type"": {""type"": ""B2B"", ""reason"": ""The seller strictly maintains high industrial volumes (25,000 pcs) implying a B2B supply model."", ""evidence"": {""keywords"": [""Wholesale"", ""Bulk Quantity""], ""order_type"": [""bulk"", ""commercial""], ""repeat_buyer"": false, ""quantity_scale"": ""High""}}, ""buyer_intent"": {""narrative"": ""Wants a small trial quantity of diapers before potentially moving to bulk."", ""reasoning"": ""Knows specific sizes (Large, Newborn) and counts but does not meet the seller's high bulk requirement."", ""intent_level"": ""Medium""}, ""call_outcome"": {""category"": ""Lost"", ""conclusion_notes"": ""Order volume too small to meet seller MOQ (Quantity kam hai isliye deal nahi hogi)""}, ""call_purpose"": ""requirement"", ""all_languages"": [""Hindi"", ""English""], ""primary_language"": ""Hindi"", ""additional_details"": {""buyer_queries"": [{""query"": ""How is the loose diaper packing done?"", ""category"": ""Specifications"", ""sequence"": 1, ""answer_by_seller"": ""Loose packing consists of a transparent pouch with a handle, where each packet contains 75 pieces.""}, {""query"": ""What is the minimum quantity?"", ""category"": ""Quantity"", ""sequence"": 2, ""answer_by_seller"": ""The minimum order quantity is 25,000 pieces.""}], ""seller_queries"": [{""query"": ""How many packets do you need?"", ""category"": ""Quantity"", ""sequence"": 3, ""answer_by_buyer"": ""I need 5 packets of large size and 10 packets of newborn size.""}]}}, ""products"": [{""in_stock"": ""in stock"", ""product_name"": ""Loose Diaper"", ""specifications"": [{""name"": ""Packaging Type"", ""value"": ""Transparent pouch with handle"", ""buyer_requested"": false, ""seller_mentioned"": true}, {""name"": ""Pieces per Packet"", ""value"": ""75"", ""buyer_requested"": false, ""seller_mentioned"": true}, {""name"": ""Size"", ""value"": ""Large"", ""buyer_requested"": true, ""seller_mentioned"": true}, {""name"": ""Size"", ""value"": ""Newborn"", ""buyer_requested"": true, ""seller_mentioned"": true}], ""quantity_required"": {""unit"": ""packets"", ""value"": 15}, ""related_categories"": [{""name"": ""Baby Diapers"", ""reason"": ""Diapers specifically mentioned in various nursery sizes like Newborn.""}], ""is_buyer_interested"": true, ""minimum_order_quantity"": {""unit"": ""pieces"", ""value"": 25000}, ""most_specific_category"": {""name"": ""Diaper"", ""reason"": ""The discussion centers on loose and packed diapers in different sizes.""}, ""seller_accepts_quantity"": false}], ""next_steps"": {""buyer_next_steps"": [], ""seller_next_steps"": []}, ""buyer_details"": {""buyer_name"": ""3b9e1fda151d50465d37b45edbcc5e36d9a368802285503a9fee5f4df786b9ec""}, ""seller_details"": {""seller_name"": ""602d3d0ab5e96a205221e5a0ea2e85b4d8aee8562a064533e95591f94d2df19e""}}"
1715624,1732401,8436657,4167,1970-01-01 00:00:00.000,"{""lead_tag"": {""deal_blockers"": [], ""deal_readiness"": ""Warm"", ""deal_readiness_reason"": ""Searching for pricing and has moved to WhatsApp for catalog or further details.""}, ""metadata"": {""call_type"": {""type"": ""B2B"", ""reason"": ""The inquiry about loose diaper packets and size ranges across a category often indicates interest for commercial resale or stocking, typical of B2B inquiries."", ""evidence"": {""order_type"": {""order_type_category"": ""commercial""}, ""buyer_persona"": {""persona_category"": ""retailer""}}}, ""buyer_intent"": {""narrative"": ""Wanted to know the pricing and available sizes for diapers."", ""reasoning"": ""The buyer proactively reached out via IndiaMART and requested specific price details, then agreed to continue on WhatsApp."", ""intent_level"": ""Medium""}, ""call_outcome"": {""category"": ""Follow-up"", ""conclusion_notes"": ""Moved the conversation to WhatsApp for further details (WhatsApp pe message karta hoon).""}, ""call_purpose"": ""requirement"", ""all_languages"": [""Hindi"", ""English""], ""primary_language"": ""Hindi"", ""additional_details"": {""buyer_queries"": [], ""seller_queries"": []}}, ""products"": [{""price"": {""value"": 140, ""price_unit"": ""packet""}, ""product_name"": ""Loose Diaper"", ""specifications"": [{""name"": ""Size"", ""value"": ""NB to Large"", ""buyer_requested"": false, ""seller_mentioned"": true}, {""name"": ""Packaging Type"", ""value"": ""Loose"", ""buyer_requested"": false, ""seller_mentioned"": true}], ""related_categories"": [{""name"": ""Baby Diapers"", ""reason"": ""The range of sizes from NB (New Born) to Large is typical for infant/baby diaper products.""}], ""is_buyer_interested"": true, ""most_specific_category"": {""name"": ""Diaper"", ""reason"": ""The seller explicitly mentions supplying 'diaper' in loose packaging with sizes ranging from NB to Large.""}}], ""next_steps"": {""buyer_next_steps"": [""To check the product details on WhatsApp""], ""seller_next_steps"": [""To send product details or message on the provided WhatsApp number""]}, ""buyer_details"": {""buyer_name"": ""429590ad5e0c7b7fec022b536dd67bb4727f951b843eb5ea4fc34ded5b2ab8b5""}, ""seller_details"": {}}"
1450314,1467083,8436657,4167,1970-01-01 00:00:00.000,"{""callback"": ""callback by Tomorrow - To share Patna branch number and contact details (WhatsApp pe Patna ka number daal deta hoon, contact kar lijiyega)"", ""lead_tag"": {""deal_blockers"": [], ""deal_readiness"": ""Warm"", ""deal_readiness_reason"": ""Buyer is actively looking for specific packaging but is open to loose diaper options pending branch details.""}, ""metadata"": {""call_type"": {""type"": ""B2B"", ""reason"": ""The buyer is inquiring about bulk packaging and loose stock for resale, focusing on per packet pricing and branch locations."", ""evidence"": {""keywords"": [""Loose Diaper"", ""Packing Diaper"", ""Patna Branch""], ""order_type"": {""order_type_category"": ""commercial""}, ""buyer_persona"": {""persona_category"": ""retailer""}, ""quantity_scale"": ""High""}}, ""buyer_intent"": {""narrative"": ""Buyer is looking for diapers (loose or packed) for Bihar location and inquired about pricing and branch details."", ""reasoning"": ""Buyer specifically asked about variants (loose vs packed), size ranges (Small to Large), and quantity-based pricing."", ""intent_level"": ""High""}, ""call_outcome"": {""category"": ""Follow-up"", ""conclusion_notes"": ""Seller will share Patna branch number on WhatsApp for further discussion (WhatsApp pe Patna ka number daal deta hoon).""}, ""call_purpose"": ""requirement"", ""all_languages"": [""Hindi"", ""English""], ""primary_language"": ""Hindi"", ""additional_details"": {""buyer_queries"": [{""query"": ""Is packing diaper available or only loose diaper?"", ""category"": ""Specifications"", ""sequence"": 1}, {""query"": ""Where can I get the stock from?"", ""category"": ""Delivery"", ""sequence"": 4}], ""seller_queries"": [{""query"": ""Do you have your own brand for packaging?"", ""category"": ""Specifications"", ""sequence"": 2}, {""query"": ""From where are you calling?"", ""category"": ""Delivery"", ""sequence"": 3}]}, ""intended_application"": ""Retail Resale""}, ""products"": [{""price"": {""value"": 340, ""currency"": ""INR"", ""price_unit"": ""packet""}, ""in_stock"": ""in stock"", ""product_name"": ""Loose Diaper"", ""specifications"": [{""name"": ""Size"", ""value"": ""Small to Large"", ""buyer_requested"": true, ""seller_mentioned"": true}, {""name"": ""Quantity per Packet"", ""unit"": ""pieces"", ""value"": ""75"", ""buyer_requested"": false, ""seller_mentioned"": true}, {""name"": ""Type"", ""value"": ""Loose"", ""buyer_requested"": true, ""seller_mentioned"": true}], ""related_categories"": [{""name"": ""Baby Diapers"", ""reason"": ""Standard sizes Small to Large mentioned are typical for baby diapers.""}], ""is_buyer_interested"": true, ""most_specific_category"": {""name"": ""Diaper"", ""reason"": ""The conversation is centered around various forms of diapers, including loose and potentially packed ones.""}}], ""next_steps"": {""buyer_next_steps"": [""To contact the Patna branch once the number is shared.""], ""seller_next_steps"": [""To share Patna branch contact number on WhatsApp.""]}, ""buyer_details"": {""buyer_name"": ""e20383708e67d5f9bf1c03944bf191d1d5bee069e05d9dff453cbfdbcb37de02""}, ""seller_details"": {""seller_name"": ""602d3d0ab5e96a205221e5a0ea2e85b4d8aee8562a064533e95591f94d2df19e""}}"
1450579,1467348,11150611,17058,1970-01-01 00:00:00.000,"{""payment"": {""payment_details"": ""Price and samples being shared on WhatsApp for negotiation.""}, ""lead_tag"": {""deal_blockers"": [], ""deal_readiness"": ""Hot"", ""deal_readiness_reason"": ""Buyer has a specific high-volume requirement of 2500 pieces and is ready to visit for finalization.""}, ""metadata"": {""call_type"": {""type"": ""B2B"", ""reason"": ""The buyer is ordering a large quantity for a shop and mentioned the order could increase, indicating B2B commercial intent."", ""evidence"": {""keywords"": [""2500 pieces"", ""Quantity"", ""Visit factory""], ""order_type"": {""order_type_category"": ""bulk""}, ""repeat_buyer"": true, ""buyer_persona"": {""persona_detail"": ""Shop Keeper"", ""persona_category"": ""retailer""}, ""quantity_scale"": ""High""}}, ""buyer_intent"": {""narrative"": ""Wants to purchase 2500 pieces of leather keychains for his shop and is open to increasing the order size."", ""reasoning"": ""The buyer specified a high quantity (2500 units), confirmed his location, and expressed interest in visiting the seller's facility."", ""intent_level"": ""High""}, ""call_outcome"": {""category"": ""Pending"", ""conclusion_notes"": ""Seller shared details on WhatsApp; buyer will review samples and rates before visiting (WhatsApp par details bhej di hain, check karke visit karega)""}, ""call_purpose"": ""requirement"", ""all_languages"": [""Hindi""], ""primary_language"": ""Hindi"", ""additional_details"": {""buyer_queries"": [{""query"": ""What is the price for 2500 pieces?"", ""category"": ""Pricing"", ""sequence"": 1}], ""seller_queries"": []}, ""intended_application"": ""Retail Resale""}, ""products"": [{""product_name"": ""Leather Keychain"", ""specifications"": [{""name"": ""Material"", ""value"": ""Leather"", ""buyer_requested"": false, ""seller_mentioned"": true}], ""quantity_required"": {""unit"": ""pieces"", ""value"": 2500}, ""related_categories"": [{""name"": ""Keychains"", ""reason"": ""Keychains is the parent category for all keychain types.""}, {""name"": ""Logo Keychain"", ""reason"": ""Leather keychains are often used for branding and logos.""}], ""is_buyer_interested"": true, ""most_specific_category"": {""name"": ""Leather Keychain"", ""reason"": ""The buyer specifically inquiry about leather keychains in quantity.""}, ""seller_accepts_quantity"": true}], ""next_steps"": {""buyer_next_steps"": [""To check samples and rates shared on WhatsApp"", ""To visit the seller's location in Yeola""], ""seller_next_steps"": [""To share samples and product rates on WhatsApp""]}, ""buyer_details"": {""buyer_name"": ""837f8527e1a520cf88f414980e8e0dddb02e3672d8fca2aa3f79eca8fc20a764"", ""buyer_location"": {""buyer_city"": ""Nashik""}}, ""seller_details"": {""seller_name"": ""2415f50d4aa44c1aeefdee019793fce717601a184ab1f140c0af1a03c2e4b8ac"", ""seller_location"": {""seller_city"": ""Nashik"", ""seller_locality"": ""Yeola""}}}"
3036391,3053214,8436657,4167,1970-01-01 00:00:00.000,"{""callback"": ""callback by Today 2:30 PM - To check stock status (2:30 baje call karta hoon)"", ""lead_tag"": {""deal_blockers"": [], ""deal_readiness"": ""Warm"", ""deal_readiness_reason"": ""Buyer has a specific bulk requirement but availability of large sizes is currently unconfirmed.""}, ""metadata"": {""call_type"": {""type"": ""B2B"", ""reason"": ""The buyer is inquiring about bulk quantities (300 pieces total) of adult diapers, which suggests commercial or semi-wholesale intent."", ""evidence"": {""order_type"": [""bulk"", ""commercial""], ""repeat_buyer"": false, ""quantity_scale"": ""High""}}, ""buyer_intent"": {""narrative"": ""Wants 100 pieces each of L, XL, and XXL adult diapers."", ""reasoning"": ""Buyer specifies large quantities (100 pcs per size) and precise size requirements (L, XL, XXL)."", ""intent_level"": ""High""}, ""call_outcome"": {""category"": ""Follow-up"", ""conclusion_notes"": ""Seller will call back at 2:30 PM after checking stock for XL and XXL sizes (XL aur XXL ka check karke 2:30 baje call karta hoon).""}, ""call_purpose"": ""requirement"", ""all_languages"": [""Hindi"", ""English""], ""primary_language"": ""Hindi"", ""additional_details"": {""buyer_queries"": [{""query"": ""Do you have L, XL, and XXL sizes available?"", ""category"": ""Availability"", ""sequence"": 1, ""answer_by_seller"": ""Yes, we have 40 pieces available in size L. For XL and XXL, I need to check the inventory and will call you back at 2:30 PM.""}, {""query"": ""What is the price per piece for these diapers?"", ""category"": ""Pricing"", ""sequence"": 2}], ""seller_queries"": [{""query"": ""How much quantity do you require?"", ""category"": ""Quantity"", ""sequence"": 3, ""answer_by_buyer"": ""I am looking for 100 pieces per size.""}]}}, ""products"": [{""in_stock"": ""in stock"", ""product_name"": ""Adult Diapers"", ""specifications"": [{""name"": ""Size"", ""value"": ""L"", ""buyer_requested"": false, ""seller_mentioned"": true}, {""name"": ""Target User"", ""value"": ""Adult"", ""buyer_requested"": true, ""seller_mentioned"": false}], ""quantity_required"": {""unit"": ""pieces"", ""value"": 100}, ""related_categories"": [{""name"": ""Disposable Diaper"", ""reason"": ""Adult diapers are typically disposable products.""}, {""name"": ""Pull Up Diaper"", ""reason"": ""Many adult diapers are designed as pull-up styles.""}], ""is_buyer_interested"": true, ""most_specific_category"": {""name"": ""Adult Diapers"", ""reason"": ""The product is explicitly identified as adult diapers in the conversation.""}, ""seller_accepts_quantity"": true}, {""in_stock"": ""in stock"", ""product_name"": ""Adult Diapers"", ""specifications"": [{""name"": ""Size"", ""value"": ""XL"", ""buyer_requested"": true, ""seller_mentioned"": true}, {""name"": ""Target User"", ""value"": ""Adult"", ""buyer_requested"": true, ""seller_mentioned"": false}], ""quantity_required"": {""unit"": ""pieces"", ""value"": 100}, ""related_categories"": [{""name"": ""Disposable Diaper"", ""reason"": ""Relevant category for absorbent adult hygiene products.""}], ""is_buyer_interested"": true, ""most_specific_category"": {""name"": ""Adult Diapers"", ""reason"": ""Requirement mentioned for adult diapers in size XL.""}, ""seller_accepts_quantity"": true}, {""in_stock"": ""in stock"", ""product_name"": ""Adult Diapers"", ""specifications"": [{""name"": ""Size"", ""value"": ""XXL"", ""buyer_requested"": true, ""seller_mentioned"": true}, {""name"": ""Target User"", ""value"": ""Adult"", ""buyer_requested"": true, ""seller_mentioned"": false}], ""quantity_required"": {""unit"": ""pieces"", ""value"": 100}, ""related_categories"": [{""name"": ""Disposable Diaper"", ""reason"": ""Related hygiene category.""}], ""is_buyer_interested"": true, ""most_specific_category"": {""name"": ""Adult Diapers"", ""reason"": ""Requirement mentioned for adult diapers in size XXL.""}, ""seller_accepts_quantity"": true}], ""next_steps"": {""buyer_next_steps"": [""To wait for the seller's callback at 2:30 PM.""], ""seller_next_steps"": [""To check inventory status for XL and XXL sizes."", ""To call the buyer back at 2:30 PM with availability and pricing details.""]}, ""buyer_details"": {""buyer_name"": ""180d803a580fabe1a24ddfdf6bf51ecbea0eb81f256b69ee6b39b33d294f6ebf"", ""buyer_mobile_number"": ""b64920e9991868e093adad43643bf79b8627f7a44414f76ae9a36eba4f365e81""}, ""seller_details"": {""seller_name"": ""602d3d0ab5e96a205221e5a0ea2e85b4d8aee8562a064533e95591f94d2df19e""}}"
3036422,3053246,8436657,4167,1970-01-01 00:00:00.000,"{""callback"": ""callback by Today - To discuss pricing (Isme aawaz clear nahi aa rahi hai, dusre number pe call karta hoon)"", ""lead_tag"": {""deal_blockers"": [{""detail"": ""Poor call quality interrupted the technical discussion"", ""category"": ""Other""}], ""deal_readiness"": ""Warm"", ""deal_readiness_reason"": ""Buyer specifically asked for pricing across sizes and initiated a call back to continue discussion.""}, ""metadata"": {""call_type"": {""type"": ""B2B"", ""reason"": ""Buyer is inquiring about rates for different sizes of diapers from a business entity, characteristic of a B2B inquiry."", ""evidence"": {""keywords"": [""Diaper Pricing"", ""Small Medium Large""], ""order_type"": [""other""]}}, ""buyer_intent"": {""narrative"": ""Wants to know the pricing for small, medium, and large size diapers for potential purchase."", ""reasoning"": ""The buyer specifically asked for rates of different sizes, showing clear intent to compare or buy."", ""intent_level"": ""Medium""}, ""call_outcome"": {""category"": ""Follow-up"", ""conclusion_notes"": ""Moving the conversation to another phone due to poor network (Aawaz clear nahi aa rahi hai, call karta hoon)""}, ""call_purpose"": ""requirement"", ""all_languages"": [""Hindi"", ""English""], ""primary_language"": ""Hindi"", ""additional_details"": {""buyer_queries"": [{""query"": ""What is the rate for small, medium, and large size diapers?"", ""category"": ""Pricing"", ""sequence"": 1}], ""seller_queries"": [{""query"": ""What is your contact number?"", ""category"": ""Other"", ""sequence"": 2}]}}, ""products"": [{""in_stock"": ""in stock"", ""product_name"": ""Diaper"", ""specifications"": [{""name"": ""Size"", ""value"": ""Small"", ""buyer_requested"": true, ""seller_mentioned"": false}, {""name"": ""Size"", ""value"": ""Medium"", ""buyer_requested"": true, ""seller_mentioned"": false}, {""name"": ""Size"", ""value"": ""Large"", ""buyer_requested"": true, ""seller_mentioned"": false}], ""related_categories"": [{""name"": ""Baby Diapers"", ""reason"": ""Diapers are most commonly searched for baby care applications.""}, {""name"": ""Disposable Diaper"", ""reason"": ""Standard market diaper products discussed refer to disposable variants.""}], ""is_buyer_interested"": true, ""most_specific_category"": {""name"": ""Diaper"", ""reason"": ""The buyer explicitly used the term 'diaper' to refer to the product requirement.""}}], ""next_steps"": {""buyer_next_steps"": [""To call the seller on their specified mobile number""], ""seller_next_steps"": [""To provide pricing for small, medium, and large diapers upon the next call""]}, ""buyer_details"": {""buyer_name"": ""180d803a580fabe1a24ddfdf6bf51ecbea0eb81f256b69ee6b39b33d294f6ebf"", ""buyer_mobile_number"": ""b64920e9991868e093adad43643bf79b8627f7a44414f76ae9a36eba4f365e81""}, ""seller_details"": {""seller_name"": ""602d3d0ab5e96a205221e5a0ea2e85b4d8aee8562a064533e95591f94d2df19e""}}"
1730038,1746815,10684496,10424,1970-01-01 00:00:00.000,"{""callback"": ""callback by Today in 30 minutes - To provide rates (Artho kallak apo rate apo)"", ""lead_tag"": {""deal_blockers"": [], ""deal_readiness"": ""Warm"", ""deal_readiness_reason"": ""Specific dimensions and delivery location were provided with intent to get a rate within 30 minutes.""}, ""metadata"": {""call_type"": {""type"": ""B2B"", ""reason"": ""The requirement is for 1500-1700 pieces of heavy construction curbstones, indicating a commercial or civil project."", ""evidence"": {""keywords"": [""Curbstone"", ""Kotambi delivery""], ""order_type"": {""order_type_category"": ""bulk""}, ""repeat_buyer"": false, ""buyer_persona"": {""persona_category"": ""contractor""}, ""quantity_scale"": ""High""}}, ""buyer_intent"": {""narrative"": ""Wants 1500-1700 units of Curbstones (300x450x150) for delivery at Kotambi."", ""reasoning"": ""The buyer provided specific dimensions (300*450*150), a precise quantity range, and a delivery location."", ""intent_level"": ""High""}, ""call_outcome"": {""category"": ""Follow-up"", ""conclusion_notes"": ""Seller requested 30 minutes to provide rates and check availability (Artho kallak apo rate apo).""}, ""call_purpose"": ""requirement"", ""all_languages"": [""Gujarati"", ""English""], ""primary_language"": ""Gujarati"", ""additional_details"": {""buyer_queries"": [{""query"": ""How many days will delivery take?"", ""category"": ""Delivery"", ""sequence"": 1}], ""seller_queries"": []}, ""intended_application"": ""Civil Infrastructure""}, ""products"": [{""product_name"": ""Curvestone (Curbstone)"", ""specifications"": [{""name"": ""Size"", ""value"": ""300 x 450 x 150"", ""buyer_requested"": true, ""seller_mentioned"": false}, {""name"": ""Type"", ""value"": ""Fresh"", ""buyer_requested"": false, ""seller_mentioned"": true}], ""quantity_required"": {""unit"": ""pieces"", ""value"": 1500}, ""related_categories"": [{""name"": ""Concrete Kerb Stone"", ""reason"": ""Curbstones are commonly made of concrete for road and sidewalk edging.""}, {""name"": ""Sidewalks"", ""reason"": ""Kerb stones are a primary component in constructing sidewalks.""}], ""is_buyer_interested"": true, ""most_specific_category"": {""name"": ""KERB Stones"", ""reason"": ""The buyer explicitly asked for Curbstone (Curvestone) which refers to Kerb Stones used in civil infrastructure.""}, ""seller_accepts_quantity"": true}], ""next_steps"": {""buyer_next_steps"": [""To wait for a call from the seller regarding price and availability.""], ""seller_next_steps"": [""To calculate the rate and check stock availability for 1500-1700 pieces."", ""To call the buyer back within 30 minutes with the quotation.""]}, ""buyer_details"": {""buyer_name"": ""8cee2f07bd3eefa67aee0c2f3ad5db53432238fb24b2abc3c5bfb3fd40e560a5""}, ""seller_details"": {""seller_name"": ""a71683124e66554d23430d99d4e963652ca8e6d25f4ae3f893645560e6d46698""}}"
2525343,2542152,24065895,2699,1970-01-01 00:00:00.000,"{""lead_tag"": {""deal_blockers"": [], ""deal_readiness"": ""Warm"", ""deal_readiness_reason"": ""Specific technical requirement shared and seller requested requirements on WhatsApp to proceed.""}, ""metadata"": {""call_type"": {""type"": ""B2B"", ""reason"": ""The buyer is inquiring about a high-capacity industrial component (18.5 kW drive), typically used in B2B manufacturing or engineering contexts, despite the low quantity."", ""evidence"": {""order_type"": [""commercial""], ""repeat_buyer"": false, ""quantity_scale"": ""Low""}}, ""buyer_intent"": {""narrative"": ""Needs a single unit of an 18.5 kW drive for a motor."", ""reasoning"": ""The buyer has a specific power specification (18.5 kW) and knows the exact quantity needed (single piece)."", ""intent_level"": ""High""}, ""call_outcome"": {""category"": ""Follow-up"", ""conclusion_notes"": ""Seller requested to send requirements on WhatsApp (WhatsApp par requirement bhej dijiye).""}, ""call_purpose"": ""requirement"", ""all_languages"": [""Hindi"", ""English""], ""primary_language"": ""Hindi"", ""additional_details"": {""buyer_queries"": [{""query"": ""I need a drive of 18.5 kW."", ""category"": ""Specifications"", ""sequence"": 1, ""answer_by_seller"": ""Please send me the requirement on WhatsApp.""}, {""query"": ""I need a single piece."", ""category"": ""Quantity"", ""sequence"": 2, ""answer_by_seller"": ""Okay.""}], ""seller_queries"": [{""query"": ""3 HP?"", ""category"": ""Specifications"", ""sequence"": 3, ""answer_by_buyer"": ""No, it is for an 18.5 kW motor.""}]}, ""intended_application"": ""Motor Control""}, ""products"": [{""product_name"": ""Drive (Variable Frequency Drive)"", ""specifications"": [{""name"": ""Power Capacity"", ""unit"": ""kW"", ""value"": ""18.5"", ""buyer_requested"": true, ""seller_mentioned"": false}], ""quantity_required"": {""unit"": ""piece"", ""value"": 1}, ""related_categories"": [{""name"": ""AC Drive"", ""reason"": ""VFDs are a type of AC drive used to control motor speed.""}, {""name"": ""Motor Drives"", ""reason"": ""The product is explicitly requested to operate a motor.""}], ""is_buyer_interested"": true, ""most_specific_category"": {""name"": ""VFD"", ""reason"": ""The buyer is asking for a 'drive' for an 18.5 kW motor, which refers to a Variable Frequency Drive used for motor control.""}, ""seller_accepts_quantity"": true}], ""next_steps"": {""buyer_next_steps"": [""To share the specific requirement details on WhatsApp""], ""seller_next_steps"": [""To check the requirements once received on WhatsApp""]}, ""buyer_details"": {""buyer_name"": ""af4a400a2ceb7963a424d9cf3779175c8d258facf8a31ee8bc1949dc060e10e6""}, ""seller_details"": {}}"
2831164,2847984,24065895,2699,1970-01-01 00:00:00.000,"{""payment"": {}, ""callback"": ""callback by None - None"", ""lead_tag"": {""deal_blockers"": [{""detail"": ""Neither price nor delivery discussed during inquiry."", ""category"": ""Other""}], ""deal_readiness"": ""Warm"", ""deal_readiness_reason"": ""Buyer has specified a particular model and requested details, showing clear intent to procure.""}, ""metadata"": {""call_type"": {""type"": ""B2B"", ""reason"": ""The inquiry for specific industrial automation component (VFD) typically caters to industrial/B2B maintenance or OEM usage."", ""evidence"": {""order_type"": [""commercial""], ""repeat_buyer"": false, ""quantity_scale"": ""High""}}, ""buyer_intent"": {""narrative"": ""Looking to procure KEB F5 frequency drive."", ""reasoning"": ""Buyer identified a specific brand and model (KEB F5), indicating precise technical knowledge and ready requirement."", ""intent_level"": ""High""}, ""call_outcome"": {""category"": ""Follow-up"", ""conclusion_notes"": ""Seller will share details on WhatsApp (WhatsApp par details bhejenge).""}, ""call_purpose"": ""requirement"", ""all_languages"": [""English""], ""primary_language"": ""English"", ""additional_details"": {""buyer_queries"": [{""query"": ""Do you deal in KEB F5 frequency drive?"", ""category"": ""Specifications"", ""sequence"": 1}], ""seller_queries"": [{""query"": ""Can you share the details on WhatsApp?"", ""category"": ""Other"", ""sequence"": 2}]}}, ""products"": [{""in_stock"": ""in stock"", ""product_name"": ""KEB F5 Drive (Frequency Drive)"", ""specifications"": [{""name"": ""Model"", ""value"": ""F5"", ""buyer_requested"": true, ""seller_mentioned"": false}, {""name"": ""Brand"", ""value"": ""KEB"", ""buyer_requested"": true, ""seller_mentioned"": false}], ""related_categories"": [{""name"": ""VFD"", ""reason"": ""Frequency drives are a type of Variable Frequency Drive (VFD).""}, {""name"": ""AC Drive"", ""reason"": ""Frequency drives are primarily used for controlling AC motors.""}], ""is_buyer_interested"": true, ""most_specific_category"": {""name"": ""AC Frequency Drive"", ""reason"": ""The buyer explicitly asked for a frequency drive, which is synonymous with AC frequency drives used for motor control.""}}], ""next_steps"": {""buyer_next_steps"": [""To share specific requirement details on WhatsApp""], ""seller_next_steps"": [""To share KEB F5 drive details/catalog on WhatsApp""]}, ""buyer_details"": {""buyer_name"": ""fdd528d8e5d6693bf688d0c9dbc057fcc03d9b47381ac39a7914eccd2c911254""}, ""seller_details"": {""seller_name"": ""5f4df959a11580fc14aa6b139adb2ab40a2cfde5399c1cb6f7c9968eae5a825f""}}"
2534740,2551550,886018,38778,1970-01-01 00:00:00.000,"{""lead_tag"": {""deal_blockers"": [], ""deal_readiness"": ""Warm"", ""deal_readiness_reason"": ""Buyer shared specific requirements and quantity but next action remains open for review.""}, ""metadata"": {""call_type"": {""type"": ""B2B"", ""reason"": ""The buyer mentioned a recurring monthly requirement of 1 ton for industrial grading, indicating it is for business operations."", ""evidence"": {""order_type"": [""bulk"", ""recurring"", ""commercial""], ""repeat_buyer"": true, ""quantity_scale"": ""High""}}, ""buyer_intent"": {""narrative"": ""Wants to purchase 1 ton of 18-inch stretch film for industrial needs."", ""reasoning"": ""The buyer specified the dimension (18 inch), grade (manual/machine), and a significant recurring volume (1 ton)."", ""intent_level"": ""High""}, ""call_outcome"": {""category"": ""Follow-up"", ""conclusion_notes"": ""Pricing and availability shared; further discussion needed to close (Rate share kiya hai, aage baat hogi).""}, ""call_purpose"": ""requirement"", ""all_languages"": [""Hindi"", ""English""], ""primary_language"": ""Hindi"", ""additional_details"": {""buyer_queries"": [{""query"": ""What is the rate for 18-inch stretch film?"", ""category"": ""Pricing"", ""sequence"": 1, ""answer_by_seller"": ""The rate is 150 per kg plus GST.""}], ""seller_queries"": [{""query"": ""What is the quantity?"", ""category"": ""Quantity"", ""sequence"": 2, ""answer_by_buyer"": ""Requirement is 1 ton monthly across manual and machine grades.""}]}, ""intended_application"": ""Industrial Packaging""}, ""products"": [{""price"": {""gst"": {""is_gst_included"": false}, ""value"": 150, ""currency"": ""INR"", ""price_unit"": ""kg""}, ""specifications"": [{""name"": ""Size"", ""unit"": ""inch"", ""value"": ""18"", ""buyer_requested"": true, ""seller_mentioned"": true}, {""name"": ""Grade"", ""value"": ""Manual and Machine"", ""buyer_requested"": false, ""seller_mentioned"": true}], ""quantity_required"": {""unit"": ""tons"", ""value"": 1}, ""related_categories"": [{""name"": ""LDPE Roll"", ""reason"": ""Stretch films are commonly made from LDPE or LLDPE materials.""}, {""name"": ""Plastic Rolls"", ""reason"": ""The product is supplied in roll form for packaging applications.""}], ""is_buyer_interested"": true, ""most_specific_category"": {""name"": ""Stretch Film"", ""reason"": ""The call explicitly discusses stretch film available in manual and machine grades.""}, ""seller_accepts_quantity"": true}], ""next_steps"": {""buyer_next_steps"": [], ""seller_next_steps"": []}, ""buyer_details"": {""buyer_name"": ""98f92e44931970285a8a9372336317e138e5fcca34168e85ba556990e78e0bb7""}, ""seller_details"": {""seller_name"": ""1ed6572c98a5275a098f9e5c8dee2d432508554165958189445918d27efaf446""}}"
2014105,2030893,1001263,31157,1970-01-01 00:00:00.000,"{""lead_tag"": {""deal_blockers"": [], ""deal_readiness"": ""Hot"", ""deal_readiness_reason"": ""Specific quantity named and moving to WhatsApp for immediate documentation exchange.""}, ""metadata"": {""call_type"": {""type"": ""B2B"", ""reason"": ""The buyer represents an enterprise and is asking for a commercial quantity of 90 liters of industrial chemical."", ""evidence"": {""order_type"": {""order_type_category"": ""commercial""}, ""buyer_persona"": {""persona_detail"": ""Aviraj Enterprises"", ""persona_category"": ""other""}, ""quantity_scale"": ""High""}}, ""buyer_intent"": {""narrative"": ""Wants to purchase 90 liters of Isopropyl Alcohol for their enterprise in Kadi."", ""reasoning"": ""Product and specific quantity are clearly identified and they are exchanging business details immediately."", ""intent_level"": ""High""}, ""call_outcome"": {""category"": ""Pending"", ""conclusion_notes"": ""Moving to WhatsApp for sharing company details (WhatsApp karti hoon, company details bhej dena).""}, ""call_purpose"": ""requirement"", ""all_languages"": [""Hindi"", ""English""], ""primary_language"": ""Hindi"", ""additional_details"": {""buyer_queries"": [], ""seller_queries"": []}}, ""products"": [{""in_stock"": ""in stock"", ""product_name"": ""IPA (Isopropyl Alcohol)"", ""specifications"": [{""name"": ""Material"", ""value"": ""Isopropyl Alcohol"", ""buyer_requested"": true, ""seller_mentioned"": false}], ""quantity_required"": {""unit"": ""liters"", ""value"": 90}, ""related_categories"": [{""name"": ""Alcohol Based Chemicals"", ""reason"": ""IPA is an alcohol-based chemical compound used in various industries.""}, {""name"": ""Industrial Solvents"", ""reason"": ""IPA is a common industrial solvent used for cleaning and degreasing.""}], ""is_buyer_interested"": true, ""most_specific_category"": {""name"": ""Isopropyl Alcohol IPA"", ""reason"": ""The buyer explicitly asked for IPA (Isopropyl Alcohol).""}, ""seller_accepts_quantity"": true}], ""next_steps"": {""buyer_next_steps"": [""To send company details to the seller"", ""To message the seller on WhatsApp""], ""seller_next_steps"": []}, ""buyer_details"": {""buyer_name"": ""3d1aa30221cccc54f66f160b3bbc99bae549a6489a5713fd6f176c64a60a93d2"", ""buyer_location"": {""buyer_city"": ""Kadi""}}, ""seller_details"": {}}"
3052367,3069191,23807911,38778,1970-01-01 00:00:00.000,"{""payment"": {}, ""callback"": """", ""lead_tag"": {""deal_blockers"": [{""detail"": ""Seller is in Mumbai while buyer prefers someone in Delhi."", ""category"": ""Location""}], ""deal_readiness"": ""Cold"", ""deal_readiness_reason"": ""The buyer disengaged immediately upon learning the seller is located in Mumbai, preferring a local vendor.""}, ""metadata"": {""call_type"": {""type"": ""B2B"", ""reason"": ""The buyer was inquiring about stretch film rolls for packing but didn't specify quantities or business details before hanging up due to location mismatch."", ""evidence"": {""keywords"": [""Stretch Film"", ""Packing Roll""], ""order_type"": [""other""], ""repeat_buyer"": false, ""buyer_persona"": {""persona_category"": ""other""}, ""quantity_scale"": ""Low""}}, ""buyer_intent"": {""narrative"": ""Looking for a stretch film roll supplier, preferably based in Delhi."", ""reasoning"": ""The buyer has a specific product in mind but ended the call as soon as the location did not match his preference."", ""intent_level"": ""Low""}, ""call_outcome"": {""category"": ""Lost"", ""conclusion_notes"": ""Disengaged due to location mismatch (Mein toh Delhi waala dhoond raha hoon)""}, ""call_purpose"": ""requirement"", ""all_languages"": [""Hindi"", ""English""], ""primary_language"": ""Hindi"", ""additional_details"": {""buyer_queries"": [{""query"": ""Where are you located?"", ""category"": ""Location"", ""sequence"": 2, ""answer_by_seller"": ""Mumbai (Mumbai mein hai sir Vasai karke hai)""}], ""seller_queries"": [{""query"": ""Where are you calling from?"", ""category"": ""Location"", ""sequence"": 1, ""answer_by_buyer"": ""Delhi (Delhi se baat kar raha hoon)""}]}}, ""products"": [{""in_stock"": ""in stock"", ""product_name"": ""Stretch Film Roll"", ""specifications"": [{""name"": ""Form"", ""value"": ""Roll"", ""buyer_requested"": false, ""seller_mentioned"": true}, {""name"": ""Application"", ""value"": ""Packing"", ""buyer_requested"": false, ""seller_mentioned"": true}], ""related_categories"": [{""name"": ""Plastic Rolls"", ""reason"": ""Stretch films are typically supplied in plastic roll formats.""}, {""name"": ""LLDPE Stretch Film Roll"", ""reason"": ""Stretch films are commonly made from LLDPE material.""}], ""is_buyer_interested"": true, ""most_specific_category"": {""name"": ""Stretch Film"", ""reason"": ""The seller specifically confirmed they deal in stretch film in roll form for packing purposes.""}}], ""next_steps"": {""buyer_next_steps"": [""To find a local supplier in Delhi""], ""seller_next_steps"": []}, ""buyer_details"": {""buyer_name"": ""5be30154f61e6883e27840a22e2d6c3ab8843a1ccf2e17a841ffd8ea2ea81e47"", ""buyer_mobile_number"": ""79f73fcdc617775250e013a4d3ac87e033370da074b90da022db7c8305b54ab3""}, ""seller_details"": {""seller_name"": ""6dce69facae598b79f7aab72a638381e6a79594b33ea60a89d34d02171fbc44a"", ""seller_location"": {""seller_city"": ""Mumbai"", ""seller_locality"": ""Vasai""}}}"
3355720,3372551,8436657,4167,1970-01-01 00:00:00.000,"{""callback"": ""callback by Today 5 PM - To send price list (Abhi price list bhejta hoon)"", ""lead_tag"": {""deal_blockers"": [], ""deal_readiness"": ""Warm"", ""deal_readiness_reason"": ""Interested in online reselling and waiting for a price list.""}, ""metadata"": {""call_type"": {""type"": ""B2B"", ""reason"": ""The buyer intends to sell the products online, indicating a B2B reselling context."", ""evidence"": {""keywords"": [""Online selling""], ""order_type"": [""commercial""], ""repeat_buyer"": true, ""buyer_persona"": {""persona_detail"": ""Online Reseller"", ""persona_category"": ""retailer""}}}, ""buyer_intent"": {""narrative"": ""Looking for baby diapers for online reselling."", ""reasoning"": ""The buyer specified the intended use (online selling) but is at an early stage, requesting a price list first."", ""intent_level"": ""Medium""}, ""call_outcome"": {""category"": ""Follow-up"", ""conclusion_notes"": ""Waiting for the price list to be sent by the seller (Price list send karta hoon).""}, ""call_purpose"": ""requirement"", ""all_languages"": [""Hindi"", ""English"", ""Gujarati""], ""primary_language"": ""Hindi"", ""additional_details"": {""buyer_queries"": [{""query"": ""What is the price of the baby diapers?"", ""category"": ""Pricing"", ""sequence"": 1}], ""seller_queries"": []}, ""intended_application"": ""Online Resale""}, ""products"": [{""in_stock"": ""in stock"", ""product_name"": ""Baby Diapers"", ""specifications"": [{""name"": ""Application"", ""value"": ""Online selling"", ""buyer_requested"": true, ""seller_mentioned"": false}], ""related_categories"": [{""name"": ""Diaper"", ""reason"": ""General category for absorbent undergarments for infants.""}, {""name"": ""Baby Care Products"", ""reason"": ""Diapers are a essential part of infant hygiene care.""}], ""is_buyer_interested"": true, ""most_specific_category"": {""name"": ""Baby Diapers"", ""reason"": ""The buyer explicitly mentioned needing 'baby diapers'.""}}], ""next_steps"": {""buyer_next_steps"": [""To review the price list provided by the seller""], ""seller_next_steps"": [""To share the price list with the buyer on WhatsApp""]}, ""buyer_details"": {""buyer_name"": ""dd755a7783db10ba91a912d3856304cac8eafdd08be09b1ed12a7eb3e9d66864""}, ""seller_details"": {""seller_name"": ""602d3d0ab5e96a205221e5a0ea2e85b4d8aee8562a064533e95591f94d2df19e""}}"
3355897,3372728,8436657,4167,1970-01-01 00:00:00.000,"{""callback"": ""callback by Tomorrow 12 PM - To discuss bulk order after internal check"", ""lead_tag"": {""deal_blockers"": [{""detail"": ""MOQ of 25,000 pieces is higher than what the buyer initially expected"", ""category"": ""MOQ""}], ""deal_readiness"": ""Warm"", ""deal_readiness_reason"": ""Buyer is interested in the pricing but needs to confirm the high MOQ requirement internally before proceeding""}, ""metadata"": {""call_type"": {""type"": ""B2B"", ""reason"": ""The buyer is inquiring about high volumes (25,000 pieces) for a commercial purpose and discussing wholesale per-unit pricing, which is characteristic of B2B transactions."", ""evidence"": {""keywords"": [""Baby Diapers"", ""Bulk purchase"", ""MOQ""], ""order_type"": [""bulk"", ""commercial""], ""repeat_buyer"": false, ""buyer_persona"": {""persona_category"": ""retailer""}, ""quantity_scale"": ""High""}}, ""buyer_intent"": {""narrative"": ""Wants to source baby diapers for a business requirement with a query on per-unit pricing and MOQ"", ""reasoning"": ""Buyer shows specific interest in per-unit pricing and calculates total cost after learning the MOQ, indicating serious business intent despite hesitation on the quantity scale"", ""intent_level"": ""Medium""}, ""call_outcome"": {""category"": ""Follow-up"", ""conclusion_notes"": ""Buyer will check internally and confirm the order (Check karke batata hoon)""}, ""call_purpose"": ""requirement"", ""all_languages"": [""Hindi"", ""English""], ""primary_language"": ""Hindi"", ""additional_details"": {""buyer_queries"": [{""query"": ""What will be the price for one piece of baby diaper?"", ""category"": ""Pricing"", ""sequence"": 1}, {""query"": ""What is the minimum order quantity?"", ""category"": ""Quantity"", ""sequence"": 3}, {""query"": ""What will be the total costing for 25,000 pieces?"", ""category"": ""Pricing"", ""sequence"": 5}], ""seller_queries"": [{""query"": ""Where are you calling from?"", ""category"": ""Location"", ""sequence"": 2}]}}, ""products"": [{""price"": {""value"": 4.5, ""currency"": ""INR"", ""price_unit"": ""piece"", ""offer_details"": ""Price quoted is per piece for the specified MOQ"", ""buyer_price_reaction"": {""quote"": ""25,000 piece and 4.5 rupees, so how much is the total cost?"", ""category"": ""Negotiating""}}, ""in_stock"": ""in stock"", ""product_name"": ""Baby Diapers"", ""specifications"": [], ""quantity_required"": {""unit"": ""pieces"", ""value"": 25000}, ""related_categories"": [{""name"": ""Diaper"", ""reason"": ""Baby diapers are a sub-category of the broader diaper category""}, {""name"": ""Baby Care Products"", ""reason"": ""Diapers are an essential part of baby care supplies""}], ""is_buyer_interested"": true, ""minimum_order_quantity"": {""unit"": ""pieces"", ""value"": 25000}, ""most_specific_category"": {""name"": ""Baby Diapers"", ""reason"": ""The conversation explicitly mentions 'Baby Diapers' multiple times as the primary product of interest""}, ""seller_accepts_quantity"": true}], ""next_steps"": {""buyer_next_steps"": [""To confirm if the quantity of 25,000 pieces is acceptable for their business""], ""seller_next_steps"": [""To follow up with the buyer to finalize the order for baby diapers""]}, ""buyer_details"": {""buyer_name"": ""c0b1eac6bb604a5648a2b165f824467e3d1b04f8e682a8a75fef7f833a6190f0""}, ""seller_details"": {""seller_name"": ""602d3d0ab5e96a205221e5a0ea2e85b4d8aee8562a064533e95591f94d2df19e""}}"
2531462,2548271,8436657,4167,1970-01-01 00:00:00.000,"{""lead_tag"": {""deal_blockers"": [{""detail"": ""Call failed to establish communication due to background noise and no clear dialogue."", ""category"": ""Other""}], ""deal_readiness"": ""Cold"", ""deal_readiness_reason"": ""Call not connected successfully due to high background noise and lack of verbal communication.""}, ""metadata"": {""call_type"": {""type"": ""B2C"", ""reason"": ""Unable to determine B2B or B2C status as no business discussion occurred during the brief, noisy connection."", ""evidence"": {""repeat_buyer"": false}}, ""buyer_intent"": {""narrative"": ""Attempted to connect for unidentified product requirement but call failed to proceed."", ""reasoning"": ""The call consists of background noise and no meaningful discussion took place between the parties."", ""intent_level"": ""Low""}, ""call_outcome"": {""category"": ""Lost"", ""conclusion_notes"": ""Call not connected or audible due to heavy background noise (Awaaz nahi aa rahi / background noise).""}, ""call_purpose"": ""irrelevant"", ""all_languages"": [""Hindi""], ""primary_language"": ""Hindi"", ""additional_details"": {""buyer_queries"": [], ""seller_queries"": []}}, ""products"": [], ""next_steps"": {""buyer_next_steps"": [], ""seller_next_steps"": []}, ""buyer_details"": {""buyer_name"": ""f0bf9e98c40e90b7b915b8c32072f32cca44af31008f175b34762e776f63e203""}, ""seller_details"": {""seller_name"": ""602d3d0ab5e96a205221e5a0ea2e85b4d8aee8562a064533e95591f94d2df19e""}}"
3047121,3063944,23807911,38778,1970-01-01 00:00:00.000,"{""callback"": ""callback by Today Later - To provide updated price and details (Fresh rate mein aapko deta hoon thodi der mein)"", ""lead_tag"": {""deal_blockers"": [], ""deal_readiness"": ""Hot"", ""deal_readiness_reason"": ""Buyer has a specific high-volume requirement of 1 ton and wants to finalize quickly once the rate is shared.""}, ""metadata"": {""call_type"": {""type"": ""B2B"", ""reason"": ""The buyer is an end user looking for a bulk industrial quantity (1 ton) of 51-micron stretch film for business operations."", ""evidence"": {""keywords"": [""51 Micron"", ""Bulk requirement"", ""End user""], ""order_type"": [""bulk"", ""commercial""], ""repeat_buyer"": false, ""quantity_scale"": ""High""}}, ""buyer_intent"": {""narrative"": ""Wants to buy 1 ton of 51 micron stretch film for own use in Bhiwandi."", ""reasoning"": ""The buyer has a specific technical specification (51 micron) and a clear bulk quantity (1 ton) for immediate use."", ""intent_level"": ""High""}, ""call_outcome"": {""category"": ""Follow-up"", ""conclusion_notes"": ""Seller will share the current rates on WhatsApp shortly (Fresh rate mein aapko deta hoon thodi der mein).""}, ""call_purpose"": ""requirement"", ""all_languages"": [""Hindi"", ""English""], ""primary_language"": ""Hindi"", ""additional_details"": {""buyer_queries"": [{""query"": ""What is the per kg weight for the stretch film?"", ""category"": ""Pricing"", ""sequence"": 1, ""answer_by_seller"": ""The price changes frequently, so the seller will provide a fresh/updated rate in some time via WhatsApp.""}], ""seller_queries"": [{""query"": ""Where are you calling from?"", ""category"": ""Location"", ""sequence"": 2, ""answer_by_buyer"": ""Bhiwandi, Mumbai.""}, {""query"": ""Are you an end user or do you supply to someone else?"", ""category"": ""Other"", ""sequence"": 3, ""answer_by_buyer"": ""End user.""}]}}, ""products"": [{""in_stock"": ""in stock"", ""product_name"": ""51 Micron Stretch Film"", ""specifications"": [{""name"": ""Thickness"", ""unit"": ""micron"", ""value"": ""51"", ""buyer_requested"": true, ""seller_mentioned"": false}], ""quantity_required"": {""unit"": ""ton"", ""value"": 1}, ""related_categories"": [{""name"": ""PE Stretch Film"", ""reason"": ""Stretch films are commonly made from PE/LLDPE materials.""}, {""name"": ""Packaging Materials"", ""reason"": ""Stretch film is a primary material used for pallet wrapping and packaging.""}], ""is_buyer_interested"": true, ""most_specific_category"": {""name"": ""PVC Stretch Film"", ""reason"": ""The buyer specifically asked for 51 micron stretch film for wrapping/packaging use.""}, ""seller_accepts_quantity"": true}], ""next_steps"": {""buyer_next_steps"": [""To send a Hi message on the seller's WhatsApp number.""], ""seller_next_steps"": [""To share the current per kg price of 51 micron stretch film on WhatsApp.""]}, ""buyer_details"": {""buyer_name"": ""7b998bfbfdbf90e948c436aa132883824f6871ee45d3a54af24f85ba011078c2""}, ""seller_details"": {""seller_name"": ""85d17725de76ffd6f8b1316b46c682d68e861881d7eebf15fc5dfdce03de4b41""}}"
3364528,3381359,1001263,31157,1970-01-01 00:00:00.000,"{""callback"": ""callback by Tomorrow 10 AM - To discuss bulk pricing after checking local availability (Kal subah 10 baje phone karta hoon)"", ""lead_tag"": {""deal_blockers"": [{""detail"": ""Seller only sells in bulk, minimum 50 liters"", ""category"": ""MOQ""}, {""detail"": ""Buyer is in Bombay, Seller is in Ahmedabad"", ""category"": ""Location""}], ""deal_readiness"": ""Cold"", ""deal_readiness_reason"": ""The buyer's requirement of 1 liter is far below the seller's MOQ of 50 liters.""}, ""metadata"": {""call_type"": {""type"": ""B2C"", ""reason"": ""The buyer is asking for a very small quantity (1 liter) for personal or retail use, whereas the seller is a bulk supplier."", ""evidence"": {""keywords"": [""Retail Use""], ""order_type"": [""one-time""], ""repeat_buyer"": false, ""buyer_persona"": {""persona_category"": ""end_consumer""}, ""quantity_scale"": ""Low""}}, ""buyer_intent"": {""narrative"": ""Wants 1 liter of isopropyl alcohol but seller has a 50 liter MOQ."", ""reasoning"": ""The buyer's requirement is very small (1 liter) compared to the seller's bulk business model, making a deal unlikely."", ""intent_level"": ""Low""}, ""call_outcome"": {""category"": ""Lost"", ""conclusion_notes"": ""Quantity mismatch; the buyer needs 1 liter while the seller's minimum is 50 liters (Minimum 50 liter hai hamara).""}, ""call_purpose"": ""requirement"", ""all_languages"": [""Hindi"", ""English""], ""primary_language"": ""Hindi"", ""additional_details"": {""buyer_queries"": [{""query"": ""Where are you located?"", ""category"": ""Location"", ""sequence"": 2, ""answer_by_seller"": ""Ahmedabad.""}, {""query"": ""Can I get 1 liter?"", ""category"": ""Quantity"", ""sequence"": 3, ""answer_by_seller"": ""No, we don't sell in liters. We only deal in bulk.""}, {""query"": ""Is it available in small cans?"", ""category"": ""Quantity"", ""sequence"": 4, ""answer_by_seller"": ""The minimum order is 50 liters.""}], ""seller_queries"": [{""query"": ""How much do you need and where are you located?"", ""category"": ""Quantity"", ""sequence"": 1, ""answer_by_buyer"": ""I need 1 liter. I am calling from Bombay.""}]}, ""intended_application"": ""Retail Use""}, ""products"": [{""in_stock"": ""in stock"", ""product_name"": ""Isopropyl Alcohol (Liquid)"", ""specifications"": [{""name"": ""Form"", ""value"": ""Liquid"", ""buyer_requested"": true, ""seller_mentioned"": true}], ""quantity_required"": {""unit"": ""liter"", ""value"": 1}, ""related_categories"": [{""name"": ""Alcohol Based Chemicals"", ""reason"": ""Isopropyl alcohol is an alcohol-based chemical compound.""}, {""name"": ""Chemical Solvent"", ""reason"": ""It is widely used as an industrial and chemical solvent.""}, {""name"": ""Industrial Solvents"", ""reason"": ""Commonly used as a solvent in industrial processes.""}], ""is_buyer_interested"": true, ""minimum_order_quantity"": {""unit"": ""liters"", ""value"": 50}, ""most_specific_category"": {""name"": ""Isopropyl Alcohol IPA"", ""reason"": ""The buyer specifically asked for Isopropyl Liquid and the seller confirmed bulk supply.""}, ""seller_accepts_quantity"": false}], ""next_steps"": {""buyer_next_steps"": [], ""seller_next_steps"": []}, ""buyer_details"": {""buyer_name"": ""19404ce9e897c60dde098e25d85dece4f4a6f36b4cc58d805f582d9cea14e6eb""}, ""seller_details"": {""seller_name"": ""3563122f4bc86b2b381bb72c8afc585b88ea9bc9904512c82ca13ea620c5bc4b"", ""seller_location"": {""seller_city"": ""Ahmedabad""}}}"
2857920,2874742,15261423,55079,1970-01-01 00:00:00.000,"{""callback"": ""callback by Next week - To confirm stock (One week thagolathe)"", ""lead_tag"": {""deal_blockers"": [{""detail"": ""Product currently out of stock"", ""category"": ""Availability""}, {""detail"": ""Minimum order is one bag/box, seller doesn't supply single pieces"", ""category"": ""MOQ""}], ""deal_readiness"": ""Cold"", ""deal_readiness_reason"": ""Product is out of stock and order quantity is below seller's bulk requirement.""}, ""metadata"": {""call_type"": {""type"": ""B2C"", ""reason"": ""The buyer requested a single piece for personal use, whereas the seller is a wholesaler dealing in bulk bags/boxes."", ""evidence"": {""order_type"": [""one-time""], ""repeat_buyer"": false, ""buyer_persona"": {""persona_category"": ""end_consumer""}, ""quantity_scale"": ""Low""}}, ""buyer_intent"": {""narrative"": ""Wants to buy a single unit of sink bowl but seller is a wholesaler."", ""reasoning"": ""The buyer wanted a single piece which the seller does not provide, and the item is currently out of stock."", ""intent_level"": ""Low""}, ""call_outcome"": {""category"": ""Lost"", ""conclusion_notes"": ""Out of stock and quantity mismatch (Single piece supply is not there).""}, ""call_purpose"": ""requirement"", ""all_languages"": [""Kannada"", ""English""], ""primary_language"": ""Kannada"", ""additional_details"": {""buyer_queries"": [{""query"": ""Is the sink bowl available?"", ""category"": ""Availability"", ""sequence"": 1}, {""query"": ""When will it be back in stock?"", ""category"": ""Availability"", ""sequence"": 2}], ""seller_queries"": []}}, ""products"": [{""in_stock"": ""out of stock"", ""product_name"": ""Sink Bowl (Waste Collector)"", ""quantity_required"": {""unit"": ""pieces"", ""value"": 1}, ""is_buyer_interested"": true, ""minimum_order_quantity"": {""unit"": ""bag"", ""value"": 1}, ""most_specific_category"": {""name"": ""Drip Accessories"", ""reason"": ""The buyer is inquiring about a sink-related bowl/waste collector often classified under plumbing or specialized accessories.""}, ""seller_accepts_quantity"": false}], ""next_steps"": {""buyer_next_steps"": [], ""seller_next_steps"": []}, ""buyer_details"": {""buyer_name"": ""6ad9ee46e4c6faa5988524439bfc2e6468d064efa6f965915bb79604275fd702""}, ""seller_details"": {""seller_name"": ""eefe456909c1647f4f358c509a472d8d6de40693090209e08af4d80b2b5ea0e5""}}"
1750026,1766804,8436657,4167,1970-01-01 00:00:00.000,"{""callback"": ""callback by Monday - To confirm stock (Kal parso call karta hoon)"", ""lead_tag"": {""deal_blockers"": [{""detail"": ""Requirement of 3 packs vs MOQ of 25000 pieces"", ""category"": ""MOQ""}], ""deal_readiness"": ""Cold"", ""deal_readiness_reason"": ""Quantity mismatch between retailer and manufacturer""}, ""metadata"": {""call_type"": {""type"": ""B2C"", ""reason"": ""The buyer's requirement for 2-3 packs is very low for a manufacturer’s bulk capacity, indicating B2C or small retail inquiry."", ""evidence"": {""keywords"": [""Wholesale"", ""Retail"", ""Factory Visit""], ""order_type"": {""order_type_category"": ""commercial""}, ""repeat_buyer"": false, ""buyer_persona"": {""persona_detail"": ""Small Shop Owner"", ""persona_category"": ""retailer""}, ""quantity_scale"": ""Low""}}, ""buyer_intent"": {""narrative"": ""Buyer wants 3 packs of Small size diapers for personal or retail use."", ""reasoning"": ""The buyer is asking for very small quantities (200 pieces) compared to the seller's industrial scale, indicating a retail or end-consumer persona."", ""intent_level"": ""Low""}, ""call_outcome"": {""category"": ""Lost"", ""conclusion_notes"": ""Seller is a manufacturer with high MOQ (25000 pcs) whereas buyer only needs 3 packs. (Manufacturer ke paas call kiya hai, retailer ke paas call karke dekho)""}, ""call_purpose"": ""requirement"", ""all_languages"": [""Hindi""], ""primary_language"": ""Hindi"", ""additional_details"": {""buyer_queries"": [{""query"": ""What is the price of the diapers?"", ""category"": ""Pricing"", ""sequence"": 1}, {""query"": ""How many pieces are in one pack?"", ""category"": ""Specifications"", ""sequence"": 2}], ""seller_queries"": [{""query"": ""How many quantity is required?"", ""category"": ""Quantity"", ""sequence"": 3}]}, ""intended_application"": ""Retail Resale""}, ""products"": [{""in_stock"": ""in stock"", ""product_name"": ""Diapers (Small Size)"", ""specifications"": [{""name"": ""Size"", ""value"": ""Small"", ""buyer_requested"": true, ""seller_mentioned"": true}, {""name"": ""Packaging"", ""unit"": ""pcs"", ""value"": ""75"", ""buyer_requested"": false, ""seller_mentioned"": true}], ""quantity_required"": {""unit"": ""packs"", ""value"": 3}, ""related_categories"": [{""name"": ""Baby Diapers"", ""reason"": ""Diapers are the primary product category discussed.""}, {""name"": ""Disposable Baby Diapers"", ""reason"": ""The context implies disposable products for infant use.""}], ""is_buyer_interested"": true, ""minimum_order_quantity"": {""unit"": ""pieces"", ""value"": 25000}, ""most_specific_category"": {""name"": ""Baby Diaper Pants"", ""reason"": ""The discussion centers around small size diapers, commonly referred to as baby diaper pants in the industry.""}, ""seller_accepts_quantity"": false}], ""next_steps"": {""buyer_next_steps"": [""To visit the factory in Bawana"", ""To send a relative to the factory location""], ""seller_next_steps"": []}, ""buyer_details"": {""buyer_name"": ""24d52030496d5935c5929564269fae1194db553c0ca3e2ede7a4ecc836f134d3""}, ""seller_details"": {""seller_location"": {""seller_city"": ""New Delhi"", ""seller_locality"": ""Bawana""}}}"
1750044,1766822,8436657,4167,1970-01-01 00:00:00.000,"{""callback"": ""callback by Sometime - To discuss further after checking samples (Abhi sample dekh ke batata hoon)"", ""lead_tag"": {""deal_blockers"": [], ""deal_readiness"": ""Warm"", ""deal_readiness_reason"": ""The caller is interested in pricing and packing units, but needs time to review the details before committing.""}, ""metadata"": {""call_type"": {""type"": ""B2B"", ""reason"": ""The conversation involves bulk packaging and price per pack discussions, suggesting a commercial or B2B interest for resale or distribution."", ""evidence"": {""keywords"": [""75 pieces"", ""Pack""], ""order_type"": {""order_type_category"": ""commercial""}, ""quantity_scale"": ""High""}}, ""buyer_intent"": {""narrative"": ""The buyer is inquiring about small size diaper packs containing 75 pieces at 400 rupees."", ""reasoning"": ""The buyer has a specific requirement for pack size and price, showing genuine interest but not immediate urgency."", ""intent_level"": ""Medium""}, ""call_outcome"": {""category"": ""Pending"", ""conclusion_notes"": ""The caller said they will check and get back after reviewing the price of 400 for 75 pieces (400 mein 75 piece theek hai, main dekhta hoon)""}, ""call_purpose"": ""requirement"", ""all_languages"": [""Hindi"", ""English""], ""primary_language"": ""Hindi"", ""additional_details"": {""buyer_queries"": [{""query"": ""Is the 75 piece pack for 400 rupees?"", ""category"": ""Pricing"", ""sequence"": 1}], ""seller_queries"": []}}, ""products"": [{""price"": {""value"": 400, ""currency"": ""INR"", ""price_unit"": ""75 pieces""}, ""in_stock"": ""in stock"", ""product_name"": ""Diapers (Small Size)"", ""specifications"": [{""name"": ""Size"", ""value"": ""Small"", ""buyer_requested"": true, ""seller_mentioned"": true}, {""name"": ""Pack Size"", ""unit"": ""pieces"", ""value"": ""75"", ""buyer_requested"": true, ""seller_mentioned"": true}], ""quantity_required"": {}, ""related_categories"": [{""name"": ""Baby Diapers"", ""reason"": ""The mention of small size and 75 piece packs is characteristic of baby diaper packaging.""}, {""name"": ""Disposable Baby Diapers"", ""reason"": ""The pricing structure is typical for disposable diaper products.""}], ""is_buyer_interested"": true}], ""next_steps"": {""buyer_next_steps"": [""To review the price and pack details"", ""To confirm if the offer is suitable""], ""seller_next_steps"": [""To provide more details on other sizes if requested""]}, ""buyer_details"": {""buyer_name"": ""24d52030496d5935c5929564269fae1194db553c0ca3e2ede7a4ecc836f134d3"", ""buyer_mobile_number"": ""659ecb65278ff0d007404e868bc3cde95e8750da55fdbe9cbfa418c7e7a9d5ef""}, ""seller_details"": {""seller_name"": ""602d3d0ab5e96a205221e5a0ea2e85b4d8aee8562a064533e95591f94d2df19e""}}"
2866389,2883211,24065895,2699,1970-01-01 00:00:00.000,"{""payment"": {}, ""callback"": ""callback by Soon - to send requirement on WhatsApp"", ""lead_tag"": {""deal_blockers"": [], ""deal_readiness"": ""Hot"", ""deal_readiness_reason"": ""Wants to share requirements on WhatsApp immediately""}, ""metadata"": {""call_type"": {""type"": ""B2B"", ""reason"": ""The buyer inquired about VFD drives which are industrial electrical components typically used in commercial/industrial setups."", ""evidence"": {""keywords"": [""VFD Drive""], ""order_type"": [""commercial""], ""repeat_buyer"": false}}, ""buyer_intent"": {""narrative"": ""Interested in VFD Drives and shared number to receive requirements."", ""reasoning"": ""Ready to receive product requirement details on WhatsApp immediately."", ""intent_level"": ""High""}, ""call_outcome"": {""category"": ""Follow-up"", ""conclusion_notes"": ""Requirement will be sent on WhatsApp (whatsapp par requirement bhejungi)""}, ""call_purpose"": ""requirement"", ""all_languages"": [""Hindi"", ""English""], ""primary_language"": ""Hindi"", ""additional_details"": {""buyer_queries"": [], ""seller_queries"": [{""query"": ""Can you share your WhatsApp number?"", ""category"": ""Other"", ""sequence"": 1}]}}, ""products"": [{""product_name"": ""VFD Drive"", ""related_categories"": [{""name"": ""AC Drive"", ""reason"": ""VFD is a type of AC drive used for motor control.""}], ""is_buyer_interested"": true, ""most_specific_category"": {""name"": ""VFD"", ""reason"": ""Buyer specifically mentioned VFD drives requirement.""}}], ""next_steps"": {""buyer_next_steps"": [""To share VFD drive requirements on WhatsApp""], ""seller_next_steps"": [""To review requirements shared via WhatsApp""]}, ""buyer_details"": {""buyer_mobile_number"": ""a56e0da6eb20538391d0c499c9c0598d89e4730fa78eb3bcca7a763c34a08290""}, ""seller_details"": {""seller_name"": ""d2fb5ab1e777e77584a410b16fc065c2efb3ee4b16f2bbc83700f51e6a59f441""}}"
1758926,1775704,8436657,4167,1970-01-01 00:00:00.000,"{""lead_tag"": {""deal_blockers"": [{""detail"": ""Requirement of 50 pieces is far below the minimum limit of 10000 pieces."", ""category"": ""MOQ""}], ""deal_readiness"": ""Cold"", ""deal_readiness_reason"": ""Significant mismatch between requested quantity of 50 and minimum order quantity of 10000.""}, ""metadata"": {""call_type"": {""type"": ""B2C"", ""reason"": ""The buyer is asking for only 50 pieces, which is a retail/consumer quantity, while the seller is a manufacturer/wholesaler with an MOQ of 10,000."", ""evidence"": {""order_type"": {""order_type_category"": ""one-time""}, ""buyer_persona"": {""persona_category"": ""end_consumer""}, ""quantity_scale"": ""Low""}}, ""buyer_intent"": {""narrative"": ""Wants to purchase 50 pieces of diapers for personal use or small scale."", ""reasoning"": ""The buyer is looking for a very small retail quantity from a manufacturer and wholesaler."", ""intent_level"": ""Low""}, ""call_outcome"": {""category"": ""Lost"", ""conclusion_notes"": ""The deal was refused because the buyer's requirement was too low compared to the wholesale MOQ.""}, ""call_purpose"": ""requirement"", ""all_languages"": [""Hindi"", ""English""], ""primary_language"": ""Hindi"", ""additional_details"": {""buyer_queries"": [], ""seller_queries"": [{""query"": ""What quantity did you need?"", ""category"": ""Quantity"", ""sequence"": 1}]}}, ""products"": [{""product_name"": ""Diaper"", ""quantity_required"": {""unit"": ""pieces"", ""value"": 50}, ""related_categories"": [{""name"": ""Baby Diapers"", ""reason"": ""Diapers are commonly used for babies, making this a relevant related category.""}, {""name"": ""Adult Diapers"", ""reason"": ""Diaper is a general term that could also refer to adult undergarments.""}], ""is_buyer_interested"": true, ""minimum_order_quantity"": {""unit"": ""pieces"", ""value"": 10000}, ""most_specific_category"": {""name"": ""Diaper"", ""reason"": ""The buyer specifically inquired about the availability of diapers.""}, ""seller_accepts_quantity"": false}], ""next_steps"": {""buyer_next_steps"": [], ""seller_next_steps"": []}, ""buyer_details"": {""buyer_name"": ""7be326889778989e39ffc3ebcc9cdaf9e0da39858f1e56b9505594150bfd092c"", ""buyer_location"": {""buyer_city"": ""Saharanpur"", ""buyer_state"": ""Uttar Pradesh""}}, ""seller_details"": {""seller_name"": ""602d3d0ab5e96a205221e5a0ea2e85b4d8aee8562a064533e95591f94d2df19e""}}"
2935312,2952133,8436657,4167,1970-01-01 00:00:00.000,"{""callback"": ""callback by Today - To discuss pricing with the Patna branch manager (Panti manager se baat karke batate hain)"", ""lead_tag"": {""deal_blockers"": [{""detail"": ""Logistics discussion regarding Delhi vs Patna supply"", ""category"": ""Location""}], ""deal_readiness"": ""Warm"", ""deal_readiness_reason"": ""Buyer has a specific bulk requirement and has taken the branch manager's contact details for further discussion.""}, ""metadata"": {""call_type"": {""type"": ""B2B"", ""reason"": ""The buyer is inquiring for 20,000 pieces for a government supply contract, which is a clear B2B bulk commercial transaction."", ""evidence"": {""keywords"": [""Government Supply"", ""Contract Manufacturing"", ""Ready Stock""], ""order_type"": [""bulk"", ""commercial""], ""repeat_buyer"": false, ""quantity_scale"": ""High""}}, ""buyer_intent"": {""narrative"": ""Wants 20,000 pieces of baby diapers for government supply."", ""reasoning"": ""Buyer specifies a high quantity (20,000 pcs) and the end-use application (government supply), indicating a commercial project requirement."", ""intent_level"": ""High""}, ""call_outcome"": {""category"": ""Follow-up"", ""conclusion_notes"": ""Buyer was given the contact for the Patna branch to discuss local rates (Patna office ka number note kar lijiye).""}, ""call_purpose"": ""requirement"", ""all_languages"": [""Hindi"", ""English""], ""primary_language"": ""Hindi"", ""additional_details"": {""buyer_queries"": [{""query"": ""What are the rates for pant-style and tape-style diapers?"", ""category"": ""Pricing"", ""sequence"": 2, ""answer_by_seller"": ""The seller offers both tape-style and pant-style diapers. The pant-style is cheaper at 4.25 rupees and the tape-style is 5.25 rupees, both including GST.""}, {""query"": ""Are you a manufacturer?"", ""category"": ""Specifications"", ""sequence"": 3, ""answer_by_seller"": ""The seller is a contract manufacturer.""}], ""seller_queries"": [{""query"": ""Do you need tape-style or pant-style diapers?"", ""category"": ""Specifications"", ""sequence"": 1}]}, ""intended_application"": ""Government Supply""}, ""products"": [{""price"": {""gst"": {""is_gst_included"": true}, ""value"": 4.25, ""currency"": ""INR"", ""price_unit"": ""piece"", ""buyer_price_reaction"": {""quote"": ""aur kuch kam hoga rate mein"", ""category"": ""Negotiating""}}, ""in_stock"": ""in stock"", ""product_name"": ""Pant Style Baby Diaper"", ""specifications"": [{""name"": ""Style"", ""value"": ""Pant"", ""buyer_requested"": false, ""seller_mentioned"": true}], ""quantity_required"": {""unit"": ""pieces"", ""value"": 20000}, ""related_categories"": [{""name"": ""Baby Diapers"", ""reason"": ""It is a type of baby diaper.""}], ""is_buyer_interested"": true, ""most_specific_category"": {""name"": ""Baby Diaper Pants"", ""reason"": ""The seller explicitly mentions 'Pant style' baby diapers.""}, ""seller_accepts_quantity"": true}, {""price"": {""gst"": {""is_gst_included"": true}, ""value"": 5.25, ""currency"": ""INR"", ""price_unit"": ""piece""}, ""in_stock"": ""in stock"", ""product_name"": ""Tape Style Baby Diaper"", ""specifications"": [{""name"": ""Style"", ""value"": ""Tape"", ""buyer_requested"": false, ""seller_mentioned"": true}], ""quantity_required"": {""unit"": ""pieces"", ""value"": 20000}, ""related_categories"": [{""name"": ""Disposable Baby Diapers"", ""reason"": ""Tape diapers are typically disposable baby diapers.""}], ""is_buyer_interested"": true, ""most_specific_category"": {""name"": ""Baby Diapers"", ""reason"": ""The seller refers to 'Tape wala' which is a standard diaper category.""}, ""seller_accepts_quantity"": true}], ""next_steps"": {""buyer_next_steps"": [""To call the Patna branch manager to discuss local pricing""], ""seller_next_steps"": [""To provide the Patna branch manager contact details"", ""To confirm pricing for the Patna region""]}, ""buyer_details"": {""buyer_name"": ""b10331ccefe94749553681574c0849231d86f369d07a63550139defcbf949033"", ""buyer_location"": {""buyer_city"": ""Gaya""}}, ""seller_details"": {""seller_location"": {""seller_city"": ""Patna""}}}"
2935498,2952321,1001263,31157,1970-01-01 00:00:00.000,"{""callback"": ""callback by Tomorrow 10 AM - To confirm the price (Kal subah 10 baje batata hoon)"", ""lead_tag"": {""deal_blockers"": [], ""deal_readiness"": ""Warm"", ""deal_readiness_reason"": ""The buyer has a specific requirement and is awaiting a final price confirmation by tomorrow morning.""}, ""metadata"": {""call_type"": {""type"": ""B2B"", ""reason"": ""The requirement for 200-300 kg of an industrial solvent like Methanol indicates a B2B transaction."", ""evidence"": {""order_type"": [""bulk"", ""commercial""], ""repeat_buyer"": false, ""quantity_scale"": ""High""}}, ""buyer_intent"": {""narrative"": ""The buyer is inquiring about the per kg price for Methanol with a potential requirement of 200-300 kg."", ""reasoning"": ""The buyer has a specific quantity range (200-300 kg) but is currently in the price-checking phase before committing."", ""intent_level"": ""Medium""}, ""call_outcome"": {""category"": ""Follow-up"", ""conclusion_notes"": ""The seller will check and confirm the final price by tomorrow 10 AM (Kal subah 10 baje confirm karke batata hoon).""}, ""call_purpose"": ""requirement"", ""all_languages"": [""Hindi"", ""English""], ""primary_language"": ""Hindi"", ""additional_details"": {""buyer_queries"": [{""query"": ""What is the price of Methanol per kg?"", ""category"": ""Pricing"", ""sequence"": 1}], ""seller_queries"": [{""query"": ""How much quantity do you require?"", ""category"": ""Quantity"", ""sequence"": 2}]}}, ""products"": [{""in_stock"": ""in stock"", ""product_name"": ""Methanol"", ""specifications"": [{""name"": ""Chemical Name"", ""value"": ""Methanol"", ""buyer_requested"": true, ""seller_mentioned"": true}], ""quantity_required"": {""unit"": ""kg"", ""value"": 200}, ""related_categories"": [{""name"": ""Industrial Solvents"", ""reason"": ""Methanol is a widely used industrial solvent.""}], ""is_buyer_interested"": true, ""most_specific_category"": {""name"": ""Methanol"", ""reason"": ""The buyer specifically inquired about Methanol used in industrial solvent applications.""}, ""seller_accepts_quantity"": true}], ""next_steps"": {""buyer_next_steps"": [], ""seller_next_steps"": [""To confirm the price of Methanol with the senior management"", ""To call back at 10 AM tomorrow""]}, ""buyer_details"": {""buyer_name"": ""871d8ff58f502d5d95c9c1ec93eb96e5fab4a193dedd1afb34e310f6a76f3170""}, ""seller_details"": {""seller_name"": ""3563122f4bc86b2b381bb72c8afc585b88ea9bc9904512c82ca13ea620c5bc4b""}}"
2935703,2952526,1001263,31157,1970-01-01 00:00:00.000,"{""callback"": ""No explicit callback commitment was made in this call."", ""lead_tag"": {""deal_blockers"": [], ""deal_readiness"": ""Cold"", ""deal_readiness_reason"": ""The call did not connect as the seller had put the call on hold and the conversation never started.""}, ""metadata"": {""call_type"": {""type"": ""B2C"", ""reason"": ""The call did not result in a conversation as it was put on hold and eventually disconnected."", ""evidence"": {""keywords"": [""Call on hold""]}}, ""buyer_intent"": {""narrative"": ""The buyer attempted to contact the seller but the call was put on hold and never connected."", ""reasoning"": ""There was no conversation between the buyer and the seller as the call was on hold throughout the duration."", ""intent_level"": ""Low""}, ""call_outcome"": {""category"": ""Lost"", ""conclusion_notes"": ""The call was put on hold and never connected (Call hold par tha aur connect nahi hua).""}, ""call_purpose"": ""irrelevant"", ""all_languages"": [""Hindi"", ""English""], ""primary_language"": ""Hindi"", ""additional_details"": {""buyer_queries"": [], ""seller_queries"": []}}, ""products"": [], ""next_steps"": {""buyer_next_steps"": [], ""seller_next_steps"": []}, ""buyer_details"": {""buyer_name"": ""871d8ff58f502d5d95c9c1ec93eb96e5fab4a193dedd1afb34e310f6a76f3170"", ""buyer_mobile_number"": ""e78f99e45ec416316d77c745f135968c1b8b9f549f725a23717e91eccc8880f2""}, ""seller_details"": {""seller_name"": ""3563122f4bc86b2b381bb72c8afc585b88ea9bc9904512c82ca13ea620c5bc4b"", ""seller_mobile_number"": ""3059a8d081f019cfb0d64b09de38ac2f5434939d35840f34df4f446a634a95d5""}}"
3402794,3419625,8436657,4167,1970-01-01 00:00:00.000,"{""callback"": ""callback by Today afternoon - To discuss price and availability (Dopahar mein karta hoon)"", ""lead_tag"": {""deal_blockers"": [], ""deal_readiness"": ""Warm"", ""deal_readiness_reason"": ""Buyer is looking for specific brand and size for resale and waiting for price list.""}, ""metadata"": {""call_type"": {""type"": ""B2B"", ""reason"": ""Buyer explicitly mentioned the requirement is for resale and asked for carton rates, indicating a B2B transaction."", ""evidence"": {""keywords"": [""Resale"", ""Carton"", ""Retail Shop""], ""order_type"": [""bulk"", ""commercial""], ""repeat_buyer"": true, ""buyer_persona"": {""persona_category"": ""retailer""}, ""quantity_scale"": ""High""}}, ""buyer_intent"": {""narrative"": ""Wants Huggies NB size diapers for resale in Bhajanpura, Delhi."", ""reasoning"": ""Buyer specified brand, size, and location for a resale business, showing clear commercial intent."", ""intent_level"": ""High""}, ""call_outcome"": {""category"": ""Follow-up"", ""conclusion_notes"": ""Seller will send the price list for the requested diapers (Theek hai main price list bhejta hoon).""}, ""call_purpose"": ""requirement"", ""all_languages"": [""Hindi"", ""English""], ""primary_language"": ""Hindi"", ""additional_details"": {""buyer_queries"": [{""query"": ""Is it possible to get Huggies NB size diapers in Bhajanpura, Delhi?"", ""category"": ""Availability"", ""sequence"": 1, ""answer_by_seller"": ""Yes, possible.""}, {""query"": ""What will be the rate for the cartoon?"", ""category"": ""Pricing"", ""sequence"": 3, ""answer_by_seller"": ""I will send you the price list.""}], ""seller_queries"": [{""query"": ""Do you need it for personal use?"", ""category"": ""Other"", ""sequence"": 2, ""answer_by_buyer"": ""No, for resale.""}]}, ""intended_application"": ""Retail Resale""}, ""products"": [{""in_stock"": ""in stock"", ""product_name"": ""Huggies Diapers"", ""specifications"": [{""name"": ""Size"", ""value"": ""NB"", ""buyer_requested"": true, ""seller_mentioned"": true}, {""name"": ""Brand"", ""value"": ""Huggies"", ""buyer_requested"": true, ""seller_mentioned"": true}], ""related_categories"": [{""name"": ""Baby Diapers"", ""reason"": ""The product is a type of baby diaper used for newborns.""}, {""name"": ""Disposable Baby Diapers"", ""reason"": ""Huggies diapers are disposable in nature.""}], ""is_buyer_interested"": true, ""most_specific_category"": {""name"": ""Huggies Dry Diapers"", ""reason"": ""The buyer specifically requested Huggies brand diapers.""}}], ""next_steps"": {""buyer_next_steps"": [""To review the price list provided by the seller""], ""seller_next_steps"": [""To share the price list for Huggies NB size diapers""]}, ""buyer_details"": {""buyer_name"": ""577972021cba3db8d1acdb92066aa10f6d4055492b7d6c04f7e3875c938bec96"", ""buyer_location"": {""buyer_city"": ""Delhi"", ""buyer_locality"": ""Bhajanpura""}}, ""seller_details"": {""seller_name"": ""602d3d0ab5e96a205221e5a0ea2e85b4d8aee8562a064533e95591f94d2df19e"", ""seller_location"": {""seller_city"": ""New Delhi""}}}"
2566037,2582848,23807911,38778,1970-01-01 00:00:00.000,"{""lead_tag"": {""deal_blockers"": [{""detail"": ""Seller requires minimum 1 ton order which might be a barrier."", ""category"": ""MOQ""}, {""detail"": ""Price has increased from 100 to 155 per kg recently."", ""category"": ""Price""}], ""deal_readiness"": ""Warm"", ""deal_readiness_reason"": ""Buyer has a genuine requirement for resale but was informed of price hikes and bulk MOQ.""}, ""metadata"": {""call_type"": {""type"": ""B2B"", ""reason"": ""The buyer mentions having a large wholesaling business and the seller discusses ton-scale MOQ, indicating a B2B transaction."", ""evidence"": {""keywords"": [""Wholesaling"", ""Manufacturer"", ""Supply"", ""1 Ton""], ""order_type"": [""bulk"", ""commercial""], ""repeat_buyer"": true, ""buyer_persona"": {""persona_detail"": ""Wholesale business owner"", ""persona_category"": ""wholesaler""}, ""quantity_scale"": ""High""}}, ""buyer_intent"": {""narrative"": ""Wants stretch film for reselling business in Pune."", ""reasoning"": ""Buyer has a clear business requirement for wholesaling but did not commit after hearing the current high rates."", ""intent_level"": ""Medium""}, ""call_outcome"": {""category"": ""Follow-up"", ""conclusion_notes"": ""Buyer will check and get back after discussing the new rates (Kaltatu kai asel tar).""}, ""call_purpose"": ""requirement"", ""all_languages"": [""Marathi"", ""Hindi"", ""English""], ""primary_language"": ""Marathi"", ""additional_details"": {""buyer_queries"": [{""query"": ""Where is the material coming from?"", ""category"": ""Location"", ""sequence"": 2, ""answer_by_seller"": ""The material is sourced from Daman.""}], ""seller_queries"": [{""query"": ""Where are you calling from?"", ""category"": ""Location"", ""sequence"": 1, ""answer_by_buyer"": ""Calling from Pune.""}]}, ""intended_application"": ""Wholesale Resale""}, ""products"": [{""price"": {""value"": 155, ""currency"": ""INR"", ""price_unit"": ""kg""}, ""in_stock"": ""in stock"", ""product_name"": ""Stretch Film"", ""specifications"": [{""name"": ""Type"", ""value"": ""Stretch Film"", ""buyer_requested"": true, ""seller_mentioned"": true}], ""related_categories"": [{""name"": ""Plastic Wrapping Film"", ""reason"": ""Stretch film is a type of plastic film used for wrapping and securing pallet loads.""}, {""name"": ""Packaging Materials"", ""reason"": ""It is widely used in logistics and warehousing as a key packaging material.""}], ""is_buyer_interested"": true, ""minimum_order_quantity"": {""unit"": ""ton"", ""value"": 1}, ""most_specific_category"": {""name"": ""Stretch Film"", ""reason"": ""The buyer specifically inquired about stretch film for packaging purposes.""}}, {""product_name"": ""BOPP Tape"", ""specifications"": [{""name"": ""Material"", ""value"": ""BOPP"", ""buyer_requested"": false, ""seller_mentioned"": true}], ""related_categories"": [{""name"": ""Packaging Materials"", ""reason"": ""BOPP tapes are standard materials used for sealing and packaging.""}], ""is_buyer_interested"": false, ""most_specific_category"": {""name"": ""Packaging Rolls"", ""reason"": ""The seller mentioned they manufacture BOPP tapes, which fall under packaging rolls.""}}], ""next_steps"": {""buyer_next_steps"": [""To consider the quoted price and MOQ for the stretch film requirement.""], ""seller_next_steps"": []}, ""buyer_details"": {""buyer_location"": {""buyer_city"": ""Pune""}}, ""seller_details"": {""seller_location"": {""seller_city"": ""Mumbai"", ""seller_locality"": ""Vasai""}}}"
2036572,2053359,24065895,2699,1970-01-01 00:00:00.000,"{""callback"": ""callback by Today [Right After Call] - To share contact and product details [Call cut zala na ki yeil maza message]"", ""lead_tag"": {""deal_blockers"": [{""detail"": ""Product requirement was mismatched; seller provides VFDs only."", ""category"": ""Availability""}], ""deal_readiness"": ""Warm"", ""deal_readiness_reason"": ""The buyer was quick to request a catalog and contact details after confirming the seller's product range.""}, ""metadata"": {""call_type"": {""type"": ""B2B"", ""reason"": ""The conversation revolves around sourcing specific industrial automation products (VFDs) across multiple brands for potential business use."", ""evidence"": {""keywords"": [""VFD"", ""Catalog""], ""order_type"": {""order_type_category"": ""commercial""}, ""repeat_buyer"": true, ""quantity_scale"": ""High""}}, ""buyer_intent"": {""narrative"": ""The buyer is inquiring about different brands of Variable Frequency Drives (VFD) and requested a catalog."", ""reasoning"": ""The buyer inquired about the available brands and requested a catalog for further evaluation, though the initial requirement for RCBB was redirected to VFD."", ""intent_level"": ""Medium""}, ""call_outcome"": {""category"": ""Pending"", ""conclusion_notes"": ""The seller promised to share contact details and catalog via automated message immediately after the call [Maza number pan yeil tumhala ek donach minutat].""}, ""call_purpose"": ""requirement"", ""all_languages"": [""Marathi"", ""English""], ""primary_language"": ""Marathi"", ""additional_details"": {""buyer_queries"": [{""query"": ""Which brands of VFDs do you provide?"", ""category"": ""Specifications"", ""sequence"": 1}], ""seller_queries"": []}, ""intended_application"": ""Industrial Automation""}, ""products"": [{""in_stock"": ""in stock"", ""product_name"": ""VFD"", ""specifications"": [{""name"": ""Brand"", ""value"": ""All Brands"", ""buyer_requested"": true, ""seller_mentioned"": true}], ""related_categories"": [{""name"": ""AC Motor Drive"", ""reason"": ""VFDs are most commonly used to control the speed of AC motors by varying frequency.""}, {""name"": ""Variable Frequency Drive Inverter"", ""reason"": ""VFDs are also known as frequency inverters in many applications.""}], ""is_buyer_interested"": true, ""most_specific_category"": {""name"": ""VFD"", ""reason"": ""The discussion specifically focused on Variable Frequency Drives across all brands.""}}], ""next_steps"": {""buyer_next_steps"": [""To check the automated message and catalog shared by the seller.""], ""seller_next_steps"": [""To share the product catalog and contact details on WhatsApp.""]}, ""buyer_details"": {""buyer_mobile_number"": ""7e176fff0e07f5564fc66904722bbf5715f17f9c3e07cbef134ffd9cb808e0b5""}, ""seller_details"": {""seller_name"": ""5f4df959a11580fc14aa6b139adb2ab40a2cfde5399c1cb6f7c9968eae5a825f"", ""seller_mobile_number"": ""7e176fff0e07f5564fc66904722bbf5715f17f9c3e07cbef134ffd9cb808e0b5""}}"
2936866,2953687,520052,80438,1970-01-01 00:00:00.000,"{""callback"": ""callback by Today Soon - To send quotation details (Quot bhijwa deta hun)"", ""lead_tag"": {""deal_blockers"": [], ""deal_readiness"": ""Hot"", ""deal_readiness_reason"": ""The buyer has a bulk requirement for 15 tons and wants to proceed with a quotation immediately.""}, ""metadata"": {""call_type"": {""type"": ""B2B"", ""reason"": ""Bulk requirement of 15 tons for industrial brands like SAIL and NMDC indicates a B2B transaction."", ""evidence"": {""keywords"": [""NMDC"", ""SAIL"", ""JNPT"", ""Tons""], ""order_type"": [""bulk"", ""commercial""], ""quantity_scale"": ""High""}}, ""buyer_intent"": {""narrative"": ""Looking for 15 tons of HR Sheets with 5mm thickness for JNPT delivery."", ""reasoning"": ""The buyer has specific dimensions, tonnage, and delivery location ready."", ""intent_level"": ""High""}, ""call_outcome"": {""category"": ""Follow-up"", ""conclusion_notes"": ""Buyer will share company details on WhatsApp for a formal quotation (Company details whatsapp kar dijiye quot bhijwa deta hun).""}, ""call_purpose"": ""requirement"", ""all_languages"": [""Hindi"", ""English""], ""primary_language"": ""Hindi"", ""additional_details"": {""buyer_queries"": [{""query"": ""Tell me the final price of the sheets."", ""category"": ""Pricing"", ""sequence"": 2, ""answer_by_seller"": ""59 Rupees per ton including delivery.""}, {""query"": ""Which brands do you have?"", ""category"": ""Specifications"", ""sequence"": 3, ""answer_by_seller"": ""NMDC and SAIL (Steel Authority of India).""}, {""query"": ""Is SAIL a Chinese brand?"", ""category"": ""Specifications"", ""sequence"": 4, ""answer_by_seller"": ""It is a Government of India brand.""}], ""seller_queries"": [{""query"": ""How much quantity do you need?"", ""category"": ""Quantity"", ""sequence"": 1}]}}, ""products"": [{""price"": {""gst"": {""is_gst_included"": false}, ""value"": 59, ""currency"": ""INR"", ""price_unit"": ""ton"", ""delivery_charge"": {""details"": ""Delivery to JNPT within the quoted price"", ""is_delivery_charge_included"": true}, ""buyer_price_reaction"": {""quote"": ""Theek hai"", ""category"": ""Accepted""}}, ""in_stock"": ""in stock"", ""product_name"": ""HR Sheet"", ""specifications"": [{""name"": ""Thickness"", ""unit"": ""mm"", ""value"": ""5"", ""buyer_requested"": true, ""seller_mentioned"": false}, {""name"": ""Width"", ""unit"": ""mm"", ""value"": ""1250"", ""buyer_requested"": true, ""seller_mentioned"": false}, {""name"": ""Length"", ""unit"": ""mm"", ""value"": ""2500"", ""buyer_requested"": true, ""seller_mentioned"": false}, {""name"": ""Brand"", ""value"": ""NMDC"", ""buyer_requested"": false, ""seller_mentioned"": true}, {""name"": ""Brand"", ""value"": ""SAIL"", ""buyer_requested"": false, ""seller_mentioned"": true}], ""quantity_required"": {""unit"": ""tons"", ""value"": 15}, ""related_categories"": [{""name"": ""Mild Steel Hot Rolled Sheet"", ""reason"": ""HR sheets are essentially mild steel hot rolled products.""}, {""name"": ""Hot Rolled Stainless Steel Sheet"", ""reason"": ""Related material category for hot rolled products.""}], ""is_buyer_interested"": true, ""most_specific_category"": {""name"": ""Hot Rolled Sheets"", ""reason"": ""The buyer explicitly asked for HR Sheets.""}, ""seller_accepts_quantity"": true}], ""next_steps"": {""buyer_next_steps"": [""To share company details on WhatsApp""], ""seller_next_steps"": [""To send quotation to the buyer"", ""To share delivery timeline for the order""]}, ""buyer_details"": {""buyer_name"": ""9d9414cbd35e10a2b1f889dc820ec7a91d6b272d78917ade61111cedf997ff77""}, ""seller_details"": {""seller_name"": ""b30a0e34683cf2594ffa4b9f9b2379d314ff57d48b9673a93ea2a29361805ef0""}}"
2948504,2965325,1001263,31157,1970-01-01 00:00:00.000,"{""callback"": """", ""lead_tag"": {""deal_blockers"": [{""detail"": ""Seller has stock in Ahmedabad while buyer is looking for Hyderabad"", ""category"": ""Location""}], ""deal_readiness"": ""Cold"", ""deal_readiness_reason"": ""Hard blocker due to location mismatch as the buyer specifically asked for a Hyderabad vendor.""}, ""metadata"": {""call_type"": {""type"": ""B2B"", ""reason"": ""The inquiry involves Isopropyl Alcohol (IPA) which is typically a B2B chemical solvent used in industrial and laboratory settings."", ""evidence"": {""keywords"": [""IPA""], ""order_type"": [""bulk""], ""quantity_scale"": ""High""}}, ""buyer_intent"": {""narrative"": ""Looking for Isopropyl Alcohol from a vendor in Hyderabad."", ""reasoning"": ""The buyer specifically specified the product (IPA) and is looking for a local vendor in Hyderabad."", ""intent_level"": ""Medium""}, ""call_outcome"": {""category"": ""Lost"", ""conclusion_notes"": ""Seller is located in Ahmedabad and does not have a vendor in Hyderabad (Hyderabad vendor hai aapke paas...Hyderabad mein nahi hai mere paas Ahmedabad mein hai)""}, ""call_purpose"": ""requirement"", ""all_languages"": [""English"", ""Hindi""], ""primary_language"": ""English"", ""additional_details"": {""buyer_queries"": [{""query"": ""What is your location?"", ""category"": ""Location"", ""sequence"": 1, ""answer_by_seller"": ""Ahmedabad, Gujarat""}, {""query"": ""Do you have a Hyderabad vendor?"", ""category"": ""Availability"", ""sequence"": 2}], ""seller_queries"": []}}, ""products"": [{""in_stock"": ""out of stock"", ""product_name"": ""IPA (Isopropyl Alcohol)"", ""related_categories"": [{""name"": ""Chemical Solvent"", ""reason"": ""Isopropyl Alcohol is a widely used industrial chemical solvent.""}, {""name"": ""Industrial Solvents"", ""reason"": ""Commonly used as an industrial solvent.""}, {""name"": ""Alcohol Based Chemicals"", ""reason"": ""It is an alcohol-based chemical compound.""}], ""is_buyer_interested"": true, ""most_specific_category"": {""name"": ""Isopropyl Alcohol IPA"", ""reason"": ""The buyer explicitly mentions IPA which stands for Isopropyl Alcohol.""}}], ""next_steps"": {""buyer_next_steps"": [], ""seller_next_steps"": []}, ""buyer_details"": {""buyer_name"": ""954c7a1f84096998e6df172544976b0f8357d9d545c0f5ffa0d7ca839ee8a383""}, ""seller_details"": {""seller_name"": ""3563122f4bc86b2b381bb72c8afc585b88ea9bc9904512c82ca13ea620c5bc4b""}}"
1159070,1173353,3226024,30613,1970-01-01 00:00:00.000,"{""payment"": {}, ""lead_tag"": {""deal_blockers"": [""Customization: Seller does not manufacture bulbs for other brands""], ""deal_readiness"": ""Warm"", ""deal_readiness_reason"": ""Interested in Helonax bulbs but primarily deals in own brand products.""}, ""metadata"": {""call_type"": {""type"": ""B2B"", ""reason"": ""The buyer is a supplier looking for 200 pieces of LED bulbs for resale, indicating a B2B transaction."", ""evidence"": {""keywords"": [""LED bulb supplier"", ""200 pieces"", ""Carton packing"", ""GST paid""], ""order_type"": ""Bulk"", ""repeat_buyer"": false, ""buyer_persona"": ""Supplier"", ""quantity_scale"": ""High""}}, ""buyer_intent"": {""narrative"": ""Buyer is looking for 200 pieces of 40W LED bulbs for their supply business."", ""reasoning"": ""Buyer is a regular supplier in their area and inquired about bulk pricing and custom branding options."", ""intent_level"": ""Medium""}, ""call_purpose"": ""requirement"", ""all_languages"": [""Hindi"", ""English""], ""buyer_conclusion"": {""category"": ""Follow-up"", ""conclusion_notes"": ""Will connect if there is a requirement for Helonax brand (Zaroorat padegi toh connect karunga)""}, ""primary_language"": ""Hindi"", ""additional_details"": {""buyer_queries"": [{""query"": ""What is the price for a 40 watt LED bulb?"", ""category"": ""Price"", ""sequence"": 1}, {""query"": ""Do you provide non-branded bulbs for custom branding?"", ""category"": ""Customization"", ""sequence"": 2}], ""seller_queries"": [{""query"": ""How much quantity do you need?"", ""category"": ""Quantity"", ""sequence"": 1}]}, ""intended_application"": ""Retail Resale""}, ""products"": [{""price"": {""gst"": {""details"": ""GST paid"", ""is_gst_included"": true}, ""value"": 295, ""currency"": ""INR"", ""price_unit"": ""piece""}, ""in_stock"": ""in stock"", ""product_name"": ""Helonax 40W LED Bulb"", ""specifications"": [{""name"": ""Wattage"", ""unit"": ""W"", ""value"": ""40"", ""buyer_requested"": true, ""seller_mentioned"": true}, {""name"": ""Brand"", ""value"": ""Helonax"", ""buyer_requested"": false, ""seller_mentioned"": true}, {""name"": ""Packaging"", ""unit"": ""pieces"", ""value"": ""6"", ""buyer_requested"": true, ""seller_mentioned"": true}], ""quantity_required"": {""unit"": ""pieces"", ""value"": 200}, ""related_categories"": [{""name"": ""LED Lights"", ""reason"": ""LED bulbs are a primary component of the LED lighting category.""}, {""name"": ""LED Lamp"", ""reason"": ""LED bulbs are often categorized as LED lamps in commercial contexts.""}], ""is_buyer_interested"": true, ""most_specific_category"": {""name"": ""LED Bulb"", ""reason"": ""The conversation specifically revolves around the pricing and supply of 40W LED bulbs.""}, ""quantity_accepted_by_seller"": true}], ""call_back"": ""callback by After the call - To share product details on WhatsApp (Main aapko message karta hoon)"", ""next_steps"": {""buyer_next_steps"": [""To review the price of Helonax bulbs and confirm if they want to proceed""], ""seller_next_steps"": [""To share product details on WhatsApp""]}, ""buyer_details"": {""buyer_name"": ""d90682a64e42d97e28c88a1211bf84b88c324021a77e605c7dc8d028d9a18411"", ""buyer_location"": {""buyer_city"": ""Delhi""}, ""buyer_mobile_number"": ""b45bf106424cca5042bc75b44fe1638c67aeb5c25d2164ca33afd639fac5b769""}, ""seller_details"": {""seller_name"": ""3916284aafcf7adac206d7ea999696b1f22df2e0bb168e3c5896246fb8495485"", ""seller_location"": {""seller_city"": ""New Delhi""}}, ""minimum_order_quantity"": {}}"
3431734,3448566,23807911,38778,1970-01-01 00:00:00.000,"{""payment"": {}, ""callback"": ""callback by Monday 1 PM - To confirm stock"", ""lead_tag"": {""deal_blockers"": [], ""deal_readiness"": ""Hot"", ""deal_readiness_reason"": ""The buyer has a bulk requirement for an immediate project.""}, ""metadata"": {""call_type"": {""type"": ""B2B"", ""reason"": ""The buyer is from a logistics company and has a bulk requirement for stretch wrap for commercial use."", ""evidence"": {""keywords"": [""Stretch wrap"", ""Logistics"", ""Bulk purchase""], ""order_type"": [""bulk"", ""recurring"", ""commercial""], ""repeat_buyer"": true, ""buyer_persona"": {""persona_detail"": ""Logistics Company"", ""persona_category"": ""service_provider""}, ""quantity_scale"": ""High""}}, ""buyer_intent"": {""narrative"": ""Wants 18 tons of stretch wrap per month for a logistics company."", ""reasoning"": ""The buyer has a clear requirement for a large quantity of stretch wrap and is looking for a reliable supplier."", ""intent_level"": ""High""}, ""call_outcome"": {""category"": ""Follow-up"", ""conclusion_notes"": ""The seller will share the catalog and price details on WhatsApp.""}, ""call_purpose"": ""requirement"", ""all_languages"": [""Hindi"", ""English""], ""primary_language"": ""English"", ""additional_details"": {""buyer_queries"": [{""query"": ""What is the thickness of the stretch wrap?"", ""category"": ""Specifications"", ""sequence"": 1}, {""query"": ""Can you supply 18 tons of stretch wrap per month?"", ""category"": ""Quantity"", ""sequence"": 3}], ""seller_queries"": [{""query"": ""What is the size and thickness of the stretch wrap?"", ""category"": ""Specifications"", ""sequence"": 2}]}, ""intended_application"": ""Logistics operations""}, ""products"": [{""in_stock"": ""in stock"", ""product_name"": ""Stretch wrap"", ""specifications"": [{""name"": ""Thickness"", ""unit"": ""micron"", ""value"": ""23"", ""buyer_requested"": true, ""seller_mentioned"": true}, {""name"": ""Width"", ""unit"": ""mm"", ""value"": ""450"", ""buyer_requested"": true, ""seller_mentioned"": true}, {""name"": ""Weight"", ""unit"": ""mm"", ""value"": ""5"", ""buyer_requested"": true, ""seller_mentioned"": true}], ""quantity_required"": {""unit"": ""tons"", ""value"": 18}, ""related_categories"": [{""name"": ""Stretch Film"", ""reason"": ""The product is used for wrapping and securing items, which is the primary function of stretch film.""}], ""is_buyer_interested"": true, ""seller_accepts_quantity"": true}], ""next_steps"": {""buyer_next_steps"": [""To share the requirements via email.""], ""seller_next_steps"": [""To share the catalog and price details on WhatsApp.""]}, ""buyer_details"": {""buyer_name"": ""8f89e939acd909012b50238c28fa6738a566ee3ca2420522f8e4751b34073fd5""}, ""seller_details"": {""seller_name"": ""6dce69facae598b79f7aab72a638381e6a79594b33ea60a89d34d02171fbc44a""}}"
3432345,3449174,9580208,180385,1970-01-01 00:00:00.000,"{""callback"": ""callback by Tomorrow - To discuss delivery location and logistics (Kal batata hoon kaha bhijwana hai)"", ""lead_tag"": {""deal_blockers"": [], ""deal_readiness"": ""Warm"", ""deal_readiness_reason"": ""Buyer expressed interest in bulk purchase and discussed pricing but needs time to confirm the delivery details.""}, ""metadata"": {""call_type"": {""type"": ""B2B"", ""reason"": ""The buyer is inquiring about a 25kg bulk bag of sortex quality seeds, typical for commercial resale or industrial use."", ""evidence"": {""keywords"": [""Sortex Quality"", ""Double Sortex"", ""Bulk Quantity"", ""25 kg Bag""], ""order_type"": [""bulk"", ""commercial""], ""repeat_buyer"": false, ""buyer_persona"": {""persona_detail"": ""Bulk Buyer"", ""persona_category"": ""retailer""}, ""quantity_scale"": ""High""}}, ""buyer_intent"": {""narrative"": ""Wants 25 kg of sortex quality chia seeds for bulk use."", ""reasoning"": ""Buyer specifies bulk quantity (25kg bag) and specific quality (sortex) which indicates professional/commercial interest."", ""intent_level"": ""High""}, ""call_outcome"": {""category"": ""Follow-up"", ""conclusion_notes"": ""Buyer will confirm the location for delivery (Kaha se bol rahe ho... kal batata hoon)""}, ""call_purpose"": ""requirement"", ""all_languages"": [""Hindi"", ""English""], ""primary_language"": ""Hindi"", ""additional_details"": {""buyer_queries"": [{""query"": ""What is the rate for chia seeds?"", ""category"": ""Pricing"", ""sequence"": 2, ""answer_by_seller"": ""It is priced at 230 rupees per kg.""}, {""query"": ""Is it available in sortex quality?"", ""category"": ""Specifications"", ""sequence"": 3, ""answer_by_seller"": ""Yes, it is double sortex, ready to pack, and ready to eat.""}], ""seller_queries"": [{""query"": ""How much quantity do you need?"", ""category"": ""Quantity"", ""sequence"": 1, ""answer_by_buyer"": ""I need it in bulk, specifically a 25 kg bag.""}]}, ""intended_application"": ""Bulk Resale""}, ""products"": [{""price"": {""value"": 230, ""currency"": ""INR"", ""price_unit"": ""kg"", ""buyer_price_reaction"": {""quote"": ""Theek hai 230"", ""category"": ""Accepted""}}, ""in_stock"": ""in stock"", ""product_name"": ""Chia Seeds (Sortex)"", ""specifications"": [{""name"": ""Quality"", ""value"": ""Double Sortex"", ""buyer_requested"": true, ""seller_mentioned"": true}, {""name"": ""Processing"", ""value"": ""Ready to eat"", ""buyer_requested"": false, ""seller_mentioned"": true}, {""name"": ""Packaging Type"", ""value"": ""25 kg Bag"", ""buyer_requested"": false, ""seller_mentioned"": false}], ""quantity_required"": {""unit"": ""kg"", ""value"": 25}, ""related_categories"": [{""name"": ""Black Chia Seed"", ""reason"": ""Chia seeds are often available as black chia seeds.""}, {""name"": ""Edible Seeds"", ""reason"": ""Chia seeds are a popular type of edible seed.""}], ""is_buyer_interested"": true, ""most_specific_category"": {""name"": ""Chia Seed"", ""reason"": ""The buyer explicitly requested Chia seeds and confirmed sortex quality.""}, ""seller_accepts_quantity"": true}], ""next_steps"": {""buyer_next_steps"": [""To confirm the delivery location""], ""seller_next_steps"": [""To provide stock availability for 25kg bags""]}, ""buyer_details"": {""buyer_name"": ""9bd2ef7a9ddbb22386f27f5f6885f8eeef6cdf57e96bbdef0f9e0421f1ec4654"", ""buyer_mobile_number"": ""21a1b90cf34a522c4fa1105646943eb3d3e52e0c1b3bb86138129b0d22503e42""}, ""seller_details"": {""seller_name"": ""59efaf6aeb8c6b4caff324c45b6093a15ead8056f6e461bc8a9561dde0600428""}}"
3095837,3112657,8436657,4167,1970-01-01 00:00:00.000,"{""callback"": ""callback by Monday 1 PM - To confirm stock (Main aapko phone kartaa hoon)"", ""lead_tag"": {""deal_blockers"": [], ""deal_readiness"": ""Warm"", ""deal_readiness_reason"": ""Wants to launch a new brand soon and is collecting info""}, ""metadata"": {""call_type"": {""type"": ""B2B"", ""reason"": ""The buyer wants to set up their own brand for mass production and distribution of baby diapers, indicating a commercial B2B arrangement."", ""evidence"": {""order_type"": [""commercial"", ""recurring""], ""repeat_buyer"": true, ""buyer_persona"": {""persona_detail"": ""New Brand Owner"", ""persona_category"": ""manufacturer""}}}, ""buyer_intent"": {""narrative"": ""Wants to manufacture baby diapers under their own brand"", ""reasoning"": ""Strong intent to start a new business brand but still in the early phase of enquiry"", ""intent_level"": ""Medium""}, ""call_outcome"": {""category"": ""Follow-up"", ""conclusion_notes"": ""Will connect again to discuss brand setup details (Main aapko lagaata hoon)""}, ""call_purpose"": ""requirement"", ""all_languages"": [""Hindi"", ""English""], ""primary_language"": ""Hindi"", ""additional_details"": {""buyer_queries"": [{""query"": ""What is manufactured at your facility?"", ""category"": ""Specifications"", ""sequence"": 1}], ""seller_queries"": [{""query"": ""Where are you calling from?"", ""category"": ""Location"", ""sequence"": 2}]}}, ""products"": [{""in_stock"": ""in stock"", ""product_name"": ""Baby Diapers"", ""related_categories"": [{""name"": ""Diaper Third Party Manufacturing"", ""reason"": ""The buyer's intent is to get diapers manufactured under their own brand name.""}, {""name"": ""Baby Care Products"", ""reason"": ""Diapers fall under the broader baby care category mentioned in the call.""}, {""name"": ""Disposable Baby Diapers"", ""reason"": ""Common manufacturing standard for the requested product.""}], ""is_buyer_interested"": true, ""most_specific_category"": {""name"": ""Baby Diapers"", ""reason"": ""The buyer specifically asked about manufacturing baby diapers to start a new brand.""}}, {""in_stock"": ""in stock"", ""product_name"": ""Maternity Pads (Maternity Packs)"", ""related_categories"": [{""name"": ""Diapering Products"", ""reason"": ""Generally related to the hygiene category discussed.""}], ""is_buyer_interested"": true, ""most_specific_category"": {""name"": ""Mamy Poko Pants Diaper"", ""reason"": ""Mentioned as a product manufactured at the facility.""}}], ""next_steps"": {""buyer_next_steps"": [""To provide details for private labeling""], ""seller_next_steps"": [""To share manufacturing capabilities and costs""]}, ""buyer_details"": {""buyer_location"": {""buyer_city"": ""Noida""}, ""buyer_mobile_number"": ""4cd73b0d74fd41fdadcd33bc4ee1f7286dd5d04c859b7b5ee4fae4e9f60d645f""}, ""seller_details"": {""seller_name"": ""602d3d0ab5e96a205221e5a0ea2e85b4d8aee8562a064533e95591f94d2df19e""}}"
2902465,2919285,886018,38778,1970-01-01 00:00:00.000,"{""callback"": ""callback by Tomorrow 10 AM - To confirm stock levels and final delivery time (Kal subah 10 baje call karta hoon)"", ""lead_tag"": {""deal_blockers"": [{""detail"": ""Buyer requested 6-inch size which needed confirmation on availability"", ""category"": ""Other""}], ""deal_readiness"": ""Warm"", ""deal_readiness_reason"": ""The buyer has a specific quantity and sized requirement and is waiting for a price confirmation on WhatsApp.""}, ""metadata"": {""call_type"": {""type"": ""B2B"", ""reason"": ""The buyer requires 30 kg of stretch film for packaging applications, indicating a commercial or small industrial use cases."", ""evidence"": {""keywords"": [""Packing Roll"", ""Stretch Film"", ""6 inch""], ""order_type"": [""commercial"", ""one-time""], ""repeat_buyer"": false, ""buyer_persona"": {""persona_detail"": ""Professional user for packing"", ""persona_category"": ""other""}, ""quantity_scale"": ""High""}}, ""buyer_intent"": {""narrative"": ""Wants 30 kg of 6-inch stretch film for packing purposes."", ""reasoning"": ""Buyer stated specific product dimensions (6-inch) and a concrete quantity (30 kg) and requested pricing immediately."", ""intent_level"": ""High""}, ""call_outcome"": {""category"": ""Follow-up"", ""conclusion_notes"": ""Seller requested buyer to send details on WhatsApp for pricing (WhatsApp karo rate bhejta hoon)""}, ""call_purpose"": ""requirement"", ""all_languages"": [""Hindi"", ""English""], ""primary_language"": ""Hindi"", ""additional_details"": {""buyer_queries"": [{""query"": ""What is the rate for a 6-inch packing roll?"", ""category"": ""Pricing"", ""sequence"": 1}, {""query"": ""Is 30 kg of 6-inch stretch film available?"", ""category"": ""Availability"", ""sequence"": 2}], ""seller_queries"": [{""query"": ""How much quantity do you need?"", ""category"": ""Quantity"", ""sequence"": 3}]}, ""intended_application"": ""Product Packaging""}, ""products"": [{""price"": {""negotiation_notes"": ""Buyer asked for the rate to be sent on WhatsApp for review."", ""buyer_price_reaction"": {""quote"": ""Rate wagera bhej do"", ""category"": ""Negotiating""}}, ""in_stock"": ""in stock"", ""product_name"": ""6 inch Packing Roll (Stretch Film)"", ""specifications"": [{""name"": ""Size"", ""unit"": ""inch"", ""value"": ""6"", ""buyer_requested"": true, ""seller_mentioned"": true}, {""name"": ""Type"", ""value"": ""Packing Roll"", ""buyer_requested"": false, ""seller_mentioned"": true}], ""quantity_required"": {""unit"": ""kg"", ""value"": 30}, ""related_categories"": [{""name"": ""Plastic Wrapping Film"", ""reason"": ""The product is used for wrapping cartons and goods.""}, {""name"": ""LLDPE Stretch Film Roll"", ""reason"": ""Commonly used material for commercial packing rolls.""}], ""is_buyer_interested"": true, ""most_specific_category"": {""name"": ""Stretch Film"", ""reason"": ""The buyer explicitly asked for a packing roll used for wrapping cartons, which is standard for stretch films.""}, ""seller_accepts_quantity"": true}], ""next_steps"": {""buyer_next_steps"": [""To send a message on the seller's WhatsApp number for rate quotes"", ""To verify the 6-inch size requirement against their actual need""], ""seller_next_steps"": [""To share pricing details for the 6-inch stretch film on WhatsApp"", ""To follow up with the buyer if no message is received""]}, ""buyer_details"": {""buyer_name"": ""428ea2d71cfa2fe5c8a922af534ad559494fdfc1dd90438704e10e7fb2c14c74""}, ""seller_details"": {""seller_name"": ""1ed6572c98a5275a098f9e5c8dee2d432508554165958189445918d27efaf446"", ""seller_mobile_number"": ""d5581af2c847fab132e01af42119c3b93eac37d9aa7966b181bf071e439d1e8f""}}"
3101680,3118504,8436657,4167,1970-01-01 00:00:00.000,"{""callback"": ""callback by Tomorrow 10 AM - To discuss catalog details (Kal 10 baje call karke detail bataiye)"", ""lead_tag"": {""deal_blockers"": [], ""deal_readiness"": ""Warm"", ""deal_readiness_reason"": ""Buyer has expressed clear interest in disposable baby diapers and wants a catalog to proceed.""}, ""metadata"": {""call_type"": {""type"": ""B2B"", ""reason"": ""Buyer is asking for product catalog for specific sizes typically needed for retail or distribution."", ""evidence"": {""keywords"": [""disposable"", ""L size"", ""XL size""], ""order_type"": [""bulk""], ""repeat_buyer"": false}}, ""buyer_intent"": {""narrative"": ""Wants to review the catalog for disposable baby diapers, specifically for L and XL sizes."", ""reasoning"": ""Buyer identifies a specific product and size requirements (L, XL) and asks for the catalog."", ""intent_level"": ""Medium""}, ""call_outcome"": {""category"": ""Follow-up"", ""conclusion_notes"": ""Seller will share the catalog on WhatsApp (Catalog WhatsApp par bhej raha hoon)""}, ""call_purpose"": ""requirement"", ""all_languages"": [""English"", ""Hindi""], ""primary_language"": ""English"", ""additional_details"": {""buyer_queries"": [{""query"": ""Can you share your catalog? I need details on sizes L and XL."", ""category"": ""Specifications"", ""sequence"": 1}], ""seller_queries"": []}}, ""products"": [{""in_stock"": ""in stock"", ""product_name"": ""Disposable Baby Diapers"", ""specifications"": [{""name"": ""Size"", ""value"": ""L"", ""buyer_requested"": true, ""seller_mentioned"": false}, {""name"": ""Size"", ""value"": ""XL"", ""buyer_requested"": true, ""seller_mentioned"": false}], ""related_categories"": [{""name"": ""Baby Diaper Pants"", ""reason"": ""Product is a variant of diapering items.""}, {""name"": ""Baby Diapers"", ""reason"": ""General category for the specific product discussed.""}], ""is_buyer_interested"": true, ""most_specific_category"": {""name"": ""Disposable Baby Diapers"", ""reason"": ""The buyer explicitly requested 'disposable baby diapers' and mentioned sizes L and XL.""}}, {""in_stock"": ""in stock"", ""product_name"": ""Disposable Baby Diapers"", ""specifications"": [{""name"": ""Size"", ""value"": ""XL"", ""buyer_requested"": true, ""seller_mentioned"": false}], ""related_categories"": [{""name"": ""Baby Diaper Pants"", ""reason"": ""Product is a variant of diapering items.""}, {""name"": ""Baby Diapers"", ""reason"": ""General category for the specific product discussed.""}], ""is_buyer_interested"": true, ""most_specific_category"": {""name"": ""Disposable Baby Diapers"", ""reason"": ""The buyer explicitly requested 'disposable baby diapers' and mentioned sizes L and XL.""}}], ""next_steps"": {""buyer_next_steps"": [""To check the catalog on WhatsApp"", ""To confirm size and quantity requirements""], ""seller_next_steps"": [""To share the product catalog on WhatsApp""]}, ""buyer_details"": {""buyer_name"": ""f5aa9a7cd6c792f0a88824adba0e90fff71e86aa49e43c1a9dc1479dbc940698"", ""buyer_mobile_number"": ""9b2ab919db5d75945ecf45b31a8c50fbf8772e792178ab43928e2fc34d416680""}, ""seller_details"": {""seller_name"": ""602d3d0ab5e96a205221e5a0ea2e85b4d8aee8562a064533e95591f94d2df19e""}}"
3105125,3121949,8436657,4167,1970-01-01 00:00:00.000,"{""callback"": ""callback by Tomorrow - To discuss business details and give proper knowledge (Kal hum hum baat karenge aapko proper knowledge chahiye iska)"", ""lead_tag"": {""deal_blockers"": [{""detail"": ""Seller is based in Delhi while the buyer is from Ahmedabad, causing potential logistics friction"", ""category"": ""Location""}], ""deal_readiness"": ""Warm"", ""deal_readiness_reason"": ""Buyer is starting a new business and needs 5 lakh pieces, but requires more industry knowledge first""}, ""metadata"": {""call_type"": {""type"": ""B2B"", ""reason"": ""The buyer discussed a very high volume of 5 lakh pieces for a new business setup, indicating a B2B commercial intent."", ""evidence"": {""keywords"": [""loose baby diapers"", ""new business"", ""hospitality supply""], ""order_type"": [""bulk"", ""commercial""], ""repeat_buyer"": true, ""buyer_persona"": {""persona_detail"": ""New business owner"", ""persona_category"": ""retailer""}, ""quantity_scale"": ""High""}}, ""buyer_intent"": {""narrative"": ""Starting a new business and requires 5 lakh pieces of loose baby diapers."", ""reasoning"": ""The buyer has a specific large quantity (5 lakh) and is looking for guidance to start a new business venture."", ""intent_level"": ""High""}, ""call_outcome"": {""category"": ""Follow-up"", ""conclusion_notes"": ""Buyer was advised to gain experience from local vendors in Ahmedabad first (Ahmedabad mein kafivender hain, aap unse pehle experience le lein)""}, ""call_purpose"": ""requirement"", ""all_languages"": [""Hindi"", ""English""], ""primary_language"": ""Hindi"", ""additional_details"": {""buyer_queries"": [{""query"": ""Can I get 5 lakh pieces of loose baby diapers?"", ""category"": ""Quantity"", ""sequence"": 1}, {""query"": ""What is the difference between A Grade, B Grade, and Premium quality diapers?"", ""category"": ""Specifications"", ""sequence"": 2}], ""seller_queries"": [{""query"": ""Where do you want to do business - online or offline?"", ""category"": ""Other"", ""sequence"": 3}]}, ""intended_application"": ""Retail Resale""}, ""products"": [{""in_stock"": ""in stock"", ""product_name"": ""A Grade Baby Diaper (Loose)"", ""specifications"": [{""name"": ""Grade"", ""value"": ""A"", ""buyer_requested"": false, ""seller_mentioned"": true}, {""name"": ""Condition"", ""value"": ""Fresh"", ""buyer_requested"": false, ""seller_mentioned"": true}], ""related_categories"": [{""name"": ""Baby Diapers"", ""reason"": ""The product is specifically mentioned as a baby diaper""}, {""name"": ""Disposable Baby Diapers"", ""reason"": ""Diapers discussed are of the disposable grade for bulk supply""}], ""is_buyer_interested"": true}, {""in_stock"": ""in stock"", ""product_name"": ""B Grade Baby Diaper (Loose)"", ""specifications"": [{""name"": ""Grade"", ""value"": ""B"", ""buyer_requested"": false, ""seller_mentioned"": true}, {""name"": ""Issues"", ""value"": ""Minor weight variation or belt/rubber issues"", ""buyer_requested"": false, ""seller_mentioned"": true}], ""related_categories"": [{""name"": ""Baby Diaper Pants"", ""reason"": ""General categorization of baby diaper products""}, {""name"": ""Diapering Products"", ""reason"": ""Falls under the broad category of diapering requirements""}], ""is_buyer_interested"": true}, {""in_stock"": ""in stock"", ""product_name"": ""Premium Baby Diaper (Loose)"", ""specifications"": [{""name"": ""Category"", ""value"": ""Premium"", ""buyer_requested"": false, ""seller_mentioned"": true}, {""name"": ""Sheet Type"", ""value"": ""Super soft bubble sheet"", ""buyer_requested"": false, ""seller_mentioned"": true}], ""related_categories"": [{""name"": ""Baby Diapers"", ""reason"": ""Primary product discussed is baby diapers""}, {""name"": ""Disposable Diaper"", ""reason"": ""These are disposable loose diapers for commercial supply""}], ""is_buyer_interested"": true}], ""next_steps"": {""buyer_next_steps"": [""To research local vendors in Ahmedabad for initial product experience"", ""To visit the seller's office in Delhi for a detailed meeting""], ""seller_next_steps"": [""To provide guidance on diaper grades (A, B, and Premium) during the next interaction""]}, ""buyer_details"": {""buyer_name"": ""04096803980ae94a1e7a259d75b8b5058db2880c4a94781cfed878889d7923d0""}, ""seller_details"": {""seller_name"": ""04096803980ae94a1e7a259d75b8b5058db2880c4a94781cfed878889d7923d0"", ""seller_location"": {""seller_city"": ""Delhi""}}}"
1184728,1199045,11689644,145463,1970-01-01 00:00:00.000,"{""payment"": {}, ""lead_tag"": {""deal_blockers"": [""Product: Seller does not deal in the specific PVC dining table sheet requested""], ""deal_readiness"": ""Cold"", ""deal_readiness_reason"": ""The seller immediately stated they do not provide the requested product.""}, ""metadata"": {""call_type"": {""type"": ""B2C"", ""reason"": ""The inquiry is for a single household item (dining table sheet) for personal use."", ""evidence"": {""order_type"": ""One-time"", ""quantity_scale"": ""Low""}}, ""buyer_intent"": {""narrative"": ""Wants to purchase PVC top sheets for a dining table."", ""reasoning"": ""The buyer specifically identified a product seen online but the inquiry ended immediately as the seller does not stock it."", ""intent_level"": ""Low""}, ""call_purpose"": ""requirement"", ""all_languages"": [""Hindi""], ""buyer_conclusion"": {""category"": ""Lost"", ""conclusion_notes"": ""The seller confirmed they do not provide the item (No, we don't give that).""}, ""primary_language"": ""Hindi"", ""additional_details"": {""buyer_queries"": [{""query"": ""Do you provide the PVC sheet that goes on top of dining tables?"", ""category"": ""Availability"", ""sequence"": 1}], ""seller_queries"": []}, ""intended_application"": ""Furniture protection""}, ""products"": [{""in_stock"": ""not sold"", ""product_name"": ""PVC sheet (Dining Table Sheet)"", ""specifications"": [{""name"": ""Application"", ""value"": ""Dining Table TOP"", ""buyer_requested"": true, ""seller_mentioned"": false}], ""related_categories"": [{""name"": ""Insulation Material"", ""reason"": ""PVC sheets serve as protective layers and thermal barriers for furniture.""}], ""is_buyer_interested"": true, ""most_specific_category"": {""name"": ""Insulation Sheets"", ""reason"": ""The buyer asked for PVC sheets used for dining tables, which are commonly used as protective insulation or covering sheets.""}}], ""call_back"": """", ""next_steps"": {""buyer_next_steps"": [], ""seller_next_steps"": []}, ""buyer_details"": {""buyer_name"": ""3a8852ec579563dd23a15383c861ddd6679499308499291ac66aafc79305cf88"", ""buyer_mobile_number"": ""5e644533435293a43c7068a38a6b927d72a06af4b140fa5d408de9dff9a128e6""}, ""seller_details"": {""seller_name"": ""220bf82894968c97bbfad71c50b7d1fad6aeb9287ed873533ec38ad945f67022""}, ""minimum_order_quantity"": {}}"
1808212,1824992,8436657,4167,1970-01-01 00:00:00.000,"{""payment"": {}, ""callback"": ""callback by Tomorrow 5 PM - To finalize price details with brother (Kal 5 baje call karta hoon)"", ""lead_tag"": {""deal_blockers"": [], ""deal_readiness"": ""Hot"", ""deal_readiness_reason"": ""Ready to purchase 50,000 to 60,000 units after sharing photos and confirming final rates.""}, ""metadata"": {""call_type"": {""type"": ""B2B"", ""reason"": ""The buyer intends to purchase in high volumes (50,000+ pieces) to repackage under his own brand name for resale, indicating a B2B business relationship."", ""evidence"": {""keywords"": [""Local packing"", ""Own brand"", ""A-grade"", ""Bulk order""], ""order_type"": {""order_type_category"": ""bulk""}, ""repeat_buyer"": true, ""buyer_persona"": {""persona_detail"": ""Small scale brand owner"", ""persona_category"": ""manufacturer""}, ""quantity_scale"": ""High""}}, ""buyer_intent"": {""narrative"": ""Wants to buy 50,000-60,000 units of A-grade baby diapers for his own brand packing."", ""reasoning"": ""Specific quantity mentioned, clear business model (re-branding), and discussion about logistics to Ambala."", ""intent_level"": ""High""}, ""call_outcome"": {""category"": ""Pending"", ""conclusion_notes"": ""Wants to discuss the price with his brother after receiving photos and a quote (Bhai ke saath discuss karke batata hoon).""}, ""call_purpose"": ""requirement"", ""all_languages"": [""Hindi"", ""English""], ""primary_language"": ""Hindi"", ""additional_details"": {""buyer_queries"": [{""query"": ""What are the current prices for A-grade diapers?"", ""category"": ""Pricing"", ""sequence"": 1}, {""query"": ""Can you manage dispatch to Ambala?"", ""category"": ""Delivery"", ""sequence"": 2}], ""seller_queries"": [{""query"": ""Do you need the products in loose or brand packing?"", ""category"": ""Quantity"", ""sequence"": 3}]}, ""intended_application"": ""Retail Resale""}, ""products"": [{""price"": {""gst"": {""is_gst_included"": true}, ""value"": 340, ""currency"": ""INR"", ""price_unit"": ""75 pieces"", ""buyer_price_reaction"": {""quote"": ""Can it be lower for bulk?"", ""category"": ""Negotiating""}}, ""in_stock"": ""in stock"", ""product_name"": ""A-Grade Baby Diapers (Baby Diapers)"", ""specifications"": [{""name"": ""Quality Grade"", ""value"": ""A-Grade"", ""buyer_requested"": false, ""seller_mentioned"": true}, {""name"": ""Packing Type"", ""value"": ""Loose/Transparent for re-branding"", ""buyer_requested"": true, ""seller_mentioned"": true}, {""name"": ""Pack Size"", ""unit"": ""pieces"", ""value"": ""75"", ""buyer_requested"": false, ""seller_mentioned"": true}], ""quantity_required"": {""unit"": ""pieces"", ""value"": 50000}, ""related_categories"": [{""name"": ""Disposable Baby Diapers"", ""reason"": ""Common category for bulk A-grade diapers.""}, {""name"": ""Baby Diaper Pants"", ""reason"": ""General term for baby absorbent products.""}], ""is_buyer_interested"": true, ""most_specific_category"": {""name"": ""Baby Diapers"", ""reason"": ""The conversation centers on baby diapers for private labeling.""}, ""seller_accepts_quantity"": true}], ""next_steps"": {""buyer_next_steps"": [""To discuss prices and samples with his brother once received on WhatsApp.""], ""seller_next_steps"": [""To share product photos on WhatsApp"", ""To send a final price quote for 50,000 to 1,00,000 pieces.""]}, ""buyer_details"": {""buyer_name"": ""3ad352f9d0b324df74066562bae65f08af7cac3f50c5102fcd74afe228f42f37"", ""buyer_location"": {""buyer_city"": ""Ambala""}}, ""seller_details"": {""seller_name"": ""602d3d0ab5e96a205221e5a0ea2e85b4d8aee8562a064533e95591f94d2df19e"", ""seller_location"": {""seller_city"": ""New Delhi"", ""seller_locality"": ""Bawana""}}}"
2902018,2918838,1001263,31157,1970-01-01 00:00:00.000,"{""callback"": ""callback by Tomorrow - To discuss product details and location in Narol (Kaal vaat karu)"", ""lead_tag"": {""deal_blockers"": [], ""deal_readiness"": ""Warm"", ""deal_readiness_reason"": ""The buyer shared her location and requested a catalog for further discussion tomorrow.""}, ""metadata"": {""call_type"": {""type"": ""B2B"", ""reason"": ""The conversation involves industrial chemical solvents for cosmetic use in bulk quantities, implying a B2B context for a business setup in Ahmedabad."", ""evidence"": {""keywords"": [""Cosmetic Items"", ""Solvents"", ""IPA"", ""Narol""], ""order_type"": [""commercial"", ""recurring""], ""repeat_buyer"": true, ""buyer_persona"": {""persona_detail"": ""Cosmetic Shop Owner"", ""persona_category"": ""retailer""}, ""quantity_scale"": ""High""}}, ""buyer_intent"": {""narrative"": ""Wants a price list and details of solvents like IPA, Acetone, and Toluene."", ""reasoning"": ""The buyer has a specific list of solvents in mind and shared her number and location to continue the business discussion."", ""intent_level"": ""Medium""}, ""call_outcome"": {""category"": ""Follow-up"", ""conclusion_notes"": ""Agreed to talk tomorrow and share details via WhatsApp (Kaale vaat kariye... WhatsApp par hi moklo).""}, ""call_purpose"": ""requirement"", ""all_languages"": [""Gujarati"", ""Hindi"", ""English""], ""primary_language"": ""Gujarati"", ""additional_details"": {""buyer_queries"": [{""query"": ""Which cosmetic items do you provide?"", ""category"": ""Specifications"", ""sequence"": 2, ""answer_by_seller"": ""We deal in IPA, Acetone, Toluene, Xylene, and all other solvents.""}], ""seller_queries"": [{""query"": ""Where are you located in Narol?"", ""category"": ""Location"", ""sequence"": 1, ""answer_by_buyer"": ""My house is in Narol, so where exactly are you located?""}]}}, ""products"": [{""in_stock"": ""in stock"", ""product_name"": ""IPA (Isopropyl Alcohol)"", ""specifications"": [{""name"": ""Chemical Type"", ""value"": ""Solvent"", ""buyer_requested"": true, ""seller_mentioned"": true}], ""related_categories"": [{""name"": ""Industrial Solvents"", ""reason"": ""IPA is widely used as an industrial solvent across various sectors.""}, {""name"": ""Chemical Solvent"", ""reason"": ""It is a primary chemical solvent used in manufacturing products like cosmetics.""}], ""is_buyer_interested"": true, ""most_specific_category"": {""name"": ""Isopropyl Alcohol IPA"", ""reason"": ""The buyer specifically mentioned a requirement for IPA (Isopropyl Alcohol), which the seller confirmed dealing in.""}}, {""in_stock"": ""in stock"", ""product_name"": ""Acetone"", ""specifications"": [{""name"": ""Chemical Type"", ""value"": ""Solvent"", ""buyer_requested"": false, ""seller_mentioned"": true}], ""related_categories"": [{""name"": ""Industrial Solvents"", ""reason"": ""Acetone is a key industrial solvent.""}], ""is_buyer_interested"": true, ""most_specific_category"": {""name"": ""Acetone Solvent"", ""reason"": ""The seller explicitly mentioned stocking Acetone as part of their solvent range.""}}, {""in_stock"": ""in stock"", ""product_name"": ""Toluene"", ""specifications"": [{""name"": ""Chemical Type"", ""value"": ""Solvent"", ""buyer_requested"": false, ""seller_mentioned"": true}], ""related_categories"": [{""name"": ""Industrial Solvents"", ""reason"": ""Toluene is a major industrial chemical solvent.""}], ""is_buyer_interested"": true, ""most_specific_category"": {""name"": ""Toluene"", ""reason"": ""Toluene was specifically listed by the seller as one of the solvents they trade.""}}], ""next_steps"": {""buyer_next_steps"": [""To send a list of required chemicals via WhatsApp"", ""To call back tomorrow to finalize details""], ""seller_next_steps"": [""To share the product catalog and price list on WhatsApp"", ""To provide the exact factory address in Narol""]}, ""buyer_details"": {""buyer_name"": ""b06514d8bc65875cc670a226aa945c492c126ef2da71f226c3ed938aacb27f30"", ""buyer_location"": {""buyer_city"": ""Ahmedabad""}}, ""seller_details"": {""seller_name"": ""e47fbd51001797f5437fb3adae168bfe7de5a5079917ed95029a27478a9c2959"", ""seller_location"": {""seller_city"": ""Ahmedabad"", ""seller_locality"": ""Narol""}, ""seller_mobile_number"": ""b1c6fc758a9b20f434a5b0446a62fbe6a9c27bdc552585bfb11f5525679bd63e""}}"
2962515,2979336,8436657,4167,1970-01-01 00:00:00.000,"{""payment"": {}, ""callback"": ""callback by Tomorrow 5 PM - To finalize (Kal 5 baje call karta hoon)"", ""lead_tag"": {""deal_blockers"": [], ""deal_readiness"": ""Warm"", ""deal_readiness_reason"": ""Buyer is actively researching wholesale rates for an online business and requested further details on WhatsApp.""}, ""metadata"": {""call_type"": {""type"": ""B2B"", ""reason"": ""The buyer is looking for wholesale rates and unbranded products to resell through his online business, indicating a B2B transaction."", ""evidence"": {""keywords"": [""Wholesale Rate"", ""Online Supply"", ""Unbranded""], ""order_type"": [""bulk"", ""commercial""], ""repeat_buyer"": true, ""buyer_persona"": {""persona_detail"": ""Online Seller"", ""persona_category"": ""retailer""}, ""quantity_scale"": ""High""}}, ""buyer_intent"": {""narrative"": ""Buyer wants to source unbranded pant-style diapers in bulk for his online supply business."", ""reasoning"": ""Buyer has a clear business model (online supply) and specific product requirements (unbranded, pant-style)."", ""intent_level"": ""High""}, ""call_outcome"": {""category"": ""Follow-up"", ""conclusion_notes"": ""Seller will share rates on WhatsApp (WhatsApp pe rate bhejta hoon).""}, ""call_purpose"": ""requirement"", ""all_languages"": [""Hindi"", ""English""], ""primary_language"": ""Hindi"", ""additional_details"": {""buyer_queries"": [{""query"": ""What are the wholesale rates for diapers?"", ""category"": ""Pricing"", ""sequence"": 1, ""answer_by_seller"": ""Grade A is priced at 340 and Grade B is priced at 300 for a pack of 75 pieces.""}, {""query"": ""Can I get unbranded pant style diapers?"", ""category"": ""Specifications"", ""sequence"": 2, ""answer_by_seller"": ""Yes, it is possible. It can be provided without branding or in your own brand.""}], ""seller_queries"": [{""query"": ""Do you want these in your own brand or without any brand?"", ""category"": ""Specifications"", ""sequence"": 3, ""answer_by_buyer"": ""I do not want branding; I need plain ones to pack and supply under my own online business.""}]}, ""intended_application"": ""Online Resale""}, ""products"": [{""price"": {""value"": 340, ""currency"": ""INR"", ""price_unit"": ""75 pieces""}, ""in_stock"": ""in stock"", ""product_name"": ""Grade A Diapers (Pant Style)"", ""specifications"": [{""name"": ""Grade"", ""value"": ""A"", ""buyer_requested"": false, ""seller_mentioned"": true}, {""name"": ""Style"", ""value"": ""Pant"", ""buyer_requested"": true, ""seller_mentioned"": true}, {""name"": ""Branding"", ""value"": ""Unbranded/Plain"", ""buyer_requested"": true, ""seller_mentioned"": true}], ""related_categories"": [{""name"": ""Diaper"", ""reason"": ""General category for absorbent undergarments.""}, {""name"": ""Baby Diapers"", ""reason"": ""Standard usage for infants.""}], ""is_buyer_interested"": true, ""most_specific_category"": {""name"": ""Baby Diaper Pants"", ""reason"": ""The buyer specifically asked for 'pant' style diapers.""}}, {""price"": {""value"": 300, ""currency"": ""INR"", ""price_unit"": ""75 pieces""}, ""in_stock"": ""in stock"", ""product_name"": ""Grade B Diapers (Pant Style)"", ""specifications"": [{""name"": ""Grade"", ""value"": ""B"", ""buyer_requested"": false, ""seller_mentioned"": true}, {""name"": ""Style"", ""value"": ""Pant"", ""buyer_requested"": true, ""seller_mentioned"": true}, {""name"": ""Branding"", ""value"": ""Unbranded/Plain"", ""buyer_requested"": true, ""seller_mentioned"": true}], ""related_categories"": [{""name"": ""Diaper"", ""reason"": ""General category for absorbent undergarments.""}], ""is_buyer_interested"": true, ""most_specific_category"": {""name"": ""Baby Diaper Pants"", ""reason"": ""The buyer specifically asked for 'pant' style diapers.""}}], ""next_steps"": {""buyer_next_steps"": [""To review the rates shared on WhatsApp""], ""seller_next_steps"": [""To share the rate list on WhatsApp""]}, ""buyer_details"": {""buyer_name"": ""daeaac23ab4e21b5ef8470f850018253be1ff6eb41ac00e9062b8ab87a1dd338""}, ""seller_details"": {""seller_name"": ""602d3d0ab5e96a205221e5a0ea2e85b4d8aee8562a064533e95591f94d2df19e""}}"
2962903,2979724,1001263,31157,1970-01-01 00:00:00.000,"{""payment"": {}, ""callback"": ""callback by Tomorrow - To discuss further after talking to management (Kal batata hoon)"", ""lead_tag"": {""deal_blockers"": [{""detail"": ""The buyer mentioned that the price is quite high compared to his expectations"", ""category"": ""Price""}], ""deal_readiness"": ""Warm"", ""deal_readiness_reason"": ""The buyer has a regular monthly requirement and has shared his preferred brand and quantity""}, ""metadata"": {""call_type"": {""type"": ""B2B"", ""reason"": ""The buyer has a bulk monthly requirement of 2500 liters of IPA, which is indicative of a business-to-business transaction."", ""evidence"": {""keywords"": [""Recurring Requirement"", ""Industrial use"", ""Bulk purchase""], ""order_type"": [""bulk"", ""recurring""], ""repeat_buyer"": true, ""buyer_persona"": {""persona_category"": ""wholesaler""}, ""quantity_scale"": ""High""}}, ""buyer_intent"": {""narrative"": ""The buyer wants 2500 liters of IPA per month for his business in Dehradun."", ""reasoning"": ""The buyer has a recurring monthly requirement and is specifically looking for Deepak brand Isopropyl Alcohol."", ""intent_level"": ""High""}, ""call_outcome"": {""category"": ""Follow-up"", ""conclusion_notes"": ""The buyer will get back after talking to his management regarding the price (Kal batata hoon management se puchke).""}, ""call_purpose"": ""requirement"", ""all_languages"": [""Hindi"", ""English""], ""primary_language"": ""Hindi"", ""additional_details"": {""buyer_queries"": [{""query"": ""What is the current price of IPA in a 200-liter drum?"", ""category"": ""Pricing"", ""sequence"": 1, ""answer_by_seller"": ""The current price for Isopropyl Alcohol (IPA) is 145 per liter in a 200-liter drum.""}, {""query"": ""Which brands and origin of Isopropyl Alcohol do you have in stock?"", ""category"": ""Availability"", ""sequence"": 2, ""answer_by_seller"": ""Currently, both Deepak and imported brands of IPA are available in stock.""}, {""query"": ""Can you provide a 1-liter sample of IPA for quality testing by my quality control team?"", ""category"": ""Specifications"", ""sequence"": 3}], ""seller_queries"": [{""query"": ""What is your monthly requirement for Isopropyl Alcohol?"", ""category"": ""Quantity"", ""sequence"": 4, ""answer_by_buyer"": ""The monthly requirement of the buyer for IPA is 2500 liters.""}, {""query"": ""To which location do you want the Isopropyl Alcohol to be delivered?"", ""category"": ""Location"", ""sequence"": 5, ""answer_by_buyer"": ""The buyer needs the Isopropyl Alcohol to be delivered to his location in Dehradun.""}]}, ""intended_application"": ""Industrial Production""}, ""products"": [{""price"": {""gst"": {""value"": 18, ""is_gst_included"": false}, ""value"": 145, ""currency"": ""INR"", ""price_unit"": ""liter"", ""negotiation_notes"": ""The buyer mentioned that the price is about 10-15 rupees higher than his expectation."", ""buyer_price_reaction"": {""quote"": ""The rate is slightly high (Rate thoda zyada hai)"", ""category"": ""Negotiating""}}, ""in_stock"": ""in stock"", ""product_name"": ""Isopropyl Alcohol (IPA)"", ""specifications"": [{""name"": ""Brand"", ""value"": ""Deepak"", ""buyer_requested"": true, ""seller_mentioned"": true}, {""name"": ""Packaging Type"", ""unit"": ""liter"", ""value"": ""200"", ""buyer_requested"": false, ""seller_mentioned"": true}], ""quantity_required"": {""unit"": ""liters"", ""value"": 2500}, ""related_categories"": [{""name"": ""Chemical Solvent"", ""reason"": ""Isopropyl Alcohol is a widely used industrial solvent.""}, {""name"": ""Industrial Solvents"", ""reason"": ""It is used in various industrial cleaning and manufacturing processes.""}], ""is_buyer_interested"": true, ""most_specific_category"": {""name"": ""Isopropyl Alcohol IPA"", ""reason"": ""The buyer is specifically asking for Isopropyl Alcohol, commonly known as IPA.""}, ""seller_accepts_quantity"": true}], ""next_steps"": {""buyer_next_steps"": [""To discuss the price with management and call back""], ""seller_next_steps"": [""To provide more details regarding the product specifications if requested""]}, ""buyer_details"": {""buyer_name"": ""530cf124462f06b20e3945a08590a99ffe8e30d7ef76dd8d8542e4fccb8f6d56""}, ""seller_details"": {""seller_name"": ""3563122f4bc86b2b381bb72c8afc585b88ea9bc9904512c82ca13ea620c5bc4b""}}"
1794277,1811057,8436657,4167,1970-01-01 00:00:00.000,"{""callback"": ""callback by Today 5 PM - To finalize (Kal 5 baje call karta hoon)"", ""lead_tag"": {""deal_blockers"": [], ""deal_readiness"": ""Hot"", ""deal_readiness_reason"": ""Ready to move inventory urgently at reduced rates.""}, ""metadata"": {""call_type"": {""type"": ""B2B"", ""reason"": ""The buyer is looking to liquidate a large stock of 2700 items to a B2B partner for resale after their own distributor shifted operations."", ""evidence"": {""keywords"": [""Warehouse Shifting"", ""Imported Products""], ""order_type"": {""order_type_category"": ""bulk""}, ""quantity_scale"": ""High""}}, ""buyer_intent"": {""narrative"": ""Wants to liquidate a stock of around 2700 imported baby products including diapers and strollers at low rates due to warehouse shifting."", ""reasoning"": ""Provides specific details about product count, reasons for liquidation, and mentions brand names like Cetaphil and Pequot."", ""intent_level"": ""High""}, ""call_outcome"": {""category"": ""Committed"", ""conclusion_notes"": ""Seller requested the inventory list on WhatsApp for review (Main bhejta hoon WhatsApp karta hoon)""}, ""call_purpose"": ""requirement"", ""all_languages"": [""Hindi"", ""English""], ""primary_language"": ""Hindi"", ""additional_details"": {""buyer_queries"": [], ""seller_queries"": [{""query"": ""What items are available besides baby diapers?"", ""category"": ""Specifications"", ""sequence"": 1}]}, ""intended_application"": ""Retail Resale""}, ""products"": [{""in_stock"": ""in stock"", ""product_name"": ""Diaper"", ""specifications"": [{""name"": ""Brand"", ""value"": ""Imported"", ""buyer_requested"": false, ""seller_mentioned"": true}], ""related_categories"": [{""name"": ""Baby Care Products"", ""reason"": ""Diapers are a core segment of baby care collections mentioned.""}], ""is_buyer_interested"": true, ""most_specific_category"": {""name"": ""Diaper"", ""reason"": ""The buyer explicitly mentioned diapers as a major part of the 2700 units available for liquidation.""}}, {""in_stock"": ""in stock"", ""product_name"": ""Baby Wash (Cetaphil)"", ""specifications"": [{""name"": ""Brand"", ""value"": ""Cetaphil"", ""buyer_requested"": false, ""seller_mentioned"": true}], ""related_categories"": [{""name"": ""Baby Care Products"", ""reason"": ""Cetaphil is a leading brand in specialized baby skincare and wash products.""}], ""is_buyer_interested"": true, ""most_specific_category"": {""name"": ""Baby Care Products"", ""reason"": ""The buyer mentioned Cetaphil baby wash and other nursery items.""}}, {""in_stock"": ""in stock"", ""product_name"": ""Strollers (Pequot)"", ""specifications"": [{""name"": ""Brand"", ""value"": ""Pequot"", ""buyer_requested"": false, ""seller_mentioned"": true}], ""related_categories"": [{""name"": ""Baby Care Products"", ""reason"": ""Strollers fall under the broader category of baby mobility and care gear.""}], ""is_buyer_interested"": true, ""most_specific_category"": {""name"": ""Baby Care Products"", ""reason"": ""Strollers are mentioned as part of the baby gear inventory.""}}], ""next_steps"": {""buyer_next_steps"": [""To share the product spreadsheet on WhatsApp""], ""seller_next_steps"": [""To review the stock list and confirm interest""]}, ""buyer_details"": {""buyer_name"": ""a6761ccff1191f3ee53acada4f7965241538511ef6eb52d37974507ab5a9023e"", ""buyer_location"": {""buyer_city"": ""New Delhi""}, ""buyer_mobile_number"": ""3b8a4e01918df384d030fe51c584788ee1f8a46148da89debfd5779f070244a9""}, ""seller_details"": {""seller_name"": ""602d3d0ab5e96a205221e5a0ea2e85b4d8aee8562a064533e95591f94d2df19e"", ""seller_location"": {""seller_city"": ""New Delhi""}, ""seller_mobile_number"": ""00f7abddce45a057dceadca1afe0d39b1339583ed697e09a5bb3f05ff867621b""}}"
2066938,2083727,1001263,31157,1970-01-01 00:00:00.000,"{""lead_tag"": {""deal_blockers"": [{""detail"": ""Seller does not deal in alcohol for agarbatti use"", ""category"": ""Availability""}], ""deal_readiness"": ""Cold"", ""deal_readiness_reason"": ""The seller explicitly stated they do not provide the requested product for the specified application.""}, ""metadata"": {""call_type"": {""type"": ""B2B"", ""reason"": ""The buyer is looking for raw materials (alcohol) for manufacturing agarbattis, which is a business requirement."", ""evidence"": {""keywords"": [""Agarbatti Use""], ""buyer_persona"": {""persona_detail"": ""Agarbatti Manufacturer"", ""persona_category"": ""manufacturer""}}}, ""buyer_intent"": {""narrative"": ""Seeking alcohol for use in incense stick (agarbatti) manufacturing."", ""reasoning"": ""The buyer has a specific application in mind but the call was cut short because the seller doesn't supply it."", ""intent_level"": ""Medium""}, ""call_outcome"": {""category"": ""Lost"", ""conclusion_notes"": ""Seller confirmed they do not deal in the product (Uska nahi hai hamara)""}, ""call_purpose"": ""requirement"", ""all_languages"": [""Hindi"", ""Gujarati""], ""primary_language"": ""Hindi"", ""additional_details"": {""buyer_queries"": [{""query"": ""Do you have alcohol for agarbatti use?"", ""category"": ""Availability"", ""sequence"": 1}], ""seller_queries"": []}, ""intended_application"": ""Agarbatti Manufacturing""}, ""products"": [{""in_stock"": ""not sold"", ""product_name"": ""Alcohol (Agarbatti Use)"", ""specifications"": [{""name"": ""Application"", ""value"": ""Agarbatti Use"", ""buyer_requested"": true, ""seller_mentioned"": false}], ""related_categories"": [{""name"": ""Industrial Solvents"", ""reason"": ""Alcohol used in industrial incense making falls under industrial solvents.""}], ""is_buyer_interested"": true, ""most_specific_category"": {""name"": ""Alcohol Based Chemicals"", ""reason"": ""The buyer specifically asked for alcohol for use in agarbatti manufacturing.""}}], ""next_steps"": {""buyer_next_steps"": [""To look for another supplier who deals in alcohol for agarbatti manufacturing""], ""seller_next_steps"": []}, ""buyer_details"": {""buyer_name"": ""fdd528d8e5d6693bf688d0c9dbc057fcc03d9b47381ac39a7914eccd2c911254""}, ""seller_details"": {""seller_name"": ""3563122f4bc86b2b381bb72c8afc585b88ea9bc9904512c82ca13ea620c5bc4b""}}"
2067731,2084518,8436657,4167,1970-01-01 00:00:00.000,"{""callback"": ""callback by Today - To send sample to the buyer in Delhi"", ""lead_tag"": {""deal_blockers"": [{""detail"": ""Trademark registration pending for buyer's own brand"", ""category"": ""Other""}], ""deal_readiness"": ""Warm"", ""deal_readiness_reason"": ""The buyer has a specific and high volume requirement but is waiting on his trademark registration and samples. ""}, ""metadata"": {""call_type"": {""type"": ""B2B"", ""reason"": ""The buyer was and distributor who wanted to manufacture the product for his own brand in bulk quantities with third party manufacturing which is common in B2B transactions."", ""evidence"": {""keywords"": [""Third Party Manufacturing"", ""Trademark"", ""Cylinder cost"", ""75 pieces packing""], ""order_type"": {""order_type_category"": ""bulk""}, ""repeat_buyer"": true, ""buyer_persona"": {""persona_category"": ""distributor""}, ""quantity_scale"": ""High""}}, ""buyer_intent"": {""narrative"": ""The buyer wants to manufacture a baby diaper with his own branding with a minimum quantity of 25,000 pieces."", ""reasoning"": ""The buyer has a clear requirement of manufacturing diapers for his own brand, and he was ready for a bulk quantity and investment for packaging. "", ""intent_level"": ""High""}, ""call_outcome"": {""category"": ""Follow-up"", ""conclusion_notes"": ""The seller shared his location and the buyer will visit him once he gets the sample. (Ek bar result dekh ke fir baat karte hain). ""}, ""call_purpose"": ""requirement"", ""all_languages"": [""Hindi"", ""English""], ""primary_language"": ""Hindi"", ""additional_details"": {""buyer_queries"": [{""query"": ""What is the minimum order quantity for private labeling?"", ""category"": ""Quantity"", ""sequence"": 1}, {""query"": ""What will be the pricing for 75 pieces of baby diaper in a packet?"", ""category"": ""Pricing"", ""sequence"": 3}, {""query"": ""Does he need a trademark to develop his own brand?"", ""category"": ""Certification"", ""sequence"": 5}, {""query"": ""Can he get a sample to check the quality?"", ""category"": ""Other"", ""sequence"": 6}], ""seller_queries"": [{""query"": ""Exactly how many pieces per packet do you want?"", ""category"": ""Quantity"", ""sequence"": 2}, {""query"": ""Do you have your trademark ready for the brand?"", ""category"": ""Specifications"", ""sequence"": 4}, {""query"": ""From where are you calling?"", ""category"": ""Other"", ""sequence"": 7}]}, ""intended_application"": ""Retail Resale""}, ""products"": [{""price"": {""gst"": {""is_gst_included"": true}, ""value"": 360, ""currency"": ""INR"", ""price_unit"": ""packet"", ""offer_details"": ""Price may be reduced if the quantity is higher than 25,000"", ""buyer_price_reaction"": {""quote"": ""360 rupees including GST"", ""category"": ""Accepted""}}, ""in_stock"": ""in stock"", ""product_name"": ""Baby Diaper (75 pieces)"", ""specifications"": [{""name"": ""Packaging Size"", ""unit"": ""pieces"", ""value"": ""75"", ""buyer_requested"": false, ""seller_mentioned"": true}, {""name"": ""Grade"", ""value"": ""A"", ""buyer_requested"": false, ""seller_mentioned"": true}, {""name"": ""Size Range"", ""value"": ""Small to Large"", ""buyer_requested"": false, ""seller_mentioned"": true}], ""quantity_required"": {""unit"": ""pieces"", ""value"": 25000}, ""related_categories"": [{""name"": ""Baby Diapers"", ""reason"": ""The product is basically a baby diaper for infants.""}, {""name"": ""Disposable Baby Diapers"", ""reason"": ""Standard baby diapers are usually disposable.""}], ""is_buyer_interested"": true, ""minimum_order_quantity"": {""unit"": ""pieces"", ""value"": 25000}, ""most_specific_category"": {""name"": ""Baby Diaper Pants"", ""reason"": ""The buyer specifically asked for baby diapers with 75 pieces in a packet which is more likely to be baby diaper pants. ""}, ""seller_accepts_quantity"": true}, {""price"": {""value"": 200000, ""currency"": ""INR"", ""offer_details"": ""The cost of cylinder might reduce for subsequent orders.""}, ""in_stock"": ""in stock"", ""product_name"": ""Brand Packaging Pouch"", ""specifications"": [{""name"": ""Type"", ""value"": ""Third Party Manufacturing"", ""buyer_requested"": true, ""seller_mentioned"": true}, {""name"": ""Weight"", ""unit"": ""kg"", ""value"": ""250"", ""buyer_requested"": false, ""seller_mentioned"": true}], ""quantity_required"": {""unit"": ""kg"", ""value"": 250}, ""is_buyer_interested"": true, ""most_specific_category"": {""name"": ""Diaper Third Party Manufacturing"", ""reason"": ""The buyer wants to manufacture under his own brand which is a third party manufacturing service.""}}], ""next_steps"": {""buyer_next_steps"": [""To share the delivery address for sample"", ""To confirm the design of the brand after trademark registration""], ""seller_next_steps"": [""To share some photos of products on WhatsApp"", ""To send a sample and detail on WhatsApp""]}, ""buyer_details"": {""buyer_name"": ""1c7272b3cb1d980b7701040e8afd537af886a437cd718ffdaf7c49c41171e11c"", ""buyer_location"": {""buyer_city"": ""Delhi""}}, ""seller_details"": {""seller_name"": ""602d3d0ab5e96a205221e5a0ea2e85b4d8aee8562a064533e95591f94d2df19e"", ""seller_location"": {""seller_city"": ""New Delhi""}}}"
2085667,2102453,8436657,4167,1970-01-01 00:00:00.000,"{""lead_tag"": {""deal_blockers"": [{""detail"": ""Buyer explicitly mentioned the rate of 5.5 INR per piece is high."", ""category"": ""Price""}], ""deal_readiness"": ""Cold"", ""deal_readiness_reason"": ""Buyer is checking rates and feels the quoted price is too high.""}, ""metadata"": {""call_type"": {""type"": ""B2B"", ""reason"": ""The buyer is inquiring from a different state (West Bengal) about bulk packaging options, suggesting a retail or wholesale intent."", ""evidence"": {""keywords"": [""West Bengal"", ""Rate is high""], ""repeat_buyer"": false, ""buyer_persona"": {""persona_category"": ""retailer""}, ""quantity_scale"": ""High""}}, ""buyer_intent"": {""narrative"": ""Wants to buy diapers in bulk, specifically looking for single-piece packaging in small size."", ""reasoning"": ""The buyer knows the specific packaging and size needed but is currently negotiating on price."", ""intent_level"": ""Medium""}, ""call_outcome"": {""category"": ""Pending"", ""conclusion_notes"": ""Buyer expressed dissatisfaction with the price and the call ended without a final decision.""}, ""call_purpose"": ""requirement"", ""all_languages"": [""Hindi"", ""Bengali"", ""English""], ""primary_language"": ""Hindi"", ""additional_details"": {""buyer_queries"": [{""query"": ""Is there single piece packaging available?"", ""category"": ""Specifications"", ""sequence"": 1}, {""query"": ""What is the price for small size?"", ""category"": ""Pricing"", ""sequence"": 2}], ""seller_queries"": []}, ""intended_application"": ""Retail Resale""}, ""products"": [{""price"": {""value"": 5.5, ""currency"": ""INR"", ""price_unit"": ""piece"", ""buyer_price_reaction"": {""quote"": ""Sade panch rupaye toh aapka rate zada ho raha hai na"", ""category"": ""Too High""}}, ""product_name"": ""Single piece packed Diaper (Small size)"", ""specifications"": [{""name"": ""Size"", ""value"": ""Small"", ""buyer_requested"": true, ""seller_mentioned"": true}, {""name"": ""Packaging Type"", ""value"": ""Single piece packed"", ""buyer_requested"": true, ""seller_mentioned"": true}], ""related_categories"": [{""name"": ""Diaper"", ""reason"": ""High-level category for the discussed product.""}, {""name"": ""Baby Care Products"", ""reason"": ""Diapers are a sub-category of baby care.""}], ""is_buyer_interested"": true, ""most_specific_category"": {""name"": ""Baby Diapers"", ""reason"": ""The buyer specifically requested 'diapers' which commonly refers to baby diapers and discussed size 'Small'.""}}, {""product_name"": ""75 pieces packet Diaper"", ""specifications"": [{""name"": ""Packaging Size"", ""unit"": ""pieces"", ""value"": ""75"", ""buyer_requested"": false, ""seller_mentioned"": true}], ""related_categories"": [{""name"": ""Diaper"", ""reason"": ""Core product type discussed.""}], ""is_buyer_interested"": false, ""most_specific_category"": {""name"": ""Baby Diapers"", ""reason"": ""Seller mentions a 75 pieces packet variant of diapers.""}}], ""next_steps"": {""buyer_next_steps"": [], ""seller_next_steps"": []}, ""buyer_details"": {""buyer_name"": ""d7124e6b58a6f6ddb2a659cc4d1214ece511cbcb18a435c63d090594b49fbe55""}, ""seller_details"": {}}"
