fel.id,fel.file_id,user_glid,src_mcat_id,extracted_at,llm_extracted_json_masked
2097558,2114347,19232659,389,1970-01-01 00:00:00.000,"{""payment"": {""payment_mode"": ""cash"", ""payment_details"": ""Cash price discussed separately from tax-included price.""}, ""lead_tag"": {""deal_blockers"": [], ""deal_readiness"": ""Hot"", ""deal_readiness_reason"": ""Buyer is a regular reseller and wants photos to proceed with a bulk requirement.""}, ""metadata"": {""call_type"": {""type"": ""B2B"", ""reason"": ""The buyer identifies as a reseller and discusses recurring bulk requirements of 100kg every two days."", ""evidence"": {""keywords"": [""Reseller"", ""Regular requirement""], ""order_type"": {""order_type_category"": ""recurring""}, ""repeat_buyer"": true, ""buyer_persona"": {""persona_detail"": ""Reseller"", ""persona_category"": ""wholesaler""}, ""quantity_scale"": ""High""}}, ""buyer_intent"": {""narrative"": ""Reseller looking for regular supply of copper strips and 1kg copper bars."", ""reasoning"": ""Buyer mentioned being a reseller with recurring requirements of 100kg every few days."", ""intent_level"": ""High""}, ""call_outcome"": {""category"": ""Pending"", ""conclusion_notes"": ""Waiting for photos on WhatsApp (Photo wagera kuch bhej sakte hai kya)""}, ""call_purpose"": ""requirement"", ""all_languages"": [""Hindi"", ""English""], ""primary_language"": ""Hindi"", ""additional_details"": {""buyer_queries"": [{""query"": ""Can you send photos on WhatsApp?"", ""category"": ""Specifications"", ""sequence"": 1}], ""seller_queries"": []}, ""intended_application"": ""Retail Resale""}, ""products"": [{""price"": {""gst"": {""value"": 18, ""is_gst_included"": false}, ""value"": 1450, ""currency"": ""INR"", ""price_unit"": ""kg"", ""negotiation_notes"": ""Cash price mentioned as 1520."", ""buyer_price_reaction"": {""quote"": ""Thik hai"", ""category"": ""Accepted""}}, ""in_stock"": ""in stock"", ""specifications"": [{""name"": ""Size"", ""unit"": ""inch"", ""value"": ""1"", ""buyer_requested"": true, ""seller_mentioned"": false}, {""name"": ""Thickness"", ""unit"": ""gauge"", ""value"": ""30"", ""buyer_requested"": true, ""seller_mentioned"": false}], ""quantity_required"": {""unit"": ""kg"", ""value"": 20}, ""related_categories"": [{""name"": ""Copper Strips, Rod and Bars"", ""reason"": ""This general category covers copper strip products.""}], ""is_buyer_interested"": true, ""most_specific_category"": {""name"": ""Copper Strip"", ""reason"": ""The buyer explicitly asked for 'copper strip' with specific dimensions.""}, ""seller_accepts_quantity"": true}, {""price"": {""value"": 1450, ""currency"": ""INR"", ""price_unit"": ""kg""}, ""in_stock"": ""in stock"", ""specifications"": [{""name"": ""Weight"", ""unit"": ""kg"", ""value"": ""1"", ""buyer_requested"": true, ""seller_mentioned"": false}], ""quantity_required"": {""unit"": ""kg"", ""value"": 100}, ""related_categories"": [{""name"": ""Copper Strips, Rod and Bars"", ""reason"": ""Copper bars fall under this category.""}], ""is_buyer_interested"": true, ""most_specific_category"": {""name"": ""Copper Bar"", ""reason"": ""The buyer asked for 'copper bar' of 1kg weight.""}, ""seller_accepts_quantity"": true}], ""next_steps"": {""buyer_next_steps"": [""To check photos on WhatsApp""], ""seller_next_steps"": [""To share product photos on WhatsApp""]}, ""buyer_details"": {""buyer_name"": ""2c3827a002d7a48cd3ad594495f7a3c218094f2a58a81d39c9e513531e914ad5""}, ""seller_details"": {}}"
2106704,2123493,3043276,53096,1970-01-01 00:00:00.000,"{""lead_tag"": {""deal_blockers"": [{""detail"": ""Seller requires 1 ton; buyer only needs 20 kg."", ""category"": ""MOQ""}], ""deal_readiness"": ""Cold"", ""deal_readiness_reason"": ""Severe mismatch between requested quantity (20 kg) and minimum order requirement (1 ton).""}, ""metadata"": {""call_type"": {""type"": ""B2C"", ""reason"": ""The quantity requested (20 kg) is more suitable for a small retail/repair job rather than a commercial utility project, and the seller rejected it due to bulk MOQs."", ""evidence"": {""order_type"": {""order_type_category"": ""urgent""}, ""quantity_scale"": ""Low""}}, ""buyer_intent"": {""narrative"": ""Wants to purchase 20 kg of Weasel/Vessel conductor for a project in Noida."", ""reasoning"": ""Buyer has a specific size requirement and location, but the quantity is too small for the seller."", ""intent_level"": ""Medium""}, ""call_outcome"": {""category"": ""Lost"", ""conclusion_notes"": ""Seller refused to supply the requested 20 kg as their minimum order is 1 ton.""}, ""call_purpose"": ""requirement"", ""all_languages"": [""Hindi"", ""English""], ""primary_language"": ""Hindi"", ""additional_details"": {""buyer_queries"": [{""query"": ""Is Vessel conductor available?"", ""category"": ""Availability"", ""sequence"": 1}, {""query"": ""What is the minimum order quantity?"", ""category"": ""Quantity"", ""sequence"": 4}], ""seller_queries"": [{""query"": ""20 kilometres or 20 kilograms?"", ""category"": ""Quantity"", ""sequence"": 2}, {""query"": ""Which location are you calling from?"", ""category"": ""Other"", ""sequence"": 3}]}, ""intended_application"": ""Electrical Transmission""}, ""products"": [{""in_stock"": ""not sold"", ""product_name"": ""Weasel Conductor (Vessel)"", ""specifications"": [{""name"": ""Conductive Material"", ""value"": ""ACSR"", ""buyer_requested"": true, ""seller_mentioned"": false}], ""quantity_required"": {""unit"": ""kg"", ""value"": 20}, ""related_categories"": [{""name"": ""ACSR Conductor"", ""reason"": ""Weasel and Moose are standard designations for specific sizes of ACSR conductors.""}, {""name"": ""Electrical Conductors"", ""reason"": ""This is a broad category for all conductive materials used in power transmission.""}], ""is_buyer_interested"": true, ""minimum_order_quantity"": {""unit"": ""ton"", ""value"": 1}, ""most_specific_category"": {""name"": ""Moose Conductor"", ""reason"": ""The seller explicitly identifies the requested ACCC Weasel/Vessel conductor as a Moose Conductor variant during the inquiry.""}, ""seller_accepts_quantity"": false}], ""next_steps"": {""buyer_next_steps"": [], ""seller_next_steps"": []}, ""buyer_details"": {""buyer_location"": {""buyer_city"": ""Noida""}}, ""seller_details"": {}}"
1200298,1214633,51498,135679,1970-01-01 00:00:00.000,"{""payment"": {}, ""lead_tag"": {""deal_blockers"": [], ""deal_readiness"": ""Warm"", ""deal_readiness_reason"": ""Specific brand and color requirement mentioned, waiting for price confirmation""}, ""metadata"": {""call_type"": {""type"": ""B2B"", ""reason"": ""Buyer is looking for industrial waste/rejected bags for regular supply which indicates B2B intent."", ""evidence"": {""order_type"": ""Bulk"", ""repeat_buyer"": true, ""buyer_persona"": ""Wholesaler or Recycler"", ""quantity_scale"": ""High""}}, ""buyer_intent"": {""narrative"": ""Wants to buy rejected/waste Amul plastic bags in green and red colors."", ""reasoning"": ""The buyer knows exactly which brand and type of waste material they want but is currently negotiating price."", ""intent_level"": ""Medium""}, ""call_purpose"": ""requirement"", ""all_languages"": [""Gujarati"", ""English""], ""buyer_conclusion"": {""category"": ""Follow-up"", ""conclusion_notes"": ""Seller needs to check production plant for stock as it was closed (Plant bandh hai toh kal batata hoon)""}, ""primary_language"": ""Gujarati"", ""additional_details"": {""buyer_queries"": [{""query"": ""What is the rate for Amul rejected bags?"", ""category"": ""Price"", ""sequence"": 1}], ""seller_queries"": []}, ""intended_application"": ""Recycling or Resale""}, ""products"": [{""product_name"": ""Amul Bag (Green)"", ""specifications"": [{""name"": ""Brand"", ""value"": ""Amul""}, {""name"": ""Color"", ""value"": ""Green""}, {""name"": ""Condition"", ""value"": ""Waste / Rejection""}]}, {""product_name"": ""Amul Bag (Red)"", ""specifications"": [{""name"": ""Brand"", ""value"": ""Amul""}, {""name"": ""Color"", ""value"": ""Red""}, {""name"": ""Condition"", ""value"": ""Waste / Rejection""}]}], ""call_back"": ""callback by Tomorrow 10 AM - To inform about stock availability and rates"", ""next_steps"": {""buyer_next_steps"": [""To wait for a call from the seller regarding rates and stock""], ""seller_next_steps"": [""To check stock availability for rejected Amul bags at the production plant"", ""To confirm price for green and red bags"", ""To call the buyer by 10 AM tomorrow""]}, ""buyer_details"": {""buyer_name"": ""8677bf5fe07522f01a296367c4307d93399ee4e25db6f3dbdfbf3c828ff6fba8""}, ""seller_details"": {""seller_name"": ""f3352ec09a4eb5f7588d3ce4b882a5bf5ea6c94b9c39e28bc9958328adb7c44b""}, ""minimum_order_quantity"": {}}"
2619346,2636160,2734292,29670,1970-01-01 00:00:00.000,"{""lead_tag"": {""deal_blockers"": [], ""deal_readiness"": ""Hot"", ""deal_readiness_reason"": ""Required 5 liter of hydraulic oil initially for testing and then order more quantity.""}, ""metadata"": {""call_type"": {""type"": ""B2B"", ""reason"": ""The buyer needs the product for reselling purposes and mentions placing a bulk order after a trial."", ""evidence"": {""keywords"": [""Commercial Project"", ""Resell""], ""order_type"": [""bulk"", ""recurring""], ""repeat_buyer"": true, ""buyer_persona"": {""persona_category"": ""retailer""}, ""quantity_scale"": ""High""}}, ""buyer_intent"": {""narrative"": ""Required 5 liter 46 grade hydraulic oil for reselling."", ""reasoning"": ""The buyer specifies the grade and quantity of 46 grade hydraulic oil."", ""intent_level"": ""High""}, ""call_outcome"": {""category"": ""Follow-up"", ""conclusion_notes"": ""The seller has shared the card on WhatsApp and requested the buyer to share their business card (Details share kardiye hai card share kar dena).""}, ""call_purpose"": ""requirement"", ""all_languages"": [""Hindi"", ""English""], ""primary_language"": ""Hindi"", ""additional_details"": {""buyer_queries"": [{""query"": ""Is there any 5 liter bucket available?"", ""category"": ""Specifications"", ""sequence"": 3, ""answer_by_seller"": ""We have bucket and barrel.""}, {""query"": ""Can I get your business card?"", ""category"": ""Other"", ""sequence"": 5, ""answer_by_seller"": ""Yes, I have shared it on WhatsApp.""}], ""seller_queries"": [{""query"": ""How much quantity is required?"", ""category"": ""Quantity"", ""sequence"": 1, ""answer_by_buyer"": ""Required 5 liter.""}, {""query"": ""What is your WhatsApp number?"", ""category"": ""Other"", ""sequence"": 4, ""answer_by_buyer"": ""9953009183.""}, {""query"": ""Is it for reselling or use purpose?"", ""category"": ""Other"", ""sequence"": 6, ""answer_by_buyer"": ""For reselling purpose.""}]}, ""intended_application"": ""Retail Resale""}, ""products"": [{""in_stock"": ""in stock"", ""product_name"": ""Hydraulic Oil (46 Grade)"", ""specifications"": [{""name"": ""Grade"", ""value"": ""46"", ""buyer_requested"": true, ""seller_mentioned"": false}, {""name"": ""Packaging Type"", ""value"": ""Bucket"", ""buyer_requested"": true, ""seller_mentioned"": true}, {""name"": ""Packaging Type"", ""value"": ""Barrel"", ""buyer_requested"": false, ""seller_mentioned"": true}], ""quantity_required"": {""unit"": ""liters"", ""value"": 5}, ""related_categories"": [{""name"": ""Industrial Oils"", ""reason"": ""Used in industrial applications.""}], ""is_buyer_interested"": true, ""most_specific_category"": {""name"": ""Hydraulic Oils"", ""reason"": ""The buyer explicitly asked for hydraulic oils.""}, ""seller_accepts_quantity"": true}], ""next_steps"": {""buyer_next_steps"": [""To share business card""], ""seller_next_steps"": [""To share catalog on WhatsApp""]}, ""buyer_details"": {""buyer_mobile_number"": ""4299aaa2d64f817db14fd2a8c79da11adfc84067aa19346c8d867fafb13748db""}, ""seller_details"": {""seller_location"": {""seller_city"": ""Faridabad""}}}"
377728,381765,2701501,110734,1970-01-01 00:00:00.000,"{""metadata"": {""call_type"": {""type"": ""B2B"", ""reason"": ""The buyer is inquiring about a large quantity (4000 tiles) of 'Mona tiles' for supply to Mangalore, indicating a bulk or commercial purchase rather than a small retail transaction."", ""evidence"": {""order_type"": ""bulk"", ""buyer_persona"": ""customer"", ""quantity_scale"": ""High""}}, ""call_purpose"": ""requirement"", ""all_languages"": [""Kannada"", ""English""], ""primary_language"": ""Kannada""}, ""products"": [{""in_stock"": ""not sold"", ""product_name"": ""Mona Tiles"", ""specifications"": [{""name"": ""Color"", ""value"": ""Gray"", ""buyer_requested"": true, ""seller_mentioned"": false}], ""quantity_required"": {""unit"": ""tiles"", ""value"": 4000}, ""related_categories"": [{""name"": ""Cement Tiles"", ""reason"": ""Tiles can often be made of cement, and without further specifics, this is a possible related category.""}, {""name"": ""Ceramic Roof Tile"", ""reason"": ""Tiles can often be ceramic, and without further specifics, this is a possible related category.""}, {""name"": ""Clay Roof Tile"", ""reason"": ""Tiles can often be clay, and without further specifics, this is a possible related category.""}, {""name"": ""Concrete Roof Tiles"", ""reason"": ""Tiles can often be concrete, and without further specifics, this is a possible related category.""}], ""is_buyer_interested"": true, ""most_specific_category"": {""name"": ""Roof Tiles"", ""reason"": ""The product is identified as 'Mona tiles', and 'tiles' in general, without further specifics, fits best into the 'Roof Tiles' category as a general type of tile from the provided options.""}}], ""next_steps"": {""buyer_next_steps"": [""To wait for seller's update""], ""seller_next_steps"": [""To check for suppliers of 'Mona tiles' in Mangalore and share their contact information with the buyer""]}, ""buyer_details"": {""buyer_location"": {""buyer_city"": ""Mangalore""}}, ""seller_details"": {""seller_location"": {""seller_city"": ""Pune"", ""seller_state"": ""Maharashtra""}}}"
377736,381773,2701501,110734,1970-01-01 00:00:00.000,"{""metadata"": {""all_languages"": [""English"", ""Hindi""], ""primary_language"": ""English""}, ""products"": [], ""next_steps"": {}, ""buyer_details"": {}, ""seller_details"": {""seller_location"": {""seller_city"": ""Pune""}}}"
2125528,2142318,24546861,69958,1970-01-01 00:00:00.000,"{""payment"": {""payment_details"": ""50% advance required before third-party testing and sealing the stock.""}, ""lead_tag"": {""deal_blockers"": [{""detail"": ""Seller requires 50% advance for third-party testing and stock sealing."", ""category"": ""Payment""}], ""deal_readiness"": ""Warm"", ""deal_readiness_reason"": ""The buyer has a large 50-ton requirement but needs third-party testing and samples first.""}, ""metadata"": {""call_type"": {""type"": ""B2B"", ""reason"": ""The buyer is looking for a large bulk quantity of 50 tons for export purposes, which is a clear B2B transaction."", ""evidence"": {""keywords"": [""export"", ""50 tons"", ""third party testing"", ""advance payment""], ""order_type"": {""order_type_category"": ""bulk""}, ""buyer_persona"": {""persona_detail"": ""Exporter"", ""persona_category"": ""distributor""}, ""quantity_scale"": ""High""}}, ""buyer_intent"": {""narrative"": ""Seeking 50 tons of double polished turmeric finger with 2.5% curcumin for export from Bhubaneswar."", ""reasoning"": ""Buyer specified quantity, technical specs (curcumin %), and intent for export/third-party testing."", ""intent_level"": ""High""}, ""call_outcome"": {""category"": ""Pending"", ""conclusion_notes"": ""Awaiting catalog/details on WhatsApp before proceeding with sampling and testing.""}, ""call_purpose"": ""requirement"", ""all_languages"": [""Odia"", ""English""], ""primary_language"": ""Odia"", ""additional_details"": {""buyer_queries"": [], ""seller_queries"": []}, ""intended_application"": ""Export Resale""}, ""products"": [{""price"": {""value"": 140, ""currency"": ""INR"", ""price_unit"": ""kg""}, ""product_name"": ""Double Polished Turmeric Finger"", ""specifications"": [{""name"": ""Polishing"", ""value"": ""Double Polished"", ""buyer_requested"": true, ""seller_mentioned"": true}, {""name"": ""Curcumin Content"", ""unit"": ""%"", ""value"": ""2.5"", ""buyer_requested"": true, ""seller_mentioned"": false}, {""name"": ""Form"", ""value"": ""Dried Whole"", ""buyer_requested"": true, ""seller_mentioned"": true}], ""quantity_required"": {""unit"": ""tonnes"", ""value"": 50}, ""related_categories"": [{""name"": ""Turmeric Products"", ""reason"": ""Turmeric fingers are a core product within the turmeric derivatives category.""}], ""is_buyer_interested"": true, ""most_specific_category"": {""name"": ""Turmeric Finger"", ""reason"": ""The buyer specifically requested 'Turmeric Finger' for export purposes.""}, ""seller_accepts_quantity"": true}], ""next_steps"": {""buyer_next_steps"": [""To send a message on WhatsApp to the seller"", ""To prepare a quotation for the requirement""], ""seller_next_steps"": [""To share product details and location coordinates on WhatsApp""]}, ""buyer_details"": {""buyer_name"": ""713ea94034c1a3f079d35624e2874b6114deda0363a60daf0e027458f4de74fc"", ""buyer_location"": {""buyer_city"": ""Bhubaneswar"", ""buyer_state"": ""Odisha""}}, ""seller_details"": {""seller_name"": ""51635a1bcf0434c7e39a7d1c74439a3c8ad9b66627fd18fe6a964ffeabc3b3f5"", ""seller_location"": {""seller_city"": ""Phulbani"", ""seller_state"": ""Odisha""}}}"
1500011,1516784,13665628,42666,1970-01-01 00:00:00.000,"{""payment"": {}, ""lead_tag"": {""deal_blockers"": [], ""deal_readiness"": ""Warm"", ""deal_readiness_reason"": ""The buyer has a specific business use case and is actively seeking a supplier for her soap business.""}, ""metadata"": {""call_type"": {""type"": ""B2B"", ""reason"": ""The buyer is purchasing raw materials for her own manufacturing business (soap making), which typically involves recurring bulk orders."", ""evidence"": {""keywords"": [""Soap business"", ""Natural Loofah"", ""IndiaMART""], ""order_type"": {""order_type_category"": ""commercial""}, ""repeat_buyer"": true, ""buyer_persona"": {""persona_detail"": ""Soap Maker"", ""persona_category"": ""manufacturer""}}}, ""buyer_intent"": {""narrative"": ""Wants natural loofahs for a soap making business."", ""reasoning"": ""The buyer identifies her business use case (soap making) and specifically mentioned finding the company on IndiaMART for this requirement."", ""intent_level"": ""High""}, ""call_outcome"": {""category"": ""Follow-up"", ""conclusion_notes"": ""The buyer left a voicemail requesting a callback to discuss requirements (please contact me, I have a requirement).""}, ""call_purpose"": ""requirement"", ""all_languages"": [""Hindi"", ""English""], ""primary_language"": ""Hindi"", ""additional_details"": {""buyer_queries"": [{""query"": ""Are you free to talk about natural loofah supplies?"", ""category"": ""Availability"", ""sequence"": 1}], ""seller_queries"": []}, ""intended_application"": ""Soap Manufacturing""}, ""products"": [{""in_stock"": ""in stock"", ""product_name"": ""Natural Loofah"", ""specifications"": [{""name"": ""Type"", ""value"": ""Natural"", ""buyer_requested"": true, ""seller_mentioned"": false}], ""related_categories"": [{""name"": ""Loofah Sponge"", ""reason"": ""Natural loofahs are a type of sponge derived from the luffa plant used in bathing.""}, {""name"": ""Bath Scrubbers"", ""reason"": ""Natural loofahs are primarily used as scrubbers in personal care.""}], ""is_buyer_interested"": true, ""most_specific_category"": {""name"": ""Natural Loofah"", ""reason"": ""The buyer explicitly states a requirement for \""natural loofah\"" for her soap business.""}}], ""next_steps"": {""buyer_next_steps"": [""To wait for the seller to contact her regarding the loofah requirement.""], ""seller_next_steps"": [""To contact the buyer to discuss her natural loofah requirements for soap making.""]}, ""buyer_details"": {""buyer_name"": ""56e5d97cbacd0f96c2695e4a959c769491c9b3b47bfc06cd86f8da3f533699a1"", ""buyer_mobile_number"": ""aa111104c46ac108d84b91a1d42637eafeaf9ea309330cf2b995f9eddaf02f99""}, ""seller_details"": {""seller_name"": ""f3cce486ea320015c8e0ffae7cfda6bc2c449a8980b1fb4c632703a70a998246"", ""seller_mobile_number"": ""5feceb66ffc86f38d952786c6d696c79c2dbc239dd4e91b46729d73a27fb57e9""}}"
1500464,1517236,26627556,30613,1970-01-01 00:00:00.000,"{""lead_tag"": {""deal_blockers"": [{""detail"": ""Discrepancy between current quoted rates and advertised rates."", ""category"": ""Price""}], ""deal_readiness"": ""Warm"", ""deal_readiness_reason"": ""Inquiry about prices and types of DOB for LED bulbs with detailed price negotiation regarding online ads.""}, ""metadata"": {""call_type"": {""type"": ""B2B"", ""reason"": ""The buyer is inquiring about raw components (DOBs) for LED bulbs in multiple specifications, which suggests a manufacturing or assembly business (B2B)."", ""evidence"": {""keywords"": [""DOB"", ""9 watt"", ""12 watt"", ""SPD"", ""Connector type"", ""GST""], ""order_type"": {""order_type_category"": ""bulk""}, ""buyer_persona"": {""persona_detail"": ""Likely an assembler or manufacturer given the requirement for loose DOB components."", ""persona_category"": ""manufacturer""}}}, ""buyer_intent"": {""narrative"": ""Seeking prices for 9W and 12W DOB (Driver on Board) units for LED bulb manufacturing or repair."", ""reasoning"": ""The buyer is specifically asking for technical types (9W, 12W) and comparing prices with online advertisements."", ""intent_level"": ""Medium""}, ""call_outcome"": {""category"": ""Pending"", ""conclusion_notes"": ""The buyer expressed concern over price differences in ads (In your advertisement prices are different) and ended the call after finding the seller's location.""}, ""call_purpose"": ""requirement"", ""all_languages"": [""Hindi"", ""English""], ""primary_language"": ""Hindi"", ""additional_details"": {""buyer_queries"": [{""query"": ""What is the pricing for 9 watt and 12 watt DOBs?"", ""category"": ""Pricing"", ""sequence"": 1}, {""query"": ""In the advertisement, the price is written as 4 or 6 rupees, why?"", ""category"": ""Pricing"", ""sequence"": 2}, {""query"": ""Do you manufacture these or import them?"", ""category"": ""Specifications"", ""sequence"": 3}], ""seller_queries"": [{""query"": ""Which wattage do you need? 9 watt or 12 watt?"", ""category"": ""Specifications"", ""sequence"": 0}]}, ""intended_application"": ""LED Bulb Assembly""}, ""products"": [{""price"": {""gst"": {""is_gst_included"": false}, ""value"": 10.75, ""currency"": ""INR"", ""price_unit"": ""piece"", ""buyer_price_reaction"": {""quote"": ""In your advertisement some other prices are written"", ""category"": ""Negotiating""}}, ""in_stock"": ""in stock"", ""product_name"": ""DOB (LED bulb 9 watt)"", ""specifications"": [{""name"": ""Wattage"", ""unit"": ""Watt"", ""value"": ""9"", ""buyer_requested"": true, ""seller_mentioned"": true}], ""related_categories"": [{""name"": ""AC LED Bulb"", ""reason"": ""DOB (Driver on Board) units are commonly used in standard AC LED bulbs.""}], ""is_buyer_interested"": true, ""most_specific_category"": {""name"": ""LED Bulb"", ""reason"": ""The buyer explicitly asked for DOBs (Driver on Board) for LED bulbs.""}}, {""price"": {""gst"": {""is_gst_included"": false}, ""value"": 17.5, ""currency"": ""INR"", ""price_unit"": ""piece""}, ""in_stock"": ""in stock"", ""product_name"": ""DOB (LED bulb 12 watt) - Connector Type"", ""specifications"": [{""name"": ""Wattage"", ""unit"": ""Watt"", ""value"": ""12"", ""buyer_requested"": true, ""seller_mentioned"": true}, {""name"": ""Type"", ""value"": ""Connector"", ""buyer_requested"": false, ""seller_mentioned"": true}], ""related_categories"": [{""name"": ""AC LED Bulb"", ""reason"": ""It is an internal component for manufacturing or repairing AC LED bulbs.""}], ""is_buyer_interested"": true, ""most_specific_category"": {""name"": ""LED Bulb"", ""reason"": ""The discussion is centered around DOB modules for 12W LED bulbs.""}}, {""price"": {""gst"": {""is_gst_included"": false}, ""value"": 18.5, ""currency"": ""INR"", ""price_unit"": ""piece""}, ""in_stock"": ""in stock"", ""product_name"": ""DOB (LED bulb 12 watt) - SPD Type"", ""specifications"": [{""name"": ""Wattage"", ""unit"": ""Watt"", ""value"": ""12"", ""buyer_requested"": true, ""seller_mentioned"": true}, {""name"": ""Type"", ""value"": ""SPD"", ""buyer_requested"": false, ""seller_mentioned"": true}], ""related_categories"": [{""name"": ""AC LED Bulb"", ""reason"": ""Component for building 12W LED lamps.""}], ""is_buyer_interested"": true, ""most_specific_category"": {""name"": ""LED Bulb"", ""reason"": ""A higher-spec DOB (SPD type) for 12W LED bulbs.""}}, {""price"": {""value"": 5.5, ""currency"": ""INR"", ""price_unit"": ""piece""}, ""in_stock"": ""in stock"", ""product_name"": ""Non-Guarantee Chinese DOB"", ""specifications"": [{""name"": ""Wattage"", ""unit"": ""Watt"", ""value"": ""9"", ""buyer_requested"": false, ""seller_mentioned"": true}, {""name"": ""Quality"", ""value"": ""Non-Guarantee"", ""buyer_requested"": false, ""seller_mentioned"": true}], ""related_categories"": [{""name"": ""LED Bulb"", ""reason"": ""Low-cost electronic driver module for bulbs.""}], ""is_buyer_interested"": false, ""most_specific_category"": {""name"": ""Chinese LED Bulb"", ""reason"": ""Referred to as non-guarantee Chinese 9 watt DOB.""}}], ""next_steps"": {""buyer_next_steps"": [""To evaluate the rates discussed for 9W and 12W DOBs""], ""seller_next_steps"": [""To update or remove outdated advertisements with lower prices""]}, ""buyer_details"": {""buyer_name"": ""e28f287437f2222f4b78e43071170b14c92f4c193ae313ac56afd028974c277c""}, ""seller_details"": {""seller_name"": ""e5f3ec380c6aa620ce454f101b0e7f21c62483925f8ed12c1ae703b4f4f6a1e2""}}"
2635398,2652212,19232659,389,1970-01-01 00:00:00.000,"{""callback"": ""callback by Tomorrow 12 PM - To send catalog and confirm rates"", ""lead_tag"": {""deal_blockers"": [], ""deal_readiness"": ""Warm"", ""deal_readiness_reason"": ""Buyer is interested in 500 kg copper strips and shared contact for catalog. Negotiation might occur later. ""}, ""metadata"": {""call_type"": {""type"": ""B2B"", ""reason"": ""Buyer is looking for industrial quantity (500 kg) of copper strips directly from a manufacturer for business use."", ""evidence"": {""keywords"": [""Copper Patti"", ""Manufacturing"", ""Factory Unit""], ""order_type"": [""bulk"", ""commercial""], ""repeat_buyer"": false, ""quantity_scale"": ""High""}}, ""buyer_intent"": {""narrative"": ""Wants 500 kg of 25x3 copper patti and also interested in copper wire."", ""reasoning"": ""Buyer provided specific dimensions and quantity requirement."", ""intent_level"": ""High""}, ""call_outcome"": {""category"": ""Follow-up"", ""conclusion_notes"": ""Seller to send catalog on WhatsApp (Catalog bhej do, number note kar lo).""}, ""call_purpose"": ""requirement"", ""all_languages"": [""Hindi"", ""English""], ""primary_language"": ""Hindi"", ""additional_details"": {""buyer_queries"": [{""query"": ""Where is your unit located?"", ""category"": ""Availability"", ""sequence"": 1}, {""query"": ""Is it a confirm plant?"", ""category"": ""Availability"", ""sequence"": 2}, {""query"": ""What is the rate for 25/3 copper patti for 500 kg and wire?"", ""category"": ""Pricing"", ""sequence"": 3}], ""seller_queries"": []}}, ""products"": [{""price"": {""gst"": {""value"": 18, ""is_gst_included"": false}, ""value"": 1340, ""currency"": ""INR"", ""price_unit"": ""kg"", ""buyer_price_reaction"": {""quote"": ""Theek hai bhai sahab."", ""category"": ""Accepted""}}, ""in_stock"": ""in stock"", ""product_name"": ""Copper Patti (Copper Strip)"", ""specifications"": [{""name"": ""Size"", ""value"": ""25x3"", ""buyer_requested"": true, ""seller_mentioned"": false}], ""quantity_required"": {""unit"": ""kg"", ""value"": 500}, ""related_categories"": [{""name"": ""Copper Flat Bar"", ""reason"": ""Copper strips of this size are often categorized as flat bars in industrial applications.""}], ""is_buyer_interested"": true, ""most_specific_category"": {""name"": ""Copper Strip"", ""reason"": ""Buyer specifically asked for 'copper patti' which refers to copper strips with dimensions 25x3.""}, ""seller_accepts_quantity"": true}, {""in_stock"": ""in stock"", ""product_name"": ""Copper Wire"", ""related_categories"": [{""name"": ""Copper Rod"", ""reason"": ""Wire is often manufactured from copper rods.""}], ""is_buyer_interested"": true, ""most_specific_category"": {""name"": ""Bare Copper Wire"", ""reason"": ""Buyer mentioned requirement for wire alongside copper patti.""}}], ""next_steps"": {""buyer_next_steps"": [""To review the catalog once received on WhatsApp""], ""seller_next_steps"": [""To share product catalog on WhatsApp""]}, ""buyer_details"": {""buyer_name"": ""882c45820c72fc317733a6fcdfd7fe258ebee7a4e9fb3cfa84232e58235b35aa""}, ""seller_details"": {""seller_location"": {""seller_city"": ""Talasari""}}}"
2319476,2336275,6267476,159892,1970-01-01 00:00:00.000,"{""lead_tag"": {""deal_blockers"": [{""detail"": ""High power requirement (9kW) makes it difficult to use on an E-Rickshaw for doorstep service."", ""category"": ""Other""}], ""deal_readiness"": ""Warm"", ""deal_readiness_reason"": ""Buyer has a specific commercial business plan but is concerned about technical feasibility for portable use.""}, ""metadata"": {""call_type"": {""type"": ""B2B"", ""reason"": ""The buyer is looking to start a commercial car washing business, indicating a B2B service-oriented inquiry."", ""evidence"": {""keywords"": [""commercial use"", ""doorstep service"", ""9kW"", ""single phase""], ""order_type"": {""order_type_category"": ""commercial""}, ""repeat_buyer"": false, ""buyer_persona"": {""persona_detail"": ""Car Wash Service Provider"", ""persona_category"": ""service_provider""}, ""quantity_scale"": ""Low""}}, ""buyer_intent"": {""narrative"": ""Wants a commercial steam car washer for a doorstep service business using an E-Rickshaw."", ""reasoning"": ""The buyer has a specific business model in mind, discussed technical power constraints, and shared contact details for a catalog."", ""intent_level"": ""High""}, ""call_outcome"": {""category"": ""Pending"", ""conclusion_notes"": ""Buyer needs to evaluate if the 9kW power requirement can be managed for his portable business model (E-rickshaw mein load ki problem aayegi).""}, ""call_purpose"": ""requirement"", ""all_languages"": [""Hindi"", ""English""], ""primary_language"": ""Hindi"", ""additional_details"": {""buyer_queries"": [{""query"": ""Do you make steam car washers for commercial use?"", ""category"": ""Specifications"", ""sequence"": 1}, {""query"": ""Where is your office located in Delhi?"", ""category"": ""Other"", ""sequence"": 2}, {""query"": ""Can it be used on an E-rickshaw for doorstep service?"", ""category"": ""Specifications"", ""sequence"": 3}], ""seller_queries"": [{""query"": ""What is your location?"", ""category"": ""Other"", ""sequence"": 4}]}, ""intended_application"": ""Commercial car washing service""}, ""products"": [{""in_stock"": ""in stock"", ""product_name"": ""Steam Car Washer (JS9)"", ""specifications"": [{""name"": ""Model"", ""value"": ""JS9"", ""buyer_requested"": false, ""seller_mentioned"": true}, {""name"": ""Power Consumption"", ""unit"": ""kW"", ""value"": ""9"", ""buyer_requested"": false, ""seller_mentioned"": true}, {""name"": ""Phase"", ""value"": ""Single Phase"", ""buyer_requested"": false, ""seller_mentioned"": true}, {""name"": ""Usage"", ""value"": ""Commercial"", ""buyer_requested"": true, ""seller_mentioned"": true}], ""related_categories"": [{""name"": ""Car Washer"", ""reason"": ""It is a type of car washer.""}, {""name"": ""Steam Cleaning Machine"", ""reason"": ""Uses steam for cleaning purposes.""}, {""name"": ""Vehicle Washing System"", ""reason"": ""Used for washing vehicles commercially.""}], ""is_buyer_interested"": true, ""most_specific_category"": {""name"": ""Steam Car Washer"", ""reason"": ""The buyer specifically asks for a steam car washer for commercial use (Steam car washer bhi banate ho commercial use ke liye).""}}], ""next_steps"": {""buyer_next_steps"": [""To review the product catalog and videos on WhatsApp""], ""seller_next_steps"": [""To share PDF catalog and product videos on WhatsApp""]}, ""buyer_details"": {""buyer_name"": ""bd878fa2293de72e9c871463e1c2ef2964acb0ea282540c9d2f52fe32c6d18d1"", ""buyer_location"": {""buyer_city"": ""New Delhi"", ""buyer_locality"": ""Mayur Vihar""}}, ""seller_details"": {""seller_name"": ""623f0b5584eb86d9f905e52679a9ce3bca0bd91a950a03e0eaa1b2f8bb3e9908"", ""seller_location"": {""seller_city"": ""New Delhi"", ""seller_locality"": ""Dilshad Garden""}}}"
815020,825755,3043276,53096,1970-01-01 00:00:00.000,"{""payment"": {}, ""lead_tag"": {""deal_blockers"": [], ""deal_readiness"": ""Warm"", ""deal_readiness_reason"": ""Needs price for high quantity, seller promised a callback shortly.""}, ""metadata"": {""call_type"": {""type"": ""B2B"", ""reason"": ""The buyer mentions 'Prakash Power' and states that the quantity will be high, indicating an industrial or commercial requirement."", ""evidence"": {""keywords"": [""Prakash Power Jammu"", ""High Quantity""], ""order_type"": ""Bulk"", ""repeat_buyer"": false, ""buyer_persona"": ""manufacturer"", ""quantity_scale"": ""High""}}, ""buyer_intent"": {""narrative"": ""Wants to know the price for Weasel Conductor in high quantity for Jammu location."", ""reasoning"": ""Buyer specifies a high quantity requirement and identifies his firm as Prakash Power Jammu."", ""intent_level"": ""Medium""}, ""call_purpose"": ""requirement"", ""all_languages"": [""Hindi"", ""English""], ""buyer_conclusion"": {""category"": ""Follow-up"", ""conclusion_notes"": ""Waiting for seller callback (Price bataiye main Jammu se bol raha hoon)""}, ""primary_language"": ""Hindi"", ""additional_details"": {""buyer_queries"": [{""query"": ""What is the price for Weasel Conductor?"", ""category"": ""Price"", ""sequence"": 2}], ""seller_queries"": [{""query"": ""How much quantity do you need?"", ""category"": ""Quantity"", ""sequence"": 1}]}, ""intended_application"": ""Power Distribution""}, ""products"": [{""price"": {""price_negotiation_notes"": ""Buyer asked for the price, but it was not quoted during the call.""}, ""in_stock"": ""in stock"", ""product_name"": ""Weasel Conductor"", ""specifications"": [], ""related_categories"": [{""name"": ""Aluminium Conductor"", ""reason"": ""ACSR conductors are primarily made of aluminium.""}, {""name"": ""Electrical Conductors"", ""reason"": ""These are used for carrying electricity in transmission lines.""}], ""is_buyer_interested"": true, ""most_specific_category"": {""name"": ""ACSR Conductor"", ""reason"": ""Weasel is a specific code name for ACSR (Aluminium Conductor Steel Reinforced) conductors.""}, ""quantity_accepted_by_seller"": true}], ""call_back"": ""callback by In 30 minutes - To discuss price (Aadhe ghante mein call karta hoon)"", ""next_steps"": {""buyer_next_steps"": [""To wait for the seller's callback regarding pricing""], ""seller_next_steps"": [""To call back in 30 minutes with pricing for Weasel Conductor""]}, ""buyer_details"": {""buyer_name"": ""623f0b5584eb86d9f905e52679a9ce3bca0bd91a950a03e0eaa1b2f8bb3e9908"", ""buyer_location"": {""buyer_city"": ""Jammu""}, ""buyer_mobile_number"": ""8343bc833e735d909ffdcc6ea9a91921b8856a37f38bd2cc3640f41ff2659b05""}, ""seller_details"": {}, ""minimum_order_quantity"": {}}"
818110,828881,16098096,38492,1970-01-01 00:00:00.000,"{""payment"": {}, ""lead_tag"": {""deal_blockers"": [], ""deal_readiness"": ""Warm"", ""deal_readiness_reason"": ""Specific industrial application mentioned and buyer is ready to contact the provided specialist.""}, ""metadata"": {""call_type"": {""type"": ""B2B"", ""reason"": ""The requirement is for a plant's internal gangway marking, suggesting B2B maintenance use rather than personal retail use."", ""evidence"": {""keywords"": [""Plant inside"", ""Gangway marking"", ""Reflector paint""], ""order_type"": ""Commercial"", ""buyer_persona"": ""Industrial Plant Representative"", ""quantity_scale"": ""Low""}}, ""buyer_intent"": {""narrative"": ""Needs reflector road marking paint for gangway marking inside an industrial plant."", ""reasoning"": ""The buyer specified the exact application (gangway marking) and requested reflective properties, showing technical need."", ""intent_level"": ""High""}, ""call_purpose"": ""requirement"", ""all_languages"": [""Hindi"", ""English""], ""buyer_conclusion"": {""category"": ""Follow-up"", ""conclusion_notes"": ""Agreed to call the specialist Shiv Kumar Goel (Theek hai unko call karta hoon)""}, ""primary_language"": ""Hindi"", ""additional_details"": {""buyer_queries"": [{""query"": ""Do you have reflector paint for gangway marking inside the plant?"", ""category"": ""Product Availability"", ""sequence"": 1}], ""seller_queries"": []}, ""intended_application"": ""Industrial Gangway Marking""}, ""products"": [{""product_name"": ""Road Marking Paint"", ""specifications"": [{""name"": ""Type"", ""value"": ""Reflector"", ""buyer_requested"": true, ""seller_mentioned"": false}, {""name"": ""Application Area"", ""value"": ""Plant interior gangway"", ""buyer_requested"": true, ""seller_mentioned"": false}], ""related_categories"": [{""name"": ""Road Marking Paints and Coatings"", ""reason"": ""This is a broader category for paints used on roads and industrial floors.""}, {""name"": ""Reflective Sheet"", ""reason"": ""The buyer specifically requested 'Reflector Paint' which relates to reflective marking materials.""}], ""is_buyer_interested"": true, ""most_specific_category"": {""name"": ""Road Marking Paint"", ""reason"": ""The buyer explicitly asked for road marking paint for gangway marking inside a plant.""}}], ""call_back"": ""callback by In 1 hour - To connect with Shiv Kumar (Shiv Kumar se baat karke batate hain)"", ""next_steps"": {""buyer_next_steps"": [""To call Shiv Kumar Goel on the provided number for technical discussion.""], ""seller_next_steps"": []}, ""buyer_details"": {""buyer_name"": ""190150b9ca1e24b67b736efb98b85c206cbba5f62f4ab6aecc1c8eec9416577f""}, ""seller_details"": {""seller_name"": ""3e78c66d1c45a1aedfeb24b040e85426495be4305e2fb09616910497ad1299ca""}, ""minimum_order_quantity"": {}}"
432244,439640,3043276,53096,1970-01-01 00:00:00.000,"{""metadata"": {""call_type"": {""type"": ""B2B"", ""reason"": ""The buyer is inquiring about 15 kilometers of Rabbit Conductor, which is a bulk industrial quantity typically used in infrastructure or large-scale electrical projects, indicating a B2B transaction."", ""evidence"": {""keywords"": [""Rabbit Conductor"", ""Bangalore""], ""order_type"": ""bulk"", ""repeat_buyer"": false, ""buyer_persona"": ""distributor"", ""quantity_scale"": ""High""}}, ""call_purpose"": ""requirement"", ""all_languages"": [""Hindi"", ""English""], ""primary_language"": ""Hindi""}, ""products"": [{""in_stock"": ""in stock"", ""product_name"": ""Rabbit Conductor"", ""specifications"": [{""name"": ""Type"", ""value"": ""Rabbit"", ""buyer_requested"": true, ""seller_mentioned"": false}], ""quantity_required"": {""unit"": ""kilometers"", ""value"": 15}, ""related_categories"": [{""name"": ""Aluminium Conductor"", ""reason"": ""It is an aluminium-based conductor used for electrical transmission.""}, {""name"": ""Bare Conductor"", ""reason"": ""Rabbit conductors are typically bare overhead conductors.""}], ""is_buyer_interested"": true, ""most_specific_category"": {""name"": ""ACSR Conductor"", ""reason"": ""Rabbit Conductor is a specific standard code name for a type of ACSR (Aluminium Conductor Steel Reinforced) conductor used in overhead power lines.""}}], ""next_steps"": {""buyer_next_steps"": [], ""seller_next_steps"": [""To call back at 12:30 PM after checking rates""]}, ""buyer_details"": {""buyer_name"": ""8017d27151912033277faad0effc8662e0686b3602989ca7c382e77d0f7a8095"", ""buyer_location"": {""buyer_city"": ""Bangalore""}}, ""seller_details"": {""seller_location"": {""seller_city"": ""New Delhi""}}}"
2335761,2352557,3043276,53096,1970-01-01 00:00:00.000,"{""lead_tag"": {""deal_blockers"": [], ""deal_readiness"": ""Warm"", ""deal_readiness_reason"": ""Planning to visit the seller's location in Delhi within 2-4 days to finalize the purchase.""}, ""metadata"": {""call_type"": {""type"": ""B2B"", ""reason"": ""The buyer is inquiring about industrial-grade DCC (Double Cotton Covered) wires in multiple gauges, indicating a business requirement for resale or manufacturing."", ""evidence"": {""keywords"": [""DCC Wire"", ""Superfine cotton"", ""Aluminium"", ""Bawana Sector 2""], ""order_type"": {""order_type_category"": ""bulk""}, ""repeat_buyer"": true, ""buyer_persona"": {""persona_detail"": ""Winding Wire Dealer"", ""persona_category"": ""retailer""}, ""quantity_scale"": ""High""}}, ""buyer_intent"": {""narrative"": ""Wants to purchase 4, 8, 9, and 10 gauge Aluminium DCC wire and plans to visit the factory."", ""reasoning"": ""The buyer specified exact gauge numbers (4, 8, 9, 10), material (Aluminium), and coating (Superfine cotton), and is planning a physical visit to the factory."", ""intent_level"": ""High""}, ""call_outcome"": {""category"": ""Follow-up"", ""conclusion_notes"": ""Planning to visit the factory in 2-4 days to see the material and finalize (Dilli aaoge jab baat kar lena).""}, ""call_purpose"": ""requirement"", ""all_languages"": [""Hindi""], ""primary_language"": ""Hindi"", ""additional_details"": {""buyer_queries"": [], ""seller_queries"": [{""query"": ""How much quantity do you need?"", ""category"": ""Quantity"", ""sequence"": 1}]}}, ""products"": [{""price"": {""gst"": {""value"": 18, ""is_gst_included"": false}, ""value"": 362, ""currency"": ""INR""}, ""in_stock"": ""in stock"", ""product_name"": ""4 Number Aluminium DCC Wire (DCC Wire)"", ""specifications"": [{""name"": ""Material"", ""value"": ""Aluminium"", ""buyer_requested"": false, ""seller_mentioned"": true}, {""name"": ""Size"", ""value"": ""4 Number"", ""buyer_requested"": true, ""seller_mentioned"": false}, {""name"": ""Coating"", ""value"": ""Superfine cotton"", ""buyer_requested"": true, ""seller_mentioned"": false}], ""related_categories"": [{""name"": ""Covered Conductor"", ""reason"": ""The wire is covered with superfine cotton (DCC).""}, {""name"": ""Electrical Conductors"", ""reason"": ""It is used for electrical applications like motor winding.""}, {""name"": ""Insulated Conductors"", ""reason"": ""Double cotton covering acts as insulation.""}], ""is_buyer_interested"": true, ""most_specific_category"": {""name"": ""Aluminium Conductor"", ""reason"": ""The product is specifically mentioned as an Aluminium wire with DCC covering, which falls under aluminium conductors.""}}, {""price"": {""gst"": {""value"": 18, ""is_gst_included"": false}, ""value"": 362, ""currency"": ""INR""}, ""in_stock"": ""in stock"", ""product_name"": ""10 Number Aluminium DCC Wire (DCC Wire)"", ""specifications"": [{""name"": ""Material"", ""value"": ""Aluminium"", ""buyer_requested"": false, ""seller_mentioned"": true}, {""name"": ""Size"", ""value"": ""10 Number"", ""buyer_requested"": true, ""seller_mentioned"": false}, {""name"": ""Coating"", ""value"": ""Superfine cotton"", ""buyer_requested"": true, ""seller_mentioned"": false}], ""related_categories"": [{""name"": ""Covered Conductor"", ""reason"": ""DCC refers to Double Cotton Covered insulation.""}, {""name"": ""Electrical Conductors"", ""reason"": ""Standard electrical grade wire.""}, {""name"": ""Insulated Conductors"", ""reason"": ""Cotton covering provides insulation.""}], ""is_buyer_interested"": true, ""most_specific_category"": {""name"": ""Aluminium Conductor"", ""reason"": ""The buyer specifically requested Aluminium DCC wire.""}}, {""price"": {""gst"": {""value"": 18, ""is_gst_included"": false}, ""value"": 362, ""currency"": ""INR""}, ""in_stock"": ""in stock"", ""product_name"": ""9 Number Aluminium DCC Wire (DCC Wire)"", ""specifications"": [{""name"": ""Material"", ""value"": ""Aluminium"", ""buyer_requested"": false, ""seller_mentioned"": true}, {""name"": ""Size"", ""value"": ""9 Number"", ""buyer_requested"": true, ""seller_mentioned"": false}, {""name"": ""Coating"", ""value"": ""Superfine cotton"", ""buyer_requested"": true, ""seller_mentioned"": false}], ""related_categories"": [{""name"": ""Covered Conductor"", ""reason"": ""Cotton covering categorizes it as a covered conductor.""}, {""name"": ""Electrical Conductors"", ""reason"": ""Used in industrial electrical settings.""}, {""name"": ""Insulated Conductors"", ""reason"": ""Insulated with cotton layers.""}], ""is_buyer_interested"": true, ""most_specific_category"": {""name"": ""Aluminium Conductor"", ""reason"": ""Aluminium DCC wire is a type of aluminium conductor.""}}, {""price"": {""gst"": {""value"": 18, ""is_gst_included"": false}, ""value"": 362, ""currency"": ""INR""}, ""in_stock"": ""in stock"", ""product_name"": ""8 Number Aluminium DCC Wire (DCC Wire)"", ""specifications"": [{""name"": ""Material"", ""value"": ""Aluminium"", ""buyer_requested"": false, ""seller_mentioned"": true}, {""name"": ""Size"", ""value"": ""8 Number"", ""buyer_requested"": true, ""seller_mentioned"": false}, {""name"": ""Coating"", ""value"": ""Superfine cotton"", ""buyer_requested"": true, ""seller_mentioned"": false}], ""related_categories"": [{""name"": ""Covered Conductor"", ""reason"": ""Double cotton covering is the primary feature.""}, {""name"": ""Electrical Conductors"", ""reason"": ""Used for winding and other electrical purposes.""}, {""name"": ""Insulated Conductors"", ""reason"": ""Cotton layer provides insulation.""}], ""is_buyer_interested"": true, ""most_specific_category"": {""name"": ""Aluminium Conductor"", ""reason"": ""Explicitly discussed as Aluminium material.""}}], ""next_steps"": {""buyer_next_steps"": [""To visit the factory in Bawana Sector 2, Delhi within 2-4 days""], ""seller_next_steps"": [""To provide the exact factory location when the buyer arrives in Delhi""]}, ""buyer_details"": {""buyer_name"": ""863498dfa3f35f634f532b3cab89b0f8b6baaf9a2a94722c52ca2ef44377efc2"", ""buyer_location"": {""buyer_city"": ""Jodhpur""}, ""buyer_mobile_number"": ""27b10e935eec6633fd13036288eaef07e33d6ec8fa5086baf69fba8e12dca288""}, ""seller_details"": {""seller_name"": ""6405cf0c2f2418e27e5306348e1f3a887bb3ece435443a24a4318ce812352982"", ""seller_location"": {""seller_city"": ""New Delhi"", ""seller_locality"": ""Sector 2 Bawana""}}}"
454558,462270,51498,135679,1970-01-01 00:00:00.000,"{""metadata"": {""call_type"": {""type"": ""B2B"", ""reason"": ""The buyer is inquiring for a significant quantity (10,000 bags) for commercial use (powder packing) and mentions specific industrial locations like GIDC Naroda."", ""evidence"": {""keywords"": [""GDIC Naroda"", ""commercial project"", ""bulk requirement""], ""order_type"": ""bulk"", ""repeat_buyer"": true, ""buyer_persona"": ""commercial buyer"", ""quantity_scale"": ""High""}}, ""call_purpose"": ""requirement"", ""all_languages"": [""Gujarati"", ""English""], ""primary_language"": ""Gujarati""}, ""products"": [{""price"": {""value"": 12, ""currency"": ""INR"", ""price_unit"": ""piece""}, ""in_stock"": ""in stock"", ""product_name"": ""Woven HDPE Bag (HDPE Bag)"", ""specifications"": [{""name"": ""Capacity"", ""unit"": ""kg"", ""value"": ""6.5"", ""buyer_requested"": true, ""seller_mentioned"": false}, {""name"": ""Standard Capacity"", ""unit"": ""kg"", ""value"": ""25"", ""buyer_requested"": false, ""seller_mentioned"": true}, {""name"": ""Minimum Size"", ""unit"": ""inches"", ""value"": ""19.5 x 23"", ""buyer_requested"": false, ""seller_mentioned"": true}, {""name"": ""Printing Type"", ""value"": ""Flexo Printing"", ""buyer_requested"": false, ""seller_mentioned"": true}], ""quantity_required"": {""unit"": ""pieces"", ""value"": 10000}, ""related_categories"": [{""name"": ""HDPE Bags"", ""reason"": ""It is the broader category for the specific woven bag requested.""}, {""name"": ""Packaging Sacks"", ""reason"": ""The bags are intended for bulk packaging of powder products.""}], ""is_buyer_interested"": true, ""most_specific_category"": {""name"": ""HDPE Woven Bags"", ""reason"": ""The buyer explicitly asks for HDPE bags for packing 6.5 kg powder, and the seller confirms manufacturing woven HDPE bags.""}}, {""in_stock"": ""in stock"", ""product_name"": ""50 Kg HDPE Bag"", ""specifications"": [{""name"": ""Capacity"", ""unit"": ""kg"", ""value"": ""50"", ""buyer_requested"": true, ""seller_mentioned"": false}], ""related_categories"": [{""name"": ""Packaging Sacks"", ""reason"": ""Used for large scale industrial packaging.""}], ""is_buyer_interested"": true, ""most_specific_category"": {""name"": ""HDPE Woven Bags"", ""reason"": ""The buyer mentions a requirement for larger 50 kg capacity bags during the closing of the call.""}}, {""in_stock"": ""in stock"", ""product_name"": ""Paper Laminated HDPE Bag"", ""related_categories"": [{""name"": ""Laminated Paper Bag"", ""reason"": ""High level category for laminated paper solutions.""}], ""is_buyer_interested"": false, ""most_specific_category"": {""name"": ""Paper Laminated HDPE Bags"", ""reason"": ""Mentioned by the seller as part of their manufacturing portfolio.""}}, {""in_stock"": ""in stock"", ""product_name"": ""Multiwall Paper Bag"", ""is_buyer_interested"": false, ""most_specific_category"": {""name"": ""Multiwall Paper Bags"", ""reason"": ""Specifically mentioned by the seller as a product they manufacture.""}}], ""next_steps"": {""buyer_next_steps"": [""To share printing design for the bags"", ""To review the seller's visiting card and details""], ""seller_next_steps"": [""To share visiting card and company details over WhatsApp"", ""To share detailed pricing and specifications""]}, ""buyer_details"": {""buyer_name"": ""1511a0281a3782615bb43eca6963cc09675fa41fcb4e23aa9b47c175e7f2ceb1"", ""buyer_location"": {""buyer_city"": ""Ahmedabad""}}, ""seller_details"": {""seller_name"": ""912ec18bb699d0a41ffe0fe189a2748b87dcfb35e62725b5388fb887f2020163"", ""seller_location"": {""seller_city"": ""Ahmedabad"", ""seller_locality"": ""Naroda GIDC""}}}"
2345060,2361864,51498,135679,1970-01-01 00:00:00.000,"{""lead_tag"": {""deal_blockers"": [{""detail"": ""Seller does not have the NS-A grade cement paper bags requested."", ""category"": ""Availability""}], ""deal_readiness"": ""Cold"", ""deal_readiness_reason"": ""The seller explicitly states they do not carry the specific type of paper bag requested.""}, ""metadata"": {""call_type"": {""type"": ""B2B"", ""reason"": ""The inquiry is for industrial packaging (cement filling) which typically involves bulk B2B procurement."", ""evidence"": {""keywords"": [""NS-A"", ""Cement Bag"", ""Paper Bag""], ""order_type"": {""order_type_category"": ""commercial""}, ""quantity_scale"": ""High""}}, ""buyer_intent"": {""narrative"": ""Wants 20kg paper bags specifically for NS-A cement filling."", ""reasoning"": ""The buyer specifies the exact capacity (20kg) and the specific brand/grade (NS-A) and application (cement)."", ""intent_level"": ""High""}, ""call_outcome"": {""category"": ""Lost"", ""conclusion_notes"": ""Seller does not sell the product requested (NS-A cement bags).""}, ""call_purpose"": ""requirement"", ""all_languages"": [""Gujarati"", ""Hindi""], ""primary_language"": ""Gujarati"", ""additional_details"": {""buyer_queries"": [{""query"": ""Do you have NS-A bags for filling 20kg cement?"", ""category"": ""Availability"", ""sequence"": 1}], ""seller_queries"": []}, ""intended_application"": ""Industrial Cement Packaging""}, ""products"": [{""in_stock"": ""not sold"", ""product_name"": ""Paper Bags (NS-A Cement Bag)"", ""specifications"": [{""name"": ""Capacity"", ""unit"": ""kg"", ""value"": ""20"", ""buyer_requested"": false, ""seller_mentioned"": false}, {""name"": ""Application"", ""value"": ""Cement filling"", ""buyer_requested"": true, ""seller_mentioned"": false}], ""is_buyer_interested"": true, ""most_specific_category"": {""name"": ""Paper Bags"", ""reason"": ""The buyer specifically asks for paper bags used for filling cement (cement bharva mate).""}}], ""next_steps"": {""buyer_next_steps"": [""To look for alternative suppliers who deal in NS-A grade paper bags""], ""seller_next_steps"": []}, ""buyer_details"": {""buyer_name"": ""efff30bc3b986ff4b8aa14615d6c3e30aa6c305c1ec77bdb9c467e66752080b5"", ""buyer_mobile_number"": ""19326adbceb88a0cbde92b5d238010901878b0d9b3dc5ea900a72b0ced38382d""}, ""seller_details"": {""seller_name"": ""f3352ec09a4eb5f7588d3ce4b882a5bf5ea6c94b9c39e28bc9958328adb7c44b"", ""seller_mobile_number"": ""f91144a2d4d160099c19863a7e0f1a27b6b60ba4d27f5778fab51af84191f6c9""}}"
847597,858788,51498,135679,1970-01-01 00:00:00.000,"{""payment"": {}, ""lead_tag"": {""deal_blockers"": [""Product: Seller does not manufacture goni bags requested by the buyer""], ""deal_readiness"": ""Cold"", ""deal_readiness_reason"": ""Seller does not manufacture the specific goni bags the buyer is looking for.""}, ""metadata"": {""call_type"": {""type"": ""B2B"", ""reason"": ""The buyer is looking for very high quantities (1-2 containers) for wholesale export purposes, which is a clear B2B indicator."", ""evidence"": {""keywords"": [""Wholesale Export"", ""Rice Bag"", ""Container Load""], ""order_type"": ""Bulk"", ""repeat_buyer"": false, ""buyer_persona"": ""Wholesaler"", ""quantity_scale"": ""High""}}, ""buyer_intent"": {""narrative"": ""Buyer is looking for 1-2 containers of 100kg goni bags for rice export."", ""reasoning"": ""Buyer provided specific capacity (100kg), application (rice export), and high quantity (1-2 containers)."", ""intent_level"": ""High""}, ""call_purpose"": ""requirement"", ""all_languages"": [""Hindi"", ""English""], ""buyer_conclusion"": {""category"": ""Lost"", ""conclusion_notes"": ""Buyer needs goni bags which the seller doesn't manufacture (Hum nahi banate hain).""}, ""primary_language"": ""Hindi"", ""additional_details"": {""buyer_queries"": [{""query"": ""Do you have goni bags for rice?"", ""category"": ""Availability"", ""sequence"": 1}], ""seller_queries"": [{""query"": ""Do you need paper laminated bags?"", ""category"": ""Product"", ""sequence"": 2}]}, ""intended_application"": ""Rice Wholesale Export""}, ""products"": [{""in_stock"": ""not sold"", ""product_name"": ""Goni Bag (Rice Bag)"", ""specifications"": [{""name"": ""Capacity"", ""unit"": ""kg"", ""value"": ""100"", ""buyer_requested"": true, ""seller_mentioned"": false}, {""name"": ""Application"", ""value"": ""Rice Packaging"", ""buyer_requested"": true, ""seller_mentioned"": false}, {""name"": ""End Use"", ""value"": ""Wholesale Export"", ""buyer_requested"": true, ""seller_mentioned"": false}], ""quantity_required"": {""unit"": ""containers"", ""value"": 1}, ""related_categories"": [{""name"": ""Grain Bags"", ""reason"": ""Explicitly mentioned for packaging rice.""}, {""name"": ""HDPE Woven Bags"", ""reason"": ""Commonly used material for durable export bags.""}], ""is_buyer_interested"": true, ""most_specific_category"": {""name"": ""PP Woven Bags"", ""reason"": ""Goni bags used for 100kg rice packaging are typically PP woven bags.""}, ""quantity_accepted_by_seller"": false}, {""in_stock"": ""in stock"", ""product_name"": ""Paper Laminated Bag"", ""specifications"": [], ""related_categories"": [{""name"": ""Paper Packaging Bag"", ""reason"": ""It is a category of paper-based industrial bags.""}], ""is_buyer_interested"": false, ""most_specific_category"": {""name"": ""Paper Laminated HDPE Bags"", ""reason"": ""Seller explicitly mentions they are a manufacturer of paper laminated bags.""}}], ""call_back"": ""No callback promised"", ""next_steps"": {""buyer_next_steps"": [""To find another manufacturer for goni bags""], ""seller_next_steps"": []}, ""buyer_details"": {""buyer_name"": ""1237d3c52dbcb5d486166c05d2bd298d9d24ab77c9b28b123f67bf80ac5e2819"", ""buyer_location"": {""buyer_city"": ""Bengaluru""}, ""buyer_mobile_number"": ""cb819c64e7adaba229729c548c798e30fa93dfab22ee4b0e02ed8dc681bd374d""}, ""seller_details"": {""seller_name"": ""f3352ec09a4eb5f7588d3ce4b882a5bf5ea6c94b9c39e28bc9958328adb7c44b"", ""seller_location"": {""seller_city"": ""Ahmedabad""}}, ""minimum_order_quantity"": {}}"
117438,117447,3043276,53096,1970-01-01 00:00:00.000,"{""metadata"": {""call_type"": {""type"": ""B2B"", ""reason"": ""The buyer explicitly asks if the seller deals in 'conductor' products and mentions needing the product 'in drum' quantities, indicating a bulk or commercial requirement rather than a small, retail purchase. This points to a B2B transaction."", ""evidence"": {""keywords"": [""conductor"", ""drum""], ""order_type"": ""bulk"", ""repeat_buyer"": false, ""buyer_persona"": ""commercial buyer"", ""quantity_scale"": ""High""}}, ""call_purpose"": ""requirement"", ""all_languages"": [""hindi"", ""english""], ""primary_language"": ""hindi""}, ""products"": [{""price"": {""gst"": {""is_gst_included"": false}, ""value"": 228, ""currency"": ""INR""}, ""in_stock"": ""in stock"", ""product_name"": ""Vijal"", ""specifications"": [], ""related_categories"": [], ""is_buyer_interested"": true, ""most_specific_category"": {""name"": ""Electrical Conductors"", ""reason"": ""The buyer initiated the conversation by asking if the business was for 'conductor' products, and the seller confirmed. 'Vijal' is discussed in this context, fitting the 'Electrical Conductors' category.""}}, {""in_stock"": ""not sold"", ""product_name"": ""Mink"", ""specifications"": [], ""related_categories"": [], ""is_buyer_interested"": true, ""most_specific_category"": {""name"": ""Electrical Conductors"", ""reason"": ""The buyer asked about 'Mink' in the same context as 'Vijal', which is an 'Electrical Conductor'. Although not sold by the seller, its intended category is 'Electrical Conductors'.""}}], ""next_steps"": {}, ""buyer_details"": {}, ""seller_details"": {}}"
860673,872024,20935291,6156,1970-01-01 00:00:00.000,"{""payment"": {}, ""lead_tag"": {""deal_blockers"": [""Certification: Requires drug license for IP grade material""], ""deal_readiness"": ""Hot"", ""deal_readiness_reason"": ""High monthly requirement of 3-4 tons and immediate interest in receiving samples for testing.""}, ""metadata"": {""call_type"": {""type"": ""B2B"", ""reason"": ""The buyer has a recurring industrial requirement of 3-4 tons monthly for their paint manufacturing business."", ""evidence"": {""keywords"": [""Industrial Grade"", ""Paint Manufacturing"", ""TDS"", ""99.9 Purity""], ""order_type"": ""Recurring"", ""repeat_buyer"": true, ""buyer_persona"": ""Paint Manufacturer"", ""quantity_scale"": ""High""}}, ""buyer_intent"": {""narrative"": ""Manufacturer looking for recurring supply of Ethyl Acetate for paint production."", ""reasoning"": ""Clear recurring volume of 3-4 tons per month specified with technical purity requirements."", ""intent_level"": ""High""}, ""call_purpose"": ""requirement"", ""all_languages"": [""Hindi"", ""English""], ""buyer_conclusion"": {""category"": ""Pending"", ""conclusion_notes"": ""Interested in samples and TDS to compare with current Baroda supplier (Samples bhejo fir check karta hoon)""}, ""primary_language"": ""Hindi"", ""additional_details"": {""buyer_queries"": [{""query"": ""Can you provide a 99.9% purity product?"", ""category"": ""Technical"", ""sequence"": 1}, {""query"": ""Can you send the TDS for the material?"", ""category"": ""Documentation"", ""sequence"": 2}], ""seller_queries"": [{""query"": ""What is the intended application or end use?"", ""category"": ""Application"", ""sequence"": 1}]}, ""intended_application"": ""Paint Manufacturing""}, ""products"": [{""price"": {""value"": 80, ""currency"": ""INR"", ""price_negotiation_notes"": ""Seller quoted a range of 80-85.""}, ""in_stock"": ""in stock"", ""product_name"": ""Ethyl Acetate Distill"", ""specifications"": [{""name"": ""Purity"", ""unit"": ""%"", ""value"": ""97"", ""buyer_requested"": false, ""seller_mentioned"": true}, {""name"": ""Grade"", ""value"": ""Industrial"", ""buyer_requested"": false, ""seller_mentioned"": true}], ""quantity_required"": {""unit"": ""Tonnes"", ""value"": 3}, ""related_categories"": [{""name"": ""Industrial Solvents"", ""reason"": ""Ethyl acetate is primarily used as an industrial solvent in paints.""}], ""is_buyer_interested"": true, ""most_specific_category"": {""name"": ""Ethyl Acetate"", ""reason"": ""The conversation specifically centers on Ethyl Acetate distill and pure forms.""}, ""quantity_accepted_by_seller"": true}, {""price"": {""value"": 92, ""currency"": ""INR"", ""price_negotiation_notes"": ""Seller quoted a range of 92-93 for the pure grade.""}, ""in_stock"": ""in stock"", ""product_name"": ""Ethyl Acetate Pure"", ""specifications"": [{""name"": ""Purity"", ""unit"": ""%"", ""value"": ""99.9"", ""buyer_requested"": true, ""seller_mentioned"": true}, {""name"": ""Brand"", ""value"": ""GNFC"", ""buyer_requested"": true, ""seller_mentioned"": true}], ""quantity_required"": {""unit"": ""Tonnes"", ""value"": 3}, ""is_buyer_interested"": true, ""most_specific_category"": {""name"": ""Ethyl Acetate"", ""reason"": ""Buyer specifically requested a higher purity (99.9%) version of Ethyl Acetate.""}, ""quantity_accepted_by_seller"": true}, {""in_stock"": ""not sold"", ""product_name"": ""Ethyl Acetate IP Grade (Food/Drug)"", ""specifications"": [{""name"": ""Grade"", ""value"": ""IP Grade"", ""buyer_requested"": true, ""seller_mentioned"": true}], ""is_buyer_interested"": false, ""most_specific_category"": {""name"": ""Ethyl Acetate"", ""reason"": ""Buyer inquired about food grade (IP) usage, which seller refused without a license.""}, ""quantity_accepted_by_seller"": false}], ""call_back"": ""callback by Tomorrow 12 PM - To discuss rates with boss"", ""next_steps"": {""buyer_next_steps"": [""To share visiting card on WhatsApp""], ""seller_next_steps"": [""To share Technical Data Sheet (TDS) on WhatsApp"", ""To provide product samples for testing""]}, ""buyer_details"": {""buyer_mobile_number"": ""3b83b787a38cd20275a20204f96c0f8a9e31799822aa8d1bcc6c3811c8e7a982""}, ""seller_details"": {""seller_name"": ""ee054767fea7fb0d55cd44c71de3a15d26242db4ef8a5281d5291c5d03a296c3""}, ""minimum_order_quantity"": {}}"
860725,872075,20935291,6156,1970-01-01 00:00:00.000,"{""payment"": {}, ""lead_tag"": {""deal_blockers"": [""Location: Concern about high transportation costs from Indore to Gujarat""], ""deal_readiness"": ""Warm"", ""deal_readiness_reason"": ""Buyer has a clear monthly requirement of 3-4 tons and specific purity requirements.""}, ""metadata"": {""call_type"": {""type"": ""B2B"", ""reason"": ""The buyer requires bulk quantities (3-4 tons) monthly for industrial purposes, indicating a B2B relationship."", ""evidence"": {""keywords"": [""Industrial Use"", ""99 Purity"", ""Monthly Requirement""], ""order_type"": ""Recurring"", ""repeat_buyer"": true, ""buyer_persona"": ""Industrial User"", ""quantity_scale"": ""High""}}, ""buyer_intent"": {""narrative"": ""Wants 3 to 4 tons of 99% purity Ethyl Acetate monthly for industrial use."", ""reasoning"": ""Buyer provided specific purity requirements and a consistent monthly high volume requirement."", ""intent_level"": ""High""}, ""call_purpose"": ""requirement"", ""all_languages"": [""Hindi"", ""English""], ""buyer_conclusion"": {""category"": ""Follow-up"", ""conclusion_notes"": ""Awaiting rates and transport details on WhatsApp (Iska charges aur rate confirm karke WhatsApp kardo)""}, ""primary_language"": ""Hindi"", ""additional_details"": {""buyer_queries"": [{""query"": ""What are the rates and transportation charges?"", ""category"": ""Price"", ""sequence"": 1}], ""seller_queries"": [{""query"": ""Is it for industrial or food use?"", ""category"": ""Specs"", ""sequence"": 2}, {""query"": ""What is your required quantity?"", ""category"": ""Quantity"", ""sequence"": 3}, {""query"": ""What is your location in Gujarat?"", ""category"": ""Logistics"", ""sequence"": 4}]}, ""intended_application"": ""Industrial Production""}, ""products"": [{""price"": {""price_negotiation_notes"": ""Buyer expressed concern that transportation from Indore to Gujarat might be expensive.""}, ""in_stock"": ""in stock"", ""product_name"": ""Ethyl Acetate"", ""specifications"": [{""name"": ""Purity"", ""unit"": ""%"", ""value"": ""99"", ""buyer_requested"": true, ""seller_mentioned"": false}, {""name"": ""Application"", ""value"": ""Industrial"", ""buyer_requested"": false, ""seller_mentioned"": true}], ""quantity_required"": {""unit"": ""ton"", ""value"": 3}, ""related_categories"": [{""name"": ""Industrial Solvents"", ""reason"": ""Ethyl Acetate is a common industrial solvent.""}, {""name"": ""Chemical Solvent"", ""reason"": ""It is used as a solvent in various industrial processes.""}, {""name"": ""Chemical Compound"", ""reason"": ""Ethyl Acetate is an organic chemical compound.""}, {""name"": ""Carboxylate Esters"", ""reason"": ""Chemically, Ethyl Acetate is an ester.""}], ""is_buyer_interested"": true, ""most_specific_category"": {""name"": ""Ethyl Acetate"", ""reason"": ""The buyer explicitly asked for Ethyl Acetate.""}, ""quantity_accepted_by_seller"": true}], ""call_back"": ""callback by Today - To share best rates and transport charges (Main iska best rate aur transport confirm karke WhatsApp karti hoon)"", ""next_steps"": {""buyer_next_steps"": [""To review rates and transportation charges once received on WhatsApp""], ""seller_next_steps"": [""To share best rates for Ethyl Acetate on WhatsApp"", ""To calculate and share transport charges to Jetpur""]}, ""buyer_details"": {""buyer_name"": ""ed2e0f5a60fde23dd18a1c262595db9f5b34060c161c6ac3e9e2afc76577a232"", ""buyer_location"": {""buyer_city"": ""Jetpur"", ""buyer_state"": ""Gujarat""}}, ""seller_details"": {""seller_name"": ""a86d61e4c4516ca829dfb5a3b31186e0b2c11268b2d2a225384df86f71b72944"", ""seller_location"": {""seller_city"": ""Indore"", ""seller_state"": ""Madhya Pradesh""}}, ""minimum_order_quantity"": {}}"
155951,155960,51498,135679,1970-01-01 00:00:00.000,"{""metadata"": {""call_type"": {""type"": ""B2B"", ""reason"": ""The buyer is inquiring about specialized packaging (HDPE paper bags with liner) for 'agricultural powder', indicating a business need. The quantity of 100 bags, while not extremely large, is more than typical B2C. The discussion about raw material prices also points to a B2B transaction."", ""evidence"": {""keywords"": [""agricultural powder""], ""order_type"": ""one-time"", ""buyer_persona"": ""manufacturer"", ""quantity_scale"": ""High""}}, ""call_purpose"": ""requirement"", ""all_languages"": [""gujarati"", ""english""], ""primary_language"": ""gujarati""}, ""products"": [{""in_stock"": ""in stock"", ""product_name"": ""Paper Laminated HDPE Bag"", ""specifications"": [{""name"": ""Size"", ""unit"": ""inch"", ""value"": ""16x34"", ""buyer_requested"": true, ""seller_mentioned"": false}, {""name"": ""Gusset"", ""unit"": ""inch"", ""value"": ""4"", ""buyer_requested"": true, ""seller_mentioned"": false}, {""name"": ""Liner"", ""value"": ""Inside"", ""buyer_requested"": true, ""seller_mentioned"": true}, {""name"": ""Outer Material"", ""value"": ""Paper"", ""buyer_requested"": true, ""seller_mentioned"": true}, {""name"": ""Inner Coating"", ""value"": ""HDPE Fabric"", ""buyer_requested"": false, ""seller_mentioned"": true}], ""quantity_required"": {""unit"": ""bag"", ""value"": 100}, ""related_categories"": [{""name"": ""HDPE Bags"", ""reason"": ""The bag includes an 'HDPE coating' or 'HDPI coating' as part of its construction, making it an HDPE bag.""}, {""name"": ""Paper Bags"", ""reason"": ""The bag has 'paper' on the 'outer side', directly relating it to paper bags.""}, {""name"": ""Packaging Sacks"", ""reason"": ""The bags are intended for packaging 'agricultural powder', a common use for packaging sacks.""}, {""name"": ""Fertilizer Bag"", ""reason"": ""The buyer states the bags are for 'agricultural powder'. Fertilizers are a common type of agricultural powder, fitting this category.""}, {""name"": ""Chemical Paper Bag"", ""reason"": ""The buyer mentions the use for 'agricultural powder', which often implies chemical compounds used in agriculture, making 'Chemical Paper Bag' a relevant category.""}], ""is_buyer_interested"": true, ""most_specific_category"": {""name"": ""Paper Laminated HDPE Bags"", ""reason"": ""The seller describes the product as 'brown paper laminate' where 'outer side is paper' and 'behind the paper there is fabric coating, HDPI coating'. This directly matches the 'Paper Laminated HDPE Bags' category.""}}], ""next_steps"": {""buyer_next_steps"": [""To review the rates""], ""seller_next_steps"": [""To send the rates for the bags""]}, ""buyer_details"": {""buyer_mobile_number"": ""a8ad1f0e4f0e0527f29b01930989bddbd60709cc37368cd513dd6c63f20a39c4""}, ""seller_details"": {}}"
164252,164261,51498,135679,1970-01-01 00:00:00.000,"{""metadata"": {""call_type"": {""type"": ""B2B"", ""reason"": ""The buyer is following up on a previously discussed order for 100 bags, indicating a commercial transaction for a significant quantity, which is typical of a B2B interaction."", ""evidence"": {""order_type"": ""commercial"", ""quantity_scale"": ""High""}}, ""call_purpose"": ""requirement"", ""all_languages"": [""Gujarati""], ""primary_language"": ""Gujarati""}, ""products"": [{""in_stock"": ""in stock"", ""product_name"": ""Bags"", ""specifications"": [], ""quantity_required"": {""unit"": ""bags"", ""value"": 100}, ""related_categories"": [], ""is_buyer_interested"": true, ""most_specific_category"": {""name"": ""Packaging Sacks"", ""reason"": ""The product discussed is 'bags' (બેગ). Since no specific material or type of bag (like paper, HDPE, woven, etc.) was mentioned, 'Packaging Sacks' is the most general category from the provided list that can encompass 'bags' in a commercial context, especially given the quantity discussed.""}}], ""next_steps"": {""buyer_next_steps"": [""To wait for the seller to send the rates""], ""seller_next_steps"": [""To send the rates for bags""]}, ""buyer_details"": {}, ""seller_details"": {}}"
875365,886883,16098096,38492,1970-01-01 00:00:00.000,"{""payment"": {}, ""lead_tag"": {""deal_blockers"": [], ""deal_readiness"": ""Warm"", ""deal_readiness_reason"": ""Serious intent as specific requirement summary is being shared on WhatsApp immediately after the call.""}, ""metadata"": {""call_type"": {""type"": ""B2B"", ""reason"": ""The product requested (Road Marking Paint) is typically used in construction or municipal projects, indicating a B2B requirement."", ""evidence"": {""keywords"": [""Road marking paint""], ""order_type"": ""Commercial"", ""buyer_persona"": ""Professional Contractor"", ""quantity_scale"": ""High""}}, ""buyer_intent"": {""narrative"": ""Wants to purchase road marking paint for professional use and is sharing exact requirements on WhatsApp."", ""reasoning"": ""The buyer knows exactly what they want and requested the seller's WhatsApp number to send specific volume and spec details immediately."", ""intent_level"": ""High""}, ""call_purpose"": ""requirement"", ""all_languages"": [""Hindi"", ""English""], ""buyer_conclusion"": {""category"": ""Pending"", ""conclusion_notes"": ""Requirements will be shared on WhatsApp for price confirmation.""}, ""primary_language"": ""Hindi"", ""additional_details"": {""buyer_queries"": [{""query"": ""Do you have road marking paint available?"", ""category"": ""Availability"", ""sequence"": 1}], ""seller_queries"": [{""query"": ""Where are you calling from?"", ""category"": ""Location"", ""sequence"": 2}]}, ""intended_application"": ""Industrial Road Marking""}, ""products"": [{""product_name"": ""Road Marking Paint"", ""specifications"": [{""name"": ""Type"", ""value"": ""Road Marking"", ""buyer_requested"": true, ""seller_mentioned"": false}], ""related_categories"": [{""name"": ""Road Marking Paints and Coatings"", ""reason"": ""Category includes various types of paints and chemical coatings used for road signage.""}, {""name"": ""Road Safety Products"", ""reason"": ""Road marking paint is a fundamental product used to enhance road safety through lane markings.""}], ""is_buyer_interested"": true, ""most_specific_category"": {""name"": ""Road Marking Paint"", ""reason"": ""The buyer explicitly asked for road marking paint which is a common industrial product for road safety.""}}], ""call_back"": ""callback by In 1 hour - To confirm requirements (Requirement share kar raha hoon)"", ""next_steps"": {""buyer_next_steps"": [""To share requirement on WhatsApp""], ""seller_next_steps"": [""To share price and quote after receiving WhatsApp details""]}, ""buyer_details"": {""buyer_location"": {""buyer_city"": ""Dundigal"", ""buyer_state"": ""Telangana""}}, ""seller_details"": {""seller_name"": ""33cd41323f6fb5d311e42475c4f8535700cd72ee881f8a2d31ad59634773177a""}, ""minimum_order_quantity"": {}}"
1293924,1310683,8938139,150067,1970-01-01 00:00:00.000,"{""lead_tag"": {""deal_blockers"": [], ""deal_readiness"": ""Warm"", ""deal_readiness_reason"": ""Specific technical requirements shared and following up for a quotation via WhatsApp.""}, ""metadata"": {""call_type"": {""type"": ""B2B"", ""reason"": ""The request for heavy gauge industrial cables (50-70mm) with specific industrial core requirements indicates a B2B transaction."", ""evidence"": {""keywords"": [""Copper wire"", ""4 Core"", ""50mm"", ""70mm"", ""Quotation""], ""order_type"": {""order_type_category"": ""commercial""}}}, ""buyer_intent"": {""narrative"": ""Wants to procure 50mm and 70mm 4-core copper wires."", ""reasoning"": ""The buyer provided specific cross-sectional areas (50mm, 70mm) and core counts (4 core), showing technical clarity."", ""intent_level"": ""High""}, ""call_outcome"": {""category"": ""Follow-up"", ""conclusion_notes"": ""Transitioned to WhatsApp for sharing the quotation (requirement daal do quotation aa jayegi).""}, ""call_purpose"": ""requirement"", ""all_languages"": [""Hindi"", ""English""], ""primary_language"": ""Hindi"", ""additional_details"": {""buyer_queries"": [], ""seller_queries"": []}}, ""products"": [{""product_name"": ""50mm 4 Core Copper Wire"", ""specifications"": [{""name"": ""Wire Size"", ""unit"": ""mm"", ""value"": ""50"", ""buyer_requested"": true, ""seller_mentioned"": false}, {""name"": ""Number of Cores"", ""value"": ""4"", ""buyer_requested"": true, ""seller_mentioned"": false}, {""name"": ""Material"", ""value"": ""Copper"", ""buyer_requested"": true, ""seller_mentioned"": false}], ""related_categories"": [{""name"": ""Multicore Cables"", ""reason"": ""The product has 4 cores, identifying it as a multicore cable.""}, {""name"": ""Power Cable"", ""reason"": ""Wires of 50mm size are typically used for power distribution.""}], ""is_buyer_interested"": true, ""most_specific_category"": {""name"": ""Copper Cable"", ""reason"": ""The buyer specifically requested copper wire with a size of 50mm, indicating a standard copper cable requirement.""}}, {""product_name"": ""70mm 4 Core Copper Wire"", ""specifications"": [{""name"": ""Wire Size"", ""unit"": ""mm"", ""value"": ""70"", ""buyer_requested"": true, ""seller_mentioned"": false}, {""name"": ""Number of Cores"", ""value"": ""4"", ""buyer_requested"": true, ""seller_mentioned"": false}, {""name"": ""Material"", ""value"": ""Copper"", ""buyer_requested"": true, ""seller_mentioned"": false}], ""related_categories"": [{""name"": ""Multicore Cables"", ""reason"": ""This wire also has 4 cores, qualifying as a multicore cable.""}, {""name"": ""Power Cable"", ""reason"": ""Heavy gauge wires like 70mm are used as power cables.""}], ""is_buyer_interested"": true, ""most_specific_category"": {""name"": ""Copper Cable"", ""reason"": ""The buyer requested 70mm copper wire, making it a copper cable product.""}}], ""next_steps"": {""buyer_next_steps"": [""To share requirements on WhatsApp""], ""seller_next_steps"": [""To send WhatsApp message to the buyer"", ""To provide quotation after receiving requirements""]}, ""buyer_details"": {""buyer_name"": ""cb7a51b562ecbac2fd8f662b9fd5546739f57245081e794b2ee64ec144dec0c6"", ""buyer_mobile_number"": ""9be45318a94d58e2d0d58781a1d736f15682c6e61b4d694c8531254efdce0dd7""}, ""seller_details"": {}}"
2217062,2233856,2734292,29670,1970-01-01 00:00:00.000,"{""lead_tag"": {""deal_blockers"": [{""detail"": ""Price not yet shared by the seller."", ""category"": ""Price""}], ""deal_readiness"": ""Warm"", ""deal_readiness_reason"": ""Specific brand and grade mentioned, but quantity and price negotiation are pending.""}, ""metadata"": {""call_type"": {""type"": ""B2B"", ""reason"": ""The buyer is asking for industrial-grade oil in barrel packaging, typically used in B2B/industrial settings."", ""evidence"": {""keywords"": [""Barrel"", ""Industrial Oil""], ""order_type"": {""order_type_category"": ""commercial""}}}, ""buyer_intent"": {""narrative"": ""Wants to buy HP ENKLO 46 hydraulic oil in barrel packaging."", ""reasoning"": ""The buyer provided a very specific product name (HP ENKLO 46) and packaging type (barrel)."", ""intent_level"": ""High""}, ""call_outcome"": {""category"": ""Pending"", ""conclusion_notes"": ""Buyer asked for price, seller introduced company; price yet to be discussed.""}, ""call_purpose"": ""requirement"", ""all_languages"": [""English"", ""Tamil""], ""primary_language"": ""English"", ""additional_details"": {""buyer_queries"": [{""query"": ""How much does HP ENKLO 46 oil cost per barrel?"", ""category"": ""Pricing"", ""sequence"": 1}], ""seller_queries"": []}}, ""products"": [{""product_name"": ""HP ENKLO 46 Oil"", ""specifications"": [{""name"": ""Brand"", ""value"": ""HP"", ""buyer_requested"": true, ""seller_mentioned"": false}, {""name"": ""Grade"", ""value"": ""46"", ""buyer_requested"": true, ""seller_mentioned"": false}, {""name"": ""Packaging"", ""value"": ""Barrel"", ""buyer_requested"": true, ""seller_mentioned"": false}], ""related_categories"": [{""name"": ""Industrial Oils"", ""reason"": ""Hydraulic oils like ENKLO 46 are widely used in industrial machinery.""}], ""is_buyer_interested"": true, ""most_specific_category"": {""name"": ""Hydraulic Oils"", ""reason"": ""The buyer specifically asked for HP ENKLO 46 oil, which is a popular grade of hydraulic oil.""}}], ""next_steps"": {""buyer_next_steps"": [""To confirm the required quantity""], ""seller_next_steps"": [""To provide the price for HP ENKLO 46 barrel""]}, ""buyer_details"": {""buyer_name"": ""b4fbbdff92b4f5bda4f9d937bfef2b61b769517cadc89b8299f9e36da02c6d8e""}, ""seller_details"": {""seller_location"": {""seller_city"": ""Delhi""}}}"
515805,524500,16098096,38492,1970-01-01 00:00:00.000,"{""metadata"": {""call_type"": {""type"": ""B2B"", ""reason"": ""The buyer is inquiring about road marking services and thermoplastic application for zebra crossings near a specific location, indicating a professional or commercial infrastructure requirement rather than personal retail use."", ""evidence"": {""keywords"": [""Zebra Crossing Lines"", ""Work""], ""order_type"": ""commercial"", ""buyer_persona"": ""end customer"", ""quantity_scale"": ""High""}}, ""call_purpose"": ""requirement"", ""all_languages"": [""Telugu"", ""Hindi""], ""primary_language"": ""Telugu""}, ""products"": [{""in_stock"": ""in stock"", ""product_name"": ""Zebra Crossing Line Marking Work (Thermoplastic)"", ""specifications"": [{""name"": ""Type"", ""value"": ""Zebra Crossing Lines"", ""buyer_requested"": true, ""seller_mentioned"": true}, {""name"": ""Material"", ""value"": ""Thermo (Thermoplastic)"", ""buyer_requested"": true, ""seller_mentioned"": true}, {""name"": ""Nature of Requirement"", ""value"": ""Work/Service"", ""buyer_requested"": true, ""seller_mentioned"": true}], ""related_categories"": [{""name"": ""Thermoplastic Road Marking Paint"", ""reason"": ""The service involves the application of thermoplastic materials for road marking.""}, {""name"": ""Road Marking Paints and Coatings"", ""reason"": ""Zebra crossing lines are a core application of road marking paints.""}], ""is_buyer_interested"": true, ""most_specific_category"": {""name"": ""Road Marking Services"", ""reason"": ""The buyer specifically requested 'work' related to zebra crossing lines, which falls under road marking services.""}}], ""next_steps"": {""buyer_next_steps"": [""To contact the provided person (Rajesh Agarwal) for the work requirement""], ""seller_next_steps"": [""To share the contact number of the execution partner""]}, ""buyer_details"": {""buyer_location"": {""buyer_city"": ""Shamshabad"", ""buyer_locality"": ""Muchintal""}}, ""seller_details"": {""seller_name"": ""768a238e0667c41c9312d886dd3bf18df4825c6d73b0e096e33ac066a7207c05""}}"
2213396,2230190,16168813,1886,1970-01-01 00:00:00.000,"{""lead_tag"": {""deal_blockers"": [{""detail"": ""Large discrepancy between listed price (78) and current quote (310)."", ""category"": ""Price""}], ""deal_readiness"": ""Cold"", ""deal_readiness_reason"": ""High price gap between current market rates and buyer's expectation based on old listings.""}, ""metadata"": {""call_type"": {""type"": ""B2B"", ""reason"": ""Buyer explicitly requested bulk quantity and inquired about manufacturing/dealership status, typical of B2B transactions."", ""evidence"": {""order_type"": {""order_type_category"": ""bulk""}, ""buyer_persona"": {""persona_category"": ""wholesaler""}, ""quantity_scale"": ""High""}}, ""buyer_intent"": {""narrative"": ""Wants to purchase Acid Slurry in bulk but was surprised by the current market price."", ""reasoning"": ""Buyer has a bulk requirement and specific product knowledge but is hesitant due to the high price quoted."", ""intent_level"": ""Medium""}, ""call_outcome"": {""category"": ""Pending"", ""conclusion_notes"": ""Buyer expressed concern over the high price compared to IndiaMART listings (78 vs 310).""}, ""call_purpose"": ""requirement"", ""all_languages"": [""Telugu"", ""English""], ""primary_language"": ""Telugu"", ""additional_details"": {""buyer_queries"": [{""query"": ""Why is there such a big difference from the 78 rupees price mentioned on IndiaMART?"", ""category"": ""Pricing"", ""sequence"": 1}, {""query"": ""Are you a manufacturer or a dealer?"", ""category"": ""Specifications"", ""sequence"": 2}], ""seller_queries"": []}}, ""products"": [{""price"": {""value"": 310, ""currency"": ""INR"", ""price_unit"": ""kg"", ""buyer_price_reaction"": {""quote"": ""IndiaMART lo 78 ani raasinaaru, eppudu ledu aa price?"", ""category"": ""Too High""}}, ""in_stock"": ""in stock"", ""product_name"": ""Acid Slurry"", ""specifications"": [{""name"": ""Type"", ""value"": ""Acid Slurry"", ""buyer_requested"": false, ""seller_mentioned"": true}], ""quantity_required"": {""unit"": ""kg""}, ""related_categories"": [{""name"": ""Surfactants & Cleansing Agents"", ""reason"": ""Acid slurry is a primary surfactant used in detergent manufacturing.""}, {""name"": ""Detergent Raw Material"", ""reason"": ""It is a key raw material for making cleaning products.""}], ""is_buyer_interested"": true, ""most_specific_category"": {""name"": ""Acid Slurry"", ""reason"": ""The buyer explicitly inquires about 'Acid Slurry' and the seller quotes a price for it.""}, ""seller_accepts_quantity"": true}], ""next_steps"": {""buyer_next_steps"": [""To reconsider the requirement given the significant price increase""], ""seller_next_steps"": []}, ""buyer_details"": {""buyer_name"": ""27652cad4994c0cc628413940eeb56600c86cfc35447c3c775d67610bb27aa61""}, ""seller_details"": {""seller_name"": ""a631f4488a457da27b4a64dc8f2d85085b50ff568be99125cf6f8f45c759878e""}}"
1586094,1602868,51498,135679,1970-01-01 00:00:00.000,"{""callback"": ""callback by [Date/Time not specified] - To confirm stock (Ek baar poochh leta hoon production mein)"", ""lead_tag"": {""deal_blockers"": [], ""deal_readiness"": ""Warm"", ""deal_readiness_reason"": ""Buyer has a specific size requirement and is waiting for stock confirmation to proceed.""}, ""metadata"": {""call_type"": {""type"": ""B2B"", ""reason"": ""The buyer's focus on technical specifications for laminated rolls used in industrial packaging suggests a B2B manufacturing context."", ""evidence"": {""keywords"": [""HDPE Laminated"", ""Center Sealing"", ""Production""], ""order_type"": {""order_type_category"": ""commercial""}, ""buyer_persona"": {""persona_category"": ""manufacturer""}}}, ""buyer_intent"": {""narrative"": ""Wants to purchase 19.5 inch HDPE laminated paper roll with center sealing."", ""reasoning"": ""The buyer has specified exact technical measurements (19.5 inch) and construction details (HDPE laminated, center sealing), indicating a professional requirement."", ""intent_level"": ""High""}, ""call_outcome"": {""category"": ""Follow-up"", ""conclusion_notes"": ""Seller needs to check production for stock availability of the specific size (Production mein ek baar baat karna padega)""}, ""call_purpose"": ""requirement"", ""all_languages"": [""Hindi"", ""Gujarati""], ""primary_language"": ""Hindi"", ""additional_details"": {""buyer_queries"": [{""query"": ""Are you a manufacturer of paper bags?"", ""category"": ""Availability"", ""sequence"": 1}, {""query"": ""Do you have 19.5 inch HDPE laminated paper rolls with center sealing?"", ""category"": ""Availability"", ""sequence"": 2}], ""seller_queries"": [{""query"": ""Do you need the brown paper roll?"", ""category"": ""Specifications"", ""sequence"": 3}]}}, ""products"": [{""in_stock"": ""in stock"", ""product_name"": ""HDPE Laminated Paper Roll (Brown Paper Roll)"", ""specifications"": [{""name"": ""Size"", ""unit"": ""inch"", ""value"": ""19.5"", ""buyer_requested"": true, ""seller_mentioned"": false}, {""name"": ""Lamination"", ""value"": ""HDPE"", ""buyer_requested"": true, ""seller_mentioned"": false}, {""name"": ""Sealing"", ""value"": ""Center Sealing"", ""buyer_requested"": true, ""seller_mentioned"": false}, {""name"": ""Paper Type"", ""value"": ""Brown"", ""buyer_requested"": false, ""seller_mentioned"": true}], ""related_categories"": [{""name"": ""Laminated Paper Bag"", ""reason"": ""Laminated paper rolls are the primary raw material for making laminated paper bags.""}, {""name"": ""Paper Laminated HDPE Bags"", ""reason"": ""The material is used to manufacture paper laminated HDPE bags.""}], ""is_buyer_interested"": true, ""most_specific_category"": {""name"": ""HDPE Laminated Paper"", ""reason"": ""The buyer explicitly requested HDPE laminated paper rolls.""}}], ""next_steps"": {""buyer_next_steps"": [""To wait for stock availability confirmation""], ""seller_next_steps"": [""To check stock availability for 19.5 inch rolls with the production team"", ""To inform about availability status of the requested product""]}, ""buyer_details"": {""buyer_name"": ""fa4f7155e110eac164bda0f36b5d43f01d5d43d6afa190a317c5bec463f85764"", ""buyer_location"": {""buyer_city"": ""Ahmedabad""}, ""buyer_mobile_number"": ""54251db3b6be01100bfbf42e057b72668055a8a2bdab5b5ab0ee35f968788533""}, ""seller_details"": {""seller_name"": ""f3352ec09a4eb5f7588d3ce4b882a5bf5ea6c94b9c39e28bc9958328adb7c44b"", ""seller_location"": {""seller_city"": ""Ahmedabad""}}}"
1587630,1604404,51498,135679,1970-01-01 00:00:00.000,"{""callback"": ""callback by Today in 5 minutes - To provide rates (5 minute mein call karta hoon)"", ""lead_tag"": {""deal_blockers"": [], ""deal_readiness"": ""Warm"", ""deal_readiness_reason"": ""Buyer is actively follow up for pricing and waiting for a callback.""}, ""metadata"": {""call_type"": {""type"": ""B2B"", ""reason"": ""The call is a follow-up about pricing for a product discussed previously, which is common in B2B transactions."", ""evidence"": {""keywords"": [""Rates""], ""order_type"": {""order_type_category"": ""commercial""}, ""repeat_buyer"": true}}, ""buyer_intent"": {""narrative"": ""Wants to know the price for his product requirement."", ""reasoning"": ""The buyer is following up on an earlier price inquiry, indicating a genuine need for the rates to proceed."", ""intent_level"": ""Medium""}, ""call_outcome"": {""category"": ""Follow-up"", ""conclusion_notes"": ""Seller will call back in 5 minutes with rates once the production meeting ends. (5 minute mein call karta hoon)""}, ""call_purpose"": ""followup"", ""all_languages"": [""Gujarati"", ""Hindi""], ""primary_language"": ""Gujarati"", ""additional_details"": {""buyer_queries"": [{""query"": ""What are the rates?"", ""category"": ""Pricing"", ""sequence"": 1}], ""seller_queries"": []}}, ""products"": [{""product_name"": ""Bags"", ""is_buyer_interested"": true}], ""next_steps"": {""buyer_next_steps"": [""To wait for the seller's call in 5 minutes""], ""seller_next_steps"": [""To call back within 5 minutes with the updated rates from the production team""]}, ""buyer_details"": {""buyer_mobile_number"": ""54251db3b6be01100bfbf42e057b72668055a8a2bdab5b5ab0ee35f968788533""}, ""seller_details"": {""seller_mobile_number"": ""e99738ae6d94d4fe25da2ddcd6f5c3cb6823b24288b79d61c36f938a83533dd7""}}"
3221806,3238636,26627556,30613,1970-01-01 00:00:00.000,"{""lead_tag"": {""deal_blockers"": [], ""deal_readiness"": ""Warm"", ""deal_readiness_reason"": ""Discussed specific price and location for raw material requirements.""}, ""metadata"": {""call_type"": {""type"": ""B2B"", ""reason"": ""The buyer is asking for raw materials to assemble bulbs, indicating a small-scale manufacturing or commercial resale interest."", ""evidence"": {""keywords"": [""Raw Material"", ""9 Watt"", ""Assembly""], ""order_type"": [""bulk"", ""commercial""], ""repeat_buyer"": true, ""buyer_persona"": {""persona_detail"": ""Small Scale Assembler"", ""persona_category"": ""manufacturer""}, ""quantity_scale"": ""High""}}, ""buyer_intent"": {""narrative"": ""Wants 100 units of 9W LED bulb raw material for assembly in Amroha."", ""reasoning"": ""Buyer specifically asked for 9W raw materials for local assembly and mentioned a specific quantity and location."", ""intent_level"": ""High""}, ""call_outcome"": {""category"": ""Follow-up"", ""conclusion_notes"": ""Pricing shared for raw material, next steps pending detailed confirmation.""}, ""call_purpose"": ""requirement"", ""all_languages"": [""Hindi"", ""English""], ""primary_language"": ""Hindi"", ""additional_details"": {""buyer_queries"": [{""query"": ""How much will 100 quantities of 9-watt bulbs cost?"", ""category"": ""Pricing"", ""sequence"": 3}, {""query"": ""Will I get raw material and have to assemble the bulb myself?"", ""category"": ""Specifications"", ""sequence"": 4}], ""seller_queries"": [{""query"": ""For which product do you want to inquire?"", ""category"": ""Specifications"", ""sequence"": 1, ""answer_by_buyer"": ""9 watt bulb and concealed lights""}, {""query"": ""How much watt and quantity do you need?"", ""category"": ""Quantity"", ""sequence"": 2, ""answer_by_buyer"": ""100 quantities of 9 watt""}]}, ""intended_application"": ""Product Assembly and Resale""}, ""products"": [{""price"": {""gst"": {""is_gst_included"": false}, ""value"": 20.5, ""currency"": ""INR"", ""price_unit"": ""piece""}, ""in_stock"": ""in stock"", ""product_name"": ""9W LED Bulb Raw Material"", ""specifications"": [{""name"": ""Power"", ""unit"": ""W"", ""value"": ""9"", ""buyer_requested"": true, ""seller_mentioned"": true}, {""name"": ""Component Type"", ""value"": ""Raw Material"", ""buyer_requested"": true, ""seller_mentioned"": true}], ""quantity_required"": {""unit"": ""pieces"", ""value"": 100}, ""related_categories"": [{""name"": ""Plastic LED Light Housing"", ""reason"": ""Raw material for bulbs often includes housing components.""}], ""is_buyer_interested"": true, ""most_specific_category"": {""name"": ""LED Bulb"", ""reason"": ""Explicitly discussed 9 watt LED bulb requirement.""}, ""seller_accepts_quantity"": true}], ""next_steps"": {""buyer_next_steps"": [""To confirm total order value including GST""], ""seller_next_steps"": [""To provide detailed quote for raw materials""]}, ""buyer_details"": {""buyer_location"": {""buyer_city"": ""Amroha"", ""buyer_locality"": ""Bachhrayun""}}, ""seller_details"": {""seller_location"": {""seller_city"": ""Ghaziabad""}}}"
1315324,1332086,2734292,29670,1970-01-01 00:00:00.000,"{""lead_tag"": {""deal_blockers"": [], ""deal_readiness"": ""Warm"", ""deal_readiness_reason"": ""Specific brand and quantity clarified; details being shared on WhatsApp.""}, ""metadata"": {""call_type"": {""type"": ""B2B"", ""reason"": ""The buyer provides a specific industrial quantity (627 liters) for a company requirement and asks for a specialized industrial brand, indicating a B2B transaction."", ""evidence"": {""keywords"": [""Company Requirement"", ""Shell Tellus"", ""Industrial Oil""], ""order_type"": {""order_type_category"": ""commercial""}, ""buyer_persona"": {""persona_category"": ""manufacturer""}, ""quantity_scale"": ""High""}}, ""buyer_intent"": {""narrative"": ""Wants to purchase 627 liters of Shell Tellus hydraulic oil for a company in Rudrapur."", ""reasoning"": ""The buyer specifies a very precise quantity of 627 liters and a specific brand (Shell Tellus), indicating a professional requirement."", ""intent_level"": ""High""}, ""call_outcome"": {""category"": ""Follow-up"", ""conclusion_notes"": ""Buyer saved the seller's number to share company card and requirement for pricing (Aap rate share kar dijiye).""}, ""call_purpose"": ""requirement"", ""all_languages"": [""Hindi"", ""English""], ""primary_language"": ""Hindi"", ""additional_details"": {""buyer_queries"": [{""query"": ""What is the rate of hydraulic oil?"", ""category"": ""Pricing"", ""sequence"": 1}, {""query"": ""Is thermal oil also available?"", ""category"": ""Availability"", ""sequence"": 4}], ""seller_queries"": [{""query"": ""Where do you need the delivery?"", ""category"": ""Delivery"", ""sequence"": 2}, {""query"": ""How much quantity is required?"", ""category"": ""Quantity"", ""sequence"": 3}, {""query"": ""Which brand of oil do you need?"", ""category"": ""Specifications"", ""sequence"": 5}]}, ""intended_application"": ""Industrial Machinery""}, ""products"": [{""product_name"": ""Shell Tellus Hydraulic Oil"", ""specifications"": [{""name"": ""Brand"", ""value"": ""Shell Tellus"", ""buyer_requested"": false, ""seller_mentioned"": true}], ""quantity_required"": {""unit"": ""liters"", ""value"": 627}, ""related_categories"": [{""name"": ""Hydraulic Oils"", ""reason"": ""The product is a type of hydraulic oil used in machinery.""}], ""is_buyer_interested"": true, ""most_specific_category"": {""name"": ""Shell Tellus Hydraulic Oils"", ""reason"": ""The buyer specifically requested Shell Tellus brand oil.""}, ""seller_accepts_quantity"": true}, {""product_name"": ""Thermal Oil"", ""related_categories"": [{""name"": ""Industrial Oils"", ""reason"": ""Thermal oil is a category of industrial heat transfer fluids.""}], ""is_buyer_interested"": true, ""most_specific_category"": {""name"": ""Thermic Fluid Oil"", ""reason"": ""The buyer inquired about the availability of thermal oil.""}}], ""next_steps"": {""buyer_next_steps"": [""To share company visiting card and requirements on WhatsApp"", ""To share brand and quantity details for thermal oil""], ""seller_next_steps"": [""To share the quotation for Shell Tellus hydraulic oil""]}, ""buyer_details"": {""buyer_name"": ""7e00e8248485bb03c80930cf50ee54daad87b4bf237ad70f4043fe5ddfb2a833"", ""buyer_location"": {""buyer_city"": ""Rudrapur"", ""buyer_state"": ""Uttarakhand""}}, ""seller_details"": {""seller_name"": ""941459c10323716b64c83dbf9c97c39c745c1aea60107f1b9cd998bd8337f08d""}}"
3229087,3245918,13665628,42666,1970-01-01 00:00:00.000,"{""callback"": ""callback by Today 6 PM - To visit the seller's location (6 baje tak chalu rehte hai)"", ""lead_tag"": {""deal_blockers"": [], ""deal_readiness"": ""Hot"", ""deal_readiness_reason"": ""Information shared and shop visit planned for the same day""}, ""metadata"": {""call_type"": {""type"": ""B2B"", ""reason"": ""The buyer is visiting the seller's business location to discuss a requirement, indicating a professional or resale context typical of B2B transactions."", ""evidence"": {""keywords"": [""Shop Visit""], ""repeat_buyer"": false}}, ""buyer_intent"": {""narrative"": ""Wants to visit seller's shop to discuss product requirement"", ""reasoning"": ""Buyer is visiting the seller's location after receiving details on WhatsApp, indicating high intent"", ""intent_level"": ""High""}, ""call_outcome"": {""category"": ""Follow-up"", ""conclusion_notes"": ""Seller shared details and location on WhatsApp; buyer to visit by 6 PM (Hello bhej diya location sab bhej deta hoon)""}, ""call_purpose"": ""requirement"", ""all_languages"": [""Hindi"", ""Marathi""], ""primary_language"": ""Hindi"", ""additional_details"": {""buyer_queries"": [{""query"": ""Until what time are you available at your location?"", ""category"": ""Location"", ""sequence"": 1}], ""seller_queries"": []}}, ""products"": [{""product_name"": ""Unspecified Product"", ""is_buyer_interested"": true}], ""next_steps"": {""buyer_next_steps"": [""To visit the shop by 6 PM""], ""seller_next_steps"": [""To share location and catalog on WhatsApp""]}, ""buyer_details"": {""buyer_mobile_number"": ""cfa42421661c8fafb8ba189b06947c03842442ba3312c0e1223d881c62c9b765""}, ""seller_details"": {""seller_name"": ""f3cce486ea320015c8e0ffae7cfda6bc2c449a8980b1fb4c632703a70a998246""}}"
537916,546880,3043276,53096,1970-01-01 00:00:00.000,"{""metadata"": {""call_type"": {""type"": ""B2B"", ""reason"": ""The buyer is inquiring about a specific industrial electrical conductor (33KV 100 sq mm Dog Conductor) but for a very small quantity (100 meters), which is generally considered low for industrial manufacturing, suggesting a specific maintenance or site requirement."", ""evidence"": {""keywords"": [""33 KV"", ""100 square mm"", ""Dog Conductor""], ""order_type"": ""commercial"", ""repeat_buyer"": false, ""buyer_persona"": ""end customer"", ""quantity_scale"": ""Low""}}, ""call_purpose"": ""requirement"", ""all_languages"": [""Hindi"", ""English""], ""primary_language"": ""Hindi""}, ""products"": [{""price"": {""offer_details"": ""Seller mentioned the product weight is approximately 393 kg per kilometer.""}, ""in_stock"": ""in stock"", ""product_name"": ""Dog Conductor"", ""specifications"": [{""name"": ""Voltage Rating"", ""unit"": ""KV"", ""value"": ""33"", ""buyer_requested"": true, ""seller_mentioned"": false}, {""name"": ""Size"", ""unit"": ""sq mm"", ""value"": ""100"", ""buyer_requested"": true, ""seller_mentioned"": false}], ""quantity_required"": {""unit"": ""meter"", ""value"": 100}, ""related_categories"": [{""name"": ""ACSR Conductor"", ""reason"": ""Dog conductor is a common code name for a specific size of ACSR conductor.""}, {""name"": ""Electrical Conductors"", ""reason"": ""It is a metal conductor used for electrical power transmission.""}], ""is_buyer_interested"": true, ""most_specific_category"": {""name"": ""Aluminium Conductor"", ""reason"": ""The product 'Dog Conductor' is a specific type of ACSR (Aluminium Conductor Steel Reinforced) used in power transmission.""}}], ""next_steps"": {""buyer_next_steps"": [""To purchase the product from a local dealer in Jaipur""], ""seller_next_steps"": [""To provide contact for a Jaipur dealer if available""]}, ""buyer_details"": {""buyer_name"": ""6e2403383a151b190c7b71cea3b60f7012a246a63a31cbf8607bc084b721eca2"", ""buyer_location"": {""buyer_city"": ""Bhilwara"", ""buyer_state"": ""Rajasthan""}}, ""seller_details"": {""seller_location"": {""seller_city"": ""New Delhi"", ""seller_locality"": ""Bawana""}}}"
2715056,2731876,8855979,2699,1970-01-01 00:00:00.000,"{""callback"": ""callback by Tomorrow morning - To confirm stock availability"", ""lead_tag"": {""deal_blockers"": [], ""deal_readiness"": ""Warm"", ""deal_readiness_reason"": ""Buyer has clear specs and quantity (2 units) but next step depends on seller's stock confirmation.""}, ""metadata"": {""call_type"": {""type"": ""B2B"", ""reason"": ""The buyer is inquiring about a specific series of industrial AC drives for technical use, indicating a B2B requirement despite the small quantity of 2 units."", ""evidence"": {""keywords"": [""Vichi AC Drive"", ""AC 310 Series""], ""order_type"": [""bulk"", ""commercial""], ""buyer_persona"": {""persona_category"": ""retailer""}, ""quantity_scale"": ""Low""}}, ""buyer_intent"": {""narrative"": ""Looking for 2 units of Vichi AC Drive (AC 310 series, 7.5 KW)."", ""reasoning"": ""Buyer provided specific model number (AC 310) and capacity (7.5 KW) with a defined quantity."", ""intent_level"": ""High""}, ""call_outcome"": {""category"": ""Follow-up"", ""conclusion_notes"": ""Seller will check stock and update the buyer (I'll check the stock and I update you).""}, ""call_purpose"": ""requirement"", ""all_languages"": [""Hindi"", ""English""], ""primary_language"": ""English"", ""additional_details"": {""buyer_queries"": [{""query"": ""Where are you located?"", ""category"": ""Location"", ""sequence"": 3, ""answer_by_seller"": ""Haridwar, Uttarakhand.""}], ""seller_queries"": [{""query"": ""How many quantity?"", ""category"": ""Quantity"", ""sequence"": 2, ""answer_by_buyer"": ""We need 2 units.""}]}}, ""products"": [{""in_stock"": ""in stock"", ""product_name"": ""Vichi AC Drive (AC 310 series)"", ""specifications"": [{""name"": ""Manufacturer"", ""value"": ""Vichi"", ""buyer_requested"": false, ""seller_mentioned"": true}, {""name"": ""Series"", ""value"": ""AC 310"", ""buyer_requested"": true, ""seller_mentioned"": true}, {""name"": ""Power Capacity"", ""unit"": ""KW"", ""value"": ""7.5"", ""buyer_requested"": true, ""seller_mentioned"": true}], ""quantity_required"": {""unit"": ""units"", ""value"": 2}, ""related_categories"": [{""name"": ""VFD"", ""reason"": ""AC Drives are widely known and categorized as Variable Frequency Drives (VFD).""}, {""name"": ""Industrial AC Drive"", ""reason"": ""These drives are used in industrial machinery for motor control.""}], ""is_buyer_interested"": true, ""most_specific_category"": {""name"": ""AC Drive"", ""reason"": ""The buyer explicitly asked for an 'AC Drive' of the AC 310 series.""}, ""seller_accepts_quantity"": true}], ""next_steps"": {""buyer_next_steps"": [""To wait for stock confirmation from the seller""], ""seller_next_steps"": [""To check available stock for AC 310 7.5 KW Drive"", ""To call the buyer back with availability details""]}, ""buyer_details"": {""buyer_name"": ""dce4a641bce4d18cb39a7b5011c2eddbabe438b47fef8b1d3b0ac6d6b080cc48"", ""buyer_mobile_number"": ""f20754df2b52aec380083f99f25a39d108b462423a01666b6e6656b997249897""}, ""seller_details"": {""seller_name"": ""4320472dca0d474b698d34e00ea152eae7c4fe91290b6745c78ed67b4b0551b4"", ""seller_location"": {""seller_city"": ""Haridwar"", ""seller_state"": ""Uttarakhand""}}}"
2718865,2735685,2734292,29670,1970-01-01 00:00:00.000,"{""payment"": {}, ""callback"": ""callback by [No specific time mentioned] - [Not a valid callback]"", ""lead_tag"": {""deal_blockers"": [], ""deal_readiness"": ""Warm"", ""deal_readiness_reason"": ""Specific requirement for factory use discussed; details being shared on WhatsApp.""}, ""metadata"": {""call_type"": {""type"": ""B2B"", ""reason"": ""The buyer stated the requirement is for their factory and requested multiple types of industrial oils."", ""evidence"": {""keywords"": [""Factory Use"", ""Compressor Oil"", ""Hydraulic Oil""], ""order_type"": [""commercial""], ""repeat_buyer"": true, ""buyer_persona"": {""persona_category"": ""manufacturer""}}}, ""buyer_intent"": {""narrative"": ""Needs compressor, hydraulic, and engine oils for factory use."", ""reasoning"": ""Specified detailed product types (compressor, hydraulic, engine oil) and intended use (factory)."", ""intent_level"": ""High""}, ""call_outcome"": {""category"": ""Follow-up"", ""conclusion_notes"": ""Seller will share details on WhatsApp (WhatsApp pe hi share kar raha hoon).""}, ""call_purpose"": ""requirement"", ""all_languages"": [""Hindi"", ""English""], ""primary_language"": ""Hindi"", ""additional_details"": {""buyer_queries"": [{""query"": ""Which lubricant oils are available?"", ""category"": ""Availability"", ""sequence"": 1, ""answer_by_seller"": ""Lubricant, compressor, and hydraulic oils are available.""}, {""query"": ""Do you have Tata Motors engine oil?"", ""category"": ""Availability"", ""sequence"": 4, ""answer_by_seller"": ""Tata Motors engine oil is not available, but HP brand is.""}], ""seller_queries"": [{""query"": ""What is your WhatsApp number?"", ""category"": ""Other"", ""sequence"": 2, ""answer_by_buyer"": ""7503183434""}, {""query"": ""Do you resell these products?"", ""category"": ""Other"", ""sequence"": 5, ""answer_by_buyer"": ""I have a factory where I need to deliver the oil.""}]}, ""intended_application"": ""Industrial Production""}, ""products"": [{""in_stock"": ""in stock"", ""product_name"": ""Hydraulic Oil"", ""specifications"": [], ""related_categories"": [{""name"": ""Industrial Oils"", ""reason"": ""Hydraulic oil is a type of industrial lubricant.""}], ""is_buyer_interested"": true, ""most_specific_category"": {""name"": ""Hydraulic Oils"", ""reason"": ""Buyer specifically asked for hydraulic oil.""}}, {""in_stock"": ""in stock"", ""product_name"": ""Compressor Oil"", ""specifications"": [], ""related_categories"": [{""name"": ""Hydraulic Pump Oil"", ""reason"": ""Often used in similar industrial lubrication contexts.""}], ""is_buyer_interested"": true, ""most_specific_category"": {""name"": ""Industrial Oils"", ""reason"": ""Compressor oil is used in industrial machinery.""}}, {""in_stock"": ""not sold"", ""product_name"": ""Tata Motors Engine Oil"", ""specifications"": [{""name"": ""Brand"", ""value"": ""Tata Motors"", ""buyer_requested"": true, ""seller_mentioned"": false}], ""is_buyer_interested"": true, ""most_specific_category"": {""name"": ""Industrial Oils"", ""reason"": ""Engine oil fall under broader industrial/automotive lubricant category.""}}, {""in_stock"": ""in stock"", ""product_name"": ""HP Engine Oil"", ""specifications"": [{""name"": ""Brand"", ""value"": ""HP"", ""buyer_requested"": false, ""seller_mentioned"": true}], ""is_buyer_interested"": false, ""most_specific_category"": {""name"": ""Industrial Oils"", ""reason"": ""HP engine oil mentioned as available by seller.""}}], ""next_steps"": {""buyer_next_steps"": [""To share specific requirements on WhatsApp""], ""seller_next_steps"": [""To share product details and catalog on WhatsApp""]}, ""buyer_details"": {""buyer_name"": ""2239230fabd0900f57b91b018e764a8a62ea8b70d84a8973b114ef5e86ffd955""}, ""seller_details"": {}}"
1333799,1350562,51498,135679,1970-01-01 00:00:00.000,"{""lead_tag"": {""deal_blockers"": [], ""deal_readiness"": ""Cold"", ""deal_readiness_reason"": ""Call disconnected immediately without any verbal interaction. ""}, ""metadata"": {""call_type"": {""type"": ""B2C"", ""reason"": ""Insufficient information to determine if the call is B2B or B2C as no discussion occurred."", ""evidence"": {""keywords"": []}}, ""buyer_intent"": {""narrative"": ""The buyer initiated a call but disconnected quickly."", ""reasoning"": ""Call was disconnected before any requirements or specifications could be discussed; no intent could be established beyond the attempt to connect."", ""intent_level"": ""Low""}, ""call_outcome"": {""category"": ""Lost"", ""conclusion_notes"": ""Call disconnected at the start (Hello, hello connection attempt).""}, ""call_purpose"": ""irrelevant"", ""all_languages"": [""English""], ""primary_language"": ""English"", ""additional_details"": {""buyer_queries"": [], ""seller_queries"": []}}, ""products"": [], ""next_steps"": {""buyer_next_steps"": [], ""seller_next_steps"": []}, ""buyer_details"": {""buyer_name"": ""50bf4c9269f1f982e9310ad430723e1f90018cffab77dab4b960af5e0bb692cf""}, ""seller_details"": {""seller_name"": ""f3352ec09a4eb5f7588d3ce4b882a5bf5ea6c94b9c39e28bc9958328adb7c44b""}}"
1333850,1350613,51498,135679,1970-01-01 00:00:00.000,"{""callback"": """", ""lead_tag"": {""deal_blockers"": [{""detail"": ""Does not manufacture 5 kg and 10 kg variants"", ""category"": ""Availability""}], ""deal_readiness"": ""Cold"", ""deal_readiness_reason"": ""The seller does not manufacture the specific smaller capacities (5 kg, 10 kg) requested by the buyer.""}, ""metadata"": {""call_type"": {""type"": ""B2B"", ""reason"": ""The buyer is inquiring based on a catalog and specific industrial/commercial capacities for resale or business use."", ""evidence"": {""keywords"": [""Paper Bag"", ""Catalog"", ""Batch Capacity""], ""order_type"": {""order_type_category"": ""commercial""}, ""buyer_persona"": {""persona_category"": ""retailer""}, ""quantity_scale"": ""High""}}, ""buyer_intent"": {""narrative"": ""Looking for paper bags in 5 kg and 10 kg capacities."", ""reasoning"": ""The buyer has specific size/capacity requirements and proactively asked about MOQ and catalog."", ""intent_level"": ""High""}, ""call_outcome"": {""category"": ""Lost"", ""conclusion_notes"": ""Seller does not manufacture requested sizes (5 kg/10 kg), only 25 kg. (Nahi sir hamara capacity 25 kg ka rehta hai)""}, ""call_purpose"": ""requirement"", ""all_languages"": [""Hindi"", ""English""], ""primary_language"": ""Hindi"", ""additional_details"": {""buyer_queries"": [{""query"": ""What is your minimum order quantity?"", ""category"": ""Availability"", ""sequence"": 1}, {""query"": ""Do you have 5 kg and 10 kg capacity bags?"", ""category"": ""Availability"", ""sequence"": 3}], ""seller_queries"": []}}, ""products"": [{""in_stock"": ""not sold"", ""product_name"": ""Paper Bag"", ""specifications"": [{""name"": ""Capacity"", ""unit"": ""kg"", ""value"": ""5"", ""buyer_requested"": true, ""seller_mentioned"": false}], ""quantity_required"": {""unit"": ""kg"", ""value"": 5}, ""related_categories"": [{""name"": ""Kraft Paper Bags"", ""reason"": ""Paper bags are frequently made from Kraft paper in the packaging industry.""}, {""name"": ""Paper Packaging Bag"", ""reason"": ""Used for commercial packaging of goods.""}], ""is_buyer_interested"": true, ""most_specific_category"": {""name"": ""Paper Bags"", ""reason"": ""The buyer specifically inquired about paper bags based on a received catalog.""}}, {""in_stock"": ""not sold"", ""product_name"": ""Paper Bag"", ""specifications"": [{""name"": ""Capacity"", ""unit"": ""kg"", ""value"": ""10"", ""buyer_requested"": true, ""seller_mentioned"": false}], ""quantity_required"": {""unit"": ""kg"", ""value"": 10}, ""related_categories"": [{""name"": ""Kraft Paper Bags"", ""reason"": ""Commonly used for larger capacity paper packaging.""}, {""name"": ""Packaging Sacks"", ""reason"": ""High capacity paper bags often fall under sacks.""}], ""is_buyer_interested"": true, ""most_specific_category"": {""name"": ""Paper Bags"", ""reason"": ""The buyer explicitly asked for 10 kg paper bags.""}}, {""in_stock"": ""in stock"", ""product_name"": ""Paper Bag"", ""specifications"": [{""name"": ""Capacity"", ""unit"": ""kg"", ""value"": ""25"", ""buyer_requested"": false, ""seller_mentioned"": true}], ""related_categories"": [{""name"": ""Paper Packaging Bag"", ""reason"": ""General category for paper-based packaging.""}], ""is_buyer_interested"": false, ""most_specific_category"": {""name"": ""Paper Bags"", ""reason"": ""Seller confirmed their standard manufacturing capacity.""}}], ""next_steps"": {""buyer_next_steps"": [], ""seller_next_steps"": []}, ""buyer_details"": {""buyer_name"": ""50bf4c9269f1f982e9310ad430723e1f90018cffab77dab4b960af5e0bb692cf""}, ""seller_details"": {""seller_name"": ""f3352ec09a4eb5f7588d3ce4b882a5bf5ea6c94b9c39e28bc9958328adb7c44b""}}"
555710,564911,51498,135679,1970-01-01 00:00:00.000,"{""metadata"": {""call_type"": {""type"": ""B2B"", ""reason"": ""The buyer is requesting a high quantity of 2 to 3 tons per month, indicating a business requirement for commercial use or distribution."", ""evidence"": {""keywords"": [""2 to 3 tons monthly"", ""Manufacturing unit""], ""order_type"": ""recurring"", ""repeat_buyer"": true, ""buyer_persona"": ""Wholesaler/Distributor"", ""quantity_scale"": ""High""}}, ""call_purpose"": ""requirement"", ""all_languages"": [""Gujarati"", ""English""], ""primary_language"": ""Gujarati""}, ""products"": [{""in_stock"": ""in stock"", ""product_name"": ""Paper Laminated Bag (Paper Packaging Bag)"", ""specifications"": [{""name"": ""Liner Thickness"", ""unit"": ""micron"", ""value"": ""51"", ""buyer_requested"": true, ""seller_mentioned"": true}, {""name"": ""GSM"", ""buyer_requested"": true, ""seller_mentioned"": false}], ""quantity_required"": {""unit"": ""tonnes"", ""value"": 2}, ""related_categories"": [{""name"": ""Paper Packaging Bag"", ""reason"": ""The buyer used this term to describe the general product category they are looking for.""}, {""name"": ""Laminated Paper Bag"", ""reason"": ""The product involves lamination as discussed by the seller.""}], ""is_buyer_interested"": true, ""most_specific_category"": {""name"": ""Paper Laminated HDPE Bags"", ""reason"": ""The seller explicitly mentioned being a manufacturer of paper laminated bags which includes HDPE lamination.""}}, {""in_stock"": ""in stock"", ""product_name"": ""Paper Laminated Bag (Paper Packaging Bag)"", ""specifications"": [{""name"": ""Liner Thickness"", ""unit"": ""micron"", ""value"": ""70"", ""buyer_requested"": true, ""seller_mentioned"": true}], ""quantity_required"": {""unit"": ""tonnes"", ""value"": 2}, ""related_categories"": [{""name"": ""Paper Packaging Bag"", ""reason"": ""It is a type of paper packaging bag as requested by the buyer.""}], ""is_buyer_interested"": true, ""most_specific_category"": {""name"": ""Paper Laminated HDPE Bags"", ""reason"": ""The seller mentioned providing liners up to 70 microns for their paper laminated bags.""}}, {""in_stock"": ""in stock"", ""product_name"": ""Multiwall Paper Bag"", ""specifications"": [{""name"": ""Liner Thickness"", ""unit"": ""micron"", ""value"": ""51"", ""buyer_requested"": true, ""seller_mentioned"": true}], ""quantity_required"": {""unit"": ""tonnes"", ""value"": 2}, ""related_categories"": [{""name"": ""Paper Bags"", ""reason"": ""Multiwall paper bags fall under the broader category of paper bags.""}, {""name"": ""Paper Packaging Bag"", ""reason"": ""The buyer is looking for paper packaging solutions.""}], ""is_buyer_interested"": true, ""most_specific_category"": {""name"": ""Multiwall Paper Bags"", ""reason"": ""The seller explicitly stated they manufacture multiwall paper bags.""}}, {""in_stock"": ""in stock"", ""product_name"": ""Multiwall Paper Bag"", ""specifications"": [{""name"": ""Liner Thickness"", ""unit"": ""micron"", ""value"": ""70"", ""buyer_requested"": true, ""seller_mentioned"": true}], ""quantity_required"": {""unit"": ""tonnes"", ""value"": 2}, ""related_categories"": [{""name"": ""Paper Packaging Bag"", ""reason"": ""Used for heavy-duty industrial packaging.""}], ""is_buyer_interested"": true, ""most_specific_category"": {""name"": ""Multiwall Paper Bags"", ""reason"": ""The seller confirmed they make multiwall bags and can provide thicker liners.""}}], ""next_steps"": {""seller_next_steps"": [""To send catalogue and company details on WhatsApp""]}, ""buyer_details"": {""buyer_name"": ""b26d28f46ceba1518fad6a7122320240084a5fe4fe73a5128fffcfffa86f2907"", ""buyer_location"": {""buyer_city"": ""Ahmedabad""}, ""buyer_mobile_number"": ""4417624259034c13137725fd0547b4263919e60b3feb33fc4522ea42d37d19ec""}, ""seller_details"": {""seller_name"": ""f3352ec09a4eb5f7588d3ce4b882a5bf5ea6c94b9c39e28bc9958328adb7c44b"", ""seller_location"": {""seller_city"": ""Ahmedabad""}}}"
1606657,1623429,51498,135679,1970-01-01 00:00:00.000,"{""callback"": ""callback by Tomorrow - To confirm with party after getting the message (Party se confirm karu)"", ""lead_tag"": {""deal_blockers"": [], ""deal_readiness"": ""Warm"", ""deal_readiness_reason"": ""Buyer is ready to confirm order with his party once quote is received.""}, ""metadata"": {""call_type"": {""type"": ""B2B"", ""reason"": ""The buyer mentions confirming with his 'party', indicating he is likely a wholesaler or middleman in a commercial transaction."", ""evidence"": {""keywords"": [""Center Sealing"", ""Lamination"", ""Roll Size""], ""order_type"": {""order_type_category"": ""commercial""}, ""repeat_buyer"": false, ""buyer_persona"": {""persona_detail"": ""Intermediary quoting to a party"", ""persona_category"": ""wholesaler""}}}, ""buyer_intent"": {""narrative"": ""Buyer is looking for center sealing lamination rolls with size variations of 36 and 48 inches."", ""reasoning"": ""Buyer specifically asked for pricing, confirmed thickness, requested photos, and needs to quote his own client."", ""intent_level"": ""High""}, ""call_outcome"": {""category"": ""Pending"", ""conclusion_notes"": ""Waiting for seller to send price and photos on WhatsApp (Number par message kar dijiyega)""}, ""call_purpose"": ""requirement"", ""all_languages"": [""Hindi"", ""English""], ""primary_language"": ""Hindi"", ""additional_details"": {""buyer_queries"": [{""query"": ""What is the price of the center sealing product?"", ""category"": ""Pricing"", ""sequence"": 1}, {""query"": ""Is it center sealing lamination only?"", ""category"": ""Specifications"", ""sequence"": 3}], ""seller_queries"": []}, ""intended_application"": ""Commercial Lamination""}, ""products"": [{""price"": {""negotiation_notes"": ""Seller promised to send the price via message.""}, ""in_stock"": ""in stock"", ""product_name"": ""Center Sealing Lamination"", ""specifications"": [{""name"": ""Lamination Type"", ""value"": ""Center Sealing"", ""buyer_requested"": true, ""seller_mentioned"": true}, {""name"": ""Thickness"", ""unit"": ""micron"", ""value"": ""19.5"", ""buyer_requested"": true, ""seller_mentioned"": false}, {""name"": ""Roll Size"", ""unit"": ""inch"", ""value"": ""36"", ""buyer_requested"": false, ""seller_mentioned"": true}], ""related_categories"": [{""name"": ""HDPE Laminated Bag"", ""reason"": ""Center sealing lamination is commonly associated with HDPE or plastic-based laminated packaging.""}], ""is_buyer_interested"": true, ""most_specific_category"": {""name"": ""Laminated Paper Bag"", ""reason"": ""The product is explicitly described as center sealing lamination used in packaging contexts.""}}, {""in_stock"": ""in stock"", ""product_name"": ""Center Sealing Lamination (48 inch)"", ""specifications"": [{""name"": ""Roll Size"", ""unit"": ""inch"", ""value"": ""48"", ""buyer_requested"": false, ""seller_mentioned"": true}, {""name"": ""Lamination Type"", ""value"": ""Center Sealing"", ""buyer_requested"": false, ""seller_mentioned"": true}], ""related_categories"": [{""name"": ""HDPE Laminated Bag"", ""reason"": ""Relates to the type of material typically used for center sealed lamination rolls.""}], ""is_buyer_interested"": true, ""most_specific_category"": {""name"": ""Laminated Paper Bag"", ""reason"": ""The buyer is interested in different size variations of the center sealing lamination product.""}}], ""next_steps"": {""buyer_next_steps"": [""To confirm with the party after receiving the price and photos""], ""seller_next_steps"": [""To message the price and product photos on WhatsApp"", ""To confirm availability of sizes 36 and 48 inches""]}, ""buyer_details"": {""buyer_name"": ""fa4f7155e110eac164bda0f36b5d43f01d5d43d6afa190a317c5bec463f85764""}, ""seller_details"": {""seller_name"": ""f3352ec09a4eb5f7588d3ce4b882a5bf5ea6c94b9c39e28bc9958328adb7c44b""}}"
238251,240285,3043276,53096,1970-01-01 00:00:00.000,"{""metadata"": {""call_type"": {""type"": ""B2B"", ""reason"": ""The buyer explicitly states the need for 'two tons' (दो टन) of ACSR conductor, specifically mentioning 'Rabbit' and 'Dog' types, and emphasizes wanting 'commercial grade' (कमर्शियल ग्रेड). These indicators, particularly the large quantity and commercial specification, point to a B2B transaction."", ""evidence"": {""keywords"": [""commercial grade""], ""order_type"": ""bulk"", ""buyer_persona"": ""Wholesaler/Distributor/Commercial Project Manager"", ""quantity_scale"": ""High""}}, ""call_purpose"": ""requirement"", ""all_languages"": [""Hindi"", ""English""], ""primary_language"": ""Hindi""}, ""products"": [{""product_name"": ""ACSR Conductor (Rabbit)"", ""specifications"": [{""name"": ""Grade"", ""value"": ""Commercial"", ""buyer_requested"": true, ""seller_mentioned"": false}, {""name"": ""Type"", ""value"": ""Rabbit"", ""buyer_requested"": true, ""seller_mentioned"": false}], ""quantity_required"": {""unit"": ""ton"", ""value"": 21}, ""related_categories"": [{""name"": ""Electrical Conductors"", ""reason"": ""ACSR conductors are a type of electrical conductor used for power transmission.""}, {""name"": ""Aluminium Conductor"", ""reason"": ""ACSR stands for Aluminium Conductor Steel Reinforced, indicating it is an aluminium conductor.""}, {""name"": ""Conductor Wire"", ""reason"": ""ACSR conductors function as conductor wires.""}], ""is_buyer_interested"": true, ""most_specific_category"": {""name"": ""ACSR Conductor"", ""reason"": ""The buyer explicitly asks for 'ACSR Conductor' and specifies a type 'Rabbit'.""}}, {""product_name"": ""ACSR Conductor (Dog)"", ""specifications"": [{""name"": ""Grade"", ""value"": ""Commercial"", ""buyer_requested"": true, ""seller_mentioned"": false}, {""name"": ""Type"", ""value"": ""Dog"", ""buyer_requested"": true, ""seller_mentioned"": false}], ""quantity_required"": {""unit"": ""ton"", ""value"": 21}, ""related_categories"": [{""name"": ""Electrical Conductors"", ""reason"": ""ACSR conductors are a type of electrical conductor used for power transmission.""}, {""name"": ""Aluminium Conductor"", ""reason"": ""ACSR stands for Aluminium Conductor Steel Reinforced, indicating it is an aluminium conductor.""}, {""name"": ""Conductor Wire"", ""reason"": ""ACSR conductors function as conductor wires.""}], ""is_buyer_interested"": true, ""most_specific_category"": {""name"": ""ACSR Conductor"", ""reason"": ""The buyer explicitly asks for 'ACSR Conductor' and specifies a type 'Dog'.""}}], ""next_steps"": {""buyer_next_steps"": [""To call the seller on WhatsApp""], ""seller_next_steps"": []}, ""buyer_details"": {""buyer_location"": {""buyer_city"": ""Delhi""}, ""buyer_mobile_number"": ""be4353e910659c01056653fc2292911d79df5a98dd932d0573eabbae8d9f5ee4""}, ""seller_details"": {}}"
238339,240374,3043276,53096,1970-01-01 00:00:00.000,"{""metadata"": {""call_type"": {""reason"": ""The conversation is very brief and only consists of a seller's follow-up attempt and a buyer's promise to send details. No product, quantity, or specific business context is discussed, making it impossible to classify as B2B or B2C.""}, ""call_purpose"": ""followup"", ""all_languages"": [""Hindi""], ""primary_language"": ""Hindi""}, ""products"": [], ""next_steps"": {""buyer_next_steps"": [""To send details on WhatsApp""]}, ""buyer_details"": {""buyer_name"": ""f7e264dda4f4f8863c67cc20950a76e06f9920bf61562ed65effb205266623c8"", ""buyer_location"": {""buyer_city"": ""New Delhi""}, ""buyer_mobile_number"": ""e4374180e632689922d8d2ce88431a8c405ddeeb1cd67ea4ddfd0e307a62c00d""}, ""seller_details"": {""seller_location"": {""seller_city"": ""New Delhi""}}}"
570631,579996,16098096,38492,1970-01-01 00:00:00.000,"{""metadata"": {""call_type"": {""reason"": ""The call reached a voicemail service and no business conversation took place between the buyer and the seller.""}, ""call_purpose"": ""irrelevant"", ""all_languages"": [""English""], ""primary_language"": ""English""}, ""products"": [], ""next_steps"": {""buyer_next_steps"": [], ""seller_next_steps"": []}, ""buyer_details"": {""buyer_name"": ""d2a1a577cb29c8ba6055c989c62e9b6c3f34989b16e0063177d41878d995e112"", ""buyer_location"": {""buyer_city"": ""Tirunelveli""}, ""buyer_mobile_number"": ""8128762bfebce5cd7f74acf5d05075dc55aa511d3b5baab4de6e866e943ccd9b""}, ""seller_details"": {""seller_name"": ""089bbc5f7a9ac7b3a3fed85b1bf01aa04f306ddd9356e785ccf452ebc55a1532"", ""seller_location"": {""seller_city"": ""Hyderabad""}}}"
597011,606685,51498,135679,1970-01-01 00:00:00.000,"{""payment"": {""payment_details"": ""Price of 1900 quoted for 100 pieces""}, ""metadata"": {""call_type"": {""type"": ""B2B"", ""reason"": ""The buyer is looking for specific laminated bags for packaging tea dust for their business. While the initial quantity is low (100-200 pieces), it is for commercial use with intent to order more after checking the quality."", ""evidence"": {""keywords"": [""5kg tea bag"", ""tea dust"", ""PP coating"", ""trial order"", ""packaging""], ""order_type"": ""trial"", ""repeat_buyer"": true, ""buyer_persona"": ""Small business owner"", ""quantity_scale"": ""Low""}}, ""call_purpose"": ""requirement"", ""all_languages"": [""Hindi"", ""English""], ""primary_language"": ""Hindi""}, ""products"": [{""price"": {""value"": 1900, ""currency"": ""INR"", ""price_unit"": ""100 pieces""}, ""in_stock"": ""in stock"", ""product_name"": ""Paper Laminated Bag"", ""specifications"": [{""name"": ""Capacity"", ""unit"": ""kg"", ""value"": ""5"", ""buyer_requested"": true}, {""name"": ""Application"", ""value"": ""Tea dust packaging"", ""buyer_requested"": true}, {""name"": ""Outer Material"", ""value"": ""Paper"", ""seller_mentioned"": true}, {""name"": ""Inner Material"", ""value"": ""PP plus Fabric coating"", ""seller_mentioned"": true}, {""name"": ""Closure Type"", ""value"": ""Stitching"", ""seller_mentioned"": true}], ""quantity_required"": {""unit"": ""pieces"", ""value"": 100}, ""related_categories"": [{""name"": ""HDPE Woven Bags"", ""reason"": ""The bag features a PP/fabric inner layer which is characteristic of HDPE/PP woven laminated sacks.""}, {""name"": ""Packaging Sacks"", ""reason"": ""The product is used for bulk packaging of 5kg tea dust.""}, {""name"": ""Laminated Paper Bag"", ""reason"": ""The product is a paper bag with internal plastic lamination.""}], ""is_buyer_interested"": true, ""most_specific_category"": {""name"": ""Paper Laminated HDPE Bags"", ""reason"": ""The seller explicitly identifies as a manufacturer of paper laminated bags and describes the construction as paper on the outside with PP and fabric coating on the inside.""}}, {""in_stock"": ""in stock"", ""product_name"": ""Multiwall Paper Bag"", ""related_categories"": [{""name"": ""Paper Bags"", ""reason"": ""Multiwall bags are a specialized type of heavy-duty paper packaging.""}], ""is_buyer_interested"": true, ""most_specific_category"": {""name"": ""Multiwall Paper Bags"", ""reason"": ""The seller mentions they have a manufacturing unit specifically for multiwall paper bags.""}}], ""next_steps"": {""buyer_next_steps"": [""To check the updated price list on WhatsApp""], ""seller_next_steps"": [""To calculate and send updated rates for 100-200 pieces on WhatsApp""]}, ""buyer_details"": {""buyer_mobile_number"": ""c1e936f1e87afe38cfe91aaa29cc9ddaaf4d9a38716d5ac6dd26685d0946f2d4""}, ""seller_details"": {""seller_name"": ""6cdd24d742a65b0815dde2224a02e89e4f71ced0ff46f7e77f774d63aabb4af3"", ""seller_mobile_number"": ""56d770b201c20f94e93a1bd9a6e8847a3bc7621197863ac3ae591ef4d9b94017""}}"
2747287,2764107,13665628,42666,1970-01-01 00:00:00.000,"{""callback"": ""callback by Tomorrow - To discuss product details (WhatsApp pe message karo main batata hoon)"", ""lead_tag"": {""deal_blockers"": [], ""deal_readiness"": ""Warm"", ""deal_readiness_reason"": ""Interested in a specific catalog item but pending further discussion due to connectivity issues.""}, ""metadata"": {""call_type"": {""type"": ""B2B"", ""reason"": ""The buyer is inquiring about a specific product from the seller's catalog which is common in B2B sourcing."", ""evidence"": {""keywords"": [""Disposable Loofah"", ""Scrubber"", ""Catalog""], ""repeat_buyer"": false}}, ""buyer_intent"": {""narrative"": ""Wants to purchase a specific disposable loofah scrubber from the seller's catalog."", ""reasoning"": ""The buyer identified a specific third item in the catalog but the call was cut short due to audio issues."", ""intent_level"": ""Medium""}, ""call_outcome"": {""category"": ""Follow-up"", ""conclusion_notes"": ""Moving to WhatsApp for better communication due to call quality issues (WhatsApp pe message karo main batata hoon).""}, ""call_purpose"": ""requirement"", ""all_languages"": [""Hindi"", ""English""], ""primary_language"": ""Hindi"", ""additional_details"": {""buyer_queries"": [{""query"": ""I need the disposable loofah scrubber, the third one in the catalog."", ""category"": ""Specifications"", ""sequence"": 1}], ""seller_queries"": [{""query"": ""Which loofah do you need?"", ""category"": ""Specifications"", ""sequence"": 2}]}, ""intended_application"": ""Personal Hygiene""}, ""products"": [{""in_stock"": ""in stock"", ""product_name"": ""Disposable Loofah Scrubber"", ""specifications"": [{""name"": ""Variant"", ""value"": ""3rd in Catalog"", ""buyer_requested"": true, ""seller_mentioned"": false}], ""related_categories"": [{""name"": ""Body Scrubber"", ""reason"": ""Loofah scrubbers are used for body cleaning.""}, {""name"": ""Natural Loofah"", ""reason"": ""Disposable scrubbers are often made of natural or synthetic loofah material.""}], ""is_buyer_interested"": true, ""most_specific_category"": {""name"": ""Bath Scrubbers"", ""reason"": ""The buyer explicitly mentioned 'disposable loofah scrubber' from the catalog.""}}], ""next_steps"": {""buyer_next_steps"": [""To send a message on WhatsApp for further product details""], ""seller_next_steps"": [""To provide information and confirm the product specification on WhatsApp""]}, ""buyer_details"": {""buyer_name"": ""3178e160fe176553b614d55ba83194a257b93c2139b23345f226a0a6df58c489""}, ""seller_details"": {""seller_name"": ""f3cce486ea320015c8e0ffae7cfda6bc2c449a8980b1fb4c632703a70a998246""}}"
1931014,1947797,3043276,53096,1970-01-01 00:00:00.000,"{""lead_tag"": {""deal_blockers"": [], ""deal_readiness"": ""Warm"", ""deal_readiness_reason"": ""Buyer asked for specific product and price per kg and got details, will confirm further.""}, ""metadata"": {""call_type"": {""type"": ""B2B"", ""reason"": ""The buyer's requirement for 5000 meters of conductor is at a bulk scale, which is typical for B2B transactions."", ""evidence"": {""keywords"": [""100 sq mm ACSR conductor"", ""transportation charges extra""], ""order_type"": {""order_type_category"": ""bulk""}, ""repeat_buyer"": false, ""quantity_scale"": ""High""}}, ""buyer_intent"": {""narrative"": ""Wants 5000 meters of 100 sq mm ACSR conductor for use in Kolkata."", ""reasoning"": ""Buyer had clear specifications and quantity requirements."", ""intent_level"": ""High""}, ""call_outcome"": {""category"": ""Follow-up"", ""conclusion_notes"": ""Buyer will confirm further after checking the price (Theek hai bolte hain)""}, ""call_purpose"": ""requirement"", ""all_languages"": [""Hindi"", ""English""], ""primary_language"": ""Hindi"", ""additional_details"": {""buyer_queries"": [{""query"": ""What will be the price for a 100 sq mm ACSR conductor?"", ""category"": ""Pricing"", ""sequence"": 1}, {""query"": ""Are there any transportation charges?"", ""category"": ""Delivery"", ""sequence"": 3}], ""seller_queries"": [{""query"": ""How much quantity do you need?"", ""category"": ""Quantity"", ""sequence"": 2}, {""query"": ""Where are you calling from?"", ""category"": ""Other"", ""sequence"": 4}]}}, ""products"": [{""price"": {""gst"": {""is_gst_included"": false}, ""value"": 280, ""currency"": ""INR"", ""price_unit"": ""kg"", ""delivery_charge"": {""is_delivery_charge_included"": false}, ""buyer_price_reaction"": {""quote"": ""Theek hai bolte hain"", ""category"": ""Accepted""}}, ""in_stock"": ""in stock"", ""product_name"": ""100 sq mm ACSR conductor"", ""specifications"": [{""name"": ""Size"", ""unit"": ""sq mm"", ""value"": ""100"", ""buyer_requested"": true, ""seller_mentioned"": true}, {""name"": ""Model"", ""value"": ""ACSR"", ""buyer_requested"": true, ""seller_mentioned"": true}], ""quantity_required"": {""unit"": ""meters"", ""value"": 5000}, ""related_categories"": [{""name"": ""Electrical Conductors"", ""reason"": ""As it is a type of conductor used for electricity.""}, {""name"": ""Conductor Wire"", ""reason"": ""High square mm wires act as conductor wire.""}], ""is_buyer_interested"": true, ""most_specific_category"": {""name"": ""ACSR Conductor"", ""reason"": ""Both speakers mentioned ACSR conductor as the core requirement.""}, ""seller_accepts_quantity"": true}], ""next_steps"": {""buyer_next_steps"": [""To confirm if the quoted price is acceptable""], ""seller_next_steps"": [""To provide further information upon buyer's confirmation""]}, ""buyer_details"": {""buyer_name"": ""48daa79865af68bb52b266c0de7a94e213498f9663392cd892b65c1903988963"", ""buyer_mobile_number"": ""5431f8783da847ae1f44ed28d2f08efdfb9ff6ec24b04e924149f2049565b7ad""}, ""seller_details"": {""seller_location"": {""seller_city"": ""Faridabad"", ""seller_state"": ""Haryana""}}}"
269170,272311,2701501,110734,1970-01-01 00:00:00.000,"{""metadata"": {""call_type"": {""type"": ""B2B"", ""reason"": ""The buyer is requesting 200 pieces of roof tiles, which is a significant quantity for a single purchase, suggesting a project or construction need. The discussion about delivery from Maharashtra to Bengaluru and the seller quoting 'plus GST plus transport' indicates a commercial transaction rather than a simple retail purchase, classifying it as B2B. While the buyer might be an end customer for a project, the nature of the transaction is B2B due to quantity and logistics discussed."", ""evidence"": {""keywords"": [""delivery"", ""transport""], ""order_type"": ""one-time"", ""repeat_buyer"": false, ""buyer_persona"": ""end customer"", ""quantity_scale"": ""High""}}, ""call_purpose"": ""requirement"", ""all_languages"": [""Hindi"", ""Kannada""], ""primary_language"": ""Hindi""}, ""products"": [{""price"": {""gst"": {""details"": ""plus GST"", ""is_gst_included"": false}, ""value"": 100, ""currency"": ""INR"", ""price_unit"": ""piece"", ""delivery_charge"": {""details"": ""plus transport"", ""is_delivery_charge_included"": false}}, ""in_stock"": ""in stock"", ""product_name"": ""Roof Tiles"", ""specifications"": [{""name"": ""Type"", ""value"": ""Flat"", ""buyer_requested"": true, ""seller_mentioned"": false}, {""name"": ""Color"", ""value"": ""Grey"", ""buyer_requested"": true, ""seller_mentioned"": false}], ""quantity_required"": {""unit"": ""pieces"", ""value"": 200}, ""related_categories"": [], ""is_buyer_interested"": true, ""most_specific_category"": {""name"": ""Roof Tiles"", ""reason"": ""The buyer explicitly states 'roof tiles' and the seller acknowledges this as the product being discussed.""}}], ""next_steps"": {""buyer_next_steps"": [""To call the seller to proceed""], ""seller_next_steps"": []}, ""buyer_details"": {""buyer_location"": {""buyer_city"": ""Bengaluru""}}, ""seller_details"": {""seller_location"": {""seller_state"": ""Maharashtra""}, ""seller_mobile_number"": ""9ec09493d9308847b4c480560bb150a61d92440fc4dfe6d4b20543b143337e16""}}"
2765060,2781880,8938139,150067,1970-01-01 00:00:00.000,"{""payment"": {}, ""callback"": """", ""lead_tag"": {""deal_blockers"": [], ""deal_readiness"": ""Warm"", ""deal_readiness_reason"": ""Buyer provided specific technical requirements and quantity but price is yet to be confirmed over the phone.""}, ""metadata"": {""call_type"": {""type"": ""B2C"", ""reason"": ""The buyer requested a very small quantity of 5 meters of cable, which indicates a retail purchase for individual or small-scale personal use rather than bulk industrial or business procurement."", ""evidence"": {""keywords"": [""Copper Flexible"", ""Single Core"", ""50 sq mm""], ""order_type"": [""one-time""], ""repeat_buyer"": false, ""buyer_persona"": {""persona_category"": ""end_consumer""}, ""quantity_scale"": ""Low""}}, ""buyer_intent"": {""narrative"": ""Seeking 5 meters of 50 sq mm single core copper flexible cable for specific use."", ""reasoning"": ""Buyer stated precise technical specifications including size, core type, and material, along with a definite quantity requirement."", ""intent_level"": ""High""}, ""call_outcome"": {""category"": ""Follow-up"", ""conclusion_notes"": ""Seller shared his contact number for the buyer to reach out for pricing details (Note kar lo rate ke liye number).""}, ""call_purpose"": ""requirement"", ""all_languages"": [""Hindi"", ""English""], ""primary_language"": ""Hindi"", ""additional_details"": {""buyer_queries"": [{""query"": ""Do you have 50 square mm wire?"", ""category"": ""Availability"", ""sequence"": 1}, {""query"": ""What is the rate?"", ""category"": ""Pricing"", ""sequence"": 5}], ""seller_queries"": [{""query"": ""How many cores do you need?"", ""category"": ""Specifications"", ""sequence"": 2, ""answer_by_buyer"": ""Single core.""}, {""query"": ""Is it aluminium armoured or copper flexible?"", ""category"": ""Specifications"", ""sequence"": 3, ""answer_by_buyer"": ""Copper flexible.""}, {""query"": ""What is the quantity you need?"", ""category"": ""Quantity"", ""sequence"": 4, ""answer_by_buyer"": ""5 meters.""}]}}, ""products"": [{""in_stock"": ""in stock"", ""product_name"": ""Single Core 50 sq mm Copper Flexible Cable (50 square mm wire)"", ""specifications"": [{""name"": ""Number of Cores"", ""unit"": ""core"", ""value"": ""1"", ""buyer_requested"": false, ""seller_mentioned"": true}, {""name"": ""Material"", ""value"": ""Copper"", ""buyer_requested"": false, ""seller_mentioned"": true}, {""name"": ""Type"", ""value"": ""Flexible"", ""buyer_requested"": false, ""seller_mentioned"": true}, {""name"": ""Wire Size"", ""unit"": ""sq mm"", ""value"": ""50"", ""buyer_requested"": false, ""seller_mentioned"": true}, {""name"": ""Jacket Material"", ""value"": ""LSZH/FRLSH"", ""buyer_requested"": false, ""seller_mentioned"": true}], ""quantity_required"": {""unit"": ""meters"", ""value"": 5}, ""related_categories"": [{""name"": ""Single Core Cables"", ""reason"": ""The product requested is specified as being a single core cable.""}, {""name"": ""Copper Cable"", ""reason"": ""The cable material is explicitly stated as copper.""}, {""name"": ""Power Cable"", ""reason"": ""A 50 sq mm copper cable is typically used as a power cable for high current applications.""}], ""is_buyer_interested"": true, ""most_specific_category"": {""name"": ""Copper Flexible Cable"", ""reason"": ""The buyer explicitly asked for copper flexible cable and provided the size as 50 sq mm.""}, ""seller_accepts_quantity"": true}], ""next_steps"": {""buyer_next_steps"": [""To contact the seller on the provided mobile number for price and further details.""], ""seller_next_steps"": [""To share the price quotation for 5 meters of single core 50 sq mm copper flexible cable.""]}, ""buyer_details"": {}, ""seller_details"": {""seller_mobile_number"": ""3416a5b8b69f1fa96782d52085a8064734e89b561a887b7f0b0d887e621bf2df""}}"
276650,280333,13665628,42666,1970-01-01 00:00:00.000,"{""metadata"": {""call_type"": {""type"": ""B2B"", ""reason"": ""The buyer explicitly states that they need the products for re-selling and in bulk, indicating a business-to-business transaction."", ""evidence"": {""keywords"": [""re-selling"", ""bulk""], ""order_type"": ""bulk"", ""repeat_buyer"": true, ""buyer_persona"": ""wholesaler"", ""quantity_scale"": ""High""}}, ""call_purpose"": ""requirement"", ""all_languages"": [""Hindi"", ""English""], ""primary_language"": ""Hindi""}, ""products"": [{""in_stock"": ""in stock"", ""product_name"": ""Luffa [Loofah]"", ""specifications"": [], ""related_categories"": [{""name"": ""Body Scrubber"", ""reason"": ""Loofah is commonly used as a body scrubber.""}, {""name"": ""Bath Scrubbers"", ""reason"": ""Loofah falls under the general category of bath scrubbers.""}, {""name"": ""Bath Tools"", ""reason"": ""Loofah is a tool used during bathing.""}, {""name"": ""Natural Loofah"", ""reason"": ""The buyer indicated interest in natural products, and loofah is a natural product.""}], ""is_buyer_interested"": true, ""most_specific_category"": {""name"": ""Loofah Sponge"", ""reason"": ""The buyer specifically asked about 'Luffa' (Loofah) and the seller confirmed availability. 'Loofah Sponge' is the most specific category for this product.""}}], ""next_steps"": {""buyer_next_steps"": [""To send a 'Hi' message on WhatsApp to the seller"", ""To review the catalog/images sent by the seller"", ""To identify suitable products for their business"", ""To discuss prices with the seller"", ""To place an order""], ""seller_next_steps"": [""To send product images and details on WhatsApp"", ""To send the product catalog to the buyer""]}, ""buyer_details"": {""buyer_mobile_number"": ""a04228168ae3dc1ff90a3f275e6dcafe8fc4e0e8c806232a216874ccb5c4ac3d""}, ""seller_details"": {}}"
1957966,1974745,13665628,42666,1970-01-01 00:00:00.000,"{""lead_tag"": {""deal_blockers"": [], ""deal_readiness"": ""Warm"", ""deal_readiness_reason"": ""Moving to WhatsApp to review designs and finalize price selection.""}, ""metadata"": {""call_type"": {""type"": ""B2B"", ""reason"": ""The inquiry into per-piece pricing for multiple design variants often indicates a B2B retail or wholesale interest."", ""evidence"": {""keywords"": [""Natural Loofah"", ""Design""], ""order_type"": {""order_type_category"": ""commercial""}, ""buyer_persona"": {""persona_category"": ""retailer""}}}, ""buyer_intent"": {""narrative"": ""Looking to purchase natural loofahs and inquired about the price per piece."", ""reasoning"": ""The buyer has a specific product in mind and is comparing prices, but hasn't specified volume yet."", ""intent_level"": ""Medium""}, ""call_outcome"": {""category"": ""Pending"", ""conclusion_notes"": ""Moving to WhatsApp for catalog/design sharing (Design share karti hoon).""}, ""call_purpose"": ""requirement"", ""all_languages"": [""Hindi"", ""English""], ""primary_language"": ""Hindi"", ""additional_details"": {""buyer_queries"": [{""query"": ""What is the price for one piece of natural loofah?"", ""category"": ""Pricing"", ""sequence"": 1}], ""seller_queries"": [{""query"": ""Which type of loofah do you need?"", ""category"": ""Specifications"", ""sequence"": 2}]}}, ""products"": [{""price"": {""value"": 20, ""currency"": ""INR"", ""price_unit"": ""piece""}, ""in_stock"": ""in stock"", ""product_name"": ""Natural Loofah"", ""specifications"": [{""name"": ""Material"", ""value"": ""Natural"", ""buyer_requested"": true, ""seller_mentioned"": true}], ""related_categories"": [{""name"": ""Bath Scrubbers"", ""reason"": ""Loofahs are a type of bath scrubber used for exfoliation.""}, {""name"": ""Body Scrubber"", ""reason"": ""Natural loofahs are commonly used as body scrubbers.""}], ""is_buyer_interested"": true, ""most_specific_category"": {""name"": ""Natural Loofah"", ""reason"": ""The buyer specifically asked for 'natural loofah' and the seller confirmed price variations for it.""}}, {""price"": {""value"": 22, ""currency"": ""INR"", ""price_unit"": ""piece""}, ""in_stock"": ""in stock"", ""product_name"": ""Natural Loofah"", ""specifications"": [{""name"": ""Material"", ""value"": ""Natural"", ""buyer_requested"": true, ""seller_mentioned"": true}], ""related_categories"": [{""name"": ""Bath Scrubbers"", ""reason"": ""Loofahs are standard bath scrubbing tools.""}], ""is_buyer_interested"": true, ""most_specific_category"": {""name"": ""Natural Loofah"", ""reason"": ""The seller mentioned different natural loofah designs at various price points.""}}, {""price"": {""value"": 29, ""currency"": ""INR"", ""price_unit"": ""piece""}, ""in_stock"": ""in stock"", ""product_name"": ""Natural Loofah"", ""specifications"": [{""name"": ""Material"", ""value"": ""Natural"", ""buyer_requested"": true, ""seller_mentioned"": true}], ""related_categories"": [{""name"": ""Body Scrubber"", ""reason"": ""Used for cleaning and scrubbing the body.""}], ""is_buyer_interested"": true, ""most_specific_category"": {""name"": ""Natural Loofah"", ""reason"": ""Top range natural loofah mentioned by the seller.""}}], ""next_steps"": {""buyer_next_steps"": [""To check designs and prices sent on WhatsApp""], ""seller_next_steps"": [""To share product designs on WhatsApp"", ""To share pricing details for specific designs on WhatsApp""]}, ""buyer_details"": {""buyer_name"": ""7f9e665f1cac52fc66e43471ad6b64643dde6fe69a1ed8ac5f1de1b64c83bdd3""}, ""seller_details"": {""seller_name"": ""f3cce486ea320015c8e0ffae7cfda6bc2c449a8980b1fb4c632703a70a998246""}}"
1963231,1980016,6931042,156798,1970-01-01 00:00:00.000,"{""lead_tag"": {""deal_blockers"": [], ""deal_readiness"": ""Warm"", ""deal_readiness_reason"": ""Specific technical requirements discussed and contact details exchanged to share bulk needs.""}, ""metadata"": {""call_type"": {""type"": ""B2B"", ""reason"": ""The focus on commercial grade LPG components and the mention of sending 'quantity' requirements suggests a B2B procurement context."", ""evidence"": {""keywords"": [""Commercial""], ""order_type"": {""order_type_category"": ""bulk""}, ""buyer_persona"": {""persona_category"": ""retailer""}, ""quantity_scale"": ""High""}}, ""buyer_intent"": {""narrative"": ""Seeking commercial 3/8 LPG adapters for business procurement."", ""reasoning"": ""Buyer provided specific technical specs (Commercial 3/8) and proactively asked for the seller's number to send details."", ""intent_level"": ""High""}, ""call_outcome"": {""category"": ""Pending"", ""conclusion_notes"": ""Contact details exchanged for requirement sharing on WhatsApp (WhatsApp pe bhej dunga requirement details).""}, ""call_purpose"": ""requirement"", ""all_languages"": [""Hindi"", ""English""], ""primary_language"": ""Hindi"", ""additional_details"": {""buyer_queries"": [{""query"": ""Are commercial 3/8 LPG adapters available?"", ""category"": ""Availability"", ""sequence"": 1}, {""query"": ""What is the company name?"", ""category"": ""Other"", ""sequence"": 4}], ""seller_queries"": [{""query"": ""How much quantity is required?"", ""category"": ""Quantity"", ""sequence"": 2}]}}, ""products"": [{""product_name"": ""Commercial 3/8 LPG Adapter"", ""specifications"": [{""name"": ""Type"", ""value"": ""Commercial"", ""buyer_requested"": true, ""seller_mentioned"": false}, {""name"": ""Size"", ""value"": ""3/8"", ""buyer_requested"": true, ""seller_mentioned"": false}], ""related_categories"": [{""name"": ""LPG Cylinder Accessories"", ""reason"": ""Adapters are essential accessories for connecting LPG cylinders to appliances.""}, {""name"": ""Brass LPG Parts"", ""reason"": ""Most commercial LPG adapters are manufactured from brass.""}], ""is_buyer_interested"": true, ""most_specific_category"": {""name"": ""LPG Cylinder Adapter"", ""reason"": ""The buyer specifically requested 'LPG Adapter' with 'Commercial 3/8' specification.""}}], ""next_steps"": {""buyer_next_steps"": [""To share requirement details on WhatsApp""], ""seller_next_steps"": []}, ""buyer_details"": {""buyer_name"": ""5b575afb206ccbfc1ba967adf989d6becda41dd64aa82efdd3b6a186bad396a6""}, ""seller_details"": {""seller_name"": ""6277a58afca46ac01c87533fb365c2f94484a9ee00a0929666d39310afa91a36""}}"
304685,308368,51498,135679,1970-01-01 00:00:00.000,"{""metadata"": {""call_type"": {""type"": ""B2B"", ""reason"": ""The buyer is inquiring about a significant quantity (50,000 pieces) of specialized paper bags with specific technical requirements (PE coating, bottom stitch, strap, Indian paper), which are typical for industrial or commercial use. The seller is a manufacturer who supplies across India and exports, and explicitly mentions supplying to traders, further indicating a B2B transaction. The buyer's request for prices of both finished bags and rolls suggests they might be a wholesaler or a manufacturer who will further process the rolls."", ""evidence"": {""keywords"": [""manufacturing unit"", ""supply"", ""export"", ""traders"", ""plan""], ""order_type"": ""bulk"", ""repeat_buyer"": false, ""buyer_persona"": ""Wholesaler/Manufacturer"", ""quantity_scale"": ""High""}}, ""call_purpose"": ""requirement"", ""all_languages"": [""Hindi"", ""English""], ""primary_language"": ""Hindi""}, ""products"": [{""product_name"": ""Paper Laminated Bag (Finished Product) [Paper Bag]"", ""specifications"": [{""name"": ""Width"", ""value"": ""15"", ""buyer_requested"": true, ""seller_mentioned"": false}, {""name"": ""Gusset"", ""value"": ""4"", ""buyer_requested"": true, ""seller_mentioned"": false}, {""name"": ""Length"", ""value"": ""32"", ""buyer_requested"": true, ""seller_mentioned"": false}, {""name"": ""Weight"", ""unit"": ""gram"", ""value"": ""150"", ""buyer_requested"": true, ""seller_mentioned"": false}, {""name"": ""Paper Type"", ""value"": ""Indian recycle paper"", ""buyer_requested"": true, ""seller_mentioned"": true}, {""name"": ""Coating"", ""value"": ""PE coating"", ""buyer_requested"": true, ""seller_mentioned"": true}, {""name"": ""Liner"", ""value"": ""Without liner"", ""buyer_requested"": true, ""seller_mentioned"": true}, {""name"": ""Bottom"", ""value"": ""Stitched"", ""buyer_requested"": true, ""seller_mentioned"": true}, {""name"": ""Strap for Bottom Stitch"", ""value"": ""Creped"", ""buyer_requested"": true, ""seller_mentioned"": true}], ""quantity_required"": {""unit"": ""pieces"", ""value"": 50000}, ""related_categories"": [{""name"": ""Paper Bags"", ""reason"": ""The product is referred to as a 'paper bag' multiple times throughout the conversation.""}, {""name"": ""Packaging Sacks"", ""reason"": ""The product is a bag designed for packaging purposes, making 'Packaging Sacks' a relevant broader category.""}], ""is_buyer_interested"": true, ""most_specific_category"": {""name"": ""Paper Laminated HDPE Bags"", ""reason"": ""The product is explicitly mentioned as a 'paper bag' with 'PE coating' (Polyethylene coating), which is a type of lamination and aligns with 'Paper Laminated HDPE Bags'.""}}, {""product_name"": ""Paper Laminated Bag (Roll Form) [Paper Bag]"", ""specifications"": [{""name"": ""Width"", ""value"": ""15"", ""buyer_requested"": true, ""seller_mentioned"": false}, {""name"": ""Gusset"", ""value"": ""4"", ""buyer_requested"": true, ""seller_mentioned"": false}, {""name"": ""Length"", ""value"": ""32"", ""buyer_requested"": true, ""seller_mentioned"": false}, {""name"": ""Weight"", ""unit"": ""gram"", ""value"": ""150"", ""buyer_requested"": true, ""seller_mentioned"": false}, {""name"": ""Paper Type"", ""value"": ""Indian recycle paper"", ""buyer_requested"": true, ""seller_mentioned"": true}, {""name"": ""Coating"", ""value"": ""PE coating"", ""buyer_requested"": true, ""seller_mentioned"": true}, {""name"": ""Liner"", ""value"": ""Without liner"", ""buyer_requested"": true, ""seller_mentioned"": true}, {""name"": ""Form"", ""value"": ""Roll"", ""buyer_requested"": true, ""seller_mentioned"": true}], ""related_categories"": [{""name"": ""Paper Bags"", ""reason"": ""The product is referred to as a 'paper bag' in roll form.""}, {""name"": ""Packaging Sacks"", ""reason"": ""The roll is for making packaging sacks.""}], ""is_buyer_interested"": true, ""most_specific_category"": {""name"": ""Paper Laminated HDPE Bags"", ""reason"": ""Similar to the finished product, this is a 'paper bag' in roll form with 'PE coating', aligning with 'Paper Laminated HDPE Bags'.""}}], ""next_steps"": {""buyer_next_steps"": [""To receive price quotation for finished product and roll""], ""seller_next_steps"": [""To share price quotation for finished product and roll"", ""To call back tomorrow morning between 10:00 and 10:30 AM""]}, ""buyer_details"": {""buyer_location"": {""buyer_city"": ""Delhi""}, ""buyer_mobile_number"": ""8e4e5fa9c040319c0471dae33cc924ed9e85626516a31bc9e06f4711859d95e1""}, ""seller_details"": {""seller_location"": {""seller_city"": ""Ahmedabad"", ""seller_locality"": ""Naroda GIDC, Usmanpura""}}}"
951538,964414,3043276,53096,1970-01-01 00:00:00.000,"{""payment"": {}, ""lead_tag"": {""deal_blockers"": [], ""deal_readiness"": ""Warm"", ""deal_readiness_reason"": ""The intent is high as the caller has specific product codes and quantities, and has requested the WhatsApp number to send a formal inquiry.""}, ""metadata"": {""call_type"": {""type"": ""B2B"", ""reason"": ""The caller represents a technology company and is inquiring about specific industrial-grade electrical conductors in bulk quantities, which is a typical B2B transaction."", ""evidence"": {""keywords"": [""Electra Technologies"", ""AAAC Dog"", ""ACSR Conductor"", ""500 meters""], ""order_type"": ""Commercial"", ""repeat_buyer"": false, ""buyer_persona"": ""Industrial Procurement/Representative"", ""quantity_scale"": ""High""}}, ""buyer_intent"": {""narrative"": ""Nitish from Electra Technologies wants to purchase 500 meters of AAAC Dog conductor and 500 meters of ACSR conductor."", ""reasoning"": ""The caller mentioned a company name, identified specific technical grades of conductors (Dog grade), and specified exact quantities for both products."", ""intent_level"": ""High""}, ""call_purpose"": ""requirement"", ""all_languages"": [""Hindi"", ""English""], ""buyer_conclusion"": {""category"": ""Pending"", ""conclusion_notes"": ""To send requirement details on WhatsApp (Main inquiry share karta hoon)""}, ""primary_language"": ""Hindi"", ""additional_details"": {""buyer_queries"": [{""query"": ""Do you deal in AAAC conductors?"", ""category"": ""General"", ""sequence"": 1}], ""seller_queries"": [{""query"": ""Which AAAC do you need?"", ""category"": ""Specifications"", ""sequence"": 2}, {""query"": ""Where are you calling from?"", ""category"": ""Location"", ""sequence"": 3}]}, ""intended_application"": ""Industrial Electrical Infrastructure""}, ""products"": [{""in_stock"": ""in stock"", ""product_name"": ""AAAC Dog Conductor"", ""specifications"": [{""name"": ""Type"", ""value"": ""Dog"", ""buyer_requested"": true, ""seller_mentioned"": false}], ""quantity_required"": {""unit"": ""meter"", ""value"": 500}, ""related_categories"": [{""name"": ""Aluminium Conductor"", ""reason"": ""AAAC is a specialized type of aluminium conductor.""}, {""name"": ""Electrical Conductors"", ""reason"": ""General classification for transmission components discussed.""}], ""is_buyer_interested"": true, ""most_specific_category"": {""name"": ""Aluminium Alloy Conductors"", ""reason"": ""AAAC stands for All Aluminium Alloy Conductors, and 'Dog' is a specific conductor code mentioned in the call.""}}, {""in_stock"": ""in stock"", ""product_name"": ""ACSR Conductor"", ""specifications"": [], ""quantity_required"": {""unit"": ""meter"", ""value"": 500}, ""related_categories"": [{""name"": ""Aluminium Conductor"", ""reason"": ""ACSR is a core category of aluminium-based conductors.""}, {""name"": ""Electrical Conductors"", ""reason"": ""General category for the requested product.""}], ""is_buyer_interested"": true, ""most_specific_category"": {""name"": ""ACSR Conductor"", ""reason"": ""The buyer explicitly requested ACSR (Aluminium Conductor Steel Reinforced) by its standard name.""}}], ""call_back"": """", ""next_steps"": {""buyer_next_steps"": [""To share formal inquiry on WhatsApp""], ""seller_next_steps"": [""To review the inquiry and provide a price quote""]}, ""buyer_details"": {""buyer_name"": ""b7ee66d972bbc9b1e7ec85e1e4d88304b99781182d121396c6acf69418394fe3"", ""buyer_location"": {""buyer_city"": ""Noida"", ""buyer_locality"": ""Sector 60""}}, ""seller_details"": {""seller_mobile_number"": ""be4353e910659c01056653fc2292911d79df5a98dd932d0573eabbae8d9f5ee4""}, ""minimum_order_quantity"": {}}"
1671630,1688405,2701501,110734,1970-01-01 00:00:00.000,"{""lead_tag"": {""deal_blockers"": [], ""deal_readiness"": ""Hot"", ""deal_readiness_reason"": ""The buyer has a specific requirement and is planning to visit the Pune warehouse for inspection.""}, ""metadata"": {""call_type"": {""type"": ""B2B"", ""reason"": ""The conversation involves technical specifications and a physical visit plan, indicating a serious commercial or construction requirement."", ""evidence"": {""keywords"": [""Concrete Tiles"", ""Flat Roof Tile""], ""order_type"": {""order_type_category"": ""commercial""}, ""repeat_buyer"": false, ""buyer_persona"": {""persona_category"": ""end_consumer""}, ""quantity_scale"": ""High""}}, ""buyer_intent"": {""narrative"": ""Wants to purchase grey flat concrete roof tiles and plans to visit the Pune warehouse."", ""reasoning"": ""The buyer asked detailed technical questions about material and size, and expressed intent to visit the seller's location."", ""intent_level"": ""High""}, ""call_outcome"": {""category"": ""Committed"", ""conclusion_notes"": ""The buyer intends to visit the location to see the tiles (Pune mein hi hoon, okay).""}, ""call_purpose"": ""requirement"", ""all_languages"": [""Hindi"", ""English""], ""primary_language"": ""Hindi"", ""additional_details"": {""buyer_queries"": [{""query"": ""What material are these tiles made of?"", ""category"": ""Specifications"", ""sequence"": 1}, {""query"": ""How are these tiles fixed?"", ""category"": ""Specifications"", ""sequence"": 2}, {""query"": ""Are these the same as the orange clay tiles found in villages?"", ""category"": ""Specifications"", ""sequence"": 3}, {""query"": ""What is the size of the tile?"", ""category"": ""Specifications"", ""sequence"": 4}], ""seller_queries"": []}, ""intended_application"": ""Construction project""}, ""products"": [{""price"": {""gst"": {""is_gst_included"": false}, ""value"": 80, ""currency"": ""INR"", ""price_unit"": ""piece"", ""offer_details"": ""80 Rupees plus GST plus Transport"", ""delivery_charge"": {""is_delivery_charge_included"": false}, ""buyer_price_reaction"": {""quote"": ""Theek hai"", ""category"": ""Accepted""}}, ""in_stock"": ""in stock"", ""product_name"": ""Grey Flat Roof Tile"", ""specifications"": [{""name"": ""Material"", ""value"": ""Concrete"", ""buyer_requested"": true, ""seller_mentioned"": true}, {""name"": ""Size"", ""unit"": ""inch"", ""value"": ""16 x 12"", ""buyer_requested"": true, ""seller_mentioned"": true}, {""name"": ""Color"", ""value"": ""Grey"", ""buyer_requested"": false, ""seller_mentioned"": true}], ""related_categories"": [{""name"": ""Roof Tiles"", ""reason"": ""It is a specialized type of tile used for roofing applications.""}, {""name"": ""Flat Roof Tile"", ""reason"": ""The product is specifically described as a flat roof tile.""}], ""is_buyer_interested"": true, ""most_specific_category"": {""name"": ""Concrete Roof Tiles"", ""reason"": ""The seller explicitly identifies the gray flat roof tiles as being made of concrete (Concrete ka hai).""}}], ""next_steps"": {""buyer_next_steps"": [""To visit the Pune Timber Market location to check the product""], ""seller_next_steps"": [""To show flat roof tile designs to the visitor at Pune location""]}, ""buyer_details"": {""buyer_name"": ""3a5d591b3b0838fb2ef2bde6f16ad26a70ddd6c3f134edcc7dcb8114d780ea0c"", ""buyer_location"": {""buyer_city"": ""Indori""}}, ""seller_details"": {""seller_name"": ""84696d86eb6abe2025ed83e54fd192202917fe6a305c989fff0a616e300680b1"", ""seller_location"": {""seller_city"": ""Pune"", ""seller_locality"": ""Timber Market""}}}"
1983598,2000383,8938139,150067,1970-01-01 00:00:00.000,"{""lead_tag"": {""deal_blockers"": [], ""deal_readiness"": ""Warm"", ""deal_readiness_reason"": ""The buyer has clear specifications and intent but the conversation shifted to WhatsApp for further details.""}, ""metadata"": {""call_type"": {""type"": ""B2B"", ""reason"": ""The high technical specifications like 50mm 3-phase cable are typically for industrial or commercial B2B power installations."", ""evidence"": {""keywords"": [""50mm"", ""3 Phase"", ""4 Core"", ""Armoured Copper""]}}, ""buyer_intent"": {""narrative"": ""Seeking 50mm 3-phase 4-core copper armoured cable."", ""reasoning"": ""The buyer specified the exact cable size (50mm), core count (4), and material (copper/armoured), indicating a technical project requirement."", ""intent_level"": ""High""}, ""call_outcome"": {""category"": ""Pending"", ""conclusion_notes"": ""Moving the conversation to WhatsApp for sharing brand details (WhatsApp pe hi share karo).""}, ""call_purpose"": ""requirement"", ""all_languages"": [""Hindi"", ""English""], ""primary_language"": ""Hindi"", ""additional_details"": {""buyer_queries"": [{""query"": ""Which company is it of?"", ""category"": ""Specifications"", ""sequence"": 1}], ""seller_queries"": []}, ""intended_application"": ""Industrial Power""}, ""products"": [{""product_name"": ""50mm Armoured Copper Cable (3 Phase 4 Core Cable)"", ""specifications"": [{""name"": ""Cable Size"", ""unit"": ""mm"", ""value"": ""50"", ""buyer_requested"": true, ""seller_mentioned"": false}, {""name"": ""Phase"", ""value"": ""3 Phase"", ""buyer_requested"": true, ""seller_mentioned"": false}, {""name"": ""No. of Cores"", ""value"": ""4 Core"", ""buyer_requested"": true, ""seller_mentioned"": false}, {""name"": ""Conductor Material"", ""value"": ""Copper"", ""buyer_requested"": true, ""seller_mentioned"": false}, {""name"": ""Armoured"", ""value"": ""Yes"", ""buyer_requested"": true, ""seller_mentioned"": false}], ""related_categories"": [{""name"": ""Armoured Cable"", ""reason"": ""The product is explicitly described as armoured.""}, {""name"": ""Copper Cable"", ""reason"": ""The material spoken about is copper.""}, {""name"": ""Multicore Cables"", ""reason"": ""The buyer mentions a 4 core configuration.""}], ""is_buyer_interested"": true, ""most_specific_category"": {""name"": ""Copper Armoured Cable"", ""reason"": ""The buyer specifically requested 'Armoured Copper' cable during the call.""}}], ""next_steps"": {""buyer_next_steps"": [""To message on WhatsApp to receive product and company details.""], ""seller_next_steps"": [""To share pricing and catalog on WhatsApp for the requested 50mm copper cable.""]}, ""buyer_details"": {""buyer_name"": ""04c013432ea31b4db668f8d894fd436d4fcc56c77bc46b11ecaed4d0a244b74f""}, ""seller_details"": {""seller_name"": ""d9771744a483b0f8de80aa07604f1d48af6c057c09886b6ed49b90aab46b09eb""}}"
3303748,3320578,3043276,53096,1970-01-01 00:00:00.000,"{""callback"": ""callback by Tomorrow 10 AM - To discuss requirements (Kal 10 baje call karta hoon)"", ""lead_tag"": {""deal_blockers"": [], ""deal_readiness"": ""Warm"", ""deal_readiness_reason"": ""Discussed specific requirements and quantity; planning to call back with details tomorrow.""}, ""metadata"": {""call_type"": {""type"": ""B2B"", ""reason"": ""The requirement for 6 km of specialized ACSR conductor wire indicates a commercial project or electrical infrastructure work."", ""evidence"": {""keywords"": [""ACSR Dog"", ""100 sq mm""], ""order_type"": [""bulk"", ""commercial""], ""repeat_buyer"": false, ""buyer_persona"": {""persona_category"": ""contractor""}, ""quantity_scale"": ""High""}}, ""buyer_intent"": {""narrative"": ""Wants 6 kilometers of 100 sq mm ACSR Dog conductor wire."", ""reasoning"": ""Buyer provided specific technical details like 100 sq mm and 6 km length, showing clear project needs."", ""intent_level"": ""High""}, ""call_outcome"": {""category"": ""Follow-up"", ""conclusion_notes"": ""Planning to call back to finalize details (Es number pe phone karo)""}, ""call_purpose"": ""requirement"", ""all_languages"": [""Hindi"", ""English""], ""primary_language"": ""Hindi"", ""additional_details"": {""buyer_queries"": [{""query"": ""Do you sell wire?"", ""category"": ""Availability"", ""sequence"": 1}], ""seller_queries"": [{""query"": ""Which wire do you need?"", ""category"": ""Specifications"", ""sequence"": 2}, {""query"": ""How much do you need?"", ""category"": ""Quantity"", ""sequence"": 3}]}}, ""products"": [{""in_stock"": ""in stock"", ""product_name"": ""ACSR Dog Conductor Wire (Wire)"", ""specifications"": [{""name"": ""Size"", ""unit"": ""sq mm"", ""value"": ""100"", ""buyer_requested"": false, ""seller_mentioned"": false}, {""name"": ""Type"", ""value"": ""Dog"", ""buyer_requested"": false, ""seller_mentioned"": false}], ""quantity_required"": {""unit"": ""km"", ""value"": 6}, ""related_categories"": [{""name"": ""Aluminium Conductor"", ""reason"": ""ACSR conductors are primarily made of aluminum with a steel core.""}, {""name"": ""Electrical Conductors"", ""reason"": ""This is a fundamental type of electrical conductor used in overhead lines.""}], ""is_buyer_interested"": true, ""most_specific_category"": {""name"": ""ACSR Conductor"", ""reason"": ""The buyer specifically asked for 100 sq mm ACSR Dog wire.""}, ""seller_accepts_quantity"": true}], ""next_steps"": {""buyer_next_steps"": [""To call on the provided number tomorrow"", ""To confirm exact project specifications""], ""seller_next_steps"": [""To provide pricing and availability for 6 km ACSR Dog wire""]}, ""buyer_details"": {""buyer_name"": ""a452e304062d86ecad11509d59e71677385c695c044916ac78cd7ed7aabf5563""}, ""seller_details"": {}}"
1416342,1433106,4168209,140364,1970-01-01 00:00:00.000,"{""payment"": {}, ""callback"": """", ""lead_tag"": {""deal_blockers"": [{""detail"": ""Stock out of material"", ""category"": ""Availability""}], ""deal_readiness"": ""Cold"", ""deal_readiness_reason"": ""The seller explicitly stated that the product is currently out of stock.""}, ""metadata"": {""call_type"": {""type"": ""B2B"", ""reason"": ""The inquiry is for EDTA, a chemical product typically traded in bulk/commercial contexts, although specific quantity was not reached due to lack of stock."", ""evidence"": {""keywords"": [""EDTA supply""], ""order_type"": {""order_type_category"": ""commercial""}, ""repeat_buyer"": false}}, ""buyer_intent"": {""narrative"": ""The buyer was looking to purchase EDTA but the seller is out of stock."", ""reasoning"": ""The buyer knew exactly what they wanted (EDTA) but the conversation ended quickly due to lack of stock."", ""intent_level"": ""Medium""}, ""call_outcome"": {""category"": ""Lost"", ""conclusion_notes"": ""Seller is out of stock (Stock out the material).""}, ""call_purpose"": ""requirement"", ""all_languages"": [""English""], ""primary_language"": ""English"", ""additional_details"": {""buyer_queries"": [{""query"": ""Are you supplying EDTA?"", ""category"": ""Availability"", ""sequence"": 1}], ""seller_queries"": []}}, ""products"": [{""in_stock"": ""out of stock"", ""product_name"": ""EDTA"", ""specifications"": [{""name"": ""Availability"", ""value"": ""Out of Stock"", ""buyer_requested"": true, ""seller_mentioned"": true}], ""related_categories"": [{""name"": ""EDTA Salts"", ""reason"": ""EDTA is a common pharmaceutical and industrial excipient often traded as salts.""}, {""name"": ""EDTA Pure Acid"", ""reason"": ""EDTA is often supplied in its pure acid form.""}], ""is_buyer_interested"": true, ""most_specific_category"": {""name"": ""EDTA Powder"", ""reason"": ""The buyer specifically asked for EDTA, which is commonly supplied as EDTA salts or powder in this context.""}}], ""next_steps"": {""buyer_next_steps"": [], ""seller_next_steps"": []}, ""buyer_details"": {""buyer_name"": ""3cfb449bf035444545351bddc3dc0665851d53e78d5102520380ceeec656b6e1"", ""buyer_mobile_number"": ""72152ee47ec9925c62a1e6a68c82b6af31bb0b297af12be5d50b244551836a82""}, ""seller_details"": {""seller_name"": ""70bf9c1f150c32fd4bda1da1ee21b86ff7c58326a6a998dfbdaf0292efcab232"", ""seller_mobile_number"": ""4a00f4ed67c64bbec2c70a552af0971b1cdf61f9b8be1d3a2ac8d124c286a301""}}"
1984205,2000991,51498,135679,1970-01-01 00:00:00.000,"{""payment"": {}, ""callback"": ""callback by Tomorrow 5 PM - To finalize"", ""lead_tag"": {""deal_blockers"": [], ""deal_readiness"": ""Warm"", ""deal_readiness_reason"": ""Buyer is ready to proceed but first needs to share product photos and video to confirm specifications.""}, ""metadata"": {""call_type"": {""type"": ""B2B"", ""reason"": ""The buyer mentions they supply to industries and are looking for competitive rates for bulk quantities (5000 units), which clearly indicates a B2B distribution context."", ""evidence"": {""keywords"": [""Corporate Supply"", ""Laminated Bag"", ""Industrial Supply""], ""order_type"": {""order_type_category"": ""bulk""}, ""repeat_buyer"": true, ""buyer_persona"": {""persona_detail"": ""Industrial Product Supplier"", ""persona_category"": ""distributor""}, ""quantity_scale"": ""High""}}, ""buyer_intent"": {""narrative"": ""Wants brown laminated paper bags for corporate supply business."", ""reasoning"": ""Buyer specifically asked for laminated bags and confirmed a high MOQ of 5000 units, indicating B2B scale."", ""intent_level"": ""High""}, ""call_outcome"": {""category"": ""Follow-up"", ""conclusion_notes"": ""Buyer will share product details on WhatsApp for further discussion (Product details bhejta hoon).""}, ""call_purpose"": ""requirement"", ""all_languages"": [""Hindi"", ""English""], ""primary_language"": ""Hindi"", ""additional_details"": {""buyer_queries"": [], ""seller_queries"": [{""query"": ""Can you share the product photos and video?"", ""category"": ""Specifications"", ""sequence"": 1}]}, ""intended_application"": ""Industrial Product Supply""}, ""products"": [{""price"": {}, ""in_stock"": ""in stock"", ""product_name"": ""Brown Laminated Paper Bag"", ""specifications"": [{""name"": ""Color"", ""value"": ""Brown"", ""buyer_requested"": true, ""seller_mentioned"": false}, {""name"": ""Finish"", ""value"": ""Laminated"", ""buyer_requested"": true, ""seller_mentioned"": false}, {""name"": ""Material"", ""value"": ""Paper"", ""buyer_requested"": false, ""seller_mentioned"": false}], ""related_categories"": [{""name"": ""Kraft Paper Bags"", ""reason"": ""Laminated paper bags are often made from kraft paper.""}, {""name"": ""Paper Laminated HDPE Bags"", ""reason"": ""Common industrial laminated bag type.""}], ""is_buyer_interested"": true, ""minimum_order_quantity"": {""unit"": ""bags"", ""value"": 5000}, ""most_specific_category"": {""name"": ""Laminated Paper Bag"", ""reason"": ""The buyer explicitly asked for 'brown laminated paper bags'.""}}], ""next_steps"": {""buyer_next_steps"": [""To share product video and photos on the provided WhatsApp number"", ""To share specific requirements for quotation""], ""seller_next_steps"": [""To review the shared photos and video"", ""To provide competitive rates for the bulk requirement""]}, ""buyer_details"": {""buyer_name"": ""113f63ac166c27a287ed631c067db0f28f596afc0e9815c40ddcd4d522469f38""}, ""seller_details"": {""seller_name"": ""f3352ec09a4eb5f7588d3ce4b882a5bf5ea6c94b9c39e28bc9958328adb7c44b""}}"
1985717,2002503,8938139,150067,1970-01-01 00:00:00.000,"{""lead_tag"": {""deal_blockers"": [{""detail"": ""12mm size requested by the buyer is not available with the seller."", ""category"": ""Availability""}], ""deal_readiness"": ""Warm"", ""deal_readiness_reason"": ""Moving to WhatsApp to discuss pricing and specifications for the 10mm cable alternative.""}, ""metadata"": {""call_type"": {""type"": ""B2C"", ""reason"": ""The buyer is inquiring about a specific cable size for a pump, likely for personal or small-scale use, and the conversation is focused on sourcing a specific item rather than bulk stock."", ""evidence"": {""order_type"": {""order_type_category"": ""commercial""}, ""repeat_buyer"": false, ""buyer_persona"": {""persona_category"": ""end_consumer""}, ""quantity_scale"": ""Low""}}, ""buyer_intent"": {""narrative"": ""Wants 12mm copper submersible cable but is now inquiring about 10mm cable since 12mm is unavailable."", ""reasoning"": ""The buyer specifically asked for a technical specification (12mm copper) and quickly pivoted to ask for the rate of the 10mm alternative offered by the seller."", ""intent_level"": ""High""}, ""call_outcome"": {""category"": ""Pending"", ""conclusion_notes"": ""The buyer will message on WhatsApp to get the rates for 10mm cable (10mm ka rate bata do).""}, ""call_purpose"": ""requirement"", ""all_languages"": [""Hindi"", ""English""], ""primary_language"": ""Hindi"", ""additional_details"": {""buyer_queries"": [{""query"": ""What is the price for 10mm cable?"", ""category"": ""Pricing"", ""sequence"": 1}], ""seller_queries"": []}, ""intended_application"": ""Submersible Pump Installation""}, ""products"": [{""in_stock"": ""not sold"", ""product_name"": ""Submersible Cable [Submersible Ke Kabel]"", ""specifications"": [{""name"": ""Size"", ""unit"": ""mm"", ""value"": ""12"", ""buyer_requested"": true, ""seller_mentioned"": false}, {""name"": ""Material"", ""value"": ""Copper"", ""buyer_requested"": true, ""seller_mentioned"": false}], ""is_buyer_interested"": true, ""most_specific_category"": {""name"": ""Copper Cable"", ""reason"": ""The buyer specifically requested a copper cable for a submersible pump, although the seller mentioned not dealing in that particular size.""}}, {""in_stock"": ""in stock"", ""product_name"": ""Copper Cable"", ""specifications"": [{""name"": ""Size"", ""unit"": ""mm"", ""value"": ""10"", ""buyer_requested"": false, ""seller_mentioned"": true}], ""is_buyer_interested"": true, ""most_specific_category"": {""name"": ""Copper Cable"", ""reason"": ""The seller offered this copper cable as an alternative to the buyer's 12mm request.""}}, {""in_stock"": ""in stock"", ""product_name"": ""Copper Cable"", ""specifications"": [{""name"": ""Size"", ""unit"": ""mm"", ""value"": ""16"", ""buyer_requested"": false, ""seller_mentioned"": true}], ""is_buyer_interested"": false, ""most_specific_category"": {""name"": ""Copper Cable"", ""reason"": ""The seller mentioned 16mm as a standard size they stock in copper cables.""}}], ""next_steps"": {""buyer_next_steps"": [""To message on WhatsApp to receive the price list and details.""], ""seller_next_steps"": [""To share the price list and details on WhatsApp once messaged.""]}, ""buyer_details"": {""buyer_name"": ""c92404c1b9a0cc7aa294f71fc04a00042c775656e17d8a543d84585b355f088b""}, ""seller_details"": {""seller_name"": ""175fe25e87635a040e8e2177232def9001bf05d757cee3848ecc112006426091""}}"
1402423,1419189,22858923,1861,1970-01-01 00:00:00.000,"{""lead_tag"": {""deal_blockers"": [{""detail"": ""Need to clarify usage environment (closed height and stroke length) before finalizing product."", ""category"": ""Other""}], ""deal_readiness"": ""Warm"", ""deal_readiness_reason"": ""Specific capacity mentioned and contact details exchanged for further catalog and spec discussion.""}, ""metadata"": {""call_type"": {""type"": ""B2B"", ""reason"": ""The buyer mentions having ongoing projects and needing to supply these jacks to their clients, indicating a B2B resale/distributor context."", ""evidence"": {""keywords"": [""Project"", ""Resell"", ""Supply"", ""Client""], ""order_type"": {""order_type_category"": ""commercial""}, ""repeat_buyer"": true, ""buyer_persona"": {""persona_detail"": ""Supply for projects and resale to clients"", ""persona_category"": ""distributor""}, ""quantity_scale"": ""High""}}, ""buyer_intent"": {""narrative"": ""Wants to source 10 Ton hydraulic jacks for project resale to their clients."", ""reasoning"": ""The buyer has clear specifications (10 Ton) and a specific purpose (resale for project clients)."", ""intent_level"": ""High""}, ""call_outcome"": {""category"": ""Pending"", ""conclusion_notes"": ""Awaiting further technical details on WhatsApp to match the right product model. (WhatsApp pe contact karu?)""}, ""call_purpose"": ""requirement"", ""all_languages"": [""Hindi"", ""English""], ""primary_language"": ""Hindi"", ""additional_details"": {""buyer_queries"": [{""query"": ""Where is your company located?"", ""category"": ""Other"", ""sequence"": 4}], ""seller_queries"": [{""query"": ""Where will you use this? Closed height and shaft travel needed."", ""category"": ""Specifications"", ""sequence"": 1}, {""query"": ""Use in automobile sector or industrial?"", ""category"": ""Specifications"", ""sequence"": 2}, {""query"": ""Where are you based?"", ""category"": ""Other"", ""sequence"": 3}]}, ""intended_application"": ""Retail Resale""}, ""products"": [{""product_name"": ""Hydraulic Jack"", ""specifications"": [{""name"": ""Capacity"", ""unit"": ""Ton"", ""value"": ""10"", ""buyer_requested"": false, ""seller_mentioned"": false}], ""related_categories"": [{""name"": ""Industrial Jacks"", ""reason"": ""The product is intended for project use and resale to clients, indicating industrial application.""}, {""name"": ""Lifting Jack"", ""reason"": ""Hydraulic jacks are fundamentally used as lifting equipment for heavy loads.""}], ""is_buyer_interested"": true, ""most_specific_category"": {""name"": ""Hydraulic Jacks"", ""reason"": ""The buyer explicitly requested a 'hydraulic jack' for their projects and supplied specifications in capacity.""}}], ""next_steps"": {""buyer_next_steps"": [""To contact on WhatsApp to share project-specific requirements.""], ""seller_next_steps"": [""To receive technical requirements including closed height and stroke length on WhatsApp.""]}, ""buyer_details"": {""buyer_name"": ""dc85d31d21d17a2816c52cac555529c1389075a09e7b06d4071a54b99e272ef7""}, ""seller_details"": {""seller_name"": ""b5838798533a5a82226be6a72b6fca2cde169e02f5b73e86fba1f8f8b61b8697"", ""seller_location"": {""seller_city"": ""Ludhiana""}}}"
646575,656456,3043276,53096,1970-01-01 00:00:00.000,"{""payment"": {}, ""lead_tag"": {""deal_blockers"": [], ""deal_readiness"": ""Warm"", ""deal_readiness_reason"": ""The buyer has specific technical requirements and the seller has promised a callback with pricing.""}, ""metadata"": {""call_type"": {""type"": ""B2C"", ""reason"": ""The buyer mentions the wire is for home use ('ghar ke liye'), which signifies a B2C personal/residential application rather than a commercial or industrial purchase."", ""evidence"": {""keywords"": [""ghar ke liye"", ""ACSR wire""], ""order_type"": ""personal use"", ""buyer_persona"": ""end customer"", ""quantity_scale"": ""Low""}}, ""buyer_intent"": {""narrative"": ""Bharat is inquiring about the price of 6mm ACSR wire with 37 strands for residential use."", ""reasoning"": ""The buyer specifies the exact wire type, size, and intended application for home use, indicating a genuine requirement."", ""intent_level"": ""Medium""}, ""call_purpose"": ""requirement"", ""all_languages"": [""Hindi"", ""English""], ""buyer_conclusion"": {""category"": ""Follow-up"", ""conclusion_notes"": ""The deal is pending as the seller needs to check the rate chart and call back (Chart mein dekh ke call back karta hoon).""}, ""primary_language"": ""Hindi"", ""additional_details"": {""buyer_queries"": [{""query"": ""What is the rate for 6 number ACSR wire?"", ""category"": ""Price"", ""sequence"": 1}], ""seller_queries"": [{""query"": ""What is the square mm or name of the conductor?"", ""category"": ""Specifications"", ""sequence"": 1}, {""query"": ""How many KVA is the line?"", ""category"": ""Specifications"", ""sequence"": 2}]}, ""intended_application"": ""Home Use""}, ""products"": [{""in_stock"": ""in stock"", ""product_name"": ""6 number ACSR wire (6 mm ACSR wire)"", ""specifications"": [{""name"": ""Size"", ""unit"": ""mm"", ""value"": ""6"", ""buyer_requested"": true, ""seller_mentioned"": false}, {""name"": ""Number of Strands"", ""value"": ""37"", ""buyer_requested"": false, ""seller_mentioned"": true}], ""related_categories"": [{""name"": ""Aluminium Conductor"", ""reason"": ""ACSR (Aluminium Conductor Steel Reinforced) is a specific type of aluminium conductor.""}, {""name"": ""Electrical Conductors"", ""reason"": ""ACSR wires are used as electrical conductors in power distribution.""}], ""is_buyer_interested"": true, ""most_specific_category"": {""name"": ""ACSR Conductor"", ""reason"": ""The buyer explicitly asked for 'ACSR wire', which falls under ACSR Conductors.""}}], ""call_back"": ""callback by In a short while - To provide the price after checking the rate chart (Chart mein dekh ke call back karta hoon)"", ""next_steps"": {""buyer_next_steps"": [""To wait for the seller's callback with price information.""], ""seller_next_steps"": [""To check the rate chart for 6mm ACSR wire"", ""To call back the buyer with the quoted rate""]}, ""buyer_details"": {""buyer_name"": ""b736100361ded8976e400f768df86e0b8a384ddaed59f07da9b4dbe9f56fa91b""}, ""seller_details"": {""seller_location"": {""seller_city"": ""Faridabad"", ""seller_state"": ""Delhi""}}, ""minimum_order_quantity"": {}}"
3030359,3047183,6931042,156798,1970-01-01 00:00:00.000,"{""payment"": {}, ""callback"": ""callback by Tomorrow evening - To finalize after checking photos (Kal evening tak call karta hoon)"", ""lead_tag"": {""deal_blockers"": [{""detail"": ""Buyer specifically needs GST billing which the seller is currently not providing."", ""category"": ""Other""}], ""deal_readiness"": ""Warm"", ""deal_readiness_reason"": ""Buyer is a shop owner interested in the 200g adapter but requires GST billing and is awaiting photos.""}, ""metadata"": {""call_type"": {""type"": ""B2B"", ""reason"": ""Buyer runs a retail shop and is looking for specific industrial/kitchen use gas adapters in bulk for resale."", ""evidence"": {""keywords"": [""Shop Owner"", ""Retail Shop"", ""200g Weight"", ""1/2 Inch Nozzle""], ""order_type"": [""commercial"", ""bulk""], ""repeat_buyer"": true, ""quantity_scale"": ""High""}}, ""buyer_intent"": {""narrative"": ""Shop owner looking to procure heavy-duty 200g LPG adapters for resale."", ""reasoning"": ""Buyer specifies weight (200g) and size (1/2 inch) requirements and runs a shop, indicating a commercial B2B interest."", ""intent_level"": ""High""}, ""call_outcome"": {""category"": ""Follow-up"", ""conclusion_notes"": ""Seller will share product photos on WhatsApp after which buyer will confirm order (Aap photo bhej do main check karke batata hoon).""}, ""call_purpose"": ""requirement"", ""all_languages"": [""Hindi"", ""English""], ""primary_language"": ""Hindi"", ""additional_details"": {""buyer_queries"": [{""query"": ""What is the price of the 200 gram adapter?"", ""category"": ""Pricing"", ""sequence"": 1}, {""query"": ""Is it a half-inch brass nozzle?"", ""category"": ""Specifications"", ""sequence"": 2}, {""query"": ""Is the pricing inclusive of GST billing?"", ""category"": ""Specifications"", ""sequence"": 3}], ""seller_queries"": [{""query"": ""Are you a manufacturer or retailer?"", ""category"": ""Quantity"", ""sequence"": 4}]}, ""intended_application"": ""Retail Resale""}, ""products"": [{""price"": {""value"": 120, ""currency"": ""INR"", ""price_unit"": ""piece"", ""buyer_price_reaction"": {""quote"": ""Can you do anything on the price? (Rate thoda kam karo)"", ""category"": ""Negotiating""}}, ""in_stock"": ""in stock"", ""product_name"": ""LPG Gas Adapter (Industrial/Commercial)"", ""specifications"": [{""name"": ""Weight"", ""unit"": ""g"", ""value"": ""200"", ""buyer_requested"": false, ""seller_mentioned"": true}, {""name"": ""Nozzle Size"", ""unit"": ""inch"", ""value"": ""0.5"", ""buyer_requested"": true, ""seller_mentioned"": true}, {""name"": ""Nozzle Material"", ""value"": ""Brass"", ""buyer_requested"": false, ""seller_mentioned"": true}], ""related_categories"": [{""name"": ""Brass Adapter"", ""reason"": ""Product feature includes a brass nozzle.""}, {""name"": ""LPG Gas System Parts"", ""reason"": ""Used in gas delivery systems for commercial use.""}], ""is_buyer_interested"": true, ""most_specific_category"": {""name"": ""LPG Cylinder Adapter"", ""reason"": ""The discussion centers on gas adapters for industrial and commercial use with brass nozzles.""}}, {""price"": {""value"": 105, ""currency"": ""INR"", ""price_unit"": ""piece""}, ""in_stock"": ""in stock"", ""product_name"": ""155-160g LPG Adapter"", ""specifications"": [{""name"": ""Weight"", ""unit"": ""g"", ""value"": ""155"", ""buyer_requested"": false, ""seller_mentioned"": true}], ""related_categories"": [{""name"": ""Brass Adapter"", ""reason"": ""Standard brass nozzle adapter.""}], ""is_buyer_interested"": false, ""most_specific_category"": {""name"": ""LPG Cylinder Adapter"", ""reason"": ""Lighter weight variant of the LPG adapter.""}}], ""next_steps"": {""buyer_next_steps"": [""To share shop details and 'Hi' on WhatsApp"", ""To check product photos for quality assessment""], ""seller_next_steps"": [""To share product photos of various adapter weights on WhatsApp"", ""To confirm if GST billing can be arranged later""]}, ""buyer_details"": {""buyer_name"": ""7a37da88ade07dac25e766269720f5331c4e082c8270a6c94d81e225ccee3ed8"", ""buyer_location"": {""buyer_city"": ""Delhi""}}, ""seller_details"": {""seller_name"": ""6277a58afca46ac01c87533fb365c2f94484a9ee00a0929666d39310afa91a36"", ""seller_location"": {""seller_city"": ""Delhi"", ""seller_locality"": ""Jhilmil Industrial Area, Shahdara""}}}"
986947,1000286,51498,135679,1970-01-01 00:00:00.000,"{""payment"": {}, ""lead_tag"": {""deal_blockers"": [""Quantity: Requirement of 2-3 kg is relatively low""], ""deal_readiness"": ""Warm"", ""deal_readiness_reason"": ""Buyer has specific size requirements for food trays and is waiting for the price quote to proceed.""}, ""metadata"": {""call_type"": {""type"": ""B2B"", ""reason"": ""The buyer is inquiring about specialized packaging for food trays used in catering or restaurants, indicating a B2B commercial context."", ""evidence"": {""keywords"": [""Food Packaging"", ""5-Compartment Tray"", ""3-Compartment Tray"", ""Paper Bag""], ""order_type"": ""Trial"", ""buyer_persona"": ""Caterer or Food Service Provider"", ""quantity_scale"": ""Low""}}, ""buyer_intent"": {""narrative"": ""The buyer wants to purchase paper bags specifically sized to fit 3-compartment and 5-compartment food trays for packaging."", ""reasoning"": ""The buyer specifies the exact application (packing food trays) and mentions specific tray configurations (3 and 5 compartments), showing clear intent."", ""intent_level"": ""High""}, ""call_purpose"": ""requirement"", ""all_languages"": [""Hindi"", ""English""], ""buyer_conclusion"": {""category"": ""Pending"", ""conclusion_notes"": ""Pending: Waiting for the seller to send the rates and company details on WhatsApp (Ek baar rate calculate karke details send karta hoon).""}, ""primary_language"": ""Hindi"", ""additional_details"": {""buyer_queries"": [{""query"": ""Do you have paper bags that can pack a 5-compartment or 3-compartment food tray?"", ""category"": ""Specification"", ""sequence"": 1}, {""query"": ""Do you have other food packaging items like plates?"", ""category"": ""Availability"", ""sequence"": 3}], ""seller_queries"": [{""query"": ""What will be the size of the bag?"", ""category"": ""Specification"", ""sequence"": 2}]}, ""intended_application"": ""Food Tray Packaging""}, ""products"": [{""in_stock"": ""in stock"", ""product_name"": ""Paper Bag (for 5-Compartment Tray)"", ""specifications"": [{""name"": ""Application"", ""value"": ""Food Tray Packaging"", ""buyer_requested"": true, ""seller_mentioned"": false}, {""name"": ""Tray Compartments"", ""value"": ""5"", ""buyer_requested"": true, ""seller_mentioned"": false}], ""quantity_required"": {""unit"": ""kg"", ""value"": 2}, ""related_categories"": [{""name"": ""Paper Packaging Bag"", ""reason"": ""The bags are intended for the specific purpose of packaging food trays.""}], ""is_buyer_interested"": true, ""most_specific_category"": {""name"": ""Paper Bags"", ""reason"": ""The buyer specifically requested 'paper bags' for packing food items.""}, ""quantity_accepted_by_seller"": true}, {""in_stock"": ""in stock"", ""product_name"": ""Paper Bag (for 3-Compartment Tray)"", ""specifications"": [{""name"": ""Application"", ""value"": ""Food Tray Packaging"", ""buyer_requested"": true, ""seller_mentioned"": false}, {""name"": ""Tray Compartments"", ""value"": ""3"", ""buyer_requested"": true, ""seller_mentioned"": false}], ""quantity_required"": {""unit"": ""kg"", ""value"": 2}, ""related_categories"": [{""name"": ""Paper Packaging Bag"", ""reason"": ""The product is used for industrial or commercial packaging of food products.""}], ""is_buyer_interested"": true, ""most_specific_category"": {""name"": ""Paper Bags"", ""reason"": ""The buyer is inquiring about paper bags suitable for different tray sizes.""}, ""quantity_accepted_by_seller"": true}], ""call_back"": ""callback by In 5 minutes - To share rates and company details (5 minute ka time dijiye rate calculate karke details send karta hoon)"", ""next_steps"": {""buyer_next_steps"": [""To review the rates and company details sent by the seller on WhatsApp""], ""seller_next_steps"": [""To calculate the rate for the requested paper bag sizes"", ""To share the company catalog and price details with the buyer within 5 minutes""]}, ""buyer_details"": {""buyer_name"": ""cef7451fccb7a2c1b9839a189d67b51ade017e2f51d4439fec35c08bb37eb208"", ""buyer_location"": {""buyer_city"": ""Bijnor""}, ""buyer_mobile_number"": ""b329c05facf142387790e086f46eebdbdbfff94188368666191a46439c3c6e17""}, ""seller_details"": {""seller_name"": ""f3352ec09a4eb5f7588d3ce4b882a5bf5ea6c94b9c39e28bc9958328adb7c44b"", ""seller_location"": {""seller_city"": ""Ahmedabad""}}, ""minimum_order_quantity"": {}}"
1429847,1446615,19232659,389,1970-01-01 00:00:00.000,"{""payment"": {}, ""lead_tag"": {""deal_blockers"": [], ""deal_readiness"": ""Warm"", ""deal_readiness_reason"": ""High monthly volume requirement but waiting on seller's price calculation and sample review.""}, ""metadata"": {""call_type"": {""type"": ""B2B"", ""reason"": ""The buyer mentions a monthly volume of 30,000 parts and production usage in machines, qualifying it as B2B manufacturing requirement."", ""evidence"": {""keywords"": [""BGM Copper"", ""Contact Patti"", ""Monthly volume"", ""Machine use""], ""order_type"": {""order_type_category"": ""recurring""}, ""repeat_buyer"": true, ""buyer_persona"": {""persona_category"": ""manufacturer""}, ""quantity_scale"": ""High""}}, ""buyer_intent"": {""narrative"": ""Wants 30,000 units of 4mm x 0.1mm BGM copper strips every month for manufacturing contact plates."", ""reasoning"": ""The buyer defines specific dimensions (4mm x 0.1mm), material (BGM Copper), and provides a high, recurring monthly volume of 30,000 pieces."", ""intent_level"": ""High""}, ""call_outcome"": {""category"": ""Follow-up"", ""conclusion_notes"": ""Pending price calculation from the seller (working karke revert karta hoon).""}, ""call_purpose"": ""requirement"", ""all_languages"": [""Hindi"", ""English""], ""primary_language"": ""Hindi"", ""additional_details"": {""buyer_queries"": [{""query"": ""Can you provide BGM copper strip in 4mm width and 0.1mm thickness?"", ""category"": ""Specifications"", ""sequence"": 1}], ""seller_queries"": [{""query"": ""Do you need it in sheet form or coil form?"", ""category"": ""Specifications"", ""sequence"": 2}, {""query"": ""What is the monthly quantity requirement?"", ""category"": ""Quantity"", ""sequence"": 3}]}, ""intended_application"": ""Manufacturing Contact Plates""}, ""products"": [{""product_name"": ""BGM Copper Strip (Patti)"", ""specifications"": [{""name"": ""Material"", ""value"": ""BGM Copper"", ""buyer_requested"": false, ""seller_mentioned"": true}, {""name"": ""Thickness"", ""unit"": ""mm"", ""value"": ""0.1"", ""buyer_requested"": true, ""seller_mentioned"": false}, {""name"": ""Width"", ""unit"": ""mm"", ""value"": ""4"", ""buyer_requested"": true, ""seller_mentioned"": false}, {""name"": ""Form"", ""value"": ""Coil"", ""buyer_requested"": false, ""seller_mentioned"": true}], ""quantity_required"": {""unit"": ""pieces"", ""value"": 30000}, ""related_categories"": [{""name"": ""Copper Roll"", ""reason"": ""The buyer confirmed they will use it in 'coil' or 'roll' form for their machine.""}, {""name"": ""Copper Foils"", ""reason"": ""The thinness of 0.1mm often falls under foil or thin strip categories.""}], ""is_buyer_interested"": true, ""most_specific_category"": {""name"": ""Copper Strip"", ""reason"": ""The buyer explicitly mentioned needing 'copper patti' (copper strip) for contact plates.""}, ""seller_accepts_quantity"": true}], ""next_steps"": {""buyer_next_steps"": [""To share photos of the required strip on WhatsApp.""], ""seller_next_steps"": [""To work on pricing and revert with a quote.""]}, ""buyer_details"": {""buyer_name"": ""357409e6368271eb11a48dd778c8b8357c7a975275065d6a2692a09cdbbe9ce2""}, ""seller_details"": {""seller_name"": ""6405cf0c2f2418e27e5306348e1f3a887bb3ece435443a24a4318ce812352982""}}"
2814060,2830879,3043276,53096,1970-01-01 00:00:00.000,"{""payment"": {}, ""callback"": """", ""lead_tag"": {""deal_blockers"": [{""detail"": ""Product not available with the seller"", ""category"": ""Availability""}], ""deal_readiness"": ""Cold"", ""deal_readiness_reason"": ""The requested ACSR Panther conductor is not manufactured or available with the seller.""}, ""metadata"": {""call_type"": {""type"": ""B2B"", ""reason"": ""The buyer is inquiring about ACSR Panther conductors, which are typically used for industrial/B2B infrastructure projects."", ""evidence"": {""order_type"": [""commercial""], ""buyer_persona"": {""persona_category"": ""other""}, ""quantity_scale"": ""High""}}, ""buyer_intent"": {""narrative"": ""Looking for ACSR Panther conductor in Faridabad."", ""reasoning"": ""The buyer has a specific product requirement (ACSR Panther conductor) and mentions a specific location."", ""intent_level"": ""High""}, ""call_outcome"": {""category"": ""Lost"", ""conclusion_notes"": ""Seller does not deal in Panther conductors (Panther toh nahi hota hamare paas).""}, ""call_purpose"": ""requirement"", ""all_languages"": [""Hindi"", ""English""], ""primary_language"": ""Hindi"", ""additional_details"": {""buyer_queries"": [{""query"": ""Is ACSR Panther conductor available?"", ""category"": ""Availability"", ""sequence"": 1}], ""seller_queries"": []}}, ""products"": [{""in_stock"": ""not sold"", ""product_name"": ""ACSR Panther Conductor"", ""specifications"": [{""name"": ""Type"", ""value"": ""Panther"", ""buyer_requested"": true, ""seller_mentioned"": false}], ""related_categories"": [{""name"": ""Aluminium Conductor"", ""reason"": ""ACSR conductors are essentially aluminium conductors reinforced with steel.""}], ""is_buyer_interested"": true, ""most_specific_category"": {""name"": ""ACSR Conductor"", ""reason"": ""The buyer explicitly asked for ACSR Panther conductor.""}}, {""in_stock"": ""not sold"", ""product_name"": ""Panther Conductor"", ""specifications"": [{""name"": ""Model"", ""value"": ""Panther"", ""buyer_requested"": true, ""seller_mentioned"": false}], ""related_categories"": [{""name"": ""Bare Conductor"", ""reason"": ""Panther conductors are a type of bare overhead conductor.""}], ""is_buyer_interested"": false, ""most_specific_category"": {""name"": ""ACSR Conductor"", ""reason"": ""The buyer's primary inquiry was relating to ACSR conductor variations.""}}], ""next_steps"": {""buyer_next_steps"": [], ""seller_next_steps"": []}, ""buyer_details"": {""buyer_name"": ""d9becfca41ed8d07a394cf422e945eb6c0f87dcc5c07d463be47bdd19546bdfd"", ""buyer_location"": {""buyer_city"": ""Faridabad""}}, ""seller_details"": {""seller_name"": ""da69ceceba5470d0418bc61af55b09feaa68875382c15ce6d30710e7c0d39d93""}}"
1432302,1449070,19232659,389,1970-01-01 00:00:00.000,"{""lead_tag"": {""deal_blockers"": [], ""deal_readiness"": ""Warm"", ""deal_readiness_reason"": ""Regular monthly assembly of thirty thousand units but needs to exchange samples for quality check.""}, ""metadata"": {""call_type"": {""type"": ""B2B"", ""reason"": ""The buyer mentions assembling 30,000 units monthly for truck contact parts, indicating industrial manufacturing and recurring bulk demand."", ""evidence"": {""keywords"": [""Copper Patti"", ""Thousand Units"", ""Monthly Assembly"", ""Pure Copper""], ""order_type"": {""order_type_category"": ""recurring""}, ""buyer_persona"": {""persona_detail"": ""Automotive Component Manufacturer"", ""persona_category"": ""manufacturer""}, ""quantity_scale"": ""High""}}, ""buyer_intent"": {""narrative"": ""Wants to source copper strips for assembling 30,000 units per month."", ""reasoning"": ""The buyer provides specific dimensions (4mm x 0.1mm) and discusses high monthly usage volume for truck contact strips."", ""intent_level"": ""High""}, ""call_outcome"": {""category"": ""Pending"", ""conclusion_notes"": ""Seller will share address on WhatsApp and buyer will send samples (Sample bhej dunga jo mere pass hai).""}, ""call_purpose"": ""requirement"", ""all_languages"": [""Hindi"", ""English""], ""primary_language"": ""Hindi"", ""additional_details"": {""buyer_queries"": [{""query"": ""When will I get to know about the copper strip availability?"", ""category"": ""Availability"", ""sequence"": 1}], ""seller_queries"": [{""query"": ""What is the size you require?"", ""category"": ""Specifications"", ""sequence"": 2}, {""query"": ""What is the quantity?"", ""category"": ""Quantity"", ""sequence"": 3}, {""query"": ""Do you need pure copper?"", ""category"": ""Specifications"", ""sequence"": 4}]}, ""intended_application"": ""Truck Contact Strips""}, ""products"": [{""product_name"": ""Copper Strip (Copper Patti)"", ""specifications"": [{""name"": ""Width"", ""unit"": ""mm"", ""value"": ""4"", ""buyer_requested"": true, ""seller_mentioned"": false}, {""name"": ""Thickness"", ""unit"": ""mm"", ""value"": ""0.1"", ""buyer_requested"": true, ""seller_mentioned"": false}, {""name"": ""Material"", ""value"": ""Pure Copper"", ""buyer_requested"": false, ""seller_mentioned"": true}], ""quantity_required"": {""unit"": ""pieces"", ""value"": 30000}, ""related_categories"": [{""name"": ""Copper Strips, Rod and Bars"", ""reason"": ""Strips are part of the broader strips, rods, and bars category.""}], ""is_buyer_interested"": true, ""most_specific_category"": {""name"": ""Copper Strip"", ""reason"": ""The buyer specifically asked for 'Copper strips' or 'Copper Patti' for contact parts.""}, ""seller_accepts_quantity"": true}], ""next_steps"": {""buyer_next_steps"": [""To send the physical sample to the seller's address""], ""seller_next_steps"": [""To share the factory address on WhatsApp"", ""To send a Hi message on WhatsApp""]}, ""buyer_details"": {""buyer_name"": ""357409e6368271eb11a48dd778c8b8357c7a975275065d6a2692a09cdbbe9ce2""}, ""seller_details"": {""seller_location"": {""seller_city"": ""Vasai""}}}"
1437250,1454017,19232659,389,1970-01-01 00:00:00.000,"{""lead_tag"": {""deal_blockers"": [{""detail"": ""Call cut within seconds of connection"", ""category"": ""Other""}], ""deal_readiness"": ""Cold"", ""deal_readiness_reason"": ""Call disconnected immediately without any product discussion.""}, ""metadata"": {""call_type"": {""type"": ""B2C"", ""reason"": ""Call disconnected before any business intent or quantity could be established.""}, ""buyer_intent"": {""narrative"": ""Buyer connected through IndiaMART but the call was disconnected before any details were shared."", ""reasoning"": ""Communication did not progress beyond greetings."", ""intent_level"": ""Low""}, ""call_outcome"": {""category"": ""Lost"", ""conclusion_notes"": ""Call disconnected abruptly (Hello hello call cut ho gaya).""}, ""call_purpose"": ""irrelevant"", ""all_languages"": [""Hindi""], ""primary_language"": ""Hindi"", ""additional_details"": {""buyer_queries"": [], ""seller_queries"": []}}, ""products"": [], ""next_steps"": {""buyer_next_steps"": [], ""seller_next_steps"": [""To call back for requirement gathering""]}, ""buyer_details"": {""buyer_name"": ""357409e6368271eb11a48dd778c8b8357c7a975275065d6a2692a09cdbbe9ce2"", ""buyer_location"": {""buyer_city"": ""Wai""}}, ""seller_details"": {""seller_location"": {""seller_city"": ""Mumbai""}}}"
2021806,2038592,3940860,7831,1970-01-01 00:00:00.000,"{""lead_tag"": {""deal_blockers"": [], ""deal_readiness"": ""Warm"", ""deal_readiness_reason"": ""The buyer shared specific technical dimensions and agreed to send further details on WhatsApp for a quote.""}, ""metadata"": {""call_type"": {""type"": ""B2B"", ""reason"": ""The seller requested a visiting card, grade, and wall thickness, which are standard professional B2B inquiry parameters for industrial supplies."", ""evidence"": {""order_type"": {""order_type_category"": ""commercial""}, ""buyer_persona"": {""persona_detail"": ""Business Professional"", ""persona_category"": ""other""}}}, ""buyer_intent"": {""narrative"": ""Seeking price for tube pipes with a 2mm internal diameter."", ""reasoning"": ""The buyer has a specific dimension requirement but needs to provide more technical details like grade and quantity to get a formal quote."", ""intent_level"": ""Medium""}, ""call_outcome"": {""category"": ""Follow-up"", ""conclusion_notes"": ""Buyer will WhatsApp the details as requested by the seller (WhatsApp karta hoon).""}, ""call_purpose"": ""requirement"", ""all_languages"": [""Hindi"", ""English""], ""primary_language"": ""Hindi"", ""additional_details"": {""buyer_queries"": [{""query"": ""Can I get tube pipes with a 2 mm internal diameter?"", ""category"": ""Availability"", ""sequence"": 1}], ""seller_queries"": [{""query"": ""What is the wall thickness and grade required?"", ""category"": ""Specifications"", ""sequence"": 2}]}}, ""products"": [{""product_name"": ""Tube Pipe (SS Tube)"", ""specifications"": [{""name"": ""Inner Diameter"", ""unit"": ""mm"", ""value"": ""2"", ""buyer_requested"": true, ""seller_mentioned"": false}], ""related_categories"": [{""name"": ""Stainless Steel Tube"", ""reason"": ""The conversation is primarily regarding a stainless steel tube requirement.""}, {""name"": ""Stainless Steel Pipes"", ""reason"": ""General category for stainless steel hollow sections discussed.""}], ""is_buyer_interested"": true, ""most_specific_category"": {""name"": ""Stainless Steel Capillary Tubes"", ""reason"": ""The buyer specifically asked for a tube pipe with a very small diameter (2 mm ID), which typically refers to capillary sized tubing.""}}], ""next_steps"": {""buyer_next_steps"": [""To share size, quantity, wall thickness, grade, and visiting card on WhatsApp.""], ""seller_next_steps"": [""To provide rates once the buyer shares the full specifications on WhatsApp.""]}, ""buyer_details"": {""buyer_name"": ""b2d3977033871cb96477ac0cdc4bee8442df9e14eed9c68a9174ee43cac8267c""}, ""seller_details"": {""seller_name"": ""5a51ad81fabd27a1ce90ce539c3f5a8bcaa5c14055c7e6ca1916cc4379d45146""}}"
2022974,2039761,3043276,53096,1970-01-01 00:00:00.000,"{""callback"": ""callback by Soon/Today - To confirm requirement details (Abhi bhejta hoon abhi batana thoda mere ko)"", ""lead_tag"": {""deal_blockers"": [{""detail"": ""Seller needs to check specific requirements from the document to confirm supply capability."", ""category"": ""Availability""}], ""deal_readiness"": ""Warm"", ""deal_readiness_reason"": ""Ready to share detailed specs and wants immediate confirmation on whether the product is available.""}, ""metadata"": {""call_type"": {""type"": ""B2B"", ""reason"": ""The conversation focuses on technical industrial specifications (ACSR conductors, strength per KG) which are typical for utility, construction, or electrical infrastructure projects."", ""evidence"": {""keywords"": [""ACSR Conductor"", ""Strength Specs""], ""order_type"": {""order_type_category"": ""commercial""}, ""repeat_buyer"": false}}, ""buyer_intent"": {""narrative"": ""Wants ACSR conductor with specific 1500kg strength requirements."", ""reasoning"": ""Provides narrow technical specs like break load/strength and is ready to share documentation instantly via WhatsApp."", ""intent_level"": ""High""}, ""call_outcome"": {""category"": ""Pending"", ""conclusion_notes"": ""Waiting for the buyer to share detailed specifications on WhatsApp (Main abhi bhejta hoon).""}, ""call_purpose"": ""requirement"", ""all_languages"": [""Hindi"", ""Punjabi""], ""primary_language"": ""Hindi"", ""additional_details"": {""buyer_queries"": [{""query"": ""The buyer is asking if ACSR conductor with specific strength requirements is available."", ""category"": ""Availability"", ""sequence"": 1}], ""seller_queries"": [{""query"": ""The seller is asking to see the detailed document with strength and kg/m specifications to confirm."", ""category"": ""Specifications"", ""sequence"": 2}]}, ""intended_application"": ""Electrical Infrastructure""}, ""products"": [{""in_stock"": ""in stock"", ""product_name"": ""ACSR Conductor"", ""specifications"": [{""name"": ""Strength"", ""unit"": ""kg"", ""value"": ""1500"", ""buyer_requested"": false, ""seller_mentioned"": false}], ""related_categories"": [{""name"": ""Aluminium Conductor"", ""reason"": ""ACSR contains aluminium strands as the primary conducting material.""}, {""name"": ""Bare Conductor"", ""reason"": ""ACSR is typically used as a bare conductor for overhead transmission lines.""}, {""name"": ""Electrical Conductors"", ""reason"": ""General category for all conducting materials used in power delivery.""}], ""is_buyer_interested"": true, ""most_specific_category"": {""name"": ""ACSR Conductor"", ""reason"": ""The buyer specifically asks for ACSR (Aluminium Conductor Steel Reinforced) conductor.""}}], ""next_steps"": {""buyer_next_steps"": [""To share specification document on WhatsApp""], ""seller_next_steps"": [""To review specifications once received on WhatsApp"", ""To confirm availability of the requested ACSR conductor grade""]}, ""buyer_details"": {""buyer_mobile_number"": ""2f1cb5dedd874f9280ada8fa309a5eb7ec45ad4a5f98bdd0a944972040fde40e""}, ""seller_details"": {""seller_mobile_number"": ""877cbee94414e4435d1e8558d5e42add04a8be6fa17004501a5d16ec5b086951""}}"
1437364,1454130,19232659,389,1970-01-01 00:00:00.000,"{""lead_tag"": {""deal_blockers"": [{""detail"": ""Seller currently only has 0.1mm thickness while buyer specifically needs 0.06mm."", ""category"": ""Availability""}], ""deal_readiness"": ""Warm"", ""deal_readiness_reason"": ""The buyer has sent exact requirements on WhatsApp and the seller is checking for thinner material availability.""}, ""metadata"": {""call_type"": {""type"": ""B2B"", ""reason"": ""The buyer is a manufacturer looking for specific raw material for their production line, indicating a B2B relationship."", ""evidence"": {""keywords"": [""Slitting"", ""Machine cutting"", ""Production""], ""order_type"": {""order_type_category"": ""commercial""}, ""repeat_buyer"": true, ""buyer_persona"": {""persona_detail"": ""Assembling specific parts"", ""persona_category"": ""manufacturer""}}}, ""buyer_intent"": {""narrative"": ""Wants thinnest possible copper strips (specifically 0.06 mm) for direct machine cutting and assembly."", ""reasoning"": ""Buyer provided precise technical specs (0.06 thickness) and explained the production process/end-use cases."", ""intent_level"": ""High""}, ""call_outcome"": {""category"": ""Follow-up"", ""conclusion_notes"": ""Checking thinner material (Thode time dijiye main check karke batata hoon)""}, ""call_purpose"": ""requirement"", ""all_languages"": [""Hindi"", ""English""], ""primary_language"": ""Hindi"", ""additional_details"": {""buyer_queries"": [], ""seller_queries"": [{""query"": ""Will 0.1 mm thickness work if you get slitting done?"", ""category"": ""Specifications"", ""sequence"": 1}]}, ""intended_application"": ""Part Assembly""}, ""products"": [{""in_stock"": ""in stock"", ""product_name"": ""Copper Roll"", ""specifications"": [{""name"": ""Width"", ""unit"": ""mm"", ""value"": ""200"", ""buyer_requested"": false, ""seller_mentioned"": true}, {""name"": ""Thickness"", ""unit"": ""mm"", ""value"": ""0.1"", ""buyer_requested"": false, ""seller_mentioned"": true}], ""related_categories"": [{""name"": ""Copper Roll"", ""reason"": ""The seller explicitly refers to the product as a \""roll\"" available in stock.""}], ""is_buyer_interested"": false, ""most_specific_category"": {""name"": ""Copper Strip"", ""reason"": ""The seller mentions having 200 mm width copper rolls with 0.1 thickness.""}}, {""in_stock"": ""out of stock"", ""product_name"": ""Copper Strip (Patti)"", ""specifications"": [{""name"": ""Thickness"", ""unit"": ""mm"", ""value"": ""0.06"", ""buyer_requested"": true, ""seller_mentioned"": false}], ""related_categories"": [{""name"": ""Copper Strips, Rod and Bars"", ""reason"": ""General category for copper strip products used in industrial and electrical applications.""}], ""is_buyer_interested"": true, ""most_specific_category"": {""name"": ""Copper Strip"", ""reason"": ""Buyer specifically asks for 0.06 mm thickness copper strips for machine cutting.""}}], ""next_steps"": {""buyer_next_steps"": [""To wait for feedback on 0.06mm thickness availability""], ""seller_next_steps"": [""To check with the slitting professional regarding 0.06mm material availability"", ""To update on WhatsApp after checking thinnest possible material""]}, ""buyer_details"": {""buyer_name"": ""357409e6368271eb11a48dd778c8b8357c7a975275065d6a2692a09cdbbe9ce2""}, ""seller_details"": {""seller_name"": ""6405cf0c2f2418e27e5306348e1f3a887bb3ece435443a24a4318ce812352982""}}"
2514364,2531173,16098096,38492,1970-01-01 00:00:00.000,"{""lead_tag"": {""deal_blockers"": [], ""deal_readiness"": ""Cold"", ""deal_readiness_reason"": ""The call did not connect and went to voicemail, so no discussion took place.""}, ""metadata"": {""call_type"": {""type"": ""B2C"", ""reason"": ""The call was not connected; hence, no business or retail context could be established."", ""evidence"": {}}, ""buyer_intent"": {""narrative"": ""Call did not connect, no requirement discussed."", ""reasoning"": ""The call went straight to a voicemail system, so no interaction or expression of intent occurred."", ""intent_level"": ""Low""}, ""call_outcome"": {""category"": ""Lost"", ""conclusion_notes"": ""Call not connected, went to voicemail (Call not connected).""}, ""call_purpose"": ""irrelevant"", ""all_languages"": [""English""], ""primary_language"": ""English"", ""additional_details"": {""buyer_queries"": [], ""seller_queries"": []}}, ""products"": [], ""next_steps"": {""buyer_next_steps"": [], ""seller_next_steps"": []}, ""buyer_details"": {""buyer_name"": ""75271b00f37cf7d3fd9a5988fdcfdf7ba4e54040366cde30eeca3c7401d3ac57"", ""buyer_mobile_number"": ""dbacf7166f10fd6015b0894abe1835e83a06cc63448b6ec9565b5d9d51176461""}, ""seller_details"": {""seller_name"": ""089bbc5f7a9ac7b3a3fed85b1bf01aa04f306ddd9356e785ccf452ebc55a1532""}}"
1450212,1466982,2707166,143590,1970-01-01 00:00:00.000,"{""callback"": ""callback by Now / Today - To Discuss Pricing and Quantity"", ""lead_tag"": {""deal_blockers"": [], ""deal_readiness"": ""Hot"", ""deal_readiness_reason"": ""Buyer has a high volume requirement and was redirected to a specific sales contact for immediate fulfillment.""}, ""metadata"": {""call_type"": {""type"": ""B2B"", ""reason"": ""The buyer is inquiring about a bulk quantity of 1500 pieces of stoles, which indicates a commercial or business scale requirement rather than personal use."", ""evidence"": {""order_type"": {""order_type_category"": ""bulk""}, ""repeat_buyer"": false, ""buyer_persona"": {""persona_detail"": ""Commercial Buyer"", ""persona_category"": ""other""}, ""quantity_scale"": ""High""}}, ""buyer_intent"": {""narrative"": ""Wants 1500 pieces of stoles for gifting/neckwear purposes."", ""reasoning"": ""Buyer specifies a high quantity (1500 pieces) and is actively seeking a quote for immediate purchase."", ""intent_level"": ""High""}, ""call_outcome"": {""category"": ""Follow-up"", ""conclusion_notes"": ""Buyer was given another number to contact the partner/manager to finalize (Contact number share kiya hai, baat karke finalize karenge)""}, ""call_purpose"": ""requirement"", ""all_languages"": [""Hindi"", ""English""], ""primary_language"": ""Hindi"", ""additional_details"": {""buyer_queries"": [{""query"": ""What is the best price for high quality stoles on a 1500 piece order?"", ""category"": ""Pricing"", ""sequence"": 1}], ""seller_queries"": [{""query"": ""In what price range are you looking to purchase?"", ""category"": ""Pricing"", ""sequence"": 2}]}}, ""products"": [{""in_stock"": ""in stock"", ""product_name"": ""Stoles (Stoll)"", ""specifications"": [{""name"": ""Application"", ""value"": ""Neckwear / Gifting"", ""buyer_requested"": true, ""seller_mentioned"": false}, {""name"": ""Quality"", ""value"": ""Good Quality"", ""buyer_requested"": false, ""seller_mentioned"": true}], ""quantity_required"": {""unit"": ""pieces"", ""value"": 1500}, ""related_categories"": [{""name"": ""Ladies Stole"", ""reason"": ""Stoles are commonly categorized under ladies fashion accessories.""}, {""name"": ""Plain Stoles"", ""reason"": ""Generic inquiry for stoles often covers plain and mixed varieties.""}], ""is_buyer_interested"": true, ""most_specific_category"": {""name"": ""Stoles"", ""reason"": ""The buyer explicitly mentioned 'Stoll' for neckwear and gifting purposes.""}, ""seller_accepts_quantity"": true}], ""next_steps"": {""buyer_next_steps"": [""To call Aabid Farooq on the provided number""], ""seller_next_steps"": [""To coordinate with Aabid regarding the incoming inquiry for 1500 stoles""]}, ""buyer_details"": {""buyer_name"": ""5be30154f61e6883e27840a22e2d6c3ab8843a1ccf2e17a841ffd8ea2ea81e47""}, ""seller_details"": {""seller_name"": ""38bb086f4c9a1f40fbd934c3ac70eb18cc7a78e0f5dc6cadee3b9cf6ba1ef6c5""}}"
1450295,1467064,2707166,143590,1970-01-01 00:00:00.000,"{""callback"": ""callback by Soon - For seller to connect after speaking with their colleague (मेरी जैसे ही बात होती है तो मैं बोलता हूं उनको)"", ""lead_tag"": {""deal_blockers"": [{""detail"": ""Direct contact person's phone was switched off during the call"", ""category"": ""Availability""}], ""deal_readiness"": ""Warm"", ""deal_readiness_reason"": ""The caller explicitly requested a callback through an alternative contact member to discuss the requirement.""}, ""metadata"": {""call_type"": {""type"": ""B2B"", ""reason"": ""The call was made to initiate a business discussion regarding products listed on a B2B platform, following up on a previously unreachable number."", ""evidence"": {""order_type"": {""order_type_category"": ""commercial""}, ""repeat_buyer"": false, ""buyer_persona"": {""persona_category"": ""other""}}}, ""buyer_intent"": {""narrative"": ""Looking to connect with the seller regarding a business inquiry."", ""reasoning"": ""The caller reached out specifically for a business contact, though specific product details were not discussed in this initial coordination call."", ""intent_level"": ""Medium""}, ""call_outcome"": {""category"": ""Follow-up"", ""conclusion_notes"": ""Seller will call back after checking with their colleague (Meri jaise hi baat hoti hai toh main bolta hoon)""}, ""call_purpose"": ""followup"", ""all_languages"": [""Hindi"", ""English""], ""primary_language"": ""Hindi"", ""additional_details"": {""buyer_queries"": [], ""seller_queries"": [{""query"": ""What is your contact number?"", ""category"": ""Other"", ""sequence"": 1}]}}, ""products"": [], ""next_steps"": {""buyer_next_steps"": [""To expect a callback from the primary business contact""], ""seller_next_steps"": [""To inform the colleague about the inquiry and share the caller's number"", ""To ensure a callback is made to the interested party""]}, ""buyer_details"": {""buyer_mobile_number"": ""5874ec143d3ab23fff89ca6716c63164bbc060c369bcf74b112567aa4267cf41""}, ""seller_details"": {""seller_name"": ""c781c43836b684f0ebe9c4c61dd75f3d04999d0edce16213a4820dab1d71fa71""}}"
989046,1002416,3043276,53096,1970-01-01 00:00:00.000,"{""payment"": {}, ""lead_tag"": {""deal_blockers"": [], ""deal_readiness"": ""Warm"", ""deal_readiness_reason"": ""Requirement for 1000 meters is specific, pending specification review.""}, ""metadata"": {""call_type"": {""type"": ""B2B"", ""reason"": ""The requirement for 1000 meters of Dog Conductor for transmission lines indicates an industrial B2B project use case."", ""evidence"": {""keywords"": [""Dog Conductor"", ""Internal TX line"", ""1000 meters""], ""order_type"": ""Bulk"", ""repeat_buyer"": false, ""buyer_persona"": ""Industrial Contractor"", ""quantity_scale"": ""High""}}, ""buyer_intent"": {""narrative"": ""Seeking 1000 meters of Dog Conductor for an internal transmission line project."", ""reasoning"": ""Provided specific product code name and a clear bulk quantity requirement."", ""intent_level"": ""High""}, ""call_purpose"": ""requirement"", ""all_languages"": [""Hindi"", ""English""], ""buyer_conclusion"": {""category"": ""Pending"", ""conclusion_notes"": ""Requirement shared, will send specifications on WhatsApp (Main specifications bhej deta hoon)""}, ""primary_language"": ""Hindi"", ""additional_details"": {""buyer_queries"": [{""query"": ""Do you have Dog Conductor for internal TX line?"", ""category"": ""Availability"", ""sequence"": 1}], ""seller_queries"": [{""query"": ""How much quantity do you need?"", ""category"": ""Quantity"", ""sequence"": 2}]}, ""intended_application"": ""Internal Transmission Line""}, ""products"": [{""price"": {}, ""in_stock"": ""in stock"", ""product_name"": ""Dog Conductor (Internal TX line)"", ""specifications"": [{""name"": ""Conductor Type"", ""value"": ""Dog"", ""buyer_requested"": true, ""seller_mentioned"": false}, {""name"": ""Application"", ""value"": ""Internal TX line"", ""buyer_requested"": true, ""seller_mentioned"": false}], ""quantity_required"": {""unit"": ""meters"", ""value"": 1000}, ""related_categories"": [{""name"": ""Aluminium Conductor"", ""reason"": ""Dog conductors are primarily composed of aluminium strands.""}, {""name"": ""Electrical Conductors"", ""reason"": ""It is a standard component used in electrical power infrastructure.""}], ""is_buyer_interested"": true, ""most_specific_category"": {""name"": ""ACSR Conductor"", ""reason"": ""Dog is a specific trade name for ACSR conductors used in electrical power transmission.""}, ""quantity_accepted_by_seller"": true}], ""call_back"": ""callback by Tomorrow - To discuss after checking specifications (Check karlo main bhej deta hoon)"", ""next_steps"": {""buyer_next_steps"": [""To send detailed product specifications on WhatsApp""], ""seller_next_steps"": [""To review the specifications and provide a quote""]}, ""buyer_details"": {""buyer_name"": ""180d803a580fabe1a24ddfdf6bf51ecbea0eb81f256b69ee6b39b33d294f6ebf"", ""buyer_location"": {""buyer_city"": ""Greater Noida""}, ""buyer_mobile_number"": ""c3f85574509aa2154e93a6b68574dd6249699314b45b9a369ead7b5357fac9db""}, ""seller_details"": {""seller_location"": {""seller_city"": ""New Delhi""}, ""seller_mobile_number"": ""877cbee94414e4435d1e8558d5e42add04a8be6fa17004501a5d16ec5b086951""}, ""minimum_order_quantity"": {}}"
2927595,2944416,3043276,53096,1970-01-01 00:00:00.000,"{""callback"": ""callback by Today - To check stock status for the requirement (Do minute mein call back karta hoon)"", ""lead_tag"": {""deal_blockers"": [], ""deal_readiness"": ""Warm"", ""deal_readiness_reason"": ""Requirement for 1 KM dog conductor is being checked for availability.""}, ""metadata"": {""call_type"": {""type"": ""B2B"", ""reason"": ""The quantity requested (1 KM) is of commercial scale typically used in electrical projects, indicating a B2B context."", ""evidence"": {""keywords"": [""Dog Conductor"", ""1 KM bundle""], ""order_type"": [""bulk"", ""commercial""], ""buyer_persona"": {""persona_category"": ""other""}, ""quantity_scale"": ""High""}}, ""buyer_intent"": {""narrative"": ""Wants 1 kilometer of dog conductor."", ""reasoning"": ""The buyer has a specific quantity (1 km) and product name (dog conductor) and is seeking immediate stock availability."", ""intent_level"": ""High""}, ""call_outcome"": {""category"": ""Follow-up"", ""conclusion_notes"": ""Will return the call in two minutes after checking availability (Do minute mein call back karta hoon).""}, ""call_purpose"": ""requirement"", ""all_languages"": [""Hindi"", ""English""], ""primary_language"": ""Hindi"", ""additional_details"": {""buyer_queries"": [{""query"": ""Is dog conductor available?"", ""category"": ""Availability"", ""sequence"": 1}, {""query"": ""Is it currently in stock?"", ""category"": ""Availability"", ""sequence"": 3}], ""seller_queries"": [{""query"": ""What quantity do you need?"", ""category"": ""Quantity"", ""sequence"": 2}, {""query"": ""Do you need a full bundle of 1 kilometer or cut pieces?"", ""category"": ""Specifications"", ""sequence"": 4}]}, ""intended_application"": ""Electrical Project""}, ""products"": [{""in_stock"": ""in stock"", ""product_name"": ""Dog Conductor"", ""specifications"": [{""name"": ""Type"", ""value"": ""Dog"", ""buyer_requested"": false, ""seller_mentioned"": true}, {""name"": ""Length"", ""unit"": ""KM"", ""value"": ""1"", ""buyer_requested"": true, ""seller_mentioned"": true}], ""quantity_required"": {""unit"": ""KM"", ""value"": 1}, ""related_categories"": [{""name"": ""ACSR Conductor"", ""reason"": ""Dog conductors are standardized ACSR conductors used in power distribution.""}, {""name"": ""Electrical Conductors"", ""reason"": ""It is an essential component for conducting electricity in power lines.""}], ""is_buyer_interested"": true, ""most_specific_category"": {""name"": ""Aluminium Conductor"", ""reason"": ""Dog conductor is a common type of ACSR/Aluminium conductor.""}, ""seller_accepts_quantity"": true}], ""next_steps"": {""buyer_next_steps"": [""To wait for the return call regarding stock status.""], ""seller_next_steps"": [""To check stock levels for 1 KM of dog conductor."", ""To call back and confirm availability.""]}, ""buyer_details"": {""buyer_name"": ""4a725f6941094d5335fba91bfaf4a3bc161cc87df1f354c4c604e5a55cb2fbf4""}, ""seller_details"": {}}"
2929974,2946797,3043276,53096,1970-01-01 00:00:00.000,"{""callback"": ""callback by Today - To confirm availability of 1km length of Dog Conductor (Check karke call back karta hoon)"", ""lead_tag"": {""deal_blockers"": [], ""deal_readiness"": ""Warm"", ""deal_readiness_reason"": ""The seller needs to confirm if the specific length requested (1 km) is available before proceeding with the order.""}, ""metadata"": {""call_type"": {""type"": ""B2B"", ""reason"": ""The requirement for a 1km length of Dog Conductor is typical of industrial or commercial infrastructure projects, suggesting a B2B context."", ""evidence"": {""keywords"": [""Dog Conductor"", ""1km length""], ""order_type"": [""commercial""], ""quantity_scale"": ""High""}}, ""buyer_intent"": {""narrative"": ""Buyer is looking for a Dog Conductor with a specific continuous length of 1 km."", ""reasoning"": ""The buyer has a specific length requirement (1 km) and is following up on a previous inquiry, indicating high intent."", ""intent_level"": ""High""}, ""call_outcome"": {""category"": ""Follow-up"", ""conclusion_notes"": ""Seller will check the available length and call back (Check karke isi number par call back kar lijiye).""}, ""call_purpose"": ""followup"", ""all_languages"": [""Hindi"", ""English""], ""primary_language"": ""English"", ""additional_details"": {""buyer_queries"": [{""query"": ""Is the Dog Conductor available?"", ""category"": ""Availability"", ""sequence"": 1}], ""seller_queries"": []}}, ""products"": [{""in_stock"": ""in stock"", ""product_name"": ""Dog Conductor"", ""specifications"": [{""name"": ""Length"", ""unit"": ""km"", ""value"": ""1"", ""buyer_requested"": true, ""seller_mentioned"": true}], ""quantity_required"": {""unit"": ""km"", ""value"": 1}, ""related_categories"": [{""name"": ""Aluminium Conductor"", ""reason"": ""Dog conductors are commonly made of aluminium (ACSR).""}, {""name"": ""ACSR Conductor"", ""reason"": ""Dog is a standard code name for a specific size of ACSR conductor.""}], ""is_buyer_interested"": true, ""most_specific_category"": {""name"": ""Electrical Conductors"", ""reason"": ""The product is a Dog Conductor, which is a type of electrical conductor used in power transmission.""}, ""seller_accepts_quantity"": true}], ""next_steps"": {""buyer_next_steps"": [""To wait for the seller's callback regarding stock availability.""], ""seller_next_steps"": [""To verify if 1 km of Dog Conductor is available in one continuous length."", ""To call the buyer back on the same number with the status update.""]}, ""buyer_details"": {""buyer_name"": ""4a725f6941094d5335fba91bfaf4a3bc161cc87df1f354c4c604e5a55cb2fbf4""}, ""seller_details"": {""seller_name"": ""6405cf0c2f2418e27e5306348e1f3a887bb3ece435443a24a4318ce812352982""}}"
1033356,1047177,3043276,53096,1970-01-01 00:00:00.000,"{""payment"": {}, ""lead_tag"": {""deal_blockers"": [], ""deal_readiness"": ""Warm"", ""deal_readiness_reason"": ""Specific technical requirements for ACSR conductors and exact quantities shared.""}, ""metadata"": {""call_type"": {""type"": ""B2B"", ""reason"": ""The buyer is inquiring for industrial electrical conductors in bulk quantities (kilometers) for a firm."", ""evidence"": {""keywords"": [""ACSR"", ""Dog Conductor"", ""Weasel Conductor"", ""Industrial Use""], ""order_type"": ""Bulk"", ""repeat_buyer"": false, ""buyer_persona"": ""Contractor"", ""quantity_scale"": ""High""}}, ""buyer_intent"": {""narrative"": ""Wants to purchase 7km of Dog conductor and 1km of Weasel conductor for SBR Electrical."", ""reasoning"": ""Buyer provided specific industry terms (Dog, Weasel) and precise bulk quantities for a business."", ""intent_level"": ""High""}, ""call_purpose"": ""requirement"", ""all_languages"": [""Hindi"", ""English""], ""buyer_conclusion"": {""category"": ""Pending"", ""conclusion_notes"": ""Waiting for the rates from the seller (Main ek message daal deta hoon)""}, ""primary_language"": ""Hindi"", ""additional_details"": {""buyer_queries"": [{""query"": ""Do you have 100mm Dog Conductor?"", ""category"": ""Product"", ""sequence"": 1}, {""query"": ""Do you have 30mm Weasel Conductor?"", ""category"": ""Product"", ""sequence"": 2}], ""seller_queries"": [{""query"": ""ACSR or AAAC?"", ""category"": ""Product"", ""sequence"": 3}, {""query"": ""How much quantity?"", ""category"": ""Quantity"", ""sequence"": 4}]}, ""intended_application"": ""Electrical Infrastructure""}, ""products"": [{""price"": {}, ""in_stock"": ""in stock"", ""product_name"": ""ACSR Dog Conductor"", ""specifications"": [{""name"": ""Type"", ""value"": ""Dog"", ""buyer_requested"": true, ""seller_mentioned"": true}, {""name"": ""Size"", ""unit"": ""sq mm"", ""value"": ""100"", ""buyer_requested"": true, ""seller_mentioned"": true}, {""name"": ""Material"", ""value"": ""ACSR"", ""buyer_requested"": false, ""seller_mentioned"": true}], ""quantity_required"": {""unit"": ""meters"", ""value"": 7000}, ""related_categories"": [{""name"": ""Aluminium Conductor"", ""reason"": ""ACSR conductors are primarily made of aluminium strands.""}], ""is_buyer_interested"": true, ""most_specific_category"": {""name"": ""ACSR Conductor"", ""reason"": ""The product is explicitly identified as an ACSR (Aluminum Conductor Steel Reinforced) Dog type conductor.""}, ""quantity_accepted_by_seller"": true}, {""price"": {}, ""in_stock"": ""in stock"", ""product_name"": ""ACSR Weasel Conductor"", ""specifications"": [{""name"": ""Type"", ""value"": ""Weasel"", ""buyer_requested"": true, ""seller_mentioned"": true}, {""name"": ""Size"", ""unit"": ""sq mm"", ""value"": ""34"", ""buyer_requested"": false, ""seller_mentioned"": true}, {""name"": ""Material"", ""value"": ""ACSR"", ""buyer_requested"": false, ""seller_mentioned"": true}], ""quantity_required"": {""unit"": ""km"", ""value"": 1}, ""related_categories"": [{""name"": ""Aluminium Conductor"", ""reason"": ""Weasel conductors are a standard type of aluminium conductors.""}], ""is_buyer_interested"": true, ""most_specific_category"": {""name"": ""ACSR Conductor"", ""reason"": ""The product is an ACSR Weasel type conductor used in power transmission.""}, ""quantity_accepted_by_seller"": true}], ""call_back"": ""callback by in a few minutes - To provide rates (Abhi de raha hoon)"", ""next_steps"": {""buyer_next_steps"": [""To send a WhatsApp message to the seller""], ""seller_next_steps"": [""To share the rates for Dog and Weasel conductors""]}, ""buyer_details"": {""buyer_name"": ""623f0b5584eb86d9f905e52679a9ce3bca0bd91a950a03e0eaa1b2f8bb3e9908"", ""buyer_location"": {""buyer_city"": ""Bathinda"", ""buyer_state"": ""Punjab""}}, ""seller_details"": {""seller_mobile_number"": ""be4353e910659c01056653fc2292911d79df5a98dd932d0573eabbae8d9f5ee4""}, ""minimum_order_quantity"": {}}"
2858053,2874874,4710125,155551,1970-01-01 00:00:00.000,"{""payment"": {""payment_details"": ""Buyer mentioned taking wholesale rates for bulk orders.""}, ""callback"": ""callback by Next Week - To visit the seller's location and discuss requirements (Main aapko next week mein visit karke contact kar lunga)"", ""lead_tag"": {""deal_blockers"": [{""detail"": ""Jeans gloves are currently out of stock with the seller"", ""category"": ""Availability""}], ""deal_readiness"": ""Warm"", ""deal_readiness_reason"": ""The buyer plans to visit the seller next week to inspect samples and discuss a potential recurring order for knitted gloves. ""}, ""metadata"": {""call_type"": {""type"": ""B2B"", ""reason"": ""The buyer is looking for a manufacturer to supply high volumes (18,000 pairs monthly) for business purposes, indicating a B2B relationship."", ""evidence"": {""keywords"": [""Manufacturer"", ""Bulk Supply"", ""Sample Testing"", ""Wholesale Rates""], ""order_type"": [""bulk"", ""recurring"", ""sample""], ""repeat_buyer"": true, ""buyer_persona"": {""persona_category"": ""wholesaler""}, ""quantity_scale"": ""High""}}, ""buyer_intent"": {""narrative"": ""Wants to source 600 pairs of hand gloves per batch, totaling around 18,000 pairs monthly for resale or business use."", ""reasoning"": ""The buyer provided specific monthly volume estimates and plans to visit the facility to check samples before finalizing a recurring order."", ""intent_level"": ""High""}, ""call_outcome"": {""category"": ""Follow-up"", ""conclusion_notes"": ""The buyer will visit the seller next week to check samples (Main aapko next week mein visit kar lunga).""}, ""call_purpose"": ""requirement"", ""all_languages"": [""Hindi"", ""English""], ""primary_language"": ""Hindi"", ""additional_details"": {""buyer_queries"": [{""query"": ""Will the 60 gram knitted gloves be exactly 60 grams or slightly less?"", ""category"": ""Specifications"", ""sequence"": 1100000001}, {""query"": ""What are the prices for 40 gram and 60 gram knitted gloves?"", ""category"": ""Pricing"", ""sequence"": 1100000002}, {""query"": ""Are these jeans gloves made from old or new fabric?"", ""category"": ""Specifications"", ""sequence"": 1100000003}], ""seller_queries"": [{""query"": ""What is your monthly quantity requirement?"", ""category"": ""Quantity"", ""sequence"": 1100000004, ""answer_by_buyer"": ""Approximately 25 to 30 batches of 600 pairs per month.""}]}, ""intended_application"": ""Bulk Resale""}, ""products"": [{""price"": {""value"": 5, ""currency"": ""INR"", ""price_unit"": ""piece""}, ""in_stock"": ""in stock"", ""product_name"": ""Nitted Gloves (Knitted Gloves)"", ""specifications"": [{""name"": ""Weight"", ""unit"": ""gram"", ""value"": ""40"", ""buyer_requested"": true, ""seller_mentioned"": true}], ""quantity_required"": {""unit"": ""pairs"", ""value"": 18000}, ""related_categories"": [{""name"": ""Hand Gloves"", ""reason"": ""General category for hand protection products.""}], ""is_buyer_interested"": true, ""most_specific_category"": {""name"": ""Cotton Knitted Glove"", ""reason"": ""Seller explicitly mentioned manufacturing knitted gloves of specific grammage (40g/60g).""}, ""seller_accepts_quantity"": true}, {""price"": {""value"": 6.75, ""currency"": ""INR"", ""price_unit"": ""piece""}, ""in_stock"": ""in stock"", ""product_name"": ""Nitted Gloves (Knitted Gloves)"", ""specifications"": [{""name"": ""Weight"", ""unit"": ""gram"", ""value"": ""60"", ""buyer_requested"": true, ""seller_mentioned"": true}], ""quantity_required"": {""unit"": ""pairs"", ""value"": 18000}, ""related_categories"": [{""name"": ""Industrial Gloves"", ""reason"": ""Used in industrial work environments.""}], ""is_buyer_interested"": true, ""most_specific_category"": {""name"": ""Cotton Knitted Glove"", ""reason"": ""Specific grammage discussed (60g) for knitted cotton gloves.""}, ""seller_accepts_quantity"": true}, {""price"": {""value"": 8.25, ""currency"": ""INR"", ""price_unit"": ""pair""}, ""in_stock"": ""out of stock"", ""product_name"": ""Jeans Gloves"", ""specifications"": [{""name"": ""Material"", ""value"": ""Old Jeans/Pants"", ""buyer_requested"": true, ""seller_mentioned"": true}, {""name"": ""Size"", ""unit"": ""inches"", ""value"": ""11 to 13"", ""buyer_requested"": false, ""seller_mentioned"": true}], ""related_categories"": [{""name"": ""Work Gloves"", ""reason"": ""Jeans gloves are typically used for manual labor/work.""}], ""is_buyer_interested"": false, ""most_specific_category"": {""name"": ""Jeans Fabric Gloves"", ""reason"": ""Discussion about gloves made from old jeans material.""}}, {""price"": {""value"": 15, ""currency"": ""INR"", ""price_unit"": ""pair""}, ""in_stock"": ""in stock"", ""product_name"": ""Premium Jeans Gloves"", ""specifications"": [{""name"": ""Material"", ""value"": ""New Fabric Blue"", ""buyer_requested"": true, ""seller_mentioned"": true}, {""name"": ""Size"", ""unit"": ""inches"", ""value"": ""10 to 18"", ""buyer_requested"": false, ""seller_mentioned"": true}], ""related_categories"": [{""name"": ""Safety Gloves"", ""reason"": ""High-durability fabric for hand safety.""}], ""is_buyer_interested"": true, ""most_specific_category"": {""name"": ""Jeans Fabric Gloves"", ""reason"": ""Premium variant discussed made from new fabric.""}}], ""next_steps"": {""buyer_next_steps"": [""To visit the seller's location next week"", ""To check 60g and 40g knitted glove samples"", ""To show jeans glove samples to others before ordering""], ""seller_next_steps"": [""To prepare samples for the buyer's visit"", ""To share more details about custom glove options""]}, ""buyer_details"": {""buyer_name"": ""cb9c3136fe8eca358ef7e67f6f49df9a99870bf31bdf3b5ed228f73de936b250""}, ""seller_details"": {""seller_name"": ""d4145ea4fcc7423ee968b19b65646f1fc00ba0012061462f3fb40f655370e09a""}}"
2554113,2570924,26627556,30613,1970-01-01 00:00:00.000,"{""lead_tag"": {""deal_blockers"": [{""detail"": ""Call disconnected immediately"", ""category"": ""Other""}], ""deal_readiness"": ""Cold"", ""deal_readiness_reason"": ""The call disconnected immediately without any verbal interaction or exchange of requirements.""}, ""metadata"": {""call_type"": {""reason"": ""Unable to classify as B2B or B2C as no discussion occurred due to immediate call disconnection.""}, ""buyer_intent"": {""narrative"": ""Buyer connected but the call was silent and disconnected before any details could be shared."", ""reasoning"": ""The call was disconnected immediately with no conversation taking place."", ""intent_level"": ""Low""}, ""call_outcome"": {""category"": ""Lost"", ""conclusion_notes"": ""Call disconnected without any conversation (Hello Hello).""}, ""call_purpose"": ""irrelevant"", ""all_languages"": [""English""], ""primary_language"": ""English"", ""additional_details"": {""buyer_queries"": [], ""seller_queries"": []}}, ""products"": [], ""next_steps"": {""buyer_next_steps"": [], ""seller_next_steps"": []}, ""buyer_details"": {}, ""seller_details"": {}}"
2554300,2571111,26627556,30613,1970-01-01 00:00:00.000,"{""payment"": {}, ""lead_tag"": {""deal_blockers"": [{""detail"": ""Respondent explicitly stated they have no requirement (Nahi koi requirement nahi hai)"", ""category"": ""Other""}], ""deal_readiness"": ""Cold"", ""deal_readiness_reason"": ""The respondent explicitly stated they have no requirement for the testing services offered.""}, ""metadata"": {""call_type"": {""type"": ""B2B"", ""reason"": ""The caller is offering industrial/commercial testing services (LM-79) to another business entity, characterizing this as a B2B inquiry, although the respondent declined."", ""evidence"": {""keywords"": [""LM-79 Testing"", ""Equipment Test""], ""order_type"": [""other""], ""repeat_buyer"": false, ""buyer_persona"": {""persona_category"": ""other""}}}, ""buyer_intent"": {""narrative"": ""The respondent has no current requirement for the LM-79 testing services offered."", ""reasoning"": ""The respondent immediately declined the offer for testing services, stating they have no such requirement."", ""intent_level"": ""Low""}, ""call_outcome"": {""category"": ""Lost"", ""conclusion_notes"": ""Respondent refused the service (Nahi, thank you)""}, ""call_purpose"": ""requirement"", ""all_languages"": [""Hindi"", ""English""], ""primary_language"": ""Hindi"", ""additional_details"": {""buyer_queries"": [], ""seller_queries"": [{""query"": ""Do you have any requirement for LM-79 testing?"", ""category"": ""Availability"", ""sequence"": 1, ""answer_by_buyer"": ""No.""}, {""query"": ""Do you want any electrical equipment tested?"", ""category"": ""Availability"", ""sequence"": 2, ""answer_by_buyer"": ""No, thank you.""}]}}, ""products"": [{""product_name"": ""LM-79 Testing (LED Testing)"", ""specifications"": [{""name"": ""Standard"", ""value"": ""LM-79"", ""buyer_requested"": false, ""seller_mentioned"": true}], ""related_categories"": [{""name"": ""LED Lights"", ""reason"": ""LM-79 is a specific testing standard primarily used for LED lighting products to evaluate their performance.""}], ""is_buyer_interested"": false, ""most_specific_category"": {""name"": ""LED Bulb"", ""reason"": ""The caller mentions a requirement for LM-79 testing, which is a standard procedure for measuring the electrical and photometric properties of LED products.""}}], ""next_steps"": {""buyer_next_steps"": [], ""seller_next_steps"": []}, ""buyer_details"": {""buyer_name"": ""ecda9ca8283ea184e5768570195e2b8f6fcd1e581f9e3f46def0ae3db36ce88b""}, ""seller_details"": {""seller_name"": ""4320472dca0d474b698d34e00ea152eae7c4fe91290b6745c78ed67b4b0551b4""}}"
1041321,1055147,16098096,38492,1970-01-01 00:00:00.000,"{""payment"": {}, ""lead_tag"": {""deal_blockers"": [""Location: Business operates in Hyderabad, requirement in Haryana""], ""deal_readiness"": ""Cold"", ""deal_readiness_reason"": ""Major location mismatch as the requirement is in Haryana while the business is based in Hyderabad.""}, ""metadata"": {""call_type"": {""type"": ""B2B"", ""reason"": ""The large scale of the requirement (2000 sq m) and the context of a logistics-related company suggest a B2B commercial project."", ""evidence"": {""keywords"": [""IndiaMART"", ""Concrete surface"", ""Thermoplast""], ""order_type"": ""Commercial project"", ""repeat_buyer"": false, ""buyer_persona"": ""Commercial project representative"", ""quantity_scale"": ""High""}}, ""buyer_intent"": {""narrative"": ""Wants 2000 square meters of thermoplastic road marking for a concrete surface in Palwal, Haryana."", ""reasoning"": ""Provided specific quantity (2000 sq m), surface type (concrete), and location (Palwal), indicating a ready project."", ""intent_level"": ""High""}, ""call_purpose"": ""requirement"", ""all_languages"": [""Hindi"", ""English""], ""buyer_conclusion"": {""category"": ""Lost"", ""conclusion_notes"": ""Significant regional distance between the locations (Haryana vs. Hyderabad). (Haryana ka toh koi reference nahi hai, IndiaMART se wapas try karna padega)""}, ""primary_language"": ""Hindi"", ""additional_details"": {""buyer_queries"": [], ""seller_queries"": [{""query"": ""Where is the location?"", ""category"": ""Logistics"", ""sequence"": 1}]}, ""intended_application"": ""Road Marking Project""}, ""products"": [{""product_name"": ""Thermoplastic Road Marking Paint (Thermoplast)"", ""specifications"": [{""name"": ""Surface Type"", ""value"": ""Concrete"", ""buyer_requested"": false, ""seller_mentioned"": false}], ""quantity_required"": {""unit"": ""square meter"", ""value"": 2000}, ""related_categories"": [{""name"": ""Road Marking Paints and Coatings"", ""reason"": ""Thermoplastic paints are a primary type of road marking coating.""}, {""name"": ""Road Safety Products"", ""reason"": ""Road marking paints are essential safety products for traffic management.""}], ""is_buyer_interested"": true, ""most_specific_category"": {""name"": ""Thermoplastic Road Marking Paint"", ""reason"": ""The buyer specifically mentioned a requirement for thermoplastic for a concrete surface marking project.""}}], ""call_back"": """", ""next_steps"": {""buyer_next_steps"": [""To search for locally available suppliers via IndiaMART""], ""seller_next_steps"": []}, ""buyer_details"": {""buyer_name"": ""70bf9c1f150c32fd4bda1da1ee21b86ff7c58326a6a998dfbdaf0292efcab232""}, ""seller_details"": {""seller_name"": ""089bbc5f7a9ac7b3a3fed85b1bf01aa04f306ddd9356e785ccf452ebc55a1532""}, ""minimum_order_quantity"": {}}"
2568669,2585481,26627556,30613,1970-01-01 00:00:00.000,"{""lead_tag"": {""deal_blockers"": [{""detail"": ""Severe network connectivity issues leading to call disconnection"", ""category"": ""Other""}], ""deal_readiness"": ""Cold"", ""deal_readiness_reason"": ""Call was disconnected immediately due to poor network before any transaction details could be discussed.""}, ""metadata"": {""call_type"": {""type"": ""B2B"", ""reason"": ""The call was too brief to determine if it was B2B or B2C, but it originated from a business directory inquiry."", ""evidence"": {""keywords"": [""AP Source""], ""order_type"": [""other""]}}, ""buyer_intent"": {""narrative"": ""Buyer is looking for LED Bulbs but could not convey details due to audio issues."", ""reasoning"": ""While the buyer initiated the call for a specific product, the conversation could not progress beyond identifying the seller due to technical issues."", ""intent_level"": ""Low""}, ""call_outcome"": {""category"": ""Lost"", ""conclusion_notes"": ""Call disconnected due to technical audio issues (Audio nahi aa rahi aapki).""}, ""call_purpose"": ""requirement"", ""all_languages"": [""Hindi""], ""primary_language"": ""Hindi"", ""additional_details"": {""buyer_queries"": [{""query"": ""Are you speaking from AP Source?"", ""category"": ""Other"", ""sequence"": 1, ""answer_by_seller"": ""Yes, I am speaking from AP Source.""}], ""seller_queries"": [{""query"": ""Can you repeat your requirement?"", ""category"": ""Specifications"", ""sequence"": 2}]}}, ""products"": [{""product_name"": ""LED Bulb"", ""specifications"": [{""name"": ""Interest"", ""value"": ""General requirement for LED bulb"", ""buyer_requested"": true, ""seller_mentioned"": false}], ""related_categories"": [{""name"": ""LED Bulb"", ""reason"": ""The buyer initiated the call by mentioning a specific interest in LED Bulbs via an IndiaMART inquiry.""}], ""is_buyer_interested"": true}], ""next_steps"": {""buyer_next_steps"": [""To call back again to discuss the requirement clearly""], ""seller_next_steps"": []}, ""buyer_details"": {""buyer_name"": ""ecda9ca8283ea184e5768570195e2b8f6fcd1e581f9e3f46def0ae3db36ce88b""}, ""seller_details"": {""seller_name"": ""4320472dca0d474b698d34e00ea152eae7c4fe91290b6745c78ed67b4b0551b4""}}"
1161398,1175683,13665628,42666,1970-01-01 00:00:00.000,"{""payment"": {}, ""lead_tag"": {""deal_blockers"": [], ""deal_readiness"": ""Warm"", ""deal_readiness_reason"": ""Buyer has a specific product interest and seller is sharing price list on WhatsApp to proceed.""}, ""metadata"": {""call_type"": {""type"": ""B2B"", ""reason"": ""The conversation involves a business name (Matin Impex) and a request for a rate list, typical of B2B resale inquiries."", ""evidence"": {""order_type"": ""bulk"", ""repeat_buyer"": false, ""buyer_persona"": ""Shop keeper"", ""quantity_scale"": ""High""}}, ""buyer_intent"": {""narrative"": ""Wants to know the rates for Loofah for potential purchase."", ""reasoning"": ""The buyer specifically asked for Loofah but is currently at the price-checking stage."", ""intent_level"": ""Medium""}, ""call_purpose"": ""requirement"", ""all_languages"": [""Hindi"", ""English""], ""buyer_conclusion"": {""category"": ""Follow-up"", ""conclusion_notes"": ""Waiting for the seller to send the rate list on WhatsApp (Rate bhejta hoon).""}, ""primary_language"": ""Hindi"", ""additional_details"": {""buyer_queries"": [], ""seller_queries"": [{""query"": ""Apne phone kiya tha? (Did you call?)"", ""category"": ""General"", ""sequence"": 1}]}, ""intended_application"": ""Retail Resale""}, ""products"": [{""price"": {""currency"": ""INR""}, ""in_stock"": ""in stock"", ""product_name"": ""Loofa (Loofah)"", ""specifications"": [{""name"": ""Brand"", ""value"": ""Matin Impex"", ""buyer_requested"": false, ""seller_mentioned"": true}], ""related_categories"": [{""name"": ""Bath Scrubbers"", ""reason"": ""Loofah is a type of bath scrubber used for exfoliation.""}, {""name"": ""Body Scrubber"", ""reason"": ""The product is used as a scrubber for the body during bathing.""}], ""is_buyer_interested"": true, ""most_specific_category"": {""name"": ""Loofah Sponge"", ""reason"": ""The buyer explicitly asked for 'Loofa' (Loofah) which is a core bathing scrubber category.""}, ""quantity_accepted_by_seller"": true}], ""call_back"": ""callback by Soon - After sharing rates on WhatsApp"", ""next_steps"": {""buyer_next_steps"": [""To check the rates sent on WhatsApp""], ""seller_next_steps"": [""To share Loofah rates on the buyer's number""]}, ""buyer_details"": {""buyer_name"": ""974f907322c789c651b4fe193cf3179308c212d020f2118b5df48f9d7baef5e0"", ""buyer_mobile_number"": ""8532f8e2d44db2992a5afea3809f6ed4e74a0f1c5055d8b453ddd28a11332fa4""}, ""seller_details"": {""seller_name"": ""f3cce486ea320015c8e0ffae7cfda6bc2c449a8980b1fb4c632703a70a998246""}, ""minimum_order_quantity"": {}}"
3451909,3468741,3940860,7831,1970-01-01 00:00:00.000,"{""callback"": ""callback by Tomorrow - To confirm the requirement"", ""lead_tag"": {""deal_blockers"": [], ""deal_readiness"": ""Warm"", ""deal_readiness_reason"": ""Buyer provided specific technical specs (4-6 mm diameter) but was asked to move the conversation to WhatsApp.""}, ""metadata"": {""call_type"": {""type"": ""B2B"", ""reason"": ""The buyer is inquiring about industrial grade stainless steel pipes (410 grade) with specific dimensions, which are typically used in B2B manufacturing or engineering sectors."", ""evidence"": {""keywords"": [""410 grade"", ""4-6mm dia""], ""order_type"": [""commercial""], ""quantity_scale"": ""High""}}, ""buyer_intent"": {""narrative"": ""Seeking 410 grade stainless steel pipes with 4-6mm diameter."", ""reasoning"": ""The buyer specified the exact material grade (410) and the required diameter range (4-6mm), indicating a technical project need."", ""intent_level"": ""High""}, ""call_outcome"": {""category"": ""Follow-up"", ""conclusion_notes"": ""Seller requested the buyer to send details on WhatsApp (WhatsApp kar dijiye).""}, ""call_purpose"": ""requirement"", ""all_languages"": [""Hindi"", ""English""], ""primary_language"": ""Hindi"", ""additional_details"": {""buyer_queries"": [{""query"": ""I need 410 grade pipes, do you have them?"", ""category"": ""Specifications"", ""sequence"": 1}], ""seller_queries"": [{""query"": ""Can you WhatsApp me your requirement?"", ""category"": ""Other"", ""sequence"": 2}]}, ""intended_application"": ""Industrial Fabrication""}, ""products"": [{""product_name"": ""410 Stainless Steel Pipe"", ""specifications"": [{""name"": ""Grade"", ""value"": ""410"", ""buyer_requested"": true, ""seller_mentioned"": false}, {""name"": ""Diameter"", ""unit"": ""mm"", ""value"": ""4"", ""buyer_requested"": true, ""seller_mentioned"": false}], ""related_categories"": [{""name"": ""Stainless Steel Round Pipe"", ""reason"": ""Stainless steel pipes with small diameters are commonly round.""}], ""is_buyer_interested"": true, ""most_specific_category"": {""name"": ""410 Stainless Steel Pipe"", ""reason"": ""Buyer explicitly asked for 410 grade pipe.""}}], ""next_steps"": {""buyer_next_steps"": [""To send detailed requirements on WhatsApp""], ""seller_next_steps"": [""To check availability and provide pricing once details are received""]}, ""buyer_details"": {""buyer_name"": ""6a8f966e0396cab756649f61dded7c46941245e1948120e6bce5ca2a958d7c5c""}, ""seller_details"": {""seller_name"": ""5a51ad81fabd27a1ce90ce539c3f5a8bcaa5c14055c7e6ca1916cc4379d45146""}}"
3449407,3466239,4710125,155551,1970-01-01 00:00:00.000,"{""lead_tag"": {""deal_blockers"": [{""detail"": ""Product is currently out of stock"", ""category"": ""Availability""}], ""deal_readiness"": ""Warm"", ""deal_readiness_reason"": ""Interested in 500 pieces once stock is available in 4-5 days""}, ""metadata"": {""call_type"": {""type"": ""B2B"", ""reason"": ""The buyer is inquiring about 500 pieces of industrial jeans gloves, which is a bulk commercial quantity typical for resale or industrial use."", ""evidence"": {""keywords"": [""Jeans fabric"", ""Manufacturing"", ""Bulk stock""], ""order_type"": [""bulk"", ""commercial""], ""repeat_buyer"": false, ""buyer_persona"": {""persona_category"": ""retailer""}, ""quantity_scale"": ""High""}}, ""buyer_intent"": {""narrative"": ""Wants to purchase 500 pieces of jeans hand gloves for business use."", ""reasoning"": ""The buyer specifies a clear quantity (500 pieces) and material (jeans), indicating a specific business requirement."", ""intent_level"": ""High""}, ""call_outcome"": {""category"": ""Follow-up"", ""conclusion_notes"": ""Buyer will have staff call back once stock is ready in 4-5 days (Staff call kar lega).""}, ""call_purpose"": ""requirement"", ""all_languages"": [""Hindi"", ""English""], ""primary_language"": ""Hindi"", ""additional_details"": {""buyer_queries"": [{""query"": ""Do you have jeans hand gloves?"", ""category"": ""Availability"", ""sequence"": 1, ""answer_by_seller"": ""I don't have stock right now as we manufacture them. It will take 4-5 days.""}, {""query"": ""What is the price?"", ""category"": ""Pricing"", ""sequence"": 4, ""answer_by_seller"": ""The rate is 9 rupees.""}, {""query"": ""What is your name?"", ""category"": ""Other"", ""sequence"": 6, ""answer_by_seller"": ""Rajender""}, {""query"": ""What is your company name?"", ""category"": ""Other"", ""sequence"": 7, ""answer_by_seller"": ""Jitender Enterprises""}, {""query"": ""Is your business in Secunderabad?"", ""category"": ""Location"", ""sequence"": 8, ""answer_by_seller"": ""It's in Kattedan.""}], ""seller_queries"": [{""query"": ""How many pieces do you need?"", ""category"": ""Quantity"", ""sequence"": 2, ""answer_by_buyer"": ""I need 500 pieces.""}, {""query"": ""Where are you calling from?"", ""category"": ""Location"", ""sequence"": 3, ""answer_by_buyer"": ""I'm calling from Vijayawada, Andhra.""}, {""query"": ""What is your staff's number?"", ""category"": ""Other"", ""sequence"": 5}]}, ""intended_application"": ""Industrial Safety""}, ""products"": [{""price"": {""value"": 9, ""price_unit"": ""piece""}, ""in_stock"": ""out of stock"", ""product_name"": ""Jeans Hand Gloves"", ""specifications"": [{""name"": ""Material"", ""value"": ""Jeans"", ""buyer_requested"": true, ""seller_mentioned"": true}], ""quantity_required"": {""unit"": ""pieces"", ""value"": 500}, ""related_categories"": [{""name"": ""Industrial Gloves"", ""reason"": ""Jeans gloves are primarily used for industrial protection.""}, {""name"": ""Work Gloves"", ""reason"": ""Commonly used for manual labor and work safety.""}], ""is_buyer_interested"": true, ""most_specific_category"": {""name"": ""Jeans Fabric Gloves"", ""reason"": ""The buyer explicitly asked for 'Jeans wala' (Jeans one) gloves.""}, ""seller_accepts_quantity"": true}], ""next_steps"": {""buyer_next_steps"": [""To have staff call the seller for order placement""], ""seller_next_steps"": [""To prepare stock of jeans gloves in 4-5 days""]}, ""buyer_details"": {""buyer_location"": {""buyer_city"": ""Vijayawada"", ""buyer_state"": ""Andhra""}}, ""seller_details"": {""seller_name"": ""d4145ea4fcc7423ee968b19b65646f1fc00ba0012061462f3fb40f655370e09a"", ""seller_location"": {""seller_locality"": ""Kattedan""}}}"
3435081,3451912,2734292,29670,1970-01-01 00:00:00.000,"{""callback"": ""callback by [Not stated] - To discuss further"", ""lead_tag"": {""deal_blockers"": [], ""deal_readiness"": ""Warm"", ""deal_readiness_reason"": ""Interested and has provided contact details for catalog and quotation.""}, ""metadata"": {""call_type"": {""type"": ""B2B"", ""reason"": ""The buyer needs hydraulic oil for an injection molding machine, suggesting a manufacturing environment. The quantities discussed (barrels and buckets) indicate a B2B requirement."", ""evidence"": {""order_type"": [""bulk"", ""commercial""], ""repeat_buyer"": true, ""buyer_persona"": {""persona_detail"": ""Injection molding machine owner"", ""persona_category"": ""manufacturer""}, ""quantity_scale"": ""High""}}, ""buyer_intent"": {""narrative"": ""Prem wants to purchase hydraulic oil for his injection molding machine and has shared his number for further discussion."", ""reasoning"": ""The buyer has clear requirement and has provided contact details for sharing catalogs."", ""intent_level"": ""High""}, ""call_outcome"": {""category"": ""Follow-up"", ""conclusion_notes"": ""The seller will share the catalog on WhatsApp (Catalog bhej dete hain).""}, ""call_purpose"": ""requirement"", ""all_languages"": [""Hindi"", ""English""], ""primary_language"": ""Hindi"", ""additional_details"": {""buyer_queries"": [{""query"": ""What is the price of hydraulic oil?"", ""category"": ""Pricing"", ""sequence"": 1}, {""query"": ""What is the capacity of a barrel?"", ""category"": ""Specifications"", ""sequence"": 3}], ""seller_queries"": [{""query"": ""Do you need it in barrel or bucket?"", ""category"": ""Quantity"", ""sequence"": 2, ""answer_by_buyer"": ""Bail bucket.""}]}}, ""products"": [{""price"": {""gst"": {""is_gst_included"": false}, ""value"": 150, ""currency"": ""INR""}, ""in_stock"": ""in stock"", ""product_name"": ""Hydraulic Oil"", ""specifications"": [{""name"": ""Grade"", ""value"": ""68"", ""buyer_requested"": false, ""seller_mentioned"": true}], ""related_categories"": [{""name"": ""Industrial Oils"", ""reason"": ""Hydraulic oil is a type of industrial oil.""}], ""is_buyer_interested"": true, ""most_specific_category"": {""name"": ""Hydraulic Oils"", ""reason"": ""The conversation is about hydraulic oils for injection molding machines.""}}], ""next_steps"": {""buyer_next_steps"": [""To share business card""], ""seller_next_steps"": [""To share catalog and quotation on WhatsApp""]}, ""buyer_details"": {""buyer_mobile_number"": ""85988641064359fe0a1c6d982f992d6b0a5d79cf74f38043e8d0c57df116ce59""}, ""seller_details"": {}}"
3440315,3457144,13665628,42666,1970-01-01 00:00:00.000,"{""payment"": {""payment_details"": ""7.5 rupees plus GST""}, ""callback"": ""callback by Tomorrow - To share product photos (Kal photo bhej dunga)"", ""lead_tag"": {""deal_blockers"": [{""detail"": ""Seller does not provide custom box packaging with buyer label"", ""category"": ""Other""}], ""deal_readiness"": ""Warm"", ""deal_readiness_reason"": ""Buyer has a specific export requirement and confirmed interest, awaiting photos to proceed.""}, ""metadata"": {""call_type"": {""type"": ""B2B"", ""reason"": ""The buyer is looking for a large quantity (1000 pcs) for export, which is a typical B2B transaction."", ""evidence"": {""keywords"": [""Export"", ""Manufacturing Unit"", ""Bulk Purchase""], ""order_type"": [""bulk"", ""commercial""], ""repeat_buyer"": false, ""buyer_persona"": {""persona_detail"": ""Exporter"", ""persona_category"": ""wholesaler""}, ""quantity_scale"": ""High""}}, ""buyer_intent"": {""narrative"": ""Buyer wants to purchase 1000 units of disposable loofah scrubbers for export purposes."", ""reasoning"": ""The buyer provided a specific quantity, confirmed his location, and stated a clear intended application for export."", ""intent_level"": ""High""}, ""call_outcome"": {""category"": ""Follow-up"", ""conclusion_notes"": ""Seller will share product photos on WhatsApp for the buyer to review (Photo bhej deta hoon).""}, ""call_purpose"": ""requirement"", ""all_languages"": [""Hindi"", ""English""], ""primary_language"": ""Hindi"", ""additional_details"": {""buyer_queries"": [{""query"": ""What is your minimum order quantity?"", ""category"": ""Quantity"", ""sequence"": 1, ""answer_by_seller"": ""The minimum order quantity is 1000 pieces.""}, {""query"": ""What varieties of loofah do you have?"", ""category"": ""Availability"", ""sequence"": 2, ""answer_by_seller"": ""We have both disposable loofahs and whole loofahs available.""}, {""query"": ""Are you a manufacturer or a trader?"", ""category"": ""Other"", ""sequence"": 3, ""answer_by_seller"": ""We are manufacturers.""}, {""query"": ""Where is your manufacturing unit located?"", ""category"": ""Location"", ""sequence"": 4, ""answer_by_seller"": ""Our manufacturing unit is in Phursungi, Pune.""}, {""query"": ""Can you provide box packaging with my label?"", ""category"": ""Specifications"", ""sequence"": 5, ""answer_by_seller"": ""We provide individual polybag packing, but we do not do custom box packaging with labels.""}], ""seller_queries"": [{""query"": ""Do you need disposable loofah or whole loofah?"", ""category"": ""Specifications"", ""sequence"": 6, ""answer_by_buyer"": ""I need disposable ones.""}]}, ""intended_application"": ""Export Resale""}, ""products"": [{""price"": {""gst"": {""is_gst_included"": false}, ""value"": 7.5, ""currency"": ""INR"", ""price_unit"": ""piece"", ""buyer_price_reaction"": {""quote"": ""Ok"", ""category"": ""Accepted""}}, ""in_stock"": ""in stock"", ""product_name"": ""Disposable Loofah Scrubber"", ""specifications"": [{""name"": ""Type"", ""value"": ""Disposable (Use and Throw)"", ""buyer_requested"": false, ""seller_mentioned"": true}, {""name"": ""Packaging"", ""value"": ""Individual Polybag"", ""buyer_requested"": true, ""seller_mentioned"": true}], ""quantity_required"": {""unit"": ""pieces"", ""value"": 1000}, ""related_categories"": [{""name"": ""Bath Scrubbers"", ""reason"": ""Loofahs are a sub-type of bath scrubbers used for exfoliation.""}, {""name"": ""Body Scrubber"", ""reason"": ""The product is intended for body scrubbing during bathing.""}], ""is_buyer_interested"": true, ""minimum_order_quantity"": {""unit"": ""pieces"", ""value"": 1000}, ""most_specific_category"": {""name"": ""Loofah Sponge"", ""reason"": ""The conversation specifically centers around loofah scrubbers used for bathing.""}, ""seller_accepts_quantity"": true}, {""in_stock"": ""in stock"", ""product_name"": ""Whole Loofah"", ""specifications"": [{""name"": ""Type"", ""value"": ""Whole (Sabut)"", ""buyer_requested"": false, ""seller_mentioned"": true}], ""related_categories"": [{""name"": ""Loofah Sponge"", ""reason"": ""It is a natural variety of the loofah sponge.""}], ""is_buyer_interested"": false, ""most_specific_category"": {""name"": ""Natural Loofah"", ""reason"": ""Referred to as 'Whole' loofah which indicates the full natural sponge.""}}], ""next_steps"": {""buyer_next_steps"": [""To check product photos shared by the seller""], ""seller_next_steps"": [""To share product photos of disposable loofah on WhatsApp""]}, ""buyer_details"": {""buyer_name"": ""837f8527e1a520cf88f414980e8e0dddb02e3672d8fca2aa3f79eca8fc20a764"", ""buyer_location"": {""buyer_city"": ""Pune"", ""buyer_locality"": ""Sinhgad Road""}}, ""seller_details"": {""seller_location"": {""seller_city"": ""Pune"", ""seller_locality"": ""Phursungi""}}}"
