fel.id,fel.file_id,user_glid,src_mcat_id,extracted_at,llm_extracted_json_masked
1036,1029,15332235,20720,1970-01-01 00:00:00.000,"{""metadata"": {""call_type"": {""type"": ""B2B"", ""reason"": ""The buyer is asking for specific types of barbed wire in bulk quantities (800 kg to 1 ton) and mentions needing it for 'Limdi', implying business use or for resale. The seller also mentions that their products are used by companies like 'Reliance' and 'AMNS', reinforcing the B2B nature."", ""evidence"": {""keywords"": [""factory use""], ""order_type"": ""bulk"", ""repeat_buyer"": false, ""buyer_persona"": ""Shop keeper"", ""quantity_scale"": ""High""}}, ""call_purpose"": ""requirement"", ""all_languages"": [""Gujarati""], ""primary_language"": ""Gujarati""}, ""products"": [{""price"": {""gst"": {""value"": 18, ""is_gst_included"": false}, ""value"": 78, ""currency"": ""INR"", ""price_unit"": ""kg""}, ""product_name"": ""Barbed Wire (Tar Wire)"", ""specifications"": [{""name"": ""Coating"", ""unit"": ""GSM"", ""value"": ""120"", ""buyer_requested"": true, ""seller_mentioned"": true}], ""quantity_required"": {""unit"": ""kg"", ""value"": 800}, ""related_categories"": [{""name"": ""Fencing Wire"", ""reason"": ""Barbed wire is a common type of fencing wire, so it fits into this broader category.""}, {""name"": ""GI Barbed Wire"", ""reason"": ""The specification '120 GSM' refers to the galvanization coating, indicating it is a Galvanized Iron (GI) barbed wire.""}], ""is_buyer_interested"": true, ""most_specific_category"": {""name"": ""Barbed Wire"", ""reason"": ""The product is explicitly referred to as 'barbed wire' ('tar wire' in Gujarati), and the buyer asks for a specific type (120 GSM).""}}, {""product_name"": ""Barbed Wire (Tar Wire)"", ""specifications"": [{""name"": ""Coating"", ""unit"": ""GSM"", ""value"": ""275"", ""buyer_requested"": true, ""seller_mentioned"": true}], ""quantity_required"": {""unit"": ""kg"", ""value"": 800}, ""related_categories"": [{""name"": ""Fencing Wire"", ""reason"": ""Barbed wire is a common type of fencing wire, so it fits into this broader category.""}, {""name"": ""GI Barbed Wire"", ""reason"": ""The specification '275 GSM' refers to the galvanization coating, indicating it is a Galvanized Iron (GI) barbed wire.""}], ""is_buyer_interested"": true, ""most_specific_category"": {""name"": ""Barbed Wire"", ""reason"": ""The product is explicitly referred to as 'barbed wire' ('tar wire' in Gujarati), and the buyer asks for a specific type (275 GSM).""}}, {""product_name"": ""Barbed Wire (Tar Wire)"", ""specifications"": [{""name"": ""Type"", ""value"": ""Regular"", ""buyer_requested"": true, ""seller_mentioned"": true}], ""quantity_required"": {""unit"": ""kg"", ""value"": 800}, ""related_categories"": [{""name"": ""Fencing Wire"", ""reason"": ""Barbed wire is a common type of fencing wire, so it fits into this broader category.""}], ""is_buyer_interested"": true, ""most_specific_category"": {""name"": ""Barbed Wire"", ""reason"": ""The product is explicitly referred to as 'barbed wire' ('tar wire' in Gujarati), and the buyer asks for the regular type.""}}], ""next_steps"": {""buyer_next_steps"": [], ""seller_next_steps"": [""To share product photos on WhatsApp""]}, ""buyer_details"": {""buyer_name"": ""dddf08e36b9371fdfe8685067aab8d56a3d532140621d87c46f087dd5506fe43"", ""buyer_location"": {""buyer_city"": ""Limdi""}}, ""seller_details"": {""seller_name"": ""0e8f74058870c68b63f392c6c6e0c0121a8038d7af4c41f7573ff577b8102bf3"", ""seller_location"": {""seller_city"": ""Ahmedabad"", ""seller_locality"": ""Chhatral Plant""}, ""seller_mobile_number"": ""89fa344a8d47a58d6e8f3b20f8f9f2e1e324190bc146123ea6e552ff3febc8b7""}}"
2277747,2294543,30815709,38154,1970-01-01 00:00:00.000,"{""lead_tag"": {""deal_blockers"": [], ""deal_readiness"": ""Warm"", ""deal_readiness_reason"": ""Specific quantity and pricing were discussed for a specific location.""}, ""metadata"": {""call_type"": {""type"": ""B2B"", ""reason"": ""The buyer is inquiring about raw material cost per kg in box quantities, typical of a B2B retail or manufacturing context."", ""evidence"": {""order_type"": {""order_type_category"": ""commercial""}, ""buyer_persona"": {""persona_detail"": ""Buying in boxes suggesting resale intent"", ""persona_category"": ""retailer""}, ""quantity_scale"": ""High""}}, ""buyer_intent"": {""narrative"": ""Wants to buy 2 boxes of steel scrubber material in Sriperumbudur."", ""reasoning"": ""The buyer knows exactly what material they want, the quantity (2 boxes), and provided their location for delivery feasibility."", ""intent_level"": ""High""}, ""call_outcome"": {""category"": ""Pending"", ""conclusion_notes"": ""Pricing provided, buyer said OK (OK OK) but no formal commitment to pay yet.""}, ""call_purpose"": ""requirement"", ""all_languages"": [""Tamil"", ""English""], ""primary_language"": ""Tamil"", ""additional_details"": {""buyer_queries"": [{""query"": ""What is the price per kg for steel scrubber material?"", ""category"": ""Pricing"", ""sequence"": 1}], ""seller_queries"": [{""query"": ""How much quantity do you need?"", ""category"": ""Quantity"", ""sequence"": 2}, {""query"": ""Where is your location?"", ""category"": ""Delivery"", ""sequence"": 3}]}}, ""products"": [{""price"": {""value"": 720, ""currency"": ""INR"", ""price_unit"": ""kg""}, ""product_name"": ""Steel Scrubber Material"", ""specifications"": [{""name"": ""Material"", ""value"": ""Steel"", ""buyer_requested"": true, ""seller_mentioned"": true}], ""quantity_required"": {""unit"": ""box"", ""value"": 2}, ""related_categories"": [{""name"": ""Stainless Steel Scrubber"", ""reason"": ""Steel scrubbers are commonly made of stainless steel for kitchen cleaning applications.""}, {""name"": ""Kitchen Scourer"", ""reason"": ""Steel scrubbers are a type of scourer used primarily for kitchen cleaning.""}], ""is_buyer_interested"": true, ""most_specific_category"": {""name"": ""Steel Wool Scrubber"", ""reason"": ""The buyer specifically requested 'Steel Scrubber' material prices.""}, ""seller_accepts_quantity"": true}], ""next_steps"": {""buyer_next_steps"": [""To evaluate the quoted price of 720 per kg""], ""seller_next_steps"": []}, ""buyer_details"": {""buyer_location"": {""buyer_city"": ""Sriperumbudur""}}, ""seller_details"": {}}"
1188833,1203150,18989867,138541,1970-01-01 00:00:00.000,"{""payment"": {}, ""lead_tag"": {""deal_blockers"": [], ""deal_readiness"": ""Warm"", ""deal_readiness_reason"": ""Expressed a specific product requirement but the call was recorded as a message due to seller unavailability.""}, ""metadata"": {""call_type"": {""type"": ""B2B"", ""reason"": ""The requirement for a processing machine like a garlic peeler typically indicates a business or commercial food processing intent (B2B)."", ""evidence"": {""order_type"": ""Commercial"", ""buyer_persona"": ""Industrial Food Processor"", ""quantity_scale"": ""Low""}}, ""buyer_intent"": {""narrative"": ""Wants to purchase a garlic peeling machine."", ""reasoning"": ""The buyer left a specific voicemail message identifying the exact product needed after the seller didn't answer."", ""intent_level"": ""Medium""}, ""call_purpose"": ""requirement"", ""all_languages"": [""Hindi"", ""English""], ""buyer_conclusion"": {""category"": ""Follow-up"", ""conclusion_notes"": ""Left a voicemail inquiry for a garlic peeling machine (Garlic chhilne wala machine chahiye).""}, ""primary_language"": ""Hindi"", ""additional_details"": {""buyer_queries"": [{""query"": ""I need a garlic peeling machine."", ""category"": ""Requirement"", ""sequence"": 1}], ""seller_queries"": []}, ""intended_application"": ""Garlic Peeling""}, ""products"": [{""product_name"": ""Garlic Peeling Machine (Garlic chhilne wala machine)"", ""specifications"": [], ""related_categories"": [{""name"": ""Peeling Machine"", ""reason"": ""It is a specialized type of peeling equipment for food processing.""}, {""name"": ""Vegetable Peeling Machine"", ""reason"": ""Garlic is a vegetable, and this machine belongs to the vegetable peeling category.""}], ""is_buyer_interested"": true, ""most_specific_category"": {""name"": ""Garlic Peeling Machine"", ""reason"": ""The buyer explicitly mentions needing a 'Garlic chhilne wala machine' (Garlic peeling machine).""}}], ""call_back"": ""callback by In 1 hour - As recorded on voicemail (At the tone, please record your message)"", ""next_steps"": {""buyer_next_steps"": [""To wait for a return call from the seller regarding the machine specifications and price.""], ""seller_next_steps"": [""To call the buyer back to discuss the garlic peeling machine requirement.""]}, ""buyer_details"": {""buyer_name"": ""eecae277a86766d3302e2e9620f706f90836246f3573e728b36c1cfa9d25727b"", ""buyer_location"": {""buyer_city"": ""Silvassa""}}, ""seller_details"": {""seller_name"": ""b097bade29ef6c984ea1c6f28ec5ece165c3765a459f16085d618a97f9a60286"", ""seller_location"": {""seller_city"": ""Ahmedabad""}}, ""minimum_order_quantity"": {}}"
1208238,1222578,18989867,138541,1970-01-01 00:00:00.000,"{""payment"": {}, ""lead_tag"": {""deal_blockers"": [], ""deal_readiness"": ""Hot"", ""deal_readiness_reason"": ""Wants to finalize the setup this month for export business and asked for a senior's contact for immediate details.""}, ""metadata"": {""call_type"": {""type"": ""B2B"", ""reason"": ""The buyer is setting up an industry for garlic export and requires industrial-grade machinery costing lakhs, indicating a B2B transaction."", ""evidence"": {""keywords"": [""Export Business"", ""Industrial Setup"", ""Full Setup""], ""order_type"": ""Commercial"", ""repeat_buyer"": false, ""buyer_persona"": ""Manufacturer"", ""quantity_scale"": ""High""}}, ""buyer_intent"": {""narrative"": ""Wants to set up an industrial garlic peeling unit for export business with 200kg/hr capacity."", ""reasoning"": ""Buyer has a defined export business use-case, specific capacity requirement, and timeline to finalize within the month."", ""intent_level"": ""High""}, ""call_purpose"": ""requirement"", ""all_languages"": [""Hindi"", ""English""], ""buyer_conclusion"": {""category"": ""Pending"", ""conclusion_notes"": ""Awaiting videos and senior's call to finalize (Ek baar senior se baat karwa dijiye)""}, ""primary_language"": ""Hindi"", ""additional_details"": {""buyer_queries"": [{""query"": ""What is the capacity per hour?"", ""category"": ""Specs"", ""sequence"": 1}, {""query"": ""What is the cost for the full setup?"", ""category"": ""Price"", ""sequence"": 2}, {""query"": ""Which model has lower maintenance?"", ""category"": ""Specs"", ""sequence"": 3}], ""seller_queries"": [{""query"": ""How much capacity do you need per hour?"", ""category"": ""Requirement"", ""sequence"": 4}]}, ""intended_application"": ""Industrial Production""}, ""products"": [{""price"": {""value"": 400000, ""currency"": ""INR""}, ""in_stock"": ""in stock"", ""product_name"": ""Chain Model Garlic Peeler"", ""specifications"": [{""name"": ""Model"", ""value"": ""Chain Type"", ""buyer_requested"": false, ""seller_mentioned"": true}, {""name"": ""Capacity"", ""unit"": ""kg/hr"", ""value"": ""200"", ""buyer_requested"": true, ""seller_mentioned"": true}], ""related_categories"": [{""name"": ""Vegetable Peeling Machine"", ""reason"": ""Garlic peelers are a subset of vegetable peeling machinery.""}], ""is_buyer_interested"": true, ""most_specific_category"": {""name"": ""Garlic Peeling Machine"", ""reason"": ""The buyer specifically requested a garlic peeler machine and discussed peeling capacities and machine models (chain/simple).""}, ""quantity_accepted_by_seller"": true}, {""price"": {""value"": 400000, ""currency"": ""INR""}, ""in_stock"": ""in stock"", ""product_name"": ""Simple Model Garlic Peeler"", ""specifications"": [{""name"": ""Model"", ""value"": ""Simple"", ""buyer_requested"": false, ""seller_mentioned"": true}, {""name"": ""Capacity"", ""unit"": ""kg/hr"", ""value"": ""200"", ""buyer_requested"": true, ""seller_mentioned"": true}], ""related_categories"": [{""name"": ""Vegetable Peeling Machine"", ""reason"": ""Machine used for peeling vegetables like garlic.""}], ""is_buyer_interested"": true, ""most_specific_category"": {""name"": ""Garlic Peeling Machine"", ""reason"": ""Mentioned as an alternative model for garlic peeling.""}, ""quantity_accepted_by_seller"": true}], ""call_back"": ""callback by Today - To speak with senior (Seniors se baat karwati hoon)"", ""next_steps"": {""buyer_next_steps"": [""To check the videos and quotation shared by the seller"", ""To decide between chain and simple model""], ""seller_next_steps"": [""To share machine videos and quotation over WhatsApp"", ""To arrange a call with a senior expert for detailed briefing""]}, ""buyer_details"": {""buyer_name"": ""12c73027b8d4b9aa09a5e991443c7a3eb5af4f52a2d0aeaf1688bc31277d9cb5"", ""buyer_location"": {""buyer_city"": ""Vadodara"", ""buyer_state"": ""Gujarat""}}, ""seller_details"": {""seller_name"": ""b097bade29ef6c984ea1c6f28ec5ece165c3765a459f16085d618a97f9a60286"", ""seller_location"": {""seller_city"": ""Ahmedabad""}}, ""minimum_order_quantity"": {""unit"": ""piece"", ""value"": 1}}"
46496,46498,3542998,17008,1970-01-01 00:00:00.000,"{""metadata"": {""call_type"": {""type"": ""B2C"", ""reason"": ""The buyer is inquiring about a product, indicating a potential one-time purchase. There is no information to suggest a recurring order or business use case."", ""evidence"": {""order_type"": ""one-time""}}, ""call_purpose"": ""requirement"", ""all_languages"": [""hindi""], ""primary_language"": ""hindi""}, ""products"": [{""product_name"": ""Lead Screw"", ""specifications"": [], ""related_categories"": [], ""is_buyer_interested"": true, ""most_specific_category"": {""name"": ""Lead Screw"", ""reason"": ""The buyer specifically asked for 'Lead Screw'.""}}], ""next_steps"": {}, ""buyer_details"": {""buyer_name"": ""4026c7be537163676cc62f3dc9dd4564d2f52c167d62c3259a5dfa8af668d6c6"", ""buyer_location"": {""buyer_city"": ""Secunderabad""}, ""buyer_mobile_number"": ""9f436b716cf6c08e4372d82d1c2c6097877cb96518ab899f5bbc7a52c35d7198""}, ""seller_details"": {""seller_name"": ""70327789a444281bf1cb883868ec949170a1ada7f02bb266d24fb74e7aa5f88b"", ""seller_location"": {""seller_city"": ""Pune""}}}"
3128719,3145543,18989867,138541,1970-01-01 00:00:00.000,"{""callback"": ""callback by Tomorrow 11 AM - To discuss machine details (Kal 11 baje call kariye)"", ""lead_tag"": {""deal_blockers"": [], ""deal_readiness"": ""Warm"", ""deal_readiness_reason"": ""Showed clear interest in the Garlic Peeling Machine and agreed to a specific callback tomorrow at 11 AM.""}, ""metadata"": {""call_type"": {""type"": ""B2B"", ""reason"": ""The inquiry is for a food processing machine typically used in commercial or industrial settings."", ""evidence"": {""keywords"": [""Garlic Peeling Machine""], ""order_type"": [""commercial""]}}, ""buyer_intent"": {""narrative"": ""Looking for a Garlic Peeling Machine and will discuss technical details tomorrow."", ""reasoning"": ""The caller inquired specifically about the machine and agreed to a fixed time for a detailed discussion."", ""intent_level"": ""Medium""}, ""call_outcome"": {""category"": ""Follow-up"", ""conclusion_notes"": ""Agreed to talk tomorrow at 11 AM for details (Kal gyarah baje call kariye fir batate hain).""}, ""call_purpose"": ""requirement"", ""all_languages"": [""Hindi"", ""English""], ""primary_language"": ""Hindi"", ""additional_details"": {""buyer_queries"": [{""query"": ""Is the Garlic Peeling Machine available?"", ""category"": ""Availability"", ""sequence"": 1}], ""seller_queries"": [{""query"": ""Where are you calling from?"", ""category"": ""Delivery"", ""sequence"": 2}]}}, ""products"": [{""in_stock"": ""in stock"", ""product_name"": ""Garlic Peeling Machine"", ""related_categories"": [{""name"": ""Vegetable Peeling Machine"", ""reason"": ""Garlic peeling is a sub-category of vegetable peeling.""}, {""name"": ""Peeling Machine"", ""reason"": ""It is a specialized type of peeling equipment.""}], ""is_buyer_interested"": true, ""most_specific_category"": {""name"": ""Garlic Peeling Machine"", ""reason"": ""The buyer specifically inquired about a machine for peeling garlic.""}}], ""next_steps"": {""buyer_next_steps"": [""To call back tomorrow at 11 AM to discuss specifications.""], ""seller_next_steps"": [""To provide machine details during the scheduled call tomorrow.""]}, ""buyer_details"": {}, ""seller_details"": {}}"
1506234,1523007,2816034,14616,1970-01-01 00:00:00.000,"{""lead_tag"": {""deal_blockers"": [{""detail"": ""The specific contact person (Murtuza) was not available to take the call."", ""category"": ""Availability""}], ""deal_readiness"": ""Cold"", ""deal_readiness_reason"": ""The intended recipient was unavailable, and no business discussion occurred during the call.""}, ""metadata"": {""call_type"": {""type"": ""B2C"", ""reason"": ""The call was too brief to classify as B2B or B2C as no business requirement or product was discussed before the call ended."", ""evidence"": {""repeat_buyer"": false}}, ""buyer_intent"": {""narrative"": ""Buyer called to speak with Murtuza but he was not around to discuss any requirements."", ""reasoning"": ""The buyer did not state any specific product requirement or urgency, only asked for the seller by name."", ""intent_level"": ""Low""}, ""call_outcome"": {""category"": ""Follow-up"", ""conclusion_notes"": ""The contact person was unavailable (Murtuza ko phone dena).""}, ""call_purpose"": ""followup"", ""all_languages"": [""Hindi""], ""primary_language"": ""Hindi"", ""additional_details"": {""buyer_queries"": [], ""seller_queries"": []}}, ""products"": [], ""next_steps"": {""buyer_next_steps"": [""To call back when the intended contact person is available""], ""seller_next_steps"": []}, ""buyer_details"": {""buyer_name"": ""187897ce0afcf20b50ba2b37dca84a951b7046f29ed5ab94f010619f69d6e189""}, ""seller_details"": {""seller_name"": ""f3a7bb54afbfff326af325a502eb7fe65da46833cc471a34d99dfe10199cb233""}}"
393686,397920,3542998,17008,1970-01-01 00:00:00.000,"{""payment"": {}, ""metadata"": {""call_type"": {""type"": ""B2B"", ""reason"": ""The buyer specifically mentions needing 'high accuracy for CNC type' applications, indicating a professional or industrial requirement for machinery components rather than a personal or B2C purchase."", ""evidence"": {""keywords"": [""CNC type"", ""high accuracy""], ""repeat_buyer"": false, ""buyer_persona"": ""manufacturer""}}, ""call_purpose"": ""requirement"", ""all_languages"": [""Hindi""], ""primary_language"": ""Hindi""}, ""products"": [{""in_stock"": ""in stock"", ""product_name"": ""Lead Screw"", ""specifications"": [{""name"": ""Accuracy"", ""value"": ""High"", ""buyer_requested"": true, ""seller_mentioned"": true}, {""name"": ""Application Type"", ""value"": ""CNC"", ""buyer_requested"": true, ""seller_mentioned"": false}], ""related_categories"": [{""name"": ""Precision Screws"", ""reason"": ""The buyer explicitly mentioned needing 'high accuracy' for 'CNC type' applications, which are characteristics associated with precision screws.""}], ""is_buyer_interested"": true, ""most_specific_category"": {""name"": ""Lead Screw"", ""reason"": ""The seller explicitly states 'Lead screw banta hai hamare yahan' (Lead screw is made here), confirming it as their product.""}}], ""next_steps"": {}, ""buyer_details"": {}, ""seller_details"": {}}"
3134753,3151579,8510839,78132,1970-01-01 00:00:00.000,"{""payment"": {}, ""lead_tag"": {""deal_blockers"": [], ""deal_readiness"": ""Warm"", ""deal_readiness_reason"": ""Buyer has a specific model requirement and seller is providing contact details to share photos for a quote.""}, ""metadata"": {""call_type"": {""type"": ""B2B"", ""reason"": ""The buyer is calling from a metal industry firm for industrial machinery parts, indicating a B2B requirement for operational maintenance."", ""evidence"": {""keywords"": [""Metal Industry"", ""Voltas"", ""Forklift Parts""], ""order_type"": [""commercial""], ""buyer_persona"": {""persona_detail"": ""Metal industry"", ""persona_category"": ""manufacturer""}, ""quantity_scale"": ""Low""}}, ""buyer_intent"": {""narrative"": ""Seeking a specific forklift gear lever for a Voltas XV 30 model in Chittoor."", ""reasoning"": ""Buyer specifies the exact machine model and brand, indicating a precise technical requirement."", ""intent_level"": ""High""}, ""call_outcome"": {""category"": ""Follow-up"", ""conclusion_notes"": ""Sellers will share company details on WhatsApp for the buyer to send photos and then provide a quote (Main company details bhej deta hoon WhatsApp pe to aap photo bhej dijiye model ke saath).""}, ""call_purpose"": ""requirement"", ""all_languages"": [""Hindi"", ""English""], ""primary_language"": ""English"", ""additional_details"": {""buyer_queries"": [{""query"": ""I need a forklift gear lever for the Voltas XV 30 model."", ""category"": ""Availability"", ""sequence"": 1}], ""seller_queries"": []}, ""intended_application"": ""Industrial Machinery Maintenance""}, ""products"": [{""price"": {}, ""in_stock"": ""in stock"", ""product_name"": ""Forklift Gear Lever"", ""specifications"": [{""name"": ""Compatible Machine Brand"", ""value"": ""Voltas"", ""buyer_requested"": true, ""seller_mentioned"": false}, {""name"": ""Machine Model"", ""value"": ""XV 30"", ""buyer_requested"": true, ""seller_mentioned"": false}], ""related_categories"": [{""name"": ""Forklift Parts"", ""reason"": ""The gear lever is a component part of a forklift system.""}], ""is_buyer_interested"": true, ""most_specific_category"": {""name"": ""Forklift Gears"", ""reason"": ""The product requested is a gear lever specifically for a forklift.""}}], ""next_steps"": {""buyer_next_steps"": [""To send picture and model details on WhatsApp once contact is received""], ""seller_next_steps"": [""To send company details on WhatsApp"", ""To provide a quotation after receiving photos""]}, ""buyer_details"": {""buyer_location"": {""buyer_city"": ""Chittoor"", ""buyer_state"": ""Andhra Pradesh""}}, ""seller_details"": {""seller_name"": ""cca7f49bdf1ff5fcd6e8b3e8fcf8657a5eb8154ce3613e9e7b1a7bb21d59a5e8""}}"
3146876,3163704,12842665,1794,1970-01-01 00:00:00.000,"{""payment"": {}, ""callback"": ""callback by Today 1 PM - To confirm stock (Dobara call karo)"", ""lead_tag"": {""deal_blockers"": [{""detail"": ""High transportation cost from Nangloi to Dadri"", ""category"": ""Location""}], ""deal_readiness"": ""Cold"", ""deal_readiness_reason"": ""Buyer decided to check local shops because delivery cost is higher than product value.""}, ""metadata"": {""call_type"": {""type"": ""B2C"", ""reason"": ""The buyer's requirement is for a very small quantity of 4 boards for what appears to be personal or local use, and the seller suggests checking a local shop instead."", ""evidence"": {""keywords"": [""MDF Board"", ""Estimate"", ""Near by""], ""order_type"": [""one-time""], ""repeat_buyer"": false, ""quantity_scale"": ""Low""}}, ""buyer_intent"": {""narrative"": ""Wants 4 units of 6mm MDF boards but is discouraged by distance."", ""reasoning"": ""Buyer only needs a small quantity (4 boards) and is looking for a low-cost solution, planning to buy locally due to high freight costs."", ""intent_level"": ""Low""}, ""call_outcome"": {""category"": ""Lost"", ""conclusion_notes"": ""Will check local rates (Near by dekh lo... theek hai bhaiya near by poochti hoon)""}, ""call_purpose"": ""requirement"", ""all_languages"": [""Hindi"", ""English""], ""primary_language"": ""Hindi"", ""additional_details"": {""buyer_queries"": [{""query"": ""What is the estimate for one board excluding delivery?"", ""category"": ""Pricing"", ""sequence"": 3, ""answer_by_seller"": ""550 Rupees per board (without delivery).""}], ""seller_queries"": [{""query"": ""What thickness do you need and how many boards?"", ""category"": ""Specifications"", ""sequence"": 1, ""answer_by_buyer"": ""6mm thickness and 4 boards are required.""}, {""query"": ""Where are you calling from?"", ""category"": ""Location"", ""sequence"": 2, ""answer_by_buyer"": ""We are calling from Dadri, Greater Noida.""}]}, ""intended_application"": ""Home Use""}, ""products"": [{""price"": {""value"": 550, ""currency"": ""INR"", ""price_unit"": ""piece"", ""delivery_charge"": {""is_delivery_charge_included"": false}, ""buyer_price_reaction"": {""quote"": ""Theek hai bhaiya"", ""category"": ""Accepted""}}, ""in_stock"": ""in stock"", ""product_name"": ""MDF Board"", ""specifications"": [{""name"": ""Thickness"", ""unit"": ""mm"", ""value"": ""6"", ""buyer_requested"": true, ""seller_mentioned"": false}, {""name"": ""Total Quantity"", ""unit"": ""pieces"", ""value"": ""4"", ""buyer_requested"": false, ""seller_mentioned"": false}], ""quantity_required"": {""unit"": ""pieces"", ""value"": 4}, ""related_categories"": [{""name"": ""Plywoods"", ""reason"": ""MDF boards are a common substitute and related category to plywood for furniture and interiors.""}], ""is_buyer_interested"": true, ""seller_accepts_quantity"": true}], ""next_steps"": {""buyer_next_steps"": [""To check price in local shops near Dadri""], ""seller_next_steps"": []}, ""buyer_details"": {""buyer_name"": ""e2990018d974642efd74ae9c9ea037f9d462d7591372973766c22b111b55e8fc"", ""buyer_location"": {""buyer_city"": ""Greater Noida"", ""buyer_locality"": ""Dadri""}}, ""seller_details"": {""seller_name"": ""d9becfca41ed8d07a394cf422e945eb6c0f87dcc5c07d463be47bdd19546bdfd"", ""seller_location"": {""seller_city"": ""New Delhi"", ""seller_locality"": ""Nandloi""}}}"
1516060,1532833,3542998,17008,1970-01-01 00:00:00.000,"{""callback"": ""callback by Monday 1 PM - To confirm stock"", ""lead_tag"": {""deal_blockers"": [], ""deal_readiness"": ""Warm"", ""deal_readiness_reason"": ""Buyer has clear specs and is checking for ready stock.""}, ""metadata"": {""call_type"": {""type"": ""B2B"", ""reason"": ""The buyer's specific technical requirements and the seller's focus on manufacturing suggest a B2B context for machine components."", ""evidence"": {""keywords"": [""Readymade"", ""Lead screw"", ""Pitch""], ""order_type"": {""order_type_category"": ""commercial""}, ""repeat_buyer"": false}}, ""buyer_intent"": {""narrative"": ""Wants a lead screw with 40mm OD and 7mm pitch for personal or business use."", ""reasoning"": ""Buyer provided specific technical dimensions (40mm OD, 7mm pitch) and is inquiring about ready-made stock."", ""intent_level"": ""High""}, ""call_outcome"": {""category"": ""Follow-up"", ""conclusion_notes"": ""Seller will provide another number for immediate confirmation (Ek number deta hoon wo immediately bol denge).""}, ""call_purpose"": ""requirement"", ""all_languages"": [""Hindi"", ""English""], ""primary_language"": ""Hindi"", ""additional_details"": {""buyer_queries"": [{""query"": ""Is there readymade stock available?"", ""category"": ""Availability"", ""sequence"": 2}, {""query"": ""Can you make a lead screw of 40mm OD and 7mm pitch?"", ""category"": ""Specifications"", ""sequence"": 1}], ""seller_queries"": [{""query"": ""What OD and pitch do you need?"", ""category"": ""Specifications"", ""sequence"": 3}]}}, ""products"": [{""in_stock"": ""in stock"", ""product_name"": ""Lead Screw"", ""specifications"": [{""name"": ""OD"", ""unit"": ""mm"", ""value"": ""40"", ""buyer_requested"": true, ""seller_mentioned"": false}, {""name"": ""Pitch"", ""unit"": ""mm"", ""value"": ""7"", ""buyer_requested"": true, ""seller_mentioned"": true}], ""related_categories"": [{""name"": ""Precision Screws"", ""reason"": ""Lead screws are a type of precision screw used in machinery.""}, {""name"": ""Jack Screw"", ""reason"": ""Lead screws are often used in jack screw mechanisms.""}], ""is_buyer_interested"": true, ""most_specific_category"": {""name"": ""Lead Screw"", ""reason"": ""The buyer explicitly asked for a 'lead screw'.""}, ""seller_accepts_quantity"": true}], ""next_steps"": {""buyer_next_steps"": [""To call the provided number for stock confirmation""], ""seller_next_steps"": [""To share the contact number of the stock person""]}, ""buyer_details"": {""buyer_name"": ""abe52c9021ffbd51a8e0da8a3056b0eca2030bb2f11d38fa67605eebdfbf8bdb"", ""buyer_mobile_number"": ""48d9c57b5bd8e39ba6bed86e4764393d5be003c4c4208ff2ee6319bdeb4fc613""}, ""seller_details"": {""seller_name"": ""70327789a444281bf1cb883868ec949170a1ada7f02bb266d24fb74e7aa5f88b"", ""seller_location"": {""seller_city"": ""Pune""}}}"
1233079,1247451,18989867,138541,1970-01-01 00:00:00.000,"{""payment"": {}, ""lead_tag"": {""deal_blockers"": [], ""deal_readiness"": ""Warm"", ""deal_readiness_reason"": ""Buyer is looking to set up a new plant and requested specific details like video and quotation.""}, ""metadata"": {""call_type"": {""type"": ""B2B"", ""reason"": ""The buyer is inquiring as a business entity looking to set up an industrial garlic processing plant."", ""evidence"": {""keywords"": [""Plant Setup"", ""Manufacturing"", ""IndiaMART""], ""order_type"": ""Commercial"", ""repeat_buyer"": false, ""buyer_persona"": ""Entrepreneur"", ""quantity_scale"": ""High""}}, ""buyer_intent"": {""narrative"": ""Wants to set up a garlic processing plant in Varanasi with a 30kg/hr capacity."", ""reasoning"": ""Buyer has a specific location (Varanasi), specific capacity requirement, and is ready to review documentation to proceed."", ""intent_level"": ""High""}, ""call_purpose"": ""requirement"", ""all_languages"": [""Hindi"", ""English""], ""buyer_conclusion"": {""category"": ""Pending"", ""conclusion_notes"": ""Awaiting video and quotation to proceed (Ek baar dekh lijiye, fir quotation ke sath share kar deta hu).""}, ""primary_language"": ""Hindi"", ""additional_details"": {""buyer_queries"": [{""query"": ""How much will the automatic plant cost?"", ""category"": ""Pricing"", ""sequence"": 1}, {""query"": ""What is the process to set up the plant in Varanasi?"", ""category"": ""Operations"", ""sequence"": 2}], ""seller_queries"": [{""query"": ""How many kg per hour capacity do you need?"", ""category"": ""Specifications"", ""sequence"": 3}]}, ""intended_application"": ""Garlic Processing Plant""}, ""products"": [{""in_stock"": ""in stock"", ""product_name"": ""Garlic Machine"", ""specifications"": [{""name"": ""Capacity"", ""unit"": ""kg/hr"", ""value"": ""30"", ""buyer_requested"": true, ""seller_mentioned"": true}, {""name"": ""Operation"", ""value"": ""Automatic"", ""buyer_requested"": false, ""seller_mentioned"": false}], ""related_categories"": [{""name"": ""Peeling Machine"", ""reason"": ""It is a specialized type of peeling machinery used in food processing.""}], ""is_buyer_interested"": true, ""most_specific_category"": {""name"": ""Garlic Peeling Machine"", ""reason"": ""The buyer explicitly mentioned interest in a garlic machine discussed on IndiaMART for a processing plant.""}, ""quantity_accepted_by_seller"": true}], ""call_back"": ""callback by Tomorrow - To discuss after reviewing video and quotation"", ""next_steps"": {""buyer_next_steps"": [""To check the product video shared on WhatsApp"", ""To review the quotation provided by the seller""], ""seller_next_steps"": [""To share product video on WhatsApp"", ""To send the quotation for the 30kg/hr plant""]}, ""buyer_details"": {""buyer_name"": ""2b98fb6954368ff3f28f3367b697c1ae3b3d1e69b82a5de92b58a5e40993bbe0"", ""buyer_location"": {""buyer_city"": ""Varanasi""}}, ""seller_details"": {""seller_name"": ""b097bade29ef6c984ea1c6f28ec5ece165c3765a459f16085d618a97f9a60286"", ""seller_location"": {""seller_city"": ""Ahmedabad"", ""seller_state"": ""Gujarat""}}, ""minimum_order_quantity"": {}}"
768205,778545,3542998,17008,1970-01-01 00:00:00.000,"{""payment"": {}, ""lead_tag"": {""deal_blockers"": [""Location: Manufacturing unit in Pune while buyer is in Ahmedabad""], ""deal_readiness"": ""Hot"", ""deal_readiness_reason"": ""Needs the products urgently by tomorrow due to a scheduled flight.""}, ""metadata"": {""call_type"": {""type"": ""B2B"", ""reason"": ""Buyer mentions having a factory in Gujarat and discusses specific industrial components like lead screws and brass nuts."", ""evidence"": {""keywords"": [""factory"", ""manufacturing unit"", ""lead screw"", ""4 start""], ""order_type"": ""commercial"", ""repeat_buyer"": false, ""buyer_persona"": ""manufacturer"", ""quantity_scale"": ""Low""}}, ""buyer_intent"": {""narrative"": ""Wants to purchase 8mm lead screws of various lengths and brass nuts for a factory requirement urgently."", ""reasoning"": ""The buyer provides specific technical requirements (8mm diameter, specific lengths) and emphasizes extreme urgency due to travel plans."", ""intent_level"": ""High""}, ""call_purpose"": ""requirement"", ""all_languages"": [""Hindi"", ""English""], ""buyer_conclusion"": {""category"": ""Follow-up"", ""conclusion_notes"": ""Will contact the seller soon (Main aapse contact karta hoon jaldi)""}, ""primary_language"": ""Hindi"", ""additional_details"": {""buyer_queries"": [{""query"": ""Is 8mm lead screw available?"", ""category"": ""Availability"", ""sequence"": 1}, {""query"": ""How much length can you provide?"", ""category"": ""Specifications"", ""sequence"": 2}, {""query"": ""Can you provide delivery in Gujarat?"", ""category"": ""Delivery"", ""sequence"": 3}], ""seller_queries"": [{""query"": ""What is the length required?"", ""category"": ""Specifications"", ""sequence"": 1}, {""query"": ""What is the quantity?"", ""category"": ""Quantity"", ""sequence"": 2}, {""query"": ""Will a 4-start screw with 2mm pitch work?"", ""category"": ""Specifications"", ""sequence"": 3}, {""query"": ""Where are you calling from?"", ""category"": ""Location"", ""sequence"": 4}]}, ""intended_application"": ""Factory Use""}, ""products"": [{""in_stock"": ""in stock"", ""product_name"": ""8mm Lead Screw (800mm)"", ""specifications"": [{""name"": ""Diameter"", ""unit"": ""mm"", ""value"": ""8"", ""buyer_requested"": true, ""seller_mentioned"": false}, {""name"": ""Length"", ""unit"": ""mm"", ""value"": ""800"", ""buyer_requested"": true, ""seller_mentioned"": false}, {""name"": ""Pitch"", ""unit"": ""mm"", ""value"": ""2"", ""buyer_requested"": false, ""seller_mentioned"": true}, {""name"": ""Starts"", ""value"": ""4"", ""buyer_requested"": false, ""seller_mentioned"": true}], ""quantity_required"": {""unit"": ""piece"", ""value"": 1}, ""related_categories"": [{""name"": ""Screw Rod"", ""reason"": ""Lead screws are a specific type of threaded screw rod used for linear motion.""}], ""is_buyer_interested"": true, ""most_specific_category"": {""name"": ""Lead Screw"", ""reason"": ""The buyer explicitly requested an 8mm lead screw, which is the primary product discussed.""}, ""quantity_accepted_by_seller"": true}, {""in_stock"": ""in stock"", ""product_name"": ""8mm Lead Screw (600mm)"", ""specifications"": [{""name"": ""Diameter"", ""unit"": ""mm"", ""value"": ""8"", ""buyer_requested"": true, ""seller_mentioned"": false}, {""name"": ""Length"", ""unit"": ""mm"", ""value"": ""600"", ""buyer_requested"": true, ""seller_mentioned"": false}, {""name"": ""Pitch"", ""unit"": ""mm"", ""value"": ""2"", ""buyer_requested"": false, ""seller_mentioned"": true}, {""name"": ""Starts"", ""value"": ""4"", ""buyer_requested"": false, ""seller_mentioned"": true}], ""quantity_required"": {""unit"": ""piece"", ""value"": 1}, ""related_categories"": [{""name"": ""Screw Rod"", ""reason"": ""Component of linear motion systems.""}], ""is_buyer_interested"": true, ""most_specific_category"": {""name"": ""Lead Screw"", ""reason"": ""The buyer requested a lead screw with a 600mm length.""}, ""quantity_accepted_by_seller"": true}, {""in_stock"": ""in stock"", ""product_name"": ""8mm Lead Screw (300mm)"", ""specifications"": [{""name"": ""Diameter"", ""unit"": ""mm"", ""value"": ""8"", ""buyer_requested"": true, ""seller_mentioned"": false}, {""name"": ""Length"", ""unit"": ""mm"", ""value"": ""300"", ""buyer_requested"": true, ""seller_mentioned"": false}, {""name"": ""Pitch"", ""unit"": ""mm"", ""value"": ""2"", ""buyer_requested"": false, ""seller_mentioned"": true}, {""name"": ""Starts"", ""value"": ""4"", ""buyer_requested"": false, ""seller_mentioned"": true}], ""quantity_required"": {""unit"": ""piece"", ""value"": 1}, ""related_categories"": [{""name"": ""Screw Rod"", ""reason"": ""Component used in industrial machinery.""}], ""is_buyer_interested"": true, ""most_specific_category"": {""name"": ""Lead Screw"", ""reason"": ""The buyer requested a lead screw with a 300mm length.""}, ""quantity_accepted_by_seller"": true}, {""price"": {""value"": 400, ""currency"": ""INR""}, ""in_stock"": ""in stock"", ""product_name"": ""Brass Nut"", ""specifications"": [{""name"": ""Material"", ""value"": ""Brass"", ""buyer_requested"": false, ""seller_mentioned"": true}, {""name"": ""Starts"", ""value"": ""4"", ""buyer_requested"": false, ""seller_mentioned"": true}], ""quantity_required"": {""unit"": ""piece"", ""value"": 3}, ""is_buyer_interested"": true, ""most_specific_category"": {""name"": ""Lead Nuts"", ""reason"": ""The seller mentions providing brass nuts compatible with the lead screws.""}, ""quantity_accepted_by_seller"": true}], ""call_back"": ""callback by Tomorrow - To confirm the order after travel"", ""next_steps"": {""buyer_next_steps"": [""To call the seller on the provided mobile number""], ""seller_next_steps"": [""To share product details or prepare stock for buyer pickup/delivery""]}, ""buyer_details"": {""buyer_name"": ""c0b1eac6bb604a5648a2b165f824467e3d1b04f8e682a8a75fef7f833a6190f0"", ""buyer_location"": {""buyer_city"": ""Ahmedabad"", ""buyer_state"": ""Gujarat""}, ""buyer_mobile_number"": ""8e3d8f5386783ca90e0554f73221d4273c52bf7fc1ce2ec9b35a877904d53ca0""}, ""seller_details"": {""seller_name"": ""70327789a444281bf1cb883868ec949170a1ada7f02bb266d24fb74e7aa5f88b"", ""seller_location"": {""seller_city"": ""Pune"", ""seller_state"": ""Maharashtra""}, ""seller_mobile_number"": ""c191ba5b6c7fa74c680a96620a499b1933873898f066fd9834a3294e13ea7ded""}, ""minimum_order_quantity"": {}}"
3162275,3179100,30815709,38154,1970-01-01 00:00:00.000,"{""payment"": {}, ""callback"": ""callback by Monday 1 PM - To confirm stock"", ""lead_tag"": {""deal_blockers"": [], ""deal_readiness"": ""Warm"", ""deal_readiness_reason"": ""The buyer has genuine interest and discussed specs, though it depends on internal team's decision.""}, ""metadata"": {""call_type"": {""type"": ""B2B"", ""reason"": ""The buyer discussed bulk quantity of 500kg and above, which is indicative of a B2B context for re-sale or industrial use."", ""evidence"": {""keywords"": [""Wholesale Price"", ""Manufacturer"", ""Bulk Quantity""], ""order_type"": [""bulk"", ""commercial"", ""recurring""], ""repeat_buyer"": true, ""buyer_persona"": {""persona_detail"": ""Potential Bulk Buyer"", ""persona_category"": ""retailer""}, ""quantity_scale"": ""High""}}, ""buyer_intent"": {""narrative"": ""Wants a bulk supply of 10g stainless steel scrubbers for potential resale or business use."", ""reasoning"": ""The buyer asks for a bulk discount for more than 500kg, showing high intent."", ""intent_level"": ""High""}, ""call_outcome"": {""category"": ""Follow-up"", ""conclusion_notes"": ""Buyer will check internally with the team and get back. (I will consult my team and call back later)""}, ""call_purpose"": ""requirement"", ""all_languages"": [""Tamil"", ""English""], ""primary_language"": ""Tamil"", ""additional_details"": {""buyer_queries"": [{""query"": ""What is the wholesale price for 500 kg or above?"", ""category"": ""Pricing"", ""sequence"": 3}, {""query"": ""Is GST included in the price?"", ""category"": ""Pricing"", ""sequence"": 4}], ""seller_queries"": [{""query"": ""How much quantity do you need?"", ""category"": ""Quantity"", ""sequence"": 1}, {""query"": ""Where are you located?"", ""category"": ""Location"", ""sequence"": 2}]}, ""intended_application"": ""Retail Resale""}, ""products"": [{""price"": {""gst"": {""value"": 18, ""is_gst_included"": false}, ""value"": 190, ""currency"": ""INR"", ""price_unit"": ""kg"", ""offer_details"": ""Rs 5 to 10 discount on 500kg+ orders."", ""negotiation_notes"": ""Seller offered a discount of Rs 10 per kg for orders above 500kg."", ""buyer_price_reaction"": {""quote"": ""Can you offer a wholesale price for 500 kg?"", ""category"": ""Negotiating""}}, ""in_stock"": ""in stock"", ""product_name"": ""10g Stainless Steel Scrubber"", ""specifications"": [{""name"": ""Weight"", ""unit"": ""g"", ""value"": ""10"", ""buyer_requested"": false, ""seller_mentioned"": true}], ""quantity_required"": {""unit"": ""kg"", ""value"": 15}, ""related_categories"": [{""name"": ""Steel Wool Scrubber"", ""reason"": ""This is a related category of the stainless steel scrubber.""}], ""is_buyer_interested"": true, ""minimum_order_quantity"": {""unit"": ""kg"", ""value"": 15}, ""most_specific_category"": {""name"": ""Stainless Steel Scrubber"", ""reason"": ""The product discussed is a 10g stainless steel scrubber.""}, ""seller_accepts_quantity"": true}, {""price"": {""gst"": {""value"": 18, ""is_gst_included"": false}, ""value"": 180, ""currency"": ""INR"", ""price_unit"": ""kg"", ""offer_details"": ""Rs 10 discount for 500kg+ order."", ""negotiation_notes"": ""Seller agreed to lower the price from Rs 190 to Rs 180 for 500kg+ order."", ""buyer_price_reaction"": {""quote"": ""What is your wholesale rate?"", ""category"": ""Negotiating""}}, ""in_stock"": ""in stock"", ""product_name"": ""Stainless Steel Scrubber (Bulk)"", ""specifications"": [{""name"": ""Quantity Threshold"", ""unit"": ""kg"", ""value"": ""500"", ""buyer_requested"": true, ""seller_mentioned"": true}], ""quantity_required"": {""unit"": ""kg"", ""value"": 500}, ""related_categories"": [{""name"": ""Kitchen Scourer"", ""reason"": ""This product is used for kitchen cleaning.""}], ""is_buyer_interested"": true, ""minimum_order_quantity"": {""unit"": ""kg"", ""value"": 500}, ""most_specific_category"": {""name"": ""Stainless Steel Scrubber"", ""reason"": ""The bulk quality stainless steel scrubber.""}, ""seller_accepts_quantity"": true}], ""next_steps"": {""buyer_next_steps"": [""To consult with the internal team about the price"", ""To call back and confirm the order""], ""seller_next_steps"": [""To provide further info if requested on WhatsApp""]}, ""buyer_details"": {""buyer_name"": ""1a637788c9e469bd4e4ef4bf05507d20d3fa2c37e046f21a43ca06ed650b36a4"", ""buyer_location"": {""buyer_city"": ""Dindigul""}}, ""seller_details"": {""seller_name"": ""322b61a4293f6c0eaf8bc179033ff947c58dc3d0177c010ea6d41b3cb4f1a4e0"", ""seller_location"": {""seller_city"": ""Chennai""}}}"
1523949,1540721,1579117,147360,1970-01-01 00:00:00.000,"{""lead_tag"": {""deal_blockers"": [], ""deal_readiness"": ""Warm"", ""deal_readiness_reason"": ""Specific technical requirements were shared, and contact details were exchanged for further discussion.""}, ""metadata"": {""call_type"": {""type"": ""B2B"", ""reason"": ""The focus on specific mesh sizes for industrial minerals like Kaolin Powder typically indicates manufacturing or industrial B2B use."", ""evidence"": {""keywords"": [""200-250 mesh"", ""Kaolin Powder""], ""order_type"": {""order_type_category"": ""commercial""}, ""buyer_persona"": {""persona_category"": ""manufacturer""}}}, ""buyer_intent"": {""narrative"": ""Seeking Kaolin Powder in 200 to 250 mesh size."", ""reasoning"": ""The buyer provided specific technical specifications (mesh size) and requested a phone number to proceed."", ""intent_level"": ""High""}, ""call_outcome"": {""category"": ""Pending"", ""conclusion_notes"": ""Contact details were shared; further discussion is expected offline (Mobile number shared).""}, ""call_purpose"": ""requirement"", ""all_languages"": [""Hindi"", ""English""], ""primary_language"": ""Hindi"", ""additional_details"": {""buyer_queries"": [{""query"": ""Is Kaolin Powder available in 200 to 250 mesh?"", ""category"": ""Specifications"", ""sequence"": 1}], ""seller_queries"": []}}, ""products"": [{""product_name"": ""Kaolin Powder"", ""specifications"": [{""name"": ""Mesh Size"", ""unit"": ""mesh"", ""value"": ""200"", ""buyer_requested"": true, ""seller_mentioned"": false}], ""related_categories"": [{""name"": ""China Clay Powder"", ""reason"": ""Kaolin is also known as China Clay, making this a relevant category for the powder form.""}, {""name"": ""Clay Powder"", ""reason"": ""Kaolin is a type of clay, so clay powder is a valid broader category.""}], ""is_buyer_interested"": true, ""most_specific_category"": {""name"": ""Kaolin Powder"", ""reason"": ""The buyer explicitly asked for Kaolin Powder with a specific mesh size of 200-250 mesh.""}}], ""next_steps"": {""buyer_next_steps"": [""To connect with the seller on the provided mobile number for detailed discussion""], ""seller_next_steps"": [""To provide product details once the buyer connects on the mobile number""]}, ""buyer_details"": {""buyer_name"": ""4b7bb8c301065be38ebed64ed1e85e4ef6f6a06210b6c29abc5919619819b7c0""}, ""seller_details"": {""seller_name"": ""f5cb9433ec112d7ae21755021b6da655953a6ca5e79d04e143ff54709fddbd8b""}}"
1238365,1252766,3542998,17008,1970-01-01 00:00:00.000,"{""payment"": {}, ""lead_tag"": {""deal_blockers"": [""Timeline: SS 304 material requires 8 days for delivery while requirement is urgent""], ""deal_readiness"": ""Warm"", ""deal_readiness_reason"": ""Specific quantities and technical specs discussed, but needs internal management approval.""}, ""metadata"": {""call_type"": {""type"": ""B2B"", ""reason"": ""The order is for 50 pieces of specialized hardware for industrial application, indicating a B2B transaction."", ""evidence"": {""keywords"": [""Lead Screw Manufacturer"", ""SS 304"", ""Acme Thread""], ""order_type"": ""Bulk"", ""repeat_buyer"": false, ""buyer_persona"": ""Industrial Buyer"", ""quantity_scale"": ""High""}}, ""buyer_intent"": {""narrative"": ""Seeking 50 pieces of 1-inch Acme thread lead screws in SS 304 for a project in Coimbatore."", ""reasoning"": ""Buyer provided exact dimensions (530mm length), material (SS 304), and specific quantity (50 units)."", ""intent_level"": ""High""}, ""call_purpose"": ""requirement"", ""all_languages"": [""English"", ""Hindi""], ""buyer_conclusion"": {""category"": ""Follow-up"", ""conclusion_notes"": ""Will revert within an hour after discussing with management (Management se baat karke revert karta hoon)""}, ""primary_language"": ""English"", ""additional_details"": {""buyer_queries"": [{""query"": ""Is SS 304 material possible?"", ""category"": ""Specs"", ""sequence"": 1}, {""query"": ""Can you deliver by Tuesday or Wednesday?"", ""category"": ""Delivery"", ""sequence"": 2}], ""seller_queries"": [{""query"": ""What is the length required?"", ""category"": ""Specs"", ""sequence"": 1}, {""query"": ""How much quantity do you want?"", ""category"": ""Quantity"", ""sequence"": 2}]}, ""intended_application"": ""Industrial Production""}, ""products"": [{""price"": {""value"": 2500, ""currency"": ""INR"", ""price_unit"": ""piece""}, ""in_stock"": ""in stock"", ""product_name"": ""1 inch Acme Thread Lead Screw"", ""specifications"": [{""name"": ""Size"", ""unit"": ""inch"", ""value"": ""1"", ""buyer_requested"": true, ""seller_mentioned"": false}, {""name"": ""Length"", ""unit"": ""mm"", ""value"": ""530"", ""buyer_requested"": true, ""seller_mentioned"": false}, {""name"": ""Material"", ""value"": ""SS 304"", ""buyer_requested"": true, ""seller_mentioned"": true}, {""name"": ""Thread Type"", ""value"": ""Full Thread"", ""buyer_requested"": false, ""seller_mentioned"": true}], ""quantity_required"": {""unit"": ""pieces"", ""value"": 50}, ""related_categories"": [{""name"": ""Acme Screws"", ""reason"": ""The product specifically mentions 'Acme thread'.""}, {""name"": ""Screw Rod"", ""reason"": ""The seller refers to the product as a 'threated rod' during pricing.""}], ""is_buyer_interested"": true, ""most_specific_category"": {""name"": ""Lead Screw"", ""reason"": ""The seller identifies as a leading lead screw manufacturer and quotes for 'Acme thread' which is a type of lead screw.""}, ""quantity_accepted_by_seller"": true}, {""price"": {""value"": 800, ""currency"": ""INR"", ""price_unit"": ""piece""}, ""in_stock"": ""in stock"", ""product_name"": ""Square Nut"", ""specifications"": [{""name"": ""Type"", ""value"": ""Extended Square"", ""buyer_requested"": true, ""seller_mentioned"": true}, {""name"": ""Material"", ""value"": ""SS 304"", ""buyer_requested"": false, ""seller_mentioned"": true}], ""quantity_required"": {""unit"": ""pieces"", ""value"": 50}, ""is_buyer_interested"": true, ""most_specific_category"": {""name"": ""Lead Nuts"", ""reason"": ""The buyer requests matching nuts for the lead screw.""}, ""quantity_accepted_by_seller"": true}, {""price"": {""value"": 900, ""currency"": ""INR"", ""price_unit"": ""piece""}, ""in_stock"": ""in stock"", ""product_name"": ""Hex Nut"", ""specifications"": [{""name"": ""Type"", ""value"": ""Hex"", ""buyer_requested"": true, ""seller_mentioned"": true}, {""name"": ""Material"", ""value"": ""SS 304"", ""buyer_requested"": false, ""seller_mentioned"": true}], ""quantity_required"": {""unit"": ""pieces"", ""value"": 50}, ""is_buyer_interested"": true, ""most_specific_category"": {""name"": ""Lead Nuts"", ""reason"": ""Hex nuts for lead screws discussed.""}, ""quantity_accepted_by_seller"": true}], ""call_back"": ""callback by In 1 hour - To discuss with management (Management se baat karke batata hoon)"", ""next_steps"": {""buyer_next_steps"": [""To discuss the quote and timeline with management""], ""seller_next_steps"": [""To wait for confirmation on the order""]}, ""buyer_details"": {""buyer_name"": ""8254c329a92850f6d539dd376f4816ee2764517da5e0235514af433164480d7a"", ""buyer_location"": {""buyer_city"": ""Coimbatore"", ""buyer_state"": ""Tamil Nadu""}}, ""seller_details"": {""seller_name"": ""70327789a444281bf1cb883868ec949170a1ada7f02bb266d24fb74e7aa5f88b"", ""seller_location"": {""seller_city"": ""Pune"", ""seller_state"": ""Maharashtra""}}, ""minimum_order_quantity"": {""unit"": ""pieces"", ""value"": 50}}"
1247547,1261986,18989867,138541,1970-01-01 00:00:00.000,"{""payment"": {}, ""lead_tag"": {""deal_blockers"": [], ""deal_readiness"": ""Warm"", ""deal_readiness_reason"": ""Showed clear interest in product capacity and requested photos and prices.""}, ""metadata"": {""call_type"": {""type"": ""B2B"", ""reason"": ""The buyer is inquiring about high-capacity machinery (up to 200kg/hr) for commercial/industrial use."", ""evidence"": {""keywords"": [""Garlic Peeling Machine"", ""Commercial Capacity""], ""order_type"": ""commercial"", ""repeat_buyer"": false, ""buyer_persona"": ""Manufacturer"", ""quantity_scale"": ""High""}}, ""buyer_intent"": {""narrative"": ""Seeks a garlic peeling machine and is enquiring about various capacities and pricing."", ""reasoning"": ""Inquiry about specific capacities (50-200kg) and requesting visual details indicates genuine interest."", ""intent_level"": ""Medium""}, ""call_purpose"": ""requirement"", ""all_languages"": [""Hindi""], ""buyer_conclusion"": {""category"": ""Pending"", ""conclusion_notes"": ""Waiting for photos and price list on WhatsApp (Ek baar us pe photo wagera bhej sakte hain... aur uska keemat kya hai)""}, ""primary_language"": ""Hindi"", ""additional_details"": {""buyer_queries"": [{""query"": ""What is the price of the machine?"", ""category"": ""pricing"", ""sequence"": 1}, {""query"": ""What is the location of the seller?"", ""category"": ""logistics"", ""sequence"": 2}], ""seller_queries"": [{""query"": ""What capacity do you require per hour?"", ""category"": ""specifications"", ""sequence"": 1}, {""query"": ""Where are you calling from?"", ""category"": ""logistics"", ""sequence"": 2}]}, ""intended_application"": ""Commercial Production""}, ""products"": [{""price"": {""price_negotiation_notes"": ""Price not discussed beyond a general inquiry.""}, ""in_stock"": ""in stock"", ""product_name"": ""Garlic Peeler (Lahsun chilne wala machine)"", ""specifications"": [{""name"": ""Capacity"", ""unit"": ""kg/hr"", ""value"": ""50"", ""buyer_requested"": false, ""seller_mentioned"": true}, {""name"": ""Capacity"", ""unit"": ""kg/hr"", ""value"": ""100"", ""buyer_requested"": false, ""seller_mentioned"": true}, {""name"": ""Capacity"", ""unit"": ""kg/hr"", ""value"": ""150"", ""buyer_requested"": false, ""seller_mentioned"": true}, {""name"": ""Capacity"", ""unit"": ""kg/hr"", ""value"": ""200"", ""buyer_requested"": false, ""seller_mentioned"": true}], ""related_categories"": [{""name"": ""Vegetable Peeling Machine"", ""reason"": ""Garlic Peeling Machines are a type of vegetable peeling equipment.""}, {""name"": ""Peeling Machine"", ""reason"": ""Broad category encompassing all peeling-related machinery.""}], ""is_buyer_interested"": true, ""most_specific_category"": {""name"": ""Garlic Peeling Machine"", ""reason"": ""The buyer specifically asks for a 'Lahsun chilne wala machine' and the seller confirms availability of the Garlic Peeler.""}, ""quantity_accepted_by_seller"": true}, {""price"": {""price_negotiation_notes"": ""Price not discussed beyond a general inquiry.""}, ""in_stock"": ""in stock"", ""product_name"": ""Garlic Peeler (Lahsun chilne wala machine)"", ""specifications"": [{""name"": ""Capacity"", ""unit"": ""kg/hr"", ""value"": ""100"", ""buyer_requested"": false, ""seller_mentioned"": true}], ""related_categories"": [{""name"": ""Vegetable Peeling Machine"", ""reason"": ""Garlic Peeling Machines are a type of vegetable peeling equipment.""}, {""name"": ""Peeling Machine"", ""reason"": ""Broad category encompassing all peeling-related machinery.""}], ""is_buyer_interested"": true, ""most_specific_category"": {""name"": ""Garlic Peeling Machine"", ""reason"": ""The buyer specifically asks for a 'Lahsun chilne wala machine' and the seller confirms availability of the Garlic Peeler.""}, ""quantity_accepted_by_seller"": true}, {""price"": {""price_negotiation_notes"": ""Price not discussed beyond a general inquiry.""}, ""in_stock"": ""in stock"", ""product_name"": ""Garlic Peeler (Lahsun chilne wala machine)"", ""specifications"": [{""name"": ""Capacity"", ""unit"": ""kg/hr"", ""value"": ""150"", ""buyer_requested"": false, ""seller_mentioned"": true}], ""related_categories"": [{""name"": ""Vegetable Peeling Machine"", ""reason"": ""Garlic Peeling Machines are a type of vegetable peeling equipment.""}, {""name"": ""Peeling Machine"", ""reason"": ""Broad category encompassing all peeling-related machinery.""}], ""is_buyer_interested"": true, ""most_specific_category"": {""name"": ""Garlic Peeling Machine"", ""reason"": ""The buyer specifically asks for a 'Lahsun chilne wala machine' and the seller confirms availability of the Garlic Peeler.""}, ""quantity_accepted_by_seller"": true}, {""price"": {""price_negotiation_notes"": ""Price not discussed beyond a general inquiry.""}, ""in_stock"": ""in stock"", ""product_name"": ""Garlic Peeler (Lahsun chilne wala machine)"", ""specifications"": [{""name"": ""Capacity"", ""unit"": ""kg/hr"", ""value"": ""200"", ""buyer_requested"": false, ""seller_mentioned"": true}], ""related_categories"": [{""name"": ""Vegetable Peeling Machine"", ""reason"": ""Garlic Peeling Machines are a type of vegetable peeling equipment.""}, {""name"": ""Peeling Machine"", ""reason"": ""Broad category encompassing all peeling-related machinery.""}], ""is_buyer_interested"": true, ""most_specific_category"": {""name"": ""Garlic Peeling Machine"", ""reason"": ""The buyer specifically asks for a 'Lahsun chilne wala machine' and the seller confirms availability of the Garlic Peeler.""}, ""quantity_accepted_by_seller"": true}], ""call_back"": """", ""next_steps"": {""buyer_next_steps"": [""To review photos and prices on WhatsApp""], ""seller_next_steps"": [""To send photos and prices on WhatsApp""]}, ""buyer_details"": {""buyer_name"": ""fc902c216945282ab5949a0fd6ee5be177f5085d46651fb46647bac375069214"", ""buyer_location"": {""buyer_city"": ""Purnea"", ""buyer_state"": ""Bihar""}, ""buyer_mobile_number"": ""05f2a8aeb450941421df2d70d0756fb51f1e9da5b042e7157ce8f6abc5f5f68f""}, ""seller_details"": {""seller_name"": ""b097bade29ef6c984ea1c6f28ec5ece165c3765a459f16085d618a97f9a60286"", ""seller_location"": {""seller_city"": ""Ahmedabad""}}, ""minimum_order_quantity"": {""unit"": ""piece"", ""value"": 1}}"
3163211,3180039,30815709,38154,1970-01-01 00:00:00.000,"{""callback"": ""callback by Tomorrow 11 AM - To finalise (Kal 11 baje call karta hoon)"", ""lead_tag"": {""deal_blockers"": [], ""deal_readiness"": ""Warm"", ""deal_readiness_reason"": ""Genuine requirement discussed for bulk quantities with specific price points provided.""}, ""metadata"": {""call_type"": {""type"": ""B2B"", ""reason"": ""The buyer asks for wholesale prices and bulk quantities of 10 boxes of scrubbers indicating a business requirement."", ""evidence"": {""keywords"": [""Wholesale"", ""Manufacturer"", ""Pricing""], ""order_type"": [""bulk"", ""commercial""], ""repeat_buyer"": true, ""buyer_persona"": {""persona_category"": ""wholesaler""}, ""quantity_scale"": ""High""}}, ""buyer_intent"": {""narrative"": ""Wants sponge scrubbers in bulk for wholesale business."", ""reasoning"": ""Strong buyer interest shown with specific quantity and pricing queries for wholesale business."", ""intent_level"": ""High""}, ""call_outcome"": {""category"": ""Follow-up"", ""conclusion_notes"": ""Will connect further on the personal mobile number. (Personal number par connect karte hain)""}, ""call_purpose"": ""requirement"", ""all_languages"": [""Tamil"", ""English""], ""primary_language"": ""Tamil"", ""additional_details"": {""buyer_queries"": [{""query"": ""What is the price of a sponge scrubber?"", ""category"": ""Pricing"", ""sequence"": 1, ""answer_by_seller"": ""The price is 5.25 Indian Rupees plus 18 percent GST.""}, {""query"": ""How many pieces are there in one box?"", ""category"": ""Quantity"", ""sequence"": 2, ""answer_by_seller"": ""One box contains 750 pieces.""}, {""query"": ""What is the minimum order quantity?"", ""category"": ""Quantity"", ""sequence"": 3, ""answer_by_seller"": ""The minimum order quantity is 10 boxes.""}], ""seller_queries"": []}, ""intended_application"": ""Retail Resale""}, ""products"": [{""price"": {""gst"": {""value"": 18, ""is_gst_included"": false}, ""value"": 5.25, ""currency"": ""INR"", ""price_unit"": ""piece"", ""buyer_price_reaction"": {""quote"": ""Ok single piece price."", ""category"": ""Accepted""}}, ""in_stock"": ""in stock"", ""product_name"": ""Sponge Scrubber"", ""specifications"": [{""name"": ""Type"", ""value"": ""Sponge"", ""buyer_requested"": false, ""seller_mentioned"": true}], ""quantity_required"": {""unit"": ""boxes"", ""value"": 10}, ""related_categories"": [{""name"": ""Cleaning Sponge"", ""reason"": ""Sponge scrubbers belong to the broad category of cleaning sponges.""}], ""is_buyer_interested"": true, ""minimum_order_quantity"": {""unit"": ""boxes"", ""value"": 10}, ""most_specific_category"": {""name"": ""Sponge Wipes"", ""reason"": ""The buyer refers to these products as sponge scrubbers, which are commonly classified under Sponge Wipes or similar cleaning aids.""}, ""seller_accepts_quantity"": true}, {""in_stock"": ""in stock"", ""product_name"": ""Steel Scrubber"", ""specifications"": [{""name"": ""Material"", ""value"": ""Steel"", ""buyer_requested"": false, ""seller_mentioned"": true}], ""related_categories"": [{""name"": ""Stainless Steel Scrubber"", ""reason"": ""These are specific types of steel scrubbers made for high durability.""}], ""is_buyer_interested"": true, ""most_specific_category"": {""name"": ""Scrub Pads"", ""reason"": ""Steel scrubbers are a common type of kitchen scrub pad used for cleaning utensils.""}}], ""next_steps"": {""buyer_next_steps"": [""To connect on the seller's personal mobile number.""], ""seller_next_steps"": [""To share more details on the personal mobile number.""]}, ""buyer_details"": {""buyer_name"": ""1a637788c9e469bd4e4ef4bf05507d20d3fa2c37e046f21a43ca06ed650b36a4""}, ""seller_details"": {""seller_name"": ""322b61a4293f6c0eaf8bc179033ff947c58dc3d0177c010ea6d41b3cb4f1a4e0""}}"
2335228,2352030,1861402,140965,1970-01-01 00:00:00.000,"{""lead_tag"": {""deal_blockers"": [], ""deal_readiness"": ""Warm"", ""deal_readiness_reason"": ""The buyer has clear specifications and a set quantity but needs to coordinate further via the phone number provided.""}, ""metadata"": {""call_type"": {""type"": ""B2C"", ""reason"": ""The quantity of 20 pieces is relatively small, often associated with personal or small-scale decorative home use rather than industrial or wholesale distribution."", ""evidence"": {""keywords"": [""Artificial Vertical Grass"", ""Noida"", ""20 pieces""], ""order_type"": {""order_type_category"": ""one-time""}, ""buyer_persona"": {""persona_category"": ""end_consumer""}, ""quantity_scale"": ""Low""}}, ""buyer_intent"": {""narrative"": ""The buyer wants 20 pieces of green artificial vertical grass panels with white flowers, sized 18x24, for a location in or near Noida."", ""reasoning"": ""The buyer provided specific dimensions, colors, and the exact quantity required (20 pieces)."", ""intent_level"": ""High""}, ""call_outcome"": {""category"": ""Follow-up"", ""conclusion_notes"": ""The seller provided a contact number for the buyer to reach out and discuss the requirements further.""}, ""call_purpose"": ""requirement"", ""all_languages"": [""Hindi"", ""English""], ""primary_language"": ""Hindi"", ""additional_details"": {""buyer_queries"": [{""query"": ""Do you have artificial vertical grass for walls?"", ""category"": ""Availability"", ""sequence"": 1}], ""seller_queries"": [{""query"": ""How many pieces do you need?"", ""category"": ""Quantity"", ""sequence"": 2}]}}, ""products"": [{""product_name"": ""Artificial Vertical Grass (Vertical Garden Panels)"", ""specifications"": [{""name"": ""Size"", ""value"": ""18x24"", ""buyer_requested"": true, ""seller_mentioned"": false}, {""name"": ""Grass Color"", ""value"": ""Green"", ""buyer_requested"": true, ""seller_mentioned"": false}, {""name"": ""Flower Detail"", ""value"": ""White flowers in middle"", ""buyer_requested"": true, ""seller_mentioned"": false}], ""quantity_required"": {""unit"": ""pieces"", ""value"": 20}, ""related_categories"": [{""name"": ""Vertical Garden Panels"", ""reason"": ""The panels are specifically used for creating vertical garden structures on walls.""}, {""name"": ""Green Walls"", ""reason"": ""Artificial grass panels are a primary component for installing synthetic green walls.""}], ""is_buyer_interested"": true, ""most_specific_category"": {""name"": ""Artificial Green Wall"", ""reason"": ""The buyer specifically requested 'artificial vertical grass' for a wall application.""}}], ""next_steps"": {""buyer_next_steps"": [""To contact the provided number for further discussion.""], ""seller_next_steps"": [""To share product details and confirm availability for the 20 pieces requirement.""]}, ""buyer_details"": {""buyer_name"": ""af4a400a2ceb7963a424d9cf3779175c8d258facf8a31ee8bc1949dc060e10e6""}, ""seller_details"": {""seller_name"": ""b0d964d1ed25d44c646fe86afcec8a56304bb4be36c01ea4d14785e4a6dc2ba7""}}"
2349599,2366403,25697888,7405,1970-01-01 00:00:00.000,"{""lead_tag"": {""deal_blockers"": [], ""deal_readiness"": ""Hot"", ""deal_readiness_reason"": ""Bulk requirement of 2 tons expressed and immediate move to WhatsApp for coordination.""}, ""metadata"": {""call_type"": {""type"": ""B2B"", ""reason"": ""The buyer is looking for 2 tons of raw material for manufacturing bags, indicating a B2B industrial requirement."", ""evidence"": {""keywords"": [""Raw material"", ""Roll"", ""Bag making""], ""order_type"": {""order_type_category"": ""bulk""}, ""buyer_persona"": {""persona_detail"": ""Bag Manufacturer"", ""persona_category"": ""manufacturer""}, ""quantity_scale"": ""High""}}, ""buyer_intent"": {""narrative"": ""Wants to purchase 2 tons of non-woven fabric rolls for bag manufacturing."", ""reasoning"": ""Buyer provided a specific quantity (2 tons) and end-use (bag making), indicating serious intent."", ""intent_level"": ""High""}, ""call_outcome"": {""category"": ""Pending"", ""conclusion_notes"": ""Moving to WhatsApp for finalized details and quotation (WhatsApp kar do main office pahunch ke call karta hoon).""}, ""call_purpose"": ""requirement"", ""all_languages"": [""Hindi"", ""English""], ""primary_language"": ""Hindi"", ""additional_details"": {""buyer_queries"": [{""query"": ""Do you have non-woven fabric raw material for making bags?"", ""category"": ""Availability"", ""sequence"": 1}], ""seller_queries"": [{""query"": ""How much quantity do you need?"", ""category"": ""Quantity"", ""sequence"": 2}]}, ""intended_application"": ""Bag Production""}, ""products"": [{""product_name"": ""Non Woven Roll (Non Woven Fabric Raw Material)"", ""specifications"": [{""name"": ""Type"", ""value"": ""Roll"", ""buyer_requested"": true, ""seller_mentioned"": true}], ""quantity_required"": {""unit"": ""ton"", ""value"": 2}, ""related_categories"": [{""name"": ""Non Woven Fabric"", ""reason"": ""The product discussed is a raw material for bags, which belongs to the non-woven fabric category.""}], ""is_buyer_interested"": true, ""most_specific_category"": {""name"": ""Non Woven Roll"", ""reason"": ""The buyer specifically requested 'Roll' for making bags, which refers to Non Woven Rolls used in manufacturing.""}, ""seller_accepts_quantity"": true}], ""next_steps"": {""buyer_next_steps"": [""To message the number provided on WhatsApp"", ""To send the technical requirements for the fabric rolls""], ""seller_next_steps"": [""To call once he reaches the office"", ""To provide a price quotation after receiving quantity details""]}, ""buyer_details"": {""buyer_name"": ""3848e9eff8d31953e3762251e377bb08f78099d2f2193740cd0523738da8b1a5""}, ""seller_details"": {""seller_name"": ""44104fcaef8476724152090d6d7bd9afa8ca5b385f6a99d3c6cf36b943b9872d""}}"
2164635,2181424,25697888,7405,1970-01-01 00:00:00.000,"{""lead_tag"": {""deal_blockers"": [], ""deal_readiness"": ""Warm"", ""deal_readiness_reason"": ""Purchased machinery already and is now sourcing raw materials for production.""}, ""metadata"": {""call_type"": {""type"": ""B2B"", ""reason"": ""The buyer is setting up a manufacturing unit for bags and requires rolls for industrial production on a fully automatic machine."", ""evidence"": {""keywords"": [""Non-woven bag making"", ""Fully automatic machine"", ""Fabric rolls""], ""order_type"": {""order_type_category"": ""commercial""}, ""repeat_buyer"": true, ""buyer_persona"": {""persona_detail"": ""Bag Manufacturer"", ""persona_category"": ""manufacturer""}, ""quantity_scale"": ""High""}}, ""buyer_intent"": {""narrative"": ""Seeking non-woven fabric rolls in 80 GSM for a bag-making unit in Muzaffarpur."", ""reasoning"": ""Buyer has already purchased a fully automatic machine and is specifically looking for raw materials to start production."", ""intent_level"": ""High""}, ""call_outcome"": {""category"": ""Follow-up"", ""conclusion_notes"": ""Seller requested the buyer to message on WhatsApp for price details (WhatsApp kariye main details bhejta hoon).""}, ""call_purpose"": ""requirement"", ""all_languages"": [""Hindi"", ""English""], ""primary_language"": ""Hindi"", ""additional_details"": {""buyer_queries"": [{""query"": ""What is the price and rate for the rolls?"", ""category"": ""Pricing"", ""sequence"": 1}], ""seller_queries"": [{""query"": ""Which machine model have you purchased?"", ""category"": ""Specifications"", ""sequence"": 2}]}, ""intended_application"": ""Bag Manufacturing""}, ""products"": [{""in_stock"": ""in stock"", ""product_name"": ""Non Woven Fabric Roll"", ""specifications"": [{""name"": ""GSM"", ""unit"": ""GSM"", ""value"": ""80"", ""buyer_requested"": false, ""seller_mentioned"": true}, {""name"": ""Size"", ""value"": ""13x18"", ""buyer_requested"": true, ""seller_mentioned"": false}], ""related_categories"": [{""name"": ""Non Woven Fabric"", ""reason"": ""The raw material for the bags is non-woven fabric.""}, {""name"": ""PP Non Woven Fabric"", ""reason"": ""Standard non-woven bags are typically made from PP spunbond fabric.""}], ""is_buyer_interested"": true, ""most_specific_category"": {""name"": ""Non Woven Roll"", ""reason"": ""The buyer specifically asked for rolls used for bag making (Bag banane ke liye jo roll aata hai).""}}], ""next_steps"": {""buyer_next_steps"": [""To send the requirement and details on WhatsApp""], ""seller_next_steps"": [""To share product details and rates on WhatsApp""]}, ""buyer_details"": {""buyer_name"": ""558571a68678d189523800c47deae3e74f431a6e11e7e48b937c8a1067d151fc"", ""buyer_location"": {""buyer_city"": ""Muzaffarpur""}, ""buyer_mobile_number"": ""c759acc2f52195f3b6e2e7e8f575f399c52aa48dcd9a2e6c7eeea9e708e97b14""}, ""seller_details"": {""seller_name"": ""44104fcaef8476724152090d6d7bd9afa8ca5b385f6a99d3c6cf36b943b9872d"", ""seller_location"": {""seller_city"": ""Agra""}}}"
1832031,1848810,2816034,14616,1970-01-01 00:00:00.000,"{""lead_tag"": {""deal_blockers"": [], ""deal_readiness"": ""Hot"", ""deal_readiness_reason"": ""Specific technical requirements provided with clear quantity for a sample order.""}, ""metadata"": {""call_type"": {""type"": ""B2B"", ""reason"": ""Buyer is asking for high quantity (5000 units) just as a 'sample', implying large industrial procurement or manufacturing use."", ""evidence"": {""order_type"": {""order_type_category"": ""sample""}, ""repeat_buyer"": true, ""buyer_persona"": {""persona_detail"": ""Sample tester"", ""persona_category"": ""manufacturer""}, ""quantity_scale"": ""High""}}, ""buyer_intent"": {""narrative"": ""Wants 5000 units of 6.3mm or 6.4mm Monobolts for sampling purpose."", ""reasoning"": ""Buyer provided exact diameters (6.3/6.4) and length (20mm) along with a specific sample quantity."", ""intent_level"": ""High""}, ""call_outcome"": {""category"": ""Pending"", ""conclusion_notes"": ""Awaiting price list and internal follow-up tomorrow (Kal baat kar lenge).""}, ""call_purpose"": ""requirement"", ""all_languages"": [""Hindi"", ""English""], ""primary_language"": ""Hindi"", ""additional_details"": {""buyer_queries"": [{""query"": ""What is the price of the 6.3 or 6.4 monbolt?"", ""category"": ""Pricing"", ""sequence"": 1}], ""seller_queries"": [{""query"": ""What quantity do you require?"", ""category"": ""Quantity"", ""sequence"": 2}]}, ""intended_application"": ""Sample Testing""}, ""products"": [{""product_name"": ""Monobolt"", ""specifications"": [{""name"": ""Diameter"", ""unit"": ""mm"", ""value"": ""6.3"", ""buyer_requested"": true, ""seller_mentioned"": true}, {""name"": ""Length"", ""unit"": ""mm"", ""value"": ""20"", ""buyer_requested"": true, ""seller_mentioned"": true}], ""quantity_required"": {""unit"": ""pieces"", ""value"": 5000}, ""related_categories"": [{""name"": ""Blind Fasteners"", ""reason"": ""Monobolts are a sub-category of blind fasteners used in structural applications.""}, {""name"": ""Pop Riveting Tool"", ""reason"": ""Installation of monobolts often requires specific riveting tools similar to pop rivets.""}], ""most_specific_category"": {""name"": ""Blind Rivet"", ""reason"": ""The buyer specifically requested 'Monobolt' which is a type of structural blind rivet.""}, ""seller_accepts_quantity"": true}, {""product_name"": ""Monobolt"", ""specifications"": [{""name"": ""Diameter"", ""unit"": ""mm"", ""value"": ""6.4"", ""buyer_requested"": true, ""seller_mentioned"": false}], ""quantity_required"": {""unit"": ""pieces"", ""value"": 5000}, ""related_categories"": [{""name"": ""Blind Fasteners"", ""reason"": ""Monobolts are part of the blind fastening family.""}], ""most_specific_category"": {""name"": ""Blind Rivet"", ""reason"": ""The buyer inquired about Monobolt variations, specifically the 6.4mm diameter size.""}, ""seller_accepts_quantity"": true}], ""next_steps"": {""buyer_next_steps"": [""To message on WhatsApp to receive the price list"", ""To call back tomorrow to speak with the senior person""], ""seller_next_steps"": [""To send the price list on WhatsApp""]}, ""buyer_details"": {""buyer_location"": {""buyer_city"": ""Ludhiana""}, ""buyer_mobile_number"": ""f6dce42ba23e55e9b9c8549235e5a30e11806a6720240b312acee5460cf19fc4""}, ""seller_details"": {""seller_location"": {""seller_city"": ""Mumbai""}}}"
1832031,1848810,2816034,14616,1970-01-01 00:00:00.000,"{""lead_tag"": {""deal_blockers"": [], ""deal_readiness"": ""Hot"", ""deal_readiness_reason"": ""Specific technical requirements provided with clear quantity for a sample order.""}, ""metadata"": {""call_type"": {""type"": ""B2B"", ""reason"": ""Buyer is asking for high quantity (5000 units) just as a 'sample', implying large industrial procurement or manufacturing use."", ""evidence"": {""order_type"": {""order_type_category"": ""sample""}, ""repeat_buyer"": true, ""buyer_persona"": {""persona_detail"": ""Sample tester"", ""persona_category"": ""manufacturer""}, ""quantity_scale"": ""High""}}, ""buyer_intent"": {""narrative"": ""Wants 5000 units of 6.3mm or 6.4mm Monobolts for sampling purpose."", ""reasoning"": ""Buyer provided exact diameters (6.3/6.4) and length (20mm) along with a specific sample quantity."", ""intent_level"": ""High""}, ""call_outcome"": {""category"": ""Pending"", ""conclusion_notes"": ""Awaiting price list and internal follow-up tomorrow (Kal baat kar lenge).""}, ""call_purpose"": ""requirement"", ""all_languages"": [""Hindi"", ""English""], ""primary_language"": ""Hindi"", ""additional_details"": {""buyer_queries"": [{""query"": ""What is the price of the 6.3 or 6.4 monbolt?"", ""category"": ""Pricing"", ""sequence"": 1}], ""seller_queries"": [{""query"": ""What quantity do you require?"", ""category"": ""Quantity"", ""sequence"": 2}]}, ""intended_application"": ""Sample Testing""}, ""products"": [{""product_name"": ""Monobolt"", ""specifications"": [{""name"": ""Diameter"", ""unit"": ""mm"", ""value"": ""6.3"", ""buyer_requested"": true, ""seller_mentioned"": true}, {""name"": ""Length"", ""unit"": ""mm"", ""value"": ""20"", ""buyer_requested"": true, ""seller_mentioned"": true}], ""quantity_required"": {""unit"": ""pieces"", ""value"": 5000}, ""related_categories"": [{""name"": ""Blind Fasteners"", ""reason"": ""Monobolts are a sub-category of blind fasteners used in structural applications.""}, {""name"": ""Pop Riveting Tool"", ""reason"": ""Installation of monobolts often requires specific riveting tools similar to pop rivets.""}], ""most_specific_category"": {""name"": ""Blind Rivet"", ""reason"": ""The buyer specifically requested 'Monobolt' which is a type of structural blind rivet.""}, ""seller_accepts_quantity"": true}, {""product_name"": ""Monobolt"", ""specifications"": [{""name"": ""Diameter"", ""unit"": ""mm"", ""value"": ""6.4"", ""buyer_requested"": true, ""seller_mentioned"": false}], ""quantity_required"": {""unit"": ""pieces"", ""value"": 5000}, ""related_categories"": [{""name"": ""Blind Fasteners"", ""reason"": ""Monobolts are part of the blind fastening family.""}], ""most_specific_category"": {""name"": ""Blind Rivet"", ""reason"": ""The buyer inquired about Monobolt variations, specifically the 6.4mm diameter size.""}, ""seller_accepts_quantity"": true}], ""next_steps"": {""buyer_next_steps"": [""To message on WhatsApp to receive the price list"", ""To call back tomorrow to speak with the senior person""], ""seller_next_steps"": [""To send the price list on WhatsApp""]}, ""buyer_details"": {""buyer_location"": {""buyer_city"": ""Ludhiana""}, ""buyer_mobile_number"": ""f6dce42ba23e55e9b9c8549235e5a30e11806a6720240b312acee5460cf19fc4""}, ""seller_details"": {""seller_location"": {""seller_city"": ""Mumbai""}}}"
3176697,3193525,25697888,7405,1970-01-01 00:00:00.000,"{""payment"": {}, ""callback"": ""callback by Tomorrow 1 PM - To confirm stock (Kal baje call karta hoon)"", ""lead_tag"": {""deal_blockers"": [], ""deal_readiness"": ""Warm"", ""deal_readiness_reason"": ""Buyer has genuine interest and discussed specifications but the next action depends on sampling quality. ""}, ""metadata"": {""call_type"": {""type"": ""B2C"", ""reason"": ""Buyer is looking for sample for retail use, with no mentioned about bulk or business use. "", ""evidence"": {""keywords"": [""Sample"", ""Quality Check""], ""order_type"": [""trial""], ""repeat_buyer"": false, ""buyer_persona"": {""persona_category"": ""retailer""}, ""quantity_scale"": ""Low""}}, ""buyer_intent"": {""narrative"": ""Buyer is looking for 90 GSM Non Woven Fabric for quality check and sample purposes."", ""reasoning"": ""Buyer shows moderate intent as she inquired for quality check through sample purpose."", ""intent_level"": ""Medium""}, ""call_outcome"": {""category"": ""Follow-up"", ""conclusion_notes"": ""Seller will contact on phone soon. (Chalo phone karwata hon main apko)""}, ""call_purpose"": ""requirement"", ""all_languages"": [""Hindi"", ""English""], ""primary_language"": ""Hindi"", ""additional_details"": {""buyer_queries"": [{""query"": ""Do you have non woven fabric?"", ""category"": ""Specifications"", ""sequence"": 1}, {""query"": ""Do you have 90GSM non woven fabric?"", ""category"": ""Specifications"", ""sequence"": 2}, {""query"": ""Can you send the sample for the product?"", ""category"": ""Specifications"", ""sequence"": 4}], ""seller_queries"": [{""query"": ""How much quantity do you want?"", ""category"": ""Quantity"", ""sequence"": 3}]}, ""intended_application"": ""Quality Check""}, ""products"": [{""product_name"": ""Non Woven Fabric"", ""specifications"": [{""name"": ""GSM"", ""unit"": ""GSM"", ""value"": ""90"", ""buyer_requested"": true, ""seller_mentioned"": true}], ""related_categories"": [{""name"": ""Non Woven Cloth"", ""reason"": ""Non woven fabric also known as non woven cloth.""}], ""is_buyer_interested"": true, ""most_specific_category"": {""name"": ""Non Woven Fabric"", ""reason"": ""The buyer specifically mentions non-woven fabric in the call.""}}], ""next_steps"": {""buyer_next_steps"": [""To check samples and contact the seller""], ""seller_next_steps"": [""To follow up with the buyer for the quality check and the samples.""]}, ""buyer_details"": {""buyer_name"": ""2019e79a05ecec7df7b02b028c274337f08efa26219acf5b6341c207427b75bd""}, ""seller_details"": {""seller_name"": ""44104fcaef8476724152090d6d7bd9afa8ca5b385f6a99d3c6cf36b943b9872d""}}"
846175,857351,3542998,17008,1970-01-01 00:00:00.000,"{""payment"": {}, ""lead_tag"": {""deal_blockers"": [""Service: Hard chrome plating not available"", ""Product: Bearing assembly not available""], ""deal_readiness"": ""Cold"", ""deal_readiness_reason"": ""The seller is unable to provide the hard chrome plating or the bearing assembly requested by the buyer.""}, ""metadata"": {""call_type"": {""type"": ""B2B"", ""reason"": ""The inquiry involves specialized industrial components used in manufacturing machinery, which indicates a B2B transaction."", ""evidence"": {""keywords"": [""Lead Screw"", ""Hard Chrome Plated"", ""Bearing"", ""Model Number""], ""buyer_persona"": ""Manufacturer""}}, ""buyer_intent"": {""narrative"": ""Buyer is seeking a hard chrome plated lead screw assembly with bearings for industrial use."", ""reasoning"": ""The buyer provided specific technical specifications (hard chrome plating, bearing assembly) and referenced a model number."", ""intent_level"": ""High""}, ""call_purpose"": ""requirement"", ""all_languages"": [""Marathi""], ""buyer_conclusion"": {""category"": ""Lost"", ""conclusion_notes"": ""The deal did not proceed as the seller's manufacturing scope does not include plating or bearings (Theek aahe sir, chaltay).""}, ""primary_language"": ""Marathi"", ""additional_details"": {""buyer_queries"": [{""query"": ""Is hard chrome plated lead screw with bearing available?"", ""category"": ""Availability"", ""sequence"": 1}], ""seller_queries"": []}, ""intended_application"": ""Industrial Machinery""}, ""products"": [{""in_stock"": ""not sold"", ""product_name"": ""Lead Screw with Bearing"", ""specifications"": [{""name"": ""Plating"", ""value"": ""Hard Chrome Plated"", ""buyer_requested"": true, ""seller_mentioned"": true}, {""name"": ""Assembly Components"", ""value"": ""With Bearing"", ""buyer_requested"": true, ""seller_mentioned"": true}], ""related_categories"": [{""name"": ""Precision Machine Tools"", ""reason"": ""Lead screws are critical precision components used in various machine tools.""}], ""is_buyer_interested"": true, ""most_specific_category"": {""name"": ""Lead Screw"", ""reason"": ""The buyer is specifically inquiring about a lead screw assembly.""}, ""quantity_accepted_by_seller"": false}, {""in_stock"": ""in stock"", ""product_name"": ""Lead Screw with Nut"", ""specifications"": [{""name"": ""Assembly Components"", ""value"": ""With Nut"", ""buyer_requested"": false, ""seller_mentioned"": true}], ""related_categories"": [{""name"": ""Lead Nuts"", ""reason"": ""The seller manufactures lead screws that come integrated with nuts.""}], ""is_buyer_interested"": false, ""most_specific_category"": {""name"": ""Lead Screw"", ""reason"": ""The seller explicitly mentioned that they manufacture lead screws with nuts.""}}], ""call_back"": ""No callback mentioned - Deal closed due to non-availability of specific requirements"", ""next_steps"": {""buyer_next_steps"": [], ""seller_next_steps"": []}, ""buyer_details"": {}, ""seller_details"": {}, ""minimum_order_quantity"": {}}"
2176949,2193740,3542998,17008,1970-01-01 00:00:00.000,"{""callback"": ""callback by Today - To follow up as the voice was breaking in the initial call (Aapka awaaz hi nahi aa raha hai, main vapas call karta hoon)"", ""lead_tag"": {""deal_blockers"": [{""detail"": ""Poor network/audio quality prevented detailed discussion"", ""category"": ""Other""}], ""deal_readiness"": ""Warm"", ""deal_readiness_reason"": ""Buyer specifically asked for a custom requirement (500mm length) and reached out regarding an IndiaMART inquiry.""}, ""metadata"": {""call_type"": {""type"": ""B2B"", ""reason"": ""The buyer is inquiring for specific machine components in small quantity, likely for a one-time project or prototype."", ""evidence"": {""keywords"": [""500mm"", ""Lead screw"", ""Trapezoidal nut""], ""order_type"": {""order_type_category"": ""one-time""}, ""repeat_buyer"": false}}, ""buyer_intent"": {""narrative"": ""Wants 2 pieces of 500mm lead screw with trapezoidal nuts for a specific requirement."", ""reasoning"": ""Buyer provided specific dimensions (500mm) and quantity (2 pieces), indicating a clear need."", ""intent_level"": ""High""}, ""call_outcome"": {""category"": ""Follow-up"", ""conclusion_notes"": ""Seller will call back due to poor audio quality (Rukoye main aapko call karta hoon vapas, awaaz nahi aa raha)""}, ""call_purpose"": ""requirement"", ""all_languages"": [""Hindi"", ""English""], ""primary_language"": ""Hindi"", ""additional_details"": {""buyer_queries"": [], ""seller_queries"": []}}, ""products"": [{""product_name"": ""Lead Screw (with Trapezoidal Nut)"", ""specifications"": [{""name"": ""Length"", ""unit"": ""mm"", ""value"": ""500"", ""buyer_requested"": false, ""seller_mentioned"": false}], ""quantity_required"": {""unit"": ""pieces"", ""value"": 2}, ""related_categories"": [{""name"": ""Acme Screws"", ""reason"": ""Trapezoidal screws are often categorized under acme or power screws due to their thread shape.""}, {""name"": ""Precision Screws"", ""reason"": ""Lead screws are used for precision linear motion control.""}], ""is_buyer_interested"": true, ""most_specific_category"": {""name"": ""Lead Screw"", ""reason"": ""The buyer explicitly mentioned 'lead screw' with a 'trapezoidal nut'.""}}], ""next_steps"": {""buyer_next_steps"": [""To wait for the seller's callback""], ""seller_next_steps"": [""To call the buyer back once the connection is stable""]}, ""buyer_details"": {""buyer_name"": ""44ec4102fdb9325d03dbf0f26438d79660fc06ac15f77a5bb8ed913425f6eaf0"", ""buyer_mobile_number"": ""50f0ca98f0cddba9fe5b282ccfeef638e6b13e69187780a224f5906487425e6c""}, ""seller_details"": {""seller_name"": ""70327789a444281bf1cb883868ec949170a1ada7f02bb266d24fb74e7aa5f88b""}}"
2355306,2372110,16485811,1149,1970-01-01 00:00:00.000,"{""lead_tag"": {""deal_blockers"": [{""detail"": ""Seller does not deal in sterile surgical gloves."", ""category"": ""Availability""}], ""deal_readiness"": ""Warm"", ""deal_readiness_reason"": ""The contact information was exchanged and pricing was accepted; buyer needs to confirm with the end user.""}, ""metadata"": {""call_type"": {""type"": ""B2B"", ""reason"": ""The discussion about imported inventory, specific box pricing (100 pcs), and GST indicates a B2B commercial inquiry for stock."", ""evidence"": {""keywords"": [""Imported"", ""GST"", ""Box pricing""], ""order_type"": {""order_type_category"": ""commercial""}, ""buyer_persona"": {""persona_category"": ""retailer""}, ""quantity_scale"": ""High""}}, ""buyer_intent"": {""narrative"": ""Buyer is looking for surgical and examination gloves in Kolkata for business/resale purposes."", ""reasoning"": ""Buyer specifically requested prices for two types of gloves and recorded the seller's contact and location details for future transaction."", ""intent_level"": ""High""}, ""call_outcome"": {""category"": ""Pending"", ""conclusion_notes"": ""Buyer will check and get back if the end user accepts the white gloves (White ta unara niye nen tahole apnar sathe ami contact kore nebo).""}, ""call_purpose"": ""requirement"", ""all_languages"": [""Bengali"", ""English""], ""primary_language"": ""Bengali"", ""additional_details"": {""buyer_queries"": [{""query"": ""What is the rate for surgical gloves?"", ""category"": ""Pricing"", ""sequence"": 1}, {""query"": ""Where is your shop located?"", ""category"": ""Other"", ""sequence"": 3}], ""seller_queries"": [{""query"": ""Do you need examination gloves or sterile gloves?"", ""category"": ""Specifications"", ""sequence"": 2}]}}, ""products"": [{""price"": {""gst"": {""value"": 5, ""is_gst_included"": false}, ""value"": 210, ""currency"": ""INR"", ""price_unit"": ""box"", ""buyer_price_reaction"": {""quote"": ""210 Taka box okhne 100 stickers thake na"", ""category"": ""Accepted""}}, ""product_name"": ""Examination Gloves"", ""specifications"": [{""name"": ""Type"", ""value"": ""Examination"", ""buyer_requested"": true, ""seller_mentioned"": true}, {""name"": ""Material"", ""value"": ""White Latex"", ""buyer_requested"": false, ""seller_mentioned"": true}, {""name"": ""Powder Status"", ""value"": ""With Powder"", ""buyer_requested"": false, ""seller_mentioned"": true}, {""name"": ""Packaging"", ""unit"": ""pieces"", ""value"": ""100"", ""buyer_requested"": true, ""seller_mentioned"": true}, {""name"": ""Origin"", ""value"": ""Imported"", ""buyer_requested"": false, ""seller_mentioned"": true}], ""related_categories"": [{""name"": ""Latex Gloves"", ""reason"": ""The seller confirms the material is white latex.""}, {""name"": ""Powder Free Gloves"", ""reason"": ""The product is the powdered version of disposable gloves.""}], ""is_buyer_interested"": true, ""most_specific_category"": {""name"": ""Examination Gloves"", ""reason"": ""The seller explicitly identifies the product as 'Examination gloves' which are 'white latex with powder'.""}}, {""in_stock"": ""not sold"", ""product_name"": ""Surgical Gloves (Sterilized)"", ""specifications"": [{""name"": ""Sterilization"", ""value"": ""Sterile"", ""buyer_requested"": true, ""seller_mentioned"": true}], ""is_buyer_interested"": true, ""most_specific_category"": {""name"": ""Sterile Surgical Gloves"", ""reason"": ""Buyer specifically asks for 'Sterile surgical gloves' which the seller confirms they do not deal in.""}}], ""next_steps"": {""buyer_next_steps"": [""To confirm with the end-user if the white latex examination gloves are acceptable.""], ""seller_next_steps"": [""To provide product details or samples if the buyer follows up.""]}, ""buyer_details"": {""buyer_name"": ""4acb5f3007abd9d51f49c4186d42dd47366556fbe4ad0d2f3df24831d16f12c5"", ""buyer_location"": {""buyer_city"": ""Kolkata""}}, ""seller_details"": {""seller_name"": ""0919191a0f93df47ddc0cdc723ca1dd0fe13797e6cd80f982ca619ecead95dbf"", ""seller_location"": {""seller_city"": ""Kolkata"", ""seller_locality"": ""Dunlop Ananya""}, ""seller_mobile_number"": ""bf50f339ae3b8b0c46aae04a4039c7667cb3562d9d7e92b5e1504370757eddfb""}}"
2694583,2711403,2816034,14616,1970-01-01 00:00:00.000,"{""callback"": ""callback by Tomorrow - To share requirement details (Kal call karke batata hoon)"", ""lead_tag"": {""deal_blockers"": [], ""deal_readiness"": ""Warm"", ""deal_readiness_reason"": ""Showed clear interest for specific product code but needs to share further requirements on WhatsApp.""}, ""metadata"": {""call_type"": {""type"": ""B2B"", ""reason"": ""Buyer specific requirement for industrial rivets and confirmed contact sharing for further business."", ""evidence"": {""keywords"": [""803 color"", ""wooden rivets""], ""order_type"": [""other""], ""repeat_buyer"": false}}, ""buyer_intent"": {""narrative"": ""Wants 803 color wooden rivets."", ""reasoning"": ""Knows specific color code and requested WhatsApp number to share further order details."", ""intent_level"": ""High""}, ""call_outcome"": {""category"": ""Follow-up"", ""conclusion_notes"": ""Will share quantity and color code on WhatsApp (WhatsApp kar dena code aur quantity).""}, ""call_purpose"": ""requirement"", ""all_languages"": [""Hindi"", ""English""], ""primary_language"": ""Hindi"", ""additional_details"": {""buyer_queries"": [{""query"": ""Do you have rivets available?"", ""category"": ""Availability"", ""sequence"": 1}, {""query"": ""Do you have 803 color wooden rivets?"", ""category"": ""Specifications"", ""sequence"": 2}], ""seller_queries"": [{""query"": ""Can you ask for my WhatsApp number for sharing details?"", ""category"": ""Other"", ""sequence"": 3}, {""query"": ""What quantity do you need?"", ""category"": ""Quantity"", ""sequence"": 4}]}, ""intended_application"": ""Industrial Reselling""}, ""products"": [{""in_stock"": ""in stock"", ""product_name"": ""Wooden Rivets (803 color)"", ""specifications"": [{""name"": ""Color"", ""value"": ""803 Wooden"", ""buyer_requested"": true, ""seller_mentioned"": true}], ""related_categories"": [{""name"": ""Rivets"", ""reason"": ""Broad category for fasteners like rivets.""}, {""name"": ""Metal Rivet"", ""reason"": ""Rivets are generally made of metal alloys.""}], ""is_buyer_interested"": true, ""most_specific_category"": {""name"": ""Colored Rivet"", ""reason"": ""Specifically mentioned 803 color rivets.""}}], ""next_steps"": {""buyer_next_steps"": [""To share quantity and color code on WhatsApp""], ""seller_next_steps"": [""To check requirements on WhatsApp and provide quote""]}, ""buyer_details"": {""buyer_name"": ""0ff0647f4b8e50b9382701758a3b26d9945d94538546038980ac0cd2cc16a8fd""}, ""seller_details"": {""seller_name"": ""f3a7bb54afbfff326af325a502eb7fe65da46833cc471a34d99dfe10199cb233""}}"
862733,874104,18989867,138541,1970-01-01 00:00:00.000,"{""payment"": {}, ""lead_tag"": {""deal_blockers"": [], ""deal_readiness"": ""Warm"", ""deal_readiness_reason"": ""The buyer has a specific requirement for a plant setup and is checking machine specs and pricing.""}, ""metadata"": {""call_type"": {""type"": ""B2B"", ""reason"": ""The buyer is inquiring about a 100 kg/hr capacity machine setup for a plant, indicating commercial/industrial use rather than personal."", ""evidence"": {""keywords"": [""Garlic Peeler"", ""100 kg capacity"", ""Plant setup"", ""Manufacturer""], ""order_type"": ""Industrial Setup"", ""repeat_buyer"": false, ""buyer_persona"": ""Industrialist/Entrepreneur"", ""quantity_scale"": ""High""}}, ""buyer_intent"": {""narrative"": ""Wants a 100 kg/hr garlic peeling machine setup for a plant in Bangalore."", ""reasoning"": ""Buyer specifies industrial capacity, asks about a full machine setup, and mentions setting up a plant in Bangalore."", ""intent_level"": ""High""}, ""call_purpose"": ""requirement"", ""all_languages"": [""Hindi"", ""English""], ""buyer_conclusion"": {""category"": ""Follow-up"", ""conclusion_notes"": ""Buyer requested full setup details on WhatsApp to review before deciding on a visit (Details WhatsApp rakh dijiye main dekh ke phone karunga).""}, ""primary_language"": ""Hindi"", ""additional_details"": {""buyer_queries"": [{""query"": ""Is there any dealer in Bangalore?"", ""category"": ""Logistics"", ""sequence"": 1}, {""query"": ""Do you have all the machine availability?"", ""category"": ""Inventory"", ""sequence"": 3}, {""query"": ""What is the price for the 100 kg machine setup?"", ""category"": ""Pricing"", ""sequence"": 5}], ""seller_queries"": [{""query"": ""How much capacity do you require?"", ""category"": ""Specs"", ""sequence"": 2}, {""query"": ""When are you planning to take it or visit Ahmedabad?"", ""category"": ""Lead Qualification"", ""sequence"": 4}]}, ""intended_application"": ""Plant Setup""}, ""products"": [{""price"": {""value"": 350000, ""currency"": ""INR"", ""price_unit"": ""setup"", ""price_reaction_by_buyer"": ""Accepted: (3.5 lakh is 3,50,000, details bhej dijiye)""}, ""in_stock"": ""in stock"", ""product_name"": ""Garlic Peeling Machine Setup"", ""specifications"": [{""name"": ""Capacity"", ""unit"": ""kg/hr"", ""value"": ""100"", ""buyer_requested"": true, ""seller_mentioned"": true}, {""name"": ""Components Included"", ""value"": ""Peeling machine, breaker machine, compressor, dryer"", ""buyer_requested"": false, ""seller_mentioned"": true}], ""quantity_required"": {""unit"": ""unit"", ""value"": 1}, ""related_categories"": [{""name"": ""Peeling Machine"", ""reason"": ""It is a specialized type of peeling machine for garlic.""}, {""name"": ""Vegetable Peeling Machine"", ""reason"": ""Garlic is a vegetable, and this machine is used for its peeling process.""}], ""is_buyer_interested"": true, ""most_specific_category"": {""name"": ""Garlic Peeling Machine"", ""reason"": ""The buyer is specifically inquiring about a garlic peeling machine setup for industrial use.""}, ""quantity_accepted_by_seller"": true}], ""call_back"": ""callback by After WhatsApp details - To discuss further (Details dekh ke phone karunga)"", ""next_steps"": {""buyer_next_steps"": [""To review machine details and photos on WhatsApp"", ""To visit the Ahmedabad factory if the details are satisfactory""], ""seller_next_steps"": [""To share full setup details, photos, and catalogs on WhatsApp""]}, ""buyer_details"": {""buyer_name"": ""a260da9a7a61d18c5404948e4b1f54973f8356a303237b52ffc4aac3f26017fd"", ""buyer_location"": {""buyer_city"": ""Bangalore""}, ""buyer_mobile_number"": ""1cefa6ab6c2f882c5b96ba6fb699edfad9d18de6647a674b3136bd4b012b6e57""}, ""seller_details"": {""seller_name"": ""b097bade29ef6c984ea1c6f28ec5ece165c3765a459f16085d618a97f9a60286"", ""seller_location"": {""seller_city"": ""Ahmedabad""}}, ""minimum_order_quantity"": {}}"
2388270,2405075,15394007,156885,1970-01-01 00:00:00.000,"{""callback"": ""callback by Monday 1 PM - To confirm stock (Ek baje call karke finalize karte hain)"", ""lead_tag"": {""deal_blockers"": [], ""deal_readiness"": ""Warm"", ""deal_readiness_reason"": ""The buyer has specific technical queries about TDS levels and power supply but needs to wait for a call from the technical lead.""}, ""metadata"": {""call_type"": {""type"": ""B2C"", ""reason"": ""The buyer wants to install the water conditioner in his personal flat, indicating a B2C nature."", ""evidence"": {""keywords"": [""Home Installation"", ""Flat"", ""450-500 PPM Hardness""], ""order_type"": {""order_type_category"": ""one-time""}, ""buyer_persona"": {""persona_detail"": ""Home Owner"", ""persona_category"": ""end_consumer""}, ""quantity_scale"": ""Low""}}, ""buyer_intent"": {""narrative"": ""Wants to install an electronic water conditioner at his flat with a specific water hardness level of 450-500 PPM."", ""reasoning"": ""The buyer knew his exact water hardness (PPM) and asked about specific technical requirements like power supply, showing serious intent for home installation."", ""intent_level"": ""High""}, ""call_outcome"": {""category"": ""Follow-up"", ""conclusion_notes"": ""The seller will have a senior person call back to address technical specifications (Sir ko number de dungi wo call kar lenge).""}, ""call_purpose"": ""requirement"", ""all_languages"": [""Gujarati"", ""English""], ""primary_language"": ""Gujarati"", ""additional_details"": {""buyer_queries"": [{""query"": ""Will the electronic water conditioner work with a TDS level of 450-500 PPM?"", ""category"": ""Specifications"", ""sequence"": 1}, {""query"": ""Does this electronic water conditioner require an electrical power supply or is it non-electric?"", ""category"": ""Specifications"", ""sequence"": 2}], ""seller_queries"": []}}, ""products"": [{""in_stock"": ""in stock"", ""product_name"": ""Electronic Water Conditioner"", ""specifications"": [{""name"": ""Hardness Handling Capacity"", ""unit"": ""PPM"", ""value"": ""450"", ""buyer_requested"": true, ""seller_mentioned"": false}, {""name"": ""Power Supply Requirement"", ""value"": ""Electronic"", ""buyer_requested"": true, ""seller_mentioned"": false}], ""related_categories"": [{""name"": ""Water Conditioner"", ""reason"": ""General category for devices that treat hard water.""}, {""name"": ""Water Softeners"", ""reason"": ""The product is intended to manage water hardness (PPM).""}], ""is_buyer_interested"": true, ""most_specific_category"": {""name"": ""Electronic Water Conditioners"", ""reason"": ""The buyer explicitly asks about an 'electronic' product for water softening/conditioning.""}}], ""next_steps"": {""buyer_next_steps"": [""To wait for a technical callback from the seller's senior team""], ""seller_next_steps"": [""To have a senior representative call to explain technical specs and power requirements""]}, ""buyer_details"": {""buyer_name"": ""3916284aafcf7adac206d7ea999696b1f22df2e0bb168e3c5896246fb8495485"", ""buyer_mobile_number"": ""b4f1cc2bf54d4617cb4bd525e1aa50d4017c0b691819cb499de0eb8ce900aab3""}, ""seller_details"": {""seller_name"": ""6916ce4b4481f9d51ea5766a3d9c723e7e02ab3f49cd5cdfeeae7c99d15e29f7""}}"
2711651,2728471,8510839,78132,1970-01-01 00:00:00.000,"{""callback"": ""callback by Today - To discuss requirements (Inquiry bhejiye then discuss karte hai)"", ""lead_tag"": {""deal_blockers"": [], ""deal_readiness"": ""Warm"", ""deal_readiness_reason"": ""Buyer has genuine interest for resale business and shared details for pricing.""}, ""metadata"": {""call_type"": {""type"": ""B2B"", ""reason"": ""The buyer explicitly states they have a trading business and need parts for resale purposes, indicating a B2B relationship."", ""evidence"": {""order_type"": [""recurring"", ""commercial""], ""repeat_buyer"": true, ""buyer_persona"": {""persona_detail"": ""Trading Business"", ""persona_category"": ""wholesaler""}}}, ""buyer_intent"": {""narrative"": ""Wants spare parts for Keon forklift for a trading business."", ""reasoning"": ""The buyer is inquiring for resale purposes and has a trading business."", ""intent_level"": ""Medium""}, ""call_outcome"": {""category"": ""Follow-up"", ""conclusion_notes"": ""Requirement details and business card to be shared on WhatsApp (Re-sell purpose chahiye trading business ke liye).""}, ""call_purpose"": ""requirement"", ""all_languages"": [""Hindi"", ""English""], ""primary_language"": ""Hindi"", ""additional_details"": {""buyer_queries"": [{""query"": ""Are Keon forklift spare parts available?"", ""category"": ""Availability"", ""sequence"": 1}], ""seller_queries"": [{""query"": ""What is your company name and other details?"", ""category"": ""Other"", ""sequence"": 2}]}, ""intended_application"": ""Retail Resale""}, ""products"": [{""in_stock"": ""in stock"", ""product_name"": ""Keon Forklift Spare Parts"", ""specifications"": [{""name"": ""Brand"", ""value"": ""Keon"", ""buyer_requested"": true, ""seller_mentioned"": true}], ""related_categories"": [{""name"": ""Forklift Truck Parts"", ""reason"": ""Spare parts of a forklift are fundamental components of forklift trucks.""}, {""name"": ""Forklift Attachments"", ""reason"": ""Forklift parts often include various attachments or components.""}], ""is_buyer_interested"": true, ""most_specific_category"": {""name"": ""Forklift Parts"", ""reason"": ""The conversation was specifically about Keon forklift spare parts.""}}], ""next_steps"": {""buyer_next_steps"": [""To send technical inquiry on WhatsApp"", ""To share business card and company details""], ""seller_next_steps"": [""To provide price quotation after receiving inquiry"", ""To check stock availability for the requested parts""]}, ""buyer_details"": {""buyer_name"": ""076f958266ad7c3c53828c21dfcedc1dd41018ad093eb68a2f7d92dd5f5d6c5c""}, ""seller_details"": {""seller_name"": ""a5bb9829c699828fa7abf756356dfbbac04cea5a90346435286036c953f7c65f""}}"
2712542,2729362,12842665,1794,1970-01-01 00:00:00.000,"{""callback"": ""callback by [Time/Date IST] - [Context]"", ""lead_tag"": {""deal_blockers"": [{""detail"": ""Product not available (seller does not sell 72mm thickness)"", ""category"": ""Availability""}], ""deal_readiness"": ""Cold"", ""deal_readiness_reason"": ""The seller does not stock the specific thickness requested, and no alternative was discussed.""}, ""metadata"": {""call_type"": {""type"": ""B2C"", ""reason"": ""The buyer inquired about a very specific and unusual thickness of plywood which was unavailable, leading to a dead end with no further business context."", ""evidence"": {""keywords"": [""72mm Thickness"", ""Plywood""], ""order_type"": [""other""], ""repeat_buyer"": false, ""quantity_scale"": ""Low""}}, ""buyer_intent"": {""narrative"": ""Looking for 72mm thickness plywood."", ""reasoning"": ""The buyer has a specific technical requirement for 72mm thickness, which shows intent, but did not proceed further after the seller denied availability."", ""intent_level"": ""Medium""}, ""call_outcome"": {""category"": ""Lost"", ""conclusion_notes"": ""Seller does not sell 72mm thickness plywood (72 mm nahi hai).""}, ""call_purpose"": ""requirement"", ""all_languages"": [""Hindi"", ""English""], ""primary_language"": ""Hindi"", ""additional_details"": {""buyer_queries"": [{""query"": ""Do you keep 72 mm thickness plywood?"", ""category"": ""Availability"", ""sequence"": 1}], ""seller_queries"": []}, ""intended_application"": ""Plywood Requirement""}, ""products"": [{""in_stock"": ""not sold"", ""product_name"": ""Plywood"", ""specifications"": [{""name"": ""Thickness"", ""unit"": ""mm"", ""value"": ""72"", ""buyer_requested"": true, ""seller_mentioned"": false}], ""related_categories"": [{""name"": ""Hardwood Plywood"", ""reason"": ""Plywood is a broad category encompassing various types including hardwood.""}, {""name"": ""Plywood Boards"", ""reason"": ""Plywood is often referred to as plywood boards in the industry.""}], ""is_buyer_interested"": true, ""most_specific_category"": {""name"": ""Plywoods"", ""reason"": ""The buyer specifically asked for 72mm thickness plywood.""}}], ""next_steps"": {""buyer_next_steps"": [], ""seller_next_steps"": []}, ""buyer_details"": {""buyer_mobile_number"": ""f71d5962c3626ba77abb0a788ee40fb42b6075a7664de058748300d53e8b3de5""}, ""seller_details"": {""seller_name"": ""d9becfca41ed8d07a394cf422e945eb6c0f87dcc5c07d463be47bdd19546bdfd""}}"
522461,531240,18989867,138541,1970-01-01 00:00:00.000,"{""metadata"": {""call_type"": {""type"": ""B2B"", ""reason"": ""The buyer is inquiring for a garlic peeling machine for business use, although the requirement is on a smaller scale. The seller deals in higher capacity industrial machines."", ""evidence"": {""keywords"": [""Chhota mota kaam""], ""order_type"": ""commercial"", ""buyer_persona"": ""shop keeper"", ""quantity_scale"": ""Low""}}, ""call_purpose"": ""requirement"", ""all_languages"": [""Hindi"", ""English""], ""primary_language"": ""Hindi""}, ""products"": [{""price"": {""value"": 200000, ""currency"": ""INR""}, ""in_stock"": ""in stock"", ""product_name"": ""Garlic Peeling Machine (Lassan chilne ki machine)"", ""specifications"": [{""name"": ""Capacity"", ""unit"": ""kg"", ""value"": ""50"", ""buyer_requested"": false, ""seller_mentioned"": true}, {""name"": ""Features"", ""value"": ""Breaker filling"", ""buyer_requested"": false, ""seller_mentioned"": true}], ""related_categories"": [{""name"": ""Vegetable Peeling Machine"", ""reason"": ""Garlic peeling machines are a sub-type of vegetable peeling equipment.""}, {""name"": ""Peeling Machine"", ""reason"": ""It is a specialized machine for peeling food items.""}], ""is_buyer_interested"": true, ""most_specific_category"": {""name"": ""Garlic Peeling Machine"", ""reason"": ""The buyer explicitly asked for a 'Lassan chilne ki machine' which translates to Garlic Peeling Machine.""}}, {""in_stock"": ""not sold"", ""product_name"": ""Garlic Peeling Machine (Small capacity)"", ""specifications"": [{""name"": ""Capacity"", ""unit"": ""kg"", ""value"": ""10"", ""buyer_requested"": true, ""seller_mentioned"": false}], ""related_categories"": [{""name"": ""Vegetable Peeling Machine"", ""reason"": ""Small scale food processing equipment.""}], ""is_buyer_interested"": true, ""most_specific_category"": {""name"": ""Garlic Peeling Machine"", ""reason"": ""The buyer requested a lower capacity version of the garlic peeler.""}}], ""next_steps"": {""buyer_next_steps"": [], ""seller_next_steps"": []}, ""buyer_details"": {""buyer_name"": ""d53e87ae9826127e67b0d0185cf0d0786ced16d4c65a912c7861f01c316ce692"", ""buyer_mobile_number"": ""d62d1419ce3624e0a7e03b4895700a665d0e668e99eee06afd81bee8ed2fa0da""}, ""seller_details"": {""seller_name"": ""b097bade29ef6c984ea1c6f28ec5ece165c3765a459f16085d618a97f9a60286""}}"
523307,532094,14306404,41063,1970-01-01 00:00:00.000,"{""metadata"": {""call_type"": {""type"": ""B2B"", ""reason"": ""The buyer is inquiring about supplying F1 variety watermelon seeds, typically associated with commercial agriculture or distribution, indicating a B2B context."", ""evidence"": {""order_type"": ""bulk"", ""repeat_buyer"": false}}, ""call_purpose"": ""requirement"", ""all_languages"": [""English"", ""Hindi""], ""primary_language"": ""English""}, ""products"": [{""in_stock"": ""in stock"", ""product_name"": ""F1 Watermelon Seeds"", ""specifications"": [{""name"": ""Type"", ""value"": ""F1"", ""buyer_requested"": true, ""seller_mentioned"": false}], ""related_categories"": [{""name"": ""Watermelon"", ""reason"": ""The product is a variety of watermelon.""}, {""name"": ""Hybrid Seeds"", ""reason"": ""F1 indicates a first-generation hybrid seed.""}, {""name"": ""Fruit Seeds"", ""reason"": ""Watermelon is a fruit, and these are its seeds.""}], ""is_buyer_interested"": true, ""most_specific_category"": {""name"": ""Hybrid Watermelon Seeds"", ""reason"": ""The buyer specifically mentioned F1 type watermelon seeds, which refers to hybrid varieties.""}}], ""next_steps"": {""buyer_next_steps"": [""To call back after completing the journey""]}, ""buyer_details"": {""buyer_name"": ""a303517c07f1d0005ae98586a452783a40203cdca8460356d26f22d79f2b9818""}, ""seller_details"": {""seller_name"": ""03105d508afac3108f115aef7a1c685b848f06631b81f2345535458c5937631f""}}"
3222020,3238850,25697888,7405,1970-01-01 00:00:00.000,"{""payment"": {}, ""callback"": ""No callback reported"", ""lead_tag"": {""deal_blockers"": [{""detail"": ""Seller does not deal in 1 kg quantities"", ""category"": ""MOQ""}], ""deal_readiness"": ""Cold"", ""deal_readiness_reason"": ""The buyer requires 1 kg while the seller mentioned they don't deal in such a small quantity.""}, ""metadata"": {""call_type"": {""type"": ""B2C"", ""reason"": ""The buyer is asking for a very small retail quantity of 1 kg for personal use or a small project, and the seller refused the low volume."", ""evidence"": {""keywords"": [""Fabric for Apron"", ""Non Woven""], ""order_type"": [""one-time""], ""repeat_buyer"": false, ""quantity_scale"": ""Low""}}, ""buyer_intent"": {""narrative"": ""The buyer is looking for a small quantity of 1 kg of non woven fabric for aprons."", ""reasoning"": ""The buyer has a specific requirement but the quantity is very low (1kg) which suggests personal use rather than business scale."", ""intent_level"": ""Low""}, ""call_outcome"": {""category"": ""Lost"", ""conclusion_notes"": ""Seller refused the order as they do not deal in 1 kg quantities (We don't deal 1kg).""}, ""call_purpose"": ""requirement"", ""all_languages"": [""English"", ""Malayalam""], ""primary_language"": ""English"", ""additional_details"": {""buyer_queries"": [{""query"": ""I just need 1 kg of non-woven fabric for aprons, is that available?"", ""category"": ""Quantity"", ""sequence"": 3}], ""seller_queries"": [{""query"": ""What do you want?"", ""category"": ""Specifications"", ""sequence"": 1}, {""query"": ""How much quantity do you need?"", ""category"": ""Quantity"", ""sequence"": 2}]}, ""intended_application"": ""Apron making""}, ""products"": [{""in_stock"": ""in stock"", ""product_name"": ""Non-Woven Fabric [Non Woven Fabric for Apron]"", ""specifications"": [{""name"": ""End Use"", ""value"": ""Apron"", ""buyer_requested"": false, ""seller_mentioned"": false}], ""quantity_required"": {""unit"": ""kg"", ""value"": 1}, ""related_categories"": [{""name"": ""Non Woven Cloth"", ""reason"": ""Non woven fabric is essentially the base cloth material used for making aprons.""}, {""name"": ""Medical Fabrics"", ""reason"": ""Non woven fabric is frequently used in the medical industry for making disposables like aprons.""}], ""is_buyer_interested"": true, ""seller_accepts_quantity"": false}], ""next_steps"": {""buyer_next_steps"": [], ""seller_next_steps"": []}, ""buyer_details"": {""buyer_name"": ""ea1b9d779a37fa378d87c40dd6a56fcd491a7c9bef3a1f6e40228031bf00ac68""}, ""seller_details"": {""seller_name"": ""44104fcaef8476724152090d6d7bd9afa8ca5b385f6a99d3c6cf36b943b9872d""}}"
1313779,1330540,6082181,41705,1970-01-01 00:00:00.000,"{""lead_tag"": {""deal_blockers"": [{""detail"": ""Seller has an exclusive MOU and cannot take new orders currently."", ""category"": ""Availability""}], ""deal_readiness"": ""Cold"", ""deal_readiness_reason"": ""Seller is currently unable to fulfill new orders due to an exclusive MOU with another client.""}, ""metadata"": {""call_type"": {""type"": ""B2B"", ""reason"": ""The buyer represents an enterprise (Darshana Enterprises) searching for packaging supplies, indicating a B2B transaction intent."", ""evidence"": {""order_type"": {""order_type_category"": ""commercial""}, ""repeat_buyer"": false}}, ""buyer_intent"": {""narrative"": ""Seeking a soft fruit net roll but faced with unavailability from the seller."", ""reasoning"": ""The buyer had a specific requirement for soft fruit nets and was willing to wait a week, but the seller cannot provide it."", ""intent_level"": ""Medium""}, ""call_outcome"": {""category"": ""Lost"", ""conclusion_notes"": ""Seller cannot fulfill the order due to an exclusive agreement (MOU kiya hua hai unka hi maal banate hain).""}, ""call_purpose"": ""requirement"", ""all_languages"": [""Hindi"", ""English""], ""primary_language"": ""Hindi"", ""additional_details"": {""buyer_queries"": [{""query"": ""What is the price for soft net rolls?"", ""category"": ""Pricing"", ""sequence"": 1}, {""query"": ""Can it be made within a week if ordered?"", ""category"": ""Delivery"", ""sequence"": 2}], ""seller_queries"": [{""query"": ""Are you looking for hard net or soft net?"", ""category"": ""Specifications"", ""sequence"": 3}]}, ""intended_application"": ""Fruit Packaging""}, ""products"": [{""in_stock"": ""out of stock"", ""product_name"": ""Soft Net (Fruit Net Roll)"", ""specifications"": [{""name"": ""Type"", ""value"": ""Soft"", ""buyer_requested"": true, ""seller_mentioned"": true}], ""related_categories"": [{""name"": ""Fruit Net Bags"", ""reason"": ""Fruit net rolls are often converted into bags for packaging fruit.""}, {""name"": ""Packaging Materials"", ""reason"": ""Net rolls are a form of protective packaging material.""}], ""is_buyer_interested"": true, ""most_specific_category"": {""name"": ""Fruit Packaging Foam Net"", ""reason"": ""The buyer specifically requested 'Fruit Net Roll' and later specified 'Soft Net' which is typically used for fruit packaging.""}}], ""next_steps"": {""buyer_next_steps"": [], ""seller_next_steps"": []}, ""buyer_details"": {""buyer_name"": ""7894cee8dafeebe967d3dbdfbe02d2c0e47fa8039d674b7b12c3f569886db8ce""}, ""seller_details"": {}}"
2418611,2435418,15394007,156885,1970-01-01 00:00:00.000,"{""payment"": {}, ""callback"": ""callback by Tomorrow - To discuss specifications after sharing product catalog (WhatsApp bhej ke fir call karta hoon)"", ""lead_tag"": {""deal_blockers"": [], ""deal_readiness"": ""Warm"", ""deal_readiness_reason"": ""The buyer has shown interest and is waiting for the catalog and other details on WhatsApp.""}, ""metadata"": {""call_type"": {""type"": ""B2C"", ""reason"": ""The buyer is inquiring for an electronic water softener for his apartment and seems like a one time purchase."", ""evidence"": {""keywords"": [""Apartment"", ""Resale"", ""Water softener""], ""order_type"": [""commercial""], ""repeat_buyer"": false, ""quantity_scale"": ""Low""}}, ""buyer_intent"": {""narrative"": ""The buyer is inquiring for a electronic water softener for an apartment and has a 2-inch pipe."", ""reasoning"": ""The buyer has clear requirements for his apartment and was actively inquiring about various product details."", ""intent_level"": ""High""}, ""call_outcome"": {""category"": ""Follow-up"", ""conclusion_notes"": ""The buyer was interested in the catalog and other product details on WhatsApp (WhatsApp karo na details) ""}, ""call_purpose"": ""requirement"", ""all_languages"": [""Gujarati""], ""primary_language"": ""Gujarati"", ""additional_details"": {""buyer_queries"": [{""query"": ""Do you have an electronic water softener?"", ""category"": ""Specifications"", ""sequence"": 1, ""answer_by_seller"": ""Seller's product is better than the electromagnetic ones. It uses a microprocessor which is more advanced and reliable.""}, {""query"": ""What's the warranty?"", ""category"": ""Certification"", ""sequence"": 3, ""answer_by_seller"": ""The product has a one-year warranty and a lifespan of 10 to 15 years.""}, {""query"": ""What is the lifespan?"", ""category"": ""Specifications"", ""sequence"": 4}], ""seller_queries"": [{""query"": ""How much is the TDS of the water?"", ""category"": ""Specifications"", ""sequence"": 2, ""answer_by_buyer"": ""Don't know about TDS but it's from a borewell and it's from an apartment.""}]}}, ""products"": [{""price"": {""gst"": {""is_gst_included"": false}, ""value"": 17000, ""currency"": ""INR"", ""negotiation_notes"": ""The seller mentioned the product price is 17000 and extra for taxes and freight.""}, ""in_stock"": ""in stock"", ""product_name"": ""Microprocessor based water softener"", ""specifications"": [{""name"": ""Pipesize"", ""unit"": ""inch"", ""value"": ""2"", ""buyer_requested"": true, ""seller_mentioned"": true}], ""related_categories"": [{""name"": ""Water Softeners"", ""reason"": ""Electronic water softeners are also classified under water softeners.""}], ""is_buyer_interested"": true, ""most_specific_category"": {""name"": ""Electronic Water Conditioners"", ""reason"": ""The buyer was inquiring for an electronic water softener and the seller clarified that it is more like an electronic water conditioner.""}}, {""price"": {""currency"": ""INR""}, ""in_stock"": ""in stock"", ""product_name"": ""Magnetic water softener"", ""specifications"": [{""name"": ""Pipesize"", ""unit"": ""inch"", ""value"": ""3"", ""buyer_requested"": true, ""seller_mentioned"": true}], ""related_categories"": [{""name"": ""Magnetic Water Softener"", ""reason"": ""Magnetic water softeners are related to the products described by the seller.""}], ""is_buyer_interested"": true, ""most_specific_category"": {""name"": ""Electronic Water Conditioners"", ""reason"": ""The buyer is inquiring about the electronic water softener and the seller clarified it's more like an electronic water conditioner.""}}, {""price"": {""currency"": ""INR""}, ""in_stock"": ""in stock"", ""product_name"": ""Electronic water softener"", ""specifications"": [{""name"": ""Pipesize"", ""unit"": ""inch"", ""value"": ""3.5"", ""buyer_requested"": true, ""seller_mentioned"": true}], ""related_categories"": [{""name"": ""Water Softeners"", ""reason"": ""Electronic water softeners are related to the products described by the seller.""}], ""is_buyer_interested"": true, ""most_specific_category"": {""name"": ""Electronic Water Conditioners"", ""reason"": ""The buyer is inquiring about the electronic water softener and the seller clarified that it is more like an electronic water conditioner.""}}], ""next_steps"": {""buyer_next_steps"": [""To review catalog and decide""], ""seller_next_steps"": [""To share product catalog on WhatsApp""]}, ""buyer_details"": {""buyer_name"": ""060b00ff8d0a9aa729f50ba3e6a542d66382b361605ba699a362ee48a7bc2dd2""}, ""seller_details"": {""seller_location"": {""seller_city"": ""Gandhinagar""}}}"
1621889,1638663,8510839,78132,1970-01-01 00:00:00.000,"{""callback"": ""callback by Tomorrow 12 PM - To send details on WhatsApp (main aapko kal detailed bhejo ga)"", ""lead_tag"": {""deal_blockers"": [], ""deal_readiness"": ""Hot"", ""deal_readiness_reason"": ""The intent for purchase is high because the buyer has a requirement for Ace assembly.""}, ""metadata"": {""call_type"": {""type"": ""B2B"", ""reason"": ""The call is between a buyer and a seller regarding a product. They both have business tones during their talks. The call is regarding the price and for more details on WhatsApp. Both of them are serious which is required for a B2B deal."", ""evidence"": {""order_type"": {""order_type_category"": ""bulk""}, ""repeat_buyer"": true, ""quantity_scale"": ""High""}}, ""buyer_intent"": {""narrative"": ""The buyer is having a requirement for Ace assembly. He wants the seller to send him details on WhatsApp."", ""reasoning"": ""The buyer has a requirement for Ace assembly. He told the seller about it and they also shared city names and his company's name. They are both serious for the deal. So the intent level is high."", ""intent_level"": ""High""}, ""call_outcome"": {""category"": ""Committed"", ""conclusion_notes"": ""The deal was successful and the seller will send the details to the buyer on WhatsApp.(Theek hai ma aapko kal detaile WhatsApp karta hoon)""}, ""call_purpose"": ""requirement"", ""all_languages"": [""Hindi"", ""English""], ""primary_language"": ""Hindi"", ""additional_details"": {""buyer_queries"": [{""query"": ""The buyer's query is regarding Ace assembly. He asked the seller if he has it."", ""category"": ""Availability"", ""sequence"": 1}], ""seller_queries"": [{""query"": ""The seller's query is regarding the tone of Ace assembly. He asked the buyer how many tons of Ace assembly he wants."", ""category"": ""Quantity"", ""sequence"": 2}]}, ""intended_application"": ""Industrial Production""}, ""products"": [{""in_stock"": ""in stock"", ""product_name"": ""Ace assembly"", ""specifications"": [{""name"": ""Tone"", ""unit"": ""tone"", ""value"": ""3"", ""buyer_requested"": true, ""seller_mentioned"": false}], ""quantity_required"": {""unit"": ""tone"", ""value"": 3}, ""related_categories"": [{""name"": ""Forklift Truck Parts"", ""reason"": ""Assembly parts are often critical components of forklift trucks.""}, {""name"": ""Forklift Attachments"", ""reason"": ""Assemblies can sometimes be categorized as major attachments or subsystems.""}], ""is_buyer_interested"": true, ""most_specific_category"": {""name"": ""Forklift Parts"", ""reason"": ""The buyer asks for an Ace assembly, which is commonly associated with forklift or crane components like steering or mechanical assemblies.""}}], ""next_steps"": {""buyer_next_steps"": [""To send details on WhatsApp""], ""seller_next_steps"": [""To send details on WhatsApp""]}, ""buyer_details"": {""buyer_name"": ""7a0af3307e85dbed1bea94d45492ed30df3d129fcedb71d0abfb3d1e965ea796""}, ""seller_details"": {""seller_name"": ""a5bb9829c699828fa7abf756356dfbbac04cea5a90346435286036c953f7c65f""}}"
594450,604093,18989867,138541,1970-01-01 00:00:00.000,"{""metadata"": {""call_type"": {""type"": ""B2B"", ""reason"": ""The buyer is inquiring about a Garlic Peeler machine, which is typically used for commercial or industrial food processing, indicating a B2B requirement."", ""evidence"": {""keywords"": [""Garlic Peeler""], ""buyer_persona"": ""commercial user""}}, ""call_purpose"": ""requirement"", ""all_languages"": [""Hindi"", ""Telugu"", ""English""], ""primary_language"": ""Hindi""}, ""products"": [{""product_name"": ""Garlic Peeler"", ""specifications"": [], ""related_categories"": [{""name"": ""Vegetable Peeling Machine"", ""reason"": ""Garlic peelers are a sub-type of machines designed for peeling vegetables.""}, {""name"": ""Peeling Machine"", ""reason"": ""This is the broader category for machines performing peeling operations.""}], ""is_buyer_interested"": true, ""most_specific_category"": {""name"": ""Garlic Peeling Machine"", ""reason"": ""The buyer explicitly asked for a Garlic Peeler.""}}], ""next_steps"": {""buyer_next_steps"": [""To confirm the required capacity of the machine""], ""seller_next_steps"": [""To call back after lunch""]}, ""buyer_details"": {}, ""seller_details"": {}}"
2770843,2787663,30815709,38154,1970-01-01 00:00:00.000,"{""callback"": ""callback by Today - To check stock for green pad and steel scrubber (Stock check karke batata hoon)"", ""lead_tag"": {""deal_blockers"": [{""detail"": ""Green pad currently out of stock"", ""category"": ""Availability""}, {""detail"": ""Only 10kg cover packing available but is low in stock"", ""category"": ""Availability""}], ""deal_readiness"": ""Warm"", ""deal_readiness_reason"": ""Buyer is actively inquiring about multiple cleaning products and pricing but stock availability for some items is an issue.""}, ""metadata"": {""call_type"": {""type"": ""B2B"", ""reason"": ""The buyer is inquiring about bulk raw materials and packaging for resale or production purposes, indicating a B2B context."", ""evidence"": {""keywords"": [""430 SS Quality"", ""Raw Material"", ""Cover Packing"", ""Bulk Purchase""], ""order_type"": [""bulk""], ""repeat_buyer"": false, ""buyer_persona"": {""persona_detail"": ""Cleaning product vendor"", ""persona_category"": ""retailer""}, ""quantity_scale"": ""High""}}, ""buyer_intent"": {""narrative"": ""Wants to purchase 15kg of steel scrubbers, green pads, and 10kg of cover packing for professional use."", ""reasoning"": ""The buyer has specific requirements for quantity and material grades (430 SS) and is looking for bulk pricing."", ""intent_level"": ""High""}, ""call_outcome"": {""category"": ""Follow-up"", ""conclusion_notes"": ""Seller will check and confirm stock for green pads and specialized cover packing (Details check karke batata hoon)""}, ""call_purpose"": ""requirement"", ""all_languages"": [""Telugu"", ""English""], ""primary_language"": ""Telugu"", ""additional_details"": {""buyer_queries"": [{""query"": ""Do you have raw materials for steel scrubbers?"", ""category"": ""Availability"", ""sequence"": 1, ""answer_by_seller"": ""Yes, raw materials for steel scrubbers are available.""}, {""query"": ""Is there green pad available?"", ""category"": ""Availability"", ""sequence"": 3, ""answer_by_seller"": ""Green scrub pads are currently out of stock but will be available in 2-3 days.""}, {""query"": ""What is the price of the 3x4 size green pad?"", ""category"": ""Pricing"", ""sequence"": 5, ""answer_by_seller"": ""The price is 2 rupees per piece.""}, {""query"": ""What is the price of cover packing per kg?"", ""category"": ""Pricing"", ""sequence"": 6, ""answer_by_seller"": ""The price for cover packing is 320 rupees per kg in Chennai or Hyderabad.""}, {""query"": ""What is the price of SS quality steel scrubber per kg?"", ""category"": ""Pricing"", ""sequence"": 8}], ""seller_queries"": [{""query"": ""What quality of steel scrubber do you need?"", ""category"": ""Specifications"", ""sequence"": 2, ""answer_by_buyer"": ""I need 430 SS quality.""}, {""query"": ""How much quantity do you need?"", ""category"": ""Quantity"", ""sequence"": 4, ""answer_by_buyer"": ""I need one box each of 15kg steel scrubbers and green pads.""}, {""query"": ""What quantity do you need for the cover packing?"", ""category"": ""Quantity"", ""sequence"": 7, ""answer_by_buyer"": ""10 kg.""}]}, ""intended_application"": ""Cleaning Product Retail""}, ""products"": [{""in_stock"": ""in stock"", ""product_name"": ""Steel Scrubber (430 SS Quality)"", ""specifications"": [{""name"": ""Material Grade"", ""value"": ""430 SS"", ""buyer_requested"": true, ""seller_mentioned"": true}], ""quantity_required"": {""unit"": ""kilograms"", ""value"": 15}, ""related_categories"": [{""name"": ""Steel Wool Scrubber"", ""reason"": ""Material and use overlap with steel wool cleaning products.""}], ""is_buyer_interested"": true, ""most_specific_category"": {""name"": ""Stainless Steel Scrubber"", ""reason"": ""Buyer specifically requested 430 SS quality steel scrubbers.""}, ""seller_accepts_quantity"": true}, {""price"": {""value"": 2, ""currency"": ""INR"", ""price_unit"": ""piece"", ""buyer_price_reaction"": {""quote"": ""2 rupees is a bit high (Rendu rupayalu ekkuva)"", ""category"": ""Negotiating""}}, ""in_stock"": ""out of stock"", ""product_name"": ""Green Scrub Pad"", ""specifications"": [{""name"": ""Size"", ""value"": ""3x4"", ""buyer_requested"": true, ""seller_mentioned"": true}, {""name"": ""Thickness"", ""unit"": ""mm"", ""value"": ""10"", ""buyer_requested"": true, ""seller_mentioned"": true}], ""quantity_required"": {""unit"": ""box"", ""value"": 1}, ""related_categories"": [{""name"": ""Kitchen Scourer"", ""reason"": ""Commonly used as a kitchen cleaning scourer.""}], ""is_buyer_interested"": true, ""most_specific_category"": {""name"": ""Scrub Pads"", ""reason"": ""Requested as a green pad for cleaning purposes.""}, ""seller_accepts_quantity"": true}, {""price"": {""value"": 320, ""currency"": ""INR"", ""price_unit"": ""kg""}, ""in_stock"": ""in stock"", ""product_name"": ""Cover Packing"", ""quantity_required"": {""unit"": ""kilograms"", ""value"": 10}, ""related_categories"": [{""name"": ""Scourer"", ""reason"": ""Packaging intended for scourer products.""}], ""is_buyer_interested"": true, ""most_specific_category"": {""name"": ""Cleaning Scourer"", ""reason"": ""Packing covers for cleaning scrubbers.""}, ""seller_accepts_quantity"": true}], ""next_steps"": {""buyer_next_steps"": [""To confirm finalized quantity once stock is verified"", ""To finalize price for SS steel scrubbers""], ""seller_next_steps"": [""To check stock availability for green pads in 2-3 days"", ""To verify availability of 10kg cover packing at new rate""]}, ""buyer_details"": {""buyer_name"": ""148de9c5a7a44d19e56cd9ae1a554bf67847afb0c58f6e12fa29ac7ddfca9940""}, ""seller_details"": {""seller_name"": ""322b61a4293f6c0eaf8bc179033ff947c58dc3d0177c010ea6d41b3cb4f1a4e0""}}"
2269164,2285958,18989867,138541,1970-01-01 00:00:00.000,"{""lead_tag"": {""deal_blockers"": [], ""deal_readiness"": ""Hot"", ""deal_readiness_reason"": ""Needs to close the deal quickly and requested videos/quotations for multiple machines immediately.""}, ""metadata"": {""call_type"": {""type"": ""B2B"", ""reason"": ""The buyer is looking for industrial-grade machinery for a processing plant, indicating a B2B transaction."", ""evidence"": {""keywords"": [""Plant"", ""Capacity"", ""Quotation"", ""Machine Details""], ""order_type"": {""order_type_category"": ""commercial""}, ""repeat_buyer"": false, ""buyer_persona"": {""persona_detail"": ""Garlic Processor"", ""persona_category"": ""manufacturer""}, ""quantity_scale"": ""High""}}, ""buyer_intent"": {""narrative"": ""Wants to set up a garlic processing unit with peeling, root breaking, drying, and vacuum packing machines."", ""reasoning"": ""Buyer provided specific capacities (50kg, 100kg, 150kg) and asked technical questions about shelf life and machine types."", ""intent_level"": ""High""}, ""call_outcome"": {""category"": ""Pending"", ""conclusion_notes"": ""Awaiting quotation and videos to close the deal (Deal close karna hai).""}, ""call_purpose"": ""requirement"", ""all_languages"": [""Hindi"", ""English""], ""primary_language"": ""Hindi"", ""additional_details"": {""buyer_queries"": [{""query"": ""What is the shelf life of vacuum-packed peeled garlic?"", ""category"": ""Specifications"", ""sequence"": 1}, {""query"": ""Is there a 4-chamber vacuum packing machine available?"", ""category"": ""Availability"", ""sequence"": 2}], ""seller_queries"": [{""query"": ""Do you need a single chamber or double chamber vacuum machine?"", ""category"": ""Specifications"", ""sequence"": 3}]}, ""intended_application"": ""Garlic Processing Plant""}, ""products"": [{""product_name"": ""Garlic Peeling Machine"", ""specifications"": [{""name"": ""Capacity"", ""unit"": ""kg/hr"", ""value"": ""50"", ""buyer_requested"": true, ""seller_mentioned"": false}], ""related_categories"": [{""name"": ""Vegetable Peeling Machine"", ""reason"": ""Garlic peeling is a sub-category of vegetable peeling automation.""}], ""is_buyer_interested"": true, ""most_specific_category"": {""name"": ""Garlic Peeling Machine"", ""reason"": ""Buyer explicitly asked for a 'garlic peeling machine' for processing garlic bulbs.""}}, {""product_name"": ""Garlic Peeling Machine"", ""specifications"": [{""name"": ""Capacity"", ""unit"": ""kg/hr"", ""value"": ""100"", ""buyer_requested"": true, ""seller_mentioned"": false}], ""is_buyer_interested"": true, ""most_specific_category"": {""name"": ""Garlic Peeling Machine"", ""reason"": ""Buyer requested specifications for a 100 kg capacity peeling unit.""}}, {""product_name"": ""Root Breaker (Garlic Bulb Breaker)"", ""specifications"": [{""name"": ""Capacity"", ""unit"": ""kg/hr"", ""value"": ""150"", ""buyer_requested"": true, ""seller_mentioned"": false}], ""is_buyer_interested"": true, ""most_specific_category"": {""name"": ""Garlic Bulb Cutter"", ""reason"": ""Buyer requested a 'root breaker' which is used for breaking garlic bulbs before peeling.""}}, {""product_name"": ""Vacuum Packing Machine (Single Chamber)"", ""specifications"": [{""name"": ""Chamber Type"", ""value"": ""Single"", ""buyer_requested"": true, ""seller_mentioned"": true}], ""is_buyer_interested"": true, ""most_specific_category"": {""name"": ""Peeling Machine"", ""reason"": ""Buyer inquired about a vacuum packing machine for peeled garlic.""}}, {""product_name"": ""Vacuum Packing Machine (Double Chamber)"", ""specifications"": [{""name"": ""Chamber Type"", ""value"": ""Double"", ""buyer_requested"": true, ""seller_mentioned"": true}], ""is_buyer_interested"": true, ""most_specific_category"": {""name"": ""Peeling Machine"", ""reason"": ""Buyer discussed the double chamber variant for higher productivity.""}}, {""product_name"": ""Air Dryer"", ""is_buyer_interested"": true, ""most_specific_category"": {""name"": ""Vegetable Peeling Machine"", ""reason"": ""Buyer requested an air dryer for the garlic processing line.""}}], ""next_steps"": {""buyer_next_steps"": [""To review the videos and quotation shared by the seller.""], ""seller_next_steps"": [""To share product videos and quotation for all machines on WhatsApp.""]}, ""buyer_details"": {""buyer_name"": ""6277a58afca46ac01c87533fb365c2f94484a9ee00a0929666d39310afa91a36"", ""buyer_location"": {""buyer_city"": ""Patna"", ""buyer_state"": ""Bihar""}, ""buyer_mobile_number"": ""4838a74cc59281e3c51319fdbda94d7ea198c6d84306b0280f8f0d4134a76ca0""}, ""seller_details"": {""seller_name"": ""b097bade29ef6c984ea1c6f28ec5ece165c3765a459f16085d618a97f9a60286"", ""seller_location"": {""seller_city"": ""Ahmedabad"", ""seller_state"": ""Gujarat""}}}"
943164,955938,3542998,17008,1970-01-01 00:00:00.000,"{""payment"": {}, ""lead_tag"": {""deal_blockers"": [], ""deal_readiness"": ""Warm"", ""deal_readiness_reason"": ""The buyer knows exactly what is needed and has committed to sending photos immediately to verify the technical specs.""}, ""metadata"": {""call_type"": {""type"": ""B2B"", ""reason"": ""The inquiry involves specialized mechanical parts like threaded shafts and flywheels from an engineering firm, which are typically B2B industrial transactions."", ""evidence"": {""keywords"": [""Threaded Shaft"", ""Flywheel"", ""Rolex Engineers""], ""order_type"": ""commercial"", ""buyer_persona"": ""Industrial Buyer""}}, ""buyer_intent"": {""narrative"": ""Buyer is seeking threaded shafts and flywheels and will provide visual confirmation via WhatsApp."", ""reasoning"": ""The buyer identified specific engineering components and is ready to share photos for technical review."", ""intent_level"": ""Medium""}, ""call_purpose"": ""requirement"", ""all_languages"": [""Hindi"", ""English""], ""buyer_conclusion"": {""category"": ""Pending"", ""conclusion_notes"": ""The conversation shifted to WhatsApp for sharing product images to confirm specifications (main abhi WhatsApp karta hoon).""}, ""primary_language"": ""Hindi"", ""additional_details"": {""buyer_queries"": [], ""seller_queries"": []}, ""intended_application"": ""Industrial Production""}, ""products"": [{""product_name"": ""Threaded Shaft"", ""specifications"": [], ""related_categories"": [{""name"": ""Precision Screws"", ""reason"": ""Threaded shafts used in engineering are often categorized under precision screws.""}, {""name"": ""Lead Screw"", ""reason"": ""Threaded shafts frequently serve as lead screws in linear motion assemblies.""}], ""is_buyer_interested"": true, ""most_specific_category"": {""name"": ""Screw Rod"", ""reason"": ""A threaded shaft is a primary form of a screw rod used for mechanical movement or positioning.""}}, {""product_name"": ""Flywheel"", ""specifications"": [], ""is_buyer_interested"": true}], ""call_back"": ""callback by Tomorrow - To discuss requirements further (main abhi WhatsApp karta hoon)"", ""next_steps"": {""buyer_next_steps"": [""To send photos of the threaded shaft and flywheel on WhatsApp""], ""seller_next_steps"": [""To review the product photos once received on WhatsApp""]}, ""buyer_details"": {}, ""seller_details"": {""seller_mobile_number"": ""c191ba5b6c7fa74c680a96620a499b1933873898f066fd9834a3294e13ea7ded""}, ""minimum_order_quantity"": {}}"
3259410,3276240,12389823,178069,1970-01-01 00:00:00.000,"{""payment"": {}, ""callback"": ""callback by Tomorrow 10 AM - For providing contact details (Dussre number se contact karein)"", ""lead_tag"": {""deal_blockers"": [], ""deal_readiness"": ""Warm"", ""deal_readiness_reason"": ""The buyer inquired about the price and indicated a specific quantity, suggesting interest but no immediate commitment to purchase.""}, ""metadata"": {""call_type"": {""type"": ""B2B"", ""reason"": ""The buyer inquired about the price of P10 LED panels in bulk, which is common in a B2B setting."", ""evidence"": {""keywords"": [""P10 LED panel"", ""Green color""], ""order_type"": [""bulk""], ""repeat_buyer"": false, ""buyer_persona"": {""persona_category"": ""retailer""}, ""quantity_scale"": ""High""}}, ""buyer_intent"": {""narrative"": ""Looking for P10 green LED panels."", ""reasoning"": ""The buyer asked for pricing and specific color, indicating interest but still in the evaluation stage."", ""intent_level"": ""Medium""}, ""call_outcome"": {""category"": ""Follow-up"", ""conclusion_notes"": ""The seller agreed to share another contact number on WhatsApp. (Dussre number pe WhatsApp karta hoon)""}, ""call_purpose"": ""requirement"", ""all_languages"": [""Tamil"", ""English""], ""primary_language"": ""Tamil"", ""additional_details"": {""buyer_queries"": [{""query"": ""Is P10 LED panel available?"", ""category"": ""Availability"", ""sequence"": 1, ""answer_by_seller"": ""Yes, it is available.""}, {""query"": ""What is the price per piece?"", ""category"": ""Pricing"", ""sequence"": 3, ""answer_by_seller"": ""510 per piece.""}, {""query"": ""Do you have another contact number?"", ""category"": ""Other"", ""sequence"": 4, ""answer_by_seller"": ""I will share it on WhatsApp.""}], ""seller_queries"": [{""query"": ""Which color are you looking for?"", ""category"": ""Specifications"", ""sequence"": 2, ""answer_by_buyer"": ""P10 green color.""}]}, ""intended_application"": ""LED display board""}, ""products"": [{""price"": {""value"": 510, ""currency"": ""INR"", ""price_unit"": ""piece""}, ""in_stock"": ""in stock"", ""product_name"": ""P10 LED panel (Green)"", ""specifications"": [{""name"": ""Color"", ""value"": ""Green"", ""buyer_requested"": true, ""seller_mentioned"": true}, {""name"": ""Model"", ""value"": ""P10"", ""buyer_requested"": true, ""seller_mentioned"": true}], ""related_categories"": [{""name"": ""LED Displays"", ""reason"": ""The P10 panel is a type of LED display.""}], ""is_buyer_interested"": true, ""most_specific_category"": {""name"": ""P10 LED Module"", ""reason"": ""The product is specifically mentioned as P10 LED panel.""}}], ""next_steps"": {""buyer_next_steps"": [""To check the WhatsApp message from the seller.""], ""seller_next_steps"": [""To share contact details on WhatsApp.""]}, ""buyer_details"": {""buyer_name"": ""79032b8a85663acddd601fd25371b7cb91f3ee6fbe68215f3cf6d4736bcbeea9""}, ""seller_details"": {""seller_name"": ""9da5f884e7658eefd41cb3b59a69a91c9a04091edb746daca30464ca874fa337""}}"
2781471,2798291,8510839,78132,1970-01-01 00:00:00.000,"{""callback"": """", ""lead_tag"": {""deal_blockers"": [{""detail"": ""Seller does not deal in the requested drum lift"", ""category"": ""Availability""}], ""deal_readiness"": ""Cold"", ""deal_readiness_reason"": ""The seller does not stock the specific product requested by the buyer.""}, ""metadata"": {""call_type"": {""type"": ""B2B"", ""reason"": ""The buyer was looking for a specific industrial material handling equipment (drum lift), but the seller only deals in forklift components."", ""evidence"": {""keywords"": [""Drum Lift"", ""Forklift Parts""], ""order_type"": [""one-time""]}}, ""buyer_intent"": {""narrative"": ""Looking for a drum lift."", ""reasoning"": ""Buyer had a specific product inquiry but the seller does not deal in that category, leading to no further discussion."", ""intent_level"": ""Low""}, ""call_outcome"": {""category"": ""Lost"", ""conclusion_notes"": ""Seller does not sell drum lifts, only forklift parts (Drum lift nahi rakhte, forklift ke parts rakhte hain)""}, ""call_purpose"": ""requirement"", ""all_languages"": [""Hindi"", ""English""], ""primary_language"": ""Hindi"", ""additional_details"": {""buyer_queries"": [{""query"": ""Do you have a drum lift?"", ""category"": ""Availability"", ""sequence"": 1}], ""seller_queries"": []}}, ""products"": [{""in_stock"": ""not sold"", ""product_name"": ""Drum Lift"", ""specifications"": [], ""related_categories"": [{""name"": ""Forklift Attachments"", ""reason"": ""Drum lifts are a common attachment often associated with forklift operations.""}], ""is_buyer_interested"": true, ""most_specific_category"": {""name"": ""Forklift Parts"", ""reason"": ""The seller explicitly mentioned dealing only in forklift parts during the conversation.""}}, {""in_stock"": ""in stock"", ""product_name"": ""Forklift Parts"", ""specifications"": [], ""related_categories"": [{""name"": ""Forklift Truck Parts"", ""reason"": ""Forklift parts is a general term encompassing various truck components.""}], ""is_buyer_interested"": false, ""most_specific_category"": {""name"": ""Forklift Parts"", ""reason"": ""The seller explicitly stated that they sell forklift parts.""}}], ""next_steps"": {""buyer_next_steps"": [], ""seller_next_steps"": []}, ""buyer_details"": {""buyer_name"": ""954c7a1f84096998e6df172544976b0f8357d9d545c0f5ffa0d7ca839ee8a383""}, ""seller_details"": {""seller_name"": ""cca7f49bdf1ff5fcd6e8b3e8fcf8657a5eb8154ce3613e9e7b1a7bb21d59a5e8""}}"
2980621,2997442,25697888,7405,1970-01-01 00:00:00.000,"{""payment"": {}, ""callback"": ""callback by Tomorrow 5 PM - I will call her (Kal 5 baje call karta hoon)"", ""lead_tag"": {""deal_blockers"": [], ""deal_readiness"": ""Hot"", ""deal_readiness_reason"": ""Searching for bag making material""}, ""metadata"": {""call_type"": {""type"": ""B2C"", ""reason"": ""The buyer is searching for bag making material."", ""evidence"": {""order_type"": [""one-time""], ""buyer_persona"": {""persona_category"": ""end_consumer""}}}, ""buyer_intent"": {""narrative"": ""Buyer is looking for bags and non woven fabrics."", ""reasoning"": ""Buyer specifically mentioned bag making material."", ""intent_level"": ""High""}, ""call_outcome"": {""category"": ""Follow-up"", ""conclusion_notes"": ""The seller is interested and they have many designs. (Humare pass designs bahut hai hum bhejenge aapko)""}, ""call_purpose"": ""requirement"", ""all_languages"": [""English"", ""Hindi""], ""primary_language"": ""Hindi"", ""additional_details"": {""buyer_queries"": [{""query"": ""Is bag making material available?"", ""category"": ""Availability"", ""sequence"": 1, ""answer_by_seller"": ""Wait we have bag making material""}], ""seller_queries"": [{""query"": ""What do you want in this?"", ""category"": ""Specifications"", ""sequence"": 2}]}, ""intended_application"": ""Non woven fabrics""}, ""products"": [{""price"": {""gst"": {}, ""currency"": ""INR"", ""delivery_charge"": {""currency"": ""INR""}, ""buyer_price_reaction"": {""category"": ""Accepted""}}, ""in_stock"": ""in stock"", ""product_name"": ""Non woven fabric"", ""specifications"": [], ""quantity_required"": {}, ""related_categories"": [{""name"": ""Non Woven Fabric"", ""reason"": ""Non woven fabrics are used in bag making.""}], ""is_buyer_interested"": true, ""most_specific_category"": {""name"": ""Non Woven Fabric"", ""reason"": ""The buyer is asking for non woven material for bags.""}}], ""next_steps"": {""buyer_next_steps"": [""To check for the details on WhatsApp.""], ""seller_next_steps"": [""To share the details on WhatsApp.""]}, ""buyer_details"": {""buyer_name"": ""fa2e5bca2fb7eb96a542e77b8c605dfebc4701e4893e280e718dd1bf300a3dac""}, ""seller_details"": {""seller_name"": ""44104fcaef8476724152090d6d7bd9afa8ca5b385f6a99d3c6cf36b943b9872d""}}"
2982454,2999274,8510839,78132,1970-01-01 00:00:00.000,"{""payment"": {}, ""callback"": """", ""lead_tag"": {""deal_blockers"": [], ""deal_readiness"": ""Warm"", ""deal_readiness_reason"": ""Genuine interest shown in specific engine parts with intent to share details on WhatsApp.""}, ""metadata"": {""call_type"": {""type"": ""B2B"", ""reason"": ""Buyer is inquiring about specific industrial forklift/engine parts, indicating business usage."", ""evidence"": {""order_type"": [""commercial""], ""repeat_buyer"": false}}, ""buyer_intent"": {""narrative"": ""Wants to purchase diesel engine parts for model S-AEB-30D."", ""reasoning"": ""Buyer specifies a particular model number for diesel engine parts and agrees to share details on WhatsApp for a quote."", ""intent_level"": ""High""}, ""call_outcome"": {""category"": ""Follow-up"", ""conclusion_notes"": ""Seller shared a WhatsApp number to receive specific requirements (Ispe WhatsApp kar lijiye).""}, ""call_purpose"": ""requirement"", ""all_languages"": [""Hindi"", ""English""], ""primary_language"": ""English"", ""additional_details"": {""buyer_queries"": [{""query"": ""I need some diesel engine parts for S-AEB-30D."", ""category"": ""Specifications"", ""sequence"": 1}], ""seller_queries"": [{""query"": ""Can you share your requirements on WhatsApp?"", ""category"": ""Other"", ""sequence"": 2}]}}, ""products"": [{""in_stock"": ""in stock"", ""product_name"": ""Diesel Engine Parts (S-AEB-30D)"", ""specifications"": [{""name"": ""Model Number"", ""value"": ""S-AEB-30D"", ""buyer_requested"": false, ""seller_mentioned"": false}], ""related_categories"": [{""name"": ""Forklift Truck Parts"", ""reason"": ""Diesel engine parts for these models are integral to forklift truck assemblies.""}], ""is_buyer_interested"": true, ""most_specific_category"": {""name"": ""Forklift Parts"", ""reason"": ""The buyer asked for diesel engine parts for a specific model often associated with forklifts/industrial equipment.""}}], ""next_steps"": {""buyer_next_steps"": [""To share specific requirements on the provided WhatsApp number""], ""seller_next_steps"": [""To review requirements once received on WhatsApp and provide a quote""]}, ""buyer_details"": {""buyer_name"": ""bd3f131a260c9e6a5089eb46ca7ea1711102540805bf9b6ccdcc6f8c0995af38""}, ""seller_details"": {""seller_mobile_number"": ""5fcd35fec3f32d052ff8223d73ed2e4c37d1d38c81cf4ac8d9b482ca40b07190""}}"
962906,975929,18989867,138541,1970-01-01 00:00:00.000,"{""payment"": {}, ""lead_tag"": {""deal_blockers"": [], ""deal_readiness"": ""Warm"", ""deal_readiness_reason"": ""Searching for an industrial garlic peeling machine and waiting for video and quotation to proceed.""}, ""metadata"": {""call_type"": {""type"": ""B2B"", ""reason"": ""The buyer is inquiring about an industrial garlic peeling machine with a significant capacity (40-50 kg/hr) and price point (over 2.5 Lakhs), typical for business use."", ""evidence"": {""keywords"": [""Garlic Peeling Machine"", ""40-50 kg capacity"", ""Industrial machine""], ""order_type"": ""Commercial"", ""buyer_persona"": ""Industrial User"", ""quantity_scale"": ""High""}}, ""buyer_intent"": {""narrative"": ""Seeking to purchase a garlic peeling machine with a capacity of 40-50 kg per hour."", ""reasoning"": ""The buyer provided specific capacity requirements and inquired about the price, indicating high intent for industrial purchase."", ""intent_level"": ""High""}, ""call_purpose"": ""requirement"", ""all_languages"": [""Hindi"", ""English""], ""buyer_conclusion"": {""category"": ""Follow-up"", ""conclusion_notes"": ""Waiting for the video and quotation to proceed (Video bhej dena).""}, ""primary_language"": ""Hindi"", ""additional_details"": {""buyer_queries"": [{""query"": ""Aapka Indore mein hai kya? (Are you located in Indore?)"", ""category"": ""Location"", ""sequence"": 1}, {""query"": ""Kitne tak jayega? (How much will it cost?)"", ""category"": ""Price"", ""sequence"": 3}], ""seller_queries"": [{""query"": ""Kitne capacity ka? (Of what capacity?)"", ""category"": ""Specification"", ""sequence"": 2}]}, ""intended_application"": ""Industrial Garlic Processing""}, ""products"": [{""price"": {""value"": 250000, ""currency"": ""INR"", ""offer_details"": ""Price range mentioned as 2.50 to 2.80 Lakhs plus."", ""price_reaction_by_buyer"": ""Accepted: (Video bhej dena)""}, ""in_stock"": ""in stock"", ""product_name"": ""Garlic Peeling Machine (Lahsun cheelne ka machine)"", ""specifications"": [{""name"": ""Capacity"", ""unit"": ""kg/hr"", ""value"": ""40"", ""buyer_requested"": true, ""seller_mentioned"": false}], ""related_categories"": [{""name"": ""Vegetable Peeling Machine"", ""reason"": ""Garlic peeling machines are a subset of vegetable peeling machinery.""}, {""name"": ""Peeling Machine"", ""reason"": ""The core function discussed is the peeling of garlic bulbs.""}], ""is_buyer_interested"": true, ""most_specific_category"": {""name"": ""Garlic Peeling Machine"", ""reason"": ""The buyer specifically requested a machine for peeling garlic (lahsun cheelne ka machine).""}}], ""call_back"": """", ""next_steps"": {""buyer_next_steps"": [""To review the video and quotation once received""], ""seller_next_steps"": [""To share product video and quotation on WhatsApp""]}, ""buyer_details"": {}, ""seller_details"": {""seller_location"": {""seller_city"": ""Ahmedabad""}}, ""minimum_order_quantity"": {}}"
1679168,1695945,8510839,78132,1970-01-01 00:00:00.000,"{""callback"": ""callback by Today - To discuss requirement via WhatsApp (Main aapko WhatsApp pe share karti hoon)"", ""lead_tag"": {""deal_blockers"": [], ""deal_readiness"": ""Hot"", ""deal_readiness_reason"": ""Ready to share requirement via WhatsApp for quotation.""}, ""metadata"": {""call_type"": {""type"": ""B2B"", ""reason"": ""The buyer is from a procurement company (Proc Mart) and is inquiring about industrial forklift parts for commercial use."", ""evidence"": {""order_type"": {""order_type_category"": ""commercial""}, ""buyer_persona"": {""persona_detail"": ""Proc Mart representative"", ""persona_category"": ""distributor""}}}, ""buyer_intent"": {""narrative"": ""Looking for forklift wheels with rims."", ""reasoning"": ""She is looking for some forklift wheels and rims and she is from a company named Proc Mart and she is going to provide her requirement through WhatsApp."", ""intent_level"": ""High""}, ""call_outcome"": {""category"": ""Pending"", ""conclusion_notes"": ""Requirements will be shared on WhatsApp (Main aapko requirement share karti hoon aap mujhe quote kar dijiyega)""}, ""call_purpose"": ""requirement"", ""all_languages"": [""Hindi"", ""English""], ""primary_language"": ""Hindi"", ""additional_details"": {""buyer_queries"": [], ""seller_queries"": [{""query"": ""How can I reach you on WhatsApp?"", ""category"": ""Specifications"", ""sequence"": 1}]}}, ""products"": [{""in_stock"": ""in stock"", ""product_name"": ""Forklift Wheels with Rim"", ""specifications"": [{""name"": ""Component"", ""value"": ""Rim"", ""buyer_requested"": true, ""seller_mentioned"": false}], ""related_categories"": [{""name"": ""Forklift Parts"", ""reason"": ""Wheels and rims are essential components of a forklift.""}, {""name"": ""Forklift Truck Parts"", ""reason"": ""Wheels and rims are critical parts for forklift truck operation.""}], ""is_buyer_interested"": true, ""most_specific_category"": {""name"": ""Forklift Tyres"", ""reason"": ""The buyer explicitly asked for forklift wheels, which are best categorized under forklift tyres or wheels.""}}], ""next_steps"": {""buyer_next_steps"": [""To share detailed requirements on WhatsApp""], ""seller_next_steps"": [""To provide quotation after receiving details""]}, ""buyer_details"": {""buyer_name"": ""a0a4f725f71e6a2f716476d44dbf631e6d07cf0c90cb8d080ce8a6951c979d2d""}, ""seller_details"": {""seller_name"": ""cca7f49bdf1ff5fcd6e8b3e8fcf8657a5eb8154ce3613e9e7b1a7bb21d59a5e8""}}"
2809523,2826341,18989867,138541,1970-01-01 00:00:00.000,"{""lead_tag"": {""deal_blockers"": [], ""deal_readiness"": ""Warm"", ""deal_readiness_reason"": ""Detailed specs discussed but next action depends on reviewing documentation.""}, ""metadata"": {""call_type"": {""type"": ""B2B"", ""reason"": ""Buyer is looking for industrial scale food processing machinery for business operations."", ""evidence"": {""keywords"": [""Garlic Peeling"", ""100 kg per hour"", ""Full setup""], ""order_type"": [""bulk"", ""commercial""], ""repeat_buyer"": false, ""buyer_persona"": {""persona_detail"": ""Food Processor"", ""persona_category"": ""manufacturer""}, ""quantity_scale"": ""High""}}, ""buyer_intent"": {""narrative"": ""Wants a 100 kg/hr garlic peeling machine setup for business in Bareilly."", ""reasoning"": ""Specific capacity mentioned, discussed full setup components like breaker and dryer."", ""intent_level"": ""High""}, ""call_outcome"": {""category"": ""Follow-up"", ""conclusion_notes"": ""Will send video and quotation on WhatsApp (Video and quotation bhejti hoon).""}, ""call_purpose"": ""requirement"", ""all_languages"": [""Hindi"", ""English""], ""primary_language"": ""Hindi"", ""additional_details"": {""buyer_queries"": [{""query"": ""What is the capacity?"", ""category"": ""Specifications"", ""sequence"": 1, ""answer_by_seller"": ""100 kg per hour""}, {""query"": ""What is the cost?"", ""category"": ""Pricing"", ""sequence"": 3}, {""query"": ""What machines are included in the setup?"", ""category"": ""Specifications"", ""sequence"": 4, ""answer_by_seller"": ""Breaker, peeling, compressor, and dryer.""}, {""query"": ""Is a dryer necessary?"", ""category"": ""Specifications"", ""sequence"": 5, ""answer_by_seller"": ""Yes, it is necessary to heat the garlic if there is moisture in the atmosphere during rainy season.""}], ""seller_queries"": [{""query"": ""What capacity are you looking for?"", ""category"": ""Specifications"", ""sequence"": 2, ""answer_by_buyer"": ""100 kg per hour""}]}, ""intended_application"": ""Garlic Processing""}, ""products"": [{""in_stock"": ""in stock"", ""product_name"": ""Garlic Peeling Machine"", ""specifications"": [{""name"": ""Capacity"", ""unit"": ""kg/hr"", ""value"": ""100"", ""buyer_requested"": false, ""seller_mentioned"": true}, {""name"": ""Components"", ""value"": ""Breaker"", ""buyer_requested"": false, ""seller_mentioned"": true}, {""name"": ""Components"", ""value"": ""Compressor"", ""buyer_requested"": false, ""seller_mentioned"": true}, {""name"": ""Components"", ""value"": ""Dryer"", ""buyer_requested"": true, ""seller_mentioned"": true}], ""related_categories"": [{""name"": ""Vegetable Peeling Machine"", ""reason"": ""Garlic is a vegetable and this machine performs peeling.""}, {""name"": ""Peeling Machine"", ""reason"": ""General category for machines that remove skin/husk.""}], ""is_buyer_interested"": true, ""most_specific_category"": {""name"": ""Garlic Peeling Machine"", ""reason"": ""Explicitly discussed for peeling garlic at 100 kg/hr capacity.""}}], ""next_steps"": {""buyer_next_steps"": [""To review video and quotation on WhatsApp""], ""seller_next_steps"": [""To share video and quotation on WhatsApp""]}, ""buyer_details"": {""buyer_location"": {""buyer_city"": ""Bareilly"", ""buyer_state"": ""Uttar Pradesh""}, ""buyer_mobile_number"": ""85acd97cd5fd314bdd9c2d73ab63f8cd5f2e155165990b2179fdabe86631d79a""}, ""seller_details"": {""seller_name"": ""b097bade29ef6c984ea1c6f28ec5ece165c3765a459f16085d618a97f9a60286""}}"
2809625,2826441,18989867,138541,1970-01-01 00:00:00.000,"{""lead_tag"": {""deal_blockers"": [], ""deal_readiness"": ""Warm"", ""deal_readiness_reason"": ""Buyer has already received and is reviewing the product videos to proceed.""}, ""metadata"": {""call_type"": {""type"": ""B2B"", ""reason"": ""The buyer's inquiry about industrial machinery like a garlic peeling machine typically suggests a B2B requirement for food processing."", ""evidence"": {""keywords"": [""IndiaMART""], ""order_type"": [""commercial""], ""repeat_buyer"": false}}, ""buyer_intent"": {""narrative"": ""Interested in purchasing a Garlic Peeling machine and has received product videos."", ""reasoning"": ""Buyer initiated contact specifically for a Garlic Peeling machine after seeing it on IndiaMART, indicating clear product-specific interest."", ""intent_level"": ""Medium""}, ""call_outcome"": {""category"": ""Follow-up"", ""conclusion_notes"": ""Buyer will check the sent video (video dekhiye)""}, ""call_purpose"": ""requirement"", ""all_languages"": [""Hindi"", ""English""], ""primary_language"": ""Hindi"", ""additional_details"": {""buyer_queries"": [{""query"": ""Inquiry about Garlic Peeling machine seen on IndiaMART"", ""category"": ""Availability"", ""sequence"": 1}], ""seller_queries"": []}}, ""products"": [{""in_stock"": ""in stock"", ""product_name"": ""Garlic Peeling Machine"", ""specifications"": [], ""related_categories"": [{""name"": ""Vegetable Peeling Machine"", ""reason"": ""Garlic peeling is a sub-type of vegetable peeling processes.""}, {""name"": ""Onion Peeler"", ""reason"": ""Often handled by similar food processing equipment.""}], ""is_buyer_interested"": true, ""most_specific_category"": {""name"": ""Garlic Peeling Machine"", ""reason"": ""The buyer explicitly inquired about a 'Garlic peeling machine' mentioned in the call.""}}, {""in_stock"": ""in stock"", ""product_name"": ""KH 100"", ""specifications"": [], ""related_categories"": [{""name"": ""Garlic Peeling Machine"", ""reason"": ""KH 100 is a specific model of a garlic peeler.""}], ""is_buyer_interested"": true, ""most_specific_category"": {""name"": ""Garlic Peeling Machine"", ""reason"": ""The buyer referred to this specific model name during the inquiry.""}}], ""next_steps"": {""buyer_next_steps"": [""To watch the product videos shared by the seller""], ""seller_next_steps"": []}, ""buyer_details"": {""buyer_mobile_number"": ""85acd97cd5fd314bdd9c2d73ab63f8cd5f2e155165990b2179fdabe86631d79a""}, ""seller_details"": {""seller_name"": ""b097bade29ef6c984ea1c6f28ec5ece165c3765a459f16085d618a97f9a60286""}}"
2809892,2826712,3542998,17008,1970-01-01 00:00:00.000,"{""callback"": ""callback by Tomorrow 10 AM - To discuss requirements (Kal subah 10 baje batata hoon)"", ""lead_tag"": {""deal_blockers"": [], ""deal_readiness"": ""Warm"", ""deal_readiness_reason"": ""Wants to share details on WhatsApp and discuss tomorrow morning.""}, ""metadata"": {""call_type"": {""type"": ""B2B"", ""reason"": ""The product (Ball Screw) is a precision industrial component typically used in machinery and automation, suggesting a B2B context."", ""evidence"": {""order_type"": [""commercial""], ""repeat_buyer"": false}}, ""buyer_intent"": {""narrative"": ""Seeking information and discussion regarding ball screws."", ""reasoning"": ""The buyer explicitly asked for technical details and agreed to share requirements on WhatsApp for a follow-up call tomorrow."", ""intent_level"": ""Medium""}, ""call_outcome"": {""category"": ""Follow-up"", ""conclusion_notes"": ""Will talk tomorrow at 10 AM (Kal subah 10 baje baat karte hain)""}, ""call_purpose"": ""requirement"", ""all_languages"": [""Hindi"", ""English""], ""primary_language"": ""Hindi"", ""additional_details"": {""buyer_queries"": [{""query"": ""Is there someone to talk to about technical details?"", ""category"": ""Specifications"", ""sequence"": 1}], ""seller_queries"": [{""query"": ""What are your requirements for the ball screw?"", ""category"": ""Specifications"", ""sequence"": 2}]}}, ""products"": [{""product_name"": ""Ball Screw"", ""related_categories"": [{""name"": ""Precision Machine Tools"", ""reason"": ""Ball screws are precision components used in machine tools.""}], ""is_buyer_interested"": true, ""most_specific_category"": {""name"": ""Ball Screws"", ""reason"": ""The conversation specifically explicitly mentions Ball Screws.""}}], ""next_steps"": {""buyer_next_steps"": [""To share product requirements on WhatsApp"", ""To call back tomorrow at 10 AM""], ""seller_next_steps"": [""To check WhatsApp for requirements sent by the buyer""]}, ""buyer_details"": {""buyer_name"": ""5ec6881ba42f261646c989c418aa6d1eab40276e67c703a1edad399624628d2a""}, ""seller_details"": {""seller_name"": ""70327789a444281bf1cb883868ec949170a1ada7f02bb266d24fb74e7aa5f88b""}}"
1405313,1422078,25697888,7405,1970-01-01 00:00:00.000,"{""callback"": ""callback by Today - To send location on WhatsApp (Mein aapko location bhej deta hoon)"", ""lead_tag"": {""deal_blockers"": [], ""deal_readiness"": ""Warm"", ""deal_readiness_reason"": ""Wants to visit the factory and start manufacturing with an initial interest in lamination rolls.""}, ""metadata"": {""call_type"": {""type"": ""B2B"", ""reason"": ""Buyer is transitioning from trading to manufacturing and requires high quantities (1000kg MOQ) for industrial bag production."", ""evidence"": {""keywords"": [""Lamination Roll"", ""Bag Manufacturing"", ""GSM"", ""Factory Visit""], ""order_type"": {""order_type_category"": ""bulk""}, ""repeat_buyer"": true, ""quantity_scale"": ""High""}}, ""buyer_intent"": {""narrative"": ""Wants to buy lamination rolls for bag manufacturing in Agra and planning a factory visit."", ""reasoning"": ""Specific GSM and size requirements mentioned, planning to move from trading to manufacturing."", ""intent_level"": ""High""}, ""call_outcome"": {""category"": ""Follow-up"", ""conclusion_notes"": ""Planning a factory visit to understand roll weight and finalize order (Factory aa jao lamination rolls ke liye)""}, ""call_purpose"": ""requirement"", ""all_languages"": [""Hindi"", ""English""], ""primary_language"": ""Hindi"", ""additional_details"": {""buyer_queries"": [{""query"": ""Do you have 90/20 GSM lamination rolls in 63 inch size?"", ""category"": ""Specifications"", ""sequence"": 1}, {""query"": ""What is the MOQ for these rolls?"", ""category"": ""Availability"", ""sequence"": 3}], ""seller_queries"": [{""query"": ""Are you setting up a machine or how will you make bags?"", ""category"": ""Specifications"", ""sequence"": 2}, {""query"": ""How much quantity do you need?"", ""category"": ""Quantity"", ""sequence"": 4}]}, ""intended_application"": ""Bag Manufacturing""}, ""products"": [{""in_stock"": ""in stock"", ""product_name"": ""Lamination Roll"", ""specifications"": [{""name"": ""GSM"", ""value"": ""90/20"", ""buyer_requested"": true, ""seller_mentioned"": true}, {""name"": ""Size"", ""unit"": ""inch"", ""value"": ""63"", ""buyer_requested"": true, ""seller_mentioned"": true}], ""quantity_required"": {""unit"": ""rolls"", ""value"": 5}, ""related_categories"": [{""name"": ""Non Woven Fabric"", ""reason"": ""The base material for the lamination roll is non-woven fabric.""}, {""name"": ""Non Woven Roll"", ""reason"": ""Product is sold in roll form for manufacturing.""}], ""is_buyer_interested"": true, ""minimum_order_quantity"": {""unit"": ""kg"", ""value"": 1000}, ""most_specific_category"": {""name"": ""Laminated Non Woven Fabric"", ""reason"": ""Buyer explicitly asked for 90/20 lamination rolls (90 fabric + 20 lamination).""}, ""seller_accepts_quantity"": true}], ""next_steps"": {""buyer_next_steps"": [""To visit the factory in Ronaktsa Industrial Area"", ""To confirm roll weight per unit""], ""seller_next_steps"": [""To share factory location on WhatsApp"", ""To explain roll weight and kg calculation during the visit""]}, ""buyer_details"": {""buyer_name"": ""4e04d109a3a7a0460ad2dfd95a4f0faa145f3249bee9f371f8204d16c01d4921"", ""buyer_location"": {""buyer_city"": ""Agra""}}, ""seller_details"": {""seller_name"": ""44104fcaef8476724152090d6d7bd9afa8ca5b385f6a99d3c6cf36b943b9872d"", ""seller_location"": {""seller_city"": ""Agra"", ""seller_locality"": ""Ronaktsa Industrial Area""}, ""seller_mobile_number"": ""af3af3b36b7f25b5388077281a851f4c122958e28c1d6eca4add0c4cf282893d""}}"
2490752,2507561,25697888,7405,1970-01-01 00:00:00.000,"{""callback"": ""callback by Tomorrow 10 AM - To discuss final pricing (Kal 10 baje call pe baat karte hain)"", ""lead_tag"": {""deal_blockers"": [], ""deal_readiness"": ""Warm"", ""deal_readiness_reason"": ""Buyer has clear quantity requirements and is awaiting catalog details for comparison""}, ""metadata"": {""call_type"": {""type"": ""B2B"", ""reason"": ""The buyer requires 2000 kg of fabric for manufacturing bags, indicating a high-volume commercial B2B transaction."", ""evidence"": {""keywords"": [""Bag Manufacturing"", ""Bulk Purchase""], ""order_type"": [""bulk"", ""commercial""], ""repeat_buyer"": false, ""quantity_scale"": ""High""}}, ""buyer_intent"": {""narrative"": ""Wants 2000 kg of red non-woven fabric for bag manufacturing"", ""reasoning"": ""The buyer has specific requirements for quantity (2000kg), color (red), GSM (100-120), and application (bag making)."", ""intent_level"": ""High""}, ""call_outcome"": {""category"": ""Follow-up"", ""conclusion_notes"": ""Seller will share the catalog on WhatsApp for price clarification (WhatsApp pe details share kar raha hoon check karlo)""}, ""call_purpose"": ""requirement"", ""all_languages"": [""English"", ""Hindi""], ""primary_language"": ""English"", ""additional_details"": {""buyer_queries"": [{""query"": ""What is the minimum price for 1 kg of fabric?"", ""category"": ""Pricing"", ""sequence"": 1, ""answer_by_seller"": ""Prices start from 110 to 160 rupees per kg for various fabric types.""}, {""query"": ""Do you have 120 GSM fabric?"", ""category"": ""Specifications"", ""sequence"": 3, ""answer_by_seller"": ""Non-printing quality is available at 120 per kg. Higher quality is 136 per kg.""}], ""seller_queries"": [{""query"": ""What product do you want to make?"", ""category"": ""Specifications"", ""sequence"": 2, ""answer_by_buyer"": ""I want to make bags.""}, {""query"": ""Do you need printing or non-printing quality?"", ""category"": ""Specifications"", ""sequence"": 4, ""answer_by_buyer"": ""No, I prefer non-printing quality.""}]}}, ""products"": [{""price"": {""value"": 110, ""currency"": ""INR"", ""price_unit"": ""kg"", ""buyer_price_reaction"": {""quote"": ""What is the minimum price?"", ""category"": ""Negotiating""}}, ""in_stock"": ""in stock"", ""product_name"": ""Non Woven Fabric"", ""specifications"": [{""name"": ""Color"", ""value"": ""Red"", ""buyer_requested"": false, ""seller_mentioned"": true}, {""name"": ""GSM"", ""value"": ""100"", ""buyer_requested"": true, ""seller_mentioned"": true}, {""name"": ""Application"", ""value"": ""Bag Making"", ""buyer_requested"": false, ""seller_mentioned"": true}], ""quantity_required"": {""unit"": ""kg"", ""value"": 2000}, ""related_categories"": [{""name"": ""PP Spunbond Nonwoven Fabric"", ""reason"": ""Commonly used for bag manufacturing.""}, {""name"": ""Non Woven Cloth"", ""reason"": ""Used interchangeably with non-woven fabric.""}], ""is_buyer_interested"": true, ""most_specific_category"": {""name"": ""Non Woven Fabric"", ""reason"": ""The product is referenced as non-woven fabric for making bags.""}, ""seller_accepts_quantity"": true}, {""price"": {""value"": 120, ""currency"": ""INR"", ""price_unit"": ""kg""}, ""in_stock"": ""in stock"", ""product_name"": ""Non-Printing Fabric"", ""specifications"": [{""name"": ""Quality"", ""value"": ""Non-Printing"", ""buyer_requested"": true, ""seller_mentioned"": true}, {""name"": ""GSM"", ""value"": ""120"", ""buyer_requested"": true, ""seller_mentioned"": true}], ""related_categories"": [{""name"": ""PP Non Woven Fabric"", ""reason"": ""Frequent material used for non-woven requirements.""}], ""is_buyer_interested"": true, ""most_specific_category"": {""name"": ""Non Woven Fabric"", ""reason"": ""Standard non-woven fabric discussed for non-printing applications.""}}], ""next_steps"": {""buyer_next_steps"": [""To review catalog and pricing on WhatsApp""], ""seller_next_steps"": [""To share product catalog and detailed price list on WhatsApp""]}, ""buyer_details"": {""buyer_name"": ""302754c7fb78a64cf051327fa860211282a5ddff6c8c6bcfa268d5a46dc7b992""}, ""seller_details"": {""seller_name"": ""44104fcaef8476724152090d6d7bd9afa8ca5b385f6a99d3c6cf36b943b9872d""}}"
1673071,1689846,18989867,138541,1970-01-01 00:00:00.000,"{""lead_tag"": {""deal_blockers"": [], ""deal_readiness"": ""Warm"", ""deal_readiness_reason"": ""Specific requirement for 50kg capacity discussed and price shared, waiting for catalog on WhatsApp.""}, ""metadata"": {""call_type"": {""type"": ""B2B"", ""reason"": ""The buyer is inquiring about industrial-grade machinery (50kg/hr capacity) for commercial processing purposes."", ""evidence"": {""keywords"": [""Garlic peeling machine"", ""Full setup"", ""50 kg per hour""], ""order_type"": {""order_type_category"": ""commercial""}, ""buyer_persona"": {""persona_category"": ""end_consumer""}, ""quantity_scale"": ""High""}}, ""buyer_intent"": {""narrative"": ""Requires a 50 kg/hr capacity garlic peeling machine setup for use in Pune."", ""reasoning"": ""The buyer specified the exact capacity (50kg), location (Pune), and confirmed interest in a full setup after hearing the price."", ""intent_level"": ""High""}, ""call_outcome"": {""category"": ""Pending"", ""conclusion_notes"": ""Awaiting catalog and quotation on WhatsApp (WhatsApp pe bhej dijiye quotation details).""}, ""call_purpose"": ""requirement"", ""all_languages"": [""Hindi"", ""English""], ""primary_language"": ""Hindi"", ""additional_details"": {""buyer_queries"": [{""query"": ""What will be the approximate quotation for the machine?"", ""category"": ""Pricing"", ""sequence"": 1}], ""seller_queries"": []}, ""intended_application"": ""Garlic Processing""}, ""products"": [{""price"": {""value"": 280000, ""currency"": ""INR"", ""price_unit"": ""piece""}, ""product_name"": ""Garlic Peeling Machine"", ""specifications"": [{""name"": ""Capacity"", ""unit"": ""kg/hr"", ""value"": ""50"", ""buyer_requested"": true, ""seller_mentioned"": true}, {""name"": ""Setup Type"", ""value"": ""Full Setup"", ""buyer_requested"": true, ""seller_mentioned"": true}], ""quantity_required"": {""unit"": ""pieces"", ""value"": 1}, ""related_categories"": [{""name"": ""Vegetable Peeling Machine"", ""reason"": ""Garlic peeling is a sub-category of broader vegetable peeling equipment.""}, {""name"": ""Peeling Machine"", ""reason"": ""This is a general category for all industrial peeling equipment.""}], ""is_buyer_interested"": true, ""most_specific_category"": {""name"": ""Garlic Peeling Machine"", ""reason"": ""The buyer explicitly asked for a Garlic Peeling Machine with a 50 kg/hour capacity for a complete setup.""}, ""seller_accepts_quantity"": true}], ""next_steps"": {""buyer_next_steps"": [""To review the quotation and catalog on WhatsApp""], ""seller_next_steps"": [""To share the quotation and catalog details on WhatsApp""]}, ""buyer_details"": {""buyer_location"": {""buyer_city"": ""Pune"", ""buyer_state"": ""Maharashtra""}}, ""seller_details"": {}}"
1689297,1706071,8510839,78132,1970-01-01 00:00:00.000,"{""callback"": ""callback by [Specific Time/Date] - [Context] is not mentioned"", ""lead_tag"": {""deal_blockers"": [{""detail"": ""Stock images/details need to be shared before proceeding"", ""category"": ""Availability""}], ""deal_readiness"": ""Warm"", ""deal_readiness_reason"": ""Buyer specifically asked for a replacement part for a known model and requested WhatsApp details for sharing images.""}, ""metadata"": {""call_type"": {""type"": ""B2B"", ""reason"": ""The buyer is seeking a specific replacement part for industrial machinery (forklift), which is typical of B2B maintenance or spare parts sourcing."", ""evidence"": {""keywords"": [""Mitsubishi"", ""Forklift Fan""], ""order_type"": {""order_type_category"": ""one-time""}, ""buyer_persona"": {""persona_detail"": ""Maintenance/Repair Service"", ""persona_category"": ""other""}}}, ""buyer_intent"": {""narrative"": ""Looking for a replacement fan for a Mitsubishi Forklift."", ""reasoning"": ""The buyer mentioned a specific brand (Mitsubishi) and part (Forklift Fan) and is ready to share photos for model matching."", ""intent_level"": ""High""}, ""call_outcome"": {""category"": ""Follow-up"", ""conclusion_notes"": ""Seller will check specs after buyer sends photos on WhatsApp (Abhi check karke batata hoon).""}, ""call_purpose"": ""requirement"", ""all_languages"": [""Hindi"", ""English""], ""primary_language"": ""Hindi"", ""additional_details"": {""buyer_queries"": [{""query"": ""Is there a fan available for the Mitsubishi forklift?"", ""category"": ""Availability"", ""sequence"": 1}], ""seller_queries"": [{""query"": ""Can you share the picture of the fan on WhatsApp?"", ""category"": ""Specifications"", ""sequence"": 2}]}}, ""products"": [{""in_stock"": ""in stock"", ""product_name"": ""Mitsubishi Forklift Fan"", ""specifications"": [{""name"": ""Compatible Brand"", ""value"": ""Mitsubishi"", ""buyer_requested"": true, ""seller_mentioned"": false}], ""related_categories"": [{""name"": ""Forklift Parts"", ""reason"": ""A fan is a secondary component within the broader forklift spare parts category.""}], ""is_buyer_interested"": true, ""most_specific_category"": {""name"": ""Forklift Fan"", ""reason"": ""Buyer specifically requested a fan for a Mitsubishi forklift.""}}], ""next_steps"": {""buyer_next_steps"": [""To share pictures of the fan on the seller's WhatsApp number""], ""seller_next_steps"": [""To verify the product with the shared photos and confirm availability""]}, ""buyer_details"": {""buyer_mobile_number"": ""8a34ca389ef8bb9f8ea057760ceb60897cab5ab13ae5f60daac1f32911a1f64b""}, ""seller_details"": {""seller_name"": ""cca7f49bdf1ff5fcd6e8b3e8fcf8657a5eb8154ce3613e9e7b1a7bb21d59a5e8"", ""seller_location"": {""seller_city"": ""Kolkata""}}}"
3298631,3315461,18989867,138541,1970-01-01 00:00:00.000,"{""callback"": ""callback by Tomorrow Morning - To share product video (Kal morning mein daal deti hoon)"", ""lead_tag"": {""deal_blockers"": [], ""deal_readiness"": ""Warm"", ""deal_readiness_reason"": ""Buyer is waiting for a product video tomorrow morning before deciding.""}, ""metadata"": {""call_type"": {""type"": ""B2B"", ""reason"": ""The call is about a garlic machine which is an industrial/commercial food processing equipment typically used in B2B contexts."", ""evidence"": {""order_type"": [""other""], ""repeat_buyer"": false}}, ""buyer_intent"": {""narrative"": ""Wants to see a video of the garlic machine before proceeding."", ""reasoning"": ""Buyer specifically asked for a product video which shows clear product interest but is still in the information-gathering phase."", ""intent_level"": ""Medium""}, ""call_outcome"": {""category"": ""Follow-up"", ""conclusion_notes"": ""Seller promised to send the video tomorrow morning (Kal morning mein daal deti hoon)""}, ""call_purpose"": ""requirement"", ""all_languages"": [""Hindi"", ""English""], ""primary_language"": ""Hindi"", ""additional_details"": {""buyer_queries"": [{""query"": ""Can you share the video of the garlic machine?"", ""category"": ""Specifications"", ""sequence"": 1, ""answer_by_seller"": ""I will send it tomorrow morning.""}], ""seller_queries"": []}, ""intended_application"": ""Garlic Processing""}, ""products"": [{""product_name"": ""Garlic Machine"", ""specifications"": [], ""related_categories"": [{""name"": ""Vegetable Peeling Machine"", ""reason"": ""Garlic is a vegetable and machines processing it fall under this broader category.""}], ""is_buyer_interested"": true, ""most_specific_category"": {""name"": ""Garlic Peeling Machine"", ""reason"": ""The buyer specifically requested a video for the 'Garlic Machine'.""}}], ""next_steps"": {""buyer_next_steps"": [""To check the product video tomorrow morning""], ""seller_next_steps"": [""To share the garlic machine video tomorrow morning""]}, ""buyer_details"": {""buyer_name"": ""310fbf88a1c795591e58f6a2c7a6dd5635e3477a84912ac20af85a1a4380bcea""}, ""seller_details"": {""seller_name"": ""b097bade29ef6c984ea1c6f28ec5ece165c3765a459f16085d618a97f9a60286""}}"
1673781,1690553,18989867,138541,1970-01-01 00:00:00.000,"{""lead_tag"": {""deal_blockers"": [], ""deal_readiness"": ""Warm"", ""deal_readiness_reason"": ""The buyer is a machinery dealer looking to source for a client and has requested a quotation and videos.""}, ""metadata"": {""call_type"": {""type"": ""B2B"", ""reason"": ""The buyer mentioned having his own machinery business (Bhagwati Engineering) and needs to provide this setup to his party/client, indicating a B2B trade relationship."", ""evidence"": {""keywords"": [""Food Machinery"", ""Wholesale Rate"", ""Setup""], ""order_type"": {""order_type_category"": ""commercial""}, ""repeat_buyer"": true, ""buyer_persona"": {""persona_detail"": ""Food Machinery Dealer"", ""persona_category"": ""distributor""}, ""quantity_scale"": ""High""}}, ""buyer_intent"": {""narrative"": ""A machinery dealer from Bhavnagar is looking for a 100 kg capacity garlic peeling setup for his client."", ""reasoning"": ""The buyer specified the capacity (100kg), his business background, and the specific application (resale to a client), showing professional intent."", ""intent_level"": ""High""}, ""call_outcome"": {""category"": ""Pending"", ""conclusion_notes"": ""The seller will send the quotation and videos on WhatsApp (Video and quotation mokli aapu chhu).""}, ""call_purpose"": ""requirement"", ""all_languages"": [""Gujarati"", ""English""], ""primary_language"": ""Gujarati"", ""additional_details"": {""buyer_queries"": [{""query"": ""What is the price for the full setup?"", ""category"": ""Pricing"", ""sequence"": 1}], ""seller_queries"": [{""query"": ""What capacity are you looking for?"", ""category"": ""Specifications"", ""sequence"": 2}]}, ""intended_application"": ""Retail Resale""}, ""products"": [{""product_name"": ""Garlic Peeler Machine"", ""specifications"": [{""name"": ""Capacity"", ""unit"": ""kg"", ""value"": ""100"", ""buyer_requested"": true, ""seller_mentioned"": false}], ""related_categories"": [{""name"": ""Peeling Machine"", ""reason"": ""It is a designated machine used for peeling vegetables like garlic.""}, {""name"": ""Vegetable Peeling Machine"", ""reason"": ""Garlic is a vegetable and this machine is used for its peeling process.""}], ""is_buyer_interested"": true, ""most_specific_category"": {""name"": ""Garlic Peeling Machine"", ""reason"": ""The buyer specifically asked for a garlic peeler and later mentioned a setup including a peeling machine.""}}, {""product_name"": ""Breaker Machine"", ""related_categories"": [{""name"": ""Garlic Bulb Cutter"", ""reason"": ""A breaker machine in a garlic processing setup is typically a bulb breaker or cutter.""}], ""is_buyer_interested"": true, ""most_specific_category"": {""name"": ""Vegetable Cutting Machine"", ""reason"": ""The seller mentioned a breaker machine as part of the setup, which is used for breaking/cutting garlic bulbs into cloves.""}}, {""product_name"": ""Compressor"", ""is_buyer_interested"": true, ""most_specific_category"": {""name"": ""Peeling Machine"", ""reason"": ""The seller mentions providing a compressor as part of the peeling setup necessitated by pneumatic peeling machines.""}}], ""next_steps"": {""buyer_next_steps"": [""To review the quotation and videos sent by the seller.""], ""seller_next_steps"": [""To share the quotation and product videos on WhatsApp"", ""To provide manufacturer rates for the full setup""]}, ""buyer_details"": {""buyer_name"": ""fa6f5037d21762e77dd78974dd465613308f399a588ab4a3b0ea973dc8fb720c"", ""buyer_location"": {""buyer_city"": ""Bhavnagar""}}, ""seller_details"": {""seller_name"": ""b097bade29ef6c984ea1c6f28ec5ece165c3765a459f16085d618a97f9a60286"", ""seller_location"": {""seller_city"": ""Ahmedabad""}}}"
2800773,2817592,18989867,138541,1970-01-01 00:00:00.000,"{""payment"": {}, ""callback"": ""callback by Tomorrow 5 PM - To finalize (Kal 5 baje call karta hoon)"", ""lead_tag"": {""deal_blockers"": [], ""deal_readiness"": ""Warm"", ""deal_readiness_reason"": ""Discussed pricing and capacity and requested details on WhatsApp.""}, ""metadata"": {""call_type"": {""type"": ""B2B"", ""reason"": ""Buyer is looking for a commercial-grade garlic peeling machine setup for business use."", ""evidence"": {""order_type"": [""commercial""], ""repeat_buyer"": false, ""quantity_scale"": ""High""}}, ""buyer_intent"": {""narrative"": ""Wants to buy a garlic peeling machine setup with 30 kg capacity."", ""reasoning"": ""Buyer is asking for specific capacity and price details and requested technical details for the setup."", ""intent_level"": ""High""}, ""call_outcome"": {""category"": ""Follow-up"", ""conclusion_notes"": ""Requested machine details on WhatsApp (WhatsApp par details bhej do).""}, ""call_purpose"": ""requirement"", ""all_languages"": [""Hindi"", ""English""], ""primary_language"": ""Hindi"", ""additional_details"": {""buyer_queries"": [{""query"": ""What is the capacity and price of the machine?"", ""category"": ""Pricing"", ""sequence"": 1, ""answer_by_seller"": ""The machine with 30 kg capacity costs 2,55,000 for the entire setup.""}, {""query"": ""Is the tax included and what machinery is part of the set?"", ""category"": ""Specifications"", ""sequence"": 2, ""answer_by_seller"": ""Tax is extra, and it includes a 4-machine setup: cutting, dryer, peeling, and compressor.""}], ""seller_queries"": [{""query"": ""What capacity do you require?"", ""category"": ""Quantity"", ""sequence"": 3, ""answer_by_buyer"": ""30 Kg""}]}, ""intended_application"": ""Commercial Garlic Peeling""}, ""products"": [{""price"": {""gst"": {""is_gst_included"": false}, ""value"": 255000, ""currency"": ""INR""}, ""in_stock"": ""in stock"", ""product_name"": ""Garlic Peeling Machine"", ""specifications"": [{""name"": ""Capacity"", ""unit"": ""kg"", ""value"": ""30"", ""buyer_requested"": true, ""seller_mentioned"": true}, {""name"": ""Components"", ""value"": ""Cutting, Dryer, Peeling, and Compressor"", ""buyer_requested"": false, ""seller_mentioned"": true}], ""related_categories"": [{""name"": ""Vegetable Peeling Machine"", ""reason"": ""Garlic peeling is a sub-category of vegetable peeling.""}], ""is_buyer_interested"": true, ""most_specific_category"": {""name"": ""Garlic Peeling Machine"", ""reason"": ""The buyer explicitly inquired about garlic peeling machine and its capacity.""}}], ""next_steps"": {""buyer_next_steps"": [""To review machine details once shared on WhatsApp""], ""seller_next_steps"": [""To share machine details and quotation on WhatsApp""]}, ""buyer_details"": {""buyer_name"": ""47a79db8dc3b54364ae66f657f1c6f0fd6153e8295e2b2b7afe06cba17474897""}, ""seller_details"": {""seller_name"": ""b097bade29ef6c984ea1c6f28ec5ece165c3765a459f16085d618a97f9a60286""}}"
3298228,3315058,18989867,138541,1970-01-01 00:00:00.000,"{""callback"": ""callback by Tomorrow 5 PM - To finalize (Kal 5 baje call karta hoon)"", ""lead_tag"": {""deal_blockers"": [], ""deal_readiness"": ""Warm"", ""deal_readiness_reason"": ""Buyer shared specific capacity requirements and is awaiting a quotation and video for final evaluation.""}, ""metadata"": {""call_type"": {""type"": ""B2B"", ""reason"": ""The buyer is inquiring about industrial-scale machinery (50kg capacity garlic peeling machine with compressor), indicating commercial or factory use."", ""evidence"": {""order_type"": [""commercial"", ""bulk""], ""quantity_scale"": ""High""}}, ""buyer_intent"": {""narrative"": ""Wants a complete garlic peeling machine set with a 50 kg capacity."", ""reasoning"": ""The buyer provided clear specifications, including a 50 kg capacity and a requirement for the full set (breaker, peeler, and compressor)."", ""intent_level"": ""High""}, ""call_outcome"": {""category"": ""Follow-up"", ""conclusion_notes"": ""The seller will send a video and quotation on the buyer's number for review (Video send karti hoon quotation ke sath).""}, ""call_purpose"": ""requirement"", ""all_languages"": [""Hindi"", ""English""], ""primary_language"": ""Hindi"", ""additional_details"": {""buyer_queries"": [{""query"": ""I need information about the machine you posted on the mobile."", ""category"": ""Specifications"", ""sequence"": 1}], ""seller_queries"": [{""query"": ""Which machine do you need?"", ""category"": ""Specifications"", ""sequence"": 2, ""answer_by_buyer"": ""Garlic peeling machine.""}, {""query"": ""What capacity do you need?"", ""category"": ""Quantity"", ""sequence"": 3, ""answer_by_buyer"": ""50 kg.""}, {""query"": ""Do you need the full set including the breaker, peeling, and compressor?"", ""category"": ""Specifications"", ""sequence"": 4, ""answer_by_buyer"": ""Yes, I need the complete set including breaker, peeling, and compressor.""}]}, ""intended_application"": ""Garlic Peeling Production""}, ""products"": [{""product_name"": ""Garlic Peeling Machine Set"", ""specifications"": [{""name"": ""Capacity"", ""unit"": ""kg"", ""value"": ""50"", ""buyer_requested"": false, ""seller_mentioned"": false}, {""name"": ""Components"", ""value"": ""Breaker, Peeler, Compressor"", ""buyer_requested"": true, ""seller_mentioned"": true}], ""related_categories"": [{""name"": ""Vegetable Peeling Machine"", ""reason"": ""Garlic peeling machines are a subset of industrial vegetable peeling equipment.""}, {""name"": ""Peeling Machine"", ""reason"": ""This is a specialized type of peeling machinery used in food processing.""}], ""is_buyer_interested"": true, ""most_specific_category"": {""name"": ""Garlic Peeling Machine"", ""reason"": ""The buyer explicitly requested a garlic peeling machine with a 50 kg capacity.""}}], ""next_steps"": {""buyer_next_steps"": [""To review the video and quotation shared on WhatsApp""], ""seller_next_steps"": [""To share the product video on WhatsApp"", ""To send the quotation for the 50 kg garlic peeling machine set""]}, ""buyer_details"": {""buyer_mobile_number"": ""154d2873f94f50e607faa71490bbd807b17e265e926bb691e941c7c2ebbbf0bf""}, ""seller_details"": {""seller_name"": ""b097bade29ef6c984ea1c6f28ec5ece165c3765a459f16085d618a97f9a60286""}}"
3301557,3318387,30815709,38154,1970-01-01 00:00:00.000,"{""payment"": {}, ""callback"": ""callback by Tomorrow 5 PM - To finalize (Kal 5 baje call karta hoon)"", ""lead_tag"": {""deal_blockers"": [{""detail"": ""Buyer is comparing prices with another brand called Marshal."", ""category"": ""Price""}], ""deal_readiness"": ""Warm"", ""deal_readiness_reason"": ""The buyer has a specific quantity requirement and is comparing prices to proceed.""}, ""metadata"": {""call_type"": {""type"": ""B2B"", ""reason"": ""The buyer explicitly stated he does wholesale and requires 500 sheets for business purposes."", ""evidence"": {""keywords"": [""Wholesale"", ""Steel Scrubber"", ""Bulk Sheets""], ""order_type"": [""bulk"", ""commercial""], ""repeat_buyer"": false, ""buyer_persona"": {""persona_detail"": ""Wholesaler in Tirupati"", ""persona_category"": ""wholesaler""}, ""quantity_scale"": ""High""}}, ""buyer_intent"": {""narrative"": ""Wants 500 sheets of King Steel Scrubber for wholesale in Tirupati."", ""reasoning"": ""The buyer specified a high quantity (500 sheets), a brand (King), and mentioned his role as a wholesaler in Tirupati."", ""intent_level"": ""High""}, ""call_outcome"": {""category"": ""Follow-up"", ""conclusion_notes"": ""Buyer mentioned another brand's lower price; seller maintained his rate. Further discussion needed.""}, ""call_purpose"": ""requirement"", ""all_languages"": [""Tamil"", ""English""], ""primary_language"": ""Tamil"", ""additional_details"": {""buyer_queries"": [{""query"": ""What is the price per sheet?"", ""category"": ""Pricing"", ""sequence"": 1}, {""query"": ""Another brand offers it for 45-46 rupees, why is yours 52?"", ""category"": ""Pricing"", ""sequence"": 2}], ""seller_queries"": [{""query"": ""How many sheets do you need?"", ""category"": ""Quantity"", ""sequence"": 3}, {""query"": ""Where are you calling from?"", ""category"": ""Location"", ""sequence"": 4}]}, ""intended_application"": ""Wholesale Resale""}, ""products"": [{""price"": {""value"": 52, ""currency"": ""INR"", ""price_unit"": ""sheet"", ""buyer_price_reaction"": {""quote"": ""Another brand offers it for 45-46."", ""category"": ""Negotiating""}}, ""in_stock"": ""in stock"", ""product_name"": ""King Steel Scrubber"", ""specifications"": [{""name"": ""Weight"", ""unit"": ""grams"", ""value"": ""12"", ""buyer_requested"": false, ""seller_mentioned"": true}, {""name"": ""Grade"", ""value"": ""430"", ""buyer_requested"": false, ""seller_mentioned"": true}], ""quantity_required"": {""unit"": ""sheets"", ""value"": 500}, ""related_categories"": [{""name"": ""Cleaning Scourer"", ""reason"": ""Steel scrubbers are a type of cleaning scourer used for heavy-duty scrubbing.""}, {""name"": ""Pot Scourers"", ""reason"": ""Commonly used for cleaning pots and utensils.""}], ""is_buyer_interested"": true, ""most_specific_category"": {""name"": ""Steel Wool Scrubber"", ""reason"": ""The product is specifically mentioned as a steel scrubber, which falls under this category.""}, ""seller_accepts_quantity"": true}], ""next_steps"": {""buyer_next_steps"": [""To decide whether to proceed despite the price difference.""], ""seller_next_steps"": [""To follow up on the price negotiation if possible.""]}, ""buyer_details"": {""buyer_name"": ""55f892561217352586913025a5fc4be5ad605d2003763e29ecf0b6e215fbb909""}, ""seller_details"": {""seller_name"": ""322b61a4293f6c0eaf8bc179033ff947c58dc3d0177c010ea6d41b3cb4f1a4e0""}}"
2835552,2852372,2559350,24164,1970-01-01 00:00:00.000,"{""lead_tag"": {""deal_blockers"": [{""detail"": ""The buyer mentions the price of ₹1000 is high."", ""category"": ""Price""}], ""deal_readiness"": ""Warm"", ""deal_readiness_reason"": ""Buyer is showing intent by asking for a cheaper variety and requesting 5 pieces after checking the photos.""}, ""metadata"": {""call_type"": {""type"": ""B2B"", ""reason"": ""The buyer's requirement for specific tools for CNC machines points to a manufacturing/B2B context, though initial quantity is small."", ""evidence"": {""keywords"": [""CNC Router"", ""Carbide straight bit"", ""25 mm cutting length""], ""order_type"": [""trial""], ""buyer_persona"": {""persona_detail"": ""Router machine operator/owner"", ""persona_category"": ""manufacturer""}, ""quantity_scale"": ""Low""}}, ""buyer_intent"": {""narrative"": ""Wants to buy 5 units of 8 mm carbide end mills for CNC router use."", ""reasoning"": ""Buyer had specific dimensions and quantity requirements and asked for product photos to confirm quality."", ""intent_level"": ""High""}, ""call_outcome"": {""category"": ""Follow-up"", ""conclusion_notes"": ""Requested photos on WhatsApp before placing order for 5 pieces (WhatsApp ma photo moklo 5 panna mokalvana che).""}, ""call_purpose"": ""requirement"", ""all_languages"": [""Gujarati"", ""English""], ""primary_language"": ""Gujarati"", ""additional_details"": {""buyer_queries"": [{""query"": ""How much for the 8 mm two-fluted carbide end mill?"", ""category"": ""Pricing"", ""sequence"": 1}, {""query"": ""The price is high. Do you have anything cheaper for around ₹400-500?"", ""category"": ""Pricing"", ""sequence"": 2}, {""query"": ""I have a carbide straight bit, which is around ₹500 - is your product different?"", ""category"": ""Specifications"", ""sequence"": 3}], ""seller_queries"": [{""query"": ""Which machine will it be used in?"", ""category"": ""Specifications"", ""sequence"": 4}]}}, ""products"": [{""price"": {""gst"": {""is_gst_included"": false}, ""value"": 1000, ""currency"": ""INR"", ""buyer_price_reaction"": {""quote"": ""The price is a bit high. Do you have anything cheaper? (Rate bahut zyada hai, kuch sasta hai?)"", ""category"": ""Negotiating""}}, ""in_stock"": ""in stock"", ""product_name"": ""2 Fluted Carbide End Mill (Pana)"", ""specifications"": [{""name"": ""Size"", ""unit"": ""mm"", ""value"": ""8"", ""buyer_requested"": false, ""seller_mentioned"": true}, {""name"": ""Number of Flutes"", ""value"": ""2"", ""buyer_requested"": false, ""seller_mentioned"": true}, {""name"": ""Cutting Length"", ""unit"": ""mm"", ""value"": ""25"", ""buyer_requested"": true, ""seller_mentioned"": true}, {""name"": ""Overall Length"", ""unit"": ""mm"", ""value"": ""50"", ""buyer_requested"": false, ""seller_mentioned"": true}, {""name"": ""Material"", ""value"": ""Solid Carbide"", ""buyer_requested"": true, ""seller_mentioned"": true}, {""name"": ""Application"", ""value"": ""CNC Router"", ""buyer_requested"": true, ""seller_mentioned"": true}], ""quantity_required"": {""unit"": ""pieces"", ""value"": 5}, ""related_categories"": [{""name"": ""VMC Cutting Tools"", ""reason"": ""These end mills are commonly used as cutting tools on VMC/CNC machines.""}, {""name"": ""Carbide Cutters"", ""reason"": ""The tool is made of solid carbide.""}], ""is_buyer_interested"": true, ""most_specific_category"": {""name"": ""Solid Carbide End Mills"", ""reason"": ""The seller explicitly discusses solid carbide end mills with specific dimensions and flute counts (8 mm, 2-flute).""}, ""seller_accepts_quantity"": true}, {""price"": {""value"": 500, ""currency"": ""INR""}, ""in_stock"": ""in stock"", ""product_name"": ""Brazed Carbide Bit (Tikdi Chotadele)"", ""specifications"": [{""name"": ""Type"", ""value"": ""Brazed Tip (Tikdi Chotadele)"", ""buyer_requested"": false, ""seller_mentioned"": true}], ""related_categories"": [{""name"": ""Carbide Cutters"", ""reason"": ""Contains carbide tips.""}], ""is_buyer_interested"": false, ""most_specific_category"": {""name"": ""Solid Carbide End Mills"", ""reason"": ""Mentioned as a cheaper alternative involving brazed tips instead of solid carbide body.""}}], ""next_steps"": {""buyer_next_steps"": [""To check product photos over WhatsApp""], ""seller_next_steps"": [""To send carbide end mill photos on WhatsApp""]}, ""buyer_details"": {""buyer_mobile_number"": ""9c0dd1632b116d41e2a374227e94a7ad224cc00970e0d93078d514582f248b89""}, ""seller_details"": {""seller_mobile_number"": ""9c0dd1632b116d41e2a374227e94a7ad224cc00970e0d93078d514582f248b89""}}"
3036008,3052829,18989867,138541,1970-01-01 00:00:00.000,"{""payment"": {}, ""callback"": ""callback by Later - To provide more information about the garlic peeling machine (I will call you in a while)"", ""lead_tag"": {""deal_blockers"": [], ""deal_readiness"": ""Warm"", ""deal_readiness_reason"": ""Specifically discussed production capacity needs but next step is information gathering.""}, ""metadata"": {""call_type"": {""type"": ""B2B"", ""reason"": ""Buyer is asking for high-capacity industrial machinery for garlic peeling, suggesting business/commercial use."", ""evidence"": {""keywords"": [""Garlic Peeling Machine"", ""Production Capacity""], ""order_type"": [""commercial""], ""quantity_scale"": ""High""}}, ""buyer_intent"": {""narrative"": ""Wants a garlic peeling machine with a 2-5 quintal production capacity."", ""reasoning"": ""Specified clear technical requirement for production capacity and asked for a specific machine type."", ""intent_level"": ""High""}, ""call_outcome"": {""category"": ""Follow-up"", ""conclusion_notes"": ""Will provide details in a while (Karti hoon call thodi der mein)""}, ""call_purpose"": ""requirement"", ""all_languages"": [""Hindi"", ""English""], ""primary_language"": ""Hindi"", ""additional_details"": {""buyer_queries"": [{""query"": ""Do you have garlic peeling machines?"", ""category"": ""Availability"", ""sequence"": 1}], ""seller_queries"": [{""query"": ""What capacity do you need?"", ""category"": ""Specifications"", ""sequence"": 2, ""answer_by_buyer"": ""Output requirements of 2-5 quintals.""}]}, ""intended_application"": ""Commercial Food Processing""}, ""products"": [{""in_stock"": ""in stock"", ""product_name"": ""Garlic Peeling Machine"", ""specifications"": [{""name"": ""Production Capacity"", ""unit"": ""quintal"", ""value"": ""2"", ""buyer_requested"": false, ""seller_mentioned"": false}], ""related_categories"": [{""name"": ""Vegetable Peeling Machine"", ""reason"": ""Garlic peeling machines are a subset of vegetable peeling machinery.""}, {""name"": ""Peeling Machine"", ""reason"": ""Basic functionality is peeling.""}], ""is_buyer_interested"": true, ""most_specific_category"": {""name"": ""Garlic Peeling Machine"", ""reason"": ""The buyer explicitly asked for a garlic peeling machine.""}}, {""in_stock"": ""in stock"", ""product_name"": ""Garlic Peeling Machine"", ""specifications"": [{""name"": ""Production Capacity"", ""unit"": ""quintal"", ""value"": ""4"", ""buyer_requested"": false, ""seller_mentioned"": false}], ""related_categories"": [{""name"": ""Vegetable Peeling Machine"", ""reason"": ""Garlic peeling machines are a subset of vegetable peeling machinery.""}, {""name"": ""Peeling Machine"", ""reason"": ""Basic functionality is peeling.""}], ""is_buyer_interested"": true, ""most_specific_category"": {""name"": ""Garlic Peeling Machine"", ""reason"": ""The buyer explicitly asked for a garlic peeling machine.""}}, {""in_stock"": ""in stock"", ""product_name"": ""Garlic Peeling Machine"", ""specifications"": [{""name"": ""Production Capacity"", ""unit"": ""quintal"", ""value"": ""5"", ""buyer_requested"": false, ""seller_mentioned"": false}], ""related_categories"": [{""name"": ""Vegetable Peeling Machine"", ""reason"": ""Garlic peeling machines are a subset of vegetable peeling machinery.""}, {""name"": ""Peeling Machine"", ""reason"": ""Basic functionality is peeling.""}], ""is_buyer_interested"": true, ""most_specific_category"": {""name"": ""Garlic Peeling Machine"", ""reason"": ""The buyer explicitly asked for a garlic peeling machine.""}}], ""next_steps"": {""buyer_next_steps"": [], ""seller_next_steps"": [""To provide details about garlic peeling machines via call later.""]}, ""buyer_details"": {""buyer_mobile_number"": ""897889ee003de8cca753f8d3cc002644787192d479ad26f04cfc7543b7d03557""}, ""seller_details"": {}}"
2514110,2530919,8510839,78132,1970-01-01 00:00:00.000,"{""lead_tag"": {""deal_blockers"": [], ""deal_readiness"": ""Warm"", ""deal_readiness_reason"": ""Buyer is seeking specific sizes and agreed to share details for a quote tomorrow.""}, ""metadata"": {""call_type"": {""type"": ""B2B"", ""reason"": ""The requirement for forklift components and the exchange of a business card suggests a commercial B2B interaction."", ""evidence"": {""keywords"": [""Forklift"", ""Solid Tyres"", ""Business Card""], ""order_type"": [""commercial""], ""repeat_buyer"": false, ""buyer_persona"": {""persona_category"": ""other""}}}, ""buyer_intent"": {""narrative"": ""Buyer is looking for solid tyres for forklifts in four different sizes."", ""reasoning"": ""Buyer has a specific count of sizes (4) and is ready to share his business card and detailed inquiry immediately."", ""intent_level"": ""High""}, ""call_outcome"": {""category"": ""Follow-up"", ""conclusion_notes"": ""Seller asked buyer to send inquiry on WhatsApp and will discuss tomorrow (Kal main baat karta hoon).""}, ""call_purpose"": ""requirement"", ""all_languages"": [""Hindi"", ""English""], ""primary_language"": ""Hindi"", ""additional_details"": {""buyer_queries"": [], ""seller_queries"": [{""query"": ""Which size do you need?"", ""category"": ""Specifications"", ""sequence"": 1, ""answer_by_buyer"": ""I have four different sizes.""}]}}, ""products"": [{""product_name"": ""Solid Tyre (Forklift Tyre)"", ""specifications"": [{""name"": ""Type"", ""value"": ""Solid"", ""buyer_requested"": false, ""seller_mentioned"": false}, {""name"": ""Application"", ""value"": ""Forklift"", ""buyer_requested"": true, ""seller_mentioned"": false}], ""related_categories"": [{""name"": ""Forklift Truck Parts"", ""reason"": ""Tyres are a critical component and spare part for forklift trucks.""}, {""name"": ""Forklift Parts"", ""reason"": ""Classified under general forklift parts as an essential consumable component.""}], ""is_buyer_interested"": true, ""most_specific_category"": {""name"": ""Forklift Tyres"", ""reason"": ""The buyer explicitly mentioned needing 'Solid tyres' for a 'Forklift'.""}}], ""next_steps"": {""buyer_next_steps"": [""To share requirement details and business card on WhatsApp""], ""seller_next_steps"": [""To check WhatsApp inquiry and call back tomorrow for discussion""]}, ""buyer_details"": {}, ""seller_details"": {}}"
1096929,1110782,18989867,138541,1970-01-01 00:00:00.000,"{""payment"": {""payment_mode"": ""upi""}, ""lead_tag"": {""deal_blockers"": [], ""deal_readiness"": ""Hot"", ""deal_readiness_reason"": ""Imran is ready to pay and wants a quotation immediately.""}, ""metadata"": {""call_type"": {""type"": ""B2B"", ""reason"": ""The conversation was focused on a specific product inquiry for business purposes."", ""evidence"": {""keywords"": [""Garlic Peeling Machine""], ""order_type"": ""Direct Purchase"", ""repeat_buyer"": true, ""buyer_persona"": ""Potential Business Owner"", ""quantity_scale"": ""High""}}, ""buyer_intent"": {""narrative"": ""Imran is interested in purchasing a 50kg garlic peeling machine and needs a quotation and product video."", ""reasoning"": ""The buyer specifically asked for a quotation and product video, indicating a strong purchase intent."", ""intent_level"": ""High""}, ""call_purpose"": ""requirement"", ""all_languages"": [""Hindi""], ""buyer_conclusion"": {""category"": ""Committed"", ""conclusion_notes"": ""Imran asked for a quotation and video, which Pinal agreed to provide.""}, ""primary_language"": ""Hindi"", ""additional_details"": {""buyer_queries"": [{""query"": ""What is the price of the 50kg garlic peeling machine?"", ""category"": ""Pricing"", ""sequence"": 1}, {""query"": ""Can you share a video demo of the machine?"", ""category"": ""Product Specs"", ""sequence"": 2}], ""seller_queries"": []}, ""intended_application"": ""Commercial Food Processing""}, ""products"": [{""product_name"": ""50kg Garlic Peeling Machine"", ""specifications"": [{""name"": ""Capacity"", ""value"": ""50kg/h""}], ""quantity_required"": {""value"": 1}, ""quantity_accepted_by_seller"": true}], ""call_back"": ""callback by Tomorrow 10 AM - To finalize the quotation."", ""next_steps"": {""buyer_next_steps"": [""To review the quotation and catalog.""], ""seller_next_steps"": [""To share the quotation and product video on WhatsApp.""]}, ""buyer_details"": {""buyer_name"": ""e378432fc68f9b707bd923e7968c1524c57e91ffc62a89b5a29bbb2473a65979""}, ""seller_details"": {""seller_name"": ""b097bade29ef6c984ea1c6f28ec5ece165c3765a459f16085d618a97f9a60286""}, ""minimum_order_quantity"": {""value"": 1}}"
3309092,3325922,8510839,78132,1970-01-01 00:00:00.000,"{""callback"": ""callback by Tomorrow 10 AM - To discuss requirements (Kal subah 10 baje baat karte hain)"", ""lead_tag"": {""deal_blockers"": [], ""deal_readiness"": ""Warm"", ""deal_readiness_reason"": ""Agreed to discuss details tomorrow morning after initial contact""}, ""metadata"": {""call_type"": {""type"": ""B2B"", ""reason"": ""The call is a business inquiry via IndiaMART, though specific quantities were not discussed yet."", ""evidence"": {""buyer_persona"": {""persona_category"": ""other""}}}, ""buyer_intent"": {""narrative"": ""Buyer from Panchkula initiated contact regarding a product requirement and agreed to follow up tomorrow."", ""reasoning"": ""Buyer specifically mentioned their location and asked to speak at a more convenient time tomorrow to discuss the requirement."", ""intent_level"": ""Medium""}, ""call_outcome"": {""category"": ""Follow-up"", ""conclusion_notes"": ""Agreed to speak tomorrow at 10 AM (Kal subah 10 baje baat karte hain)""}, ""call_purpose"": ""requirement"", ""all_languages"": [""Hindi"", ""English""], ""primary_language"": ""Hindi"", ""additional_details"": {""buyer_queries"": [], ""seller_queries"": [{""query"": ""Where are you calling from?"", ""category"": ""Location"", ""sequence"": 1, ""answer_by_buyer"": ""I am calling from Panchkula.""}]}}, ""products"": [], ""next_steps"": {""buyer_next_steps"": [""To call back tomorrow morning at 10 AM""], ""seller_next_steps"": [""To discuss product requirements with the buyer tomorrow""]}, ""buyer_details"": {""buyer_name"": ""1dc33f8635e85308ef5685bca4ede5aadd7c0297247cbe9372018bfa59088987""}, ""seller_details"": {""seller_name"": ""cca7f49bdf1ff5fcd6e8b3e8fcf8657a5eb8154ce3613e9e7b1a7bb21d59a5e8""}}"
703140,713423,18989867,138541,1970-01-01 00:00:00.000,"{""payment"": {}, ""lead_tag"": {""deal_blockers"": [], ""deal_readiness"": ""Warm"", ""deal_readiness_reason"": ""Buyer has clear specifications for a Garlic Peeling Machine and requested photos on WhatsApp to move forward.""}, ""metadata"": {""call_type"": {""type"": ""B2B"", ""reason"": ""The inquiry is for industrial food processing machinery (Garlic Peeler) from a manufacturer for business use in Zirakpur."", ""evidence"": {""keywords"": [""Manufacturer"", ""Food Pharma Machinery"", ""50 kg capacity""], ""order_type"": ""Commercial"", ""repeat_buyer"": false, ""buyer_persona"": ""Business Owner"", ""quantity_scale"": ""High""}}, ""buyer_intent"": {""narrative"": ""The buyer is looking for a 50 kg Garlic Peeling Machine and specifically asked if the seller is a manufacturer."", ""reasoning"": ""The buyer provided a specific location, product type, and capacity, showing professional interest in the equipment."", ""intent_level"": ""High""}, ""call_purpose"": ""requirement"", ""all_languages"": [""Hindi"", ""English""], ""buyer_conclusion"": {""category"": ""Follow-up"", ""conclusion_notes"": ""The buyer will review the photos and machine details sent by the seller on WhatsApp (Main aapko details bhej deta hoon WhatsApp pe)""}, ""primary_language"": ""Hindi"", ""additional_details"": {""buyer_queries"": [{""query"": ""Is a Garlic Peeling Machine available?"", ""category"": ""Product"", ""sequence"": 1}, {""query"": ""Do you manufacture the machines or are you a trader?"", ""category"": ""Manufacturer"", ""sequence"": 3}], ""seller_queries"": [{""query"": ""What capacity in kg do you require?"", ""category"": ""Specifications"", ""sequence"": 2}]}, ""intended_application"": ""Food Processing""}, ""products"": [{""in_stock"": ""in stock"", ""product_name"": ""Garlic Peeling Machine"", ""specifications"": [{""name"": ""Capacity"", ""unit"": ""kg"", ""value"": ""50"", ""buyer_requested"": true, ""seller_mentioned"": true}], ""related_categories"": [{""name"": ""Vegetable Peeling Machine"", ""reason"": ""A garlic peeler is a specialized type of vegetable peeling equipment.""}, {""name"": ""Peeling Machine"", ""reason"": ""The primary function of the product discussed is peeling.""}], ""is_buyer_interested"": true, ""most_specific_category"": {""name"": ""Garlic Peeling Machine"", ""reason"": ""The buyer explicitly inquired about a Garlic Peeling Machine with a 50 kg capacity.""}}], ""call_back"": ""callback by In 1 hour - To share product details and photos on WhatsApp (Main aapko details bhej deta hoon WhatsApp pe)"", ""next_steps"": {""buyer_next_steps"": [""To check machine photos and details on WhatsApp""], ""seller_next_steps"": [""To share product catalog and photos on WhatsApp""]}, ""buyer_details"": {""buyer_location"": {""buyer_city"": ""Zirakpur""}}, ""seller_details"": {""seller_name"": ""265719f4e7ee032fe4a0c5ed5735a0530545e4f35c8648155dc5450330327e2a"", ""seller_location"": {""seller_city"": ""Ahmedabad""}}, ""minimum_order_quantity"": {}}"
3334825,3351653,5515598,41050,1970-01-01 00:00:00.000,"{""callback"": ""callback by Tomorrow - To confirm stock (Kal call karta hoon)"", ""lead_tag"": {""deal_blockers"": [{""detail"": ""100 liter capacity not available"", ""category"": ""Availability""}], ""deal_readiness"": ""Cold"", ""deal_readiness_reason"": ""Requested capacity is unavailable, seller only stocks 300 liters and above""}, ""metadata"": {""call_type"": {""type"": ""B2C"", ""reason"": ""The buyer is looking for a small 100L water tank, likely for personal or small-scale residential use."", ""evidence"": {""order_type"": [""one-time""], ""quantity_scale"": ""Low""}}, ""buyer_intent"": {""narrative"": ""Wants a 100 liter Sintex water tank"", ""reasoning"": ""Buyer specifically asked for a low capacity (100L) which the seller does not provide, leading to a quick conclusion."", ""intent_level"": ""Low""}, ""call_outcome"": {""category"": ""Lost"", ""conclusion_notes"": ""Required 100L capacity not available, seller starts from 300L (300 se start hai)""}, ""call_purpose"": ""requirement"", ""all_languages"": [""Tamil"", ""English""], ""primary_language"": ""Tamil"", ""additional_details"": {""buyer_queries"": [{""query"": ""Do you have 100 liter Sintex water tanks?"", ""category"": ""Availability"", ""sequence"": 1}], ""seller_queries"": []}}, ""products"": [{""in_stock"": ""out of stock"", ""product_name"": ""Sintex Water Tank"", ""specifications"": [{""name"": ""Capacity"", ""unit"": ""liters"", ""value"": ""100"", ""buyer_requested"": true, ""seller_mentioned"": false}, {""name"": ""Brand"", ""value"": ""Sintex"", ""buyer_requested"": true, ""seller_mentioned"": false}], ""quantity_required"": {""unit"": ""pieces"", ""value"": 1}, ""related_categories"": [{""name"": ""Water Storage Tanks"", ""reason"": ""It is a type of storage tank for water.""}], ""is_buyer_interested"": true, ""most_specific_category"": {""name"": ""Sintex Water Tanks"", ""reason"": ""Buyer specifically asked for Sintex water tank.""}, ""seller_accepts_quantity"": false}, {""in_stock"": ""in stock"", ""product_name"": ""Aquaflex Water Tank"", ""specifications"": [{""name"": ""Brand"", ""value"": ""Aquaflex"", ""buyer_requested"": false, ""seller_mentioned"": true}, {""name"": ""Minimum Capacity"", ""unit"": ""liters"", ""value"": ""300"", ""buyer_requested"": false, ""seller_mentioned"": true}], ""related_categories"": [{""name"": ""Plastic Water Tank"", ""reason"": ""Common material for such storage tanks.""}], ""is_buyer_interested"": false, ""most_specific_category"": {""name"": ""Aquatech Water Tanks"", ""reason"": ""Seller mentioned dealing in Aquaflex brand.""}}], ""next_steps"": {""buyer_next_steps"": [], ""seller_next_steps"": []}, ""buyer_details"": {""buyer_name"": ""2ea6c9756285d0fa2f075fe40e1caeaaeee9a174c61015c03bfcfbd872fd01ef""}, ""seller_details"": {""seller_name"": ""cf4cdd0174f724805681f17b68510a5d342eea4c43a621935a9539622433015f""}}"
2014341,2031126,8510839,78132,1970-01-01 00:00:00.000,"{""lead_tag"": {""deal_blockers"": [], ""deal_readiness"": ""Warm"", ""deal_readiness_reason"": ""Ready to provide specifications via WhatsApp for a specific forklift part requirement.""}, ""metadata"": {""call_type"": {""type"": ""B2B"", ""reason"": ""The inquiry is for industrial equipment maintenance (forklift parts) indicating a B2B context."", ""evidence"": {""keywords"": [""Forklift machine"", ""Clutch complete assembly"", ""3 ton""], ""order_type"": {""order_type_category"": ""commercial""}, ""buyer_persona"": {""persona_detail"": ""Equipment Maintenance/Owner"", ""persona_category"": ""other""}}}, ""buyer_intent"": {""narrative"": ""Wants to buy a transmission clutch complete drum assembly for an Ace 3-ton forklift."", ""reasoning"": ""The buyer provided specific machine details (Ace, 3-ton) and a specific part name (clutch drum assembly)."", ""intent_level"": ""High""}, ""call_outcome"": {""category"": ""Follow-up"", ""conclusion_notes"": ""Moving to WhatsApp for sharing specifications and photos (WhatsApp pe inquiry bhejiye).""}, ""call_purpose"": ""requirement"", ""all_languages"": [""Hindi""], ""primary_language"": ""Hindi"", ""additional_details"": {""buyer_queries"": [], ""seller_queries"": [{""query"": ""What type of machine and make is it?"", ""category"": ""Specifications"", ""sequence"": 1}, {""query"": ""Can you send the photo and model on WhatsApp?"", ""category"": ""Specifications"", ""sequence"": 2}]}}, ""products"": [{""product_name"": ""Clutch Complete Drum Assembly [Transmission Clutch]"", ""specifications"": [{""name"": ""Machine Type"", ""value"": ""Forklift"", ""buyer_requested"": true, ""seller_mentioned"": false}, {""name"": ""Make"", ""value"": ""Ace"", ""buyer_requested"": true, ""seller_mentioned"": false}, {""name"": ""Capacity"", ""unit"": ""Ton"", ""value"": ""3"", ""buyer_requested"": true, ""seller_mentioned"": false}], ""related_categories"": [{""name"": ""Forklift Truck Parts"", ""reason"": ""As part of a forklift's transmission system, it qualifies as a truck part.""}, {""name"": ""Forklift Attachments"", ""reason"": ""Associated with specialized forklift assembly components.""}], ""is_buyer_interested"": true, ""most_specific_category"": {""name"": ""Forklift Parts"", ""reason"": ""The buyer specifically requested a clutch complete drum assembly for an Ace 3-ton forklift.""}}], ""next_steps"": {""buyer_next_steps"": [""To share photo and model details on WhatsApp""], ""seller_next_steps"": [""To share rates after reviewing the inquiry on WhatsApp""]}, ""buyer_details"": {""buyer_name"": ""d86f8421d1966690d6a5bedd79bb247167f706b1a8f91ba40338059f900a9e7a"", ""buyer_mobile_number"": ""006687987cc740c98bbe86078cdddf14e703a20ba6484c0f9404d46a6547cd38""}, ""seller_details"": {""seller_name"": ""a5bb9829c699828fa7abf756356dfbbac04cea5a90346435286036c953f7c65f"", ""seller_mobile_number"": ""cc030405b92357061e201243c0fe1210fba0e336a329f91eeedfeb36efcdfbfd""}}"
1116778,1130652,18989867,138541,1970-01-01 00:00:00.000,"{""payment"": {}, ""lead_tag"": {""deal_blockers"": [""Price: Major gap between buyer budget and seller quote.""], ""deal_readiness"": ""Cold"", ""deal_readiness_reason"": ""The buyer was expecting a much lower price (12k on IndiaMART) compared to the seller's quote of 1.8 Lakhs.""}, ""metadata"": {""call_type"": {""type"": ""B2B"", ""reason"": ""The discussion involves industrial-grade machinery with compressors and specific hourly capacities, indicating a B2B requirement for food processing."", ""evidence"": {""keywords"": [""Capacity"", ""Compressor"", ""IndiaMART""], ""order_type"": ""commercial"", ""repeat_buyer"": false, ""buyer_persona"": ""manufacturer"", ""quantity_scale"": ""High""}}, ""buyer_intent"": {""narrative"": ""Wants a garlic peeling machine with 20-30kg capacity but was exploring lower pricing found online."", ""reasoning"": ""Significant price gap (12k vs 1.8L) suggests the buyer might be looking at a different scale of machinery or is not ready for industrial pricing."", ""intent_level"": ""Low""}, ""call_purpose"": ""requirement"", ""all_languages"": [""Hindi"", ""English""], ""buyer_conclusion"": {""category"": ""Lost"", ""conclusion_notes"": ""The buyer mention seeing a price of 12,000 on Indiamart while the quote was 1,80,000. (Indiamart pe toh I think 12,000 dikha raha tha)""}, ""primary_language"": ""Hindi"", ""additional_details"": {""buyer_queries"": [{""query"": ""What is the price of the Garlic Peeling Machine?"", ""category"": ""Price"", ""sequence"": 1}, {""query"": ""How much will a 12,000 INR machine cost?"", ""category"": ""Price"", ""sequence"": 2}], ""seller_queries"": [{""query"": ""What capacity do you need?"", ""category"": ""Specs"", ""sequence"": 1}]}, ""intended_application"": ""Industrial Production""}, ""products"": [{""price"": {""value"": 180000, ""currency"": ""INR""}, ""in_stock"": ""in stock"", ""product_name"": ""Garlic Peeling Machine"", ""specifications"": [{""name"": ""Capacity"", ""unit"": ""kg"", ""value"": ""30"", ""buyer_requested"": true, ""seller_mentioned"": true}, {""name"": ""Inclusions"", ""value"": ""Compressor"", ""buyer_requested"": false, ""seller_mentioned"": true}], ""related_categories"": [{""name"": ""Peeling Machine"", ""reason"": ""It is a specialized type of general peeling machinery.""}, {""name"": ""Vegetable Peeling Machine"", ""reason"": ""Garlic is a vegetable, and this machine is designed for its peeling process.""}], ""is_buyer_interested"": true, ""most_specific_category"": {""name"": ""Garlic Peeling Machine"", ""reason"": ""The buyer explicitly inquired about a garlic peeling machine, and the seller provided pricing for a 30kg capacity model.""}, ""quantity_accepted_by_seller"": true}], ""call_back"": """", ""next_steps"": {""buyer_next_steps"": [], ""seller_next_steps"": []}, ""buyer_details"": {""buyer_name"": ""985e0ae68e888c52ff4d23544847bdcdec9c1cc3d6c36579e7ac8b816c8b88a1"", ""buyer_mobile_number"": ""34f17608cd1a42ba533c5b977058b9e86198fcbec74f0bc0193d4fdfb2e20518""}, ""seller_details"": {""seller_name"": ""b097bade29ef6c984ea1c6f28ec5ece165c3765a459f16085d618a97f9a60286""}, ""minimum_order_quantity"": {""unit"": ""piece"", ""value"": 1}}"
2026462,2043250,30684786,132217,1970-01-01 00:00:00.000,"{""lead_tag"": {""deal_blockers"": [{""detail"": ""The seller does not deal in the requested PVC material."", ""category"": ""Availability""}], ""deal_readiness"": ""Cold"", ""deal_readiness_reason"": ""The seller explicitly stated they are not dealing in the product requested by the buyer.""}, ""metadata"": {""call_type"": {""type"": ""B2B"", ""reason"": ""The buyer was attempting to sell industrial plastic scrap (PVC chips/lumps), which is a characteristic B2B trade activity."", ""evidence"": {""keywords"": [""Hard PVC"", ""PVC Lumps""], ""order_type"": {""order_type_category"": ""commercial""}, ""quantity_scale"": ""High""}}, ""buyer_intent"": {""narrative"": ""The buyer was looking to sell PVC chips to the seller."", ""reasoning"": ""The buyer reached out to sell rather than buy, and the seller immediately declined, ending the interest."", ""intent_level"": ""Low""}, ""call_outcome"": {""category"": ""Lost"", ""conclusion_notes"": ""The seller stated they do not deal in this product (Filhaal deal nahi kar rahe)""}, ""call_purpose"": ""requirement"", ""all_languages"": [""Hindi"", ""English""], ""primary_language"": ""Hindi"", ""additional_details"": {""buyer_queries"": [{""query"": ""Are you interested in purchasing PVC chips?"", ""category"": ""Availability"", ""sequence"": 1}], ""seller_queries"": []}}, ""products"": [{""in_stock"": ""not sold"", ""product_name"": ""PVC Chips (Lumps)"", ""specifications"": [{""name"": ""Material Type"", ""value"": ""Hard PVC"", ""buyer_requested"": false, ""seller_mentioned"": false}], ""related_categories"": [{""name"": ""Plastic Scrap"", ""reason"": ""PVC is a subset of plastic scrap.""}], ""is_buyer_interested"": true, ""most_specific_category"": {""name"": ""PVC Scrap"", ""reason"": ""The buyer specifically mentioned having PVC chips/lumps (PVC last/chips) for sale, which falls under PVC scrap.""}}], ""next_steps"": {""buyer_next_steps"": [], ""seller_next_steps"": []}, ""buyer_details"": {""buyer_name"": ""9d1de997f3a8e71c69d9d11a6911921290b7c76f544222d4ff446f24913a7a2f"", ""buyer_mobile_number"": ""317feb2c51361d1cdc769aded1caca9a4b616576aa098ae130b86f77ec93bd01""}, ""seller_details"": {""seller_name"": ""768a238e0667c41c9312d886dd3bf18df4825c6d73b0e096e33ac066a7207c05""}}"
2539278,2556087,8510839,78132,1970-01-01 00:00:00.000,"{""callback"": ""callback by Today Later - To provide spare parts list (Baad mein call karta hoon)"", ""lead_tag"": {""deal_blockers"": [], ""deal_readiness"": ""Warm"", ""deal_readiness_reason"": ""Buyer is looking for specific spare parts and has been asked to share the list for pricing and availability.""}, ""metadata"": {""call_type"": {""type"": ""B2B"", ""reason"": ""The buyer is inquiring about specific industrial forklift spare parts, suggesting a B2B context for repair or maintenance."", ""evidence"": {""order_type"": [""other""], ""buyer_persona"": {""persona_category"": ""end_consumer""}}}, ""buyer_intent"": {""narrative"": ""Buyer is looking for spare parts for a Toyota lift truck engine."", ""reasoning"": ""The buyer specifically named the brand and application, showing clear technical intent."", ""intent_level"": ""High""}, ""call_outcome"": {""category"": ""Follow-up"", ""conclusion_notes"": ""Seller will call back after checking details (Call karta hoon)""}, ""call_purpose"": ""requirement"", ""all_languages"": [""Hindi"", ""English""], ""primary_language"": ""Hindi"", ""additional_details"": {""buyer_queries"": [{""query"": ""Do you have spare parts for a Toyota lift truck engine?"", ""category"": ""Availability"", ""sequence"": 1}], ""seller_queries"": [{""query"": ""Which model do you need parts for?"", ""category"": ""Specifications"", ""sequence"": 2}]}, ""intended_application"": ""Forklift Maintenance""}, ""products"": [{""in_stock"": ""in stock"", ""product_name"": ""Toyota lift truck engine spare parts"", ""specifications"": [{""name"": ""Brand"", ""value"": ""Toyota"", ""buyer_requested"": false, ""seller_mentioned"": true}], ""related_categories"": [{""name"": ""Forklift Parts"", ""reason"": ""Engine spares are a sub-category of general forklift parts.""}], ""is_buyer_interested"": true, ""most_specific_category"": {""name"": ""Forklift Truck Parts"", ""reason"": ""The conversation specifically centers on spare parts for a Toyota lift truck.""}}], ""next_steps"": {""buyer_next_steps"": [""To share the required parts list on WhatsApp""], ""seller_next_steps"": [""To verify stock and provide pricing once the list is received""]}, ""buyer_details"": {""buyer_name"": ""4b76b2dd3568e8f6cc2cd9e086241fbc8ad9ab6bdae94679cae6eb0b83dfd820""}, ""seller_details"": {""seller_name"": ""cca7f49bdf1ff5fcd6e8b3e8fcf8657a5eb8154ce3613e9e7b1a7bb21d59a5e8""}}"
2550672,2567483,8510839,78132,1970-01-01 00:00:00.000,"{""lead_tag"": {""deal_blockers"": [], ""deal_readiness"": ""Warm"", ""deal_readiness_reason"": ""Ready to share sample and part number to proceed further. ""}, ""metadata"": {""call_type"": {""type"": ""B2B"", ""reason"": ""Buyer is looking for specific spare parts for maintenance."", ""evidence"": {""keywords"": [""Forklift Seal Kit"", ""Tilt Cylinder"", ""AF30D""], ""order_type"": [""other""], ""repeat_buyer"": false, ""buyer_persona"": {""persona_detail"": ""Maintenance Engineer"", ""persona_category"": ""other""}, ""quantity_scale"": ""Low""}}, ""buyer_intent"": {""narrative"": ""Looking for Tilt Cylinder Seal Kit for ACE AF30D forklift."", ""reasoning"": ""Very specific with model number and part requirements, willing to share photos and part numbers."", ""intent_level"": ""High""}, ""call_outcome"": {""category"": ""Follow-up"", ""conclusion_notes"": ""Will share details on WhatsApp (WhatsApp pe pin kar raha hoon)""}, ""call_purpose"": ""requirement"", ""all_languages"": [""Bengali"", ""Hindi"", ""English""], ""primary_language"": ""Hindi"", ""additional_details"": {""buyer_queries"": [{""query"": ""Can I share photos and part number for verification?"", ""category"": ""Specifications"", ""sequence"": 2}], ""seller_queries"": [{""query"": ""Do you have a sample?"", ""category"": ""Specifications"", ""sequence"": 1}]}}, ""products"": [{""in_stock"": ""in stock"", ""product_name"": ""ACE AF30D Tilt Cylinder Seal Kit"", ""specifications"": [{""name"": ""Model Compatibility"", ""unit"": """", ""buyer_requested"": false, ""seller_mentioned"": false}], ""related_categories"": [{""name"": ""Forklift Parts"", ""reason"": ""Seal kits are critical components of forklift spare parts.""}], ""is_buyer_interested"": true, ""most_specific_category"": {""name"": ""Forklift Seal"", ""reason"": ""Specifically inquiring about Tilt Cylinder Seal Kit for a forklift.""}}], ""next_steps"": {""buyer_next_steps"": [""To share photos and part number on WhatsApp""], ""seller_next_steps"": [""To send a message on WhatsApp for further communication""]}, ""buyer_details"": {""buyer_name"": ""826f2883f08b91dd2d66d6a1ca90373d19dc9d49cc1094dc4d88c47e12a2ddac""}, ""seller_details"": {""seller_name"": ""cca7f49bdf1ff5fcd6e8b3e8fcf8657a5eb8154ce3613e9e7b1a7bb21d59a5e8""}}"
2875546,2892365,18989867,138541,1970-01-01 00:00:00.000,"{""lead_tag"": {""deal_blockers"": [{""detail"": ""Buyer expressed that 80,000 is high (Bahut zyada hai)"", ""category"": ""Price""}, {""detail"": ""Buyer prefers a local presence in Kolkata for service and verification"", ""category"": ""Location""}], ""deal_readiness"": ""Warm"", ""deal_readiness_reason"": ""Interested in 30-50 kg/hr models but concerned about pricing and local service availability in Kolkata.""}, ""metadata"": {""call_type"": {""type"": ""B2B"", ""reason"": ""The buyer is looking for industrial-grade machinery for a newly started food processing venture, indicating a B2B transaction."", ""evidence"": {""keywords"": [""SS Machine"", ""Peel Garlic Machine"", ""30 kg capacity"", ""Commercial use""], ""order_type"": [""commercial""], ""repeat_buyer"": false, ""buyer_persona"": {""persona_detail"": ""Food Processing Startup"", ""persona_category"": ""manufacturer""}, ""quantity_scale"": ""High""}}, ""buyer_intent"": {""narrative"": ""Seeking a garlic peeling machine with 30-50 kg/hr capacity for a new business setup in Kolkata."", ""reasoning"": ""Buyer has specific capacity requirements (30-50 kg/hr) and has already started a business, showing clear immediate need."", ""intent_level"": ""High""}, ""call_outcome"": {""category"": ""Follow-up"", ""conclusion_notes"": ""Seller shared catalog and videos; buyer will review and discuss with partner (I will check the video and quotation).""}, ""call_purpose"": ""requirement"", ""all_languages"": [""Hindi"", ""Bengali"", ""English""], ""primary_language"": ""Hindi"", ""additional_details"": {""buyer_queries"": [{""query"": ""Where is your company located?"", ""category"": ""Location"", ""sequence"": 1, ""answer_by_seller"": ""Ahmedabad, Gujarat.""}, {""query"": ""Do you have any branch or link in Kolkata?"", ""category"": ""Location"", ""sequence"": 2, ""answer_by_seller"": ""No, we don't have a branch in Kolkata. Some old customers might be using it, but we don't have a direct presence there.""}, {""query"": ""How will I get servicing for the machine if I order from Ahmedabad?"", ""category"": ""Specifications"", ""sequence"": 3, ""answer_by_seller"": ""The machine is very simple and easy to use. Any issues can be solved via video call, and parts can be sent by courier if needed.""}, {""query"": ""Can the machine peel 30 kg in one go?"", ""category"": ""Specifications"", ""sequence"": 5, ""answer_by_seller"": ""A 30 kg/hr model is available.""}, {""query"": ""What is the price for these machines?"", ""category"": ""Pricing"", ""sequence"": 6, ""answer_by_seller"": ""The price for a 30 kg/hr model is approximately 80,000.""}], ""seller_queries"": [{""query"": ""What capacity do you require?"", ""category"": ""Specifications"", ""sequence"": 4}]}, ""intended_application"": ""Garlic Processing Business""}, ""products"": [{""price"": {""value"": 80000, ""currency"": ""INR"", ""buyer_price_reaction"": {""quote"": ""Bahut zyada hai (It's too much)"", ""category"": ""Negotiating""}}, ""in_stock"": ""in stock"", ""product_name"": ""Garlic Peeling Machine"", ""specifications"": [{""name"": ""Capacity"", ""unit"": ""kg/hr"", ""value"": ""30"", ""buyer_requested"": false, ""seller_mentioned"": true}, {""name"": ""Material"", ""value"": ""Stainless Steel (SS 304)"", ""buyer_requested"": false, ""seller_mentioned"": true}], ""related_categories"": [{""name"": ""Vegetable Peeling Machine"", ""reason"": ""Garlic is a vegetable, and this machine belongs to the broader category of peeling equipment.""}], ""is_buyer_interested"": true, ""most_specific_category"": {""name"": ""Garlic Peeling Machine"", ""reason"": ""The conversation specifically focuses on a machine used to peel garlic.""}}, {""product_name"": ""Garlic Peeling Machine (50kg)"", ""specifications"": [{""name"": ""Capacity"", ""unit"": ""kg/hr"", ""value"": ""50"", ""buyer_requested"": true, ""seller_mentioned"": true}], ""related_categories"": [{""name"": ""Vegetable Peeling Machine"", ""reason"": ""Related category for peeling equipment.""}], ""is_buyer_interested"": true, ""most_specific_category"": {""name"": ""Garlic Peeling Machine"", ""reason"": ""The buyer inquired about a higher capacity variant of the garlic peeling machine.""}}], ""next_steps"": {""buyer_next_steps"": [""To review the shared videos and quotation"", ""To discuss the proposal with his brother/partner""], ""seller_next_steps"": [""To follow up after the buyer reviews the catalog and videos""]}, ""buyer_details"": {""buyer_name"": ""9ea5663edd9900fcdc40f96fa5071bc14f04338c9b7ec9c02fcb35c460a98bb7"", ""buyer_location"": {""buyer_city"": ""Kolkata""}}, ""seller_details"": {""seller_name"": ""b097bade29ef6c984ea1c6f28ec5ece165c3765a459f16085d618a97f9a60286"", ""seller_location"": {""seller_city"": ""Ahmedabad"", ""seller_state"": ""Gujarat""}}}"
3077300,3094124,8510839,78132,1970-01-01 00:00:00.000,"{""callback"": ""callback by Tomorrow 10 AM - To discuss stock (Kal 10 baje call karta hoon)"", ""lead_tag"": {""deal_blockers"": [], ""deal_readiness"": ""Warm"", ""deal_readiness_reason"": ""Buyer has a specific brand (Godrej) and part (Transmission Housing) requirement and agreed to move to WhatsApp for further details. ""}, ""metadata"": {""call_type"": {""type"": ""B2B"", ""reason"": ""The buyer is inquiring about a specific industrial forklift part which is typically a B2B requirement for maintenance or repair of industrial equipment."", ""evidence"": {""order_type"": [""commercial""], ""repeat_buyer"": false}}, ""buyer_intent"": {""narrative"": ""Buyer is looking for a transmission housing for a Godrej forklift."", ""reasoning"": ""The buyer has a specific requirement for a Godrej forklift part (transmission housing) and intends to share further details on WhatsApp."", ""intent_level"": ""High""}, ""call_outcome"": {""category"": ""Follow-up"", ""conclusion_notes"": ""Seller asked to connect on WhatsApp for further information (WhatsApp kariyega main detail bhejta hoon)""}, ""call_purpose"": ""requirement"", ""all_languages"": [""Hindi"", ""English""], ""primary_language"": ""Hindi"", ""additional_details"": {""buyer_queries"": [{""query"": ""Do you have parts for Godrej Forklift?"", ""category"": ""Availability"", ""sequence"": 1, ""answer_by_seller"": ""I do have parts for Godrej forklift, kindly message me on WhatsApp. ""}, {""query"": ""Do you have the transmission housing?"", ""category"": ""Availability"", ""sequence"": 2, ""answer_by_seller"": ""Yes, the transmission housing is available. Please send me a WhatsApp message for further details.""}], ""seller_queries"": []}}, ""products"": [{""in_stock"": ""in stock"", ""product_name"": ""Transmission Housing (Godrej Forklift)"", ""specifications"": [{""name"": ""Brand"", ""value"": ""Godrej"", ""buyer_requested"": true, ""seller_mentioned"": false}, {""name"": ""Part Name"", ""value"": ""Transmission Housing"", ""buyer_requested"": true, ""seller_mentioned"": true}], ""related_categories"": [{""name"": ""Forklift Truck Parts"", ""reason"": ""The transmission housing is a major component of a forklift truck.""}], ""is_buyer_interested"": true, ""most_specific_category"": {""name"": ""Forklift Parts"", ""reason"": ""The product is a transmission housing for a Godrej forklift, which falls under general forklift parts.""}}], ""next_steps"": {""buyer_next_steps"": [""To message the seller on WhatsApp to get product details""], ""seller_next_steps"": [""To share the details of the transmission housing on WhatsApp""]}, ""buyer_details"": {""buyer_name"": ""4320472dca0d474b698d34e00ea152eae7c4fe91290b6745c78ed67b4b0551b4""}, ""seller_details"": {""seller_name"": ""cca7f49bdf1ff5fcd6e8b3e8fcf8657a5eb8154ce3613e9e7b1a7bb21d59a5e8""}}"
3377311,3394141,5515598,41050,1970-01-01 00:00:00.000,"{""callback"": ""callback by Monday 1 PM - To confirm stock (Mubarak ho, 1 baje call karta hoon)"", ""lead_tag"": {""deal_blockers"": [{""detail"": ""3000 litre capacity not available in horizontal type"", ""category"": ""Availability""}], ""deal_readiness"": ""Warm"", ""deal_readiness_reason"": ""Buyer is reviewing photos and specs of available 1000L and 10000L options before deciding.""}, ""metadata"": {""call_type"": {""type"": ""B2B"", ""reason"": ""The buyer is looking for specific industrial-grade water tanks for corporation water collection, indicating a professional or commercial requirement."", ""evidence"": {""order_type"": [""commercial""], ""repeat_buyer"": false, ""quantity_scale"": ""High""}}, ""buyer_intent"": {""narrative"": ""Seeking a 3000L underground water tank for Corporation water collection."", ""reasoning"": ""Buyer has a specific application and is actively checking capacities and types like horizontal and triple-layered tanks."", ""intent_level"": ""High""}, ""call_outcome"": {""category"": ""Follow-up"", ""conclusion_notes"": ""Buyer will check the photos and specifications sent by the seller (Nokkatte)""}, ""call_purpose"": ""requirement"", ""all_languages"": [""Malayalam"", ""Tamil"", ""English""], ""primary_language"": ""Malayalam"", ""additional_details"": {""buyer_queries"": [{""query"": ""Do you have a 3000 litre tank that can be placed underground?"", ""category"": ""Specifications"", ""sequence"": 1, ""answer_by_seller"": ""Horizontal round type tanks only come in 1000 litre capacity, not 3000.""}, {""query"": ""Can I get this in Kochi?"", ""category"": ""Location"", ""sequence"": 2, ""answer_by_seller"": ""We supply from Coimbatore.""}], ""seller_queries"": []}, ""intended_application"": ""Corporation Water Collection""}, ""products"": [{""price"": {""value"": 9, ""price_unit"": ""litre""}, ""in_stock"": ""in stock"", ""product_name"": ""Horizontal Round Type Tank (Underground Tank)"", ""specifications"": [{""name"": ""Capacity"", ""unit"": ""litre"", ""value"": ""1000"", ""buyer_requested"": false, ""seller_mentioned"": true}, {""name"": ""Color"", ""value"": ""White"", ""buyer_requested"": false, ""seller_mentioned"": true}, {""name"": ""Layers"", ""value"": ""3"", ""buyer_requested"": true, ""seller_mentioned"": true}], ""related_categories"": [{""name"": ""Underground Water Tanks"", ""reason"": ""Buyer specifically asked for tanks to be placed under the ground.""}, {""name"": ""Plastic Water Tank"", ""reason"": ""Likely material based on the design and usage described.""}], ""is_buyer_interested"": true, ""most_specific_category"": {""name"": ""Triple Layered Water Tanks"", ""reason"": ""Seller explicitly mentioned it as a triple-layer tank with high strength.""}}, {""in_stock"": ""in stock"", ""product_name"": ""Large Storage Tank"", ""specifications"": [{""name"": ""Capacity"", ""unit"": ""litre"", ""value"": ""10000"", ""buyer_requested"": false, ""seller_mentioned"": true}], ""related_categories"": [{""name"": ""Industrial Water Storage Tank"", ""reason"": ""High capacity mentioned suggests industrial usage.""}], ""is_buyer_interested"": false, ""most_specific_category"": {""name"": ""Water Storage Tanks"", ""reason"": ""Generic large capacity storage tank mentioned by the seller.""}}], ""next_steps"": {""buyer_next_steps"": [""To check the product photos shared by the seller""], ""seller_next_steps"": [""To provide delivery details from Coimbatore to Kochi if requested""]}, ""buyer_details"": {""buyer_name"": ""7446783c207819c88f4358a528c02b9dbb7154a31cd89f4795a763ed8f829b5c""}, ""seller_details"": {""seller_name"": ""cf4cdd0174f724805681f17b68510a5d342eea4c43a621935a9539622433015f""}}"
3376954,3393782,5515598,41050,1970-01-01 00:00:00.000,"{""callback"": ""callback by Today or Tomorrow - To confirm order after reviewing details (Aaj ya kal mein order karta hoon)"", ""lead_tag"": {""deal_blockers"": [], ""deal_readiness"": ""Hot"", ""deal_readiness_reason"": ""Ready to order by tomorrow if details are satisfactory. ""}, ""metadata"": {""call_type"": {""type"": ""B2C"", ""reason"": ""Buyer is looking for a single unit for household water storage."", ""evidence"": {""keywords"": [""Underground Tank"", ""Food Grade"", ""Sump Tank""], ""order_type"": [""one-time""], ""repeat_buyer"": false, ""buyer_persona"": {""persona_category"": ""end_consumer""}, ""quantity_scale"": ""Low""}}, ""buyer_intent"": {""narrative"": ""Wants a 3-layer underground sump tank for water collection in Kochi."", ""reasoning"": ""Specific about layers, application, and location; ready to order within 24 hours."", ""intent_level"": ""High""}, ""call_outcome"": {""category"": ""Follow-up"", ""conclusion_notes"": ""Will check details and place order by tomorrow (Kal tak order karunga)""}, ""call_purpose"": ""requirement"", ""all_languages"": [""Malayalam"", ""Tamil"", ""English""], ""primary_language"": ""Malayalam"", ""additional_details"": {""buyer_queries"": [{""query"": ""Do you have underground sump tanks?"", ""category"": ""Availability"", ""sequence"": 1, ""answer_by_seller"": ""Yes, it is available.""}, {""query"": ""What is the price of the tank?"", ""category"": ""Pricing"", ""sequence"": 2, ""answer_by_seller"": ""3 layer black is ₹6/L and white food-grade is ₹7/L.""}, {""query"": ""Is it food-grade?"", ""category"": ""Specifications"", ""sequence"": 3, ""answer_by_seller"": ""Yes, it is food-grade.""}, {""query"": ""Is it 3-layered?"", ""category"": ""Specifications"", ""sequence"": 4}], ""seller_queries"": []}}, ""products"": [{""price"": {""value"": 6, ""currency"": ""INR"", ""price_unit"": ""Litre"", ""buyer_price_reaction"": {""quote"": ""Okay, send details (Ok details bhejo)"", ""category"": ""Accepted""}}, ""in_stock"": ""in stock"", ""product_name"": ""3 Layer Sump Tank (Black)"", ""specifications"": [{""name"": ""Color"", ""value"": ""Black"", ""buyer_requested"": false, ""seller_mentioned"": true}, {""name"": ""Layers"", ""value"": ""3"", ""buyer_requested"": true, ""seller_mentioned"": true}, {""name"": ""Application"", ""value"": ""Underground"", ""buyer_requested"": false, ""seller_mentioned"": true}], ""related_categories"": [{""name"": ""Water Tanks"", ""reason"": ""Generic category for liquid storage.""}, {""name"": ""Triple Layered Water Tanks"", ""reason"": ""Specified as having 3 layers.""}], ""is_buyer_interested"": true, ""most_specific_category"": {""name"": ""Underground Water Tanks"", ""reason"": ""Specifically described as a tank to be placed in the ground (sump tank).""}}, {""price"": {""value"": 7, ""currency"": ""INR"", ""price_unit"": ""Litre"", ""buyer_price_reaction"": {""quote"": ""Okay, send details (Ok details bhejo)"", ""category"": ""Accepted""}}, ""in_stock"": ""in stock"", ""product_name"": ""3 Layer Sump Tank (White)"", ""specifications"": [{""name"": ""Color"", ""value"": ""White"", ""buyer_requested"": false, ""seller_mentioned"": true}, {""name"": ""Layers"", ""value"": ""3"", ""buyer_requested"": true, ""seller_mentioned"": true}, {""name"": ""Grade"", ""value"": ""Food Grade"", ""buyer_requested"": true, ""seller_mentioned"": true}, {""name"": ""Application"", ""value"": ""Underground"", ""buyer_requested"": false, ""seller_mentioned"": true}], ""related_categories"": [{""name"": ""Water Tanks"", ""reason"": ""Generic category for liquid storage.""}, {""name"": ""Triple Layered Water Tanks"", ""reason"": ""Specified as having 3 layers.""}], ""is_buyer_interested"": true, ""most_specific_category"": {""name"": ""Underground Water Tanks"", ""reason"": ""Intended for underground water collection.""}}], ""next_steps"": {""buyer_next_steps"": [""To review photos and price details on WhatsApp"", ""To confirm order by tomorrow""], ""seller_next_steps"": [""To share product photos, pricing, and specifications on WhatsApp""]}, ""buyer_details"": {""buyer_location"": {""buyer_city"": ""Kochi""}, ""buyer_mobile_number"": ""ed421a985d9830f17ac5d252d7636cb5273e9f7a77d5e6adddb8a27b817eecb2""}, ""seller_details"": {""seller_location"": {""seller_city"": ""Coimbatore""}}}"
1771144,1787923,30553547,9751,1970-01-01 00:00:00.000,"{""callback"": ""callback by Tomorrow 11 AM - To share quotation (Kal 11 baje tak quotation bhej dunga)"", ""lead_tag"": {""deal_blockers"": [], ""deal_readiness"": ""Warm"", ""deal_readiness_reason"": ""Buyer has clear quantity requirements and is seeking a quotation for procurement.""}, ""metadata"": {""call_type"": {""type"": ""B2B"", ""reason"": ""The buyer's request for 500kg of a chemical compound and a formal quotation indicates a B2B transaction."", ""evidence"": {""keywords"": [""Quotation"", ""Bulk Purchase""], ""order_type"": {""order_type_category"": ""bulk""}, ""repeat_buyer"": false, ""buyer_persona"": {""persona_detail"": ""Professional Buyer"", ""persona_category"": ""other""}, ""quantity_scale"": ""High""}}, ""buyer_intent"": {""narrative"": ""Wants to purchase 500kg of Magnesium Chloride for delivery in Delhi."", ""reasoning"": ""Buyer specifies volume (500kg) and location (Delhi), indicating immediate requirement."", ""intent_level"": ""High""}, ""call_outcome"": {""category"": ""Pending"", ""conclusion_notes"": ""Waiting for quotation to be shared (Quotation bhej dijiye uske baad decide karenge)""}, ""call_purpose"": ""requirement"", ""all_languages"": [""Hindi"", ""English""], ""primary_language"": ""Hindi"", ""additional_details"": {""buyer_queries"": [{""query"": ""What is the price of Magnesium Chloride?"", ""category"": ""Pricing"", ""sequence"": 1}], ""seller_queries"": [{""query"": ""How much quantity do you need?"", ""category"": ""Quantity"", ""sequence"": 2}]}}, ""products"": [{""in_stock"": ""in stock"", ""product_name"": ""Magnesium Chloride"", ""specifications"": [], ""quantity_required"": {""unit"": ""kg"", ""value"": 500}, ""related_categories"": [{""name"": ""Industrial Chemicals"", ""reason"": ""Magnesium Chloride is a common chemical used in various industrial applications.""}, {""name"": ""Inorganic Salts"", ""reason"": ""Chemically, it is classified as an inorganic salt.""}], ""is_buyer_interested"": true, ""most_specific_category"": {""name"": ""Magnesium Chloride"", ""reason"": ""The buyer explicitly inquired about Magnesium Chloride and the seller confirmed dealing in it.""}, ""seller_accepts_quantity"": true}], ""next_steps"": {""buyer_next_steps"": [""To review the quotation and confirm the order""], ""seller_next_steps"": [""To share formal quotation for 500kg Magnesium Chloride on WhatsApp""]}, ""buyer_details"": {""buyer_name"": ""871d8ff58f502d5d95c9c1ec93eb96e5fab4a193dedd1afb34e310f6a76f3170""}, ""seller_details"": {""seller_name"": ""973d7f9efc06ba81112bceb8205309ff0f49c303c28914a1dcf143d86a1b15b4""}}"
3389078,3405910,3542998,17008,1970-01-01 00:00:00.000,"{""lead_tag"": {""deal_blockers"": [{""detail"": ""Buyer looking for a local supplier in Ahmedabad while seller is based in Pune"", ""category"": ""Location""}], ""deal_readiness"": ""Cold"", ""deal_readiness_reason"": ""Buyer disengaged immediately upon learning the seller is located in a different city.""}, ""metadata"": {""call_type"": {""type"": ""B2B"", ""reason"": ""The call involves a buyer from Milton Industries Limited looking for a local supplier for business needs."", ""evidence"": {""keywords"": [""Local"", ""Ahmedabad"", ""Pune""]}}, ""buyer_intent"": {""narrative"": ""The buyer was looking for a local supplier in Ahmedabad for an unspecified industrial requirement."", ""reasoning"": ""The buyer specifically stated they were looking for a local source in Ahmedabad and ended the call once they realized the seller is in Pune."", ""intent_level"": ""Low""}, ""call_outcome"": {""category"": ""Lost"", ""conclusion_notes"": ""Buyer was looking for a local supplier in Ahmedabad (Main Ahmedabad ka local dhoond raha tha).""}, ""call_purpose"": ""requirement"", ""all_languages"": [""Gujarati"", ""Hindi"", ""English""], ""primary_language"": ""Gujarati"", ""additional_details"": {""buyer_queries"": [], ""seller_queries"": [{""query"": ""Are you speaking from Ahmedabad?"", ""category"": ""Location"", ""sequence"": 1}]}}, ""products"": [{""in_stock"": ""in stock"", ""product_name"": ""Industrial Product (Milton Industries Requirement)"", ""is_buyer_interested"": true}], ""next_steps"": {""buyer_next_steps"": [], ""seller_next_steps"": []}, ""buyer_details"": {""buyer_name"": ""ad7ca110dad9a39e5723f4e434d3df33ce867cbb7a79a723a5cf24049ef353b8""}, ""seller_details"": {""seller_name"": ""70327789a444281bf1cb883868ec949170a1ada7f02bb266d24fb74e7aa5f88b""}}"
1794390,1811171,8510839,78132,1970-01-01 00:00:00.000,"{""lead_tag"": {""deal_blockers"": [], ""deal_readiness"": ""Warm"", ""deal_readiness_reason"": ""The buyer has shared reference photos and is actively discussing details over WhatsApp.""}, ""metadata"": {""call_type"": {""type"": ""B2B"", ""reason"": ""The buyer is inquiring about a specialized part for an army defense machine which suggests a professional B2B or institutional purchase."", ""evidence"": {""order_type"": {""order_type_category"": ""commercial""}, ""buyer_persona"": {""persona_detail"": ""Army Defense Machine User"", ""persona_category"": ""end_consumer""}}}, ""buyer_intent"": {""narrative"": ""Wants a master cylinder for an army defense machine and has shared photos for reference."", ""reasoning"": ""The buyer has specific requirements for a machine used in the army and is actively following up by sharing photos and engaging in technical discussion."", ""intent_level"": ""High""}, ""call_outcome"": {""category"": ""Follow-up"", ""conclusion_notes"": ""The buyer will share more photos on WhatsApp to confirm the exact part match. (Agya, main aapko photo bhejta hoon)""}, ""call_purpose"": ""requirement"", ""all_languages"": [""Hindi"", ""English""], ""primary_language"": ""Hindi"", ""additional_details"": {""buyer_queries"": [{""query"": ""Is the master cylinder I saw on IndiaMART available? (Master cylinder chahiye tha maine photo bhi dala hai IndiaMART pe)"", ""category"": ""Availability"", ""sequence"": 1}], ""seller_queries"": [{""query"": ""Which machine is this for? (Kya machine hai aapka?)"", ""category"": ""Specifications"", ""sequence"": 2}]}}, ""products"": [{""in_stock"": ""in stock"", ""product_name"": ""Master Cylinder"", ""specifications"": [{""name"": ""Application"", ""value"": ""Army Defense Machine"", ""buyer_requested"": false, ""seller_mentioned"": false}], ""related_categories"": [{""name"": ""Forklift Brake Parts"", ""reason"": ""Master cylinders are central components of forklift braking systems.""}], ""is_buyer_interested"": true, ""most_specific_category"": {""name"": ""Forklift Parts"", ""reason"": ""The master cylinder is a critical hydraulic part used in heavy machinery and material handling equipment like forklifts used in defense.""}}], ""next_steps"": {""buyer_next_steps"": [""To share more photos of the required master cylinder on WhatsApp""], ""seller_next_steps"": [""To review the photos and confirm the part availability and specs""]}, ""buyer_details"": {""buyer_name"": ""fb1484ec19172fbfc3e662f9ffd80f2add2ec6ed17128cabdffb1eaf9551e3ef"", ""buyer_location"": {""buyer_city"": ""Jodhpur""}, ""buyer_mobile_number"": ""44278a6b5ea8352dbd05a0653e7d34f67a7652cd1a150456e4ced5ccac35e979""}, ""seller_details"": {""seller_name"": ""cca7f49bdf1ff5fcd6e8b3e8fcf8657a5eb8154ce3613e9e7b1a7bb21d59a5e8"", ""seller_location"": {""seller_city"": ""Kolkata""}, ""seller_mobile_number"": ""e1b2be4984cbe383a0b90947901ab1615446d5e98e683f7fa0552f9bd13879a3""}}"
1801880,1818660,3542998,17008,1970-01-01 00:00:00.000,"{""callback"": ""callback by Today in 2 minutes - To discuss lead screw specs (Me ek don minuteat phone karto)"", ""lead_tag"": {""deal_blockers"": [], ""deal_readiness"": ""Warm"", ""deal_readiness_reason"": ""Specific technical inquiry regarding diameter indicates serious requirement, but call was cut short for a callback.""}, ""metadata"": {""call_type"": {""type"": ""B2B"", ""reason"": ""Lead screws with 40mm diameter are typically used in industrial machinery, suggesting a B2B context."", ""evidence"": {""keywords"": [""Lead Screw"", ""40mm Diameter""], ""order_type"": {""order_type_category"": ""commercial""}, ""buyer_persona"": {""persona_category"": ""manufacturer""}}}, ""buyer_intent"": {""narrative"": ""Looking for lead screws with 40mm diameter for a requirement in Pune/Satara region."", ""reasoning"": ""Buyer specifically mentioned a 40mm diameter requirement and reached out via a trade platform."", ""intent_level"": ""High""}, ""call_outcome"": {""category"": ""Follow-up"", ""conclusion_notes"": ""Seller requested 2 minutes and promised to call back (Me ek don minuteat phone karto).""}, ""call_purpose"": ""requirement"", ""all_languages"": [""Marathi"", ""English"", ""Hindi""], ""primary_language"": ""Marathi"", ""additional_details"": {""buyer_queries"": [{""query"": ""Do you have lead screws available?"", ""category"": ""Availability"", ""sequence"": 1}, {""query"": ""Is a 40mm diameter lead screw available?"", ""category"": ""Specifications"", ""sequence"": 3}], ""seller_queries"": [{""query"": ""Which lead screw do you need?"", ""category"": ""Specifications"", ""sequence"": 2}]}, ""intended_application"": ""Industrial Machinery""}, ""products"": [{""product_name"": ""Lead Screw"", ""specifications"": [{""name"": ""Diameter"", ""unit"": ""mm"", ""value"": ""40"", ""buyer_requested"": true, ""seller_mentioned"": false}], ""related_categories"": [{""name"": ""Precision Screws"", ""reason"": ""Lead screws are a type of precision screw used in linear motion.""}, {""name"": ""Acme Screws"", ""reason"": ""Many lead screws follow acme thread standards.""}], ""is_buyer_interested"": true, ""most_specific_category"": {""name"": ""Lead Screw"", ""reason"": ""The buyer explicitly asked for a 'lead screw' with a specific diameter.""}}], ""next_steps"": {""buyer_next_steps"": [""To wait for a return call from the seller.""], ""seller_next_steps"": [""To call back to discuss lead screw specifications in detail.""]}, ""buyer_details"": {""buyer_name"": ""a6eac1a0ae42d3e466b45dd4610e18decdb339b59bda075853ae0229fd4edc35"", ""buyer_location"": {""buyer_city"": ""Satara""}}, ""seller_details"": {""seller_name"": ""70327789a444281bf1cb883868ec949170a1ada7f02bb266d24fb74e7aa5f88b"", ""seller_location"": {""seller_city"": ""Pune""}}}"
2085273,2102062,3542998,17008,1970-01-01 00:00:00.000,"{""lead_tag"": {""deal_blockers"": [{""detail"": ""Primary contact person was unavailable to speak."", ""category"": ""Other""}], ""deal_readiness"": ""Cold"", ""deal_readiness_reason"": ""The call was answered by a family member who stated the intended recipient was unavailable, resulting in no business discussion.""}, ""metadata"": {""call_type"": {""type"": ""B2C"", ""reason"": ""The call was not productive as the business owner was unavailable, making it impossible to determine if B2B or B2C."", ""evidence"": {""repeat_buyer"": false}}, ""buyer_intent"": {""narrative"": ""Buyer was trying to reach the seller but spoke to a family member as he was busy."", ""reasoning"": ""No product or requirement details were discussed because the seller was not available to take the call."", ""intent_level"": ""Low""}, ""call_outcome"": {""category"": ""Follow-up"", ""conclusion_notes"": ""The person who answered said the recipient is currently busy and will call back later (Aaye toh phone karne bolta hu).""}, ""call_purpose"": ""followup"", ""all_languages"": [""Hindi"", ""Marathi""], ""primary_language"": ""Hindi"", ""additional_details"": {""buyer_queries"": [], ""seller_queries"": []}}, ""products"": [], ""next_steps"": {""buyer_next_steps"": [], ""seller_next_steps"": [""To call back once the contact person is available""]}, ""buyer_details"": {""buyer_name"": ""171300fe037cbd2da927ca8b8fbfa743f12865c2ba36461e16b1d381295b0f46""}, ""seller_details"": {""seller_name"": ""70327789a444281bf1cb883868ec949170a1ada7f02bb266d24fb74e7aa5f88b""}}"
