fel.id,fel.file_id,user_glid,src_mcat_id,extracted_at,llm_extracted_json_masked
2612350,2629167,4627372,77975,1970-01-01 00:00:00.000,"{""callback"": ""callback by Today - To follow up on the 30W LED driver offer (30 watt no LED driver ni offer mate vaat thai ti)"", ""lead_tag"": {""deal_blockers"": [], ""deal_readiness"": ""Warm"", ""deal_readiness_reason"": ""Buyer is following up on a specific offer for 30W LED drivers and has taken down a direct contact number for further discussion.""}, ""metadata"": {""call_type"": {""type"": ""B2B"", ""reason"": ""The buyer is inquiring about a specific wattage LED driver (30W) in the context of a business offer, which is typical for B2B lighting component procurement."", ""evidence"": {""keywords"": [""30W LED Driver"", ""Offer""], ""order_type"": [""commercial"", ""bulk""], ""repeat_buyer"": false}}, ""buyer_intent"": {""narrative"": ""Wants to discuss a specific offer for 30W LED drivers."", ""reasoning"": ""The buyer specifically called to follow up on a previously discussed offer for a 30W LED driver, indicating serious purchase intent."", ""intent_level"": ""High""}, ""call_outcome"": {""category"": ""Follow-up"", ""conclusion_notes"": ""Buyer noted down another number to discuss the offer further (A number note down karo na).""}, ""call_purpose"": ""followup"", ""all_languages"": [""Gujarati"", ""English""], ""primary_language"": ""Gujarati"", ""additional_details"": {""buyer_queries"": [{""query"": ""Is this the correct number for the 30W LED driver offer?"", ""category"": ""Other"", ""sequence"": 1}], ""seller_queries"": [{""query"": ""Can you note down this number for the offer?"", ""category"": ""Other"", ""sequence"": 2}]}}, ""products"": [{""in_stock"": ""in stock"", ""product_name"": ""30W LED Driver"", ""specifications"": [{""name"": ""Power"", ""unit"": ""W"", ""value"": ""30"", ""buyer_requested"": false, ""seller_mentioned"": false}], ""related_categories"": [{""name"": ""AC-DC LED Drivers"", ""reason"": ""30W LED drivers are typically AC-DC power supplies used for lighting.""}, {""name"": ""Lighting Component"", ""reason"": ""An LED driver is a fundamental component for lighting systems.""}], ""is_buyer_interested"": true, ""most_specific_category"": {""name"": ""LED Driver"", ""reason"": ""The buyer explicitly mentions an interest in an 'LED driver' with a specific 30W rating.""}}], ""next_steps"": {""buyer_next_steps"": [""To call the provided number to discuss the 30W LED driver offer""], ""seller_next_steps"": [""To provide details on the 30W LED driver offer when the buyer calls back""]}, ""buyer_details"": {""buyer_name"": ""0a7cb27e52927eacabbb7ecc738b0fea50b3967945257c43a67eb753cb465bd0""}, ""seller_details"": {}}"
18510,18512,11594699,80226,1970-01-01 00:00:00.000,"{""metadata"": {""call_type"": {""type"": ""B2B"", ""reason"": ""The buyer is a shop keeper in Chennai looking to purchase blouses for their newly started shop. They initially ask for 50 pieces as a trial, indicating a B2B transaction with potential for future bulk orders if satisfied with the competitive prices and quality."", ""evidence"": {""keywords"": [""shop""], ""order_type"": ""trial"", ""repeat_buyer"": false, ""buyer_persona"": ""shop keeper"", ""quantity_scale"": ""High""}}, ""call_purpose"": ""requirement"", ""all_languages"": [""Hindi"", ""English""], ""primary_language"": ""Hindi""}, ""products"": [{""in_stock"": ""in stock"", ""product_name"": ""Stretchable blouse (Lycra material)"", ""specifications"": [{""name"": ""Material"", ""value"": ""Lycra"", ""buyer_requested"": true, ""seller_mentioned"": false}, {""name"": ""Design Type"", ""value"": ""Kalamkari printed"", ""buyer_requested"": true, ""seller_mentioned"": false}, {""name"": ""Style"", ""value"": ""Designer wear"", ""buyer_requested"": true, ""seller_mentioned"": false}, {""name"": ""Size"", ""value"": ""Triple XL"", ""buyer_requested"": true, ""seller_mentioned"": false}], ""quantity_required"": {""unit"": ""pieces"", ""value"": 50}, ""related_categories"": [{""name"": ""Blouses"", ""reason"": ""The product is a type of blouse.""}], ""is_buyer_interested"": true, ""most_specific_category"": {""name"": ""Stretchable Blouse"", ""reason"": ""The buyer explicitly asks for 'stretchable blouses' made of 'Lycra material' which indicates 'Stretchable Blouse' as the most specific category.""}}, {""in_stock"": ""in stock"", ""product_name"": ""Stretchable blouse (Lycra material)"", ""specifications"": [{""name"": ""Material"", ""value"": ""Lycra"", ""buyer_requested"": true, ""seller_mentioned"": false}, {""name"": ""Design Type"", ""value"": ""Kalamkari printed"", ""buyer_requested"": true, ""seller_mentioned"": false}, {""name"": ""Style"", ""value"": ""Designer wear"", ""buyer_requested"": true, ""seller_mentioned"": false}, {""name"": ""Size"", ""value"": ""Four XL"", ""buyer_requested"": true, ""seller_mentioned"": false}], ""quantity_required"": {""unit"": ""pieces"", ""value"": 50}, ""related_categories"": [{""name"": ""Blouses"", ""reason"": ""The product is a type of blouse.""}], ""is_buyer_interested"": true, ""most_specific_category"": {""name"": ""Stretchable Blouse"", ""reason"": ""The buyer explicitly asks for 'stretchable blouses' made of 'Lycra material' which indicates 'Stretchable Blouse' as the most specific category.""}}], ""next_steps"": {""buyer_next_steps"": [""To send a 'Hi' message on WhatsApp"", ""To purchase the blouses if the designs and prices are competitive""], ""seller_next_steps"": [""To share blouse designs on WhatsApp"", ""To provide competitive pricing for the blouses""]}, ""buyer_details"": {""buyer_name"": ""10df922cec7e31a6a68593636846df224c991fbe8039257a4f8c706ea295c789"", ""buyer_location"": {""buyer_city"": ""Chennai""}}, ""seller_details"": {""seller_name"": ""eb2a27e815933025f8a75e760a2efd847ebf3889d302e155efaa98bee577c379"", ""seller_location"": {""seller_city"": ""Jaipur"", ""seller_state"": ""Rajasthan""}, ""seller_mobile_number"": ""7fbf5e65d5f51d549c7174b7f1a7cdb10d0efeb14760eb4ac7531677787b527c""}}"
2618248,2635061,2490132,10747,1970-01-01 00:00:00.000,"{""payment"": {}, ""callback"": ""callback by Today - Before evening (Aaj hi evening se pehle call karta hoon)"", ""lead_tag"": {""deal_blockers"": [{""detail"": ""Seller explicitly stated they do not have the requested 3/4 inch size."", ""category"": ""Availability""}], ""deal_readiness"": ""Cold"", ""deal_readiness_reason"": ""Hard blocker as the seller does not stock the specific size requested by the buyer.""}, ""metadata"": {""call_type"": {""type"": ""B2B"", ""reason"": ""Buyer requested a specific quantity (100 pieces) of a standard hardware component, but since it's a specific size requirement for a potential business use, it leans B2B."", ""evidence"": {""keywords"": [""SS Wire Clamp"", ""3/4 inch"", ""100 pieces""], ""order_type"": [""bulk""], ""quantity_scale"": ""Low""}}, ""buyer_intent"": {""narrative"": ""Looking for 100 units of 3/4 inch SS wire clamps but seller does not stock it."", ""reasoning"": ""Buyer had a specific size requirement but it was not available, leading to a quick conclusion with no deal potential."", ""intent_level"": ""Low""}, ""call_outcome"": {""category"": ""Lost"", ""conclusion_notes"": ""Seller does not have the requested 3/4 inch size (3/4 clamp toh nahi milega hamare paas).""}, ""call_purpose"": ""requirement"", ""all_languages"": [""Telugu"", ""Hindi"", ""English""], ""primary_language"": ""Telugu"", ""additional_details"": {""buyer_queries"": [{""query"": ""Do you have stainless steel wire clamps?"", ""category"": ""Availability"", ""sequence"": 1, ""answer_by_seller"": ""Yes, we have stainless steel wire clamps.""}, {""query"": ""Do you have 3/4 inch clamps in 100 number size?"", ""category"": ""Availability"", ""sequence"": 3}], ""seller_queries"": [{""query"": ""Which size do you need?"", ""category"": ""Specifications"", ""sequence"": 2, ""answer_by_buyer"": ""I need 3/4 inch wire clamps, 100 number size.""}]}, ""intended_application"": ""SS Wire Clamp Installation""}, ""products"": [{""in_stock"": ""not sold"", ""product_name"": ""SS Wire Clamp"", ""specifications"": [{""name"": ""Material"", ""value"": ""Stainless Steel"", ""buyer_requested"": true, ""seller_mentioned"": true}, {""name"": ""Size"", ""unit"": ""inch"", ""value"": ""3/4"", ""buyer_requested"": true, ""seller_mentioned"": false}, {""name"": ""Model Number"", ""value"": ""100"", ""buyer_requested"": true, ""seller_mentioned"": false}], ""quantity_required"": {""unit"": ""pieces"", ""value"": 100}, ""related_categories"": [{""name"": ""Stainless Steel Clamps"", ""reason"": ""The product is confirmed to be made of Stainless Steel.""}, {""name"": ""Wire Clamps"", ""reason"": ""The buyer specifically referred to it as a wire clamp.""}], ""is_buyer_interested"": true, ""most_specific_category"": {""name"": ""SS Hose Clamps"", ""reason"": ""The buyer explicitly asked for SS (Stainless Steel) wire clamps of a specific 3/4 inch size.""}, ""seller_accepts_quantity"": true}], ""next_steps"": {""buyer_next_steps"": [], ""seller_next_steps"": []}, ""buyer_details"": {""buyer_name"": ""dee55bf8057abd8211bf80d6513577ff260e739d627c20762d9d617a393a89db""}, ""seller_details"": {""seller_name"": ""3916284aafcf7adac206d7ea999696b1f22df2e0bb168e3c5896246fb8495485""}}"
370468,374425,3415805,36535,1970-01-01 00:00:00.000,"{""metadata"": {""all_languages"": [""English"", ""Tamil""], ""primary_language"": ""English""}, ""products"": [], ""next_steps"": {}, ""buyer_details"": {}, ""seller_details"": {}}"
52307,52309,11594699,80226,1970-01-01 00:00:00.000,"{""payment"": {}, ""metadata"": {""call_type"": {""type"": ""B2B"", ""reason"": ""The buyer is asking for ready-made blouses for 'kaam' (business/work) and inquires about the seller's shop location and business name ('Sarmati Fashion'), indicating an intent to purchase for commercial purposes rather than personal use."", ""evidence"": {""keywords"": [""ready-made blouse"", ""stitchable blouse"", ""shop"", ""kaam""], ""order_type"": ""commercial"", ""repeat_buyer"": false, ""buyer_persona"": ""shop keeper""}}, ""call_purpose"": ""requirement"", ""all_languages"": [""Hindi"", ""English""], ""primary_language"": ""Hindi""}, ""products"": [{""product_name"": ""ready-made stitchable blouse"", ""specifications"": [{""name"": ""Type"", ""value"": ""ready-made"", ""buyer_requested"": true, ""seller_mentioned"": true}, {""name"": ""Feature"", ""value"": ""stitchable"", ""buyer_requested"": false, ""seller_mentioned"": true}], ""related_categories"": [], ""is_buyer_interested"": true, ""most_specific_category"": {""name"": ""Blouses"", ""reason"": ""The product discussed is explicitly referred to as 'blouse' by both the buyer and seller.""}}], ""next_steps"": {""buyer_next_steps"": [""To visit the shop tomorrow morning""], ""seller_next_steps"": []}, ""buyer_details"": {}, ""seller_details"": {""seller_location"": {""seller_city"": ""Jaipur"", ""seller_locality"": ""Shikhar House""}}, ""minimum_order_quantity"": {}}"
2332655,2349457,7072213,44919,1970-01-01 00:00:00.000,"{""lead_tag"": {""deal_blockers"": [], ""deal_readiness"": ""Warm"", ""deal_readiness_reason"": ""Contact details and business name exchanged for further details on WhatsApp.""}, ""metadata"": {""call_type"": {""type"": ""B2B"", ""reason"": ""The nature of the product (mattress labels used in manufacturing) and the exchange of a business name ('West Enterprises') indicate a B2B transaction."", ""evidence"": {""keywords"": [""Corner cut label"", ""Side label"", ""Mattress label""], ""order_type"": {""order_type_category"": ""commercial""}, ""repeat_buyer"": false, ""buyer_persona"": {""persona_category"": ""manufacturer""}}}, ""buyer_intent"": {""narrative"": ""Seeking mattress labels (corner cut and side labels) for business use in Tiruppur."", ""reasoning"": ""The buyer identified a specific niche product (corner cut labels), shared their location, and requested a WhatsApp number to send details."", ""intent_level"": ""High""}, ""call_outcome"": {""category"": ""Pending"", ""conclusion_notes"": ""Contact details were exchanged; buyer will send details via WhatsApp (I'll send you the details on any WhatsApp number).""}, ""call_purpose"": ""requirement"", ""all_languages"": [""English""], ""primary_language"": ""English"", ""additional_details"": {""buyer_queries"": [], ""seller_queries"": []}}, ""products"": [{""product_name"": ""Corner cut label"", ""specifications"": [{""name"": ""Type"", ""value"": ""Corner cut"", ""buyer_requested"": true, ""seller_mentioned"": false}], ""related_categories"": [{""name"": ""Mattress Tape"", ""reason"": ""Labels are often part of the overall mattress branding and finishing accessories.""}], ""is_buyer_interested"": true, ""most_specific_category"": {""name"": ""Mattress Accessories"", ""reason"": ""The buyer specifically requested corner cut labels and side labels for mattresses.""}}, {""product_name"": ""Side label"", ""specifications"": [{""name"": ""Type"", ""value"": ""Side label"", ""buyer_requested"": true, ""seller_mentioned"": false}], ""related_categories"": [{""name"": ""Fabric Tapes"", ""reason"": ""Labels are frequently made from fabric materials similar to tapes.""}], ""is_buyer_interested"": true, ""most_specific_category"": {""name"": ""Mattress Accessories"", ""reason"": ""Side labels are standard accessories used in mattress manufacturing.""}}], ""next_steps"": {""buyer_next_steps"": [""To send the requirements details on the provided WhatsApp number""], ""seller_next_steps"": [""To share product details and pricing once requirements are received""]}, ""buyer_details"": {""buyer_name"": ""2248825b88673f4c2889937ad6fbc5a6e1a0dc96c07d56ab67ecec17404b67da"", ""buyer_location"": {""buyer_city"": ""Tiruppur""}}, ""seller_details"": {""seller_name"": ""4320472dca0d474b698d34e00ea152eae7c4fe91290b6745c78ed67b4b0551b4""}}"
101515,101523,11594699,80226,1970-01-01 00:00:00.000,"{""metadata"": {""call_type"": {""type"": ""B2B"", ""reason"": ""The buyer contacted the seller via IndiaMART for a product requirement and is asking for the seller's showroom location, which indicates a business-to-business inquiry."", ""evidence"": {""repeat_buyer"": false}}, ""call_purpose"": ""requirement"", ""all_languages"": [""Hindi""], ""primary_language"": ""Hindi""}, ""products"": [], ""next_steps"": {}, ""buyer_details"": {}, ""seller_details"": {""seller_location"": {""seller_city"": ""जयपुर""}}}"
764411,774746,3415805,36535,1970-01-01 00:00:00.000,"{""payment"": {}, ""lead_tag"": {""deal_blockers"": [], ""deal_readiness"": ""Warm"", ""deal_readiness_reason"": ""Inquiry about prices and stock for tomorrow for a specific location.""}, ""metadata"": {""call_type"": {""type"": ""B2B"", ""reason"": ""The buyer is inquiring for a project at Nungambakkam, a commercial hub, and asking for specific styles and bulk pricing."", ""evidence"": {""keywords"": [""Blackout"", ""Roller Blinds"", ""Nungambakkam""], ""order_type"": ""Commercial"", ""repeat_buyer"": false, ""buyer_persona"": ""Interior Professional"", ""quantity_scale"": ""High""}}, ""buyer_intent"": {""narrative"": ""Seeking plain and blackout roller blinds for a project in Nungambakkam."", ""reasoning"": ""Clear intent with project location and timeline mentioned."", ""intent_level"": ""High""}, ""call_purpose"": ""requirement"", ""all_languages"": [""Tamil"", ""English""], ""buyer_conclusion"": {""category"": ""Pending"", ""conclusion_notes"": ""Will confirm on WhatsApp after receiving the details.""}, ""primary_language"": ""Tamil"", ""additional_details"": {""buyer_queries"": [{""query"": ""Is there a plain version of the blind available?"", ""category"": ""Product availability"", ""sequence"": 1}, {""query"": ""What are the price differences between the models?"", ""category"": ""Price"", ""sequence"": 2}], ""seller_queries"": [{""query"": ""When do you need it?"", ""category"": ""Project Timeline"", ""sequence"": 3}]}, ""intended_application"": ""Office Commercial Space""}, ""products"": [{""product_name"": ""Blackout Roller Blinds"", ""specifications"": [{""name"": ""Type"", ""value"": ""Blackout""}]}, {""product_name"": ""Plain Roller Blinds"", ""specifications"": [{""name"": ""Type"", ""value"": ""Plain""}]}], ""call_back"": ""callback by In 1 hour - To confirm final pricing and details"", ""next_steps"": {""buyer_next_steps"": [""To send the requirements details on WhatsApp""], ""seller_next_steps"": [""To share the product catalog and pricing breakdown on WhatsApp""]}, ""buyer_details"": {""buyer_name"": ""c4716dac3c5535317436a0494b0aecc9d8513e2a01d290c0bebc8084db2bc8ce""}, ""seller_details"": {""seller_name"": ""fd61ec02e763332c4bf506f69dced65d471b6530e13957b6f6a714df1237968b""}, ""minimum_order_quantity"": {}}"
131761,131769,11594699,80226,1970-01-01 00:00:00.000,"{""metadata"": {""call_type"": {""type"": ""B2B"", ""reason"": ""The buyer identified himself as a shop owner with the shop name 'Fancy Laces' and inquired about various blouse brands and designs. The discussion about having '200+ designs' for stretchable blouses and requesting 'courier delivery' for selected items implies a commercial, bulk purchase for business, indicating a B2B call."", ""evidence"": {""keywords"": [""Fancy Laces"", ""200+ designs"", ""courier""], ""order_type"": ""bulk"", ""repeat_buyer"": false, ""buyer_persona"": ""shop keeper"", ""quantity_scale"": ""High""}}, ""call_purpose"": ""requirement"", ""all_languages"": [""Hindi"", ""English""], ""primary_language"": ""Hindi""}, ""products"": [{""in_stock"": ""in stock"", ""product_name"": ""Stretchable Blouse"", ""specifications"": [{""name"": ""Type"", ""unit"": """", ""value"": ""Stretchable"", ""buyer_requested"": true, ""seller_mentioned"": true}, {""name"": ""Designs Available"", ""unit"": """", ""value"": ""200+"", ""buyer_requested"": false, ""seller_mentioned"": true}], ""related_categories"": [{""name"": ""Blouses"", ""reason"": ""A stretchable blouse is a type of blouse, hence it falls under the general category of blouses.""}], ""is_buyer_interested"": true, ""most_specific_category"": {""name"": ""Stretchable Blouse"", ""reason"": ""The buyer specifically asked about 'stretchable blouse' and the seller confirmed availability and 200+ designs, directly matching this specific category.""}}, {""in_stock"": ""in stock"", ""product_name"": ""Blouses (Desi Lady Brand)"", ""specifications"": [{""name"": ""Brand"", ""unit"": """", ""value"": ""Desi Lady"", ""buyer_requested"": true, ""seller_mentioned"": true}, {""name"": ""Designs"", ""unit"": """", ""value"": ""Available"", ""buyer_requested"": true, ""seller_mentioned"": true}], ""related_categories"": [], ""is_buyer_interested"": true, ""most_specific_category"": {""name"": ""Blouses"", ""reason"": ""The buyer specifically inquired about 'Desi Lady' brand for blouses and the seller confirmed availability of designs, making 'Blouses' the most appropriate category for this branded product.""}}, {""in_stock"": ""in stock"", ""product_name"": ""Blouses (SFT Brand)"", ""specifications"": [{""name"": ""Brand"", ""unit"": """", ""value"": ""SFT"", ""buyer_requested"": false, ""seller_mentioned"": true}], ""related_categories"": [], ""is_buyer_interested"": false, ""most_specific_category"": {""name"": ""Blouses"", ""reason"": ""The seller mentioned 'SFT' as one of the main brands for blouses they deal in, fitting the general 'Blouses' category.""}}, {""in_stock"": ""in stock"", ""product_name"": ""Blouses (Advi Brand)"", ""specifications"": [{""name"": ""Brand"", ""unit"": """", ""value"": ""Advi"", ""buyer_requested"": false, ""seller_mentioned"": true}], ""related_categories"": [], ""is_buyer_interested"": false, ""most_specific_category"": {""name"": ""Blouses"", ""reason"": ""The seller mentioned 'Advi' as one of the main brands for blouses they deal in, fitting the general 'Blouses' category.""}}, {""in_stock"": ""in stock"", ""product_name"": ""Blouses (Britex Brand)"", ""specifications"": [{""name"": ""Brand"", ""unit"": """", ""value"": ""Britex"", ""buyer_requested"": false, ""seller_mentioned"": true}], ""related_categories"": [], ""is_buyer_interested"": false, ""most_specific_category"": {""name"": ""Blouses"", ""reason"": ""The seller mentioned 'Britex' as one of the main brands for blouses they deal in, fitting the general 'Blouses' category.""}}, {""in_stock"": ""in stock"", ""product_name"": ""Blouses (Rupsy Brand)"", ""specifications"": [{""name"": ""Brand"", ""unit"": """", ""value"": ""Rupsy"", ""buyer_requested"": false, ""seller_mentioned"": true}], ""related_categories"": [], ""is_buyer_interested"": false, ""most_specific_category"": {""name"": ""Blouses"", ""reason"": ""The seller mentioned 'Rupsy' as one of the main brands for blouses they deal in, fitting the general 'Blouses' category.""}}], ""next_steps"": {""buyer_next_steps"": [""To call the seller tomorrow for a video call"", ""To select designs from the video call"", ""To provide delivery details for courier""], ""seller_next_steps"": [""To be available for a video call tomorrow"", ""To show designs via video call"", ""To arrange courier delivery after selection""]}, ""buyer_details"": {""buyer_location"": {""buyer_city"": ""Faridabad""}, ""buyer_mobile_number"": ""1f5429110fc97eae3169aa87767bddf8c7554e4ed847eda1395c3c26500e06ae""}, ""seller_details"": {}}"
122815,122823,11594699,80226,1970-01-01 00:00:00.000,"{""payment"": {}, ""metadata"": {""call_type"": {""type"": ""B2B"", ""reason"": ""The buyer is asking for a significant quantity of blouses (200-300 pieces initially, and enquiring about prices for quantities over 500 pieces), indicating a bulk purchase for business purposes, likely for a shopkeeper or wholesaler."", ""evidence"": {""repeat_buyer"": false, ""buyer_persona"": ""shop keeper"", ""quantity_scale"": ""High""}}, ""call_purpose"": ""requirement"", ""all_languages"": [""Hindi""], ""primary_language"": ""Hindi""}, ""products"": [{""price"": {""value"": 60, ""currency"": ""INR"", ""price_unit"": ""piece"", ""offer_details"": ""55 rupay for quantity 500 and above""}, ""in_stock"": ""in stock"", ""product_name"": ""Blouse"", ""specifications"": [{""name"": ""Type"", ""value"": ""Crash"", ""buyer_requested"": true, ""seller_mentioned"": true}], ""quantity_required"": {""unit"": ""piece"", ""value"": 200}, ""related_categories"": [], ""is_buyer_interested"": true, ""most_specific_category"": {""name"": ""Blouses"", ""reason"": ""The buyer explicitly asked for 'blouse' and the seller confirmed availability for a specific type.""}}], ""next_steps"": {}, ""buyer_details"": {}, ""seller_details"": {}, ""minimum_order_quantity"": {}}"
2350099,2366902,25697888,32848,1970-01-01 00:00:00.000,"{""lead_tag"": {""deal_blockers"": [{""detail"": ""Requirement of 100 pieces was rejected by the seller."", ""category"": ""MOQ""}], ""deal_readiness"": ""Cold"", ""deal_readiness_reason"": ""The quantity required is very low, and the seller immediately declined the request.""}, ""metadata"": {""call_type"": {""type"": ""B2C"", ""reason"": ""The call is classified as B2C because the quantity requested (100 pieces) is extremely low for a B2B manufacturing context and was rejected for that reason."", ""evidence"": {""keywords"": [""Carry bags"", ""Plastomart company""], ""order_type"": {""order_type_category"": ""one-time""}, ""buyer_persona"": {""persona_detail"": ""Plastomart company representative"", ""persona_category"": ""end_consumer""}, ""quantity_scale"": ""Low""}}, ""buyer_intent"": {""narrative"": ""Lokesh from Etah is looking for 100 carry bags for his company, Plastomart."", ""reasoning"": ""While the buyer has a specific requirement, the quantity is too small for a B2B transaction, leading to an immediate rejection."", ""intent_level"": ""Low""}, ""call_outcome"": {""category"": ""Lost"", ""conclusion_notes"": ""The seller refused to supply the requested quantity of 100 bags (Nai de sakte).""}, ""call_purpose"": ""requirement"", ""all_languages"": [""Hindi"", ""English""], ""primary_language"": ""Hindi"", ""additional_details"": {""buyer_queries"": [], ""seller_queries"": []}}, ""products"": [{""product_name"": ""Carry Bags"", ""quantity_required"": {""unit"": ""pieces"", ""value"": 100}, ""related_categories"": [{""name"": ""Non Woven Carrier Bag"", ""reason"": ""The buyer referred to the product as carry bags, which is a common term for non-woven carrier bags.""}], ""is_buyer_interested"": true, ""most_specific_category"": {""name"": ""Non Woven Bag"", ""reason"": ""The buyer explicitly mentioned needing 'bag' and 'carry bags' commonly associated with non-woven materials in this B2B context.""}, ""seller_accepts_quantity"": false}], ""next_steps"": {""buyer_next_steps"": [], ""seller_next_steps"": []}, ""buyer_details"": {""buyer_name"": ""a5f3ad0d95c2afe089bc751a56f8a0f34e19bb28c528263d9135ac0ea45ba708"", ""buyer_location"": {""buyer_city"": ""Etah""}}, ""seller_details"": {""seller_name"": ""44104fcaef8476724152090d6d7bd9afa8ca5b385f6a99d3c6cf36b943b9872d""}}"
2350271,2367075,25697888,32848,1970-01-01 00:00:00.000,"{""lead_tag"": {""deal_blockers"": [{""detail"": ""Seller explicitly stated not currently selling carry bags (Nahi carry bag nahi hai bhaiya)"", ""category"": ""Availability""}], ""deal_readiness"": ""Cold"", ""deal_readiness_reason"": ""The seller immediately stated they do not deal in the requested product.""}, ""metadata"": {""call_type"": {""type"": ""B2B"", ""reason"": ""The buyer is inquiring about carry bags, typically used in B2B retail or commercial packaging contexts."", ""evidence"": {""keywords"": [""Carry bags""], ""order_type"": {""order_type_category"": ""commercial""}, ""repeat_buyer"": false}}, ""buyer_intent"": {""narrative"": ""Wants to purchase carry bags."", ""reasoning"": ""The call ended abruptly as the seller does not provide the product."", ""intent_level"": ""Low""}, ""call_outcome"": {""category"": ""Lost"", ""conclusion_notes"": ""Seller does not deal in the product (Nahi carry bag nahi hai bhaiya)""}, ""call_purpose"": ""requirement"", ""all_languages"": [""Hindi""], ""primary_language"": ""Hindi"", ""additional_details"": {""buyer_queries"": [{""query"": ""I need carry bags."", ""category"": ""Availability"", ""sequence"": 1}], ""seller_queries"": []}}, ""products"": [{""in_stock"": ""not sold"", ""product_name"": ""Carry Bags"", ""specifications"": [{""name"": ""Product Type"", ""value"": ""Carry Bag"", ""buyer_requested"": true, ""seller_mentioned"": false}], ""quantity_required"": {""unit"": ""pieces""}, ""related_categories"": [{""name"": ""Printed Carry Bags"", ""reason"": ""Carry bags requested by buyers are often printed versions for commercial use.""}, {""name"": ""Non Woven Shopping Bag"", ""reason"": ""Carry bags are synonymous with shopping bags in the retail segment.""}], ""is_buyer_interested"": true, ""most_specific_category"": {""name"": ""Non Woven Bag"", ""reason"": ""The buyer explicitly asked for carry bags which in this seller's context typically refers to non-woven materials, and it is a fundamental category for these products.""}}], ""next_steps"": {""buyer_next_steps"": [], ""seller_next_steps"": []}, ""buyer_details"": {""buyer_name"": ""3baae1d91da4786d8ab96a54661c807315c1b104ccc9b9d3a9edc789da95ffb2""}, ""seller_details"": {""seller_name"": ""44104fcaef8476724152090d6d7bd9afa8ca5b385f6a99d3c6cf36b943b9872d""}}"
447208,454815,11594699,80226,1970-01-01 00:00:00.000,"{""metadata"": {""call_type"": {""type"": ""B2C"", ""reason"": ""The buyer is inquiring about a product based on a personal or retail requirement from a seller in Jaipur."", ""evidence"": {""order_type"": ""one-time"", ""buyer_persona"": ""end customer"", ""quantity_scale"": ""Low""}}, ""call_purpose"": ""requirement"", ""all_languages"": [""Hindi"", ""English""], ""primary_language"": ""Hindi""}, ""products"": [{""in_stock"": ""in stock"", ""product_name"": ""Blouse"", ""specifications"": [], ""is_buyer_interested"": true, ""most_specific_category"": {""name"": ""Blouses"", ""reason"": ""The buyer is inquiring about blouses based on the context of the seller's business category.""}}], ""next_steps"": {""buyer_next_steps"": [""To confirm the specific product requirement""], ""seller_next_steps"": [""To share product details and pricing""]}, ""buyer_details"": {""buyer_name"": ""80c3b4bdfc14e327f14513c9b1f307033ab02f32b6ea2dbdf9ea33be0d102b45""}, ""seller_details"": {""seller_name"": ""973d7f9efc06ba81112bceb8205309ff0f49c303c28914a1dcf143d86a1b15b4"", ""seller_location"": {""seller_city"": ""Jaipur""}}}"
3181536,3198364,29316589,95592,1970-01-01 00:00:00.000,"{""payment"": {}, ""lead_tag"": {""deal_blockers"": [{""detail"": ""Price gap between aluminium and plastic models"", ""category"": ""Price""}], ""deal_readiness"": ""Warm"", ""deal_readiness_reason"": ""Interested and has a shop in Surat but needs to review photos and check competitiveness of rates""}, ""metadata"": {""call_type"": {""type"": ""B2B"", ""reason"": ""The buyer owns a shop and is looking for bulk wholesale supply for resale, indicating a B2B transaction."", ""evidence"": {""keywords"": [""Wholesale Rate"", ""Retailer"", ""Varaicha"", ""20 Watt""], ""order_type"": [""bulk"", ""commercial""], ""repeat_buyer"": true, ""buyer_persona"": {""persona_detail"": ""Shop owner in Surat"", ""persona_category"": ""retailer""}}}, ""buyer_intent"": {""narrative"": ""Wants wholesale supply of 20W LED tube lights for his retail shop in Surat"", ""reasoning"": ""Buyer has an existing shop and is asking for wholesale prices, specific wattage, and warranty terms"", ""intent_level"": ""High""}, ""call_outcome"": {""category"": ""Follow-up"", ""conclusion_notes"": ""Will review product photos on WhatsApp (Photos bhej do main check kar leta hoon)""}, ""call_purpose"": ""requirement"", ""all_languages"": [""Gujarati"", ""Hindi"", ""English""], ""primary_language"": ""Gujarati"", ""additional_details"": {""buyer_queries"": [{""query"": ""Which company's lights are these?"", ""category"": ""Specifications"", ""sequence"": 4}, {""query"": ""Is there any change in rate for bulk quantities?"", ""category"": ""Quantity"", ""sequence"": 5}], ""seller_queries"": [{""query"": ""How many pieces do you need?"", ""category"": ""Quantity"", ""sequence"": 1, ""answer_by_buyer"": ""Need it at wholesale rates""}, {""query"": ""Where is your shop located?"", ""category"": ""Location"", ""sequence"": 2, ""answer_by_buyer"": ""Near Ranujit Nagar in Surat""}, {""query"": ""What exactly do you need?"", ""category"": ""Specifications"", ""sequence"": 3, ""answer_by_buyer"": ""20 Watt tube light""}]}, ""intended_application"": ""Retail Resale""}, ""products"": [{""price"": {""value"": 190, ""currency"": ""INR"", ""buyer_price_reaction"": {""quote"": ""You gave me the retail rate"", ""category"": ""Negotiating""}}, ""in_stock"": ""in stock"", ""product_name"": ""20W LED Tube Light (Aluminium)"", ""specifications"": [{""name"": ""Wattage"", ""unit"": ""Watt"", ""value"": ""20"", ""buyer_requested"": false, ""seller_mentioned"": true}, {""name"": ""Material"", ""value"": ""Aluminium"", ""buyer_requested"": false, ""seller_mentioned"": true}, {""name"": ""Warranty"", ""unit"": ""Year"", ""value"": ""1"", ""buyer_requested"": true, ""seller_mentioned"": true}, {""name"": ""Brand"", ""value"": ""Brightray"", ""buyer_requested"": false, ""seller_mentioned"": true}], ""related_categories"": [{""name"": ""Indoor LED Light"", ""reason"": ""Tube lights are standard indoor lighting fixtures.""}], ""is_buyer_interested"": true, ""most_specific_category"": {""name"": ""LED Tube Light"", ""reason"": ""Discussion is specifically about 20W LED tube lights for home use.""}}, {""price"": {""value"": 240, ""currency"": ""INR""}, ""in_stock"": ""in stock"", ""product_name"": ""Side Connector LED Tube Light"", ""specifications"": [{""name"": ""Connector Type"", ""value"": ""Side Connector"", ""buyer_requested"": true, ""seller_mentioned"": true}], ""related_categories"": [{""name"": ""Integrated LED Tube Light"", ""reason"": ""Side connector models often refer to integrated fixtures.""}], ""is_buyer_interested"": true, ""most_specific_category"": {""name"": ""LED Tube Light"", ""reason"": ""Industrial Side Connector variant of the LED tube light.""}}], ""next_steps"": {""buyer_next_steps"": [""To review shared photos and rates on WhatsApp""], ""seller_next_steps"": [""To share product catalog and photos on WhatsApp""]}, ""buyer_details"": {""buyer_location"": {""buyer_city"": ""Surat""}}, ""seller_details"": {""seller_name"": ""d39d74a740e7276160f3bfa6e023e0c2b985d38a852eb4d78ce8a08326f9d788"", ""seller_location"": {""seller_city"": ""Surat"", ""seller_locality"": ""Varachha Ranujit Nagar""}}}"
834583,845577,11594699,80226,1970-01-01 00:00:00.000,"{""payment"": {}, ""lead_tag"": {""deal_blockers"": [], ""deal_readiness"": ""Warm"", ""deal_readiness_reason"": ""Interested in wholesale purchase and requested a catalog for further selection.""}, ""metadata"": {""call_type"": {""type"": ""B2B"", ""reason"": ""The buyer is looking for wholesale quantities for a retail shop, indicating a B2B transaction."", ""evidence"": {""keywords"": [""Wholesale"", ""Thok"", ""Bulk"", ""Retail Shop""], ""order_type"": ""Bulk"", ""repeat_buyer"": true, ""buyer_persona"": ""Shop Keeper"", ""quantity_scale"": ""High""}}, ""buyer_intent"": {""narrative"": ""Wants to purchase readymade stretchable hosiery blouses in wholesale."", ""reasoning"": ""Buyer is asking for specific sizes (L to 3XL) and wholesale rates for business purposes."", ""intent_level"": ""High""}, ""call_purpose"": ""requirement"", ""all_languages"": [""Hindi"", ""English""], ""buyer_conclusion"": {""category"": ""Pending"", ""conclusion_notes"": ""Will message on the provided number to check the catalog (Number pe message karke photo dekhta hoon)""}, ""primary_language"": ""Hindi"", ""additional_details"": {""buyer_queries"": [{""query"": ""What is the price of the blouses?"", ""category"": ""Price"", ""sequence"": 1}, {""query"": ""What sizes are available for the blouses?"", ""category"": ""Specifications"", ""sequence"": 2}, {""query"": ""Do you have nighties and petticoats?"", ""category"": ""Product Availability"", ""sequence"": 3}], ""seller_queries"": [{""query"": ""Can you note down my number?"", ""category"": ""Contact Details"", ""sequence"": 4}]}, ""intended_application"": ""Retail Resale""}, ""products"": [{""price"": {""value"": 40, ""currency"": ""INR"", ""price_unit"": ""piece"", ""price_negotiation_notes"": ""Seller mentioned that prices vary for different sizes.""}, ""in_stock"": ""in stock"", ""product_name"": ""Readymade Stretchable Hosiery Blouse (L Size)"", ""specifications"": [{""name"": ""Material"", ""value"": ""Hosiery"", ""buyer_requested"": false, ""seller_mentioned"": true}, {""name"": ""Type"", ""value"": ""Readymade"", ""buyer_requested"": false, ""seller_mentioned"": true}, {""name"": ""Size"", ""value"": ""L"", ""buyer_requested"": true, ""seller_mentioned"": true}, {""name"": ""Feature"", ""value"": ""Stretchable"", ""buyer_requested"": false, ""seller_mentioned"": true}], ""related_categories"": [{""name"": ""Blouses"", ""reason"": ""It is a type of readymade garment used with sarees.""}], ""is_buyer_interested"": true, ""most_specific_category"": {""name"": ""Stretchable Blouse"", ""reason"": ""The seller explicitly mentions that the blouses are stretchable and made of hosiery material.""}, ""quantity_accepted_by_seller"": true}, {""price"": {""value"": 40, ""currency"": ""INR"", ""price_unit"": ""piece""}, ""in_stock"": ""in stock"", ""product_name"": ""Readymade Stretchable Hosiery Blouse (XL Size)"", ""specifications"": [{""name"": ""Material"", ""value"": ""Hosiery"", ""buyer_requested"": false, ""seller_mentioned"": true}, {""name"": ""Type"", ""value"": ""Readymade"", ""buyer_requested"": false, ""seller_mentioned"": true}, {""name"": ""Size"", ""value"": ""XL"", ""buyer_requested"": true, ""seller_mentioned"": true}, {""name"": ""Feature"", ""value"": ""Stretchable"", ""buyer_requested"": false, ""seller_mentioned"": true}], ""related_categories"": [{""name"": ""Blouses"", ""reason"": ""Fits the general category of women's blouses.""}], ""is_buyer_interested"": true, ""most_specific_category"": {""name"": ""Stretchable Blouse"", ""reason"": ""Described as stretchable hosiery blouse.""}, ""quantity_accepted_by_seller"": true}, {""price"": {""value"": 40, ""currency"": ""INR"", ""price_unit"": ""piece""}, ""in_stock"": ""in stock"", ""product_name"": ""Readymade Stretchable Hosiery Blouse (XXL Size)"", ""specifications"": [{""name"": ""Material"", ""value"": ""Hosiery"", ""buyer_requested"": false, ""seller_mentioned"": true}, {""name"": ""Type"", ""value"": ""Readymade"", ""buyer_requested"": false, ""seller_mentioned"": true}, {""name"": ""Size"", ""value"": ""XXL"", ""buyer_requested"": true, ""seller_mentioned"": true}, {""name"": ""Feature"", ""value"": ""Stretchable"", ""buyer_requested"": false, ""seller_mentioned"": true}], ""related_categories"": [{""name"": ""Blouses"", ""reason"": ""Fits the general category of women's blouses.""}], ""is_buyer_interested"": true, ""most_specific_category"": {""name"": ""Stretchable Blouse"", ""reason"": ""Described as stretchable hosiery blouse.""}, ""quantity_accepted_by_seller"": true}, {""price"": {""value"": 40, ""currency"": ""INR"", ""price_unit"": ""piece""}, ""in_stock"": ""in stock"", ""product_name"": ""Readymade Stretchable Hosiery Blouse (3XL Size)"", ""specifications"": [{""name"": ""Material"", ""value"": ""Hosiery"", ""buyer_requested"": false, ""seller_mentioned"": true}, {""name"": ""Type"", ""value"": ""Readymade"", ""buyer_requested"": false, ""seller_mentioned"": true}, {""name"": ""Size"", ""value"": ""3XL"", ""buyer_requested"": true, ""seller_mentioned"": true}, {""name"": ""Feature"", ""value"": ""Stretchable"", ""buyer_requested"": false, ""seller_mentioned"": true}], ""related_categories"": [{""name"": ""Blouses"", ""reason"": ""Fits the general category of women's blouses.""}], ""is_buyer_interested"": true, ""most_specific_category"": {""name"": ""Stretchable Blouse"", ""reason"": ""Described as stretchable hosiery blouse.""}, ""quantity_accepted_by_seller"": true}, {""in_stock"": ""not sold"", ""product_name"": ""Nighty"", ""is_buyer_interested"": false}, {""in_stock"": ""in stock"", ""product_name"": ""Shapewear (Petticoat)"", ""is_buyer_interested"": true, ""most_specific_category"": {""name"": ""Blouses"", ""reason"": ""The seller mentions dealing in shapewear and petticoats alongside blouses.""}}], ""call_back"": ""callback by Tomorrow 10 AM - To discuss catalog (Kal 10 baje baat karte hain)"", ""next_steps"": {""buyer_next_steps"": [""To send a message on the seller's WhatsApp number (9784019517)""], ""seller_next_steps"": [""To share blouse photos and price list on WhatsApp""]}, ""buyer_details"": {""buyer_name"": ""3947b64b4d15ef17f217ba251317a6a86b141287cf06723c451801a8a54908a3"", ""buyer_location"": {""buyer_city"": ""Rourkela""}, ""buyer_mobile_number"": ""5e97b74e84692023f671971ca36c05e8ab42c24674dbf60b07a63e633644efcb""}, ""seller_details"": {""seller_name"": ""973d7f9efc06ba81112bceb8205309ff0f49c303c28914a1dcf143d86a1b15b4"", ""seller_location"": {""seller_city"": ""Jaipur""}, ""seller_mobile_number"": ""2a5086ff4a4d2b54be0b16c1486a548ec4057f169a1077e7657ea401cea726f7""}, ""minimum_order_quantity"": {}}"
451445,459118,3415805,36535,1970-01-01 00:00:00.000,"{""metadata"": {""call_type"": {""type"": ""B2C"", ""reason"": ""The buyer is inquiring for zebra blinds for two specific window sizes in a residential/office setting in Pallikaranai, indicating a B2C retail requirement."", ""evidence"": {""keywords"": [""window zebra blinds"", ""corner window"", ""website catalog""], ""order_type"": ""commercial"", ""repeat_buyer"": false, ""buyer_persona"": ""end customer"", ""quantity_scale"": ""Low""}}, ""call_purpose"": ""requirement"", ""all_languages"": [""Tamil"", ""English""], ""primary_language"": ""Tamil""}, ""products"": [{""in_stock"": ""in stock"", ""product_name"": ""Window Zebra Blind"", ""specifications"": [{""name"": ""Window Size"", ""value"": ""4x4"", ""buyer_requested"": false, ""seller_mentioned"": false}], ""quantity_required"": {""unit"": ""pieces"", ""value"": 1}, ""related_categories"": [{""name"": ""Window Blinds"", ""reason"": ""Zebra blinds are a specific type of window blinds.""}, {""name"": ""Roller Blinds"", ""reason"": ""Zebra blinds operate on a roller mechanism.""}], ""is_buyer_interested"": true, ""most_specific_category"": {""name"": ""Zebra Blinds"", ""reason"": ""The buyer specifically asked for 'window zebra blind' and referred to models on the seller's website under this category.""}}, {""in_stock"": ""in stock"", ""product_name"": ""Window Zebra Blind"", ""specifications"": [{""name"": ""Window Size"", ""value"": ""5x4"", ""buyer_requested"": false, ""seller_mentioned"": false}, {""name"": ""Window Type"", ""value"": ""Corner Window"", ""buyer_requested"": true, ""seller_mentioned"": false}], ""quantity_required"": {""unit"": ""pieces"", ""value"": 1}, ""related_categories"": [{""name"": ""Window Blinds"", ""reason"": ""Standard classification for zebra blinds.""}], ""is_buyer_interested"": true, ""most_specific_category"": {""name"": ""Zebra Blinds"", ""reason"": ""The buyer mentioned another window requiring the same zebra blind model.""}}], ""next_steps"": {""buyer_next_steps"": [""To send the screenshot of the selected model from the website to the seller on WhatsApp""], ""seller_next_steps"": [""To send a 'Hi' message on WhatsApp to the buyer"", ""To provide budget and details after receiving the screenshot""]}, ""buyer_details"": {""buyer_name"": ""ead4bbe06e1f7d3284793ef97749f80cf5ef3af9c0d57f77de4b8a665001ad66"", ""buyer_location"": {""buyer_city"": ""Chennai"", ""buyer_locality"": ""Pallikaranai""}, ""buyer_mobile_number"": ""e45d5b0dfab07e6e4231b31e6bada11b6900174338f7a0f32291bc0515e073d4""}, ""seller_details"": {""seller_name"": ""fd61ec02e763332c4bf506f69dced65d471b6530e13957b6f6a714df1237968b"", ""seller_location"": {""seller_city"": ""Chennai"", ""seller_locality"": ""KK Nagar""}, ""seller_mobile_number"": ""9284129e4229e19b94d13fbbe048575c0a65fb9cbb487d9a05ac7df7009d549a""}}"
1811714,1828494,3415805,36535,1970-01-01 00:00:00.000,"{""callback"": ""callback by Tomorrow - To share the measurements (Measurements kaalaila tharen)"", ""lead_tag"": {""deal_blockers"": [], ""deal_readiness"": ""Hot"", ""deal_readiness_reason"": ""Ready to move forward with the measurements.""}, ""metadata"": {""call_type"": {""type"": ""B2B"", ""reason"": ""The requirement is for 2 roller blinds for an office space."", ""evidence"": {""keywords"": [""Office Blinds"", ""Roller Blinds""], ""order_type"": {""order_type_category"": ""commercial""}, ""repeat_buyer"": false}}, ""buyer_intent"": {""narrative"": ""Wants 2 roller blinds for his office at Panappakkam."", ""reasoning"": ""Clear requirement for roller blinds with specific measurements and urgency."", ""intent_level"": ""High""}, ""call_outcome"": {""category"": ""Follow-up"", ""conclusion_notes"": ""Will provide the measurements tomorrow and proceed (Kaalaila measurements tharen).""}, ""call_purpose"": ""requirement"", ""all_languages"": [""Tamil"", ""English""], ""primary_language"": ""Tamil"", ""additional_details"": {""buyer_queries"": [{""query"": ""How should the blinds be installed?"", ""category"": ""Specifications"", ""sequence"": 1}, {""query"": ""What is the price per square foot?"", ""category"": ""Pricing"", ""sequence"": 3}], ""seller_queries"": [{""query"": ""What is the height and length of the blinds required?"", ""category"": ""Specifications"", ""sequence"": 2}]}}, ""products"": [{""price"": {""value"": 130, ""currency"": ""INR"", ""price_unit"": ""sq ft"", ""buyer_price_reaction"": {""quote"": ""Ok sir"", ""category"": ""Accepted""}}, ""in_stock"": ""in stock"", ""product_name"": ""Roller Blinds"", ""specifications"": [{""name"": ""Length"", ""unit"": ""feet"", ""value"": ""23"", ""buyer_requested"": true, ""seller_mentioned"": false}, {""name"": ""Height"", ""unit"": ""feet"", ""value"": ""3"", ""buyer_requested"": false, ""seller_mentioned"": false}], ""quantity_required"": {""unit"": ""pieces"", ""value"": 2}, ""related_categories"": [{""name"": ""Blinds"", ""reason"": ""Roller blinds are a type of blind.""}, {""name"": ""Office Blind"", ""reason"": ""The buyer mentioned it's for his office.""}], ""is_buyer_interested"": true, ""most_specific_category"": {""name"": ""Roller Blinds"", ""reason"": ""The buyer specifically asked for roller blinds.""}, ""seller_accepts_quantity"": true}, {""price"": {""value"": 130, ""currency"": ""INR"", ""price_unit"": ""sq ft"", ""buyer_price_reaction"": {""quote"": ""Ok sir"", ""category"": ""Accepted""}}, ""in_stock"": ""in stock"", ""product_name"": ""Roller Blinds"", ""specifications"": [{""name"": ""Length"", ""unit"": ""feet"", ""value"": ""22"", ""buyer_requested"": true, ""seller_mentioned"": false}, {""name"": ""Height"", ""unit"": ""feet"", ""value"": ""3"", ""buyer_requested"": false, ""seller_mentioned"": false}], ""quantity_required"": {""unit"": ""pieces"", ""value"": 1}, ""related_categories"": [{""name"": ""Blinds"", ""reason"": ""Roller blinds are a type of blind.""}, {""name"": ""Office Blind"", ""reason"": ""The buyer mentioned it's for his office.""}], ""is_buyer_interested"": true, ""most_specific_category"": {""name"": ""Roller Blinds"", ""reason"": ""The buyer specifically asked for roller blinds.""}, ""seller_accepts_quantity"": true}], ""next_steps"": {""buyer_next_steps"": [""To share the measurements of the blinds.""], ""seller_next_steps"": [""To provide the quotes once measurements are received.""]}, ""buyer_details"": {""buyer_name"": ""03752e796bffa919c2198c1b067fdb88026bea3a9dec4f6cbd9a17be9d9ee0a0"", ""buyer_mobile_number"": ""cca93e2972d6f0013501b1136d46217d121db1d8bb2d2334f3c4c42e6ed91354""}, ""seller_details"": {""seller_name"": ""3847e7ef3bc27af0372430be0b634b1cba95df162220c81fbc7dbe3b411b9d79"", ""seller_mobile_number"": ""f22c98a45ac168229587e34aedad74d1b90bc53d6732ffcd3124a209294d01b1""}}"
2679202,2696020,4627372,77975,1970-01-01 00:00:00.000,"{""payment"": {}, ""callback"": ""callback by [Not Mentioned] - [No phone call commitment made]"", ""lead_tag"": {""deal_blockers"": [{""detail"": ""Seller does not deal in 50w LED drivers, only in solar fencing machines"", ""category"": ""Availability""}], ""deal_readiness"": ""Cold"", ""deal_readiness_reason"": ""The seller explicitly stated they do not sell the product requested by the buyer.""}, ""metadata"": {""call_type"": {""type"": ""B2B"", ""reason"": ""The buyer was looking for an LED driver while the seller only manufactures solar zhatka machines, leading to a mismatch."", ""evidence"": {""keywords"": [""50 watt LED driver"", ""Zhatka machine"", ""Solar fencing""], ""order_type"": [""other""], ""repeat_buyer"": false}}, ""buyer_intent"": {""narrative"": ""Interested in purchasing 50w LED drivers."", ""reasoning"": ""The buyer specifically asked for a 50w LED driver requirement but the seller does not handle that product line."", ""intent_level"": ""High""}, ""call_outcome"": {""category"": ""Lost"", ""conclusion_notes"": ""Seller does not sell LED drivers, only deals in solar fencing machines (Zhatka machines). (Nahi sir, LED ke liye nahi hai, yeh zhatka machine ke liye hai)""}, ""call_purpose"": ""requirement"", ""all_languages"": [""Hindi"", ""English""], ""primary_language"": ""Hindi"", ""additional_details"": {""buyer_queries"": [{""query"": ""Do you have 50 watt LED drivers?"", ""category"": ""Specifications"", ""sequence"": 1}], ""seller_queries"": []}}, ""products"": [{""in_stock"": ""not sold"", ""product_name"": ""LED Driver"", ""specifications"": [{""name"": ""Power"", ""unit"": ""watt"", ""value"": ""50"", ""buyer_requested"": true, ""seller_mentioned"": false}], ""is_buyer_interested"": true}, {""in_stock"": ""in stock"", ""product_name"": ""Zhatka machine (Solar Fencing Machine)"", ""related_categories"": [{""name"": ""LED Power Supply"", ""reason"": ""It serves as the power source for the fencing system.""}], ""is_buyer_interested"": false, ""most_specific_category"": {""name"": ""Power Supply Module"", ""reason"": ""The seller mentioned dealing in 'zhatka machine' components which usually involves power supply systems for fencing.""}}], ""next_steps"": {""buyer_next_steps"": [], ""seller_next_steps"": []}, ""buyer_details"": {""buyer_name"": ""3a1ce9554c71d290e6b8399829a92d80fd0ace69c76f7a8c0e74174c923be582""}, ""seller_details"": {""seller_name"": ""5d839ad95b664f81dda650d2aae5df99d6643b6ee59ea7d830d605ca072268c1""}}"
461140,469086,11594699,80226,1970-01-01 00:00:00.000,"{""metadata"": {""call_type"": {""type"": ""B2C"", ""reason"": ""The buyer is inquiring about a designer blouse and identifies themselves as Twinkle, suggesting a personal retail purchase rather than a business transaction."", ""evidence"": {""order_type"": ""one-time"", ""buyer_persona"": ""end customer"", ""quantity_scale"": ""Low""}}, ""call_purpose"": ""requirement"", ""all_languages"": [""Hindi"", ""English""], ""primary_language"": ""Hindi""}, ""products"": [{""in_stock"": ""in stock"", ""product_name"": ""Designer Blouse"", ""specifications"": [], ""related_categories"": [{""name"": ""Blouses"", ""reason"": ""The product is a primary garment item in the blouse category.""}], ""is_buyer_interested"": true, ""most_specific_category"": {""name"": ""Designer Blouse"", ""reason"": ""The seller is identified as Param Design and Blouse, and the conversation starts with a reference to designer blouses.""}}], ""next_steps"": {""buyer_next_steps"": [], ""seller_next_steps"": [""To provide product details"", ""To confirm availability""]}, ""buyer_details"": {""buyer_name"": ""c2bf273baa98714c24340d7c27535a0238233eebbec90e2a8be1c4b27c92953a""}, ""seller_details"": {""seller_name"": ""973d7f9efc06ba81112bceb8205309ff0f49c303c28914a1dcf143d86a1b15b4""}}"
2378411,2395216,4627372,77975,1970-01-01 00:00:00.000,"{""lead_tag"": {""deal_blockers"": [{""detail"": ""Wrong number; buyer was looking for RB Solar."", ""category"": ""Other""}], ""deal_readiness"": ""Cold"", ""deal_readiness_reason"": ""Call was a wrong number and ended immediately after the seller provided a different contact number.""}, ""metadata"": {""call_type"": {""type"": ""B2C"", ""reason"": ""The call was brief and primarily involved the seller providing a contact number for a different business (RB Solar) after the buyer realized they reached the wrong person."", ""evidence"": {""keywords"": [""RB Solar""]}}, ""buyer_intent"": {""narrative"": ""Buyer was looking for RB Solar and was redirected by the seller who provided a different mobile number."", ""reasoning"": ""The buyer reached the wrong seller and was only interested in obtaining the correct contact information for another company."", ""intent_level"": ""Low""}, ""call_outcome"": {""category"": ""Lost"", ""conclusion_notes"": ""Wrong number (RB Solar ka number de deti hoon). Seller provided another number and the call ended.""}, ""call_purpose"": ""irrelevant"", ""all_languages"": [""Hindi"", ""English""], ""primary_language"": ""Hindi"", ""additional_details"": {""buyer_queries"": [], ""seller_queries"": []}}, ""products"": [], ""next_steps"": {""buyer_next_steps"": [""To contact RB Solar on the provided number 8128407893""], ""seller_next_steps"": []}, ""buyer_details"": {""buyer_name"": ""372fb41298889bc4df223a601cf4475407cdeae0938692ae018737ec1335190b""}, ""seller_details"": {}}"
3209847,3226676,3273755,182763,1970-01-01 00:00:00.000,"{""callback"": ""callback by Today evening - To discuss the product as seller is currently driving"", ""lead_tag"": {""deal_blockers"": [], ""deal_readiness"": ""Warm"", ""deal_readiness_reason"": ""Buyer has a specific need for a hanging scale but discussion was cut short due to seller driving.""}, ""metadata"": {""call_type"": {""type"": ""B2C"", ""reason"": ""The buyer asked for a single type of weighing product, commonly used in retail or domestic settings. No bulk or business context was explicitly stated."", ""evidence"": {""keywords"": [""Hanging Scale"", ""Weighing""], ""order_type"": [""one-time""], ""quantity_scale"": ""Low""}}, ""buyer_intent"": {""narrative"": ""Looking to purchase a hanging scale for weighing purposes."", ""reasoning"": ""The buyer specifically inquired about a hanging scale, showing clear intent to purchase a weighing instrument."", ""intent_level"": ""Medium""}, ""call_outcome"": {""category"": ""Follow-up"", ""conclusion_notes"": ""Seller will call back in the evening as they are currently driving (Gadi chala raha hoon sham ko call karta hoon).""}, ""call_purpose"": ""requirement"", ""all_languages"": [""English""], ""primary_language"": ""English"", ""additional_details"": {""buyer_queries"": [{""query"": ""What is the product you are selling?"", ""category"": ""Specifications"", ""sequence"": 1}], ""seller_queries"": [{""query"": ""What product are you looking for?"", ""category"": ""Availability"", ""sequence"": 2}]}}, ""products"": [{""in_stock"": ""in stock"", ""product_name"": ""Hanging Scale"", ""specifications"": [], ""related_categories"": [{""name"": ""Weighing Scale"", ""reason"": ""Hanging scales are a type of weighing scale.""}, {""name"": ""Electronic Scale"", ""reason"": ""Most modern hanging scales discussed in B2B/B2C contexts are electronic versions.""}], ""is_buyer_interested"": true, ""most_specific_category"": {""name"": ""Hanging Scales"", ""reason"": ""The buyer explicitly asked for a hanging scale which is a portable weighing device.""}}], ""next_steps"": {""buyer_next_steps"": [""To wait for the seller's call in the evening""], ""seller_next_steps"": [""To call back the buyer in the evening to discuss hanging scale specifications and pricing""]}, ""buyer_details"": {""buyer_name"": ""b32f52bf59a62214b66a6d6769611b7e7c2c5361cb940d54874c64a4189692e9"", ""buyer_mobile_number"": ""9de974c3f7cf935c0b4f37e8300e421500748e792971320cdb5fd01c4937d67e""}, ""seller_details"": {""seller_name"": ""6e8c286299d4d6fc82a26533b3b31eacd8af65933064e34d79d6375fdd7b5802""}}"
497818,506275,9989512,2566,1970-01-01 00:00:00.000,"{""metadata"": {""call_type"": {""type"": ""B2B"", ""reason"": ""The buyer indicates a recurring monthly requirement for industrial quantities (100-500 kg) and identifies as a manufacturer."", ""evidence"": {""keywords"": [""Quantity"", ""Rate"", ""Commercial""], ""order_type"": ""Recurring"", ""repeat_buyer"": true, ""buyer_persona"": ""Manufacturer"", ""quantity_scale"": ""High""}}, ""call_purpose"": ""requirement"", ""all_languages"": [""Hindi"", ""English""], ""primary_language"": ""Hindi""}, ""products"": [{""price"": {}, ""in_stock"": ""in stock"", ""product_name"": ""TCP (Jyoti)"", ""specifications"": [{""name"": ""Brand"", ""value"": ""Jyoti"", ""buyer_requested"": true, ""seller_mentioned"": true}, {""name"": ""Form"", ""value"": ""Calcium"", ""buyer_requested"": false, ""seller_mentioned"": false}], ""quantity_required"": {""unit"": ""kg"", ""value"": 100}, ""related_categories"": [{""name"": ""Inorganic Salts"", ""reason"": ""TCP is a common inorganic salt used in industrial applications.""}, {""name"": ""Sodium Phosphate"", ""reason"": ""TCP is a form of sodium phosphate.""}], ""is_buyer_interested"": true, ""most_specific_category"": {""name"": ""Trisodium Phosphate"", ""reason"": ""TCP (Trisodium Phosphate) is a specific inorganic salt mentioned by its common industrial abbreviation and brand 'Jyoti'.""}}], ""next_steps"": {""buyer_next_steps"": [""To share requirement and company details on WhatsApp""], ""seller_next_steps"": [""To provide the rate after receiving details on WhatsApp""]}, ""buyer_details"": {""buyer_name"": ""5ef289cad0d2c212547aa6289d64222d865422ecc437ae3f4578cd5b8ec14c3e"", ""buyer_mobile_number"": ""8623e4eb8605b44b00d444879aaef26cd91e7e62d76216f316ca22d19c482f81""}, ""seller_details"": {""seller_name"": ""e7ffe7f2af45863f792378c29891951e62949fd1b99e7c4d2f41c13f093845b1"", ""seller_mobile_number"": ""752284a6ad86a682e1b05184c94017f04b96b8e1e2c5bda7429cb063d241b1d7""}}"
1869021,1885802,4627372,77975,1970-01-01 00:00:00.000,"{""lead_tag"": {""deal_blockers"": [], ""deal_readiness"": ""Warm"", ""deal_readiness_reason"": ""Buyer shared specific model numbers and wattage requirements for floodlight drivers.""}, ""metadata"": {""call_type"": {""type"": ""B2B"", ""reason"": ""The buyer is inquiring about electrical components (LED drivers) with specific technical specifications for lighting applications."", ""evidence"": {""keywords"": [""Flood Light Driver"", ""Halogen"", ""50 Watt""]}}, ""buyer_intent"": {""narrative"": ""Buyer is seeking a 50W LED driver for halogen/floodlight applications with specific mA ratings."", ""reasoning"": ""The buyer provided a specific model number (007 YS) and technical specifications (50W, 750mA)."", ""intent_level"": ""High""}, ""call_outcome"": {""category"": ""Follow-up"", ""conclusion_notes"": ""The seller will send product photos on WhatsApp to confirm the model (Photo bhej deti hoon ek baar dekh lijiye).""}, ""call_purpose"": ""requirement"", ""all_languages"": [""Hindi"", ""English""], ""primary_language"": ""Hindi"", ""additional_details"": {""buyer_queries"": [{""query"": ""Do you have 50 watt 750 mA drivers?"", ""category"": ""Availability"", ""sequence"": 1}], ""seller_queries"": [{""query"": ""What is the wattage and application (flood light or street light)?"", ""category"": ""Specifications"", ""sequence"": 2}]}}, ""products"": [{""in_stock"": ""in stock"", ""product_name"": ""50W LED Driver (Electric Driver)"", ""specifications"": [{""name"": ""Wattage"", ""unit"": ""W"", ""value"": ""50"", ""buyer_requested"": true, ""seller_mentioned"": true}, {""name"": ""Current"", ""unit"": ""mA"", ""value"": ""750"", ""buyer_requested"": true, ""seller_mentioned"": true}, {""name"": ""Model Number"", ""value"": ""007 YS"", ""buyer_requested"": true, ""seller_mentioned"": false}, {""name"": ""Application"", ""value"": ""Halogen/Flood light"", ""buyer_requested"": false, ""seller_mentioned"": true}], ""related_categories"": [{""name"": ""Waterproof LED Driver"", ""reason"": ""Floodlight drivers are frequently required to be waterproof for outdoor use.""}], ""is_buyer_interested"": true, ""most_specific_category"": {""name"": ""LED Driver"", ""reason"": ""The conversation is specifically about power drivers for LED floodlights and halogen replacements.""}}], ""next_steps"": {""buyer_next_steps"": [""To check the product photos shared by the seller on WhatsApp""], ""seller_next_steps"": [""To share product photos of LED drivers on WhatsApp""]}, ""buyer_details"": {""buyer_mobile_number"": ""9d802c31ec6475c45f7fba71fb0814562dfd571c2a33618af65e31854e9b421d""}, ""seller_details"": {}}"
1869021,1885802,4627372,77975,1970-01-01 00:00:00.000,"{""lead_tag"": {""deal_blockers"": [], ""deal_readiness"": ""Warm"", ""deal_readiness_reason"": ""Buyer shared specific model numbers and wattage requirements for floodlight drivers.""}, ""metadata"": {""call_type"": {""type"": ""B2B"", ""reason"": ""The buyer is inquiring about electrical components (LED drivers) with specific technical specifications for lighting applications."", ""evidence"": {""keywords"": [""Flood Light Driver"", ""Halogen"", ""50 Watt""]}}, ""buyer_intent"": {""narrative"": ""Buyer is seeking a 50W LED driver for halogen/floodlight applications with specific mA ratings."", ""reasoning"": ""The buyer provided a specific model number (007 YS) and technical specifications (50W, 750mA)."", ""intent_level"": ""High""}, ""call_outcome"": {""category"": ""Follow-up"", ""conclusion_notes"": ""The seller will send product photos on WhatsApp to confirm the model (Photo bhej deti hoon ek baar dekh lijiye).""}, ""call_purpose"": ""requirement"", ""all_languages"": [""Hindi"", ""English""], ""primary_language"": ""Hindi"", ""additional_details"": {""buyer_queries"": [{""query"": ""Do you have 50 watt 750 mA drivers?"", ""category"": ""Availability"", ""sequence"": 1}], ""seller_queries"": [{""query"": ""What is the wattage and application (flood light or street light)?"", ""category"": ""Specifications"", ""sequence"": 2}]}}, ""products"": [{""in_stock"": ""in stock"", ""product_name"": ""50W LED Driver (Electric Driver)"", ""specifications"": [{""name"": ""Wattage"", ""unit"": ""W"", ""value"": ""50"", ""buyer_requested"": true, ""seller_mentioned"": true}, {""name"": ""Current"", ""unit"": ""mA"", ""value"": ""750"", ""buyer_requested"": true, ""seller_mentioned"": true}, {""name"": ""Model Number"", ""value"": ""007 YS"", ""buyer_requested"": true, ""seller_mentioned"": false}, {""name"": ""Application"", ""value"": ""Halogen/Flood light"", ""buyer_requested"": false, ""seller_mentioned"": true}], ""related_categories"": [{""name"": ""Waterproof LED Driver"", ""reason"": ""Floodlight drivers are frequently required to be waterproof for outdoor use.""}], ""is_buyer_interested"": true, ""most_specific_category"": {""name"": ""LED Driver"", ""reason"": ""The conversation is specifically about power drivers for LED floodlights and halogen replacements.""}}], ""next_steps"": {""buyer_next_steps"": [""To check the product photos shared by the seller on WhatsApp""], ""seller_next_steps"": [""To share product photos of LED drivers on WhatsApp""]}, ""buyer_details"": {""buyer_mobile_number"": ""9d802c31ec6475c45f7fba71fb0814562dfd571c2a33618af65e31854e9b421d""}, ""seller_details"": {}}"
1570563,1587337,7072213,44919,1970-01-01 00:00:00.000,"{""callback"": ""callback by [Time/Date IST] - [Context]"", ""lead_tag"": {""deal_blockers"": [], ""deal_readiness"": ""Cold"", ""deal_readiness_reason"": ""The call recording contains no verbal conversation to determine intent or requirements.""}, ""metadata"": {""call_type"": {""type"": ""B2C"", ""reason"": ""The call had no verbal interaction, making it impossible to classify as B2B or B2C."", ""evidence"": {}}, ""buyer_intent"": {""narrative"": ""The buyer initiated a call but no verbal communication occurred."", ""reasoning"": ""There was no conversation in the audio file despite the call being connected."", ""intent_level"": ""Low""}, ""call_outcome"": {""category"": ""Lost"", ""conclusion_notes"": ""No conversation took place during the call duration.""}, ""call_purpose"": ""irrelevant"", ""all_languages"": [], ""primary_language"": ""English"", ""additional_details"": {""buyer_queries"": [], ""seller_queries"": []}}, ""products"": [], ""next_steps"": {""buyer_next_steps"": [], ""seller_next_steps"": []}, ""buyer_details"": {""buyer_name"": ""310fbf88a1c795591e58f6a2c7a6dd5635e3477a84912ac20af85a1a4380bcea"", ""buyer_location"": {""buyer_city"": ""Ghaziabad""}, ""buyer_mobile_number"": ""878f812b7cfb1a977db508a7606731e04f9a399e5ae75dfc372b3608200604ef""}, ""seller_details"": {""seller_name"": ""4320472dca0d474b698d34e00ea152eae7c4fe91290b6745c78ed67b4b0551b4"", ""seller_location"": {""seller_city"": ""New Delhi""}}}"
1570648,1587421,7072213,44919,1970-01-01 00:00:00.000,"{""callback"": ""callback by Monday 1 PM - To confirm stock"", ""lead_tag"": {""deal_blockers"": [], ""deal_readiness"": ""Warm"", ""deal_readiness_reason"": ""Specific product interest expressed and intent to share catalog, follow-up scheduled.""}, ""metadata"": {""call_type"": {""type"": ""B2B"", ""reason"": ""The buyer is inquiring about specialized industrial/manufacturing components (mattress beading) which suggests a B2B context for production or retail."", ""evidence"": {""keywords"": [""Mattress Beading"", ""Mattress Tape""], ""repeat_buyer"": false, ""buyer_persona"": {""persona_category"": ""retailer""}}}, ""buyer_intent"": {""narrative"": ""Buyer is looking for mattress tape/beading and mentioned being from Ghaziabad."", ""reasoning"": ""Buyer specifically identified the product needed (mattress beading) and his location, showing clear intent to source for business or project."", ""intent_level"": ""Medium""}, ""call_outcome"": {""category"": ""Follow-up"", ""conclusion_notes"": ""Seller asked for contact details/visiting card to send catalog (Card bhej do catalogue bhej dunga).""}, ""call_purpose"": ""requirement"", ""all_languages"": [""Hindi"", ""English""], ""primary_language"": ""Hindi"", ""additional_details"": {""buyer_queries"": [{""query"": ""Is mattress tape/beading available?"", ""category"": ""Availability"", ""sequence"": 1}], ""seller_queries"": [{""query"": ""Can you share your visiting card?"", ""category"": ""Specifications"", ""sequence"": 2}]}}, ""products"": [{""in_stock"": ""in stock"", ""product_name"": ""Mattress Tape (Mattress Beading)"", ""specifications"": [], ""related_categories"": [{""name"": ""Mattress Accessories"", ""reason"": ""Beading is an accessory used in the finishing of mattresses.""}], ""is_buyer_interested"": true, ""most_specific_category"": {""name"": ""Mattress Tape"", ""reason"": ""The buyer explicitly asked for mattress beading/tape (Beading chahiye mattress tape).""}}], ""next_steps"": {""buyer_next_steps"": [""To share visiting card on WhatsApp""], ""seller_next_steps"": [""To share catalog after receiving the card""]}, ""buyer_details"": {""buyer_location"": {""buyer_city"": ""Ghaziabad""}}, ""seller_details"": {""seller_name"": ""4320472dca0d474b698d34e00ea152eae7c4fe91290b6745c78ed67b4b0551b4""}}"
1571673,1588443,13294116,184838,1970-01-01 00:00:00.000,"{""lead_tag"": {""deal_blockers"": [], ""deal_readiness"": ""Hot"", ""deal_readiness_reason"": ""High quantity requirement of 5000 pieces with price and contact exchange.""}, ""metadata"": {""call_type"": {""type"": ""B2B"", ""reason"": ""The buyer is inquiring for a very high quantity (5,000 units) of RO components, which is characteristic of bulk wholesale or redistribution."", ""evidence"": {""keywords"": [""5000 pieces"", ""Fresh Virgin"", ""Regular quality""], ""order_type"": {""order_type_category"": ""bulk""}, ""repeat_buyer"": false, ""buyer_persona"": {""persona_category"": ""wholesaler""}, ""quantity_scale"": ""High""}}, ""buyer_intent"": {""narrative"": ""Wants to purchase 5000 units of Dolphin and Kent RO taps for business use in Bihar."", ""reasoning"": ""Explicit mention of high quantity (5000 pieces) and specific model names indicating business procurement."", ""intent_level"": ""High""}, ""call_outcome"": {""category"": ""Pending"", ""conclusion_notes"": ""Contact details exchanged for further discussion on WhatsApp.""}, ""call_purpose"": ""requirement"", ""all_languages"": [""Hindi"", ""English""], ""primary_language"": ""Hindi"", ""additional_details"": {""buyer_queries"": [], ""seller_queries"": [{""query"": ""How many units do you need?"", ""category"": ""Quantity"", ""sequence"": 1}]}, ""intended_application"": ""Water Purifier Assembly""}, ""products"": [{""price"": {""gst"": {""is_gst_included"": true}, ""value"": 7.5, ""currency"": ""INR"", ""price_unit"": ""piece""}, ""product_name"": ""Dolphin RO Tap (Fresh/Virgin)"", ""specifications"": [{""name"": ""Quality"", ""value"": ""Fresh/Virgin"", ""buyer_requested"": false, ""seller_mentioned"": true}], ""quantity_required"": {""unit"": ""pieces"", ""value"": 5000}, ""related_categories"": [{""name"": ""Plastic Water Tap"", ""reason"": ""These are plastic taps used for water dispensing.""}, {""name"": ""PP Tap"", ""reason"": ""RO taps are commonly made of PP material.""}], ""is_buyer_interested"": true, ""most_specific_category"": {""name"": ""RO TAP"", ""reason"": ""The buyer specifically requested 'Dolphin' and 'Kent' taps which are standard RO water purifier dispense components.""}, ""seller_accepts_quantity"": true}, {""price"": {""gst"": {""is_gst_included"": true}, ""value"": 9.5, ""currency"": ""INR"", ""price_unit"": ""piece""}, ""product_name"": ""Kent RO Tap (Fresh/Virgin)"", ""specifications"": [{""name"": ""Quality"", ""value"": ""Fresh/Virgin"", ""buyer_requested"": false, ""seller_mentioned"": true}], ""quantity_required"": {""unit"": ""pieces"", ""value"": 5000}, ""related_categories"": [{""name"": ""Plastic Water Tap"", ""reason"": ""It is a plastic water dispensing component.""}], ""is_buyer_interested"": true, ""most_specific_category"": {""name"": ""RO TAP"", ""reason"": ""The product is a Kent model tap used in water purifiers.""}, ""seller_accepts_quantity"": true}, {""price"": {""gst"": {""is_gst_included"": true}, ""value"": 7.25, ""currency"": ""INR"", ""price_unit"": ""piece""}, ""product_name"": ""Dolphin RO Tap (Regular)"", ""specifications"": [{""name"": ""Quality"", ""value"": ""Regular"", ""buyer_requested"": false, ""seller_mentioned"": true}], ""quantity_required"": {""unit"": ""pieces"", ""value"": 5000}, ""is_buyer_interested"": true, ""most_specific_category"": {""name"": ""RO TAP"", ""reason"": ""Dolphin model tap mentioned for RO components.""}}, {""price"": {""gst"": {""is_gst_included"": true}, ""value"": 9.25, ""currency"": ""INR"", ""price_unit"": ""piece""}, ""product_name"": ""Kent RO Tap (Regular)"", ""specifications"": [{""name"": ""Quality"", ""value"": ""Regular"", ""buyer_requested"": false, ""seller_mentioned"": true}], ""quantity_required"": {""unit"": ""pieces"", ""value"": 5000}, ""is_buyer_interested"": true, ""most_specific_category"": {""name"": ""RO TAP"", ""reason"": ""Kent model tap variations discussed.""}}], ""next_steps"": {""buyer_next_steps"": [""To share visiting card on WhatsApp"", ""To confirm exact quantity required""], ""seller_next_steps"": [""To reply on WhatsApp once details are received""]}, ""buyer_details"": {""buyer_name"": ""9e6df5283d2d46608afa000952796ec1764426a7a69463abd6018faecff963a6"", ""buyer_location"": {""buyer_city"": ""Katihar"", ""buyer_state"": ""Bihar""}, ""buyer_mobile_number"": ""81f2a10d2ee81b1960c46dd22e5a1595d1e4bd1375aa609bec9502c3210891ff""}, ""seller_details"": {""seller_name"": ""45a545befc533aae351a8e66d3e03b8f90123fdc9aec694bb35d06a19d4a9ce6"", ""seller_location"": {""seller_city"": ""Vadodara""}}}"
2716194,2733014,13294116,184838,1970-01-01 00:00:00.000,"{""payment"": {""payment_details"": ""Seller only works with full bill (GST included).""}, ""callback"": ""callback by Monday 1 PM - To confirm stock"", ""lead_tag"": {""deal_blockers"": [{""detail"": ""Does not sell without a bill"", ""category"": ""Other""}], ""deal_readiness"": ""Warm"", ""deal_readiness_reason"": ""Buyer asked for photos and has specified a high quantity requirement.""}, ""metadata"": {""call_type"": {""type"": ""B2B"", ""reason"": ""The requirement for 500 pieces indicates a commercial or resale context."", ""evidence"": {""keywords"": [""Chrome"", ""Rose Gold"", ""Silver"", ""Bulk Purchase""], ""order_type"": [""bulk""], ""repeat_buyer"": false, ""buyer_persona"": {""persona_category"": ""retailer""}, ""quantity_scale"": ""High""}}, ""buyer_intent"": {""narrative"": ""Looking for 500 pieces of Kent and Dolphin taps in Chrome, Silver, and Rose Gold."", ""reasoning"": ""The buyer has specific product names, finishes, and a high quantity requirement of 500 units."", ""intent_level"": ""High""}, ""call_outcome"": {""category"": ""Follow-up"", ""conclusion_notes"": ""Buyer will check photos on WhatsApp (Photo bhejo)""}, ""call_purpose"": ""requirement"", ""all_languages"": [""Hindi"", ""English""], ""primary_language"": ""Hindi"", ""additional_details"": {""buyer_queries"": [{""query"": ""What is the rate of chrome Kent faucet?"", ""category"": ""Pricing"", ""sequence"": 1}, {""query"": ""Do you have Rose Gold available?"", ""category"": ""Specifications"", ""sequence"": 2}, {""query"": ""What's the rate of the simple Dolphin faucet?"", ""category"": ""Pricing"", ""sequence"": 5}], ""seller_queries"": [{""query"": ""How much quantity do you need?"", ""category"": ""Quantity"", ""sequence"": 3}, {""query"": ""Where are you calling from?"", ""category"": ""Location"", ""sequence"": 4}]}}, ""products"": [{""price"": {""gst"": {""is_gst_included"": true}, ""value"": 32, ""currency"": ""INR"", ""price_unit"": ""piece"", ""buyer_price_reaction"": {""quote"": ""What are the rates of Rose gold and silver?"", ""category"": ""Negotiating""}}, ""in_stock"": ""in stock"", ""product_name"": ""Kent Chrome Tap"", ""specifications"": [{""name"": ""Color"", ""value"": ""Chrome"", ""buyer_requested"": true, ""seller_mentioned"": true}, {""name"": ""Finish"", ""value"": ""Silver/Rose Gold/Black/White"", ""buyer_requested"": false, ""seller_mentioned"": true}], ""quantity_required"": {""unit"": ""pieces"", ""value"": 500}, ""related_categories"": [{""name"": ""Water Tap"", ""reason"": ""Faucets are a category of water taps.""}], ""is_buyer_interested"": true, ""most_specific_category"": {""name"": ""RO TAP"", ""reason"": ""Standard water purifiers faucets used for domestic purposes.""}, ""seller_accepts_quantity"": true}, {""price"": {""gst"": {""is_gst_included"": true}, ""value"": 27, ""currency"": ""INR"", ""price_unit"": ""piece""}, ""in_stock"": ""in stock"", ""product_name"": ""Dolphin Tap"", ""specifications"": [{""name"": ""Color"", ""value"": ""Rose Gold/Silver"", ""buyer_requested"": false, ""seller_mentioned"": true}], ""quantity_required"": {""unit"": ""pieces"", ""value"": 500}, ""related_categories"": [{""name"": ""Plastic Water Tap"", ""reason"": ""Common material for such RO taps.""}], ""is_buyer_interested"": true, ""most_specific_category"": {""name"": ""RO TAP"", ""reason"": ""Mentioned as Dolphin Tap which is a standard RO faucet design.""}, ""seller_accepts_quantity"": true}, {""price"": {""gst"": {""is_gst_included"": true}, ""value"": 7.5, ""currency"": ""INR"", ""price_unit"": ""piece""}, ""in_stock"": ""in stock"", ""product_name"": ""Simple Dolphin Tap"", ""specifications"": [{""name"": ""Type"", ""value"": ""Simple"", ""buyer_requested"": true, ""seller_mentioned"": true}], ""is_buyer_interested"": true, ""most_specific_category"": {""name"": ""RO TAP"", ""reason"": ""Commonly referred to as a simple tap in the context of purifiers.""}, ""seller_accepts_quantity"": true}, {""price"": {""gst"": {""is_gst_included"": true}, ""value"": 9.5, ""currency"": ""INR"", ""price_unit"": ""piece""}, ""in_stock"": ""in stock"", ""product_name"": ""Kent Virgin Tap"", ""specifications"": [{""name"": ""Material Class"", ""value"": ""Virgin"", ""buyer_requested"": false, ""seller_mentioned"": true}], ""is_buyer_interested"": true, ""most_specific_category"": {""name"": ""RO TAP"", ""reason"": ""Kent brand domestic water purifier faucet.""}, ""seller_accepts_quantity"": true}], ""next_steps"": {""buyer_next_steps"": [""To check product photos on WhatsApp""], ""seller_next_steps"": [""To share photos of Kent and Dolphin taps on WhatsApp""]}, ""buyer_details"": {""buyer_location"": {""buyer_city"": ""Ahmedabad""}, ""buyer_mobile_number"": ""4d90e6d1283c94fdb91ce7607842dffc41a06016c311f2b28b8ba0af7465bb6c""}, ""seller_details"": {""seller_location"": {""seller_city"": ""Vadodara""}}}"
3211050,3227879,3273755,182763,1970-01-01 00:00:00.000,"{""callback"": ""callback by Monday 1 PM - To confirm stock"", ""lead_tag"": {""deal_blockers"": [], ""deal_readiness"": ""Warm"", ""deal_readiness_reason"": ""Large quantity of 5000 pieces requested for future discussion.""}, ""metadata"": {""call_type"": {""type"": ""B2B"", ""reason"": ""The buyer requested a very high volume of 5000 pieces, indicating a bulk business requirement."", ""evidence"": {""keywords"": [""5000 pieces""], ""order_type"": [""bulk""], ""quantity_scale"": ""High""}}, ""buyer_intent"": {""narrative"": ""Looking to purchase 5000 units of weighing scales."", ""reasoning"": ""High intent due to specific bulk quantity mentioned and sharing contact details for further discussion."", ""intent_level"": ""High""}, ""call_outcome"": {""category"": ""Follow-up"", ""conclusion_notes"": ""Will check on the large quantity requirement (Itni quantity ke liye confirm karke batati hoon)""}, ""call_purpose"": ""requirement"", ""all_languages"": [""Hindi"", ""English""], ""primary_language"": ""Hindi"", ""additional_details"": {""buyer_queries"": [{""query"": ""What is the price for this?"", ""category"": ""Pricing"", ""sequence"": 1}], ""seller_queries"": [{""query"": ""How many pieces do you need?"", ""category"": ""Quantity"", ""sequence"": 2}]}}, ""products"": [{""in_stock"": ""in stock"", ""product_name"": ""Weighing Scale (Kante, Tarazu)"", ""specifications"": [], ""quantity_required"": {""unit"": ""pieces"", ""value"": 5000}, ""related_categories"": [{""name"": ""Hanging Scales"", ""reason"": ""Commonly associated with general weighing scales mentioned in B2B contexts.""}, {""name"": ""Electronic Weighing Scales"", ""reason"": ""Most modern industrial enquiries for weighing scales refer to electronic variants.""}], ""is_buyer_interested"": true, ""most_specific_category"": {""name"": ""Weighing Scale"", ""reason"": ""Directly referred to as weight scale and kante vagerah.""}, ""seller_accepts_quantity"": true}], ""next_steps"": {""buyer_next_steps"": [""To send a message on the seller's WhatsApp number""], ""seller_next_steps"": [""To confirm pricing and availability for 5000 units of weighing scales""]}, ""buyer_details"": {""buyer_name"": ""b32f52bf59a62214b66a6d6769611b7e7c2c5361cb940d54874c64a4189692e9""}, ""seller_details"": {""seller_name"": ""dbe83a900a9178487121e187606c100887902edb437121c005c6d0dbaf5c0af3""}}"
875644,887164,11594699,80226,1970-01-01 00:00:00.000,"{""payment"": {}, ""lead_tag"": {""deal_blockers"": [], ""deal_readiness"": ""Warm"", ""deal_readiness_reason"": ""Shop owner inquiring about products seen on IndiaMART, showing commercial intent.""}, ""metadata"": {""call_type"": {""type"": ""B2B"", ""reason"": ""The buyer explicitly mentions having a shop in Bhilwara, which suggests the purchase is for business/resale purposes."", ""evidence"": {""keywords"": [""shop in Bhilwara"", ""IndiaMART""], ""repeat_buyer"": false, ""buyer_persona"": ""shop keeper""}}, ""buyer_intent"": {""narrative"": ""Buyer wants information about blouses for her shop in Bhilwara."", ""reasoning"": ""The buyer mentions having a shop and had previously messaged on IndiaMART, indicating genuine interest."", ""intent_level"": ""Medium""}, ""call_purpose"": ""requirement"", ""all_languages"": [""Hindi"", ""English""], ""buyer_conclusion"": {""category"": ""Follow-up"", ""conclusion_notes"": ""Waiting for the seller to check the message and reply (Thodi der mein reply karta hoon).""}, ""primary_language"": ""Hindi"", ""additional_details"": {""buyer_queries"": [{""query"": ""Can you provide information about the blouses?"", ""category"": ""General Inquiry"", ""sequence"": 1}], ""seller_queries"": [{""query"": ""Where is your shop located?"", ""category"": ""Business Verification"", ""sequence"": 1}]}, ""intended_application"": ""Retail Resale""}, ""products"": [{""price"": {}, ""in_stock"": ""in stock"", ""product_name"": ""Blouses"", ""specifications"": [], ""quantity_required"": {}, ""related_categories"": [{""name"": ""Designer Blouse"", ""reason"": ""Generic blouses often fall under designer or standard blouse categories in B2B contexts.""}, {""name"": ""Blouse Pieces"", ""reason"": ""Blouses are often sold as stitched items or pieces in wholesale.""}], ""is_buyer_interested"": true, ""most_specific_category"": {""name"": ""Blouses"", ""reason"": ""The conversation is centered around the buyer's inquiry for blouses seen on IndiaMART.""}}], ""call_back"": ""callback by In some time - To reply after driving (Thodi der mein reply karta hoon)"", ""next_steps"": {""buyer_next_steps"": [""To check for the seller's reply on the message""], ""seller_next_steps"": [""To check the buyer's message and reply after driving"", ""To share blouse catalog/details""]}, ""buyer_details"": {""buyer_location"": {""buyer_city"": ""Bhilwara""}}, ""seller_details"": {}, ""minimum_order_quantity"": {}}"
204410,205326,11594699,80226,1970-01-01 00:00:00.000,"{""metadata"": {""call_type"": {""type"": ""B2B"", ""reason"": ""The buyer explicitly states 'wholesale bhi chahiye' (also for wholesale) and requests all available colors, indicating a bulk purchase for business inventory rather than personal use. The quantity scale is high, aligning with a business requirement."", ""evidence"": {""keywords"": [""wholesale""], ""order_type"": ""bulk"", ""repeat_buyer"": false, ""buyer_persona"": ""wholesaler"", ""quantity_scale"": ""High""}}, ""call_purpose"": ""requirement"", ""all_languages"": [""Hindi"", ""English""], ""primary_language"": ""Hindi""}, ""products"": [{""price"": {""value"": 165, ""currency"": ""INR"", ""price_unit"": ""piece""}, ""in_stock"": ""in stock"", ""product_name"": ""SFT Bandhani Design Blouse"", ""specifications"": [{""name"": ""Design"", ""value"": ""Bandhani"", ""buyer_requested"": true, ""seller_mentioned"": true}, {""name"": ""Design Number"", ""value"": ""468"", ""buyer_requested"": true, ""seller_mentioned"": true}, {""name"": ""Size"", ""value"": ""XL"", ""buyer_requested"": true, ""seller_mentioned"": true}, {""name"": ""Color"", ""value"": ""Wine"", ""buyer_requested"": true, ""seller_mentioned"": true}], ""related_categories"": [{""name"": ""Printed Blouse"", ""reason"": ""The product is specified as 'Bandhani wala design', and Bandhani is a type of printed or tie-dyed design, thus fitting 'Printed Blouse'.""}], ""is_buyer_interested"": true, ""most_specific_category"": {""name"": ""Blouses"", ""reason"": ""The product is explicitly referred to as 'blouses' by the buyer, which is a direct match to this category.""}}, {""price"": {""value"": 165, ""currency"": ""INR"", ""price_unit"": ""piece""}, ""in_stock"": ""in stock"", ""product_name"": ""SFT Bandhani Design Blouse"", ""specifications"": [{""name"": ""Design"", ""value"": ""Bandhani"", ""buyer_requested"": true, ""seller_mentioned"": true}, {""name"": ""Design Number"", ""value"": ""468"", ""buyer_requested"": true, ""seller_mentioned"": true}, {""name"": ""Size"", ""value"": ""XL"", ""buyer_requested"": true, ""seller_mentioned"": true}, {""name"": ""Color"", ""value"": ""Mehndi Green"", ""buyer_requested"": true, ""seller_mentioned"": true}], ""related_categories"": [{""name"": ""Printed Blouse"", ""reason"": ""The product is specified as 'Bandhani wala design', and Bandhani is a type of printed or tie-dyed design, thus fitting 'Printed Blouse'.""}], ""is_buyer_interested"": true, ""most_specific_category"": {""name"": ""Blouses"", ""reason"": ""The product is explicitly referred to as 'blouses' by the buyer, which is a direct match to this category.""}}, {""price"": {""value"": 165, ""currency"": ""INR"", ""price_unit"": ""piece""}, ""in_stock"": ""in stock"", ""product_name"": ""SFT Bandhani Design Blouse"", ""specifications"": [{""name"": ""Design"", ""value"": ""Bandhani"", ""buyer_requested"": true, ""seller_mentioned"": true}, {""name"": ""Design Number"", ""value"": ""468"", ""buyer_requested"": true, ""seller_mentioned"": true}, {""name"": ""Size"", ""value"": ""XL"", ""buyer_requested"": true, ""seller_mentioned"": true}, {""name"": ""Color"", ""value"": ""Bottle Green"", ""buyer_requested"": true, ""seller_mentioned"": true}], ""related_categories"": [{""name"": ""Printed Blouse"", ""reason"": ""The product is specified as 'Bandhani wala design', and Bandhani is a type of printed or tie-dyed design, thus fitting 'Printed Blouse'.""}], ""is_buyer_interested"": true, ""most_specific_category"": {""name"": ""Blouses"", ""reason"": ""The product is explicitly referred to as 'blouses' by the buyer, which is a direct match to this category.""}}, {""price"": {""value"": 165, ""currency"": ""INR"", ""price_unit"": ""piece""}, ""in_stock"": ""in stock"", ""product_name"": ""SFT Bandhani Design Blouse"", ""specifications"": [{""name"": ""Design"", ""value"": ""Bandhani"", ""buyer_requested"": true, ""seller_mentioned"": true}, {""name"": ""Design Number"", ""value"": ""468"", ""buyer_requested"": true, ""seller_mentioned"": true}, {""name"": ""Size"", ""value"": ""XL"", ""buyer_requested"": true, ""seller_mentioned"": true}, {""name"": ""Color"", ""value"": ""Maroon"", ""buyer_requested"": true, ""seller_mentioned"": true}], ""related_categories"": [{""name"": ""Printed Blouse"", ""reason"": ""The product is specified as 'Bandhani wala design', and Bandhani is a type of printed or tie-dyed design, thus fitting 'Printed Blouse'.""}], ""is_buyer_interested"": true, ""most_specific_category"": {""name"": ""Blouses"", ""reason"": ""The product is explicitly referred to as 'blouses' by the buyer, which is a direct match to this category.""}}, {""price"": {""value"": 165, ""currency"": ""INR"", ""price_unit"": ""piece""}, ""in_stock"": ""in stock"", ""product_name"": ""SFT Bandhani Design Blouse"", ""specifications"": [{""name"": ""Design"", ""value"": ""Bandhani"", ""buyer_requested"": true, ""seller_mentioned"": true}, {""name"": ""Design Number"", ""value"": ""468"", ""buyer_requested"": true, ""seller_mentioned"": true}, {""name"": ""Size"", ""value"": ""XL"", ""buyer_requested"": true, ""seller_mentioned"": true}, {""name"": ""Color"", ""value"": ""Black"", ""buyer_requested"": true, ""seller_mentioned"": true}], ""related_categories"": [{""name"": ""Printed Blouse"", ""reason"": ""The product is specified as 'Bandhani wala design', and Bandhani is a type of printed or tie-dyed design, thus fitting 'Printed Blouse'.""}], ""is_buyer_interested"": true, ""most_specific_category"": {""name"": ""Blouses"", ""reason"": ""The product is explicitly referred to as 'blouses' by the buyer, which is a direct match to this category.""}}, {""price"": {""value"": 165, ""currency"": ""INR"", ""price_unit"": ""piece""}, ""in_stock"": ""in stock"", ""product_name"": ""SFT Bandhani Design Blouse"", ""specifications"": [{""name"": ""Design"", ""value"": ""Bandhani"", ""buyer_requested"": true, ""seller_mentioned"": true}, {""name"": ""Design Number"", ""value"": ""468"", ""buyer_requested"": true, ""seller_mentioned"": true}, {""name"": ""Size"", ""value"": ""XL"", ""buyer_requested"": true, ""seller_mentioned"": true}, {""name"": ""Color"", ""value"": ""Orange"", ""buyer_requested"": true, ""seller_mentioned"": true}], ""related_categories"": [{""name"": ""Printed Blouse"", ""reason"": ""The product is specified as 'Bandhani wala design', and Bandhani is a type of printed or tie-dyed design, thus fitting 'Printed Blouse'.""}], ""is_buyer_interested"": true, ""most_specific_category"": {""name"": ""Blouses"", ""reason"": ""The product is explicitly referred to as 'blouses' by the buyer, which is a direct match to this category.""}}, {""price"": {""value"": 165, ""currency"": ""INR"", ""price_unit"": ""piece""}, ""in_stock"": ""in stock"", ""product_name"": ""SFT Bandhani Design Blouse"", ""specifications"": [{""name"": ""Design"", ""value"": ""Bandhani"", ""buyer_requested"": true, ""seller_mentioned"": true}, {""name"": ""Design Number"", ""value"": ""468"", ""buyer_requested"": true, ""seller_mentioned"": true}, {""name"": ""Size"", ""value"": ""XL"", ""buyer_requested"": true, ""seller_mentioned"": true}, {""name"": ""Color"", ""value"": ""Rani"", ""buyer_requested"": true, ""seller_mentioned"": true}], ""related_categories"": [{""name"": ""Printed Blouse"", ""reason"": ""The product is specified as 'Bandhani wala design', and Bandhani is a type of printed or tie-dyed design, thus fitting 'Printed Blouse'.""}], ""is_buyer_interested"": true, ""most_specific_category"": {""name"": ""Blouses"", ""reason"": ""The product is explicitly referred to as 'blouses' by the buyer, which is a direct match to this category.""}}, {""price"": {""value"": 165, ""currency"": ""INR"", ""price_unit"": ""piece""}, ""in_stock"": ""in stock"", ""product_name"": ""SFT Bandhani Design Blouse"", ""specifications"": [{""name"": ""Design"", ""value"": ""Bandhani"", ""buyer_requested"": true, ""seller_mentioned"": true}, {""name"": ""Design Number"", ""value"": ""468"", ""buyer_requested"": true, ""seller_mentioned"": true}, {""name"": ""Size"", ""value"": ""Double XL"", ""buyer_requested"": true, ""seller_mentioned"": true}, {""name"": ""Color"", ""value"": ""Wine"", ""buyer_requested"": true, ""seller_mentioned"": true}], ""related_categories"": [{""name"": ""Printed Blouse"", ""reason"": ""The product is specified as 'Bandhani wala design', and Bandhani is a type of printed or tie-dyed design, thus fitting 'Printed Blouse'.""}], ""is_buyer_interested"": true, ""most_specific_category"": {""name"": ""Blouses"", ""reason"": ""The product is explicitly referred to as 'blouses' by the buyer, which is a direct match to this category.""}}, {""price"": {""value"": 165, ""currency"": ""INR"", ""price_unit"": ""piece""}, ""in_stock"": ""in stock"", ""product_name"": ""SFT Bandhani Design Blouse"", ""specifications"": [{""name"": ""Design"", ""value"": ""Bandhani"", ""buyer_requested"": true, ""seller_mentioned"": true}, {""name"": ""Design Number"", ""value"": ""468"", ""buyer_requested"": true, ""seller_mentioned"": true}, {""name"": ""Size"", ""value"": ""Double XL"", ""buyer_requested"": true, ""seller_mentioned"": true}, {""name"": ""Color"", ""value"": ""Mehndi Green"", ""buyer_requested"": true, ""seller_mentioned"": true}], ""related_categories"": [{""name"": ""Printed Blouse"", ""reason"": ""The product is specified as 'Bandhani wala design', and Bandhani is a type of printed or tie-dyed design, thus fitting 'Printed Blouse'.""}], ""is_buyer_interested"": true, ""most_specific_category"": {""name"": ""Blouses"", ""reason"": ""The product is explicitly referred to as 'blouses' by the buyer, which is a direct match to this category.""}}, {""price"": {""value"": 165, ""currency"": ""INR"", ""price_unit"": ""piece""}, ""in_stock"": ""in stock"", ""product_name"": ""SFT Bandhani Design Blouse"", ""specifications"": [{""name"": ""Design"", ""value"": ""Bandhani"", ""buyer_requested"": true, ""seller_mentioned"": true}, {""name"": ""Design Number"", ""value"": ""468"", ""buyer_requested"": true, ""seller_mentioned"": true}, {""name"": ""Size"", ""value"": ""Double XL"", ""buyer_requested"": true, ""seller_mentioned"": true}, {""name"": ""Color"", ""value"": ""Bottle Green"", ""buyer_requested"": true, ""seller_mentioned"": true}], ""related_categories"": [{""name"": ""Printed Blouse"", ""reason"": ""The product is specified as 'Bandhani wala design', and Bandhani is a type of printed or tie-dyed design, thus fitting 'Printed Blouse'.""}], ""is_buyer_interested"": true, ""most_specific_category"": {""name"": ""Blouses"", ""reason"": ""The product is explicitly referred to as 'blouses' by the buyer, which is a direct match to this category.""}}, {""price"": {""value"": 165, ""currency"": ""INR"", ""price_unit"": ""piece""}, ""in_stock"": ""in stock"", ""product_name"": ""SFT Bandhani Design Blouse"", ""specifications"": [{""name"": ""Design"", ""value"": ""Bandhani"", ""buyer_requested"": true, ""seller_mentioned"": true}, {""name"": ""Design Number"", ""value"": ""468"", ""buyer_requested"": true, ""seller_mentioned"": true}, {""name"": ""Size"", ""value"": ""Double XL"", ""buyer_requested"": true, ""seller_mentioned"": true}, {""name"": ""Color"", ""value"": ""Maroon"", ""buyer_requested"": true, ""seller_mentioned"": true}], ""related_categories"": [{""name"": ""Printed Blouse"", ""reason"": ""The product is specified as 'Bandhani wala design', and Bandhani is a type of printed or tie-dyed design, thus fitting 'Printed Blouse'.""}], ""is_buyer_interested"": true, ""most_specific_category"": {""name"": ""Blouses"", ""reason"": ""The product is explicitly referred to as 'blouses' by the buyer, which is a direct match to this category.""}}, {""price"": {""value"": 165, ""currency"": ""INR"", ""price_unit"": ""piece""}, ""in_stock"": ""in stock"", ""product_name"": ""SFT Bandhani Design Blouse"", ""specifications"": [{""name"": ""Design"", ""value"": ""Bandhani"", ""buyer_requested"": true, ""seller_mentioned"": true}, {""name"": ""Design Number"", ""value"": ""468"", ""buyer_requested"": true, ""seller_mentioned"": true}, {""name"": ""Size"", ""value"": ""Double XL"", ""buyer_requested"": true, ""seller_mentioned"": true}, {""name"": ""Color"", ""value"": ""Black"", ""buyer_requested"": true, ""seller_mentioned"": true}], ""related_categories"": [{""name"": ""Printed Blouse"", ""reason"": ""The product is specified as 'Bandhani wala design', and Bandhani is a type of printed or tie-dyed design, thus fitting 'Printed Blouse'.""}], ""is_buyer_interested"": true, ""most_specific_category"": {""name"": ""Blouses"", ""reason"": ""The product is explicitly referred to as 'blouses' by the buyer, which is a direct match to this category.""}}, {""price"": {""value"": 165, ""currency"": ""INR"", ""price_unit"": ""piece""}, ""in_stock"": ""in stock"", ""product_name"": ""SFT Bandhani Design Blouse"", ""specifications"": [{""name"": ""Design"", ""value"": ""Bandhani"", ""buyer_requested"": true, ""seller_mentioned"": true}, {""name"": ""Design Number"", ""value"": ""468"", ""buyer_requested"": true, ""seller_mentioned"": true}, {""name"": ""Size"", ""value"": ""Double XL"", ""buyer_requested"": true, ""seller_mentioned"": true}, {""name"": ""Color"", ""value"": ""Orange"", ""buyer_requested"": true, ""seller_mentioned"": true}], ""related_categories"": [{""name"": ""Printed Blouse"", ""reason"": ""The product is specified as 'Bandhani wala design', and Bandhani is a type of printed or tie-dyed design, thus fitting 'Printed Blouse'.""}], ""is_buyer_interested"": true, ""most_specific_category"": {""name"": ""Blouses"", ""reason"": ""The product is explicitly referred to as 'blouses' by the buyer, which is a direct match to this category.""}}, {""price"": {""value"": 165, ""currency"": ""INR"", ""price_unit"": ""piece""}, ""in_stock"": ""in stock"", ""product_name"": ""SFT Bandhani Design Blouse"", ""specifications"": [{""name"": ""Design"", ""value"": ""Bandhani"", ""buyer_requested"": true, ""seller_mentioned"": true}, {""name"": ""Design Number"", ""value"": ""468"", ""buyer_requested"": true, ""seller_mentioned"": true}, {""name"": ""Size"", ""value"": ""Double XL"", ""buyer_requested"": true, ""seller_mentioned"": true}, {""name"": ""Color"", ""value"": ""Rani"", ""buyer_requested"": true, ""seller_mentioned"": true}], ""related_categories"": [{""name"": ""Printed Blouse"", ""reason"": ""The product is specified as 'Bandhani wala design', and Bandhani is a type of printed or tie-dyed design, thus fitting 'Printed Blouse'.""}], ""is_buyer_interested"": true, ""most_specific_category"": {""name"": ""Blouses"", ""reason"": ""The product is explicitly referred to as 'blouses' by the buyer, which is a direct match to this category.""}}], ""next_steps"": {""buyer_next_steps"": [""To send address details on WhatsApp"", ""To send quantity details on WhatsApp""], ""seller_next_steps"": [""To receive address details on WhatsApp"", ""To receive quantity details on WhatsApp""]}, ""buyer_details"": {}, ""seller_details"": {""seller_mobile_number"": ""7a3a2c13e41798e7c82095cd3141b962f4386b2a0945709967859cf473e1cb50""}}"
2407256,2424060,25697888,32848,1970-01-01 00:00:00.000,"{""callback"": ""callback by Monday 1 PM - To confirm stock"", ""lead_tag"": {""deal_blockers"": [{""detail"": ""Buyer is looking for bags at 100 per kg but seller does not have that range."", ""category"": ""Price""}], ""deal_readiness"": ""Cold"", ""deal_readiness_reason"": ""Significant price gap between buyer's expectation and seller's offering.""}, ""metadata"": {""call_type"": {""type"": ""B2B"", ""reason"": ""Buyer is seeking a bulk order of 1-1.5 tons of non-woven bags for supply in Kanpur."", ""evidence"": {""keywords"": [""D-cut"", ""W-cut"", ""Non-woven bags"", ""1.5 ton""], ""order_type"": {""order_type_category"": ""bulk""}, ""repeat_buyer"": false, ""buyer_persona"": {""persona_category"": ""retailer""}, ""quantity_scale"": ""High""}}, ""buyer_intent"": {""narrative"": ""Wants 1-1.5 tons of D-cut and W-cut non-woven bags in Kanpur."", ""reasoning"": ""Buyer specifies exact sizes and bulk quantity of 1.5 tons but has a low budget of 100 per kg."", ""intent_level"": ""Medium""}, ""call_outcome"": {""category"": ""Lost"", ""conclusion_notes"": ""Seller does not have material in the buyer's budget range (Rs. 100). (100 wala maal nahi hai mere paas).""}, ""call_purpose"": ""requirement"", ""all_languages"": [""Hindi"", ""English""], ""primary_language"": ""Hindi"", ""additional_details"": {""buyer_queries"": [{""query"": ""What is your rate for D-cut and W-cut non-woven bags?"", ""category"": ""Pricing"", ""sequence"": 1}, {""query"": ""Can you supply bags in Kanpur?"", ""category"": ""Availability"", ""sequence"": 2}, {""query"": ""Do you make W-cut bags in sizes 9x12, 10x14, 13x18, and 16x20?"", ""category"": ""Specifications"", ""sequence"": 5}, {""query"": ""Do you have quality available at 100 per kg?"", ""category"": ""Pricing"", ""sequence"": 7}, {""query"": ""Do you have box bags?"", ""category"": ""Availability"", ""sequence"": 8}], ""seller_queries"": [{""query"": ""How much quantity do you need?"", ""category"": ""Quantity"", ""sequence"": 3}, {""query"": ""What size do you need?"", ""category"": ""Specifications"", ""sequence"": 4}, {""query"": ""What rate of material are you looking for?"", ""category"": ""Availability"", ""sequence"": 6}]}}, ""products"": [{""price"": {""negotiation_notes"": ""Buyer requested a price of 100 per unit/kg, which seller refused."", ""buyer_price_reaction"": {""quote"": ""100 rupaye ki range ka maal."", ""category"": ""Too High""}}, ""in_stock"": ""in stock"", ""product_name"": ""D cut bag (Non-woven bag)"", ""specifications"": [{""name"": ""Type"", ""value"": ""D-cut"", ""buyer_requested"": true, ""seller_mentioned"": true}, {""name"": ""Size"", ""value"": ""10-14"", ""buyer_requested"": false, ""seller_mentioned"": false}, {""name"": ""Size"", ""value"": ""13-18"", ""buyer_requested"": false, ""seller_mentioned"": false}, {""name"": ""Size"", ""value"": ""16-20"", ""buyer_requested"": false, ""seller_mentioned"": false}], ""quantity_required"": {""unit"": ""tons"", ""value"": 1}, ""related_categories"": [{""name"": ""Non Woven Bag"", ""reason"": ""It is the broader category for all bags discussed.""}, {""name"": ""Non Woven Shopping Bag"", ""reason"": ""These bags are commonly used for shopping.""}], ""is_buyer_interested"": true, ""most_specific_category"": {""name"": ""Non Woven U Cut Bag"", ""reason"": ""Buyer specifically referenced D-cut and W-cut bags (often used as generic terms for U-cut/Carry bags).""}}, {""in_stock"": ""out of stock"", ""product_name"": ""W-cut bag"", ""specifications"": [{""name"": ""Type"", ""value"": ""W-cut"", ""buyer_requested"": true, ""seller_mentioned"": true}, {""name"": ""Size"", ""value"": ""9-12"", ""buyer_requested"": false, ""seller_mentioned"": false}], ""quantity_required"": {""unit"": ""tons"", ""value"": 1}, ""related_categories"": [{""name"": ""Non Woven Carrier Bag"", ""reason"": ""Standard carry bag style.""}], ""is_buyer_interested"": true, ""most_specific_category"": {""name"": ""Non Woven W Cut Bags"", ""reason"": ""Buyer specifically asked for W-cut non-woven bags.""}}, {""in_stock"": ""not sold"", ""product_name"": ""Box Bag"", ""specifications"": [{""name"": ""Type"", ""value"": ""Box bag"", ""buyer_requested"": true, ""seller_mentioned"": false}], ""related_categories"": [{""name"": ""Stitched Non Woven Bags"", ""reason"": ""Box bags are often stitched or heat-sealed.""}], ""is_buyer_interested"": true, ""most_specific_category"": {""name"": ""Non Woven Fabric Bag"", ""reason"": ""Box bags are made from non-woven fabric.""}}], ""next_steps"": {""buyer_next_steps"": [], ""seller_next_steps"": []}, ""buyer_details"": {""buyer_name"": ""3b993b369e206ddae5dfc2c31a3bcc70d09b4c55d0e616aef55d97a71f052a2f"", ""buyer_location"": {""buyer_city"": ""Kanpur""}}, ""seller_details"": {""seller_name"": ""44104fcaef8476724152090d6d7bd9afa8ca5b385f6a99d3c6cf36b943b9872d""}}"
2724531,2741350,24257655,17204,1970-01-01 00:00:00.000,"{""lead_tag"": {""deal_blockers"": [], ""deal_readiness"": ""Hot"", ""deal_readiness_reason"": ""The buyer is already in the vicinity and has committed to visiting the shop immediately to check the product.""}, ""metadata"": {""call_type"": {""type"": ""B2B"", ""reason"": ""The buyer is inquiring from Chawri Bazar, a major B2B wholesale hub, about specific industrial fasteners (PG-16 locknuts) for cable glands."", ""evidence"": {""keywords"": [""Chawri Bazar"", ""Sitaram Bazar"", ""Cable Gland"", ""PG-16""], ""order_type"": [""commercial""], ""buyer_persona"": {""persona_detail"": ""Located in Chawri Bazar wholesale market"", ""persona_category"": ""retailer""}}}, ""buyer_intent"": {""narrative"": ""Looking for PG-16 Locknuts and is ready to visit the shop immediately in Chawri Bazar area."", ""reasoning"": ""The buyer specified a technical part number (PG-16) and is currently in the same market area, intending to visit the shop right away."", ""intent_level"": ""High""}, ""call_outcome"": {""category"": ""Follow-up"", ""conclusion_notes"": ""The buyer is visiting the shop immediately to see the product (Ma'am main aata hoon).""}, ""call_purpose"": ""requirement"", ""all_languages"": [""Hindi"", ""English""], ""primary_language"": ""Hindi"", ""additional_details"": {""buyer_queries"": [{""query"": ""Do you have Lock Nut for PG-16 cable gland?"", ""category"": ""Availability"", ""sequence"": 1}, {""query"": ""Where is your address in Delhi?"", ""category"": ""Location"", ""sequence"": 3}], ""seller_queries"": [{""query"": ""Where are you right now?"", ""category"": ""Location"", ""sequence"": 2, ""answer_by_buyer"": ""I am currently in Chawri Bazar.""}]}, ""intended_application"": ""Cable Gland Fitting""}, ""products"": [{""in_stock"": ""in stock"", ""product_name"": ""Locknut (Lock Nut for PG-16)"", ""specifications"": [{""name"": ""Size"", ""value"": ""PG-16"", ""buyer_requested"": true, ""seller_mentioned"": false}, {""name"": ""Application"", ""value"": ""Cable Gland"", ""buyer_requested"": true, ""seller_mentioned"": false}], ""related_categories"": [{""name"": ""Nuts"", ""reason"": ""Locknuts are a sub-type of the broader nuts category.""}, {""name"": ""Nuts Fasteners"", ""reason"": ""Used as a fastening component in electrical cable glands.""}], ""is_buyer_interested"": true, ""most_specific_category"": {""name"": ""Lock Nut"", ""reason"": ""The product is explicitly identified by both parties as a 'lock nut' for cable glands.""}}], ""next_steps"": {""buyer_next_steps"": [""To visit the seller's shop in Sitaram Bazar, Lal Darwaza""], ""seller_next_steps"": [""To show the PG-16 locknuts to the buyer upon arrival""]}, ""buyer_details"": {""buyer_location"": {""buyer_city"": ""Delhi"", ""buyer_locality"": ""Chawri Bazar""}}, ""seller_details"": {""seller_location"": {""seller_city"": ""Delhi"", ""seller_locality"": ""Sitaram Bazar, Lal Darwaza""}}}"
1591443,1608217,33349001,29938,1970-01-01 00:00:00.000,"{""payment"": {}, ""callback"": ""callback by Soon - After sharing photos (Ek baar photo bhej deta hu main)"", ""lead_tag"": {""deal_blockers"": [{""detail"": ""Quotes for white plaster compared against JK Lakshmi rates"", ""category"": ""Price""}], ""deal_readiness"": ""Warm"", ""deal_readiness_reason"": ""High interest with specific volume requirements but comparing brands and prices""}, ""metadata"": {""call_type"": {""type"": ""B2B"", ""reason"": ""The buyer is looking for a large quantity (40 tons) of plaster for professional painting work, indicating a business/contractual requirement."", ""evidence"": {""keywords"": [""Painting work"", ""40 ton"", ""Imported white"", ""Rajasthan quality""], ""order_type"": {""order_type_category"": ""bulk""}, ""repeat_buyer"": true, ""buyer_persona"": {""persona_detail"": ""Painting Contractor"", ""persona_category"": ""contractor""}, ""quantity_scale"": ""High""}}, ""buyer_intent"": {""narrative"": ""Wants to purchase 40 tons of Plaster of Paris for painting work and is comparing local and imported quality."", ""reasoning"": ""Explicit requirement for 40 tons, discussed specific pricing for different qualities, and offered to share brand photos for matching."", ""intent_level"": ""High""}, ""call_outcome"": {""category"": ""Pending"", ""conclusion_notes"": ""Will share reference photos on WhatsApp to confirm brand compatibility (Photo bhej raha hu whatsapp pe matching ke liye)""}, ""call_purpose"": ""requirement"", ""all_languages"": [""Hindi"", ""English""], ""primary_language"": ""Hindi"", ""additional_details"": {""buyer_queries"": [{""query"": ""Which quality should I take, imported or local?"", ""category"": ""Specifications"", ""sequence"": 1}, {""query"": ""Can I get a sample in Ahmedabad?"", ""category"": ""Availability"", ""sequence"": 3}], ""seller_queries"": [{""query"": ""How much quantity do you require?"", ""category"": ""Quantity"", ""sequence"": 2}]}, ""intended_application"": ""Painting Work""}, ""products"": [{""price"": {""value"": 162, ""currency"": ""INR"", ""price_unit"": ""bag"", ""delivery_charge"": {""details"": ""Price quoted at Ahmedabad reach (Ahmedabad mein pahuch padega)"", ""is_delivery_charge_included"": true}, ""buyer_price_reaction"": {""quote"": ""In this rate JK Lakshmi is available (Itne mein toh JK Lakshmi mil raha hai)"", ""category"": ""Negotiating""}}, ""product_name"": ""Imported White Plaster Of Paris"", ""specifications"": [{""name"": ""Color"", ""value"": ""White"", ""buyer_requested"": false, ""seller_mentioned"": true}, {""name"": ""Pack Size"", ""unit"": ""kg"", ""value"": ""20"", ""buyer_requested"": false, ""seller_mentioned"": true}, {""name"": ""Origin"", ""value"": ""Imported"", ""buyer_requested"": true, ""seller_mentioned"": true}], ""quantity_required"": {""unit"": ""ton"", ""value"": 40}, ""related_categories"": [{""name"": ""Gypsum Plaster"", ""reason"": ""Plaster of Paris is a derivative of gypsum and used for similar applications.""}], ""is_buyer_interested"": true, ""most_specific_category"": {""name"": ""Plaster Of Paris"", ""reason"": ""Explicitly discussed for painting work as 'Sakarnee' brand replacement and mentioned in 'white' and 'Rajasthan' variants.""}, ""seller_accepts_quantity"": true}, {""price"": {""value"": 5000, ""currency"": ""INR"", ""price_unit"": ""ton"", ""delivery_charge"": {""is_delivery_charge_included"": true}}, ""product_name"": ""Rajasthan Quality Plaster"", ""specifications"": [{""name"": ""Origin"", ""value"": ""Rajasthan"", ""buyer_requested"": true, ""seller_mentioned"": true}], ""quantity_required"": {""unit"": ""ton"", ""value"": 40}, ""related_categories"": [{""name"": ""Plaster"", ""reason"": ""General category for wall finishing materials used in Rajasthan.""}], ""is_buyer_interested"": true, ""most_specific_category"": {""name"": ""Plaster Of Paris"", ""reason"": ""Referred to as Rajasthan quality plaster for general painting use.""}, ""seller_accepts_quantity"": true}], ""next_steps"": {""buyer_next_steps"": [""To share reference photos of the current brand on WhatsApp""], ""seller_next_steps"": [""To message on WhatsApp to facilitate photo sharing""]}, ""buyer_details"": {""buyer_name"": ""cbe8f70153533fa41d51c2ec7933136cee6bd533acb4e2db49431d6ffee98f9d"", ""buyer_location"": {""buyer_city"": ""Ahmedabad""}, ""buyer_mobile_number"": ""20da1725af24410e92dc326bcae8b02f6344395a0e6c01545ebd7f8026960410""}, ""seller_details"": {""seller_location"": {""seller_city"": ""Barmer""}}}"
1319395,1336160,33349001,34485,1970-01-01 00:00:00.000,"{""lead_tag"": {""deal_blockers"": [], ""deal_readiness"": ""Warm"", ""deal_readiness_reason"": ""Specific product interest expressed and contact numbers exchanged for further communication.""}, ""metadata"": {""call_type"": {""type"": ""B2C"", ""reason"": ""Buyer is inquiring about specialized plaster for a specific construction task, typically indicating B2C or a small contractor inquiry."", ""evidence"": {""keywords"": [""Plaster of Paris"", ""Flooring""], ""buyer_persona"": {""persona_category"": ""end_consumer""}}}, ""buyer_intent"": {""narrative"": ""Seeking Plaster of Paris for flooring applications."", ""reasoning"": ""The buyer identified a specific application and initiated contact exchange to discuss the requirement further."", ""intent_level"": ""Medium""}, ""call_outcome"": {""category"": ""Pending"", ""conclusion_notes"": ""Exchange of contact numbers to continue discussion on another line (Is number pe call karta hoon).""}, ""call_purpose"": ""requirement"", ""all_languages"": [""Hindi"", ""English""], ""primary_language"": ""Hindi"", ""additional_details"": {""buyer_queries"": [], ""seller_queries"": []}, ""intended_application"": ""Flooring""}, ""products"": [{""product_name"": ""Flooring Plaster of Paris (POP)"", ""specifications"": [{""name"": ""Application"", ""value"": ""Flooring"", ""buyer_requested"": true, ""seller_mentioned"": false}], ""related_categories"": [{""name"": ""Building Materials"", ""reason"": ""Plaster of Paris is a fundamental material used in building and construction.""}, {""name"": ""Gypsum Powder"", ""reason"": ""Plaster of Paris is derived from gypsum and often categorized under gypsum powder products.""}], ""is_buyer_interested"": true, ""most_specific_category"": {""name"": ""Plaster Of Paris"", ""reason"": ""The buyer explicitly mentioned needing 'Plaster of Paris' or 'POP' for flooring.""}}], ""next_steps"": {""buyer_next_steps"": [""To call the seller on the provided mobile number""], ""seller_next_steps"": [""To share product details or discuss requirements further when called""]}, ""buyer_details"": {""buyer_location"": {""buyer_city"": ""Ahmedabad""}}, ""seller_details"": {""seller_mobile_number"": ""7cc6bae4e852921e1b0a522cdf0fc3b56eeda00b7e8b13d188ca0af9fbb256fe""}}"
1596423,1613198,33349001,29938,1970-01-01 00:00:00.000,"{""callback"": """", ""lead_tag"": {""deal_blockers"": [], ""deal_readiness"": ""Cold"", ""deal_readiness_reason"": ""The call connected but no meaningful conversation occurred to discuss requirements. ""}, ""metadata"": {""call_type"": {""type"": ""B2C"", ""reason"": ""The call lacks any business context or transaction details to classify as B2B or B2C."", ""evidence"": {""keywords"": [""IndiaMART""]}}, ""buyer_intent"": {""narrative"": ""The buyer initiated a call via IndiaMART but no specific requirement was discussed due to connectivity issues."", ""reasoning"": ""A call was made but neither party shared any details or specifications regarding a product."", ""intent_level"": ""Low""}, ""call_outcome"": {""category"": ""Follow-up"", ""conclusion_notes"": ""Call was connected but both parties only said 'Hello' with no further discussion (Hello Hello ho rahi hai).""}, ""call_purpose"": ""irrelevant"", ""all_languages"": [""Hindi""], ""primary_language"": ""Hindi"", ""additional_details"": {""buyer_queries"": [], ""seller_queries"": []}}, ""products"": [], ""next_steps"": {""buyer_next_steps"": [], ""seller_next_steps"": []}, ""buyer_details"": {""buyer_name"": ""cbe8f70153533fa41d51c2ec7933136cee6bd533acb4e2db49431d6ffee98f9d"", ""buyer_location"": {""buyer_city"": ""Ahmedabad""}, ""buyer_mobile_number"": ""20da1725af24410e92dc326bcae8b02f6344395a0e6c01545ebd7f8026960410""}, ""seller_details"": {""seller_name"": ""6405cf0c2f2418e27e5306348e1f3a887bb3ece435443a24a4318ce812352982"", ""seller_location"": {""seller_city"": ""Barmer""}}}"
3275330,3292160,13294116,184838,1970-01-01 00:00:00.000,"{""callback"": ""callback by Monday 1 PM - To confirm stock"", ""lead_tag"": {""deal_blockers"": [{""detail"": ""Significant distance between Vadodara and Guwahati."", ""category"": ""Location""}], ""deal_readiness"": ""Warm"", ""deal_readiness_reason"": ""Buyer is genuinely interested and requested a sample but is concerned about the shipping distance.""}, ""metadata"": {""call_type"": {""type"": ""B2B"", ""reason"": ""The buyer is asking for samples for a specific tap model, likely for resale or testing in a small-scale commercial setting."", ""evidence"": {""keywords"": [""Sample"", ""Dispenser Tap""], ""order_type"": [""sample""], ""buyer_persona"": {""persona_category"": ""retailer""}, ""quantity_scale"": ""Low""}}, ""buyer_intent"": {""narrative"": ""Looking for Dolphin dispenser taps and requested a sample first."", ""reasoning"": ""The buyer has a specific product in mind (Dolphin tap) and is asking for samples, showing intent to test before bulk purchase."", ""intent_level"": ""Medium""}, ""call_outcome"": {""category"": ""Follow-up"", ""conclusion_notes"": ""Contact details exchanged and buyer will connect on WhatsApp (WhatsApp par baat karte hain).""}, ""call_purpose"": ""requirement"", ""all_languages"": [""Hindi"", ""English""], ""primary_language"": ""Hindi"", ""additional_details"": {""buyer_queries"": [{""query"": ""Where are you located?"", ""category"": ""Specifications"", ""sequence"": 1}, {""query"": ""Do you ship to Guwahati?"", ""category"": ""Delivery"", ""sequence"": 3}, {""query"": ""I need a sample for Dolphin taps, can you provide that?"", ""category"": ""Availability"", ""sequence"": 4}], ""seller_queries"": [{""query"": ""How many units do you need?"", ""category"": ""Quantity"", ""sequence"": 2}]}, ""intended_application"": ""Retail Resale""}, ""products"": [{""in_stock"": ""in stock"", ""product_name"": ""Dolphin Dispenser Tap"", ""specifications"": [{""name"": ""Model"", ""value"": ""Dolphin"", ""buyer_requested"": true, ""seller_mentioned"": true}, {""name"": ""Type"", ""value"": ""Dispenser Tap"", ""buyer_requested"": false, ""seller_mentioned"": true}], ""related_categories"": [{""name"": ""RO TAP"", ""reason"": ""Dispenser taps are often used as RO taps.""}, {""name"": ""Water Tap"", ""reason"": ""General category for any water dispensing tap.""}], ""is_buyer_interested"": true, ""most_specific_category"": {""name"": ""Dispenser Tap"", ""reason"": ""The buyer explicitly asked for dispenser taps (dispenser ka tape chahiye tha).""}}, {""in_stock"": ""in stock"", ""product_name"": ""Kent RO Tap"", ""specifications"": [{""name"": ""Model"", ""value"": ""Kent"", ""buyer_requested"": false, ""seller_mentioned"": true}], ""related_categories"": [{""name"": ""Dispenser Tap"", ""reason"": ""Can be used as a dispenser tap.""}], ""is_buyer_interested"": false, ""most_specific_category"": {""name"": ""RO TAP"", ""reason"": ""Kent model is a common RO tap type mentioned as an alternative.""}}], ""next_steps"": {""buyer_next_steps"": [""To send a message on WhatsApp"", ""To share product requirements or photos on WhatsApp""], ""seller_next_steps"": [""To share catalog and pricing on WhatsApp"", ""To confirm availability of Dolphin tap samples""]}, ""buyer_details"": {""buyer_name"": ""7c78eea7a591b0c8a4dad680372e35ca12e11cffdac5c69a39700c8014fbcc82""}, ""seller_details"": {""seller_name"": ""45a545befc533aae351a8e66d3e03b8f90123fdc9aec694bb35d06a19d4a9ce6"", ""seller_location"": {""seller_city"": ""Vadodara"", ""seller_state"": ""Gujarat""}, ""seller_mobile_number"": ""f2027ed0c2ec5a0639218582d90d44edc0d07a9ea4f53a62f1fff724ba8d6600""}}"
1643957,1660733,33349001,29938,1970-01-01 00:00:00.000,"{""callback"": ""callback by [15-20 minutes] - To provide price (15-20 minute aur lagega, phone karta hoon)"", ""lead_tag"": {""deal_blockers"": [], ""deal_readiness"": ""Warm"", ""deal_readiness_reason"": ""Buyer has an active site requirement and is urgently seeking pricing for a bag.""}, ""metadata"": {""call_type"": {""type"": ""B2B"", ""reason"": ""The buyer mentions working on a 'side' (site) and needs to order material, typical of a contractor or business purchase."", ""evidence"": {""keywords"": [""Side pe kaam hai"", ""Maal mangana hai""], ""order_type"": {""order_type_category"": ""commercial""}, ""buyer_persona"": {""persona_detail"": ""Site worker/manager"", ""persona_category"": ""contractor""}}}, ""buyer_intent"": {""narrative"": ""Buyer is looking for the price per bag of plaster for an ongoing project at his site."", ""reasoning"": ""The buyer proactively called to check the rate as he needs to order material for his work site."", ""intent_level"": ""High""}, ""call_outcome"": {""category"": ""Follow-up"", ""conclusion_notes"": ""Seller requested 15-20 minutes to call back with details as he was busy with other work.""}, ""call_purpose"": ""requirement"", ""all_languages"": [""Hindi""], ""primary_language"": ""Hindi"", ""additional_details"": {""buyer_queries"": [{""query"": ""What is the price per bag?"", ""category"": ""Pricing"", ""sequence"": 1}], ""seller_queries"": [{""query"": ""Is it for a shop or a site?"", ""category"": ""Other"", ""sequence"": 2}]}, ""intended_application"": ""Construction Site Work""}, ""products"": [{""product_name"": ""Plaster Of Paris"", ""specifications"": [{""name"": ""Packaging"", ""value"": ""Bori"", ""buyer_requested"": true, ""seller_mentioned"": false}], ""related_categories"": [{""name"": ""Gypsum Plaster"", ""reason"": ""Commonly used synonymously with POP in site work construction inquiries.""}], ""is_buyer_interested"": true, ""most_specific_category"": {""name"": ""Plaster Of Paris"", ""reason"": ""The buyer refers to 'bori' (bag) and 'maal' in the context of a site 'kaam', which is highly indicative of Plaster of Paris or Gypsum plaster used for construction.""}}], ""next_steps"": {""buyer_next_steps"": [""To wait for a return call from the seller in 15-20 minutes""], ""seller_next_steps"": [""To call the buyer back in 15-20 minutes to discuss the price per bag""]}, ""buyer_details"": {""buyer_name"": ""1c22215807202916fc73d7e56f44723d789ede3844ba5b677f1447f5f6f8e33e""}, ""seller_details"": {}}"
1361307,1378067,13294116,184838,1970-01-01 00:00:00.000,"{""callback"": ""callback by [Specific Time/Date Not Mentioned] - To show pictures on WhatsApp (ek baar WhatsApp pe pictures dikkhayenge)"", ""lead_tag"": {""deal_blockers"": [{""detail"": ""Buyer is asking for goods in 'kaccha' (unofficial billing), but seller seems to imply GST billing."", ""category"": ""Availability""}], ""deal_readiness"": ""Hot"", ""deal_readiness_reason"": ""Buyer has a bulk requirement for 4000 pieces and is ready to proceed after seeing pictures.""}, ""metadata"": {""call_type"": {""type"": ""B2B"", ""reason"": ""The buyer's requirement for 4000 pieces and the discussion about bulk pricing and transport from Vadodara to Delhi clearly indicate a B2B transaction."", ""evidence"": {""keywords"": [""4000 pieces"", ""Bulk Bill"", ""GST"", ""Transport""], ""order_type"": {""order_type_category"": ""bulk""}, ""quantity_scale"": ""High""}}, ""buyer_intent"": {""narrative"": ""Buyer wants to purchase 4000 pieces of Kent RO Taps for his business in Delhi and is asking for bulk pricing and transport options."", ""reasoning"": ""The buyer has a specific quantity (4000 pieces), knows the brand (Kent), and is already discussing transport logistics and billing types."", ""intent_level"": ""High""}, ""call_outcome"": {""category"": ""Follow-up"", ""conclusion_notes"": ""Seller shared his number and buyer will send a 'Hi' on WhatsApp to see product pictures (WhatsApp pe hi bhejta hoon).""}, ""call_purpose"": ""requirement"", ""all_languages"": [""Hindi"", ""English""], ""primary_language"": ""Hindi"", ""additional_details"": {""buyer_queries"": [{""query"": ""Do you have Kent RO Taps?"", ""category"": ""Specifications"", ""sequence"": 1}, {""query"": ""How do you send goods to Delhi? Is there a transport service?"", ""category"": ""Delivery"", ""sequence"": 2}, {""query"": ""Can you provide the goods in 'kaccha' (without formal billing)?"", ""category"": ""Specifications"", ""sequence"": 3}, {""query"": ""Can you show me the pictures on WhatsApp?"", ""category"": ""Specifications"", ""sequence"": 6}], ""seller_queries"": [{""query"": ""How many pieces do you need?"", ""category"": ""Quantity"", ""sequence"": 4}]}}, ""products"": [{""price"": {""gst"": {""value"": 18, ""is_gst_included"": false}, ""value"": 9, ""currency"": ""INR"", ""price_unit"": ""piece""}, ""in_stock"": ""in stock"", ""product_name"": ""Kent RO Tap (Virgin/Fresh)"", ""specifications"": [{""name"": ""Quality"", ""value"": ""Virgin/Fresh"", ""buyer_requested"": false, ""seller_mentioned"": true}], ""quantity_required"": {""unit"": ""pieces"", ""value"": 4000}, ""related_categories"": [{""name"": ""Plastic Water Tap"", ""reason"": ""RO taps are typically made of high-quality plastic.""}], ""is_buyer_interested"": true, ""most_specific_category"": {""name"": ""RO TAP"", ""reason"": ""The buyer explicitly asked for 'Kent RO Tap' which falls under this category.""}, ""seller_accepts_quantity"": true}, {""price"": {""gst"": {""value"": 18, ""is_gst_included"": false}, ""value"": 9.5, ""currency"": ""INR"", ""price_unit"": ""piece""}, ""in_stock"": ""in stock"", ""product_name"": ""Kent RO Tap (Regular)"", ""specifications"": [{""name"": ""Quality"", ""value"": ""Regular"", ""buyer_requested"": false, ""seller_mentioned"": true}], ""quantity_required"": {""unit"": ""pieces"", ""value"": 4000}, ""related_categories"": [{""name"": ""Plastic Water Tap"", ""reason"": ""RO taps are typically made of high-quality plastic.""}], ""is_buyer_interested"": true, ""most_specific_category"": {""name"": ""RO TAP"", ""reason"": ""This is the regular variant of the RO Tap mentioned by the seller.""}, ""seller_accepts_quantity"": true}], ""next_steps"": {""buyer_next_steps"": [""To send a message on WhatsApp to the seller's number."", ""To review product pictures on WhatsApp.""], ""seller_next_steps"": [""To share product pictures on WhatsApp.""]}, ""buyer_details"": {""buyer_name"": ""474bd98c94fe6598354adc7ef660df173b07cae17ccc9988f4e3f070a295dbb1""}, ""seller_details"": {""seller_name"": ""45a545befc533aae351a8e66d3e03b8f90123fdc9aec694bb35d06a19d4a9ce6"", ""seller_location"": {""seller_city"": ""Vadodara""}, ""seller_mobile_number"": ""f2027ed0c2ec5a0639218582d90d44edc0d07a9ea4f53a62f1fff724ba8d6600""}}"
1648406,1665182,33349001,29938,1970-01-01 00:00:00.000,"{""lead_tag"": {""deal_blockers"": [], ""deal_readiness"": ""Warm"", ""deal_readiness_reason"": ""The buyer has a specific brand and location preference but only shared initial interest.""}, ""metadata"": {""call_type"": {""type"": ""B2B"", ""reason"": ""The buyer is inquiring for specific brands in a local suburb of Mumbai, typical of construction-related B2B sourcing or retail supply."", ""evidence"": {""keywords"": [""Mumbai"", ""Andheri"", ""Vile Parle""], ""repeat_buyer"": false, ""buyer_persona"": {""persona_detail"": ""Local contractor or retailer"", ""persona_category"": ""retailer""}, ""quantity_scale"": ""Low""}}, ""buyer_intent"": {""narrative"": ""Wants Punnasa and Shain brand products for use in Mumbai."", ""reasoning"": ""The buyer knows exactly which brand they want and has a specific location, but the call was brief without quantity details."", ""intent_level"": ""Medium""}, ""call_outcome"": {""category"": ""Follow-up"", ""conclusion_notes"": ""The buyer inquired about specific brands and the location for delivery (Andheri Vile Parle).""}, ""call_purpose"": ""requirement"", ""all_languages"": [""Hindi""], ""primary_language"": ""Hindi"", ""additional_details"": {""buyer_queries"": [{""query"": ""Is Punnasa or Shain brand material available?"", ""category"": ""Availability"", ""sequence"": 1}], ""seller_queries"": []}, ""intended_application"": ""Construction Work""}, ""products"": [{""product_name"": ""Punnasa Plaster of Paris"", ""specifications"": [{""name"": ""Brand"", ""value"": ""Punnasa"", ""buyer_requested"": true, ""seller_mentioned"": false}], ""related_categories"": [{""name"": ""Plaster"", ""reason"": ""Plaster of Paris is a specific type of gypsum-based plaster.""}], ""is_buyer_interested"": true, ""most_specific_category"": {""name"": ""Plaster Of Paris"", ""reason"": ""The buyer specifically asks for 'Punnasa' which is a known brand for Plaster of Paris.""}}, {""product_name"": ""Shain Plaster of Paris"", ""specifications"": [{""name"": ""Brand"", ""value"": ""Shain"", ""buyer_requested"": true, ""seller_mentioned"": false}], ""related_categories"": [{""name"": ""Plaster"", ""reason"": ""Plaster of Paris is a specific type of gypsum-based plaster.""}], ""is_buyer_interested"": true, ""most_specific_category"": {""name"": ""Plaster Of Paris"", ""reason"": ""The buyer asks for 'Shain' brand which is associated with Plaster of Paris products.""}}], ""next_steps"": {""buyer_next_steps"": [""To provide specific quantity needed""], ""seller_next_steps"": [""To confirm availability of Punnasa or Shain brand products""]}, ""buyer_details"": {""buyer_name"": ""1c22215807202916fc73d7e56f44723d789ede3844ba5b677f1447f5f6f8e33e"", ""buyer_location"": {""buyer_city"": ""Mumbai"", ""buyer_locality"": ""Andheri Vile Parle""}, ""buyer_mobile_number"": ""86639fedcd3ea09ef0db518943f84f3f56266615be9375ace10cb605c8c4ea84""}, ""seller_details"": {""seller_name"": ""6405cf0c2f2418e27e5306348e1f3a887bb3ece435443a24a4318ce812352982"", ""seller_location"": {""seller_city"": ""Barmer""}}}"
1637116,1653891,33349001,29938,1970-01-01 00:00:00.000,"{""lead_tag"": {""deal_blockers"": [], ""deal_readiness"": ""Hot"", ""deal_readiness_reason"": ""Specific requirement for 500 bags of POP with location confirmed for delivery.""}, ""metadata"": {""call_type"": {""type"": ""B2B"", ""reason"": ""The buyer is requesting a bulk quantity of 500 bags of construction material (POP), which is indicative of B2B/commercial procurement."", ""evidence"": {""keywords"": [""500 bags"", ""POP"", ""Vile Parle""], ""order_type"": {""order_type_category"": ""bulk""}, ""buyer_persona"": {""persona_category"": ""contractor""}, ""quantity_scale"": ""High""}}, ""buyer_intent"": {""narrative"": ""Wants to purchase 500 bags of Sunna Sign Cairani POP for delivery in Vile Parle."", ""reasoning"": ""The buyer provided a specific quantity (500 bags), a specific brand, and a delivery location (Vile Parle)."", ""intent_level"": ""High""}, ""call_outcome"": {""category"": ""Follow-up"", ""conclusion_notes"": ""Will call back after checking details (Call kar raha hoon check karke).""}, ""call_purpose"": ""requirement"", ""all_languages"": [""Hindi""], ""primary_language"": ""Hindi"", ""additional_details"": {""buyer_queries"": [], ""seller_queries"": [{""query"": ""Where is the location?"", ""category"": ""Delivery"", ""sequence"": 1}]}}, ""products"": [{""product_name"": ""Sunna Sign Plaster of Paris (Cairani ka POP)"", ""specifications"": [{""name"": ""Brand"", ""value"": ""Sunna Sign"", ""buyer_requested"": true, ""seller_mentioned"": false}, {""name"": ""Type"", ""value"": ""Cairani POP"", ""buyer_requested"": true, ""seller_mentioned"": false}], ""quantity_required"": {""unit"": ""bags"", ""value"": 500}, ""related_categories"": [{""name"": ""Sakarni Plaster Of Paris"", ""reason"": ""The term 'Cairani' likely refers to 'Sakarni', a prominent POP brand in India.""}], ""is_buyer_interested"": true, ""most_specific_category"": {""name"": ""Plaster Of Paris"", ""reason"": ""The buyer explicitly asks for 'Cairani ka POP' and 'Sunna Sign ka Maal' which are Plaster of Paris products.""}, ""seller_accepts_quantity"": true}], ""next_steps"": {""buyer_next_steps"": [""To wait for a call back from the other party with details""], ""seller_next_steps"": [""To call the other party back with pricing and availability information""]}, ""buyer_details"": {""buyer_name"": ""1c22215807202916fc73d7e56f44723d789ede3844ba5b677f1447f5f6f8e33e""}, ""seller_details"": {}}"
1638095,1654871,33349001,29938,1970-01-01 00:00:00.000,"{""lead_tag"": {""deal_blockers"": [], ""deal_readiness"": ""Cold"", ""deal_readiness_reason"": ""Very brief interaction with no specific volume or timeline discussed yet.""}, ""metadata"": {""call_type"": {""type"": ""B2B"", ""reason"": ""The buyer is inquiring about material supply ('maal chahiye'), which typically indicates commercial or B2B intent, though details are sparse."", ""evidence"": {""keywords"": [""Maal chahiye""]}}, ""buyer_intent"": {""narrative"": ""Buyer is looking for POP (Plaster of Paris) and waiting for a call back."", ""reasoning"": ""The buyer explicitly mentioned needing the material and was asking when the seller would call."", ""intent_level"": ""Medium""}, ""call_outcome"": {""category"": ""Follow-up"", ""conclusion_notes"": ""The seller promised to call back shortly (Phone kar raha hoon).""}, ""call_purpose"": ""requirement"", ""all_languages"": [""Hindi""], ""primary_language"": ""Hindi"", ""additional_details"": {""buyer_queries"": [{""query"": ""When will you call me?"", ""category"": ""Other"", ""sequence"": 1}], ""seller_queries"": []}}, ""products"": [{""product_name"": ""Plaster of Paris (POP)"", ""specifications"": [], ""is_buyer_interested"": true}], ""next_steps"": {""buyer_next_steps"": [], ""seller_next_steps"": [""To call the customer back as promised""]}, ""buyer_details"": {""buyer_name"": ""1c22215807202916fc73d7e56f44723d789ede3844ba5b677f1447f5f6f8e33e""}, ""seller_details"": {}}"
1661551,1678326,25697888,32848,1970-01-01 00:00:00.000,"{""callback"": ""callback by Tomorrow evening - To share rates and details (Call pe rate details bhej dunga kal)"", ""lead_tag"": {""deal_blockers"": [], ""deal_readiness"": ""Warm"", ""deal_readiness_reason"": ""The buyer has a re-selling business in Agra and is interested in D-Cut and Loop Handle bags.""}, ""metadata"": {""call_type"": {""type"": ""B2B"", ""reason"": ""The buyer mentioned having a reselling business and requirement for bulk items like D-Cut and Loop Handle bags regularly."", ""evidence"": {""keywords"": [""Reselling Work"", ""D-Cut"", ""Loop Handle""], ""order_type"": {""order_type_category"": ""commercial""}, ""repeat_buyer"": true, ""buyer_persona"": {""persona_detail"": ""Reseller"", ""persona_category"": ""wholesaler""}, ""quantity_scale"": ""High""}}, ""buyer_intent"": {""narrative"": ""Wants D-Cut and Loop Handle non-woven bags for his reselling business in Agra."", ""reasoning"": ""The buyer has a specific reselling business and is asking for specific types of bags like D-cut and Loop Handle, showing clear business intent."", ""intent_level"": ""High""}, ""call_outcome"": {""category"": ""Follow-up"", ""conclusion_notes"": ""The seller will share rates and details on WhatsApp for further discussion (WhatsApp pe details bhej dunga fir baat karte hain).""}, ""call_purpose"": ""requirement"", ""all_languages"": [""Hindi"", ""English""], ""primary_language"": ""Hindi"", ""additional_details"": {""buyer_queries"": [{""query"": ""What is the price of the non-woven fabric roll?"", ""category"": ""Pricing"", ""sequence"": 1}], ""seller_queries"": [{""query"": ""How much quantity is required?"", ""category"": ""Quantity"", ""sequence"": 2}, {""query"": ""Where is the delivery location required?"", ""category"": ""Delivery"", ""sequence"": 3}]}, ""intended_application"": ""Retail Resale""}, ""products"": [{""in_stock"": ""in stock"", ""product_name"": ""Non-Woven Fabric Roll"", ""specifications"": [{""name"": ""Product Type"", ""value"": ""Roll"", ""buyer_requested"": false, ""seller_mentioned"": true}], ""is_buyer_interested"": true, ""most_specific_category"": {""name"": ""Non Woven Fabric Bag"", ""reason"": ""The seller mentioned dealing in raw material rolls for non-woven bags.""}}, {""in_stock"": ""in stock"", ""product_name"": ""D-Cut Bag"", ""specifications"": [{""name"": ""Type"", ""value"": ""D-Cut"", ""buyer_requested"": true, ""seller_mentioned"": false}], ""is_buyer_interested"": true, ""most_specific_category"": {""name"": ""D-Cut Non Woven Bags"", ""reason"": ""The buyer explicitly asked for D-cut bags for his reselling business.""}}, {""in_stock"": ""in stock"", ""product_name"": ""Loop Handle bag"", ""specifications"": [{""name"": ""Type"", ""value"": ""Loop Handle"", ""buyer_requested"": true, ""seller_mentioned"": false}], ""is_buyer_interested"": true, ""most_specific_category"": {""name"": ""Loop Handle Non Woven Bag"", ""reason"": ""The buyer explicitly requested Loop handle bags.""}}], ""next_steps"": {""buyer_next_steps"": [""To share visiting card on WhatsApp"", ""To send a Hi message on WhatsApp""], ""seller_next_steps"": [""To share rates and details on WhatsApp"", ""To call back to finalize the order""]}, ""buyer_details"": {""buyer_name"": ""265719f4e7ee032fe4a0c5ed5735a0530545e4f35c8648155dc5450330327e2a""}, ""seller_details"": {""seller_name"": ""fd60e9a01ba7409dca2fc97abdc69d92877b85d90307c0b0982397355ed32ff5"", ""seller_location"": {""seller_city"": ""Agra""}}}"
2977570,2994391,33349001,34485,1970-01-01 00:00:00.000,"{""lead_tag"": {""deal_blockers"": [{""detail"": ""Long distance between Rajasthan and Jammu & Kashmir might cause logistics issues."", ""category"": ""Location""}], ""deal_readiness"": ""Warm"", ""deal_readiness_reason"": ""Buyer is actively inquiring for current stock needs and agreed to receive details via WhatsApp.""}, ""metadata"": {""call_type"": {""type"": ""B2B"", ""reason"": ""The buyer is an established seller of building materials looking to restock from a new supplier."", ""evidence"": {""order_type"": [""commercial""], ""repeat_buyer"": true, ""quantity_scale"": ""High""}}, ""buyer_intent"": {""narrative"": ""Wants to source Plaster of Paris from Rajasthan due to local mining closures in Jammu."", ""reasoning"": ""Buyer is an existing seller looking for specific stock and mentioned mining issues in his area."", ""intent_level"": ""High""}, ""call_outcome"": {""category"": ""Follow-up"", ""conclusion_notes"": ""Seller will share rates via WhatsApp (WhatsApp pe karta hoon).""}, ""call_purpose"": ""requirement"", ""all_languages"": [""Hindi"", ""English""], ""primary_language"": ""Hindi"", ""additional_details"": {""buyer_queries"": [{""query"": ""Do you have POP (Plaster of Paris) available?"", ""category"": ""Availability"", ""sequence"": 1}, {""query"": ""What is the rate for Plaster of Paris?"", ""category"": ""Pricing"", ""sequence"": 3, ""answer_by_seller"": ""The seller mentioned he is a seller himself and will share the rates on WhatsApp.""}], ""seller_queries"": [{""query"": ""Where are you calling from?"", ""category"": ""Location"", ""sequence"": 2, ""answer_by_buyer"": ""Leh, Ladakh in Jammu & Kashmir.""}]}}, ""products"": [{""in_stock"": ""in stock"", ""product_name"": ""Plaster of Paris (POP)"", ""related_categories"": [{""name"": ""Building Materials"", ""reason"": ""Plaster of Paris is a fundamental material used in building and construction.""}, {""name"": ""Gypsum Powder"", ""reason"": ""POP is derived from gypsum and often categorized under gypsum-based powders.""}], ""is_buyer_interested"": true, ""most_specific_category"": {""name"": ""Plaster Of Paris"", ""reason"": ""The buyer explicitly asked for POP and the seller confirmed dealing in it.""}}], ""next_steps"": {""buyer_next_steps"": [""To check rates once received on WhatsApp.""], ""seller_next_steps"": [""To share product rates on WhatsApp.""]}, ""buyer_details"": {""buyer_name"": ""e051d8db330bc3f1fb41989867c066fff38bcc868b098dd043141e781dfc01a5"", ""buyer_location"": {""buyer_city"": ""Leh"", ""buyer_state"": ""Jammu & Kashmir""}}, ""seller_details"": {""seller_location"": {""seller_city"": ""Barmer"", ""seller_state"": ""Rajasthan""}}}"
2988155,3004977,32175826,30613,1970-01-01 00:00:00.000,"{""payment"": {""payment_mode"": ""bank transfer"", ""payment_details"": ""100% advance before dispatch.""}, ""callback"": "","", ""lead_tag"": {""deal_blockers"": [], ""deal_readiness"": ""Warm"", ""deal_readiness_reason"": ""The buyer is inquiring for a bulk quantity but says he will think and let the seller know.""}, ""metadata"": {""call_type"": {""type"": ""B2B"", ""reason"": ""The buyer is considering a purchase of more than 1000 pieces for his retail business which shows it is B2B."", ""evidence"": {""keywords"": [""Wholesale Inquiry"", ""Bulk Requirement""], ""order_type"": [""bulk""], ""repeat_buyer"": true, ""buyer_persona"": {""persona_category"": ""retailer""}, ""quantity_scale"": ""High""}}, ""buyer_intent"": {""narrative"": ""The buyer wants more than 1000 pieces of 9-watt LED bulbs for his business in Mirzapur."", ""reasoning"": ""The buyer has a specific quantity and city location."", ""intent_level"": ""High""}, ""call_outcome"": {""category"": ""Follow-up"", ""conclusion_notes"": ""The buyer says he will think and then tell. (soch ke batate hai)""}, ""call_purpose"": ""requirement"", ""all_languages"": [""Hindi"", ""English""], ""primary_language"": ""Hindi"", ""additional_details"": {""buyer_queries"": [{""query"": ""What will be the price for a quantity of 1000 pieces?"", ""category"": ""Pricing"", ""sequence"": 1, ""answer_by_seller"": ""It will be 26 rupees per piece.""}, {""query"": ""How will it be delivered?"", ""category"": ""Delivery"", ""sequence"": 2, ""answer_by_seller"": ""It will be delivered by transport.""}, {""query"": ""What would be the delivery charges?"", ""category"": ""Delivery"", ""sequence"": 3, ""answer_by_seller"": ""Will have to check it with the pin code but roughly it should be around 500-600 rupees.""}, {""query"": ""What about the payment schedule?"", ""category"": ""Credit"", ""sequence"": 4, ""answer_by_seller"": ""It is to be made 100% advance before the dispatch.""}], ""seller_queries"": [{""query"": ""What is the required quantity?"", ""category"": ""Quantity"", ""sequence"": 1, ""answer_by_buyer"": ""Quantity can be more than 1000 pieces as well.""}, {""query"": ""Is it a ready product with a box?"", ""category"": ""Specifications"", ""sequence"": 2, ""answer_by_buyer"": ""Yes, a 9-watt LED bulb.""}, {""query"": ""What is your location?"", ""category"": ""Location"", ""sequence"": 3, ""answer_by_buyer"": ""My location is Mirzapur, UP.""}]}, ""intended_application"": ""Retail Resale""}, ""products"": [{""price"": {""gst"": {""is_gst_included"": false}, ""value"": 26, ""currency"": ""INR"", ""price_unit"": ""piece"", ""delivery_charge"": {""value"": 500, ""details"": ""Roughly 500-600 rupees but need a pin code for exact amount."", ""currency"": ""INR"", ""is_delivery_charge_included"": false}, ""negotiation_notes"": ""The buyer asks for a discount but the seller says the price given is already very low."", ""buyer_price_reaction"": {""quote"": ""Can I get some discount?"", ""category"": ""Negotiating""}}, ""in_stock"": ""in stock"", ""product_name"": ""9 watt LED bulb"", ""specifications"": [{""name"": ""Wattage"", ""unit"": ""watt"", ""value"": ""9"", ""buyer_requested"": true, ""seller_mentioned"": true}, {""name"": ""Warranty"", ""unit"": ""year"", ""value"": ""1"", ""buyer_requested"": false, ""seller_mentioned"": true}], ""quantity_required"": {""unit"": ""pieces"", ""value"": 1000}, ""related_categories"": [{""name"": ""LED Lights"", ""reason"": ""LED bulbs are a common type of LED light.""}], ""is_buyer_interested"": true, ""minimum_order_quantity"": {""unit"": ""pieces"", ""value"": 1000}, ""most_specific_category"": {""name"": ""LED Bulb"", ""reason"": ""The buyer specifically asks for a 9-watt LED bulb.""}, ""seller_accepts_quantity"": true}], ""next_steps"": {""buyer_next_steps"": [""To decide whether to proceed with the purchase and then call back.""], ""seller_next_steps"": [""To follow up with the buyer if no response is received.""]}, ""buyer_details"": {""buyer_location"": {""buyer_city"": ""Mirzapur"", ""buyer_state"": ""UP""}}, ""seller_details"": {}}"
3311352,3328182,13294116,184838,1970-01-01 00:00:00.000,"{""payment"": {}, ""callback"": ""callback by Tomorrow 5 PM - To finalize (Kal 5 baje call karta hoon)"", ""lead_tag"": {""deal_blockers"": [], ""deal_readiness"": ""Hot"", ""deal_readiness_reason"": ""Buyer is interested in 500 pieces and requested photos to finalize the order immediately.""}, ""metadata"": {""call_type"": {""type"": ""B2B"", ""reason"": ""The buyer is inquiring about a bulk quantity of 500 pieces for commercial use, which is typical of a B2B transaction."", ""evidence"": {""keywords"": [""Bulk Order"", ""Retail Shop"", ""GST Included""], ""order_type"": [""bulk"", ""commercial""], ""repeat_buyer"": false, ""buyer_persona"": {""persona_category"": ""retailer""}, ""quantity_scale"": ""High""}}, ""buyer_intent"": {""narrative"": ""Buyer wants 500 units of Filter Taps and is comparing Dolphin and Kent models."", ""reasoning"": ""Buyer stated a specific bulk quantity (500 pcs) and asked for photos to proceed with the purchase."", ""intent_level"": ""High""}, ""call_outcome"": {""category"": ""Follow-up"", ""conclusion_notes"": ""Seller will share photos on WhatsApp and buyer will confirm after seeing them (WhatsApp pe hi karo photos bhejta hoon).""}, ""call_purpose"": ""requirement"", ""all_languages"": [""Hindi"", ""English""], ""primary_language"": ""Hindi"", ""additional_details"": {""buyer_queries"": [{""query"": ""What is the price of Filter Taps?"", ""category"": ""Pricing"", ""sequence"": 1}, {""query"": ""Can you send photos of both Dolphin and Kent models?"", ""category"": ""Specifications"", ""sequence"": 4}], ""seller_queries"": [{""query"": ""How many pieces do you need?"", ""category"": ""Quantity"", ""sequence"": 2}, {""query"": ""Which model do you need, Dolphin or Kent?"", ""category"": ""Specifications"", ""sequence"": 3}]}}, ""products"": [{""price"": {""gst"": {""is_gst_included"": true}, ""value"": 8, ""currency"": ""INR"", ""price_unit"": ""piece""}, ""in_stock"": ""in stock"", ""product_name"": ""Dolphin Filter Tap"", ""specifications"": [{""name"": ""Model"", ""value"": ""Dolphin"", ""buyer_requested"": false, ""seller_mentioned"": true}], ""quantity_required"": {""unit"": ""pieces"", ""value"": 500}, ""related_categories"": [{""name"": ""Water Tap"", ""reason"": ""It is a specialized tap for water systems.""}, {""name"": ""Plastic Water Tap"", ""reason"": ""These filter taps are typically made of plastic.""}], ""is_buyer_interested"": true, ""most_specific_category"": {""name"": ""RO TAP"", ""reason"": ""The conversation explicitly mentions Filter Taps for RO models like Dolphin and Kent.""}, ""seller_accepts_quantity"": true}, {""price"": {""gst"": {""is_gst_included"": true}, ""value"": 10, ""currency"": ""INR"", ""price_unit"": ""piece""}, ""in_stock"": ""in stock"", ""product_name"": ""Kent Filter Tap"", ""specifications"": [{""name"": ""Model"", ""value"": ""Kent"", ""buyer_requested"": false, ""seller_mentioned"": true}], ""quantity_required"": {""unit"": ""pieces"", ""value"": 500}, ""related_categories"": [{""name"": ""Water Tap"", ""reason"": ""It is a specialized tap for water filtration units.""}], ""is_buyer_interested"": true, ""most_specific_category"": {""name"": ""RO TAP"", ""reason"": ""The seller mentions Kent model filter taps specifically.""}, ""seller_accepts_quantity"": true}], ""next_steps"": {""buyer_next_steps"": [""To send a Hi on WhatsApp to the seller's number"", ""To check product photos and confirm the order""], ""seller_next_steps"": [""To share photos of Dolphin and Kent model taps on WhatsApp""]}, ""buyer_details"": {""buyer_name"": ""47cedc44ff2bdccfbcb6572aac1481c74a642bd780ddcd75179bb0e11cf77485""}, ""seller_details"": {""seller_name"": ""7aa2219ecb5cf83efe172dcd094fa2d2d66eb8bc64831d2e0c743e92c9c6cef4""}}"
1687021,1703797,33349001,29938,1970-01-01 00:00:00.000,"{""lead_tag"": {""deal_blockers"": [{""detail"": ""Difference in local sourcing rates and transportation costs from seller's location."", ""category"": ""Price""}], ""deal_readiness"": ""Warm"", ""deal_readiness_reason"": ""Buyer has a high volume requirement and is actively comparing rates and negotiating.""}, ""metadata"": {""call_type"": {""type"": ""B2B"", ""reason"": ""The high quantity (500-1500 bags) and discussion of container load pricing clearly indicate a B2B transaction."", ""evidence"": {""keywords"": [""500 bags"", ""Container load"", ""Wholesale rates""], ""order_type"": {""order_type_category"": ""bulk""}, ""repeat_buyer"": false, ""buyer_persona"": {""persona_category"": ""retailer""}, ""quantity_scale"": ""High""}}, ""buyer_intent"": {""narrative"": ""Buyer wants 500 bags of Panna Sign Plaster of Paris for a project in Mumbai."", ""reasoning"": ""Discussed specific brand, quantity (500 bags), local pricing benchmarks, and requested contact details."", ""intent_level"": ""High""}, ""call_outcome"": {""category"": ""Follow-up"", ""conclusion_notes"": ""Buyer noted the seller's number and will call back. (Main call karta hoon)""}, ""call_purpose"": ""requirement"", ""all_languages"": [""Hindi"", ""English""], ""primary_language"": ""Hindi"", ""additional_details"": {""buyer_queries"": [], ""seller_queries"": [{""query"": ""Where exactly in Santacruz or Vile Parle is the delivery needed?"", ""category"": ""Delivery"", ""sequence"": 1}]}, ""intended_application"": ""Retail Resale""}, ""products"": [{""price"": {""value"": 200, ""currency"": ""INR"", ""price_unit"": ""bag"", ""delivery_charge"": {""details"": ""Tempo charges extra. (Bhada lagega tempo ka)"", ""is_delivery_charge_included"": false}, ""negotiation_notes"": ""Buyer claims a local rate of 210 while seller quotes 200 plus transportation."", ""buyer_price_reaction"": {""quote"": ""I get it for 210 here. (210 to yahan hi milta hai mere ko)"", ""category"": ""Negotiating""}}, ""in_stock"": ""in stock"", ""product_name"": ""Panna Sign Plaster of Paris"", ""specifications"": [{""name"": ""Brand"", ""value"": ""Panna Sign"", ""buyer_requested"": true, ""seller_mentioned"": true}], ""quantity_required"": {""unit"": ""bags"", ""value"": 500}, ""related_categories"": [{""name"": ""Gypsum Plaster"", ""reason"": ""Plaster of Paris is a dehydrated form of gypsum.""}], ""is_buyer_interested"": true, ""most_specific_category"": {""name"": ""Plaster Of Paris"", ""reason"": ""The buyer explicitly asks for 'Panna sign' brand and the discussion revolves around bags of POP for construction use.""}, ""seller_accepts_quantity"": true}, {""price"": {""value"": 185, ""currency"": ""INR"", ""price_unit"": ""bag""}, ""product_name"": ""Panna Sign Plaster of Paris (Container Load)"", ""specifications"": [{""name"": ""Load Type"", ""value"": ""Container"", ""buyer_requested"": false, ""seller_mentioned"": true}], ""quantity_required"": {""unit"": ""bags"", ""value"": 1500}, ""related_categories"": [{""name"": ""Gypsum Powder"", ""reason"": ""The bulk form of POP is often categorized under gypsum powder.""}], ""is_buyer_interested"": true, ""most_specific_category"": {""name"": ""Plaster Of Paris"", ""reason"": ""Seller mentions container load rates for the same material.""}, ""seller_accepts_quantity"": true}], ""next_steps"": {""buyer_next_steps"": [""To call the seller on the provided mobile number.""], ""seller_next_steps"": [""To share contact details and provide finalized quotes for 500 bags.""]}, ""buyer_details"": {""buyer_name"": ""1c22215807202916fc73d7e56f44723d789ede3844ba5b677f1447f5f6f8e33e"", ""buyer_location"": {""buyer_city"": ""Mumbai""}}, ""seller_details"": {""seller_location"": {""seller_city"": ""Barmer""}}}"
2824085,2840906,13294116,184838,1970-01-01 00:00:00.000,"{""payment"": {}, ""callback"": """", ""lead_tag"": {""deal_blockers"": [], ""deal_readiness"": ""Warm"", ""deal_readiness_reason"": ""The buyer inquired about specific product sizes and agreed to check the photos being sent by the seller.""}, ""metadata"": {""call_type"": {""type"": ""B2B"", ""reason"": ""The call involves a purchase inquiry for a specific industrial/commercial utility product (RO tap) from a supplier."", ""evidence"": {""keywords"": [""Plastic RO Tap"", ""2 Inch RO Tap""], ""order_type"": [""commercial""], ""repeat_buyer"": false, ""buyer_persona"": {""persona_category"": ""retailer""}, ""quantity_scale"": ""Low""}}, ""buyer_intent"": {""narrative"": ""The buyer is looking for 2-inch plastic RO taps and is interested in seeing product photos."", ""reasoning"": ""The buyer has a specific product and size requirement but is currently only at the stage of requesting product photos."", ""intent_level"": ""Medium""}, ""call_outcome"": {""category"": ""Follow-up"", ""conclusion_notes"": ""The seller shared her contact number and agreed to send product photos on WhatsApp (Photos bhejti hoon check kar lijiye).""}, ""call_purpose"": ""requirement"", ""all_languages"": [""Hindi"", ""English""], ""primary_language"": ""Hindi"", ""additional_details"": {""buyer_queries"": [{""query"": ""Do you have RO taps in plastic?"", ""category"": ""Availability"", ""sequence"": 1}, {""query"": ""Can I get it in 2-inch size?"", ""category"": ""Specifications"", ""sequence"": 2}], ""seller_queries"": [{""query"": ""What is your contact number so I can send the photos?"", ""category"": ""Other"", ""sequence"": 3}]}, ""intended_application"": ""RO Tap Replacement""}, ""products"": [{""in_stock"": ""in stock"", ""product_name"": ""Plastic RO Tap (RO Top)"", ""specifications"": [{""name"": ""Material"", ""value"": ""Plastic"", ""buyer_requested"": true, ""seller_mentioned"": true}, {""name"": ""Size"", ""unit"": ""inch"", ""value"": ""2"", ""buyer_requested"": true, ""seller_mentioned"": false}], ""related_categories"": [{""name"": ""Plastic Water Tap"", ""reason"": ""The product is confirmed to be made of plastic.""}, {""name"": ""Water Purifier Spare Parts"", ""reason"": ""RO taps are common spare parts for water purification systems.""}], ""is_buyer_interested"": true, ""most_specific_category"": {""name"": ""RO TAP"", ""reason"": ""The buyer explicitly asked for RO taps (RO Tap) during the call.""}}], ""next_steps"": {""buyer_next_steps"": [""To message the seller on WhatsApp to receive product photos"", ""To confirm if the design is suitable after checking photos""], ""seller_next_steps"": [""To share product photos of 2-inch plastic RO taps on WhatsApp""]}, ""buyer_details"": {""buyer_mobile_number"": ""0f3518e308bbfe0c01618a66e7b0e2dde839ed4afbd3c8d08574058776575efb""}, ""seller_details"": {""seller_mobile_number"": ""53c03fdbae4f17396d8914261a2bbbb7abe9bd52edda3ad6def9c731cde73807""}}"
1714467,1731240,13294116,184838,1970-01-01 00:00:00.000,"{""callback"": ""callback by Monday - To confirm stock (Phir bhi main Monday ko aapko call karke bata doongi)"", ""lead_tag"": {""deal_blockers"": [], ""deal_readiness"": ""Warm"", ""deal_readiness_reason"": ""The buyer is inquiring for specific models and checking catalogs before ordering.""}, ""metadata"": {""call_type"": {""type"": ""B2B"", ""reason"": ""The buyer is from Assam and is in search of a supplier for multiple types of RO taps for potential stock and resale."", ""evidence"": {""keywords"": [""Sample Details"", ""Bulk Prices"", ""Different Models""], ""order_type"": {""order_type_category"": ""commercial""}, ""repeat_buyer"": true, ""buyer_persona"": {""persona_category"": ""retailer""}}}, ""buyer_intent"": {""narrative"": ""Wants to purchase RO filter taps, specifically interested in Matka, Kent, and Dolphin models."", ""reasoning"": ""The buyer specifically called from Assam to find a supplier for multiple types of RO taps and requested a price list."", ""intent_level"": ""High""}, ""call_outcome"": {""category"": ""Pending"", ""conclusion_notes"": ""Buyer requested high-quality images and rates on WhatsApp. (Pehle photo aur rate WhatsApp kijiye)""}, ""call_purpose"": ""requirement"", ""all_languages"": [""Hindi"", ""English""], ""primary_language"": ""Hindi"", ""additional_details"": {""buyer_queries"": [{""query"": ""Do you have RO filter taps?"", ""category"": ""Specifications"", ""sequence"": 1}, {""query"": ""What are the rates of the filter taps?"", ""category"": ""Pricing"", ""sequence"": 3}], ""seller_queries"": [{""query"": ""Where are you calling from?"", ""category"": ""Delivery"", ""sequence"": 2}]}}, ""products"": [{""in_stock"": ""in stock"", ""product_name"": ""Matka Type RO Tap"", ""specifications"": [{""name"": ""Type"", ""value"": ""Matka"", ""buyer_requested"": true, ""seller_mentioned"": true}], ""related_categories"": [{""name"": ""Plastic Water Tap"", ""reason"": ""RO taps are often made of plastic materials like ABS or PP.""}, {""name"": ""Domestic RO Components"", ""reason"": ""Taps are an essential component of domestic RO systems.""}], ""is_buyer_interested"": true, ""most_specific_category"": {""name"": ""RO TAP"", ""reason"": ""The caller explicitly asked for 'RO filter tap' and mentioned various models like Matka and Kent.""}}, {""in_stock"": ""in stock"", ""product_name"": ""Kent Type RO Tap"", ""specifications"": [{""name"": ""Type"", ""value"": ""Kent"", ""buyer_requested"": false, ""seller_mentioned"": true}], ""related_categories"": [{""name"": ""Domestic RO Components"", ""reason"": ""Kent style taps are standard spare parts for domestic RO purifiers.""}], ""is_buyer_interested"": true, ""most_specific_category"": {""name"": ""RO TAP"", ""reason"": ""The seller explicitly mentioned Kent as one of the available models for the RO filter taps.""}}, {""in_stock"": ""in stock"", ""product_name"": ""Dolphin Type RO Tap"", ""specifications"": [{""name"": ""Type"", ""value"": ""Dolphin"", ""buyer_requested"": false, ""seller_mentioned"": true}], ""related_categories"": [{""name"": ""Water Purifier Spare Parts"", ""reason"": ""Commonly used as a replacement part for Dolphin model purifiers.""}], ""is_buyer_interested"": true, ""most_specific_category"": {""name"": ""RO TAP"", ""reason"": ""Dolphin is a popular design model for domestic RO water purifier taps.""}}], ""next_steps"": {""buyer_next_steps"": [""To share a 'Hi' on WhatsApp to receive the catalog""], ""seller_next_steps"": [""To share product photos and price list on WhatsApp""]}, ""buyer_details"": {""buyer_name"": ""f9c5127d1c8ce35f3ba65a94c7fe19a8486c1d61b50b17507785562514e29d90"", ""buyer_location"": {""buyer_state"": ""Assam""}}, ""seller_details"": {""seller_name"": ""45a545befc533aae351a8e66d3e03b8f90123fdc9aec694bb35d06a19d4a9ce6""}}"
3024155,3040978,33349001,29938,1970-01-01 00:00:00.000,"{""payment"": {}, ""callback"": ""callback by Tomorrow 5 PM - To finalize (Kal 5 baje call karta hoon)"", ""lead_tag"": {""deal_blockers"": [{""detail"": ""Seller has 20-25 ton MOQ while buyer needs 10 tons"", ""category"": ""MOQ""}], ""deal_readiness"": ""Warm"", ""deal_readiness_reason"": ""Buyer expressed genuine interest and requested pricing but needs to reconsider the higher MOQ requirement.""}, ""metadata"": {""call_type"": {""type"": ""B2B"", ""reason"": ""Buyer is looking for large quantities of industrial plastering material for a project in Solapur."", ""evidence"": {""keywords"": [""Internal Plaster"", ""10 ton"", ""Project Use""], ""order_type"": [""bulk"", ""commercial""], ""repeat_buyer"": false, ""buyer_persona"": {""persona_detail"": ""Plastering Contractor"", ""persona_category"": ""contractor""}, ""quantity_scale"": ""High""}}, ""buyer_intent"": {""narrative"": ""Wants 10 tons of Gypsum Terrafine for internal plastering in Solapur."", ""reasoning"": ""Buyer specifies a particular brand (Terrafine), quantity (10 tons), and intended application (internal plaster) which shows high intent."", ""intent_level"": ""High""}, ""call_outcome"": {""category"": ""Follow-up"", ""conclusion_notes"": ""Buyer will call back after considering the 20-25 ton MOQ requirement (Phone karta hoon aapko).""}, ""call_purpose"": ""requirement"", ""all_languages"": [""Marathi"", ""Hindi"", ""English""], ""primary_language"": ""Marathi"", ""additional_details"": {""buyer_queries"": [{""query"": ""Do you have Gypsum Terrafine?"", ""category"": ""Availability"", ""sequence"": 1, ""answer_by_seller"": ""Yes, I have it in stock.""}, {""query"": ""I need 10 tons of material in Solapur, Maharashtra."", ""category"": ""Quantity"", ""sequence"": 2, ""answer_by_seller"": ""I have white Panna Shine available, but the minimum order quantity is 20-25 tons.""}, {""query"": ""What is the rate per bag?"", ""category"": ""Pricing"", ""sequence"": 3, ""answer_by_seller"": ""It comes in 20kg bags and will cost 150 rupees per bag plus shipping charges.""}], ""seller_queries"": [{""query"": ""Where do you need the material?"", ""category"": ""Location"", ""sequence"": 4}]}, ""intended_application"": ""Internal Plastering""}, ""products"": [{""price"": {""value"": 150, ""currency"": ""INR"", ""price_unit"": ""20 kg bag"", ""delivery_charge"": {""details"": ""Transportation extra"", ""currency"": ""INR"", ""is_delivery_charge_included"": false}, ""buyer_price_reaction"": {""quote"": ""Theek hai"", ""category"": ""Accepted""}}, ""in_stock"": ""in stock"", ""product_name"": ""Gypsum Terrafine (Gypsum Plaster)"", ""specifications"": [{""name"": ""Brand"", ""value"": ""Terrafine"", ""buyer_requested"": true, ""seller_mentioned"": true}, {""name"": ""Color"", ""value"": ""White"", ""buyer_requested"": false, ""seller_mentioned"": true}, {""name"": ""Packaging Size"", ""unit"": ""kg"", ""value"": ""20"", ""buyer_requested"": false, ""seller_mentioned"": true}, {""name"": ""Product Grade"", ""value"": ""Panna Shine"", ""buyer_requested"": false, ""seller_mentioned"": true}], ""quantity_required"": {""unit"": ""tonnes"", ""value"": 10}, ""related_categories"": [{""name"": ""Gypsum Stucco Plaster"", ""reason"": ""Used for internal wall finishings.""}, {""name"": ""Plaster Of Paris"", ""reason"": ""Often used interchangeably or as a base material in construction.""}], ""is_buyer_interested"": true, ""minimum_order_quantity"": {""unit"": ""tonnes"", ""value"": 20}, ""most_specific_category"": {""name"": ""Gypsum Plaster"", ""reason"": ""Product is specifically identified as gypsum plaster for internal wall application.""}, ""seller_accepts_quantity"": false}], ""next_steps"": {""buyer_next_steps"": [""To call back and confirm order quantity"", ""To confirm if 20-25 tons can be accommodated""], ""seller_next_steps"": [""To provide a final quote including freight charges if requested.""]}, ""buyer_details"": {""buyer_name"": ""22b91144cd86ad7f21f30e005010d6ef3c1833cd93397952a1b8d5e4ec6e5d43"", ""buyer_location"": {""buyer_city"": ""Solapur"", ""buyer_state"": ""Maharashtra""}}, ""seller_details"": {""seller_location"": {""seller_city"": ""Barmer"", ""seller_state"": ""Rajasthan""}}}"
2017743,2034528,5753697,148115,1970-01-01 00:00:00.000,"{""lead_tag"": {""deal_blockers"": [{""detail"": ""Seller mentioned 300 MOQ for die casting while requester needs 50-100 units."", ""category"": ""MOQ""}], ""deal_readiness"": ""Warm"", ""deal_readiness_reason"": ""Evaluating price and technology options, shared contact to send specific design photos for quote.""}, ""metadata"": {""call_type"": {""type"": ""B2C"", ""reason"": ""The buyer is inquiring about a specific quantity of medals for a potential order, mentioning 50-100 units which is low-scale bulk."", ""evidence"": {""order_type"": {""order_type_category"": ""bulk""}, ""buyer_persona"": {""persona_category"": ""end_consumer""}, ""quantity_scale"": ""Low""}}, ""buyer_intent"": {""narrative"": ""Seeking metal medals using die casting or engraving for 50-100 units based on a specific design."", ""reasoning"": ""Provided specific quantities, asked about manufacturing technologies, and agreed to send design samples immediately."", ""intent_level"": ""High""}, ""call_outcome"": {""category"": ""Follow-up"", ""conclusion_notes"": ""Agreed to continue discussion on WhatsApp after sharing design photos (Whatsapp pe bhejta hoon).""}, ""call_purpose"": ""requirement"", ""all_languages"": [""Tamil"", ""English""], ""primary_language"": ""Tamil"", ""additional_details"": {""buyer_queries"": [{""query"": ""Is it die casting or what technology do you use for metal medals?"", ""category"": ""Specifications"", ""sequence"": 1}, {""query"": ""What will be the price per piece for a 300 piece order?"", ""category"": ""Pricing"", ""sequence"": 3}], ""seller_queries"": [{""query"": ""How much quantity do you need?"", ""category"": ""Quantity"", ""sequence"": 2}]}, ""intended_application"": ""Custom Awards""}, ""products"": [{""price"": {""value"": 30, ""price_unit"": ""piece""}, ""product_name"": ""Die Casting Medals"", ""specifications"": [{""name"": ""Technology"", ""value"": ""Die Casting"", ""buyer_requested"": true, ""seller_mentioned"": true}, {""name"": ""Material"", ""value"": ""Metal"", ""buyer_requested"": false, ""seller_mentioned"": true}], ""quantity_required"": {""unit"": ""pieces"", ""value"": 50}, ""related_categories"": [{""name"": ""Custom Medal"", ""reason"": ""Buyer asked if any design could be made, and seller confirmed it is possible, indicating customization.""}, {""name"": ""Medals"", ""reason"": ""General category for the product discussed.""}], ""is_buyer_interested"": true, ""minimum_order_quantity"": {""unit"": ""Quantity"", ""value"": 300}, ""most_specific_category"": {""name"": ""Die Medals"", ""reason"": ""The seller explicitly confirms manufacturing medals using 'Die Casting' technology as discussed in the call.""}, ""seller_accepts_quantity"": true}, {""product_name"": ""Ready-made Medals"", ""specifications"": [{""name"": ""Finishing"", ""value"": ""Quality Stickering"", ""buyer_requested"": false, ""seller_mentioned"": true}], ""related_categories"": [{""name"": ""Medals"", ""reason"": ""General category for medal products.""}], ""is_buyer_interested"": true, ""most_specific_category"": {""name"": ""Promotional Medal"", ""reason"": ""Seller suggests 'ready-made medals' with high-quality 'stickering' as an alternative for lower quantities.""}}], ""next_steps"": {""buyer_next_steps"": [""To send photos and measurements of the required design on WhatsApp.""], ""seller_next_steps"": [""To reply with a quote after checking the design photos provided by the other party.""]}, ""buyer_details"": {""buyer_name"": ""b52c75123406063a2abf0a89cc0c554a182388cb5545d37c6da9313aa539d93b""}, ""seller_details"": {""seller_name"": ""464167ad1996eb8a464c3725652b99fbec53b6b7df5f48b326c08ba1f500d4c7""}}"
2847556,2864376,25697888,32848,1970-01-01 00:00:00.000,"{""payment"": {}, ""callback"": ""callback by Tomorrow 10 AM - To discuss more details (Kal 10 baje call karta hoon)"", ""lead_tag"": {""deal_blockers"": [{""detail"": ""Seller has high MOQ of 1 ton"", ""category"": ""MOQ""}], ""deal_readiness"": ""Warm"", ""deal_readiness_reason"": ""Buyer is interested in reselling and agreed to next steps but currently has lower volume requirement than stated MOQ.""}, ""metadata"": {""call_type"": {""type"": ""B2B"", ""reason"": ""Buyer is looking for products to resale and mentioned recurring requirements and bulk quantities."", ""evidence"": {""keywords"": [""Reselling"", ""Factory"", ""Bulk Order""], ""order_type"": [""bulk"", ""commercial"", ""recurring""], ""repeat_buyer"": true, ""buyer_persona"": {""persona_detail"": ""Wants for reselling"", ""persona_category"": ""retailer""}, ""quantity_scale"": ""High""}}, ""buyer_intent"": {""narrative"": ""Wants non-woven carry bags for reselling purpose in Agra."", ""reasoning"": ""Buyer is looking for specific products for resale but current requirement is in the range of 5000-10000 pieces which is lower than seller's MOQ."", ""intent_level"": ""Medium""}, ""call_outcome"": {""category"": ""Follow-up"", ""conclusion_notes"": ""Buyer will connect later and check for bulk volume requirement (Location bhej do mai check karta hoon)""}, ""call_purpose"": ""requirement"", ""all_languages"": [""Hindi"", ""English""], ""primary_language"": ""Hindi"", ""additional_details"": {""buyer_queries"": [{""query"": ""Where is your office in Agra?"", ""category"": ""Location"", ""sequence"": 1}, {""query"": ""Do you sell by weight or by piece?"", ""category"": ""Quantity"", ""sequence"": 2}, {""query"": ""What is the price for 1 kg or 5 kg?"", ""category"": ""Pricing"", ""sequence"": 3}], ""seller_queries"": [{""query"": ""Do you need bags or fabric?"", ""category"": ""Specifications"", ""sequence"": 2}, {""query"": ""How much quantity do you need?"", ""category"": ""Quantity"", ""sequence"": 3}]}, ""intended_application"": ""Retail Resale""}, ""products"": [{""in_stock"": ""in stock"", ""product_name"": ""Non-Woven Bags (Carry Bag)"", ""specifications"": [{""name"": ""Type"", ""value"": ""Carry Bag"", ""buyer_requested"": false, ""seller_mentioned"": true}], ""quantity_required"": {""unit"": ""pieces"", ""value"": 5000}, ""related_categories"": [{""name"": ""Non Woven Carrier Bag"", ""reason"": ""These are non-woven bags used for carrying items.""}, {""name"": ""Non Woven Fabric Bag"", ""reason"": ""Made from non-woven fabric material.""}], ""is_buyer_interested"": true, ""minimum_order_quantity"": {""unit"": ""kg"", ""value"": 1000}, ""most_specific_category"": {""name"": ""Non Woven Bag"", ""reason"": ""The buyer specifically asked for non-woven bags for carry purposes.""}, ""seller_accepts_quantity"": false}], ""next_steps"": {""buyer_next_steps"": [""To share requirement details on WhatsApp"", ""To visit factory if needed""], ""seller_next_steps"": [""To share location on WhatsApp"", ""To share product details and pricing for bulk orders""]}, ""buyer_details"": {""buyer_name"": ""640237a9fdf94af8a5a77311ba152d3311bd6f41a24bc92a036a778464263e18""}, ""seller_details"": {""seller_name"": ""44104fcaef8476724152090d6d7bd9afa8ca5b385f6a99d3c6cf36b943b9872d"", ""seller_location"": {""seller_city"": ""Agra"", ""seller_locality"": ""Runakuta""}, ""seller_mobile_number"": ""83291ef64d74eb7b8b1998858925e573df5bdc74b69668bb9941ff26784e8b99""}}"
2849031,2865852,24257655,17204,1970-01-01 00:00:00.000,"{""payment"": {}, ""callback"": ""callback by Today afternoon - To share quotation (Aaj quote send krti hoon)"", ""lead_tag"": {""deal_blockers"": [], ""deal_readiness"": ""Warm"", ""deal_readiness_reason"": ""Interested in M36 nylock nuts and will share requirements for a quote today.""}, ""metadata"": {""call_type"": {""type"": ""B2B"", ""reason"": ""The buyer is inquiring about specific industrial fasteners like M36 nylock nuts and electrical components for business purposes."", ""evidence"": {""keywords"": [""Nut Bolt"", ""High Tensile"", ""SS MS Items"", ""Chawri Bazar""], ""order_type"": [""commercial""], ""buyer_persona"": {""persona_category"": ""retailer""}}}, ""buyer_intent"": {""narrative"": ""Wants M36 nylock nuts and electrical equipment for business requirement."", ""reasoning"": ""The buyer had specific technical requirements for M36 size and shared his contact for a quote."", ""intent_level"": ""High""}, ""call_outcome"": {""category"": ""Follow-up"", ""conclusion_notes"": ""Will share requirements for a quote (Requirement share karta hoon quote bhej dena)""}, ""call_purpose"": ""requirement"", ""all_languages"": [""Hindi"", ""English""], ""primary_language"": ""Hindi"", ""additional_details"": {""buyer_queries"": [{""query"": ""In which products do you deal?"", ""category"": ""Specifications"", ""sequence"": 1, ""answer_by_seller"": ""We deal in all items including Nut bolts like SS, MS, High Tensile and all other types.""}, {""query"": ""Do you have M36 nylock nuts available?"", ""category"": ""Availability"", ""sequence"": 2, ""answer_by_seller"": ""Yes, we have M36 lock nuts available.""}, {""query"": ""What is your company name and location?"", ""category"": ""Location"", ""sequence"": 3, ""answer_by_seller"": ""Our company name is Preeti Trading and we are based in Chawri Bazar, Delhi.""}], ""seller_queries"": [{""query"": ""What is your WhatsApp number?"", ""category"": ""Other"", ""sequence"": 4, ""answer_by_buyer"": ""8860516237""}]}, ""intended_application"": ""Industrial Use""}, ""products"": [{""price"": {}, ""in_stock"": ""in stock"", ""product_name"": ""M36 Nylock Nut (Chuck Nut)"", ""specifications"": [{""name"": ""Size"", ""value"": ""M36"", ""buyer_requested"": true, ""seller_mentioned"": true}, {""name"": ""Material"", ""value"": ""SS / MS / High Tensile"", ""buyer_requested"": false, ""seller_mentioned"": true}], ""related_categories"": [{""name"": ""Lock Nut"", ""reason"": ""Nylock nuts are a type of self-locking nut used as lock nuts.""}, {""name"": ""Stainless Steel Nut"", ""reason"": ""The seller mentioned dealing in SS and MS nut materials.""}], ""is_buyer_interested"": true, ""most_specific_category"": {""name"": ""Nylock Nut"", ""reason"": ""Explicitly discussed as M36 size nylock/lock nuts.""}}, {""price"": {}, ""product_name"": ""Electrical Equipment"", ""specifications"": [], ""related_categories"": [{""name"": ""Nuts Fasteners"", ""reason"": ""Buyer mentioned a combined requirement for nuts and electrical equipment.""}], ""is_buyer_interested"": true, ""most_specific_category"": {""name"": ""Nuts"", ""reason"": ""The buyer general requirement for electrical equipment and nuts was stated.""}}], ""next_steps"": {""buyer_next_steps"": [""To share requirement photos and details on WhatsApp""], ""seller_next_steps"": [""To share quotation today on WhatsApp""]}, ""buyer_details"": {""buyer_name"": ""70c7ee4093263e1f2f510438e2740361c62c722904e79c3b9bf9ea48e15c5756""}, ""seller_details"": {""seller_name"": ""bb2e2e33e0c704828580da2c4fa3d2204ca0e45e3cdb703ce0674296fc417df6"", ""seller_location"": {""seller_city"": ""Delhi"", ""seller_locality"": ""Chawri Bazar""}}}"
2851530,2868349,4627372,77975,1970-01-01 00:00:00.000,"{""callback"": ""callback by Tomorrow - To share catalog on WhatsApp after adding the seller (Kal batata hoon catalog de dena)"", ""lead_tag"": {""deal_blockers"": [], ""deal_readiness"": ""Warm"", ""deal_readiness_reason"": ""Buyer asked for a specific 36W LED driver and the seller shared a contact number for further details about the catalog and bulk order.""}, ""metadata"": {""call_type"": {""type"": ""B2B"", ""reason"": ""The buyer inquired about specific technical components (LED drivers) likely for manufacturing or repair business."", ""evidence"": {""keywords"": [""36 Watt"", ""LED Driver""], ""order_type"": [""commercial""], ""quantity_scale"": ""High""}}, ""buyer_intent"": {""narrative"": ""The buyer is looking for a 36W LED driver and requested contact details to follow up."", ""reasoning"": ""The buyer knew the specific wattage (36W) and was ready to note down a number for further business discussion."", ""intent_level"": ""High""}, ""call_outcome"": {""category"": ""Follow-up"", ""conclusion_notes"": ""The seller shared a contact number for the buyer to reach out for the product details (Number note down kijiye 99040002777).""}, ""call_purpose"": ""requirement"", ""all_languages"": [""Hindi"", ""English""], ""primary_language"": ""Hindi"", ""additional_details"": {""buyer_queries"": [{""query"": ""I need a 36-watt LED driver."", ""category"": ""Specifications"", ""sequence"": 1}], ""seller_queries"": []}, ""intended_application"": ""LED Lighting Manufacturing""}, ""products"": [{""in_stock"": ""in stock"", ""product_name"": ""LED Driver (Driver)"", ""specifications"": [{""name"": ""Wattage"", ""unit"": ""W"", ""value"": ""36"", ""buyer_requested"": true, ""seller_mentioned"": false}], ""related_categories"": [{""name"": ""LED Bulb Driver"", ""reason"": ""A 36W driver is commonly used for LED bulbs or panels.""}, {""name"": ""AC-DC LED Drivers"", ""reason"": ""Standard LED drivers are AC to DC converters.""}], ""is_buyer_interested"": true, ""most_specific_category"": {""name"": ""LED Driver"", ""reason"": ""The buyer specifically asked for an LED driver.""}}], ""next_steps"": {""buyer_next_steps"": [""To call the shared number for product catalog and pricing.""], ""seller_next_steps"": [""To provide product catalog and 36W LED driver details over the call/WhatsApp.""]}, ""buyer_details"": {""buyer_name"": ""2b98fb6954368ff3f28f3367b697c1ae3b3d1e69b82a5de92b58a5e40993bbe0""}, ""seller_details"": {""seller_mobile_number"": ""670490d067f8ed9c7e3b74cd859564ea051ebabe080deb82044e569d5336cba7""}}"
1460815,1477586,33349001,29938,1970-01-01 00:00:00.000,"{""lead_tag"": {""deal_blockers"": [{""detail"": ""Seller is in Barmer while buyer is in Thane; logistics issues lead to referral."", ""category"": ""Location""}], ""deal_readiness"": ""Warm"", ""deal_readiness_reason"": ""The buyer has a specific quantity but lives far from the seller's location, leading to a referral.""}, ""metadata"": {""call_type"": {""type"": ""B2B"", ""reason"": ""The buyer is asking for 150 bags of plaster, which is a bulk commercial quantity typically used by contractors or builders."", ""evidence"": {""keywords"": [""Wall Plaster"", ""150 bags""], ""order_type"": {""order_type_category"": ""commercial""}, ""buyer_persona"": {""persona_category"": ""contractor""}, ""quantity_scale"": ""High""}}, ""buyer_intent"": {""narrative"": ""Wants 150 bags of Gypsum Plaster for a project in Thane."", ""reasoning"": ""The buyer specified the brand (Gyp-X, Supreme) and an exact quantity of 150 bags."", ""intent_level"": ""High""}, ""call_outcome"": {""category"": ""Follow-up"", ""conclusion_notes"": ""Referral given for local purchase (Local se lena padega referral de diya).""}, ""call_purpose"": ""requirement"", ""all_languages"": [""Hindi"", ""English""], ""primary_language"": ""Hindi"", ""additional_details"": {""buyer_queries"": [{""query"": ""Is there a local number for someone in Thane?"", ""category"": ""Availability"", ""sequence"": 1}, {""query"": ""What is the rate for Panna Sign plaster?"", ""category"": ""Pricing"", ""sequence"": 2}], ""seller_queries"": [{""query"": ""What quantity do you need?"", ""category"": ""Quantity"", ""sequence"": 3}]}, ""intended_application"": ""Wall Plastering""}, ""products"": [{""product_name"": ""Panna Sign Gypsum Plaster (Gyp-X, Supreme)"", ""specifications"": [{""name"": ""Brand"", ""value"": ""Panna Sign"", ""buyer_requested"": true, ""seller_mentioned"": true}, {""name"": ""Type"", ""value"": ""Wall Plaster"", ""buyer_requested"": true, ""seller_mentioned"": false}], ""quantity_required"": {""unit"": ""bags"", ""value"": 150}, ""related_categories"": [{""name"": ""Gypsum Powder"", ""reason"": ""Gypsum plaster is a processed form of gypsum powder.""}, {""name"": ""Plaster Of Paris"", ""reason"": ""Plaster of Paris is often used interchangeably with white gypsum plasters in common parlance.""}], ""is_buyer_interested"": true, ""most_specific_category"": {""name"": ""Gypsum Plaster"", ""reason"": ""The buyer specifically requested 'Plaster' and mentioned 'Gyp-X' and 'Supreme', which are common brands for Gypsum plaster.""}, ""seller_accepts_quantity"": true}], ""next_steps"": {""buyer_next_steps"": [""To contact the referred seller (SK Plaster) in Thane for local availability.""], ""seller_next_steps"": [""To provide the contact number of the local dealer in Thane.""]}, ""buyer_details"": {""buyer_location"": {""buyer_city"": ""Thane""}}, ""seller_details"": {""seller_location"": {""seller_city"": ""Barmer""}}}"
1754181,1770960,11594699,80226,1970-01-01 00:00:00.000,"{""callback"": ""callback by Later today - When father returns (Tab mai baat karaunga)"", ""lead_tag"": {""deal_blockers"": [{""detail"": ""Primary seller was not available to discuss at the time of the call."", ""category"": ""Availability""}], ""deal_readiness"": ""Cold"", ""deal_readiness_reason"": ""The call was answered by a third party (child) and the primary seller was unavailable to discuss details.""}, ""metadata"": {""call_type"": {""type"": ""B2C"", ""reason"": ""The call is a preliminary inquiry about blouse prices normally associated with retail or wholesale garment trade, currently classification remains B2C due to low volume context."", ""evidence"": {""keywords"": [""Blouse Price""]}}, ""buyer_intent"": {""narrative"": ""Wants to know the price of a blouse but the seller was not available."", ""reasoning"": ""The buyer asked a single question about price and agreed to wait for the seller, showing basic interest but no technical depth or urgency yet."", ""intent_level"": ""Low""}, ""call_outcome"": {""category"": ""Follow-up"", ""conclusion_notes"": ""Seller was unavailable; person who answered suggested calling back later (Papa abhi nahi aaye hai)""}, ""call_purpose"": ""requirement"", ""all_languages"": [""Hindi"", ""English""], ""primary_language"": ""Hindi"", ""additional_details"": {""buyer_queries"": [{""query"": ""What is the price of this blouse?"", ""category"": ""Pricing"", ""sequence"": 1}, {""query"": ""When will the seller be available?"", ""category"": ""Availability"", ""sequence"": 2}], ""seller_queries"": []}}, ""products"": [{""product_name"": ""Blouse"", ""specifications"": [{""name"": ""Price"", ""value"": ""unspecified"", ""buyer_requested"": true, ""seller_mentioned"": false}], ""is_buyer_interested"": true, ""most_specific_category"": {""name"": ""Blouses"", ""reason"": ""The buyer specifically asks for the price of 'blouse'.""}}], ""next_steps"": {""buyer_next_steps"": [""To call back later when the primary seller is available""], ""seller_next_steps"": [""To have the primary person discuss pricing and details with the buyer upon return""]}, ""buyer_details"": {""buyer_mobile_number"": ""0c3373625bf0570966c10fa3749a98e02436a0814c07afee1156fc33f3e49aeb""}, ""seller_details"": {""seller_name"": ""973d7f9efc06ba81112bceb8205309ff0f49c303c28914a1dcf143d86a1b15b4"", ""seller_location"": {""seller_city"": ""Jaipur""}}}"
2039172,2055959,13294116,184838,1970-01-01 00:00:00.000,"{""callback"": ""callback by Today - To share the rate list (Rate share kar dijiye)"", ""lead_tag"": {""deal_blockers"": [], ""deal_readiness"": ""Warm"", ""deal_readiness_reason"": ""The buyer is inquiring for a specific RO tap and shared contact details for a pricing list.""}, ""metadata"": {""call_type"": {""type"": ""B2B"", ""reason"": ""The buyer is inquiring about RO components which are typically bought for commercial or refill purposes in bulk or business setups."", ""evidence"": {""keywords"": [""RO Tap"", ""Kent Type""], ""order_type"": {""order_type_category"": ""commercial""}, ""repeat_buyer"": true}}, ""buyer_intent"": {""narrative"": ""The buyer is looking for Kent-type RO taps for their requirement."", ""reasoning"": ""The buyer has a specific product in mind (Kent-type RO tap) and has explicitly asked for a price list, indicating a strong intent to purchase."", ""intent_level"": ""High""}, ""call_outcome"": {""category"": ""Follow-up"", ""conclusion_notes"": ""The seller shared a number for WhatsApp communication to provide a rate list (Rate share kar dijiye).""}, ""call_purpose"": ""requirement"", ""all_languages"": [""Hindi"", ""English""], ""primary_language"": ""Hindi"", ""additional_details"": {""buyer_queries"": [{""query"": ""Are RO taps of Kent type available?"", ""category"": ""Availability"", ""sequence"": 1}, {""query"": ""What is the rate for the RO tap?"", ""category"": ""Pricing"", ""sequence"": 3}], ""seller_queries"": [{""query"": ""What is your WhatsApp number?"", ""category"": ""Other"", ""sequence"": 2}]}}, ""products"": [{""price"": {""negotiation_notes"": ""The buyer requested the rate list to review and negotiate."", ""buyer_price_reaction"": {""quote"": ""Rate mujhe share kar dijiye"", ""category"": ""Negotiating""}}, ""in_stock"": ""in stock"", ""product_name"": ""RO Tap [Kent type]"", ""specifications"": [{""name"": ""Type"", ""value"": ""Kent type"", ""buyer_requested"": true, ""seller_mentioned"": true}], ""related_categories"": [{""name"": ""Water Tap"", ""reason"": ""RO taps are a specialized form of water taps.""}, {""name"": ""Plastic Water Tap"", ""reason"": ""Most RO dispenser taps are made of high-quality plastic materials like ABS.""}], ""is_buyer_interested"": true, ""most_specific_category"": {""name"": ""RO TAP"", ""reason"": ""The buyer specifically asked for 'RO Tap' and the seller confirmed they manufacture it.""}}], ""next_steps"": {""buyer_next_steps"": [""To share the visiting card on WhatsApp""], ""seller_next_steps"": [""To share the product rate list on the buyer's WhatsApp number""]}, ""buyer_details"": {""buyer_location"": {}, ""buyer_mobile_number"": ""cbe16be56c360569144af85cd1ab68bd2d79dc41d2478240158c8a3a393add32""}, ""seller_details"": {""seller_location"": {""seller_city"": ""Vadodara"", ""seller_state"": ""Gujarat""}, ""seller_mobile_number"": ""53c03fdbae4f17396d8914261a2bbbb7abe9bd52edda3ad6def9c731cde73807""}}"
2041929,2058716,26417633,102235,1970-01-01 00:00:00.000,"{""callback"": ""callback by Today - Seller to call back after driving (Main driving kar raha hoon... baad mein call kar lena)"", ""lead_tag"": {""deal_blockers"": [], ""deal_readiness"": ""Warm"", ""deal_readiness_reason"": ""The buyer expressed interest but requested a callback as the seller is currently driving.""}, ""metadata"": {""call_type"": {""type"": ""B2B"", ""reason"": ""The inquiry involves specialized machinery usually intended for commercial or industrial coir processing."", ""evidence"": {""order_type"": {""order_type_category"": ""commercial""}, ""buyer_persona"": {""persona_category"": ""end_consumer""}}}, ""buyer_intent"": {""narrative"": ""Wants to purchase Coco Peat machines and is located in New Delhi."", ""reasoning"": ""The buyer knows the specific machine type and reached out proactively, but the call was brief due to environmental noise."", ""intent_level"": ""Medium""}, ""call_outcome"": {""category"": ""Follow-up"", ""conclusion_notes"": ""Seller was driving and requested to call back later (Main driving kar raha hoon... phone kar lena).""}, ""call_purpose"": ""requirement"", ""all_languages"": [""Hindi"", ""English""], ""primary_language"": ""Hindi"", ""additional_details"": {""buyer_queries"": [], ""seller_queries"": [{""query"": ""Where are you calling from?"", ""category"": ""Delivery"", ""sequence"": 1}]}}, ""products"": [{""product_name"": ""Coco Peat machine"", ""specifications"": [], ""related_categories"": [{""name"": ""Coir Machinery"", ""reason"": ""Coco peat machines are a subset of broader coir processing equipment.""}], ""is_buyer_interested"": true, ""most_specific_category"": {""name"": ""Coco Peat Machine"", ""reason"": ""The buyer explicitly asked for 'Coco Peat machines' which is a specialized category of coir machinery.""}}], ""next_steps"": {""buyer_next_steps"": [], ""seller_next_steps"": [""To call back once finished driving.""]}, ""buyer_details"": {""buyer_name"": ""77e72e2160057d96f0fb511c60c505b6cd9771efaead98ab69da93d229ec3616"", ""buyer_location"": {""buyer_city"": ""New Delhi""}}, ""seller_details"": {""seller_name"": ""14e2690a36b1e3ae7f56eb3160fff17e1fd27927d6e5429a73c891fa22f870c0""}}"
1767799,1784579,3415805,36535,1970-01-01 00:00:00.000,"{""lead_tag"": {""deal_blockers"": [{""detail"": ""Severe language barrier; buyer speaks Hindi/Kannada, seller speaks English/Tamil."", ""category"": ""Other""}], ""deal_readiness"": ""Cold"", ""deal_readiness_reason"": ""Language barrier prevented any detailed discussion on specifications, price, or terms.""}, ""metadata"": {""call_type"": {""type"": ""B2C"", ""reason"": ""The call was a brief inquiry about PVC blinds, but no commercial or bulk details were discussed, suggesting a retail or personal inquiry."", ""evidence"": {""keywords"": [""PVC Blind""], ""buyer_persona"": {""persona_category"": ""end_consumer""}}}, ""buyer_intent"": {""narrative"": ""Wants to purchase PVC blinds but is located in Karnataka while the seller is in Chennai."", ""reasoning"": ""While the buyer has a specific product in mind, the conversation ended abruptly due to language differences and distance."", ""intent_level"": ""Low""}, ""call_outcome"": {""category"": ""Lost"", ""conclusion_notes"": ""Call ended due to language barrier as the seller did not know Hindi (Sir I don't know Hindi).""}, ""call_purpose"": ""requirement"", ""all_languages"": [""English"", ""Hindi"", ""Tamil""], ""primary_language"": ""English"", ""additional_details"": {""buyer_queries"": [{""query"": ""Do you have PVC blinds?"", ""category"": ""Availability"", ""sequence"": 1}], ""seller_queries"": [{""query"": ""What is your location?"", ""category"": ""Delivery"", ""sequence"": 2}]}}, ""products"": [{""product_name"": ""PVC Blind"", ""specifications"": [{""name"": ""Type"", ""value"": ""PVC"", ""buyer_requested"": true, ""seller_mentioned"": false}], ""is_buyer_interested"": true, ""most_specific_category"": {""name"": ""PVC Blind"", ""reason"": ""The buyer specifically mentions a requirement for 'PVC blind' at the start of the call.""}}], ""next_steps"": {""buyer_next_steps"": [], ""seller_next_steps"": []}, ""buyer_details"": {""buyer_name"": ""37dc550e214d21e3865a06976067bfffcbf8e6babbcccfa9fcb4836adc474914"", ""buyer_location"": {""buyer_city"": ""Athani"", ""buyer_state"": ""Karnataka""}, ""buyer_mobile_number"": ""66dda7500f9359ace909d6388616c766ebcebedd90fff93370d3f1c56fab7b9f""}, ""seller_details"": {""seller_name"": ""fd61ec02e763332c4bf506f69dced65d471b6530e13957b6f6a714df1237968b"", ""seller_location"": {""seller_city"": ""Chennai"", ""seller_state"": ""Tamil Nadu""}}}"
2048734,2065522,33349001,29938,1970-01-01 00:00:00.000,"{""callback"": """", ""lead_tag"": {""deal_blockers"": [{""detail"": ""Quantity requirement (20 bags) below seller's bulk shipment wholesale limit"", ""category"": ""MOQ""}], ""deal_readiness"": ""Cold"", ""deal_readiness_reason"": ""Low quantity requirement which the seller only caters to in bulk truck loads.""}, ""metadata"": {""call_type"": {""type"": ""B2C"", ""reason"": ""Buyer only needs 20 bags for a small project, which is a retail scale requirement."", ""evidence"": {""keywords"": [""Wall Putty"", ""JK Gypsum""], ""order_type"": {""order_type_category"": ""one-time""}, ""repeat_buyer"": false, ""buyer_persona"": {""persona_detail"": ""Homeowner or small contractor"", ""persona_category"": ""end_consumer""}, ""quantity_scale"": ""Low""}}, ""buyer_intent"": {""narrative"": ""Wants 20 bags of JK Gypsum for wall putty and ceiling work."", ""reasoning"": ""Knows the brand and application but requirement is very low for a bulk supplier."", ""intent_level"": ""Low""}, ""call_outcome"": {""category"": ""Lost"", ""conclusion_notes"": ""Seller refused small quantity and asked to buy locally (20 potthe udhar hee se lena padega...humara wholesale hai)""}, ""call_purpose"": ""requirement"", ""all_languages"": [""Hindi"", ""English""], ""primary_language"": ""Hindi"", ""additional_details"": {""buyer_queries"": [{""query"": ""Is JK Gypsum available for wall putty and ceiling?"", ""category"": ""Availability"", ""sequence"": 1}], ""seller_queries"": [{""query"": ""How many bags do you need?"", ""category"": ""Quantity"", ""sequence"": 2}]}, ""intended_application"": ""Wall Putty Ceiling""}, ""products"": [{""in_stock"": ""in stock"", ""product_name"": ""JK Gypsum (Gypsum Plaster)"", ""specifications"": [{""name"": ""Brand"", ""value"": ""JK"", ""buyer_requested"": false, ""seller_mentioned"": true}, {""name"": ""Application"", ""value"": ""Wall Putty and Ceiling"", ""buyer_requested"": false, ""seller_mentioned"": false}], ""quantity_required"": {""unit"": ""bags"", ""value"": 20}, ""related_categories"": [{""name"": ""Gypsum Powder"", ""reason"": ""Gypsum is often sold in powder form for construction use.""}, {""name"": ""Gypsum Ceiling Work"", ""reason"": ""Buyer specifically mentioned using it for ceiling work.""}], ""is_buyer_interested"": true, ""most_specific_category"": {""name"": ""Gypsum Plaster"", ""reason"": ""Product used for wall putty and ceiling applications as mentioned by the buyer.""}, ""seller_accepts_quantity"": false}], ""next_steps"": {""buyer_next_steps"": [""To look for JK Gypsum in the local Miraj market""], ""seller_next_steps"": []}, ""buyer_details"": {""buyer_name"": ""2a62d3e636cf9a4b6879790e54aac89bd4808f3f4517c2ad89b83de666391cee"", ""buyer_mobile_number"": ""e9d9259c2c0b969f84e2b567a6dd36f561335dbbae526064601cb1c4783c6c4f""}, ""seller_details"": {""seller_mobile_number"": ""e8b0b33b484716387d8cf04859a948373e474a1f2dc1be33495919e6d7a8b835""}}"
1055564,1069401,3415805,36535,1970-01-01 00:00:00.000,"{""payment"": {}, ""lead_tag"": {""deal_blockers"": [""Technical: False ceiling might not support standard installation""], ""deal_readiness"": ""Hot"", ""deal_readiness_reason"": ""The buyer has clear dimensions, shared site photos, and is asking for a quote to finalize by tomorrow.""}, ""metadata"": {""call_type"": {""type"": ""B2C"", ""reason"": ""The quantity is small (19 sq meters) and the discussion involves specific site conditions like false ceilings, typical of retail/home use."", ""evidence"": {""keywords"": [""False Ceiling"", ""19 sq meters"", ""Blackout Fabric""], ""order_type"": ""One-time"", ""repeat_buyer"": false, ""buyer_persona"": ""End Customer"", ""quantity_scale"": ""Low""}}, ""buyer_intent"": {""narrative"": ""Wants to purchase 19 sq meters of blackout roller blinds for a residential or commercial space in Chennai."", ""reasoning"": ""Buyer provided specific measurements, location, and site photos, showing high readiness to purchase."", ""intent_level"": ""High""}, ""call_purpose"": ""requirement"", ""all_languages"": [""Tamil"", ""English""], ""buyer_conclusion"": {""category"": ""Follow-up"", ""conclusion_notes"": ""Waiting for the seller to share the catalog and quote via WhatsApp (Quotation bhejiye affordable range mein).""}, ""primary_language"": ""Tamil"", ""additional_details"": {""buyer_queries"": [{""query"": ""Where is your shop located in Chennai?"", ""category"": ""Logistics"", ""sequence"": 1}, {""query"": ""How many days will it take for installation after placing the order?"", ""category"": ""Delivery"", ""sequence"": 3}], ""seller_queries"": [{""query"": ""What is your location?"", ""category"": ""Logistics"", ""sequence"": 2}]}, ""intended_application"": ""Home Renovation""}, ""products"": [{""in_stock"": ""in stock"", ""product_name"": ""Roller Blinds (Roller Blinds)"", ""specifications"": [{""name"": ""Type"", ""value"": ""Blackout"", ""buyer_requested"": true, ""seller_mentioned"": true}, {""name"": ""Area"", ""unit"": ""sq meters"", ""value"": ""19"", ""buyer_requested"": true, ""seller_mentioned"": false}], ""quantity_required"": {""unit"": ""sq meters"", ""value"": 19}, ""related_categories"": [{""name"": ""Window Blinds"", ""reason"": ""Roller blinds are a specific type of window blind.""}, {""name"": ""Blinds"", ""reason"": ""Generic category for all types of window coverings discussed.""}], ""is_buyer_interested"": true, ""most_specific_category"": {""name"": ""Roller Blinds"", ""reason"": ""The buyer explicitly asked for roller blinds and mentioned a requirement for blackout fabric.""}, ""quantity_accepted_by_seller"": true}], ""call_back"": ""callback by In 1 hour - To provide quote (Ek ghante mein bhejta hoon)"", ""next_steps"": {""buyer_next_steps"": [""To share exact dimensions and window photos on WhatsApp"", ""To consider installing a plywood base for the blinds due to false ceiling""], ""seller_next_steps"": [""To share catalog and blackout fabric options on WhatsApp"", ""To provide a quote based on the 19 sq meter requirement""]}, ""buyer_details"": {""buyer_name"": ""42c428d2ed23461c9e0a60d1ef2ca9cd9ecfb71b9e0d48a8ce43f2ff9c40b8bc"", ""buyer_location"": {""buyer_city"": ""Chennai"", ""buyer_locality"": ""Purasawalkam""}}, ""seller_details"": {""seller_name"": ""fd61ec02e763332c4bf506f69dced65d471b6530e13957b6f6a714df1237968b"", ""seller_location"": {""seller_city"": ""Chennai"", ""seller_locality"": ""T. Nagar""}}, ""minimum_order_quantity"": {}}"
2941661,2958481,4627372,77975,1970-01-01 00:00:00.000,"{""callback"": ""callback by Sometime - To inform about chandelier driver availability (Jhummar ka driver check karke batata hoon)"", ""lead_tag"": {""deal_blockers"": [{""detail"": ""Seller currently does not stock chandelier drivers"", ""category"": ""Availability""}], ""deal_readiness"": ""Cold"", ""deal_readiness_reason"": ""Requirement is currently not in stock with the seller and no concrete alternative was discussed.""}, ""metadata"": {""call_type"": {""type"": ""B2C"", ""reason"": ""The buyer is looking for a specific component for a chandelier, likely for personal repair or small-scale use, and the seller does not stock it."", ""evidence"": {""order_type"": [""one-time""], ""buyer_persona"": {""persona_category"": ""end_consumer""}}}, ""buyer_intent"": {""narrative"": ""Looking for a driver for a chandelier."", ""reasoning"": ""The buyer has a specific part requirement but the conversation was very brief and the seller does not stock the item."", ""intent_level"": ""Low""}, ""call_outcome"": {""category"": ""Lost"", ""conclusion_notes"": ""Seller does not deal in the requested product (Jhummar ka driver toh hum nahi rakhte)""}, ""call_purpose"": ""requirement"", ""all_languages"": [""Hindi"", ""English""], ""primary_language"": ""Hindi"", ""additional_details"": {""buyer_queries"": [{""query"": ""Do you have chandelier drivers?"", ""category"": ""Availability"", ""sequence"": 1}], ""seller_queries"": []}}, ""products"": [{""in_stock"": ""not sold"", ""product_name"": ""Chandelier Driver [Jhummar ka driver]"", ""related_categories"": [{""name"": ""LED Power Supply"", ""reason"": ""Drivers for lighting fixtures often fall under the broader category of power supplies.""}], ""is_buyer_interested"": true, ""most_specific_category"": {""name"": ""LED Driver"", ""reason"": ""The buyer explicitly asked for a 'driver' for a chandelier, which usually refers to an LED or electronic driver.""}}], ""next_steps"": {""buyer_next_steps"": [], ""seller_next_steps"": []}, ""buyer_details"": {""buyer_name"": ""e811eb7830249bae4b61145ae6e5f0933d7f890570d6ead6e78f89f04fd6aeb5""}, ""seller_details"": {""seller_name"": ""5d839ad95b664f81dda650d2aae5df99d6643b6ee59ea7d830d605ca072268c1""}}"
3102754,3119579,4627372,77975,1970-01-01 00:00:00.000,"{""callback"": ""callback by Tomorrow 12 PM - To verify price (Kal 12 baje call karke price confirm karta hoon)"", ""lead_tag"": {""deal_blockers"": [], ""deal_readiness"": ""Warm"", ""deal_readiness_reason"": ""Showed interest in LED drivers and requested to connect on WhatsApp for specifications.""}, ""metadata"": {""call_type"": {""type"": ""B2B"", ""reason"": ""The buyer identified as an industrial supplier from Tirupati and inquired about LED drivers."", ""evidence"": {""keywords"": [""Industrial Suppliers"", ""LED Driver""], ""order_type"": [""commercial""], ""repeat_buyer"": false}}, ""buyer_intent"": {""narrative"": ""Looking for LED drivers and shared WhatsApp details for further communication."", ""reasoning"": ""A specific requirement for LED drivers was mentioned, and a mobile number was shared for further discussion."", ""intent_level"": ""Medium""}, ""call_outcome"": {""category"": ""Follow-up"", ""conclusion_notes"": ""Requested to send details on WhatsApp for further discussion (WhatsApp par details send kijiye baki wahan baat karte hain).""}, ""call_purpose"": ""requirement"", ""all_languages"": [""English"", ""Hindi""], ""primary_language"": ""English"", ""additional_details"": {""buyer_queries"": [{""query"": ""Are LED drivers available?"", ""category"": ""Availability"", ""sequence"": 1}], ""seller_queries"": [{""query"": ""Are you comfortable in English?"", ""category"": ""Specifications"", ""sequence"": 2}]}}, ""products"": [{""in_stock"": ""in stock"", ""product_name"": ""LED Driver"", ""related_categories"": [{""name"": ""AC-DC LED Drivers"", ""reason"": ""LED drivers often include AC-DC conversion types for standard lighting applications.""}, {""name"": ""Waterproof LED Driver"", ""reason"": ""Possible application variation for outdoor or industrial use.""}], ""is_buyer_interested"": true, ""most_specific_category"": {""name"": ""LED Driver"", ""reason"": ""The buyer specifically inquired about LED drivers and the seller confirmed their availability.""}}], ""next_steps"": {""buyer_next_steps"": [""To share product requirements and specs on WhatsApp""], ""seller_next_steps"": [""To provide product catalog and pricing on WhatsApp""]}, ""buyer_details"": {""buyer_name"": ""8a61dfcc763cda5b34302b6e976ce76bbb0b533c152e8e7913d29fbf8253297d""}, ""seller_details"": {""seller_mobile_number"": ""6b26587e2c064f8fd3ce8b78b811b86233167f046c4a5e67fb471289c6ba99e8""}}"
3110479,3127304,4627372,77975,1970-01-01 00:00:00.000,"{""callback"": ""callback by Tomorrow 11 AM - To discuss requirements (Kal subah 11 baje call back karta hoon)"", ""lead_tag"": {""deal_blockers"": [], ""deal_readiness"": ""Warm"", ""deal_readiness_reason"": ""Buyer shared a specific wattage requirement and committed to a follow-up call tomorrow morning.""}, ""metadata"": {""call_type"": {""type"": ""B2B"", ""reason"": ""The discussion involves specific technical lighting components (LED drivers) typically used in commercial or industrial lighting manufacturing."", ""evidence"": {""keywords"": [""LED Driver"", ""30W"", ""900mA""], ""order_type"": [""commercial""]}}, ""buyer_intent"": {""narrative"": ""Needs 30W 900mA LED drivers and will discuss details tomorrow."", ""reasoning"": ""The buyer confirmed a specific specification (30W 900mA) but postponed detailed discussion to a specific time tomorrow."", ""intent_level"": ""Medium""}, ""call_outcome"": {""category"": ""Follow-up"", ""conclusion_notes"": ""A follow-up call is scheduled for tomorrow at 11 AM to discuss requirements (Kal 11 baje detailed baat karenge).""}, ""call_purpose"": ""requirement"", ""all_languages"": [""Hindi"", ""English""], ""primary_language"": ""Hindi"", ""additional_details"": {""buyer_queries"": [], ""seller_queries"": [{""query"": ""Do you need the LED driver in 30W 900mA?"", ""category"": ""Specifications"", ""sequence"": 1}]}}, ""products"": [{""product_name"": ""30W 900mA LED Driver"", ""specifications"": [{""name"": ""Wattage"", ""unit"": ""W"", ""value"": ""30"", ""buyer_requested"": true, ""seller_mentioned"": true}, {""name"": ""Current"", ""unit"": ""mA"", ""value"": ""900"", ""buyer_requested"": true, ""seller_mentioned"": true}], ""related_categories"": [{""name"": ""Lighting Component"", ""reason"": ""An LED driver is a critical component within lighting systems.""}], ""is_buyer_interested"": true, ""most_specific_category"": {""name"": ""LED Driver"", ""reason"": ""The call explicitly mentions a search for an LED driver with specific wattage and current ratings.""}}], ""next_steps"": {""buyer_next_steps"": [""To take the call at 11 AM tomorrow to discuss specifications""], ""seller_next_steps"": [""To call back at 11 AM tomorrow to discuss the requirement details""]}, ""buyer_details"": {""buyer_name"": ""1c56a4109c91546a0222a4a1904cc7bea84b5e2500e1c3eb31eafd1e8513f880""}, ""seller_details"": {""seller_name"": ""5d839ad95b664f81dda650d2aae5df99d6643b6ee59ea7d830d605ca072268c1""}}"
3110825,3127651,4627372,77975,1970-01-01 00:00:00.000,"{""callback"": """", ""lead_tag"": {""deal_blockers"": [], ""deal_readiness"": ""Cold"", ""deal_readiness_reason"": ""The call was not answered and went to voicemail, so no requirements were discussed.""}, ""metadata"": {""call_type"": {""type"": ""B2C"", ""reason"": ""Conversation did not take place; call diverted to voicemail."", ""evidence"": {""keywords"": [], ""order_type"": []}}, ""buyer_intent"": {""narrative"": ""The call went to voicemail and no requirement was discussed."", ""reasoning"": ""No conversation took place as the call was forwarded to voicemail."", ""intent_level"": ""Low""}, ""call_outcome"": {""category"": ""Lost"", ""conclusion_notes"": ""Call was not answered and reached voicemail.""}, ""call_purpose"": ""irrelevant"", ""all_languages"": [""English""], ""primary_language"": ""English"", ""additional_details"": {""buyer_queries"": [], ""seller_queries"": []}}, ""products"": [], ""next_steps"": {""buyer_next_steps"": [], ""seller_next_steps"": []}, ""buyer_details"": {}, ""seller_details"": {}}"
